time,protocol,auvCollectionMedium,energyModel,lowPayloadAtGateway,enableHighFallback,enableMediumFallback,matchHybridQueues,ddnBufferPolicy,nodeIdlePowerW,nodes,sinks,sinkPlacement,trafficLoad,trafficStop,auvSpeedKmh,txPowerMarginDb,ddnEomOffset,ddnDepth,highFallbackTimeout,mediumFallbackTimeout,mediumFallbackRhoMax,generated,gatewayOriginated,reachedDdn,collectedByAuv,delivered,directCriticalToSink,directMediumToSink,directLowToSink,bufferDropped,bufferDroppedHigh,bufferDroppedMedium,bufferDroppedLow,opticalTransfers,opticalAttempted,opticalLost,opticalPending,opticalLossPct,opticalMeanPktSuccess,opticalMeanSnrDb,opticalWaterType,opticalRange,opticalPointingCoherenceSeconds,opticalExtCoeff,acousticTransfers,acousticTxBytes,acousticTxAirtimeS,acousticTxAirtimePct,acousticSourceAttempts,acousticRetransmissions,acousticRetryExhausted,acousticAcks,acousticPending,directSourceAttempts,directRetransmissions,directCyclesExhausted,directAcks,directPending,mobileSourceAttempts,mobileRetransmissions,mobileContactFailures,mobileAcks,mobilePending,auvSurfaceSourceAttempts,auvSurfaceRetransmissions,auvSurfaceContactFailures,auvSurfaceAcks,auvSurfacePending,deadlineExpired,deadlineExpiredHigh,deadlineExpiredMedium,deadlineExpiredLow,highGenerated,mediumGenerated,lowGenerated,highDelivered,mediumDelivered,lowDelivered,highAvgDelay,mediumAvgDelay,lowAvgDelay,highMissRatio,mediumMissRatio,lowMissRatio,highDeadlineMiss,mediumDeadlineMiss,lowDeadlineMiss,energyConsumedJ,highEnergyJ,mediumEnergyJ,lowEnergyJ,bsnEnergyJ,drnEnergyJ,ddnEnergyJ,auvEnergyJ,auvOperationalEnergyJ,submergedEnergyJ,incrementalMissionEnergyJ,sinkEnergyJ,bsnEnergyPct,drnEnergyPct,ddnEnergyPct,auvEnergyPct,sinkEnergyPct,highEnergyMjByte,mediumEnergyMjByte,lowEnergyMjByte,meanDdnBuffered,maxDdnBuffered,meanAuvBuffered,maxAuvBuffered,ddnBuffered,auvBuffered,upstreamPdr,avgDelayAcoustic,pdr,avgDelay,throughputBps,auvX,auvY,auvZ
0.000000,pure-acoustic,none,hardware,1,0,0,0,fifo,0.000500,180,15,hybrid,0.050000,4000.000000,6.087000,52.000000,500.000000,500.000000,2.000000,120.000000,0.000000,0,0,0,0,0,0,0,0,0,0,0,0,0,0,0,0,0.000000,0.000000,0.000000,clear-ocean,30.000000,60.000000,0.151000,0,0,0.000000,0.000000,0,0,0,0,0,0,0,0,0,0,0,0,0,0,0,0,0,0,0,0,0,0,0,0,0,0,0,0,0,0,0.000000,0.000000,0.000000,0.000000,0.000000,0.000000,0,0,0,0.090000,0.000000,0.000000,0.000000,0.068936,0.017234,0.003830,0.000000,0.000000,0.090000,0.090000,0.000000,76.595745,19.148936,4.255319,0.000000,0.000000,0.000000,0.000000,0.000000,0.000000,0,0.000000,0,0,0,0.000000,0.000000,0.000000,0.000000,0.000000,875.000000,0.000000,0.000000
60.000000,pure-acoustic,none,hardware,1,0,0,0,fifo,0.000500,180,15,hybrid,0.050000,4000.000000,6.087000,52.000000,500.000000,500.000000,2.000000,120.000000,0.000000,4,3,4,0,2,0,1,1,0,0,0,0,0,0,0,0,0.000000,0.000000,0.000000,clear-ocean,30.000000,60.000000,0.151000,17,51465,13.196154,21.993590,1,0,0,1,0,3,0,0,2,2,0,0,0,0,0,0,0,0,0,0,0,0,0,0,0,1,3,0,1,1,0.000000,1.094589,8.411026,0.000000,0.000000,66.666667,0,0,0,119.450821,0.000000,1.691641,112.359179,5.038068,1.094966,104.609685,0.000000,0.000000,110.742718,119.450821,8.708103,4.217692,0.916666,87.575526,0.000000,7.290115,0.000000,6.607973,4.494367,0.066667,1,0.000000,0,0,0,100.000000,0.456410,50.000000,4.752807,3367.466667,961.106716,-0.000000,11.852388
120.000000,pure-acoustic,none,hardware,1,0,0,0,fifo,0.000500,180,15,hybrid,0.050000,4000.000000,6.087000,52.000000,500.000000,500.000000,2.000000,120.000000,0.000000,5,4,5,0,5,0,1,4,0,0,0,0,0,0,0,0,0.000000,0.000000,0.000000,clear-ocean,30.000000,60.000000,0.151000,45,152613,39.131538,32.609615,1,0,0,1,0,7,2,0,5,0,0,0,0,0,0,0,0,0,0,0,0,0,0,0,0,1,4,0,1,4,0.000000,1.094589,26.969335,0.000000,0.000000,0.000000,0,0,0,353.285897,0.000000,1.691641,340.794256,9.174238,2.129008,312.332395,0.000000,0.000000,323.635641,353.285897,29.650256,2.596831,0.602630,88.407830,0.000000,8.392709,0.000000,6.607973,3.407943,0.041667,1,0.000000,0,0,0,100.000000,0.456410,100.000000,21.794386,6683.733333,1047.213432,-0.000000,46.285720
180.000000,pure-acoustic,none,hardware,1,0,0,0,fifo,0.000500,180,15,hybrid,0.050000,4000.000000,6.087000,52.000000,500.000000,500.000000,2.000000,120.000000,0.000000,5,4,5,0,5,0,1,4,0,0,0,0,0,0,0,0,0.000000,0.000000,0.000000,clear-ocean,30.000000,60.000000,0.151000,45,152613,39.131538,21.739744,1,0,0,1,0,7,2,0,5,0,0,0,0,0,0,0,0,0,0,0,0,0,0,0,0,1,4,0,1,4,0.000000,1.094589,26.969335,0.000000,0.000000,0.000000,0,0,0,358.685897,0.000000,1.691641,340.794256,13.310408,3.163051,312.562182,0.000000,0.000000,329.035641,358.685897,29.650256,3.710881,0.881844,87.140918,0.000000,8.266357,0.000000,6.607973,3.407943,0.027778,1,0.000000,0,0,0,100.000000,0.456410,100.000000,21.794386,4455.822222,1133.320148,-0.000000,100.035057
240.000000,pure-acoustic,none,hardware,1,0,0,0,fifo,0.000500,180,15,hybrid,0.050000,4000.000000,6.087000,52.000000,500.000000,500.000000,2.000000,120.000000,0.000000,5,4,5,0,5,0,1,4,0,0,0,0,0,0,0,0,0.000000,0.000000,0.000000,clear-ocean,30.000000,60.000000,0.151000,45,152613,39.131538,16.304808,1,0,0,1,0,7,2,0,5,0,0,0,0,0,0,0,0,0,0,0,0,0,0,0,0,1,4,0,1,4,0.000000,1.094589,26.969335,0.000000,0.000000,0.000000,0,0,0,364.085897,0.000000,1.691641,340.794256,17.446578,4.197093,312.791969,0.000000,0.000000,334.435641,364.085897,29.650256,4.791885,1.152776,85.911586,0.000000,8.143753,0.000000,6.607973,3.407943,0.020833,1,0.000000,0,0,0,100.000000,0.456410,100.000000,21.794386,3341.866667,1219.426865,-0.000000,168.003936
300.000000,pure-acoustic,none,hardware,1,0,0,0,fifo,0.000500,180,15,hybrid,0.050000,4000.000000,6.087000,52.000000,500.000000,500.000000,2.000000,120.000000,0.000000,6,5,6,0,5,0,1,4,0,0,0,0,0,0,0,0,0.000000,0.000000,0.000000,clear-ocean,30.000000,60.000000,0.151000,46,156750,40.192308,13.397436,1,0,0,1,0,8,2,0,5,1,0,0,0,0,0,0,0,0,0,0,0,0,0,0,0,1,5,0,1,4,0.000000,1.094589,26.969335,0.000000,0.000000,20.000000,0,0,0,377.972051,0.000000,1.691641,349.280410,21.582748,5.231136,321.507911,0.000000,0.000000,348.321795,377.972051,29.650256,5.710144,1.384001,85.061292,0.000000,7.844563,0.000000,6.607973,3.492804,0.020000,1,0.000000,0,0,0,100.000000,0.456410,83.333333,21.794386,2673.493333,1305.533581,-0.000000,243.747609
360.000000,pure-acoustic,none,hardware,1,0,0,0,fifo,0.000500,180,15,hybrid,0.050000,4000.000000,6.087000,52.000000,500.000000,500.000000,2.000000,120.000000,0.000000,7,5,7,0,7,0,2,5,0,0,0,0,0,0,0,0,0.000000,0.000000,0.000000,clear-ocean,30.000000,60.000000,0.151000,57,179385,45.996154,12.776709,2,0,0,2,0,9,2,0,7,0,0,0,0,0,0,0,0,0,0,0,0,0,0,0,0,2,5,0,2,5,0.000000,1.634220,23.194158,0.000000,0.000000,0.000000,0,0,0,434.872692,0.000000,4.584487,397.888205,27.100585,6.996255,365.811954,0.000000,0.000000,399.908795,434.872692,34.963897,6.231843,1.608805,84.119321,0.000000,8.040031,0.000000,8.954077,3.183106,0.019444,1,0.000000,0,0,0,100.000000,0.777949,100.000000,17.034176,2789.155556,1391.640297,-0.000000,320.084127
420.000000,pure-acoustic,none,hardware,1,0,0,0,fifo,0.000500,180,15,hybrid,0.050000,4000.000000,6.087000,52.000000,500.000000,500.000000,2.000000,120.000000,0.000000,9,7,9,0,8,0,2,6,0,0,0,0,0,0,0,0,0.000000,0.000000,0.000000,clear-ocean,30.000000,60.000000,0.151000,65,208809,53.540769,12.747802,2,0,0,2,0,11,2,0,8,1,0,0,0,0,0,0,0,0,0,0,0,0,0,0,0,2,7,0,2,6,0.000000,1.634220,20.788853,0.000000,0.000000,14.285714,0,0,0,505.852795,0.000000,4.584487,463.468308,31.236756,8.030298,426.401947,0.000000,0.000000,465.669000,505.852795,40.183795,6.175068,1.587477,84.293682,0.000000,7.943772,0.000000,8.954077,3.089789,0.023810,2,0.000000,0,0,0,100.000000,0.777949,88.888889,16.000195,2866.895238,1477.747013,-0.000000,389.775332
480.000000,pure-acoustic,none,hardware,1,0,0,0,fifo,0.000500,180,15,hybrid,0.050000,4000.000000,6.087000,52.000000,500.000000,500.000000,2.000000,120.000000,0.000000,15,12,15,0,13,0,3,10,0,0,0,0,0,0,0,0,0.000000,0.000000,0.000000,clear-ocean,30.000000,60.000000,0.151000,105,325041,83.343846,17.363301,4,1,0,3,0,16,2,0,13,2,0,0,0,0,0,0,0,0,0,0,0,0,0,0,0,3,12,0,3,10,0.000000,6.346064,16.673646,0.000000,0.000000,16.666667,0,0,0,772.106436,0.000000,9.906641,718.999795,37.173439,11.805879,660.272759,0.000000,0.000000,709.252077,772.106436,62.854359,4.814548,1.529048,85.515769,0.000000,8.140634,0.000000,12.899272,2.875999,0.033333,2,0.000000,0,0,0,100.000000,5.289045,86.666667,14.290358,4179.466667,1563.853729,-0.000000,446.213164
540.000000,pure-acoustic,none,hardware,1,0,0,0,fifo,0.000500,180,15,hybrid,0.050000,4000.000000,6.087000,52.000000,500.000000,500.000000,2.000000,120.000000,0.000000,16,13,16,0,13,0,3,10,0,0,0,0,0,0,0,0,0.000000,0.000000,0.000000,clear-ocean,30.000000,60.000000,0.151000,127,405039,103.856154,19.232621,4,1,0,3,0,19,5,0,13,3,0,0,0,0,0,0,0,0,0,0,0,0,0,0,0,3,13,0,3,10,0.000000,6.346064,16.673646,0.000000,0.000000,23.076923,0,0,0,956.222128,0.000000,9.906641,897.715487,41.309609,12.839921,824.601008,0.000000,0.000000,878.750538,956.222128,77.471590,4.320085,1.342776,86.235299,0.000000,8.101840,0.000000,12.899272,3.590862,0.031481,2,0.000000,0,0,0,100.000000,5.289045,81.250000,14.290358,3715.081481,1649.960445,-0.000000,484.046240
600.000000,pure-acoustic,none,hardware,1,0,0,0,fifo,0.000500,180,15,hybrid,0.050000,4000.000000,6.087000,52.000000,500.000000,500.000000,2.000000,120.000000,0.000000,22,18,22,0,18,0,4,14,0,0,0,0,0,0,0,0,0.000000,0.000000,0.000000,clear-ocean,30.000000,60.000000,0.151000,169,537561,137.836154,22.972692,5,1,0,4,0,25,6,0,18,4,0,0,0,0,0,0,0,0,0,0,0,0,0,0,0,4,18,0,4,14,0.000000,9.228801,25.129776,0.000000,0.000000,22.222222,0,0,0,1259.252590,0.000000,12.568077,1192.684513,47.307215,13.934887,1094.283103,0.000000,0.000000,1155.525205,1259.252590,103.727385,3.756769,1.106600,86.899413,0.000000,8.237218,0.000000,12.273513,3.407670,0.038333,2,0.000000,0,0,0,100.000000,4.194989,81.818182,21.596226,4680.320000,1736.067161,-0.000000,499.687261
660.000000,pure-acoustic,none,hardware,1,0,0,0,fifo,0.000500,180,15,hybrid,0.050000,4000.000000,6.087000,52.000000,500.000000,500.000000,2.000000,120.000000,0.000000,26,21,26,0,19,0,4,15,0,0,0,0,0,0,0,0,0.000000,0.000000,0.000000,clear-ocean,30.000000,60.000000,0.151000,197,634701,162.743846,24.658159,6,1,0,5,0,29,8,1,19,7,0,0,0,0,0,0,0,0,0,0,0,0,0,0,0,5,21,0,4,15,0.000000,9.228801,29.005622,0.000000,20.000000,28.571429,0,0,0,1479.479026,0.000000,13.754103,1406.324923,51.865513,15.700007,1292.592070,0.000000,0.000000,1360.157590,1479.479026,119.321436,3.505661,1.061185,87.368056,0.000000,8.065098,0.000000,13.431741,3.750200,0.042424,2,0.000000,0,0,0,100.000000,3.484606,73.076923,24.842081,4557.866667,1822.173878,0.000000,491.653159
720.000000,pure-acoustic,none,hardware,1,0,0,0,fifo,0.000500,180,15,hybrid,0.050000,4000.000000,6.087000,52.000000,500.000000,500.000000,2.000000,120.000000,0.000000,29,23,29,0,20,0,4,16,0,0,0,0,0,0,0,0,0.000000,0.000000,0.000000,clear-ocean,30.000000,60.000000,0.151000,223,715479,183.456154,25.480021,7,1,0,6,0,32,10,1,20,9,0,0,0,0,0,0,0,0,0,0,0,0,0,0,1,5,23,0,4,16,0.000000,9.228801,32.092303,100.000000,20.000000,30.434783,0,0,0,1667.193256,0.720590,13.754103,1587.918564,56.153043,17.229434,1457.951293,0.000000,0.000000,1531.333769,1667.193256,135.859487,3.368118,1.033440,87.449448,0.000000,8.148995,0.000000,13.431741,3.969796,0.043056,2,0.000000,0,0,0,100.000000,3.030933,68.965517,27.519602,4455.822222,1908.280594,0.000000,460.705721
780.000000,pure-acoustic,none,hardware,1,0,0,0,fifo,0.000500,180,15,hybrid,0.050000,4000.000000,6.087000,52.000000,500.000000,500.000000,2.000000,120.000000,0.000000,34,27,34,0,31,0,6,25,0,0,0,0,0,0,0,0,0.000000,0.000000,0.000000,clear-ocean,30.000000,60.000000,0.151000,307,995715,255.311538,32.732249,8,1,0,7,0,45,12,1,31,3,0,0,0,0,0,0,0,0,0,0,0,0,0,0,1,6,27,0,6,25,0.000000,29.471802,55.384752,100.000000,0.000000,7.407407,0,0,0,2299.446282,0.720590,17.832974,2210.692718,62.150649,18.994553,2030.087952,0.000000,0.000000,2111.233154,2299.446282,188.213128,2.702853,0.826049,88.285948,0.000000,8.185150,0.000000,11.610009,3.537108,0.046154,2,0.000000,0,0,0,100.000000,2.787613,91.176471,50.369342,6426.010256,1994.387310,0.000000,409.779355
840.000000,pure-acoustic,none,hardware,1,0,0,0,fifo,0.000500,180,15,hybrid,0.050000,4000.000000,6.087000,52.000000,500.000000,500.000000,2.000000,120.000000,0.000000,37,27,37,0,37,1,9,27,0,0,0,0,0,0,0,0,0.000000,0.000000,0.000000,clear-ocean,30.000000,60.000000,0.151000,334,1049958,269.220000,32.050000,11,1,0,10,0,51,13,1,37,0,0,0,0,0,0,0,0,0,0,0,0,0,0,0,1,9,27,1,9,27,114.571110,20.291470,58.907855,0.000000,0.000000,0.000000,0,0,0,2426.232974,0.993615,24.758744,2324.880615,69.472280,21.551673,2136.220508,0.000000,0.000000,2227.244462,2426.232974,198.988513,2.863380,0.888277,88.046801,0.000000,8.201542,15.525240,10.745982,3.444268,0.046429,2,0.000000,0,0,0,100.000000,2.194047,100.000000,51.019092,6451.123810,2080.494026,0.000000,343.702853
900.000000,pure-acoustic,none,hardware,1,0,0,0,fifo,0.000500,180,15,hybrid,0.050000,4000.000000,6.087000,52.000000,500.000000,500.000000,2.000000,120.000000,0.000000,43,31,41,0,41,1,9,31,0,0,0,0,0,0,0,0,0.000000,0.000000,0.000000,clear-ocean,30.000000,60.000000,0.151000,367,1152591,295.536154,32.837350,13,1,0,10,2,55,13,1,41,0,0,0,0,0,0,0,0,0,0,0,0,0,0,0,1,11,31,1,9,31,114.571110,20.291470,52.399478,0.000000,18.181818,0.000000,0,0,0,2662.285769,0.993615,27.035744,2553.256410,75.885451,22.585715,2343.946501,0.000000,0.000000,2442.417667,2662.285769,219.868103,2.850387,0.848358,88.042633,0.000000,8.258621,15.525240,11.734264,3.294524,0.047778,2,0.000000,0,0,0,95.348837,2.194047,95.348837,46.867760,6909.937778,2166.600742,0.000000,268.741531
960.000000,pure-acoustic,none,hardware,1,0,0,0,fifo,0.000500,180,15,hybrid,0.050000,4000.000000,6.087000,52.000000,500.000000,500.000000,2.000000,120.000000,0.000000,46,33,46,0,46,2,11,33,0,0,0,0,0,0,0,0,0.000000,0.000000,0.000000,clear-ocean,30.000000,60.000000,0.151000,399,1230951,315.628462,32.877965,16,3,0,13,0,61,14,1,46,0,0,0,0,0,0,0,0,0,0,0,0,0,0,0,2,11,33,2,11,33,69.112158,19.338956,50.975789,0.000000,0.000000,0.000000,0,0,0,2841.982615,1.878897,30.898795,2722.804923,82.626159,24.000065,2501.316801,0.000000,0.000000,2607.943026,2841.982615,234.039590,2.907342,0.844483,88.013093,0.000000,8.235082,14.678886,10.972583,3.300370,0.050000,2,0.000000,0,0,0,100.000000,3.889739,100.000000,44.198997,6899.533333,2252.707458,0.000000,192.003154
1020.000000,pure-acoustic,none,hardware,1,0,0,0,fifo,0.000500,180,15,hybrid,0.050000,4000.000000,6.087000,52.000000,500.000000,500.000000,2.000000,120.000000,0.000000,50,36,50,0,49,3,11,35,0,0,0,0,0,0,0,0,0.000000,0.000000,0.000000,clear-ocean,30.000000,60.000000,0.151000,423,1294671,331.966923,32.545777,18,4,0,14,0,65,14,1,49,1,0,0,0,0,0,0,0,0,0,0,0,0,0,0,3,11,36,3,11,35,50.941107,19.338956,48.539079,0.000000,0.000000,2.777778,0,0,0,2989.493128,3.494436,30.898795,2863.299897,87.061765,26.003339,2631.045665,0.000000,0.000000,2744.110769,2989.493128,245.382359,2.912258,0.869824,88.009758,0.000000,8.208159,18.200187,10.972583,3.272343,0.050980,2,0.000000,0,0,0,100.000000,4.614302,98.000000,42.131012,6886.337255,2338.814174,0.000000,120.763985
1080.000000,pure-acoustic,none,hardware,1,0,0,0,fifo,0.000500,180,15,hybrid,0.050000,4000.000000,6.087000,52.000000,500.000000,500.000000,2.000000,120.000000,0.000000,53,36,53,0,53,5,12,36,0,0,0,0,0,0,0,0,0.000000,0.000000,0.000000,clear-ocean,30.000000,60.000000,0.151000,442,1309890,335.869231,31.099003,21,4,0,17,0,68,14,1,53,0,0,0,0,0,0,0,0,0,0,0,0,0,0,0,5,12,36,5,12,36,31.254275,17.907888,47.429178,0.000000,0.000000,0.000000,0,0,0,3030.712231,5.923205,33.502256,2894.086769,92.601243,29.192458,2658.962427,0.000000,0.000000,2780.756128,3030.712231,249.956103,3.055428,0.963221,87.733913,0.000000,8.247438,18.510016,10.905682,3.215652,0.050926,2,0.000000,0,0,0,100.000000,3.963875,100.000000,39.219178,6691.792593,2424.920891,0.000000,61.778860
1140.000000,pure-acoustic,none,hardware,1,0,0,0,fifo,0.000500,180,15,hybrid,0.050000,4000.000000,6.087000,52.000000,500.000000,500.000000,2.000000,120.000000,0.000000,58,39,58,0,58,5,14,39,0,0,0,0,0,0,0,0,0.000000,0.000000,0.000000,clear-ocean,30.000000,60.000000,0.151000,482,1414602,362.718462,31.817409,24,5,0,19,0,74,15,1,58,0,0,0,0,0,0,0,0,0,0,0,0,0,0,0,5,14,39,5,14,39,31.254275,17.677034,45.190823,0.000000,0.000000,0.000000,0,0,0,3270.015179,5.923205,39.914128,3121.577846,100.879131,31.018501,2867.975804,0.000000,0.000000,2999.873436,3270.015179,270.141744,3.084974,0.948574,87.705275,0.000000,8.261177,18.510016,11.136755,3.201618,0.052632,2,0.000000,0,0,0,100.000000,4.292238,100.000000,37.348137,6869.501754,2511.027607,0.000000,20.640695
1200.000000,pure-acoustic,none,hardware,1,0,0,0,fifo,0.000500,180,15,hybrid,0.050000,4000.000000,6.087000,52.000000,500.000000,500.000000,2.000000,120.000000,0.000000,61,41,61,0,60,5,15,40,0,0,0,0,0,0,0,0,0.000000,0.000000,0.000000,clear-ocean,30.000000,60.000000,0.151000,492,1440780,369.430769,30.785897,25,5,0,20,0,76,15,1,60,0,0,0,0,0,0,0,0,0,0,0,0,0,0,0,5,15,41,5,15,40,31.254275,16.612535,44.276982,0.000000,0.000000,2.439024,0,0,0,3334.200769,5.923205,41.605769,3178.671795,105.917199,32.113466,2920.714719,0.000000,0.000000,3058.745385,3334.200769,275.455385,3.176689,0.963153,87.598646,0.000000,8.261512,18.510016,10.834836,3.178672,0.051667,2,0.000000,0,1,0,100.000000,4.100446,98.360656,36.275644,6694.400000,2597.134323,0.000000,1.250174
1260.000000,pure-acoustic,none,hardware,1,0,0,0,fifo,0.000500,180,15,hybrid,0.050000,4000.000000,6.087000,52.000000,500.000000,500.000000,2.000000,120.000000,0.000000,65,43,65,0,65,6,16,43,0,0,0,0,0,0,0,0,0.000000,0.000000,0.000000,clear-ocean,30.000000,60.000000,0.151000,528,1543344,395.729231,31.407082,28,6,0,22,0,82,16,1,65,0,0,0,0,0,0,0,0,0,0,0,0,0,0,0,6,16,43,6,16,43,32.512560,15.701928,43.078926,0.000000,0.000000,0.000000,0,0,0,3569.939923,6.879000,43.498051,3406.162872,111.114164,33.900124,3129.323993,0.000000,0.000000,3274.338282,3569.939923,295.601641,3.112494,0.949599,87.657609,0.000000,8.280297,17.914062,10.619641,3.168524,0.053175,2,0.000000,0,0,0,100.000000,4.342044,100.000000,35.364616,6853.841270,2683.241039,-0.000000,5.445889
1320.000000,pure-acoustic,none,hardware,1,0,0,0,fifo,0.000500,180,15,hybrid,0.050000,4000.000000,6.087000,52.000000,500.000000,500.000000,2.000000,120.000000,0.000000,68,46,68,0,68,6,16,46,0,0,0,0,0,0,0,0,0.000000,0.000000,0.000000,clear-ocean,30.000000,60.000000,0.151000,556,1644492,421.664615,31.944289,28,6,0,22,0,86,17,1,68,0,0,0,0,0,0,0,0,0,0,0,0,0,0,0,6,16,46,6,16,46,32.512560,15.701928,41.235269,0.000000,0.000000,0.000000,0,0,0,3802.831000,6.879000,43.498051,3633.653949,115.250334,34.934167,3337.046704,0.000000,0.000000,3487.231205,3802.831000,315.599795,3.030646,0.918636,87.751644,0.000000,8.299075,17.914062,10.619641,3.159699,0.053030,2,0.000000,0,0,0,100.000000,4.342044,100.000000,34.457773,6996.848485,2769.347755,-0.000000,32.830006
1380.000000,pure-acoustic,none,hardware,1,0,0,0,fifo,0.000500,180,15,hybrid,0.050000,4000.000000,6.087000,52.000000,500.000000,500.000000,2.000000,120.000000,0.000000,74,48,72,0,70,6,17,47,0,0,0,0,0,0,0,0,0.000000,0.000000,0.000000,clear-ocean,30.000000,60.000000,0.151000,591,1715895,439.973077,31.882107,33,7,0,24,2,90,18,1,70,2,0,0,0,0,0,0,0,0,0,0,0,0,0,0,7,19,48,6,17,47,32.512560,14.891815,40.534244,14.285714,10.526316,2.083333,0,0,0,3963.567154,7.649000,50.816410,3780.901744,123.344607,39.244517,3475.726132,0.000000,0.000000,3638.315256,3963.567154,325.251897,3.111960,0.990131,87.691869,0.000000,8.206040,19.919271,11.676565,3.217789,0.053623,2,0.000000,0,0,0,97.297297,4.079609,94.594595,33.619224,6839.049275,2855.454471,-0.000000,80.805987
1440.000000,pure-acoustic,none,hardware,1,0,0,0,fifo,0.000500,180,15,hybrid,0.050000,4000.000000,6.087000,52.000000,500.000000,500.000000,2.000000,120.000000,0.000000,77,49,77,0,77,9,19,49,0,0,0,0,0,0,0,0,0.000000,0.000000,0.000000,clear-ocean,30.000000,60.000000,0.151000,631,1778775,456.096154,31.673344,38,10,0,28,0,97,19,1,77,0,0,0,0,0,0,0,0,0,0,0,0,0,0,0,9,19,49,9,19,49,30.677029,16.451953,40.007247,0.000000,0.000000,0.000000,0,0,0,4111.693564,11.172410,54.415513,3916.505641,130.651906,41.785021,3599.724535,0.000000,0.000000,3772.161462,4111.693564,339.532103,3.177569,1.016248,87.548463,0.000000,8.257719,19.396546,11.187400,3.197147,0.054861,2,0.000000,0,0,0,100.000000,5.475609,100.000000,33.104357,6835.777778,2941.561187,-0.000000,144.824794
1500.000000,pure-acoustic,none,hardware,1,0,0,0,fifo,0.000500,180,15,hybrid,0.050000,4000.000000,6.087000,52.000000,500.000000,500.000000,2.000000,120.000000,0.000000,81,52,81,0,80,10,19,51,0,0,0,0,0,0,0,0,0.000000,0.000000,0.000000,clear-ocean,30.000000,60.000000,0.151000,649,1837833,471.239231,31.415949,39,10,0,29,0,101,19,1,80,1,0,0,0,0,0,0,0,0,0,0,0,0,0,0,10,19,52,10,19,51,27.735129,16.451953,38.768906,0.000000,0.000000,1.923077,0,0,0,4248.722256,11.640897,54.415513,4047.665846,134.939435,42.840602,3720.915963,0.000000,0.000000,3898.696000,4248.722256,350.026256,3.176000,1.008317,87.577294,0.000000,8.238389,18.188902,11.187400,3.174640,0.055333,2,0.000000,0,0,0,100.000000,5.291269,98.765432,32.089407,6829.354667,3027.667904,-0.000000,218.816219
1560.000000,pure-acoustic,none,hardware,1,0,0,0,fifo,0.000500,180,15,hybrid,0.050000,4000.000000,6.087000,52.000000,500.000000,500.000000,2.000000,120.000000,0.000000,84,54,84,0,81,10,19,52,0,0,0,0,0,0,0,0,0.000000,0.000000,0.000000,clear-ocean,30.000000,60.000000,0.151000,672,1906608,488.873846,31.338067,40,10,0,30,0,103,20,1,81,3,0,0,0,0,0,0,0,0,0,0,0,0,0,0,10,20,54,10,19,52,27.735129,16.451953,38.178307,0.000000,5.000000,3.703704,0,0,0,4408.617538,11.640897,56.370692,4200.205949,140.937041,43.935568,3859.821853,0.000000,0.000000,4044.694462,4408.617538,363.923077,3.196853,0.996584,87.551751,0.000000,8.254812,18.188902,11.589369,3.230928,0.055128,2,0.000000,0,0,0,100.000000,5.145320,96.428571,31.792721,6694.892308,3113.774620,-0.000000,295.764462
1620.000000,pure-acoustic,none,hardware,1,0,0,0,fifo,0.000500,180,15,hybrid,0.050000,4000.000000,6.087000,52.000000,500.000000,500.000000,2.000000,120.000000,0.000000,86,56,86,0,85,10,20,55,0,0,0,0,0,0,0,0,0.000000,0.000000,0.000000,clear-ocean,30.000000,60.000000,0.151000,701,2008053,514.885385,31.783048,40,10,0,30,0,108,21,1,85,1,0,0,0,0,0,0,0,0,0,0,0,0,0,0,10,20,56,10,20,55,27.735129,16.650313,37.990029,0.000000,0.000000,1.785714,0,0,0,4642.214872,11.640897,57.076949,4427.697026,145.073211,44.969610,4068.157076,0.000000,0.000000,4258.199897,4642.214872,384.014974,3.125086,0.968710,87.633968,0.000000,8.272236,18.188902,11.147842,3.220143,0.054938,2,0.000000,0,0,0,100.000000,5.145320,98.837209,31.762461,6818.567901,3199.881336,-0.000000,368.373360
1680.000000,pure-acoustic,none,hardware,1,0,0,0,fifo,0.000500,180,15,hybrid,0.050000,4000.000000,6.087000,52.000000,500.000000,500.000000,2.000000,120.000000,0.000000,87,56,87,0,85,10,20,55,0,0,0,0,0,0,0,0,0.000000,0.000000,0.000000,clear-ocean,30.000000,60.000000,0.151000,726,2084334,534.444615,31.812179,41,10,0,31,0,111,24,1,85,2,0,0,0,0,0,0,0,0,0,0,0,0,0,0,11,20,56,10,20,55,27.735129,16.650313,37.990029,9.090909,0.000000,1.785714,0,0,0,4817.065462,12.463795,57.076949,4596.324718,149.699971,46.262115,4224.073017,0.000000,0.000000,4420.035103,4817.065462,397.030359,3.107701,0.960380,87.689757,0.000000,8.242162,19.474679,11.147842,3.342782,0.053571,2,0.000000,0,0,0,100.000000,5.002105,97.701149,31.762461,6575.047619,3285.988052,-0.000000,429.758202
1740.000000,pure-acoustic,none,hardware,1,0,0,0,fifo,0.000500,180,15,hybrid,0.050000,4000.000000,6.087000,52.000000,500.000000,500.000000,2.000000,120.000000,0.000000,89,57,89,0,87,11,20,56,0,0,0,0,0,0,0,0,0.000000,0.000000,0.000000,clear-ocean,30.000000,60.000000,0.151000,747,2148315,550.850000,31.658046,42,10,0,32,0,115,25,2,87,2,0,0,0,0,0,0,0,0,0,0,0,0,0,0,11,21,57,11,20,56,29.290413,16.650313,38.980770,0.000000,4.761905,1.754386,0,0,0,4958.210256,12.736821,58.974154,4729.899282,154.258270,48.697388,4353.798599,0.000000,0.000000,4556.754256,4958.210256,401.456000,3.111168,0.982157,87.809882,0.000000,8.096793,18.092075,11.518389,3.378499,0.053448,2,0.000000,0,0,0,100.000000,4.878850,97.752809,32.622114,6463.558621,3372.094768,-0.000000,474.098532
1800.000000,pure-acoustic,none,hardware,1,0,0,0,fifo,0.000500,180,15,hybrid,0.050000,4000.000000,6.087000,52.000000,500.000000,500.000000,2.000000,120.000000,0.000000,91,58,91,0,91,11,22,58,0,0,0,0,0,0,0,0,0.000000,0.000000,0.000000,clear-ocean,30.000000,60.000000,0.151000,764,2188260,561.092308,31.171795,43,10,0,33,0,118,25,2,91,0,0,0,0,0,0,0,0,0,0,0,0,0,0,0,11,22,58,11,22,58,29.290413,15.904144,38.261018,0.000000,0.000000,0.000000,0,0,0,5056.129179,12.736821,62.763641,4818.628718,159.296337,51.132661,4433.616899,0.000000,0.000000,4644.045897,5056.129179,412.083282,3.150559,1.011301,87.687967,0.000000,8.150173,18.092075,11.144112,3.323192,0.052778,2,0.000000,0,0,0,100.000000,4.769980,100.000000,31.771701,6472.604444,3458.201484,-0.000000,497.190040
1860.000000,pure-acoustic,none,hardware,1,0,0,0,fifo,0.000500,180,15,hybrid,0.050000,4000.000000,6.087000,52.000000,500.000000,500.000000,2.000000,120.000000,0.000000,94,59,94,0,94,11,24,59,0,0,0,0,0,0,0,0,0.000000,0.000000,0.000000,clear-ocean,30.000000,60.000000,0.151000,780,2216220,568.261538,30.551696,45,10,0,35,0,121,25,2,94,0,0,0,0,0,0,0,0,0,0,0,0,0,0,0,11,24,59,11,24,59,29.290413,14.736348,37.754054,0.000000,0.000000,0.000000,0,0,0,5124.119436,12.736821,68.259949,4875.722667,165.236302,54.299011,4487.093456,0.000000,0.000000,4706.628769,5124.119436,417.490667,3.224677,1.059675,87.568089,0.000000,8.147559,18.092075,11.110018,3.305575,0.052688,2,0.000000,0,0,0,100.000000,4.559051,100.000000,30.886767,6373.539785,3544.308200,0.000000,496.843209
1920.000000,pure-acoustic,none,hardware,1,0,0,0,fifo,0.000500,180,15,hybrid,0.050000,4000.000000,6.087000,52.000000,500.000000,500.000000,2.000000,120.000000,0.000000,95,60,95,0,95,11,24,60,0,0,0,0,0,0,0,0,0.000000,0.000000,0.000000,clear-ocean,30.000000,60.000000,0.151000,787,2241507,574.745385,29.934655,45,10,0,35,0,122,25,2,95,0,0,0,0,0,0,0,0,0,0,0,0,0,0,0,11,24,60,11,24,60,29.290413,14.736348,37.271693,0.000000,0.000000,0.000000,0,0,0,5186.613385,12.736821,68.259949,4932.816615,169.372472,55.333054,4539.197294,0.000000,0.000000,4763.902821,5186.613385,422.710564,3.265570,1.066844,87.517556,0.000000,8.150030,18.092075,11.110018,3.288544,0.051562,2,0.000000,0,0,0,100.000000,4.559051,100.000000,30.654405,6278.533333,3630.414917,0.000000,473.090927
1980.000000,pure-acoustic,none,hardware,1,0,0,0,fifo,0.000500,180,15,hybrid,0.050000,4000.000000,6.087000,52.000000,500.000000,500.000000,2.000000,120.000000,0.000000,100,65,100,0,97,11,24,62,0,0,0,0,0,0,0,0,0.000000,0.000000,0.000000,clear-ocean,30.000000,60.000000,0.151000,817,2350929,602.802308,30.444561,45,10,0,35,0,127,27,2,97,3,0,0,0,0,0,0,0,0,0,0,0,0,0,0,11,24,65,11,24,62,29.290413,14.736348,37.556003,0.000000,0.000000,4.615385,0,0,0,5434.743436,12.736821,68.259949,5175.546667,173.508643,56.367097,4763.889030,0.000000,0.000000,4993.764769,5434.743436,440.978667,3.192582,1.037162,87.656190,0.000000,8.114066,18.092075,11.110018,3.339062,0.052525,2,0.000000,0,0,0,100.000000,4.559051,97.000000,30.972568,6290.294949,3716.521633,0.000000,428.185362
2040.000000,pure-acoustic,none,hardware,1,0,0,0,fifo,0.000500,180,15,hybrid,0.050000,4000.000000,6.087000,52.000000,500.000000,500.000000,2.000000,120.000000,0.000000,103,67,103,0,100,11,24,65,0,0,0,0,0,0,0,0,0.000000,0.000000,0.000000,clear-ocean,30.000000,60.000000,0.151000,856,2470872,633.556923,31.056712,47,11,0,36,0,131,28,2,100,3,0,0,0,0,0,0,0,0,0,0,0,0,0,0,11,25,67,11,24,65,29.290413,14.736348,38.038163,0.000000,4.000000,2.985075,0,0,0,5709.714974,12.736821,71.103487,5442.274667,180.404864,57.462062,5006.532766,0.000000,0.000000,5244.399692,5709.714974,465.315282,3.159612,1.006391,87.684460,0.000000,8.149536,18.092075,11.572833,3.349092,0.052451,2,0.000000,0,0,0,100.000000,4.803718,97.087379,31.483475,6399.403922,3802.628349,0.000000,366.384420
2100.000000,pure-acoustic,none,hardware,1,0,0,0,fifo,0.000500,180,15,hybrid,0.050000,4000.000000,6.087000,52.000000,500.000000,500.000000,2.000000,120.000000,0.000000,106,68,106,0,106,11,27,68,0,0,0,0,0,0,0,0,0.000000,0.000000,0.000000,clear-ocean,30.000000,60.000000,0.151000,885,2549109,653.617692,31.124652,49,11,0,38,0,137,29,2,106,0,0,0,0,0,0,0,0,0,0,0,0,0,0,0,11,27,68,11,27,68,29.290413,14.466080,38.106689,0.000000,0.000000,0.000000,0,0,0,5891.367410,12.736821,76.074077,5613.556513,185.865060,59.958259,5164.287887,0.000000,0.000000,5410.111205,5891.367410,481.256205,3.154871,1.017731,87.658561,0.000000,8.168837,18.092075,11.006088,3.302092,0.052381,2,0.000000,0,0,0,100.000000,4.590743,100.000000,31.170128,6505.203810,3888.735065,0.000000,293.548012
2160.000000,pure-acoustic,none,hardware,1,0,0,0,fifo,0.000500,180,15,hybrid,0.050000,4000.000000,6.087000,52.000000,500.000000,500.000000,2.000000,120.000000,0.000000,109,69,109,0,109,11,29,69,0,0,0,0,0,0,0,0,0.000000,0.000000,0.000000,clear-ocean,30.000000,60.000000,0.151000,904,2577960,661.015385,30.602564,52,12,0,40,0,140,29,2,109,0,0,0,0,0,0,0,0,0,0,0,0,0,0,0,11,29,69,11,29,69,29.290413,14.092491,37.670340,0.000000,0.000000,0.000000,0,0,0,5961.116821,12.736821,83.329538,5670.650462,192.223871,64.464917,5217.764443,0.000000,0.000000,5474.453231,5961.116821,486.663590,3.224628,1.081423,87.529981,0.000000,8.163967,18.092075,11.224345,3.287334,0.052315,2,0.000000,0,0,0,100.000000,4.754268,100.000000,30.551653,6418.992593,3974.841781,0.000000,216.582421
2220.000000,pure-acoustic,none,hardware,1,0,0,0,fifo,0.000500,180,15,hybrid,0.050000,4000.000000,6.087000,52.000000,500.000000,500.000000,2.000000,120.000000,0.000000,111,71,111,0,110,11,29,70,0,0,0,0,0,0,0,0,0.000000,0.000000,0.000000,clear-ocean,30.000000,60.000000,0.151000,929,2670369,684.710000,30.842793,52,12,0,40,0,144,31,2,110,1,0,0,0,0,0,0,0,0,0,0,0,0,0,0,11,29,71,11,29,70,29.290413,14.092491,37.246691,0.000000,0.000000,1.408451,0,0,0,6170.822462,12.736821,83.329538,5874.956103,196.360041,65.498959,5407.554435,0.000000,0.000000,5669.413436,6170.822462,501.409026,3.182072,1.061430,87.631016,0.000000,8.125481,18.092075,11.224345,3.357118,0.051802,2,0.000000,0,0,0,100.000000,4.754268,99.099099,30.346774,6335.596396,4060.948497,0.000000,142.785454
2280.000000,pure-acoustic,none,hardware,1,0,0,0,fifo,0.000500,180,15,hybrid,0.050000,4000.000000,6.087000,52.000000,500.000000,500.000000,2.000000,120.000000,0.000000,114,73,114,0,113,11,30,72,0,0,0,0,0,0,0,0,0.000000,0.000000,0.000000,clear-ocean,30.000000,60.000000,0.151000,957,2732949,700.756154,30.734919,54,13,0,41,0,147,32,2,113,0,0,0,0,0,0,0,0,0,0,0,0,0,0,0,11,30,73,11,30,72,29.290413,14.143342,37.250572,0.000000,0.000000,1.369863,0,0,0,6317.727282,12.736821,89.230462,6010.560000,204.215801,67.934232,5530.144838,0.000000,0.000000,5802.294872,6317.727282,515.432410,3.232425,1.075295,87.533770,0.000000,8.158510,18.092075,11.618550,3.339200,0.051316,2,0.000000,0,1,0,100.000000,4.983487,99.122807,30.341026,6345.207018,4147.055213,0.000000,79.154475
2340.000000,pure-acoustic,none,hardware,1,0,0,0,fifo,0.000500,180,15,hybrid,0.050000,4000.000000,6.087000,52.000000,500.000000,500.000000,2.000000,120.000000,0.000000,115,74,115,0,115,11,30,74,0,0,0,0,0,0,0,0,0.000000,0.000000,0.000000,clear-ocean,30.000000,60.000000,0.151000,971,2783523,713.723846,30.501019,54,13,0,41,0,149,32,2,115,0,0,0,0,0,0,0,0,0,0,0,0,0,0,0,11,30,74,11,30,74,29.290413,14.143342,36.555564,0.000000,0.000000,0.000000,0,0,0,6437.315179,12.736821,89.230462,6124.747897,208.351972,68.968275,5634.122728,0.000000,0.000000,5911.442974,6437.315179,525.872205,3.236628,1.071383,87.522866,0.000000,8.169123,18.092075,11.618550,3.310675,0.050855,2,0.000000,0,0,0,100.000000,4.983487,100.000000,30.013970,6353.449573,4233.161930,0.000000,31.722915
2400.000000,pure-acoustic,none,hardware,1,0,0,0,fifo,0.000500,180,15,hybrid,0.050000,4000.000000,6.087000,52.000000,500.000000,500.000000,2.000000,120.000000,0.000000,117,74,117,0,117,11,32,74,0,0,0,0,0,0,0,0,0.000000,0.000000,0.000000,clear-ocean,30.000000,60.000000,0.151000,980,2786196,714.409231,29.767051,56,13,0,43,0,152,33,2,117,0,0,0,0,0,0,0,0,0,0,0,0,0,0,0,11,32,74,11,32,74,29.290413,14.187528,36.555564,0.000000,0.000000,0.000000,0,0,0,6447.878128,12.736821,94.393410,6124.747897,214.771706,70.794318,5636.252412,0.000000,0.000000,5921.818436,6447.878128,526.059692,3.330890,1.097948,87.412515,0.000000,8.158648,18.092075,11.522633,3.310675,0.050417,2,0.000000,0,0,0,100.000000,4.787881,100.000000,29.754763,6196.320000,4319.268646,0.000000,4.988194
2460.000000,pure-acoustic,none,hardware,1,0,0,0,fifo,0.000500,180,15,hybrid,0.050000,4000.000000,6.087000,52.000000,500.000000,500.000000,2.000000,120.000000,0.000000,118,75,118,0,117,11,32,74,0,0,0,0,0,0,0,0,0.000000,0.000000,0.000000,clear-ocean,30.000000,60.000000,0.151000,987,2811483,720.893077,29.304597,56,13,0,43,0,153,33,2,117,1,0,0,0,0,0,0,0,0,0,0,0,0,0,0,11,32,75,11,32,74,29.290413,14.187528,36.555564,0.000000,0.000000,1.333333,0,0,0,6509.487359,12.736821,94.393410,6180.957128,218.907876,71.828360,5688.352969,0.000000,0.000000,5979.089205,6509.487359,530.398154,3.362905,1.103441,87.385575,0.000000,8.148079,18.092075,11.522633,3.341058,0.049593,2,0.000000,0,0,0,100.000000,4.787881,99.152542,29.754763,6045.190244,4405.375362,-0.000000,1.485272
2520.000000,pure-acoustic,none,hardware,1,0,0,0,fifo,0.000500,180,15,hybrid,0.050000,4000.000000,6.087000,52.000000,500.000000,500.000000,2.000000,120.000000,0.000000,124,79,123,0,118,11,32,75,0,0,0,0,0,0,0,0,0.000000,0.000000,0.000000,clear-ocean,30.000000,60.000000,0.151000,1022,2913774,747.121538,29.647680,59,14,0,44,1,157,36,2,118,5,0,0,0,0,0,0,0,0,0,0,0,0,0,0,12,33,79,11,32,75,29.290413,14.187528,36.701863,8.333333,3.030303,5.063291,0,0,0,6740.403462,13.393744,96.277410,6403.932308,225.501482,72.923326,5895.137833,0.000000,0.000000,6193.562641,6740.403462,546.840821,3.345519,1.081884,87.459718,0.000000,8.112880,19.025204,11.752614,3.415431,0.050397,2,0.000000,0,0,0,99.193548,4.991592,95.161290,29.905383,5980.622222,4491.482078,-0.000000,21.546295
2580.000000,pure-acoustic,none,hardware,1,0,0,0,fifo,0.000500,180,15,hybrid,0.050000,4000.000000,6.087000,52.000000,500.000000,500.000000,2.000000,120.000000,0.000000,126,79,126,0,121,11,32,78,0,0,0,0,0,0,0,0,0.000000,0.000000,0.000000,clear-ocean,30.000000,60.000000,0.151000,1063,3029127,776.699231,30.104621,62,15,0,47,0,162,38,2,121,5,0,0,0,0,0,0,0,0,0,0,0,0,0,0,13,34,79,11,32,78,29.290413,14.187528,38.625848,15.384615,5.882353,1.265823,0,0,0,7004.860923,14.720564,97.463436,6660.476923,231.040960,74.968445,6129.371313,0.000000,0.000000,6435.380718,7004.860923,569.480205,3.298295,1.070235,87.501685,0.000000,8.129786,20.909892,11.897392,3.415629,0.050388,2,0.000000,0,0,0,100.000000,4.986494,96.031746,31.314145,6074.096124,4577.588794,-0.000000,63.269094
2640.000000,pure-acoustic,none,hardware,1,0,0,0,fifo,0.000500,180,15,hybrid,0.050000,4000.000000,6.087000,52.000000,500.000000,500.000000,2.000000,120.000000,0.000000,131,82,131,0,122,11,33,78,0,0,0,0,0,0,0,0,0.000000,0.000000,0.000000,clear-ocean,30.000000,60.000000,0.151000,1098,3111450,797.807692,30.219988,65,16,0,49,0,166,41,2,122,9,0,0,0,0,0,0,0,0,0,0,0,0,0,0,14,35,82,11,33,78,29.290413,13.825334,38.625848,21.428571,5.714286,4.878049,0,0,0,7191.195744,16.402308,100.546667,6836.646769,236.717694,78.372949,6294.459767,0.000000,0.000000,6609.550410,7191.195744,581.645333,3.291771,1.089846,87.530085,0.000000,8.088298,23.298733,11.901831,3.505973,0.051136,2,0.000000,0,0,0,100.000000,5.088495,93.129771,31.075792,5936.824242,4663.695510,-0.000000,122.697550
2700.000000,pure-acoustic,none,hardware,1,0,0,0,fifo,0.000500,180,15,hybrid,0.050000,4000.000000,6.087000,52.000000,500.000000,500.000000,2.000000,120.000000,0.000000,134,85,134,0,128,11,35,82,0,0,0,0,0,0,0,0,0.000000,0.000000,0.000000,clear-ocean,30.000000,60.000000,0.151000,1148,3284916,842.286154,31.195783,65,16,0,49,0,175,42,3,128,4,0,0,0,0,0,0,0,0,0,0,2,2,0,0,14,35,85,11,35,82,29.290413,22.012138,38.661191,21.428571,0.000000,3.529412,0,0,0,7585.676974,16.402308,101.959179,7224.315487,240.853865,79.406992,6650.536938,0.000000,0.000000,6970.797795,7585.676974,614.879179,3.175114,1.046802,87.672293,0.000000,8.105792,23.298733,11.379373,3.524056,0.051481,2,0.000000,0,0,0,100.000000,5.088495,95.522388,33.303414,6102.708148,4749.802227,-0.000000,194.196710
2760.000000,pure-acoustic,none,hardware,1,0,0,0,fifo,0.000500,180,15,hybrid,0.050000,4000.000000,6.087000,52.000000,500.000000,500.000000,2.000000,120.000000,0.000000,135,86,135,0,131,12,35,84,0,0,0,0,0,0,0,0,0.000000,0.000000,0.000000,clear-ocean,30.000000,60.000000,0.151000,1186,3419730,876.853846,31.770067,65,16,0,49,0,181,46,3,131,2,0,0,0,0,0,0,0,0,0,0,2,2,0,0,14,35,86,12,35,84,35.198367,22.012138,41.806947,14.285714,0.000000,2.325581,0,0,0,7887.648051,16.675333,101.959179,7520.613538,244.990035,80.441034,6927.318110,0.000000,0.000000,7252.749179,7887.648051,634.898872,3.105996,1.019835,87.824889,0.000000,8.049280,21.712674,11.379373,3.581245,0.050725,2,0.000000,0,0,0,100.000000,5.088495,97.037037,35.912892,6115.153623,4835.908943,-0.000000,270.987089
2820.000000,pure-acoustic,none,hardware,1,0,0,0,fifo,0.000500,180,15,hybrid,0.050000,4000.000000,6.087000,52.000000,500.000000,500.000000,2.000000,120.000000,0.000000,138,87,138,0,132,12,35,85,0,0,0,0,0,0,0,0,0.000000,0.000000,0.000000,clear-ocean,30.000000,60.000000,0.151000,1215,3501975,897.942308,31.841926,67,16,0,51,0,184,48,3,132,4,0,0,0,0,0,0,0,0,0,0,2,2,0,0,14,37,87,12,35,85,35.198367,22.012138,42.096613,14.285714,5.405405,2.298851,0,0,0,8077.782897,16.675333,105.100385,7702.207179,251.409769,82.267077,7092.669128,0.000000,0.000000,7426.345974,8077.782897,651.436923,3.112361,1.018436,87.804652,0.000000,8.064551,21.712674,11.729954,3.624568,0.050709,2,0.000000,0,0,0,100.000000,4.919454,95.652174,36.144071,6055.965957,4922.015659,-0.000000,345.787490
2880.000000,pure-acoustic,none,hardware,1,0,0,0,fifo,0.000500,180,15,hybrid,0.050000,4000.000000,6.087000,52.000000,500.000000,500.000000,2.000000,120.000000,0.000000,139,88,139,0,137,12,37,88,0,0,0,0,0,0,0,0,0.000000,0.000000,0.000000,clear-ocean,30.000000,60.000000,0.151000,1245,3603717,924.030000,32.084375,67,16,0,51,0,190,50,3,137,0,0,0,0,0,0,0,0,0,0,0,2,2,0,0,14,37,88,12,37,88,35.198367,23.780005,42.942202,14.285714,0.000000,0.000000,0,0,0,8311.237872,16.675333,106.512897,7928.849641,255.545939,83.301119,7301.616864,0.000000,0.000000,7640.463923,8311.237872,670.773949,3.074704,1.002271,87.852339,0.000000,8.070686,21.712674,11.245027,3.604023,0.050000,2,0.000000,0,0,0,100.000000,4.919454,98.561151,37.088718,6139.555556,5008.122375,-0.000000,411.505408
2940.000000,pure-acoustic,none,hardware,1,0,0,0,fifo,0.000500,180,15,hybrid,0.050000,4000.000000,6.087000,52.000000,500.000000,500.000000,2.000000,120.000000,0.000000,140,88,140,0,138,12,38,88,0,0,0,0,0,0,0,0,0.000000,0.000000,0.000000,clear-ocean,30.000000,60.000000,0.151000,1247,3604311,924.182308,31.434772,68,16,0,52,0,191,50,3,138,0,0,0,0,0,0,0,0,0,0,0,2,2,0,0,14,38,88,12,38,88,35.198367,23.189822,42.942202,14.285714,0.000000,0.000000,0,0,0,8317.849744,16.675333,107.724769,7928.849641,260.104238,84.396085,7302.481728,0.000000,0.000000,7646.982051,8317.849744,670.867692,3.127061,1.014638,87.792903,0.000000,8.065398,21.712674,11.073681,3.604023,0.049320,2,0.000000,0,0,0,100.000000,4.829238,98.571429,36.829764,6014.955102,5094.229091,-0.000000,461.909527
3000.000000,pure-acoustic,none,hardware,1,0,0,0,fifo,0.000500,180,15,hybrid,0.050000,4000.000000,6.087000,52.000000,500.000000,500.000000,2.000000,120.000000,0.000000,144,90,144,0,141,12,40,89,0,0,0,0,0,0,0,0,0.000000,0.000000,0.000000,clear-ocean,30.000000,60.000000,0.151000,1268,3656964,937.683077,31.256103,70,16,0,54,0,195,50,3,141,1,0,0,0,0,0,0,0,0,0,0,2,2,0,0,14,40,90,12,40,89,35.198367,22.099289,42.553130,14.285714,0.000000,1.111111,0,0,0,8440.415974,16.675333,111.587821,8042.152821,266.523972,85.551974,7407.726490,0.000000,0.000000,7759.802436,8440.415974,680.613538,3.157711,1.013599,87.764946,0.000000,8.063744,21.712674,10.897248,3.614451,0.049667,2,0.000000,0,0,0,100.000000,4.671507,97.916667,36.124685,5962.688000,5180.335807,-0.000000,492.220574
3060.000000,pure-acoustic,none,hardware,1,0,0,0,fifo,0.000500,180,15,hybrid,0.050000,4000.000000,6.087000,52.000000,500.000000,500.000000,2.000000,120.000000,0.000000,149,94,149,0,144,12,41,91,0,0,0,0,0,0,0,0,0.000000,0.000000,0.000000,clear-ocean,30.000000,60.000000,0.151000,1298,3758706,963.770769,31.495777,71,16,0,55,0,200,52,3,144,3,0,0,0,0,0,0,0,0,0,0,2,2,0,0,14,41,94,12,41,91,35.198367,21.582667,42.228768,14.285714,0.000000,3.191489,0,0,0,8673.634205,16.675333,112.799692,8268.759179,271.082271,86.646939,7616.080995,0.000000,0.000000,7973.810205,8673.634205,699.824000,3.125360,0.998969,87.807265,0.000000,8.068406,21.712674,10.746922,3.634619,0.050327,2,0.000000,0,0,0,100.000000,4.590720,96.644295,35.764498,5977.160784,5266.442523,0.000000,499.564484
3120.000000,pure-acoustic,none,hardware,1,0,0,0,fifo,0.000500,180,15,hybrid,0.050000,4000.000000,6.087000,52.000000,500.000000,500.000000,2.000000,120.000000,0.000000,150,94,150,0,148,12,42,94,0,0,0,0,0,0,0,0,0.000000,0.000000,0.000000,clear-ocean,30.000000,60.000000,0.151000,1316,3810468,977.043077,31.315483,72,16,0,56,0,203,52,3,148,0,0,0,0,0,0,0,0,0,0,0,2,2,0,0,14,42,94,12,42,94,35.198367,21.106144,41.871880,14.285714,0.000000,0.000000,0,0,0,8796.478872,16.675333,115.171744,8383.831795,276.120338,88.412059,7720.707500,0.000000,0.000000,8085.239897,8796.478872,711.238974,3.138987,1.005085,87.770432,0.000000,8.085496,21.712674,10.711658,3.567588,0.049679,2,0.000000,0,0,0,100.000000,4.524301,98.666667,35.437805,6055.179487,5352.549240,0.000000,483.244912
3180.000000,pure-acoustic,none,hardware,1,0,0,0,fifo,0.000500,180,15,hybrid,0.050000,4000.000000,6.087000,52.000000,500.000000,500.000000,2.000000,120.000000,0.000000,156,99,156,0,153,12,43,98,0,0,0,0,0,0,0,0,0.000000,0.000000,0.000000,clear-ocean,30.000000,60.000000,0.151000,1351,3921375,1005.480769,31.618892,73,16,0,57,0,209,52,3,153,1,0,0,0,0,0,0,0,0,0,0,2,2,0,0,14,43,99,12,43,98,35.198367,20.673506,40.555755,14.285714,0.000000,1.010101,0,0,0,9050.310205,16.675333,118.254974,8629.179897,281.158406,90.847332,7946.092159,0.000000,0.000000,8318.097897,9050.310205,732.212308,3.106616,1.003804,87.799114,0.000000,8.090466,21.712674,10.742639,3.522114,0.050629,2,0.000000,0,0,0,100.000000,4.467492,98.076923,34.547746,6193.147170,5438.655956,0.000000,444.809266
3240.000000,pure-acoustic,none,hardware,1,0,0,0,fifo,0.000500,180,15,hybrid,0.050000,4000.000000,6.087000,52.000000,500.000000,500.000000,2.000000,120.000000,0.000000,158,101,158,0,156,12,43,101,0,0,0,0,0,0,0,0,0.000000,0.000000,0.000000,clear-ocean,30.000000,60.000000,0.151000,1377,4014249,1029.294615,31.768352,73,16,0,57,0,212,53,3,156,0,0,0,0,0,0,0,0,0,0,0,2,2,0,0,14,43,101,12,43,101,35.198367,20.673506,39.820993,14.285714,0.000000,0.000000,0,0,0,9266.228974,16.675333,118.254974,8839.698667,285.294576,91.881375,8136.842562,0.000000,0.000000,8514.018513,9266.228974,752.210462,3.078864,0.991572,87.811801,0.000000,8.117763,21.712674,10.742639,3.500871,0.050309,2,0.000000,0,0,0,100.000000,4.467492,98.734177,34.187573,6263.644444,5524.762672,0.000000,387.901981
3300.000000,pure-acoustic,none,hardware,1,0,0,0,fifo,0.000500,180,15,hybrid,0.050000,4000.000000,6.087000,52.000000,500.000000,500.000000,2.000000,120.000000,0.000000,162,103,162,0,160,12,45,103,0,0,0,0,0,0,0,0,0.000000,0.000000,0.000000,clear-ocean,30.000000,60.000000,0.151000,1407,4092783,1049.431538,31.800956,75,16,0,59,0,217,54,3,160,0,0,0,0,0,0,0,0,0,0,0,2,2,0,0,14,45,103,12,45,103,35.198367,19.991684,39.618563,14.285714,0.000000,0.000000,0,0,0,9446.010333,16.675333,123.087821,9009.247179,292.673849,93.037264,8293.971631,0.000000,0.000000,8679.682744,9446.010333,766.327590,3.098386,0.984937,87.803965,0.000000,8.112712,21.712674,10.684707,3.498737,0.050606,2,0.000000,0,0,0,100.000000,4.343127,98.765432,33.766988,6272.213333,5610.869388,0.000000,317.918952
3360.000000,pure-acoustic,none,hardware,1,0,0,0,fifo,0.000500,180,15,hybrid,0.050000,4000.000000,6.087000,52.000000,500.000000,500.000000,2.000000,120.000000,0.000000,165,106,165,0,162,12,45,105,0,0,0,0,0,0,0,0,0.000000,0.000000,0.000000,clear-ocean,30.000000,60.000000,0.151000,1438,4206342,1078.549231,32.099679,75,16,0,59,0,222,56,3,162,1,0,0,0,0,0,0,0,0,0,0,2,2,0,0,14,45,106,12,45,105,35.198367,19.991684,39.437136,14.285714,0.000000,0.943396,0,0,0,9703.475154,16.675333,123.087821,9261.312000,296.810019,94.071306,8527.149521,0.000000,0.000000,8918.030846,9703.475154,785.444308,3.058801,0.969460,87.877275,0.000000,8.094464,21.712674,10.684707,3.528119,0.050595,2,0.000000,0,0,0,100.000000,4.343127,98.181818,33.721638,6279.257143,5696.976104,0.000000,241.495910
3420.000000,pure-acoustic,none,hardware,1,0,0,0,fifo,0.000500,180,15,hybrid,0.050000,4000.000000,6.087000,52.000000,500.000000,500.000000,2.000000,120.000000,0.000000,170,110,170,0,165,12,46,107,0,0,0,0,0,0,0,0,0.000000,0.000000,0.000000,clear-ocean,30.000000,60.000000,0.151000,1459,4270683,1095.046923,32.018916,76,16,0,60,0,225,56,3,165,3,0,0,0,0,0,0,0,0,0,0,2,2,0,0,14,46,110,12,46,107,35.198367,19.581245,38.957222,14.285714,0.000000,2.727273,0,0,0,9854.656846,16.675333,124.779462,9405.402051,301.848087,95.166272,8658.174795,0.000000,0.000000,9055.189154,9854.656846,799.467692,3.062999,0.965698,87.858714,0.000000,8.112588,21.712674,10.596082,3.516038,0.051170,2,0.000000,0,0,0,100.000000,4.278348,97.058824,33.282063,6286.652632,5783.082820,0.000000,165.879217
3480.000000,pure-acoustic,none,hardware,1,0,0,0,fifo,0.000500,180,15,hybrid,0.050000,4000.000000,6.087000,52.000000,500.000000,500.000000,2.000000,120.000000,0.000000,176,112,176,0,170,12,48,110,0,0,0,0,0,0,0,0,0.000000,0.000000,0.000000,clear-ocean,30.000000,60.000000,0.151000,1527,4422279,1133.917692,32.583842,82,18,0,64,0,233,58,3,170,4,0,0,0,0,0,0,0,0,0,0,2,2,0,0,14,50,112,12,48,110,35.198367,19.807205,39.032682,14.285714,4.000000,1.785714,0,0,0,10195.475026,16.675333,140.855487,9724.744205,314.747462,101.805237,8953.233301,0.000000,0.000000,9369.786000,10195.475026,825.689026,3.087129,0.998534,87.815754,0.000000,8.098583,21.712674,11.462849,3.536271,0.052011,2,0.000000,0,0,0,100.000000,4.507086,96.590909,33.333654,6351.852874,5869.189536,0.000000,98.238782
3540.000000,pure-acoustic,none,hardware,1,0,0,0,fifo,0.000500,180,15,hybrid,0.050000,4000.000000,6.087000,52.000000,500.000000,500.000000,2.000000,120.000000,0.000000,179,115,179,0,175,12,50,113,0,0,0,0,0,0,0,0,0.000000,0.000000,0.000000,clear-ocean,30.000000,60.000000,0.151000,1557,4524021,1160.005385,32.768514,82,18,0,64,0,239,60,3,175,2,0,0,0,0,0,0,0,0,0,0,2,2,0,0,14,50,115,12,50,113,35.198367,20.622357,38.633115,14.285714,0.000000,1.739130,0,0,0,10429.778615,16.675333,142.268000,9952.235282,318.883632,102.839280,9162.181037,0.000000,0.000000,9583.903949,10429.778615,845.874667,3.057434,0.986016,87.846362,0.000000,8.110188,21.712674,11.114687,3.522915,0.051977,2,0.000000,0,0,0,100.000000,4.507086,97.765363,33.251659,6414.842938,5955.296253,0.000000,44.988210
3600.000000,pure-acoustic,none,hardware,1,0,0,0,fifo,0.000500,180,15,hybrid,0.050000,4000.000000,6.087000,52.000000,500.000000,500.000000,2.000000,120.000000,0.000000,181,116,181,0,179,13,50,116,0,0,0,0,0,0,0,0,0.000000,0.000000,0.000000,clear-ocean,30.000000,60.000000,0.151000,1577,4583649,1175.294615,32.647073,83,18,0,65,0,242,60,3,179,0,0,0,0,0,0,0,0,0,0,0,2,2,0,0,15,50,116,13,50,116,32.581842,20.622357,38.224548,13.333333,0.000000,0.000000,0,0,0,10571.534282,17.391000,142.268000,10087.875282,323.171161,104.131784,9284.339849,0.000000,0.000000,9711.642795,10571.534282,859.891487,3.056994,0.985021,87.823958,0.000000,8.134027,20.902644,11.114687,3.478578,0.051667,2,0.000000,0,0,0,100.000000,4.444610,98.895028,32.897930,6474.737778,6041.402969,0.000000,11.176673
3660.000000,pure-acoustic,none,hardware,1,0,0,0,fifo,0.000500,180,15,hybrid,0.050000,4000.000000,6.087000,52.000000,500.000000,500.000000,2.000000,120.000000,0.000000,186,120,186,0,181,13,50,118,0,0,0,0,0,0,0,0,0.000000,0.000000,0.000000,clear-ocean,30.000000,60.000000,0.151000,1600,4660104,1194.898462,32.647499,84,18,0,66,0,245,60,3,181,2,0,0,0,0,0,0,0,0,0,0,2,2,0,0,15,51,120,13,50,118,32.581842,20.622357,37.722065,13.333333,1.960784,1.666667,0,0,0,10748.316795,17.391000,143.253385,10258.272410,328.209229,105.226750,9440.211073,0.000000,0.000000,9873.647051,10748.316795,874.669744,3.053587,0.979007,87.829669,0.000000,8.137737,20.902644,11.191671,3.477380,0.051913,2,0.000000,0,1,0,100.000000,4.384182,97.311828,32.629201,6477.884153,6127.509685,-0.000000,0.010149
3720.000000,pure-acoustic,none,hardware,1,0,0,0,fifo,0.000500,180,15,hybrid,0.050000,4000.000000,6.087000,52.000000,500.000000,500.000000,2.000000,120.000000,0.000000,190,122,190,0,184,13,51,120,0,0,0,0,0,0,0,0,0.000000,0.000000,0.000000,clear-ocean,30.000000,60.000000,0.151000,1641,4783737,1226.599231,32.973098,87,19,0,68,0,251,63,3,184,4,0,0,0,0,0,0,0,0,0,0,2,2,0,0,16,52,122,13,51,120,32.581842,20.552580,37.548288,18.750000,1.923077,1.639344,0,0,0,11027.949308,18.003256,146.234667,10528.911385,333.507348,107.920484,9691.039424,0.000000,0.000000,10132.467256,11027.949308,895.482051,3.024201,0.978609,87.877076,0.000000,8.120114,21.638529,11.200572,3.509637,0.052419,2,0.000000,0,0,0,100.000000,4.471803,96.842105,32.486631,6481.479570,6213.616401,-0.000000,12.547440
3780.000000,pure-acoustic,none,hardware,1,0,0,0,fifo,0.000500,180,15,hybrid,0.050000,4000.000000,6.087000,52.000000,500.000000,500.000000,2.000000,120.000000,0.000000,192,123,191,0,184,13,51,120,0,0,0,0,0,0,0,0,0.000000,0.000000,0.000000,clear-ocean,30.000000,60.000000,0.151000,1669,4865685,1247.611538,33.005596,88,19,0,68,1,254,65,4,184,5,0,0,0,0,0,0,0,0,0,0,2,2,0,0,16,53,123,13,51,120,32.581842,20.552580,37.548288,18.750000,3.773585,2.439024,0,0,0,11214.889308,18.003256,148.762974,10707.923077,339.501672,109.624681,9856.321519,0.000000,0.000000,10305.447872,11214.889308,909.441436,3.027241,0.977492,87.886035,0.000000,8.109232,21.638529,11.394223,3.569308,0.052116,2,0.000000,0,0,0,99.479167,4.471803,95.833333,32.486631,6378.598942,6299.723117,-0.000000,47.599769
3840.000000,pure-acoustic,none,hardware,1,0,0,0,fifo,0.000500,180,15,hybrid,0.050000,4000.000000,6.087000,52.000000,500.000000,500.000000,2.000000,120.000000,0.000000,195,125,195,0,191,15,53,123,0,0,0,0,0,0,0,0,0.000000,0.000000,0.000000,clear-ocean,30.000000,60.000000,0.151000,1723,4984923,1278.185385,33.286078,92,22,0,70,0,263,67,4,191,2,0,0,0,0,0,0,0,0,0,0,2,2,0,0,17,53,125,15,53,123,34.464793,22.865336,39.695261,11.764706,0.000000,1.600000,0,0,0,11482.113359,19.439513,157.898462,10959.175385,349.536560,113.225493,10091.312742,0.000000,0.000000,10554.074795,11482.113359,928.038564,3.044183,0.986103,87.887242,0.000000,8.082472,20.249493,11.637563,3.563959,0.052344,2,0.000000,0,0,0,100.000000,4.935028,97.948718,34.614408,6436.516667,6385.829833,-0.000000,101.843508
3900.000000,pure-acoustic,none,hardware,1,0,0,0,fifo,0.000500,180,15,hybrid,0.050000,4000.000000,6.087000,52.000000,500.000000,500.000000,2.000000,120.000000,0.000000,195,125,195,0,192,15,53,124,0,0,0,0,0,0,0,0,0.000000,0.000000,0.000000,clear-ocean,30.000000,60.000000,0.151000,1748,5073660,1300.938462,33.357396,92,22,0,70,0,266,69,4,192,1,0,0,0,0,0,0,0,0,0,0,2,2,0,0,17,53,125,15,53,124,34.464793,22.865336,39.863537,11.764706,0.000000,0.800000,0,0,0,11686.079308,19.439513,157.898462,11157.741333,353.672730,114.259535,10273.570427,0.000000,0.000000,10741.502692,11686.079308,944.576615,3.026445,0.977741,87.912893,0.000000,8.082921,20.249493,11.637563,3.599271,0.051538,2,0.000000,0,0,0,100.000000,4.935028,98.461538,34.749548,6388.775385,6471.936549,-0.000000,170.135312
3960.000000,pure-acoustic,none,hardware,1,0,0,0,fifo,0.000500,180,15,hybrid,0.050000,4000.000000,6.087000,52.000000,500.000000,500.000000,2.000000,120.000000,0.000000,197,126,197,0,193,15,53,125,0,0,0,0,0,0,0,0,0.000000,0.000000,0.000000,clear-ocean,30.000000,60.000000,0.151000,1773,5150541,1320.651538,33.349786,93,22,0,71,0,269,71,4,193,2,0,0,0,0,0,0,0,0,0,0,2,2,0,0,17,54,126,15,53,125,34.464793,22.865336,40.206884,11.764706,1.851852,0.793651,0,0,0,11860.911615,19.439513,160.564821,11324.507282,359.670337,116.024655,10428.535804,0.000000,0.000000,10904.230795,11860.911615,956.680821,3.032400,0.978210,87.923561,0.000000,8.065829,20.249493,11.834082,3.623842,0.051263,2,0.000000,0,0,0,100.000000,4.884220,97.969543,34.998421,6342.480808,6558.043266,-0.000000,245.999815
4020.000000,pure-acoustic,none,hardware,1,0,0,0,fifo,0.000500,180,15,hybrid,0.050000,4000.000000,6.087000,52.000000,500.000000,500.000000,2.000000,120.000000,0.000000,198,127,198,0,196,15,54,127,0,0,0,0,0,0,0,0,0.000000,0.000000,0.000000,clear-ocean,30.000000,60.000000,0.151000,1796,5227164,1340.298462,33.340758,93,22,0,71,0,273,73,4,196,0,0,0,0,0,0,0,0,0,0,0,2,2,0,0,17,54,127,15,54,127,34.464793,22.804075,40.181587,11.764706,0.000000,0.000000,0,0,0,12039.312846,19.439513,161.271077,11496.802256,363.806507,117.058697,10585.950822,0.000000,0.000000,11066.816026,12039.312846,972.496821,3.021821,0.972304,87.928198,0.000000,8.077677,20.249493,11.666021,3.621040,0.050746,2,0.000000,0,0,0,100.000000,4.884220,98.989899,34.956396,6347.828856,6644.149982,-0.000000,322.243612
4080.000000,pure-acoustic,none,hardware,1,0,0,0,fifo,0.000500,180,15,hybrid,0.050000,4000.000000,6.087000,52.000000,500.000000,500.000000,2.000000,120.000000,0.000000,198,127,198,0,196,15,54,127,0,0,0,0,0,0,0,0,0.000000,0.000000,0.000000,clear-ocean,30.000000,60.000000,0.151000,1796,5227164,1340.298462,32.850452,93,22,0,71,0,273,73,4,196,0,0,0,0,0,0,0,0,0,0,0,2,2,0,0,17,54,127,15,54,127,34.464793,22.804075,40.181587,11.764706,0.000000,0.000000,0,0,0,12044.712846,19.439513,161.271077,11496.802256,367.942677,118.092740,10586.180609,0.000000,0.000000,11072.216026,12044.712846,972.496821,3.054807,0.980453,87.890685,0.000000,8.074056,20.249493,11.666021,3.621040,0.050000,2,0.000000,0,0,0,100.000000,4.884220,98.989899,34.956396,6254.478431,6730.256698,-0.000000,391.637334
4140.000000,pure-acoustic,none,hardware,1,0,0,0,fifo,0.000500,180,15,hybrid,0.050000,4000.000000,6.087000,52.000000,500.000000,500.000000,2.000000,120.000000,0.000000,198,127,198,0,196,15,54,127,0,0,0,0,0,0,0,0,0.000000,0.000000,0.000000,clear-ocean,30.000000,60.000000,0.151000,1796,5227164,1340.298462,32.374359,93,22,0,71,0,273,73,4,196,0,0,0,0,0,0,0,0,0,0,0,2,2,0,0,17,54,127,15,54,127,34.464793,22.804075,40.181587,11.764706,0.000000,0.000000,0,0,0,12050.112846,19.439513,161.271077,11496.802256,372.078847,119.126782,10586.410396,0.000000,0.000000,11077.616026,12050.112846,972.496821,3.087762,0.988595,87.853205,0.000000,8.070437,20.249493,11.666021,3.621040,0.049275,2,0.000000,0,0,0,100.000000,4.884220,98.989899,34.956396,6163.833816,6816.363414,-0.000000,447.601131
4200.000000,pure-acoustic,none,hardware,1,0,0,0,fifo,0.000500,180,15,hybrid,0.050000,4000.000000,6.087000,52.000000,500.000000,500.000000,2.000000,120.000000,0.000000,198,127,198,0,196,15,54,127,0,0,0,0,0,0,0,0,0.000000,0.000000,0.000000,clear-ocean,30.000000,60.000000,0.151000,1796,5227164,1340.298462,31.911868,93,22,0,71,0,273,73,4,196,0,0,0,0,0,0,0,0,0,0,0,2,2,0,0,17,54,127,15,54,127,34.464793,22.804075,40.181587,11.764706,0.000000,0.000000,0,0,0,12055.512846,19.439513,161.271077,11496.802256,376.215017,120.160825,10586.640183,0.000000,0.000000,11083.016026,12055.512846,972.496821,3.120689,0.996729,87.815760,0.000000,8.066822,20.249493,11.666021,3.621040,0.048571,2,0.000000,0,0,0,100.000000,4.884220,98.989899,34.956396,6075.779048,6902.470130,-0.000000,484.828565
4260.000000,pure-acoustic,none,hardware,1,0,0,0,fifo,0.000500,180,15,hybrid,0.050000,4000.000000,6.087000,52.000000,500.000000,500.000000,2.000000,120.000000,0.000000,198,127,198,0,196,15,54,127,0,0,0,0,0,0,0,0,0.000000,0.000000,0.000000,clear-ocean,30.000000,60.000000,0.151000,1796,5227164,1340.298462,31.462405,93,22,0,71,0,273,73,4,196,0,0,0,0,0,0,0,0,0,0,0,2,2,0,0,17,54,127,15,54,127,34.464793,22.804075,40.181587,11.764706,0.000000,0.000000,0,0,0,12060.912846,19.439513,161.271077,11496.802256,380.351188,121.194867,10586.869971,0.000000,0.000000,11088.416026,12060.912846,972.496821,3.153585,1.004857,87.778347,0.000000,8.063211,20.249493,11.666021,3.621040,0.047887,2,0.000000,0,0,0,100.000000,4.884220,98.989899,34.956396,5990.204695,6988.576846,-0.000000,499.789765
4320.000000,pure-acoustic,none,hardware,1,0,0,0,fifo,0.000500,180,15,hybrid,0.050000,4000.000000,6.087000,52.000000,500.000000,500.000000,2.000000,120.000000,0.000000,198,127,198,0,196,15,54,127,0,0,0,0,0,0,0,0,0.000000,0.000000,0.000000,clear-ocean,30.000000,60.000000,0.151000,1796,5227164,1340.298462,31.025427,93,22,0,71,0,273,73,4,196,0,0,0,0,0,0,0,0,0,0,0,2,2,0,0,17,54,127,15,54,127,34.464793,22.804075,40.181587,11.764706,0.000000,0.000000,0,0,0,12066.312846,19.439513,161.271077,11496.802256,384.487358,122.228910,10587.099758,0.000000,0.000000,11093.816026,12066.312846,972.496821,3.186453,1.012976,87.740969,0.000000,8.059602,20.249493,11.666021,3.621040,0.047222,2,0.000000,0,0,0,100.000000,4.884220,98.989899,34.956396,5907.007407,7074.683562,0.000000,491.066123
4380.000000,pure-acoustic,none,hardware,1,0,0,0,fifo,0.000500,180,15,hybrid,0.050000,4000.000000,6.087000,52.000000,500.000000,500.000000,2.000000,120.000000,0.000000,198,127,198,0,196,15,54,127,0,0,0,0,0,0,0,0,0.000000,0.000000,0.000000,clear-ocean,30.000000,60.000000,0.151000,1796,5227164,1340.298462,30.600421,93,22,0,71,0,273,73,4,196,0,0,0,0,0,0,0,0,0,0,0,2,2,0,0,17,54,127,15,54,127,34.464793,22.804075,40.181587,11.764706,0.000000,0.000000,0,0,0,12071.712846,19.439513,161.271077,11496.802256,388.623528,123.262953,10587.329545,0.000000,0.000000,11099.216026,12071.712846,972.496821,3.219291,1.021089,87.703623,0.000000,8.055997,20.249493,11.666021,3.621040,0.046575,2,0.000000,0,0,0,100.000000,4.884220,98.989899,34.956396,5826.089498,7160.790279,0.000000,459.484807
4440.000000,pure-acoustic,none,hardware,1,0,0,0,fifo,0.000500,180,15,hybrid,0.050000,4000.000000,6.087000,52.000000,500.000000,500.000000,2.000000,120.000000,0.000000,198,127,198,0,196,15,54,127,0,0,0,0,0,0,0,0,0.000000,0.000000,0.000000,clear-ocean,30.000000,60.000000,0.151000,1796,5227164,1340.298462,30.186902,93,22,0,71,0,273,73,4,196,0,0,0,0,0,0,0,0,0,0,0,2,2,0,0,17,54,127,15,54,127,34.464793,22.804075,40.181587,11.764706,0.000000,0.000000,0,0,0,12077.112846,19.439513,161.271077,11496.802256,392.759698,124.296995,10587.559332,0.000000,0.000000,11104.616026,12077.112846,972.496821,3.252099,1.029195,87.666311,0.000000,8.052395,20.249493,11.666021,3.621040,0.045946,2,0.000000,0,0,0,100.000000,4.884220,98.989899,34.956396,5747.358559,7246.896995,0.000000,408.040329
4500.000000,pure-acoustic,none,hardware,1,0,0,0,fifo,0.000500,180,15,hybrid,0.050000,4000.000000,6.087000,52.000000,500.000000,500.000000,2.000000,120.000000,0.000000,198,127,198,0,196,15,54,127,0,0,0,0,0,0,0,0,0.000000,0.000000,0.000000,clear-ocean,30.000000,60.000000,0.151000,1796,5227164,1340.298462,29.784410,93,22,0,71,0,273,73,4,196,0,0,0,0,0,0,0,0,0,0,0,2,2,0,0,17,54,127,15,54,127,34.464793,22.804075,40.181587,11.764706,0.000000,0.000000,0,0,0,12082.512846,19.439513,161.271077,11496.802256,396.895869,125.331038,10587.789119,0.000000,0.000000,11110.016026,12082.512846,972.496821,3.284879,1.037293,87.629033,0.000000,8.048796,20.249493,11.666021,3.621040,0.045333,2,0.000000,0,0,0,100.000000,4.884220,98.989899,34.956396,5670.727111,7333.003711,0.000000,341.610608
4560.000000,pure-acoustic,none,hardware,1,0,0,0,fifo,0.000500,180,15,hybrid,0.050000,4000.000000,6.087000,52.000000,500.000000,500.000000,2.000000,120.000000,0.000000,198,127,198,0,196,15,54,127,0,0,0,0,0,0,0,0,0.000000,0.000000,0.000000,clear-ocean,30.000000,60.000000,0.151000,1796,5227164,1340.298462,29.392510,93,22,0,71,0,273,73,4,196,0,0,0,0,0,0,0,0,0,0,0,2,2,0,0,17,54,127,15,54,127,34.464793,22.804075,40.181587,11.764706,0.000000,0.000000,0,0,0,12087.912846,19.439513,161.271077,11496.802256,401.032039,126.365080,10588.018907,0.000000,0.000000,11115.416026,12087.912846,972.496821,3.317628,1.045384,87.591787,0.000000,8.045200,20.249493,11.666021,3.621040,0.044737,2,0.000000,0,0,0,100.000000,4.884220,98.989899,34.956396,5596.112281,7419.110427,0.000000,266.494452
4620.000000,pure-acoustic,none,hardware,1,0,0,0,fifo,0.000500,180,15,hybrid,0.050000,4000.000000,6.087000,52.000000,500.000000,500.000000,2.000000,120.000000,0.000000,198,127,198,0,196,15,54,127,0,0,0,0,0,0,0,0,0.000000,0.000000,0.000000,clear-ocean,30.000000,60.000000,0.151000,1796,5227164,1340.298462,29.010789,93,22,0,71,0,273,73,4,196,0,0,0,0,0,0,0,0,0,0,0,2,2,0,0,17,54,127,15,54,127,34.464793,22.804075,40.181587,11.764706,0.000000,0.000000,0,0,0,12093.312846,19.439513,161.271077,11496.802256,405.168209,127.399123,10588.248694,0.000000,0.000000,11120.816026,12093.312846,972.496821,3.350349,1.053468,87.554575,0.000000,8.041608,20.249493,11.666021,3.621040,0.044156,2,0.000000,0,0,0,100.000000,4.884220,98.989899,34.956396,5523.435498,7505.217143,0.000000,189.814306
4680.000000,pure-acoustic,none,hardware,1,0,0,0,fifo,0.000500,180,15,hybrid,0.050000,4000.000000,6.087000,52.000000,500.000000,500.000000,2.000000,120.000000,0.000000,198,127,198,0,196,15,54,127,0,0,0,0,0,0,0,0,0.000000,0.000000,0.000000,clear-ocean,30.000000,60.000000,0.151000,1796,5227164,1340.298462,28.638856,93,22,0,71,0,273,73,4,196,0,0,0,0,0,0,0,0,0,0,0,2,2,0,0,17,54,127,15,54,127,34.464793,22.804075,40.181587,11.764706,0.000000,0.000000,0,0,0,12098.712846,19.439513,161.271077,11496.802256,409.304379,128.433165,10588.478481,0.000000,0.000000,11126.216026,12098.712846,972.496821,3.383041,1.061544,87.517396,0.000000,8.038019,20.249493,11.666021,3.621040,0.043590,2,0.000000,0,0,0,100.000000,4.884220,98.989899,34.956396,5452.622222,7591.323859,0.000000,118.840914
4740.000000,pure-acoustic,none,hardware,1,0,0,0,fifo,0.000500,180,15,hybrid,0.050000,4000.000000,6.087000,52.000000,500.000000,500.000000,2.000000,120.000000,0.000000,198,127,198,0,196,15,54,127,0,0,0,0,0,0,0,0,0.000000,0.000000,0.000000,clear-ocean,30.000000,60.000000,0.151000,1796,5227164,1340.298462,28.276339,93,22,0,71,0,273,73,4,196,0,0,0,0,0,0,0,0,0,0,0,2,2,0,0,17,54,127,15,54,127,34.464793,22.804075,40.181587,11.764706,0.000000,0.000000,0,0,0,12104.112846,19.439513,161.271077,11496.802256,413.440549,129.467208,10588.708268,0.000000,0.000000,11131.616026,12104.112846,972.496821,3.415703,1.069613,87.480251,0.000000,8.034433,20.249493,11.666021,3.621040,0.043038,2,0.000000,0,0,0,100.000000,4.884220,98.989899,34.956396,5383.601688,7677.430575,0.000000,60.303909
4800.000000,pure-acoustic,none,hardware,1,0,0,0,fifo,0.000500,180,15,hybrid,0.050000,4000.000000,6.087000,52.000000,500.000000,500.000000,2.000000,120.000000,0.000000,198,127,198,0,196,15,54,127,0,0,0,0,0,0,0,0,0.000000,0.000000,0.000000,clear-ocean,30.000000,60.000000,0.151000,1796,5227164,1340.298462,27.922885,93,22,0,71,0,273,73,4,196,0,0,0,0,0,0,0,0,0,0,0,2,2,0,0,17,54,127,15,54,127,34.464793,22.804075,40.181587,11.764706,0.000000,0.000000,0,0,0,12109.512846,19.439513,161.271077,11496.802256,417.576720,130.501250,10588.938056,0.000000,0.000000,11137.016026,12109.512846,972.496821,3.448336,1.077675,87.443138,0.000000,8.030850,20.249493,11.666021,3.621040,0.042500,2,0.000000,0,0,0,100.000000,4.884220,98.989899,34.956396,5316.306667,7763.537292,0.000000,19.753718
4860.000000,pure-acoustic,none,hardware,1,0,0,0,fifo,0.000500,180,15,hybrid,0.050000,4000.000000,6.087000,52.000000,500.000000,500.000000,2.000000,120.000000,0.000000,198,127,198,0,196,15,54,127,0,0,0,0,0,0,0,0,0.000000,0.000000,0.000000,clear-ocean,30.000000,60.000000,0.151000,1796,5227164,1340.298462,27.578158,93,22,0,71,0,273,73,4,196,0,0,0,0,0,0,0,0,0,0,0,2,2,0,0,17,54,127,15,54,127,34.464793,22.804075,40.181587,11.764706,0.000000,0.000000,0,0,0,12114.912846,19.439513,161.271077,11496.802256,421.712890,131.535293,10589.167843,0.000000,0.000000,11142.416026,12114.912846,972.496821,3.480940,1.085730,87.406059,0.000000,8.027270,20.249493,11.666021,3.621040,0.041975,2,0.000000,0,0,0,100.000000,4.884220,98.989899,34.956396,5250.673251,7849.644008,0.000000,1.035273
4920.000000,pure-acoustic,none,hardware,1,0,0,0,fifo,0.000500,180,15,hybrid,0.050000,4000.000000,6.087000,52.000000,500.000000,500.000000,2.000000,120.000000,0.000000,198,127,198,0,196,15,54,127,0,0,0,0,0,0,0,0,0.000000,0.000000,0.000000,clear-ocean,30.000000,60.000000,0.151000,1796,5227164,1340.298462,27.241839,93,22,0,71,0,273,73,4,196,0,0,0,0,0,0,0,0,0,0,0,2,2,0,0,17,54,127,15,54,127,34.464793,22.804075,40.181587,11.764706,0.000000,0.000000,0,0,0,12120.312846,19.439513,161.271077,11496.802256,425.849060,132.569336,10589.397630,0.000000,0.000000,11147.816026,12120.312846,972.496821,3.513515,1.093778,87.369012,0.000000,8.023694,20.249493,11.666021,3.621040,0.041463,2,0.000000,0,0,0,100.000000,4.884220,98.989899,34.956396,5186.640650,7935.750724,-0.000000,5.923441
4980.000000,pure-acoustic,none,hardware,1,0,0,0,fifo,0.000500,180,15,hybrid,0.050000,4000.000000,6.087000,52.000000,500.000000,500.000000,2.000000,120.000000,0.000000,198,127,198,0,196,15,54,127,0,0,0,0,0,0,0,0,0.000000,0.000000,0.000000,clear-ocean,30.000000,60.000000,0.151000,1796,5227164,1340.298462,26.913624,93,22,0,71,0,273,73,4,196,0,0,0,0,0,0,0,0,0,0,0,2,2,0,0,17,54,127,15,54,127,34.464793,22.804075,40.181587,11.764706,0.000000,0.000000,0,0,0,12125.712846,19.439513,161.271077,11496.802256,429.985230,133.603378,10589.627417,0.000000,0.000000,11153.216026,12125.712846,972.496821,3.546061,1.101819,87.331999,0.000000,8.020121,20.249493,11.666021,3.621040,0.040964,2,0.000000,0,0,0,100.000000,4.884220,98.989899,34.956396,5124.151004,8021.857440,-0.000000,33.954730
5040.000000,pure-acoustic,none,hardware,1,0,0,0,fifo,0.000500,180,15,hybrid,0.050000,4000.000000,6.087000,52.000000,500.000000,500.000000,2.000000,120.000000,0.000000,198,127,198,0,196,15,54,127,0,0,0,0,0,0,0,0,0.000000,0.000000,0.000000,clear-ocean,30.000000,60.000000,0.151000,1796,5227164,1340.298462,26.593223,93,22,0,71,0,273,73,4,196,0,0,0,0,0,0,0,0,0,0,0,2,2,0,0,17,54,127,15,54,127,34.464793,22.804075,40.181587,11.764706,0.000000,0.000000,0,0,0,12131.112846,19.439513,161.271077,11496.802256,434.121400,134.637421,10589.857205,0.000000,0.000000,11158.616026,12131.112846,972.496821,3.578579,1.109852,87.295019,0.000000,8.016551,20.249493,11.666021,3.621040,0.040476,2,0.000000,0,0,0,100.000000,4.884220,98.989899,34.956396,5063.149206,8107.964156,-0.000000,82.471238
5100.000000,pure-acoustic,none,hardware,1,0,0,0,fifo,0.000500,180,15,hybrid,0.050000,4000.000000,6.087000,52.000000,500.000000,500.000000,2.000000,120.000000,0.000000,198,127,198,0,196,15,54,127,0,0,0,0,0,0,0,0,0.000000,0.000000,0.000000,clear-ocean,30.000000,60.000000,0.151000,1796,5227164,1340.298462,26.280362,93,22,0,71,0,273,73,4,196,0,0,0,0,0,0,0,0,0,0,0,2,2,0,0,17,54,127,15,54,127,34.464793,22.804075,40.181587,11.764706,0.000000,0.000000,0,0,0,12136.512846,19.439513,161.271077,11496.802256,438.257571,135.671463,10590.086992,0.000000,0.000000,11164.016026,12136.512846,972.496821,3.611067,1.117878,87.258071,0.000000,8.012984,20.249493,11.666021,3.621040,0.040000,2,0.000000,0,0,0,100.000000,4.884220,98.989899,34.956396,5003.582745,8194.070872,-0.000000,146.872673
5160.000000,pure-acoustic,none,hardware,1,0,0,0,fifo,0.000500,180,15,hybrid,0.050000,4000.000000,6.087000,52.000000,500.000000,500.000000,2.000000,120.000000,0.000000,198,127,198,0,196,15,54,127,0,0,0,0,0,0,0,0,0.000000,0.000000,0.000000,clear-ocean,30.000000,60.000000,0.151000,1796,5227164,1340.298462,25.974776,93,22,0,71,0,273,73,4,196,0,0,0,0,0,0,0,0,0,0,0,2,2,0,0,17,54,127,15,54,127,34.464793,22.804075,40.181587,11.764706,0.000000,0.000000,0,0,0,12141.912846,19.439513,161.271077,11496.802256,442.393741,136.705506,10590.316779,0.000000,0.000000,11169.416026,12141.912846,972.496821,3.643526,1.125898,87.221156,0.000000,8.009420,20.249493,11.666021,3.621040,0.039535,2,0.000000,0,0,0,100.000000,4.884220,98.989899,34.956396,4945.401550,8280.177588,-0.000000,221.052549
5220.000000,pure-acoustic,none,hardware,1,0,0,0,fifo,0.000500,180,15,hybrid,0.050000,4000.000000,6.087000,52.000000,500.000000,500.000000,2.000000,120.000000,0.000000,198,127,198,0,196,15,54,127,0,0,0,0,0,0,0,0,0.000000,0.000000,0.000000,clear-ocean,30.000000,60.000000,0.151000,1796,5227164,1340.298462,25.676216,93,22,0,71,0,273,73,4,196,0,0,0,0,0,0,0,0,0,0,0,2,2,0,0,17,54,127,15,54,127,34.464793,22.804075,40.181587,11.764706,0.000000,0.000000,0,0,0,12147.312846,19.439513,161.271077,11496.802256,446.529911,137.739548,10590.546566,0.000000,0.000000,11174.816026,12147.312846,972.496821,3.675956,1.133910,87.184274,0.000000,8.005860,20.249493,11.666021,3.621040,0.039080,2,0.000000,0,0,0,100.000000,4.884220,98.989899,34.956396,4888.557854,8366.284305,-0.000000,297.977197
5280.000000,pure-acoustic,none,hardware,1,0,0,0,fifo,0.000500,180,15,hybrid,0.050000,4000.000000,6.087000,52.000000,500.000000,500.000000,2.000000,120.000000,0.000000,198,127,198,0,196,15,54,127,0,0,0,0,0,0,0,0,0.000000,0.000000,0.000000,clear-ocean,30.000000,60.000000,0.151000,1796,5227164,1340.298462,25.384441,93,22,0,71,0,273,73,4,196,0,0,0,0,0,0,0,0,0,0,0,2,2,0,0,17,54,127,15,54,127,34.464793,22.804075,40.181587,11.764706,0.000000,0.000000,0,0,0,12152.712846,19.439513,161.271077,11496.802256,450.666081,138.773591,10590.776354,0.000000,0.000000,11180.216026,12152.712846,972.496821,3.708358,1.141915,87.147425,0.000000,8.002302,20.249493,11.666021,3.621040,0.038636,2,0.000000,0,0,0,100.000000,4.884220,98.989899,34.956396,4833.006061,8452.391021,-0.000000,370.352689
5340.000000,pure-acoustic,none,hardware,1,0,0,0,fifo,0.000500,180,15,hybrid,0.050000,4000.000000,6.087000,52.000000,500.000000,500.000000,2.000000,120.000000,0.000000,198,127,198,0,196,15,54,127,0,0,0,0,0,0,0,0,0.000000,0.000000,0.000000,clear-ocean,30.000000,60.000000,0.151000,1796,5227164,1340.298462,25.099222,93,22,0,71,0,273,73,4,196,0,0,0,0,0,0,0,0,0,0,0,2,2,0,0,17,54,127,15,54,127,34.464793,22.804075,40.181587,11.764706,0.000000,0.000000,0,0,0,12158.112846,19.439513,161.271077,11496.802256,454.802252,139.807633,10591.006141,0.000000,0.000000,11185.616026,12158.112846,972.496821,3.740731,1.149912,87.110609,0.000000,7.998748,20.249493,11.666021,3.621040,0.038202,2,0.000000,0,0,0,100.000000,4.884220,98.989899,34.956396,4778.702622,8538.497737,-0.000000,431.316448
5400.000000,pure-acoustic,none,hardware,1,0,0,0,fifo,0.000500,180,15,hybrid,0.050000,4000.000000,6.087000,52.000000,500.000000,500.000000,2.000000,120.000000,0.000000,198,127,198,0,196,15,54,127,0,0,0,0,0,0,0,0,0.000000,0.000000,0.000000,clear-ocean,30.000000,60.000000,0.151000,1796,5227164,1340.298462,24.820342,93,22,0,71,0,273,73,4,196,0,0,0,0,0,0,0,0,0,0,0,2,2,0,0,17,54,127,15,54,127,34.464793,22.804075,40.181587,11.764706,0.000000,0.000000,0,0,0,12163.512846,19.439513,161.271077,11496.802256,458.938422,140.841676,10591.235928,0.000000,0.000000,11191.016026,12163.512846,972.496821,3.773075,1.157903,87.073825,0.000000,7.995197,20.249493,11.666021,3.621040,0.037778,2,0.000000,0,0,0,100.000000,4.884220,98.989899,34.956396,4725.605926,8624.604453,-0.000000,475.087943
5460.000000,pure-acoustic,none,hardware,1,0,0,0,fifo,0.000500,180,15,hybrid,0.050000,4000.000000,6.087000,52.000000,500.000000,500.000000,2.000000,120.000000,0.000000,198,127,198,0,196,15,54,127,0,0,0,0,0,0,0,0,0.000000,0.000000,0.000000,clear-ocean,30.000000,60.000000,0.151000,1796,5227164,1340.298462,24.547591,93,22,0,71,0,273,73,4,196,0,0,0,0,0,0,0,0,0,0,0,2,2,0,0,17,54,127,15,54,127,34.464793,22.804075,40.181587,11.764706,0.000000,0.000000,0,0,0,12168.912846,19.439513,161.271077,11496.802256,463.074592,141.875718,10591.465715,0.000000,0.000000,11196.416026,12168.912846,972.496821,3.805390,1.165887,87.037074,0.000000,7.991649,20.249493,11.666021,3.621040,0.037363,2,0.000000,0,0,0,100.000000,4.884220,98.989899,34.956396,4673.676190,8710.711169,-0.000000,497.516801
5520.000000,pure-acoustic,none,hardware,1,0,0,0,fifo,0.000500,180,15,hybrid,0.050000,4000.000000,6.087000,52.000000,500.000000,500.000000,2.000000,120.000000,0.000000,198,127,198,0,196,15,54,127,0,0,0,0,0,0,0,0,0.000000,0.000000,0.000000,clear-ocean,30.000000,60.000000,0.151000,1796,5227164,1340.298462,24.280769,93,22,0,71,0,273,73,4,196,0,0,0,0,0,0,0,0,0,0,0,2,2,0,0,17,54,127,15,54,127,34.464793,22.804075,40.181587,11.764706,0.000000,0.000000,0,0,0,12174.312846,19.439513,161.271077,11496.802256,467.210762,142.909761,10591.695502,0.000000,0.000000,11201.816026,12174.312846,972.496821,3.837677,1.173863,87.000356,0.000000,7.988104,20.249493,11.666021,3.621040,0.036957,2,0.000000,0,0,0,100.000000,4.884220,98.989899,34.956396,4622.875362,8796.817885,0.000000,496.476337
5580.000000,pure-acoustic,none,hardware,1,0,0,0,fifo,0.000500,180,15,hybrid,0.050000,4000.000000,6.087000,52.000000,500.000000,500.000000,2.000000,120.000000,0.000000,198,127,198,0,196,15,54,127,0,0,0,0,0,0,0,0,0.000000,0.000000,0.000000,clear-ocean,30.000000,60.000000,0.151000,1796,5227164,1340.298462,24.019686,93,22,0,71,0,273,73,4,196,0,0,0,0,0,0,0,0,0,0,0,2,2,0,0,17,54,127,15,54,127,34.464793,22.804075,40.181587,11.764706,0.000000,0.000000,0,0,0,12179.712846,19.439513,161.271077,11496.802256,471.346932,143.943804,10591.925290,0.000000,0.000000,11207.216026,12179.712846,972.496821,3.869935,1.181832,86.963670,0.000000,7.984563,20.249493,11.666021,3.621040,0.036559,2,0.000000,0,0,0,100.000000,4.884220,98.989899,34.956396,4573.167025,8882.924601,0.000000,472.065207
5640.000000,pure-acoustic,none,hardware,1,0,0,0,fifo,0.000500,180,15,hybrid,0.050000,4000.000000,6.087000,52.000000,500.000000,500.000000,2.000000,120.000000,0.000000,198,127,198,0,196,15,54,127,0,0,0,0,0,0,0,0,0.000000,0.000000,0.000000,clear-ocean,30.000000,60.000000,0.151000,1796,5227164,1340.298462,23.764157,93,22,0,71,0,273,73,4,196,0,0,0,0,0,0,0,0,0,0,0,2,2,0,0,17,54,127,15,54,127,34.464793,22.804075,40.181587,11.764706,0.000000,0.000000,0,0,0,12185.112846,19.439513,161.271077,11496.802256,475.483103,144.977846,10592.155077,0.000000,0.000000,11212.616026,12185.112846,972.496821,3.902164,1.189795,86.927017,0.000000,7.981024,20.249493,11.666021,3.621040,0.036170,2,0.000000,0,0,0,100.000000,4.884220,98.989899,34.956396,4524.516312,8969.031318,0.000000,426.598054
5700.000000,pure-acoustic,none,hardware,1,0,0,0,fifo,0.000500,180,15,hybrid,0.050000,4000.000000,6.087000,52.000000,500.000000,500.000000,2.000000,120.000000,0.000000,198,127,198,0,196,15,54,127,0,0,0,0,0,0,0,0,0.000000,0.000000,0.000000,clear-ocean,30.000000,60.000000,0.151000,1796,5227164,1340.298462,23.514008,93,22,0,71,0,273,73,4,196,0,0,0,0,0,0,0,0,0,0,0,2,2,0,0,17,54,127,15,54,127,34.464793,22.804075,40.181587,11.764706,0.000000,0.000000,0,0,0,12190.512846,19.439513,161.271077,11496.802256,479.619273,146.011889,10592.384864,0.000000,0.000000,11218.016026,12190.512846,972.496821,3.934365,1.197750,86.890396,0.000000,7.977489,20.249493,11.666021,3.621040,0.035789,2,0.000000,0,0,0,100.000000,4.884220,98.989899,34.956396,4476.889825,9055.138034,0.000000,364.386030
5760.000000,pure-acoustic,none,hardware,1,0,0,0,fifo,0.000500,180,15,hybrid,0.050000,4000.000000,6.087000,52.000000,500.000000,500.000000,2.000000,120.000000,0.000000,198,127,198,0,196,15,54,127,0,0,0,0,0,0,0,0,0.000000,0.000000,0.000000,clear-ocean,30.000000,60.000000,0.151000,1796,5227164,1340.298462,23.269071,93,22,0,71,0,273,73,4,196,0,0,0,0,0,0,0,0,0,0,0,2,2,0,0,17,54,127,15,54,127,34.464793,22.804075,40.181587,11.764706,0.000000,0.000000,0,0,0,12195.912846,19.439513,161.271077,11496.802256,483.755443,147.045931,10592.614651,0.000000,0.000000,11223.416026,12195.912846,972.496821,3.966537,1.205698,86.853807,0.000000,7.973957,20.249493,11.666021,3.621040,0.035417,2,0.000000,0,0,0,100.000000,4.884220,98.989899,34.956396,4430.255556,9141.244750,0.000000,291.328026
5820.000000,pure-acoustic,none,hardware,1,0,0,0,fifo,0.000500,180,15,hybrid,0.050000,4000.000000,6.087000,52.000000,500.000000,500.000000,2.000000,120.000000,0.000000,198,127,198,0,196,15,54,127,0,0,0,0,0,0,0,0,0.000000,0.000000,0.000000,clear-ocean,30.000000,60.000000,0.151000,1796,5227164,1340.298462,23.029183,93,22,0,71,0,273,73,4,196,0,0,0,0,0,0,0,0,0,0,0,2,2,0,0,17,54,127,15,54,127,34.464793,22.804075,40.181587,11.764706,0.000000,0.000000,0,0,0,12201.312846,19.439513,161.271077,11496.802256,487.891613,148.079974,10592.844439,0.000000,0.000000,11228.816026,12201.312846,972.496821,3.998681,1.213640,86.817251,0.000000,7.970428,20.249493,11.666021,3.621040,0.035052,2,0.000000,0,0,0,100.000000,4.884220,98.989899,34.956396,4384.582818,9227.351466,0.000000,214.351336
5880.000000,pure-acoustic,none,hardware,1,0,0,0,fifo,0.000500,180,15,hybrid,0.050000,4000.000000,6.087000,52.000000,500.000000,500.000000,2.000000,120.000000,0.000000,198,127,198,0,196,15,54,127,0,0,0,0,0,0,0,0,0.000000,0.000000,0.000000,clear-ocean,30.000000,60.000000,0.151000,1796,5227164,1340.298462,22.794192,93,22,0,71,0,273,73,4,196,0,0,0,0,0,0,0,0,0,0,0,2,2,0,0,17,54,127,15,54,127,34.464793,22.804075,40.181587,11.764706,0.000000,0.000000,0,0,0,12206.712846,19.439513,161.271077,11496.802256,492.027783,149.114016,10593.074226,0.000000,0.000000,11234.216026,12206.712846,972.496821,4.030797,1.221574,86.780728,0.000000,7.966902,20.249493,11.666021,3.621040,0.034694,2,0.000000,0,0,0,100.000000,4.884220,98.989899,34.956396,4339.842177,9313.458182,0.000000,140.754819
5940.000000,pure-acoustic,none,hardware,1,0,0,0,fifo,0.000500,180,15,hybrid,0.050000,4000.000000,6.087000,52.000000,500.000000,500.000000,2.000000,120.000000,0.000000,198,127,198,0,196,15,54,127,0,0,0,0,0,0,0,0,0.000000,0.000000,0.000000,clear-ocean,30.000000,60.000000,0.151000,1796,5227164,1340.298462,22.563947,93,22,0,71,0,273,73,4,196,0,0,0,0,0,0,0,0,0,0,0,2,2,0,0,17,54,127,15,54,127,34.464793,22.804075,40.181587,11.764706,0.000000,0.000000,0,0,0,12212.112846,19.439513,161.271077,11496.802256,496.163954,150.148059,10593.304013,0.000000,0.000000,11239.616026,12212.112846,972.496821,4.062884,1.229501,86.744236,0.000000,7.963379,20.249493,11.666021,3.621040,0.034343,2,0.000000,0,0,0,100.000000,4.884220,98.989899,34.956396,4296.005387,9399.564898,0.000000,77.516833
6000.000000,pure-acoustic,none,hardware,1,0,0,0,fifo,0.000500,180,15,hybrid,0.050000,4000.000000,6.087000,52.000000,500.000000,500.000000,2.000000,120.000000,0.000000,198,127,198,0,196,15,54,127,0,0,0,0,0,0,0,0,0.000000,0.000000,0.000000,clear-ocean,30.000000,60.000000,0.151000,1796,5227164,1340.298462,22.338308,93,22,0,71,0,273,73,4,196,0,0,0,0,0,0,0,0,0,0,0,2,2,0,0,17,54,127,15,54,127,34.464793,22.804075,40.181587,11.764706,0.000000,0.000000,0,0,0,12217.512846,19.439513,161.271077,11496.802256,500.300124,151.182101,10593.533800,0.000000,0.000000,11245.016026,12217.512846,972.496821,4.094942,1.237421,86.707777,0.000000,7.959859,20.249493,11.666021,3.621040,0.034000,2,0.000000,0,0,0,100.000000,4.884220,98.989899,34.956396,4253.045333,9485.671614,0.000000,30.633547
6060.000000,pure-acoustic,none,hardware,1,0,0,0,fifo,0.000500,180,15,hybrid,0.050000,4000.000000,6.087000,52.000000,500.000000,500.000000,2.000000,120.000000,0.000000,198,127,198,0,196,15,54,127,0,0,0,0,0,0,0,0,0.000000,0.000000,0.000000,clear-ocean,30.000000,60.000000,0.151000,1796,5227164,1340.298462,22.117136,93,22,0,71,0,273,73,4,196,0,0,0,0,0,0,0,0,0,0,0,2,2,0,0,17,54,127,15,54,127,34.464793,22.804075,40.181587,11.764706,0.000000,0.000000,0,0,0,12222.912846,19.439513,161.271077,11496.802256,504.436294,152.216144,10593.763588,0.000000,0.000000,11250.416026,12222.912846,972.496821,4.126973,1.245334,86.671350,0.000000,7.956343,20.249493,11.666021,3.621040,0.033663,2,0.000000,0,0,0,100.000000,4.884220,98.989899,34.956396,4210.935974,9571.778331,0.000000,4.550391
6120.000000,pure-acoustic,none,hardware,1,0,0,0,fifo,0.000500,180,15,hybrid,0.050000,4000.000000,6.087000,52.000000,500.000000,500.000000,2.000000,120.000000,0.000000,198,127,198,0,196,15,54,127,0,0,0,0,0,0,0,0,0.000000,0.000000,0.000000,clear-ocean,30.000000,60.000000,0.151000,1796,5227164,1340.298462,21.900302,93,22,0,71,0,273,73,4,196,0,0,0,0,0,0,0,0,0,0,0,2,2,0,0,17,54,127,15,54,127,34.464793,22.804075,40.181587,11.764706,0.000000,0.000000,0,0,0,12228.312846,19.439513,161.271077,11496.802256,508.572464,153.250187,10593.993375,0.000000,0.000000,11255.816026,12228.312846,972.496821,4.158975,1.253241,86.634955,0.000000,7.952829,20.249493,11.666021,3.621040,0.033333,2,0.000000,0,0,0,100.000000,4.884220,98.989899,34.956396,4169.652288,9657.885047,-0.000000,1.740548
6180.000000,pure-acoustic,none,hardware,1,0,0,0,fifo,0.000500,180,15,hybrid,0.050000,4000.000000,6.087000,52.000000,500.000000,500.000000,2.000000,120.000000,0.000000,198,127,198,0,196,15,54,127,0,0,0,0,0,0,0,0,0.000000,0.000000,0.000000,clear-ocean,30.000000,60.000000,0.151000,1796,5227164,1340.298462,21.687677,93,22,0,71,0,273,73,4,196,0,0,0,0,0,0,0,0,0,0,0,2,2,0,0,17,54,127,15,54,127,34.464793,22.804075,40.181587,11.764706,0.000000,0.000000,0,0,0,12233.712846,19.439513,161.271077,11496.802256,512.708634,154.284229,10594.223162,0.000000,0.000000,11261.216026,12233.712846,972.496821,4.190949,1.261140,86.598593,0.000000,7.949319,20.249493,11.666021,3.621040,0.033010,2,0.000000,0,0,0,100.000000,4.884220,98.989899,34.956396,4129.170227,9743.991763,-0.000000,22.470444
6240.000000,pure-acoustic,none,hardware,1,0,0,0,fifo,0.000500,180,15,hybrid,0.050000,4000.000000,6.087000,52.000000,500.000000,500.000000,2.000000,120.000000,0.000000,198,127,198,0,196,15,54,127,0,0,0,0,0,0,0,0,0.000000,0.000000,0.000000,clear-ocean,30.000000,60.000000,0.151000,1796,5227164,1340.298462,21.479142,93,22,0,71,0,273,73,4,196,0,0,0,0,0,0,0,0,0,0,0,2,2,0,0,17,54,127,15,54,127,34.464793,22.804075,40.181587,11.764706,0.000000,0.000000,0,0,0,12239.112846,19.439513,161.271077,11496.802256,516.844805,155.318272,10594.452949,0.000000,0.000000,11266.616026,12239.112846,972.496821,4.222894,1.269032,86.562262,0.000000,7.945811,20.249493,11.666021,3.621040,0.032692,2,0.000000,0,0,0,100.000000,4.884220,98.989899,34.956396,4089.466667,9830.098479,-0.000000,64.774488
6300.000000,pure-acoustic,none,hardware,1,0,0,0,fifo,0.000500,180,15,hybrid,0.050000,4000.000000,6.087000,52.000000,500.000000,500.000000,2.000000,120.000000,0.000000,198,127,198,0,196,15,54,127,0,0,0,0,0,0,0,0,0.000000,0.000000,0.000000,clear-ocean,30.000000,60.000000,0.151000,1796,5227164,1340.298462,21.274579,93,22,0,71,0,273,73,4,196,0,0,0,0,0,0,0,0,0,0,0,2,2,0,0,17,54,127,15,54,127,34.464793,22.804075,40.181587,11.764706,0.000000,0.000000,0,0,0,12244.512846,19.439513,161.271077,11496.802256,520.980975,156.352314,10594.682736,0.000000,0.000000,11272.016026,12244.512846,972.496821,4.254812,1.276917,86.525964,0.000000,7.942307,20.249493,11.666021,3.621040,0.032381,2,0.000000,0,0,0,100.000000,4.884220,98.989899,34.956396,4050.519365,9916.205195,-0.000000,124.641450
6360.000000,pure-acoustic,none,hardware,1,0,0,0,fifo,0.000500,180,15,hybrid,0.050000,4000.000000,6.087000,52.000000,500.000000,500.000000,2.000000,120.000000,0.000000,198,127,198,0,196,15,54,127,0,0,0,0,0,0,0,0,0.000000,0.000000,0.000000,clear-ocean,30.000000,60.000000,0.151000,1796,5227164,1340.298462,21.073875,93,22,0,71,0,273,73,4,196,0,0,0,0,0,0,0,0,0,0,0,2,2,0,0,17,54,127,15,54,127,34.464793,22.804075,40.181587,11.764706,0.000000,0.000000,0,0,0,12249.912846,19.439513,161.271077,11496.802256,525.117145,157.386357,10594.912524,0.000000,0.000000,11277.416026,12249.912846,972.496821,4.286701,1.284796,86.489697,0.000000,7.938806,20.249493,11.666021,3.621040,0.032075,2,0.000000,0,0,0,100.000000,4.884220,98.989899,34.956396,4012.306918,10002.311911,-0.000000,196.394798
6420.000000,pure-acoustic,none,hardware,1,0,0,0,fifo,0.000500,180,15,hybrid,0.050000,4000.000000,6.087000,52.000000,500.000000,500.000000,2.000000,120.000000,0.000000,198,127,198,0,196,15,54,127,0,0,0,0,0,0,0,0,0.000000,0.000000,0.000000,clear-ocean,30.000000,60.000000,0.151000,1796,5227164,1340.298462,20.876923,93,22,0,71,0,273,73,4,196,0,0,0,0,0,0,0,0,0,0,0,2,2,0,0,17,54,127,15,54,127,34.464793,22.804075,40.181587,11.764706,0.000000,0.000000,0,0,0,12255.312846,19.439513,161.271077,11496.802256,529.253315,158.420399,10595.142311,0.000000,0.000000,11282.816026,12255.312846,972.496821,4.318562,1.292667,86.453463,0.000000,7.935308,20.249493,11.666021,3.621040,0.031776,2,0.000000,0,0,0,100.000000,4.884220,98.989899,34.956396,3974.808723,10088.418627,-0.000000,273.230942
6480.000000,pure-acoustic,none,hardware,1,0,0,0,fifo,0.000500,180,15,hybrid,0.050000,4000.000000,6.087000,52.000000,500.000000,500.000000,2.000000,120.000000,0.000000,198,127,198,0,196,15,54,127,0,0,0,0,0,0,0,0,0.000000,0.000000,0.000000,clear-ocean,30.000000,60.000000,0.151000,1796,5227164,1340.298462,20.683618,93,22,0,71,0,273,73,4,196,0,0,0,0,0,0,0,0,0,0,0,2,2,0,0,17,54,127,15,54,127,34.464793,22.804075,40.181587,11.764706,0.000000,0.000000,0,0,0,12260.712846,19.439513,161.271077,11496.802256,533.389486,159.454442,10595.372098,0.000000,0.000000,11288.216026,12260.712846,972.496821,4.350395,1.300532,86.417260,0.000000,7.931813,20.249493,11.666021,3.621040,0.031481,2,0.000000,0,0,0,100.000000,4.884220,98.989899,34.956396,3938.004938,10174.525344,-0.000000,347.864350
6540.000000,pure-acoustic,none,hardware,1,0,0,0,fifo,0.000500,180,15,hybrid,0.050000,4000.000000,6.087000,52.000000,500.000000,500.000000,2.000000,120.000000,0.000000,198,127,198,0,196,15,54,127,0,0,0,0,0,0,0,0,0.000000,0.000000,0.000000,clear-ocean,30.000000,60.000000,0.151000,1796,5227164,1340.298462,20.493860,93,22,0,71,0,273,73,4,196,0,0,0,0,0,0,0,0,0,0,0,2,2,0,0,17,54,127,15,54,127,34.464793,22.804075,40.181587,11.764706,0.000000,0.000000,0,0,0,12266.112846,19.439513,161.271077,11496.802256,537.525656,160.488484,10595.601885,0.000000,0.000000,11293.616026,12266.112846,972.496821,4.382200,1.308389,86.381089,0.000000,7.928321,20.249493,11.666021,3.621040,0.031193,2,0.000000,0,0,0,100.000000,4.884220,98.989899,34.956396,3901.876453,10260.632060,-0.000000,413.218348
6600.000000,pure-acoustic,none,hardware,1,0,0,0,fifo,0.000500,180,15,hybrid,0.050000,4000.000000,6.087000,52.000000,500.000000,500.000000,2.000000,120.000000,0.000000,198,127,198,0,196,15,54,127,0,0,0,0,0,0,0,0,0.000000,0.000000,0.000000,clear-ocean,30.000000,60.000000,0.151000,1796,5227164,1340.298462,20.307552,93,22,0,71,0,273,73,4,196,0,0,0,0,0,0,0,0,0,0,0,2,2,0,0,17,54,127,15,54,127,34.464793,22.804075,40.181587,11.764706,0.000000,0.000000,0,0,0,12271.512846,19.439513,161.271077,11496.802256,541.661826,161.522527,10595.831673,0.000000,0.000000,11299.016026,12271.512846,972.496821,4.413978,1.316240,86.344950,0.000000,7.924832,20.249493,11.666021,3.621040,0.030909,2,0.000000,0,0,0,100.000000,4.884220,98.989899,34.956396,3866.404848,10346.738776,-0.000000,463.096127
6660.000000,pure-acoustic,none,hardware,1,0,0,0,fifo,0.000500,180,15,hybrid,0.050000,4000.000000,6.087000,52.000000,500.000000,500.000000,2.000000,120.000000,0.000000,198,127,198,0,196,15,54,127,0,0,0,0,0,0,0,0,0.000000,0.000000,0.000000,clear-ocean,30.000000,60.000000,0.151000,1796,5227164,1340.298462,20.124602,93,22,0,71,0,273,73,4,196,0,0,0,0,0,0,0,0,0,0,0,2,2,0,0,17,54,127,15,54,127,34.464793,22.804075,40.181587,11.764706,0.000000,0.000000,0,0,0,12276.912846,19.439513,161.271077,11496.802256,545.797996,162.556570,10596.061460,0.000000,0.000000,11304.416026,12276.912846,972.496821,4.445727,1.324083,86.308843,0.000000,7.921347,20.249493,11.666021,3.621040,0.030631,2,0.000000,0,0,0,100.000000,4.884220,98.989899,34.956396,3831.572372,10432.845492,-0.000000,492.768323
6720.000000,pure-acoustic,none,hardware,1,0,0,0,fifo,0.000500,180,15,hybrid,0.050000,4000.000000,6.087000,52.000000,500.000000,500.000000,2.000000,120.000000,0.000000,198,127,198,0,196,15,54,127,0,0,0,0,0,0,0,0,0.000000,0.000000,0.000000,clear-ocean,30.000000,60.000000,0.151000,1796,5227164,1340.298462,19.944918,93,22,0,71,0,273,73,4,196,0,0,0,0,0,0,0,0,0,0,0,2,2,0,0,17,54,127,15,54,127,34.464793,22.804075,40.181587,11.764706,0.000000,0.000000,0,0,0,12282.312846,19.439513,161.271077,11496.802256,549.934166,163.590612,10596.291247,0.000000,0.000000,11309.816026,12282.312846,972.496821,4.477448,1.331920,86.272768,0.000000,7.917864,20.249493,11.666021,3.621040,0.030357,2,0.000000,0,0,0,100.000000,4.884220,98.989899,34.956396,3797.361905,10518.952208,0.000000,499.421444
6780.000000,pure-acoustic,none,hardware,1,0,0,0,fifo,0.000500,180,15,hybrid,0.050000,4000.000000,6.087000,52.000000,500.000000,500.000000,2.000000,120.000000,0.000000,198,127,198,0,196,15,54,127,0,0,0,0,0,0,0,0,0.000000,0.000000,0.000000,clear-ocean,30.000000,60.000000,0.151000,1796,5227164,1340.298462,19.768414,93,22,0,71,0,273,73,4,196,0,0,0,0,0,0,0,0,0,0,0,2,2,0,0,17,54,127,15,54,127,34.464793,22.804075,40.181587,11.764706,0.000000,0.000000,0,0,0,12287.712846,19.439513,161.271077,11496.802256,554.070337,164.624655,10596.521034,0.000000,0.000000,11315.216026,12287.712846,972.496821,4.509141,1.339750,86.236724,0.000000,7.914384,20.249493,11.666021,3.621040,0.030088,2,0.000000,0,0,0,100.000000,4.884220,98.989899,34.956396,3763.756932,10605.058924,0.000000,482.424646
6840.000000,pure-acoustic,none,hardware,1,0,0,0,fifo,0.000500,180,15,hybrid,0.050000,4000.000000,6.087000,52.000000,500.000000,500.000000,2.000000,120.000000,0.000000,198,127,198,0,196,15,54,127,0,0,0,0,0,0,0,0,0.000000,0.000000,0.000000,clear-ocean,30.000000,60.000000,0.151000,1796,5227164,1340.298462,19.595007,93,22,0,71,0,273,73,4,196,0,0,0,0,0,0,0,0,0,0,0,2,2,0,0,17,54,127,15,54,127,34.464793,22.804075,40.181587,11.764706,0.000000,0.000000,0,0,0,12293.112846,19.439513,161.271077,11496.802256,558.206507,165.658697,10596.750822,0.000000,0.000000,11320.616026,12293.112846,972.496821,4.540807,1.347573,86.200712,0.000000,7.910908,20.249493,11.666021,3.621040,0.029825,2,0.000000,0,0,0,100.000000,4.884220,98.989899,34.956396,3730.741520,10691.165640,0.000000,443.389552
6900.000000,pure-acoustic,none,hardware,1,0,0,0,fifo,0.000500,180,15,hybrid,0.050000,4000.000000,6.087000,52.000000,500.000000,500.000000,2.000000,120.000000,0.000000,198,127,198,0,196,15,54,127,0,0,0,0,0,0,0,0,0.000000,0.000000,0.000000,clear-ocean,30.000000,60.000000,0.151000,1796,5227164,1340.298462,19.424615,93,22,0,71,0,273,73,4,196,0,0,0,0,0,0,0,0,0,0,0,2,2,0,0,17,54,127,15,54,127,34.464793,22.804075,40.181587,11.764706,0.000000,0.000000,0,0,0,12298.512846,19.439513,161.271077,11496.802256,562.342677,166.692740,10596.980609,0.000000,0.000000,11326.016026,12298.512846,972.496821,4.572445,1.355389,86.164732,0.000000,7.907434,20.249493,11.666021,3.621040,0.029565,2,0.000000,0,0,0,100.000000,4.884220,98.989899,34.956396,3698.300290,10777.272357,0.000000,386.017433
6960.000000,pure-acoustic,none,hardware,1,0,0,0,fifo,0.000500,180,15,hybrid,0.050000,4000.000000,6.087000,52.000000,500.000000,500.000000,2.000000,120.000000,0.000000,198,127,198,0,196,15,54,127,0,0,0,0,0,0,0,0,0.000000,0.000000,0.000000,clear-ocean,30.000000,60.000000,0.151000,1796,5227164,1340.298462,19.257162,93,22,0,71,0,273,73,4,196,0,0,0,0,0,0,0,0,0,0,0,2,2,0,0,17,54,127,15,54,127,34.464793,22.804075,40.181587,11.764706,0.000000,0.000000,0,0,0,12303.912846,19.439513,161.271077,11496.802256,566.478847,167.726782,10597.210396,0.000000,0.000000,11331.416026,12303.912846,972.496821,4.604054,1.363199,86.128783,0.000000,7.903964,20.249493,11.666021,3.621040,0.029310,2,0.000000,0,0,0,100.000000,4.884220,98.989899,34.956396,3666.418391,10863.379073,0.000000,315.748263
7020.000000,pure-acoustic,none,hardware,1,0,0,0,fifo,0.000500,180,15,hybrid,0.050000,4000.000000,6.087000,52.000000,500.000000,500.000000,2.000000,120.000000,0.000000,198,127,198,0,196,15,54,127,0,0,0,0,0,0,0,0,0.000000,0.000000,0.000000,clear-ocean,30.000000,60.000000,0.151000,1796,5227164,1340.298462,19.092571,93,22,0,71,0,273,73,4,196,0,0,0,0,0,0,0,0,0,0,0,2,2,0,0,17,54,127,15,54,127,34.464793,22.804075,40.181587,11.764706,0.000000,0.000000,0,0,0,12309.312846,19.439513,161.271077,11496.802256,570.615017,168.760825,10597.440183,0.000000,0.000000,11336.816026,12309.312846,972.496821,4.635637,1.371001,86.092866,0.000000,7.900496,20.249493,11.666021,3.621040,0.029060,2,0.000000,0,0,0,100.000000,4.884220,98.989899,34.956396,3635.081481,10949.485789,0.000000,239.244901
7080.000000,pure-acoustic,none,hardware,1,0,0,0,fifo,0.000500,180,15,hybrid,0.050000,4000.000000,6.087000,52.000000,500.000000,500.000000,2.000000,120.000000,0.000000,198,127,198,0,196,15,54,127,0,0,0,0,0,0,0,0,0.000000,0.000000,0.000000,clear-ocean,30.000000,60.000000,0.151000,1796,5227164,1340.298462,18.930769,93,22,0,71,0,273,73,4,196,0,0,0,0,0,0,0,0,0,0,0,2,2,0,0,17,54,127,15,54,127,34.464793,22.804075,40.181587,11.764706,0.000000,0.000000,0,0,0,12314.712846,19.439513,161.271077,11496.802256,574.751188,169.794867,10597.669971,0.000000,0.000000,11342.216026,12314.712846,972.496821,4.667191,1.378797,86.056980,0.000000,7.897032,20.249493,11.666021,3.621040,0.028814,2,0.000000,0,0,0,100.000000,4.884220,98.989899,34.956396,3604.275706,11035.592505,0.000000,163.761329
7140.000000,pure-acoustic,none,hardware,1,0,0,0,fifo,0.000500,180,15,hybrid,0.050000,4000.000000,6.087000,52.000000,500.000000,500.000000,2.000000,120.000000,0.000000,198,127,198,0,196,15,54,127,0,0,0,0,0,0,0,0,0.000000,0.000000,0.000000,clear-ocean,30.000000,60.000000,0.151000,1796,5227164,1340.298462,18.771687,93,22,0,71,0,273,73,4,196,0,0,0,0,0,0,0,0,0,0,0,2,2,0,0,17,54,127,15,54,127,34.464793,22.804075,40.181587,11.764706,0.000000,0.000000,0,0,0,12320.112846,19.439513,161.271077,11496.802256,578.887358,170.828910,10597.899758,0.000000,0.000000,11347.616026,12320.112846,972.496821,4.698718,1.386586,86.021126,0.000000,7.893571,20.249493,11.666021,3.621040,0.028571,2,0.000000,0,0,0,100.000000,4.884220,98.989899,34.956396,3573.987675,11121.699221,0.000000,96.454830
7200.000000,pure-acoustic,none,hardware,1,0,0,0,fifo,0.000500,180,15,hybrid,0.050000,4000.000000,6.087000,52.000000,500.000000,500.000000,2.000000,120.000000,0.000000,198,127,198,0,196,15,54,127,0,0,0,0,0,0,0,0,0.000000,0.000000,0.000000,clear-ocean,30.000000,60.000000,0.151000,1796,5227164,1340.298462,18.615256,93,22,0,71,0,273,73,4,196,0,0,0,0,0,0,0,0,0,0,0,2,2,0,0,17,54,127,15,54,127,34.464793,22.804075,40.181587,11.764706,0.000000,0.000000,0,0,0,12325.512846,19.439513,161.271077,11496.802256,583.023528,171.862953,10598.129545,0.000000,0.000000,11353.016026,12325.512846,972.496821,4.730217,1.394368,85.985303,0.000000,7.890112,20.249493,11.666021,3.621040,0.028333,2,0.000000,0,0,0,100.000000,4.884220,98.989899,34.956396,3544.204444,11207.805937,0.000000,43.707346
7260.000000,pure-acoustic,none,hardware,1,0,0,0,fifo,0.000500,180,15,hybrid,0.050000,4000.000000,6.087000,52.000000,500.000000,500.000000,2.000000,120.000000,0.000000,198,127,198,0,196,15,54,127,0,0,0,0,0,0,0,0,0.000000,0.000000,0.000000,clear-ocean,30.000000,60.000000,0.151000,1796,5227164,1340.298462,18.461411,93,22,0,71,0,273,73,4,196,0,0,0,0,0,0,0,0,0,0,0,2,2,0,0,17,54,127,15,54,127,34.464793,22.804075,40.181587,11.764706,0.000000,0.000000,0,0,0,12330.912846,19.439513,161.271077,11496.802256,587.159698,172.896995,10598.359332,0.000000,0.000000,11358.416026,12330.912846,972.496821,4.761689,1.402143,85.949511,0.000000,7.886657,20.249493,11.666021,3.621040,0.028099,2,0.000000,0,0,0,100.000000,4.884220,98.989899,34.956396,3514.913499,11293.912653,0.000000,10.520348
7320.000000,pure-acoustic,none,hardware,1,0,0,0,fifo,0.000500,180,15,hybrid,0.050000,4000.000000,6.087000,52.000000,500.000000,500.000000,2.000000,120.000000,0.000000,198,127,198,0,196,15,54,127,0,0,0,0,0,0,0,0,0.000000,0.000000,0.000000,clear-ocean,30.000000,60.000000,0.151000,1796,5227164,1340.298462,18.310088,93,22,0,71,0,273,73,4,196,0,0,0,0,0,0,0,0,0,0,0,2,2,0,0,17,54,127,15,54,127,34.464793,22.804075,40.181587,11.764706,0.000000,0.000000,0,0,0,12336.312846,19.439513,161.271077,11496.802256,591.295869,173.931038,10598.589119,0.000000,0.000000,11363.816026,12336.312846,972.496821,4.793133,1.409911,85.913751,0.000000,7.883205,20.249493,11.666021,3.621040,0.027869,2,0.000000,0,0,0,100.000000,4.884220,98.989899,34.956396,3486.102732,11380.019370,-0.000000,0.040596
7380.000000,pure-acoustic,none,hardware,1,0,0,0,fifo,0.000500,180,15,hybrid,0.050000,4000.000000,6.087000,52.000000,500.000000,500.000000,2.000000,120.000000,0.000000,198,127,198,0,196,15,54,127,0,0,0,0,0,0,0,0,0.000000,0.000000,0.000000,clear-ocean,30.000000,60.000000,0.151000,1796,5227164,1340.298462,18.161226,93,22,0,71,0,273,73,4,196,0,0,0,0,0,0,0,0,0,0,0,2,2,0,0,17,54,127,15,54,127,34.464793,22.804075,40.181587,11.764706,0.000000,0.000000,0,0,0,12341.712846,19.439513,161.271077,11496.802256,595.432039,174.965080,10598.818907,0.000000,0.000000,11369.216026,12341.712846,972.496821,4.824549,1.417673,85.878022,0.000000,7.879756,20.249493,11.666021,3.621040,0.027642,2,0.000000,0,0,0,100.000000,4.884220,98.989899,34.956396,3457.760434,11466.126086,-0.000000,13.261771
7440.000000,pure-acoustic,none,hardware,1,0,0,0,fifo,0.000500,180,15,hybrid,0.050000,4000.000000,6.087000,52.000000,500.000000,500.000000,2.000000,120.000000,0.000000,198,127,198,0,196,15,54,127,0,0,0,0,0,0,0,0,0.000000,0.000000,0.000000,clear-ocean,30.000000,60.000000,0.151000,1796,5227164,1340.298462,18.014764,93,22,0,71,0,273,73,4,196,0,0,0,0,0,0,0,0,0,0,0,2,2,0,0,17,54,127,15,54,127,34.464793,22.804075,40.181587,11.764706,0.000000,0.000000,0,0,0,12347.112846,19.439513,161.271077,11496.802256,599.568209,175.999123,10599.048694,0.000000,0.000000,11374.616026,12347.112846,972.496821,4.855939,1.425427,85.842325,0.000000,7.876309,20.249493,11.666021,3.621040,0.027419,2,0.000000,0,0,0,100.000000,4.884220,98.989899,34.956396,3429.875269,11552.232802,-0.000000,48.930253
7500.000000,pure-acoustic,none,hardware,1,0,0,0,fifo,0.000500,180,15,hybrid,0.050000,4000.000000,6.087000,52.000000,500.000000,500.000000,2.000000,120.000000,0.000000,198,127,198,0,196,15,54,127,0,0,0,0,0,0,0,0,0.000000,0.000000,0.000000,clear-ocean,30.000000,60.000000,0.151000,1796,5227164,1340.298462,17.870646,93,22,0,71,0,273,73,4,196,0,0,0,0,0,0,0,0,0,0,0,2,2,0,0,17,54,127,15,54,127,34.464793,22.804075,40.181587,11.764706,0.000000,0.000000,0,0,0,12352.512846,19.439513,161.271077,11496.802256,603.704379,177.033165,10599.278481,0.000000,0.000000,11380.016026,12352.512846,972.496821,4.887300,1.433175,85.806658,0.000000,7.872866,20.249493,11.666021,3.621040,0.027200,2,0.000000,0,0,0,100.000000,4.884220,98.989899,34.956396,3402.436267,11638.339518,-0.000000,103.663988
7560.000000,pure-acoustic,none,hardware,1,0,0,0,fifo,0.000500,180,15,hybrid,0.050000,4000.000000,6.087000,52.000000,500.000000,500.000000,2.000000,120.000000,0.000000,198,127,198,0,196,15,54,127,0,0,0,0,0,0,0,0,0.000000,0.000000,0.000000,clear-ocean,30.000000,60.000000,0.151000,1796,5227164,1340.298462,17.728816,93,22,0,71,0,273,73,4,196,0,0,0,0,0,0,0,0,0,0,0,2,2,0,0,17,54,127,15,54,127,34.464793,22.804075,40.181587,11.764706,0.000000,0.000000,0,0,0,12357.912846,19.439513,161.271077,11496.802256,607.840549,178.067208,10599.508268,0.000000,0.000000,11385.416026,12357.912846,972.496821,4.918634,1.440917,85.771023,0.000000,7.869426,20.249493,11.666021,3.621040,0.026984,2,0.000000,0,0,0,100.000000,4.884220,98.989899,34.956396,3375.432804,11724.446234,-0.000000,172.273173
7620.000000,pure-acoustic,none,hardware,1,0,0,0,fifo,0.000500,180,15,hybrid,0.050000,4000.000000,6.087000,52.000000,500.000000,500.000000,2.000000,120.000000,0.000000,198,127,198,0,196,15,54,127,0,0,0,0,0,0,0,0,0.000000,0.000000,0.000000,clear-ocean,30.000000,60.000000,0.151000,1796,5227164,1340.298462,17.589219,93,22,0,71,0,273,73,4,196,0,0,0,0,0,0,0,0,0,0,0,2,2,0,0,17,54,127,15,54,127,34.464793,22.804075,40.181587,11.764706,0.000000,0.000000,0,0,0,12363.312846,19.439513,161.271077,11496.802256,611.976720,179.101250,10599.738056,0.000000,0.000000,11390.816026,12363.312846,972.496821,4.949941,1.448651,85.735419,0.000000,7.865989,20.249493,11.666021,3.621040,0.026772,2,0.000000,0,0,0,100.000000,4.884220,98.989899,34.956396,3348.854593,11810.552950,-0.000000,248.252347
7680.000000,pure-acoustic,none,hardware,1,0,0,0,fifo,0.000500,180,15,hybrid,0.050000,4000.000000,6.087000,52.000000,500.000000,500.000000,2.000000,120.000000,0.000000,198,127,198,0,196,15,54,127,0,0,0,0,0,0,0,0,0.000000,0.000000,0.000000,clear-ocean,30.000000,60.000000,0.151000,1796,5227164,1340.298462,17.451803,93,22,0,71,0,273,73,4,196,0,0,0,0,0,0,0,0,0,0,0,2,2,0,0,17,54,127,15,54,127,34.464793,22.804075,40.181587,11.764706,0.000000,0.000000,0,0,0,12368.712846,19.439513,161.271077,11496.802256,616.112890,180.135293,10599.967843,0.000000,0.000000,11396.216026,12368.712846,972.496821,4.981221,1.456379,85.699846,0.000000,7.862555,20.249493,11.666021,3.621040,0.026562,2,0.000000,0,0,0,100.000000,4.884220,98.989899,34.956396,3322.691667,11896.659666,-0.000000,324.397231
7740.000000,pure-acoustic,none,hardware,1,0,0,0,fifo,0.000500,180,15,hybrid,0.050000,4000.000000,6.087000,52.000000,500.000000,500.000000,2.000000,120.000000,0.000000,198,127,198,0,196,15,54,127,0,0,0,0,0,0,0,0,0.000000,0.000000,0.000000,clear-ocean,30.000000,60.000000,0.151000,1796,5227164,1340.298462,17.316518,93,22,0,71,0,273,73,4,196,0,0,0,0,0,0,0,0,0,0,0,2,2,0,0,17,54,127,15,54,127,34.464793,22.804075,40.181587,11.764706,0.000000,0.000000,0,0,0,12374.112846,19.439513,161.271077,11496.802256,620.249060,181.169336,10600.197630,0.000000,0.000000,11401.616026,12374.112846,972.496821,5.012473,1.464100,85.664304,0.000000,7.859124,20.249493,11.666021,3.621040,0.026357,2,0.000000,0,0,0,100.000000,4.884220,98.989899,34.956396,3296.934367,11982.766383,-0.000000,393.487836
7800.000000,pure-acoustic,none,hardware,1,0,0,0,fifo,0.000500,180,15,hybrid,0.050000,4000.000000,6.087000,52.000000,500.000000,500.000000,2.000000,120.000000,0.000000,198,127,198,0,196,15,54,127,0,0,0,0,0,0,0,0,0.000000,0.000000,0.000000,clear-ocean,30.000000,60.000000,0.151000,1796,5227164,1340.298462,17.183314,93,22,0,71,0,273,73,4,196,0,0,0,0,0,0,0,0,0,0,0,2,2,0,0,17,54,127,15,54,127,34.464793,22.804075,40.181587,11.764706,0.000000,0.000000,0,0,0,12379.512846,19.439513,161.271077,11496.802256,624.385230,182.203378,10600.427417,0.000000,0.000000,11407.016026,12379.512846,972.496821,5.043698,1.471814,85.628793,0.000000,7.855695,20.249493,11.666021,3.621040,0.026154,2,0.000000,0,0,0,100.000000,4.884220,98.989899,34.956396,3271.573333,12068.873099,-0.000000,448.973053
7860.000000,pure-acoustic,none,hardware,1,0,0,0,fifo,0.000500,180,15,hybrid,0.050000,4000.000000,6.087000,52.000000,500.000000,500.000000,2.000000,120.000000,0.000000,198,127,198,0,196,15,54,127,0,0,0,0,0,0,0,0,0.000000,0.000000,0.000000,clear-ocean,30.000000,60.000000,0.151000,1796,5227164,1340.298462,17.052143,93,22,0,71,0,273,73,4,196,0,0,0,0,0,0,0,0,0,0,0,2,2,0,0,17,54,127,15,54,127,34.464793,22.804075,40.181587,11.764706,0.000000,0.000000,0,0,0,12384.912846,19.439513,161.271077,11496.802256,628.521400,183.237421,10600.657205,0.000000,0.000000,11412.416026,12384.912846,972.496821,5.074896,1.479521,85.593313,0.000000,7.852270,20.249493,11.666021,3.621040,0.025954,2,0.000000,0,0,0,100.000000,4.884220,98.989899,34.956396,3246.599491,12154.979815,-0.000000,485.591824
7920.000000,pure-acoustic,none,hardware,1,0,0,0,fifo,0.000500,180,15,hybrid,0.050000,4000.000000,6.087000,52.000000,500.000000,500.000000,2.000000,120.000000,0.000000,198,127,198,0,196,15,54,127,0,0,0,0,0,0,0,0,0.000000,0.000000,0.000000,clear-ocean,30.000000,60.000000,0.151000,1796,5227164,1340.298462,16.922960,93,22,0,71,0,273,73,4,196,0,0,0,0,0,0,0,0,0,0,0,2,2,0,0,17,54,127,15,54,127,34.464793,22.804075,40.181587,11.764706,0.000000,0.000000,0,0,0,12390.312846,19.439513,161.271077,11496.802256,632.657571,184.271463,10600.886992,0.000000,0.000000,11417.816026,12390.312846,972.496821,5.106066,1.487222,85.557864,0.000000,7.848848,20.249493,11.666021,3.621040,0.025758,2,0.000000,0,0,0,100.000000,4.884220,98.989899,34.956396,3222.004040,12241.086531,-0.000000,499.871988
7980.000000,pure-acoustic,none,hardware,1,0,0,0,fifo,0.000500,180,15,hybrid,0.050000,4000.000000,6.087000,52.000000,500.000000,500.000000,2.000000,120.000000,0.000000,198,127,198,0,196,15,54,127,0,0,0,0,0,0,0,0,0.000000,0.000000,0.000000,clear-ocean,30.000000,60.000000,0.151000,1796,5227164,1340.298462,16.795720,93,22,0,71,0,273,73,4,196,0,0,0,0,0,0,0,0,0,0,0,2,2,0,0,17,54,127,15,54,127,34.464793,22.804075,40.181587,11.764706,0.000000,0.000000,0,0,0,12395.712846,19.439513,161.271077,11496.802256,636.793741,185.305506,10601.116779,0.000000,0.000000,11423.216026,12395.712846,972.496821,5.137210,1.494916,85.522446,0.000000,7.845429,20.249493,11.666021,3.621040,0.025564,2,0.000000,0,0,0,100.000000,4.884220,98.989899,34.956396,3197.778446,12327.193247,0.000000,490.459514
8040.000000,pure-acoustic,none,hardware,1,0,0,0,fifo,0.000500,180,15,hybrid,0.050000,4000.000000,6.087000,52.000000,500.000000,500.000000,2.000000,120.000000,0.000000,198,127,198,0,196,15,54,127,0,0,0,0,0,0,0,0,0.000000,0.000000,0.000000,clear-ocean,30.000000,60.000000,0.151000,1796,5227164,1340.298462,16.670379,93,22,0,71,0,273,73,4,196,0,0,0,0,0,0,0,0,0,0,0,2,2,0,0,17,54,127,15,54,127,34.464793,22.804075,40.181587,11.764706,0.000000,0.000000,0,0,0,12401.112846,19.439513,161.271077,11496.802256,640.929911,186.339548,10601.346566,0.000000,0.000000,11428.616026,12401.112846,972.496821,5.168326,1.502603,85.487058,0.000000,7.842013,20.249493,11.666021,3.621040,0.025373,2,0.000000,0,0,0,100.000000,4.884220,98.989899,34.956396,3173.914428,12413.299963,0.000000,458.246884
8100.000000,pure-acoustic,none,hardware,1,0,0,0,fifo,0.000500,180,15,hybrid,0.050000,4000.000000,6.087000,52.000000,500.000000,500.000000,2.000000,120.000000,0.000000,198,127,198,0,196,15,54,127,0,0,0,0,0,0,0,0,0.000000,0.000000,0.000000,clear-ocean,30.000000,60.000000,0.151000,1796,5227164,1340.298462,16.546895,93,22,0,71,0,273,73,4,196,0,0,0,0,0,0,0,0,0,0,0,2,2,0,0,17,54,127,15,54,127,34.464793,22.804075,40.181587,11.764706,0.000000,0.000000,0,0,0,12406.512846,19.439513,161.271077,11496.802256,645.066081,187.373591,10601.576354,0.000000,0.000000,11434.016026,12406.512846,972.496821,5.199415,1.510284,85.451702,0.000000,7.838599,20.249493,11.666021,3.621040,0.025185,2,0.000000,0,0,0,100.000000,4.884220,98.989899,34.956396,3150.403951,12499.406680,0.000000,406.288471
8160.000000,pure-acoustic,none,hardware,1,0,0,0,fifo,0.000500,180,15,hybrid,0.050000,4000.000000,6.087000,52.000000,500.000000,500.000000,2.000000,120.000000,0.000000,198,127,198,0,196,15,54,127,0,0,0,0,0,0,0,0,0.000000,0.000000,0.000000,clear-ocean,30.000000,60.000000,0.151000,1796,5227164,1340.298462,16.425226,93,22,0,71,0,273,73,4,196,0,0,0,0,0,0,0,0,0,0,0,2,2,0,0,17,54,127,15,54,127,34.464793,22.804075,40.181587,11.764706,0.000000,0.000000,0,0,0,12411.912846,19.439513,161.271077,11496.802256,649.202252,188.407633,10601.806141,0.000000,0.000000,11439.416026,12411.912846,972.496821,5.230477,1.517958,85.416376,0.000000,7.835189,20.249493,11.666021,3.621040,0.025000,2,0.000000,0,0,0,100.000000,4.884220,98.989899,34.956396,3127.239216,12585.513396,0.000000,339.510925
8220.000000,pure-acoustic,none,hardware,1,0,0,0,fifo,0.000500,180,15,hybrid,0.050000,4000.000000,6.087000,52.000000,500.000000,500.000000,2.000000,120.000000,0.000000,198,127,198,0,196,15,54,127,0,0,0,0,0,0,0,0,0.000000,0.000000,0.000000,clear-ocean,30.000000,60.000000,0.151000,1796,5227164,1340.298462,16.305334,93,22,0,71,0,273,73,4,196,0,0,0,0,0,0,0,0,0,0,0,2,2,0,0,17,54,127,15,54,127,34.464793,22.804075,40.181587,11.764706,0.000000,0.000000,0,0,0,12417.312846,19.439513,161.271077,11496.802256,653.338422,189.441676,10602.035928,0.000000,0.000000,11444.816026,12417.312846,972.496821,5.261512,1.525625,85.381081,0.000000,7.831782,20.249493,11.666021,3.621040,0.024818,2,0.000000,0,0,0,100.000000,4.884220,98.989899,34.956396,3104.412652,12528.379888,0.000000,385.182255
8280.000000,pure-acoustic,none,hardware,1,0,0,0,fifo,0.000500,180,15,hybrid,0.050000,4000.000000,6.087000,52.000000,500.000000,500.000000,2.000000,120.000000,0.000000,198,127,198,0,196,15,54,127,0,0,0,0,0,0,0,0,0.000000,0.000000,0.000000,clear-ocean,30.000000,60.000000,0.151000,1796,5227164,1340.298462,16.187179,93,22,0,71,0,273,73,4,196,0,0,0,0,0,0,0,0,0,0,0,2,2,0,0,17,54,127,15,54,127,34.464793,22.804075,40.181587,11.764706,0.000000,0.000000,0,0,0,12422.712846,19.439513,161.271077,11496.802256,657.474592,190.475718,10602.265715,0.000000,0.000000,11450.216026,12422.712846,972.496821,5.292520,1.533286,85.345817,0.000000,7.828377,20.249493,11.666021,3.621040,0.024638,2,0.000000,0,0,0,100.000000,4.884220,98.989899,34.956396,3081.916908,12442.273172,0.000000,442.758027
8340.000000,pure-acoustic,none,hardware,1,0,0,0,fifo,0.000500,180,15,hybrid,0.050000,4000.000000,6.087000,52.000000,500.000000,500.000000,2.000000,120.000000,0.000000,198,127,198,0,196,15,54,127,0,0,0,0,0,0,0,0,0.000000,0.000000,0.000000,clear-ocean,30.000000,60.000000,0.151000,1796,5227164,1340.298462,16.070725,93,22,0,71,0,273,73,4,196,0,0,0,0,0,0,0,0,0,0,0,2,2,0,0,17,54,127,15,54,127,34.464793,22.804075,40.181587,11.764706,0.000000,0.000000,0,0,0,12428.112846,19.439513,161.271077,11496.802256,661.610762,191.509761,10602.495502,0.000000,0.000000,11455.616026,12428.112846,972.496821,5.323501,1.540940,85.310583,0.000000,7.824976,20.249493,11.666021,3.621040,0.024460,2,0.000000,0,0,0,100.000000,4.884220,98.989899,34.956396,3059.744844,12356.166456,0.000000,482.056655
8400.000000,pure-acoustic,none,hardware,1,0,0,0,fifo,0.000500,180,15,hybrid,0.050000,4000.000000,6.087000,52.000000,500.000000,500.000000,2.000000,120.000000,0.000000,198,127,198,0,196,15,54,127,0,0,0,0,0,0,0,0,0.000000,0.000000,0.000000,clear-ocean,30.000000,60.000000,0.151000,1796,5227164,1340.298462,15.955934,93,22,0,71,0,273,73,4,196,0,0,0,0,0,0,0,0,0,0,0,2,2,0,0,17,54,127,15,54,127,34.464793,22.804075,40.181587,11.764706,0.000000,0.000000,0,0,0,12433.512846,19.439513,161.271077,11496.802256,665.746932,192.543804,10602.725290,0.000000,0.000000,11461.016026,12433.512846,972.496821,5.354456,1.548587,85.275380,0.000000,7.821577,20.249493,11.666021,3.621040,0.024286,2,0.000000,0,0,0,100.000000,4.884220,98.989899,34.956396,3037.889524,12270.059740,0.000000,499.351878
8460.000000,pure-acoustic,none,hardware,1,0,0,0,fifo,0.000500,180,15,hybrid,0.050000,4000.000000,6.087000,52.000000,500.000000,500.000000,2.000000,120.000000,0.000000,198,127,198,0,196,15,54,127,0,0,0,0,0,0,0,0,0.000000,0.000000,0.000000,clear-ocean,30.000000,60.000000,0.151000,1796,5227164,1340.298462,15.842771,93,22,0,71,0,273,73,4,196,0,0,0,0,0,0,0,0,0,0,0,2,2,0,0,17,54,127,15,54,127,34.464793,22.804075,40.181587,11.764706,0.000000,0.000000,0,0,0,12438.912846,19.439513,161.271077,11496.802256,669.883103,193.577846,10602.955077,0.000000,0.000000,11466.416026,12438.912846,972.496821,5.385383,1.556228,85.240207,0.000000,7.818182,20.249493,11.666021,3.621040,0.024113,2,0.000000,0,0,0,100.000000,4.884220,98.989899,34.956396,3016.344208,12183.953024,-0.000000,493.003780
8520.000000,pure-acoustic,none,hardware,1,0,0,0,fifo,0.000500,180,15,hybrid,0.050000,4000.000000,6.087000,52.000000,500.000000,500.000000,2.000000,120.000000,0.000000,198,127,198,0,196,15,54,127,0,0,0,0,0,0,0,0,0.000000,0.000000,0.000000,clear-ocean,30.000000,60.000000,0.151000,1796,5227164,1340.298462,15.731203,93,22,0,71,0,273,73,4,196,0,0,0,0,0,0,0,0,0,0,0,2,2,0,0,17,54,127,15,54,127,34.464793,22.804075,40.181587,11.764706,0.000000,0.000000,0,0,0,12444.312846,19.439513,161.271077,11496.802256,674.019273,194.611889,10603.184864,0.000000,0.000000,11471.816026,12444.312846,972.496821,5.416284,1.563862,85.205065,0.000000,7.814789,20.249493,11.666021,3.621040,0.023944,2,0.000000,0,0,0,100.000000,4.884220,98.989899,34.956396,2995.102347,12097.846307,-0.000000,463.614281
8580.000000,pure-acoustic,none,hardware,1,0,0,0,fifo,0.000500,180,15,hybrid,0.050000,4000.000000,6.087000,52.000000,500.000000,500.000000,2.000000,120.000000,0.000000,198,127,198,0,196,15,54,127,0,0,0,0,0,0,0,0,0.000000,0.000000,0.000000,clear-ocean,30.000000,60.000000,0.151000,1796,5227164,1340.298462,15.621194,93,22,0,71,0,273,73,4,196,0,0,0,0,0,0,0,0,0,0,0,2,2,0,0,17,54,127,15,54,127,34.464793,22.804075,40.181587,11.764706,0.000000,0.000000,0,0,0,12449.712846,19.439513,161.271077,11496.802256,678.155443,195.645931,10603.414651,0.000000,0.000000,11477.216026,12449.712846,972.496821,5.447157,1.571490,85.169954,0.000000,7.811400,20.249493,11.666021,3.621040,0.023776,2,0.000000,0,0,0,100.000000,4.884220,98.989899,34.956396,2974.157576,12011.739591,-0.000000,413.970067
8640.000000,pure-acoustic,none,hardware,1,0,0,0,fifo,0.000500,180,15,hybrid,0.050000,4000.000000,6.087000,52.000000,500.000000,500.000000,2.000000,120.000000,0.000000,198,127,198,0,196,15,54,127,0,0,0,0,0,0,0,0,0.000000,0.000000,0.000000,clear-ocean,30.000000,60.000000,0.151000,1796,5227164,1340.298462,15.512714,93,22,0,71,0,273,73,4,196,0,0,0,0,0,0,0,0,0,0,0,2,2,0,0,17,54,127,15,54,127,34.464793,22.804075,40.181587,11.764706,0.000000,0.000000,0,0,0,12455.112846,19.439513,161.271077,11496.802256,682.291613,196.679974,10603.644439,0.000000,0.000000,11482.616026,12455.112846,972.496821,5.478004,1.579110,85.134872,0.000000,7.808013,20.249493,11.666021,3.621040,0.023611,2,0.000000,0,0,0,100.000000,4.884220,98.989899,34.956396,2953.503704,11925.632875,-0.000000,348.778358
8700.000000,pure-acoustic,none,hardware,1,0,0,0,fifo,0.000500,180,15,hybrid,0.050000,4000.000000,6.087000,52.000000,500.000000,500.000000,2.000000,120.000000,0.000000,198,127,198,0,196,15,54,127,0,0,0,0,0,0,0,0,0.000000,0.000000,0.000000,clear-ocean,30.000000,60.000000,0.151000,1796,5227164,1340.298462,15.405729,93,22,0,71,0,273,73,4,196,0,0,0,0,0,0,0,0,0,0,0,2,2,0,0,17,54,127,15,54,127,34.464793,22.804075,40.181587,11.764706,0.000000,0.000000,0,0,0,12460.512846,19.439513,161.271077,11496.802256,686.427783,197.714016,10603.874226,0.000000,0.000000,11488.016026,12460.512846,972.496821,5.508824,1.586725,85.099822,0.000000,7.804629,20.249493,11.666021,3.621040,0.023448,2,0.000000,0,0,0,100.000000,4.884220,98.989899,34.956396,2933.134713,11839.526159,-0.000000,274.220573
8760.000000,pure-acoustic,none,hardware,1,0,0,0,fifo,0.000500,180,15,hybrid,0.050000,4000.000000,6.087000,52.000000,500.000000,500.000000,2.000000,120.000000,0.000000,198,127,198,0,196,15,54,127,0,0,0,0,0,0,0,0,0.000000,0.000000,0.000000,clear-ocean,30.000000,60.000000,0.151000,1796,5227164,1340.298462,15.300211,93,22,0,71,0,273,73,4,196,0,0,0,0,0,0,0,0,0,0,0,2,2,0,0,17,54,127,15,54,127,34.464793,22.804075,40.181587,11.764706,0.000000,0.000000,0,0,0,12465.912846,19.439513,161.271077,11496.802256,690.563954,198.748059,10604.104013,0.000000,0.000000,11493.416026,12465.912846,972.496821,5.539618,1.594332,85.064801,0.000000,7.801248,20.249493,11.666021,3.621040,0.023288,2,0.000000,0,0,0,100.000000,4.884220,98.989899,34.956396,2913.044749,11753.419443,-0.000000,197.366215
8820.000000,pure-acoustic,none,hardware,1,0,0,0,fifo,0.000500,180,15,hybrid,0.050000,4000.000000,6.087000,52.000000,500.000000,500.000000,2.000000,120.000000,0.000000,198,127,198,0,196,15,54,127,0,0,0,0,0,0,0,0,0.000000,0.000000,0.000000,clear-ocean,30.000000,60.000000,0.151000,1796,5227164,1340.298462,15.196128,93,22,0,71,0,273,73,4,196,0,0,0,0,0,0,0,0,0,0,0,2,2,0,0,17,54,127,15,54,127,34.464793,22.804075,40.181587,11.764706,0.000000,0.000000,0,0,0,12471.312846,19.439513,161.271077,11496.802256,694.700124,199.782101,10604.333800,0.000000,0.000000,11498.816026,12471.312846,972.496821,5.570385,1.601933,85.029811,0.000000,7.797870,20.249493,11.666021,3.621040,0.023129,2,0.000000,0,0,0,100.000000,4.884220,98.989899,34.956396,2893.228118,11667.312727,-0.000000,125.502546
8880.000000,pure-acoustic,none,hardware,1,0,0,0,fifo,0.000500,180,15,hybrid,0.050000,4000.000000,6.087000,52.000000,500.000000,500.000000,2.000000,120.000000,0.000000,198,127,198,0,196,15,54,127,0,0,0,0,0,0,0,0,0.000000,0.000000,0.000000,clear-ocean,30.000000,60.000000,0.151000,1796,5227164,1340.298462,15.093451,93,22,0,71,0,273,73,4,196,0,0,0,0,0,0,0,0,0,0,0,2,2,0,0,17,54,127,15,54,127,34.464793,22.804075,40.181587,11.764706,0.000000,0.000000,0,0,0,12476.712846,19.439513,161.271077,11496.802256,698.836294,200.816144,10604.563588,0.000000,0.000000,11504.216026,12476.712846,972.496821,5.601125,1.609528,84.994852,0.000000,7.794495,20.249493,11.666021,3.621040,0.022973,2,0.000000,0,0,0,100.000000,4.884220,98.989899,34.956396,2873.679279,11581.206011,-0.000000,65.443614
8940.000000,pure-acoustic,none,hardware,1,0,0,0,fifo,0.000500,180,15,hybrid,0.050000,4000.000000,6.087000,52.000000,500.000000,500.000000,2.000000,120.000000,0.000000,198,127,198,0,196,15,54,127,0,0,0,0,0,0,0,0,0.000000,0.000000,0.000000,clear-ocean,30.000000,60.000000,0.151000,1796,5227164,1340.298462,14.992153,93,22,0,71,0,273,73,4,196,0,0,0,0,0,0,0,0,0,0,0,2,2,0,0,17,54,127,15,54,127,34.464793,22.804075,40.181587,11.764706,0.000000,0.000000,0,0,0,12482.112846,19.439513,161.271077,11496.802256,702.972464,201.850187,10604.793375,0.000000,0.000000,11509.616026,12482.112846,972.496821,5.631839,1.617116,84.959922,0.000000,7.791123,20.249493,11.666021,3.621040,0.022819,2,0.000000,0,0,0,100.000000,4.884220,98.989899,34.956396,2854.392841,11495.099294,-0.000000,22.884153
9000.000000,pure-acoustic,none,hardware,1,0,0,0,fifo,0.000500,180,15,hybrid,0.050000,4000.000000,6.087000,52.000000,500.000000,500.000000,2.000000,120.000000,0.000000,198,127,198,0,196,15,54,127,0,0,0,0,0,0,0,0,0.000000,0.000000,0.000000,clear-ocean,30.000000,60.000000,0.151000,1796,5227164,1340.298462,14.892205,93,22,0,71,0,273,73,4,196,0,0,0,0,0,0,0,0,0,0,0,2,2,0,0,17,54,127,15,54,127,34.464793,22.804075,40.181587,11.764706,0.000000,0.000000,0,0,0,12487.512846,19.439513,161.271077,11496.802256,707.108634,202.884229,10605.023162,0.000000,0.000000,11515.016026,12487.512846,972.496821,5.662526,1.624697,84.925023,0.000000,7.787754,20.249493,11.666021,3.621040,0.022667,2,0.000000,0,0,0,100.000000,4.884220,98.989899,34.956396,2835.363556,11408.992578,-0.000000,1.859614
9060.000000,pure-acoustic,none,hardware,1,0,0,0,fifo,0.000500,180,15,hybrid,0.050000,4000.000000,6.087000,52.000000,500.000000,500.000000,2.000000,120.000000,0.000000,198,127,198,0,196,15,54,127,0,0,0,0,0,0,0,0,0.000000,0.000000,0.000000,clear-ocean,30.000000,60.000000,0.151000,1796,5227164,1340.298462,14.793581,93,22,0,71,0,273,73,4,196,0,0,0,0,0,0,0,0,0,0,0,2,2,0,0,17,54,127,15,54,127,34.464793,22.804075,40.181587,11.764706,0.000000,0.000000,0,0,0,12492.912846,19.439513,161.271077,11496.802256,711.244805,203.918272,10605.252949,0.000000,0.000000,11520.416026,12492.912846,972.496821,5.693186,1.632272,84.890154,0.000000,7.784388,20.249493,11.666021,3.621040,0.022517,2,0.000000,0,0,0,100.000000,4.884220,98.989899,34.956396,2816.586313,11322.885862,0.000000,4.363524
9120.000000,pure-acoustic,none,hardware,1,0,0,0,fifo,0.000500,180,15,hybrid,0.050000,4000.000000,6.087000,52.000000,500.000000,500.000000,2.000000,120.000000,0.000000,198,127,198,0,196,15,54,127,0,0,0,0,0,0,0,0,0.000000,0.000000,0.000000,clear-ocean,30.000000,60.000000,0.151000,1796,5227164,1340.298462,14.696255,93,22,0,71,0,273,73,4,196,0,0,0,0,0,0,0,0,0,0,0,2,2,0,0,17,54,127,15,54,127,34.464793,22.804075,40.181587,11.764706,0.000000,0.000000,0,0,0,12498.312846,19.439513,161.271077,11496.802256,715.380975,204.952314,10605.482736,0.000000,0.000000,11525.816026,12498.312846,972.496821,5.723820,1.639840,84.855315,0.000000,7.781025,20.249493,11.666021,3.621040,0.022368,2,0.000000,0,0,0,100.000000,4.884220,98.989899,34.956396,2798.056140,11236.779146,0.000000,30.158465
9180.000000,pure-acoustic,none,hardware,1,0,0,0,fifo,0.000500,180,15,hybrid,0.050000,4000.000000,6.087000,52.000000,500.000000,500.000000,2.000000,120.000000,0.000000,198,127,198,0,196,15,54,127,0,0,0,0,0,0,0,0,0.000000,0.000000,0.000000,clear-ocean,30.000000,60.000000,0.151000,1796,5227164,1340.298462,14.600201,93,22,0,71,0,273,73,4,196,0,0,0,0,0,0,0,0,0,0,0,2,2,0,0,17,54,127,15,54,127,34.464793,22.804075,40.181587,11.764706,0.000000,0.000000,0,0,0,12503.712846,19.439513,161.271077,11496.802256,719.517145,205.986357,10605.712524,0.000000,0.000000,11531.216026,12503.712846,972.496821,5.754428,1.647402,84.820506,0.000000,7.777664,20.249493,11.666021,3.621040,0.022222,2,0.000000,0,0,0,100.000000,4.884220,98.989899,34.956396,2779.768192,11150.672430,0.000000,76.798583
9240.000000,pure-acoustic,none,hardware,1,0,0,0,fifo,0.000500,180,15,hybrid,0.050000,4000.000000,6.087000,52.000000,500.000000,500.000000,2.000000,120.000000,0.000000,198,127,198,0,196,15,54,127,0,0,0,0,0,0,0,0,0.000000,0.000000,0.000000,clear-ocean,30.000000,60.000000,0.151000,1796,5227164,1340.298462,14.505395,93,22,0,71,0,273,73,4,196,0,0,0,0,0,0,0,0,0,0,0,2,2,0,0,17,54,127,15,54,127,34.464793,22.804075,40.181587,11.764706,0.000000,0.000000,0,0,0,12509.112846,19.439513,161.271077,11496.802256,723.653315,207.020399,10605.942311,0.000000,0.000000,11536.616026,12509.112846,972.496821,5.785009,1.654957,84.785727,0.000000,7.774307,20.249493,11.666021,3.621040,0.022078,2,0.000000,0,0,0,100.000000,4.884220,98.989899,34.956396,2761.717749,11064.565714,0.000000,139.861505
9300.000000,pure-acoustic,none,hardware,1,0,0,0,fifo,0.000500,180,15,hybrid,0.050000,4000.000000,6.087000,52.000000,500.000000,500.000000,2.000000,120.000000,0.000000,198,127,198,0,196,15,54,127,0,0,0,0,0,0,0,0,0.000000,0.000000,0.000000,clear-ocean,30.000000,60.000000,0.151000,1796,5227164,1340.298462,14.411811,93,22,0,71,0,273,73,4,196,0,0,0,0,0,0,0,0,0,0,0,2,2,0,0,17,54,127,15,54,127,34.464793,22.804075,40.181587,11.764706,0.000000,0.000000,0,0,0,12514.512846,19.439513,161.271077,11496.802256,727.789486,208.054442,10606.172098,0.000000,0.000000,11542.016026,12514.512846,972.496821,5.815564,1.662505,84.750979,0.000000,7.770952,20.249493,11.666021,3.621040,0.021935,2,0.000000,0,0,0,100.000000,4.884220,98.989899,34.956396,2743.900215,10978.458998,0.000000,213.367661
9360.000000,pure-acoustic,none,hardware,1,0,0,0,fifo,0.000500,180,15,hybrid,0.050000,4000.000000,6.087000,52.000000,500.000000,500.000000,2.000000,120.000000,0.000000,198,127,198,0,196,15,54,127,0,0,0,0,0,0,0,0,0.000000,0.000000,0.000000,clear-ocean,30.000000,60.000000,0.151000,1796,5227164,1340.298462,14.319428,93,22,0,71,0,273,73,4,196,0,0,0,0,0,0,0,0,0,0,0,2,2,0,0,17,54,127,15,54,127,34.464793,22.804075,40.181587,11.764706,0.000000,0.000000,0,0,0,12519.912846,19.439513,161.271077,11496.802256,731.925656,209.088484,10606.401885,0.000000,0.000000,11547.416026,12519.912846,972.496821,5.846092,1.670047,84.716260,0.000000,7.767601,20.249493,11.666021,3.621040,0.021795,2,0.000000,0,0,0,100.000000,4.884220,98.989899,34.956396,2726.311111,10892.352281,0.000000,290.347262
9420.000000,pure-acoustic,none,hardware,1,0,0,0,fifo,0.000500,180,15,hybrid,0.050000,4000.000000,6.087000,52.000000,500.000000,500.000000,2.000000,120.000000,0.000000,198,127,198,0,196,15,54,127,0,0,0,0,0,0,0,0,0.000000,0.000000,0.000000,clear-ocean,30.000000,60.000000,0.151000,1796,5227164,1340.298462,14.228221,93,22,0,71,0,273,73,4,196,0,0,0,0,0,0,0,0,0,0,0,2,2,0,0,17,54,127,15,54,127,34.464793,22.804075,40.181587,11.764706,0.000000,0.000000,0,0,0,12525.312846,19.439513,161.271077,11496.802256,736.061826,210.122527,10606.631673,0.000000,0.000000,11552.816026,12525.312846,972.496821,5.876594,1.677583,84.681571,0.000000,7.764252,20.249493,11.666021,3.621040,0.021656,2,0.000000,0,0,0,100.000000,4.884220,98.989899,34.956396,2708.946072,10806.245565,0.000000,363.501172
9480.000000,pure-acoustic,none,hardware,1,0,0,0,fifo,0.000500,180,15,hybrid,0.050000,4000.000000,6.087000,52.000000,500.000000,500.000000,2.000000,120.000000,0.000000,198,127,198,0,196,15,54,127,0,0,0,0,0,0,0,0,0.000000,0.000000,0.000000,clear-ocean,30.000000,60.000000,0.151000,1796,5227164,1340.298462,14.138169,93,22,0,71,0,273,73,4,196,0,0,0,0,0,0,0,0,0,0,0,2,2,0,0,17,54,127,15,54,127,34.464793,22.804075,40.181587,11.764706,0.000000,0.000000,0,0,0,12530.712846,19.439513,161.271077,11496.802256,740.197996,211.156570,10606.861460,0.000000,0.000000,11558.216026,12530.712846,972.496821,5.907070,1.685112,84.646912,0.000000,7.760906,20.249493,11.666021,3.621040,0.021519,2,0.000000,0,0,0,100.000000,4.884220,98.989899,34.956396,2691.800844,10720.138849,0.000000,425.893002
9540.000000,pure-acoustic,none,hardware,1,0,0,0,fifo,0.000500,180,15,hybrid,0.050000,4000.000000,6.087000,52.000000,500.000000,500.000000,2.000000,120.000000,0.000000,198,127,198,0,196,15,54,127,0,0,0,0,0,0,0,0,0.000000,0.000000,0.000000,clear-ocean,30.000000,60.000000,0.151000,1796,5227164,1340.298462,14.049250,93,22,0,71,0,273,73,4,196,0,0,0,0,0,0,0,0,0,0,0,2,2,0,0,17,54,127,15,54,127,34.464793,22.804075,40.181587,11.764706,0.000000,0.000000,0,0,0,12536.112846,19.439513,161.271077,11496.802256,744.334166,212.190612,10607.091247,0.000000,0.000000,11563.616026,12536.112846,972.496821,5.937520,1.692635,84.612283,0.000000,7.757563,20.249493,11.666021,3.621040,0.021384,2,0.000000,0,0,0,100.000000,4.884220,98.989899,34.956396,2674.871279,10634.032133,0.000000,471.606815
9600.000000,pure-acoustic,none,hardware,1,0,0,0,fifo,0.000500,180,15,hybrid,0.050000,4000.000000,6.087000,52.000000,500.000000,500.000000,2.000000,120.000000,0.000000,198,127,198,0,196,15,54,127,0,0,0,0,0,0,0,0,0.000000,0.000000,0.000000,clear-ocean,30.000000,60.000000,0.151000,1796,5227164,1340.298462,13.961442,93,22,0,71,0,273,73,4,196,0,0,0,0,0,0,0,0,0,0,0,2,2,0,0,17,54,127,15,54,127,34.464793,22.804075,40.181587,11.764706,0.000000,0.000000,0,0,0,12541.512846,19.439513,161.271077,11496.802256,748.470337,213.224655,10607.321034,0.000000,0.000000,11569.016026,12541.512846,972.496821,5.967943,1.700151,84.577683,0.000000,7.754223,20.249493,11.666021,3.621040,0.021250,2,0.000000,0,0,0,100.000000,4.884220,98.989899,34.956396,2658.153333,10547.925417,0.000000,496.308069
9660.000000,pure-acoustic,none,hardware,1,0,0,0,fifo,0.000500,180,15,hybrid,0.050000,4000.000000,6.087000,52.000000,500.000000,500.000000,2.000000,120.000000,0.000000,198,127,198,0,196,15,54,127,0,0,0,0,0,0,0,0,0.000000,0.000000,0.000000,clear-ocean,30.000000,60.000000,0.151000,1796,5227164,1340.298462,13.874725,93,22,0,71,0,273,73,4,196,0,0,0,0,0,0,0,0,0,0,0,2,2,0,0,17,54,127,15,54,127,34.464793,22.804075,40.181587,11.764706,0.000000,0.000000,0,0,0,12546.912846,19.439513,161.271077,11496.802256,752.606507,214.258697,10607.550822,0.000000,0.000000,11574.416026,12546.912846,972.496821,5.998340,1.707661,84.543114,0.000000,7.750885,20.249493,11.666021,3.621040,0.021118,2,0.000000,0,0,0,100.000000,4.884220,98.989899,34.956396,2641.643064,10461.818701,-0.000000,497.654611
9720.000000,pure-acoustic,none,hardware,1,0,0,0,fifo,0.000500,180,15,hybrid,0.050000,4000.000000,6.087000,52.000000,500.000000,500.000000,2.000000,120.000000,0.000000,198,127,198,0,196,15,54,127,0,0,0,0,0,0,0,0,0.000000,0.000000,0.000000,clear-ocean,30.000000,60.000000,0.151000,1796,5227164,1340.298462,13.789079,93,22,0,71,0,273,73,4,196,0,0,0,0,0,0,0,0,0,0,0,2,2,0,0,17,54,127,15,54,127,34.464793,22.804075,40.181587,11.764706,0.000000,0.000000,0,0,0,12552.312846,19.439513,161.271077,11496.802256,756.742677,215.292740,10607.780609,0.000000,0.000000,11579.816026,12552.312846,972.496821,6.028711,1.715164,84.508574,0.000000,7.747551,20.249493,11.666021,3.621040,0.020988,2,0.000000,0,0,0,100.000000,4.884220,98.989899,34.956396,2625.336626,10375.711985,-0.000000,475.518765
9780.000000,pure-acoustic,none,hardware,1,0,0,0,fifo,0.000500,180,15,hybrid,0.050000,4000.000000,6.087000,52.000000,500.000000,500.000000,2.000000,120.000000,0.000000,198,127,198,0,196,15,54,127,0,0,0,0,0,0,0,0,0.000000,0.000000,0.000000,clear-ocean,30.000000,60.000000,0.151000,1796,5227164,1340.298462,13.704483,93,22,0,71,0,273,73,4,196,0,0,0,0,0,0,0,0,0,0,0,2,2,0,0,17,54,127,15,54,127,34.464793,22.804075,40.181587,11.764706,0.000000,0.000000,0,0,0,12557.712846,19.439513,161.271077,11496.802256,760.878847,216.326782,10608.010396,0.000000,0.000000,11585.216026,12557.712846,972.496821,6.059056,1.722661,84.474064,0.000000,7.744219,20.249493,11.666021,3.621040,0.020859,2,0.000000,0,0,0,100.000000,4.884220,98.989899,34.956396,2609.230266,10289.605268,-0.000000,431.999432
9840.000000,pure-acoustic,none,hardware,1,0,0,0,fifo,0.000500,180,15,hybrid,0.050000,4000.000000,6.087000,52.000000,500.000000,500.000000,2.000000,120.000000,0.000000,198,127,198,0,196,15,54,127,0,0,0,0,0,0,0,0,0.000000,0.000000,0.000000,clear-ocean,30.000000,60.000000,0.151000,1796,5227164,1340.298462,13.620919,93,22,0,71,0,273,73,4,196,0,0,0,0,0,0,0,0,0,0,0,2,2,0,0,17,54,127,15,54,127,34.464793,22.804075,40.181587,11.764706,0.000000,0.000000,0,0,0,12563.112846,19.439513,161.271077,11496.802256,765.015017,217.360825,10608.240183,0.000000,0.000000,11590.616026,12563.112846,972.496821,6.089375,1.730151,84.439584,0.000000,7.740891,20.249493,11.666021,3.621040,0.020732,2,0.000000,0,0,0,100.000000,4.884220,98.989899,34.956396,2593.320325,10203.498552,-0.000000,371.223075
9900.000000,pure-acoustic,none,hardware,1,0,0,0,fifo,0.000500,180,15,hybrid,0.050000,4000.000000,6.087000,52.000000,500.000000,500.000000,2.000000,120.000000,0.000000,198,127,198,0,196,15,54,127,0,0,0,0,0,0,0,0,0.000000,0.000000,0.000000,clear-ocean,30.000000,60.000000,0.151000,1796,5227164,1340.298462,13.538368,93,22,0,71,0,273,73,4,196,0,0,0,0,0,0,0,0,0,0,0,2,2,0,0,17,54,127,15,54,127,34.464793,22.804075,40.181587,11.764706,0.000000,0.000000,0,0,0,12568.512846,19.439513,161.271077,11496.802256,769.151188,218.394867,10608.469971,0.000000,0.000000,11596.016026,12568.512846,972.496821,6.119667,1.737635,84.405133,0.000000,7.737565,20.249493,11.666021,3.621040,0.020606,2,0.000000,0,0,0,100.000000,4.884220,98.989899,34.956396,2577.603232,10117.391836,-0.000000,298.952455
9960.000000,pure-acoustic,none,hardware,1,0,0,0,fifo,0.000500,180,15,hybrid,0.050000,4000.000000,6.087000,52.000000,500.000000,500.000000,2.000000,120.000000,0.000000,198,127,198,0,196,15,54,127,0,0,0,0,0,0,0,0,0.000000,0.000000,0.000000,clear-ocean,30.000000,60.000000,0.151000,1796,5227164,1340.298462,13.456812,93,22,0,71,0,273,73,4,196,0,0,0,0,0,0,0,0,0,0,0,2,2,0,0,17,54,127,15,54,127,34.464793,22.804075,40.181587,11.764706,0.000000,0.000000,0,0,0,12573.912846,19.439513,161.271077,11496.802256,773.287358,219.428910,10608.699758,0.000000,0.000000,11601.416026,12573.912846,972.496821,6.149934,1.745112,84.370712,0.000000,7.734242,20.249493,11.666021,3.621040,0.020482,2,0.000000,0,0,0,100.000000,4.884220,98.989899,34.956396,2562.075502,10031.285120,-0.000000,222.040207
10020.000000,pure-acoustic,none,hardware,1,0,0,0,fifo,0.000500,180,15,hybrid,0.050000,4000.000000,6.087000,52.000000,500.000000,500.000000,2.000000,120.000000,0.000000,198,127,198,0,196,15,54,127,0,0,0,0,0,0,0,0,0.000000,0.000000,0.000000,clear-ocean,30.000000,60.000000,0.151000,1796,5227164,1340.298462,13.376232,93,22,0,71,0,273,73,4,196,0,0,0,0,0,0,0,0,0,0,0,2,2,0,0,17,54,127,15,54,127,34.464793,22.804075,40.181587,11.764706,0.000000,0.000000,0,0,0,12579.312846,19.439513,161.271077,11496.802256,777.423528,220.462953,10608.929545,0.000000,0.000000,11606.816026,12579.312846,972.496821,6.180175,1.752583,84.336320,0.000000,7.730922,20.249493,11.666021,3.621040,0.020359,2,0.000000,0,0,0,100.000000,4.884220,98.989899,34.956396,2546.733733,9945.178404,-0.000000,147.779081
10080.000000,pure-acoustic,none,hardware,1,0,0,0,fifo,0.000500,180,15,hybrid,0.050000,4000.000000,6.087000,52.000000,500.000000,500.000000,2.000000,120.000000,0.000000,198,127,198,0,196,15,54,127,0,0,0,0,0,0,0,0,0.000000,0.000000,0.000000,clear-ocean,30.000000,60.000000,0.151000,1796,5227164,1340.298462,13.296612,93,22,0,71,0,273,73,4,196,0,0,0,0,0,0,0,0,0,0,0,2,2,0,0,17,54,127,15,54,127,34.464793,22.804075,40.181587,11.764706,0.000000,0.000000,0,0,0,12584.712846,19.439513,161.271077,11496.802256,781.559698,221.496995,10609.159332,0.000000,0.000000,11612.216026,12584.712846,972.496821,6.210390,1.760048,84.301958,0.000000,7.727604,20.249493,11.666021,3.621040,0.020238,2,0.000000,0,0,0,100.000000,4.884220,98.989899,34.956396,2531.574603,9859.071688,-0.000000,83.210451
10140.000000,pure-acoustic,none,hardware,1,0,0,0,fifo,0.000500,180,15,hybrid,0.050000,4000.000000,6.087000,52.000000,500.000000,500.000000,2.000000,120.000000,0.000000,198,127,198,0,196,15,54,127,0,0,0,0,0,0,0,0,0.000000,0.000000,0.000000,clear-ocean,30.000000,60.000000,0.151000,1796,5227164,1340.298462,13.217934,93,22,0,71,0,273,73,4,196,0,0,0,0,0,0,0,0,0,0,0,2,2,0,0,17,54,127,15,54,127,34.464793,22.804075,40.181587,11.764706,0.000000,0.000000,0,0,0,12590.112846,19.439513,161.271077,11496.802256,785.695869,222.531038,10609.389119,0.000000,0.000000,11617.616026,12590.112846,972.496821,6.240578,1.767506,84.267625,0.000000,7.724290,20.249493,11.666021,3.621040,0.020118,2,0.000000,0,0,0,100.000000,4.884220,98.989899,34.956396,2516.594872,9772.964972,-0.000000,34.456658
10200.000000,pure-acoustic,none,hardware,1,0,0,0,fifo,0.000500,180,15,hybrid,0.050000,4000.000000,6.087000,52.000000,500.000000,500.000000,2.000000,120.000000,0.000000,198,127,198,0,196,15,54,127,0,0,0,0,0,0,0,0,0.000000,0.000000,0.000000,clear-ocean,30.000000,60.000000,0.151000,1796,5227164,1340.298462,13.140181,93,22,0,71,0,273,73,4,196,0,0,0,0,0,0,0,0,0,0,0,2,2,0,0,17,54,127,15,54,127,34.464793,22.804075,40.181587,11.764706,0.000000,0.000000,0,0,0,12595.512846,19.439513,161.271077,11496.802256,789.832039,223.565080,10609.618907,0.000000,0.000000,11623.016026,12595.512846,972.496821,6.270741,1.774958,84.233322,0.000000,7.720978,20.249493,11.666021,3.621040,0.020000,2,0.000000,0,0,0,100.000000,4.884220,98.989899,34.956396,2501.791373,9686.858255,-0.000000,6.140491
10260.000000,pure-acoustic,none,hardware,1,0,0,0,fifo,0.000500,180,15,hybrid,0.050000,4000.000000,6.087000,52.000000,500.000000,500.000000,2.000000,120.000000,0.000000,198,127,198,0,196,15,54,127,0,0,0,0,0,0,0,0,0.000000,0.000000,0.000000,clear-ocean,30.000000,60.000000,0.151000,1796,5227164,1340.298462,13.063338,93,22,0,71,0,273,73,4,196,0,0,0,0,0,0,0,0,0,0,0,2,2,0,0,17,54,127,15,54,127,34.464793,22.804075,40.181587,11.764706,0.000000,0.000000,0,0,0,12600.912846,19.439513,161.271077,11496.802256,793.968209,224.599123,10609.848694,0.000000,0.000000,11628.416026,12600.912846,972.496821,6.300879,1.782404,84.199048,0.000000,7.717670,20.249493,11.666021,3.621040,0.019883,2,0.000000,0,0,0,100.000000,4.884220,98.989899,34.956396,2487.161014,9600.751539,0.000000,0.946864
10320.000000,pure-acoustic,none,hardware,1,0,0,0,fifo,0.000500,180,15,hybrid,0.050000,4000.000000,6.087000,52.000000,500.000000,500.000000,2.000000,120.000000,0.000000,198,127,198,0,196,15,54,127,0,0,0,0,0,0,0,0,0.000000,0.000000,0.000000,clear-ocean,30.000000,60.000000,0.151000,1796,5227164,1340.298462,12.987388,93,22,0,71,0,273,73,4,196,0,0,0,0,0,0,0,0,0,0,0,2,2,0,0,17,54,127,15,54,127,34.464793,22.804075,40.181587,11.764706,0.000000,0.000000,0,0,0,12606.312846,19.439513,161.271077,11496.802256,798.104379,225.633165,10610.078481,0.000000,0.000000,11633.816026,12606.312846,972.496821,6.330990,1.789843,84.164804,0.000000,7.714364,20.249493,11.666021,3.621040,0.019767,2,0.000000,0,0,0,100.000000,4.884220,98.989899,34.956396,2472.700775,9514.644823,0.000000,19.368233
10380.000000,pure-acoustic,none,hardware,1,0,0,0,fifo,0.000500,180,15,hybrid,0.050000,4000.000000,6.087000,52.000000,500.000000,500.000000,2.000000,120.000000,0.000000,198,127,198,0,196,15,54,127,0,0,0,0,0,0,0,0,0.000000,0.000000,0.000000,clear-ocean,30.000000,60.000000,0.151000,1796,5227164,1340.298462,12.912317,93,22,0,71,0,273,73,4,196,0,0,0,0,0,0,0,0,0,0,0,2,2,0,0,17,54,127,15,54,127,34.464793,22.804075,40.181587,11.764706,0.000000,0.000000,0,0,0,12611.712846,19.439513,161.271077,11496.802256,802.240549,226.667208,10610.308268,0.000000,0.000000,11639.216026,12611.712846,972.496821,6.361075,1.797275,84.130589,0.000000,7.711061,20.249493,11.666021,3.621040,0.019653,2,0.000000,0,0,0,100.000000,4.884220,98.989899,34.956396,2458.407707,9428.538107,0.000000,59.657900
10440.000000,pure-acoustic,none,hardware,1,0,0,0,fifo,0.000500,180,15,hybrid,0.050000,4000.000000,6.087000,52.000000,500.000000,500.000000,2.000000,120.000000,0.000000,198,127,198,0,196,15,54,127,0,0,0,0,0,0,0,0,0.000000,0.000000,0.000000,clear-ocean,30.000000,60.000000,0.151000,1796,5227164,1340.298462,12.838108,93,22,0,71,0,273,73,4,196,0,0,0,0,0,0,0,0,0,0,0,2,2,0,0,17,54,127,15,54,127,34.464793,22.804075,40.181587,11.764706,0.000000,0.000000,0,0,0,12617.112846,19.439513,161.271077,11496.802256,806.376720,227.701250,10610.538056,0.000000,0.000000,11644.616026,12617.112846,972.496821,6.391135,1.804702,84.096403,0.000000,7.707760,20.249493,11.666021,3.621040,0.019540,2,0.000000,0,0,0,100.000000,4.884220,98.989899,34.956396,2444.278927,9342.431391,0.000000,117.995634
10500.000000,pure-acoustic,none,hardware,1,0,0,0,fifo,0.000500,180,15,hybrid,0.050000,4000.000000,6.087000,52.000000,500.000000,500.000000,2.000000,120.000000,0.000000,198,127,198,0,196,15,54,127,0,0,0,0,0,0,0,0,0.000000,0.000000,0.000000,clear-ocean,30.000000,60.000000,0.151000,1796,5227164,1340.298462,12.764747,93,22,0,71,0,273,73,4,196,0,0,0,0,0,0,0,0,0,0,0,2,2,0,0,17,54,127,15,54,127,34.464793,22.804075,40.181587,11.764706,0.000000,0.000000,0,0,0,12622.512846,19.439513,161.271077,11496.802256,810.512890,228.735293,10610.767843,0.000000,0.000000,11650.016026,12622.512846,972.496821,6.421169,1.812122,84.062246,0.000000,7.704463,20.249493,11.666021,3.621040,0.019429,2,0.000000,0,0,0,100.000000,4.884220,98.989899,34.956396,2430.311619,9256.324675,0.000000,188.849904
10560.000000,pure-acoustic,none,hardware,1,0,0,0,fifo,0.000500,180,15,hybrid,0.050000,4000.000000,6.087000,52.000000,500.000000,500.000000,2.000000,120.000000,0.000000,198,127,198,0,196,15,54,127,0,0,0,0,0,0,0,0,0.000000,0.000000,0.000000,clear-ocean,30.000000,60.000000,0.151000,1796,5227164,1340.298462,12.692220,93,22,0,71,0,273,73,4,196,0,0,0,0,0,0,0,0,0,0,0,2,2,0,0,17,54,127,15,54,127,34.464793,22.804075,40.181587,11.764706,0.000000,0.000000,0,0,0,12627.912846,19.439513,161.271077,11496.802256,814.649060,229.769336,10610.997630,0.000000,0.000000,11655.416026,12627.912846,972.496821,6.451177,1.819535,84.028119,0.000000,7.701168,20.249493,11.666021,3.621040,0.019318,2,0.000000,0,0,0,100.000000,4.884220,98.989899,34.956396,2416.503030,9170.217959,0.000000,265.502372
10620.000000,pure-acoustic,none,hardware,1,0,0,0,fifo,0.000500,180,15,hybrid,0.050000,4000.000000,6.087000,52.000000,500.000000,500.000000,2.000000,120.000000,0.000000,198,127,198,0,196,15,54,127,0,0,0,0,0,0,0,0,0.000000,0.000000,0.000000,clear-ocean,30.000000,60.000000,0.151000,1796,5227164,1340.298462,12.620513,93,22,0,71,0,273,73,4,196,0,0,0,0,0,0,0,0,0,0,0,2,2,0,0,17,54,127,15,54,127,34.464793,22.804075,40.181587,11.764706,0.000000,0.000000,0,0,0,12633.312846,19.439513,161.271077,11496.802256,818.785230,230.803378,10611.227417,0.000000,0.000000,11660.816026,12633.312846,972.496821,6.481160,1.826943,83.994021,0.000000,7.697876,20.249493,11.666021,3.621040,0.019209,2,0.000000,0,0,0,100.000000,4.884220,98.989899,34.956396,2402.850471,9084.111242,0.000000,340.684918
10680.000000,pure-acoustic,none,hardware,1,0,0,0,fifo,0.000500,180,15,hybrid,0.050000,4000.000000,6.087000,52.000000,500.000000,500.000000,2.000000,120.000000,0.000000,198,127,198,0,196,15,54,127,0,0,0,0,0,0,0,0,0.000000,0.000000,0.000000,clear-ocean,30.000000,60.000000,0.151000,1796,5227164,1340.298462,12.549611,93,22,0,71,0,273,73,4,196,0,0,0,0,0,0,0,0,0,0,0,2,2,0,0,17,54,127,15,54,127,34.464793,22.804075,40.181587,11.764706,0.000000,0.000000,0,0,0,12638.712846,19.439513,161.271077,11496.802256,822.921400,231.837421,10611.457205,0.000000,0.000000,11666.216026,12638.712846,972.496821,6.511117,1.834344,83.959952,0.000000,7.694588,20.249493,11.666021,3.621040,0.019101,2,0.000000,0,0,0,100.000000,4.884220,98.989899,34.956396,2389.351311,8998.004526,0.000000,407.268802
10740.000000,pure-acoustic,none,hardware,1,0,0,0,fifo,0.000500,180,15,hybrid,0.050000,4000.000000,6.087000,52.000000,500.000000,500.000000,2.000000,120.000000,0.000000,198,127,198,0,196,15,54,127,0,0,0,0,0,0,0,0,0.000000,0.000000,0.000000,clear-ocean,30.000000,60.000000,0.151000,1796,5227164,1340.298462,12.479502,93,22,0,71,0,273,73,4,196,0,0,0,0,0,0,0,0,0,0,0,2,2,0,0,17,54,127,15,54,127,34.464793,22.804075,40.181587,11.764706,0.000000,0.000000,0,0,0,12644.112846,19.439513,161.271077,11496.802256,827.057571,232.871463,10611.686992,0.000000,0.000000,11671.616026,12644.112846,972.496821,6.541049,1.841738,83.925912,0.000000,7.691301,20.249493,11.666021,3.621040,0.018994,2,0.000000,0,0,0,100.000000,4.884220,98.989899,34.956396,2376.002980,8911.897810,0.000000,458.940599
10800.000000,pure-acoustic,none,hardware,1,0,0,0,fifo,0.000500,180,15,hybrid,0.050000,4000.000000,6.087000,52.000000,500.000000,500.000000,2.000000,120.000000,0.000000,198,127,198,0,196,15,54,127,0,0,0,0,0,0,0,0,0.000000,0.000000,0.000000,clear-ocean,30.000000,60.000000,0.151000,1796,5227164,1340.298462,12.410171,93,22,0,71,0,273,73,4,196,0,0,0,0,0,0,0,0,0,0,0,2,2,0,0,17,54,127,15,54,127,34.464793,22.804075,40.181587,11.764706,0.000000,0.000000,0,0,0,12649.512846,19.439513,161.271077,11496.802256,831.193741,233.905506,10611.916779,0.000000,0.000000,11677.016026,12649.512846,972.496821,6.570955,1.849127,83.891901,0.000000,7.688018,20.249493,11.666021,3.621040,0.018889,2,0.000000,0,0,0,100.000000,4.884220,98.989899,34.956396,2362.802963,8825.791094,0.000000,490.800835
10860.000000,pure-acoustic,none,hardware,1,0,0,0,fifo,0.000500,180,15,hybrid,0.050000,4000.000000,6.087000,52.000000,500.000000,500.000000,2.000000,120.000000,0.000000,198,127,198,0,196,15,54,127,0,0,0,0,0,0,0,0,0.000000,0.000000,0.000000,clear-ocean,30.000000,60.000000,0.151000,1796,5227164,1340.298462,12.341606,93,22,0,71,0,273,73,4,196,0,0,0,0,0,0,0,0,0,0,0,2,2,0,0,17,54,127,15,54,127,34.464793,22.804075,40.181587,11.764706,0.000000,0.000000,0,0,0,12654.912846,19.439513,161.271077,11496.802256,835.329911,234.939548,10612.146566,0.000000,0.000000,11682.416026,12654.912846,972.496821,6.600835,1.856509,83.857919,0.000000,7.684737,20.249493,11.666021,3.621040,0.018785,2,0.000000,0,0,0,100.000000,4.884220,98.989899,34.956396,2349.748803,8739.684378,-0.000000,499.828551
10920.000000,pure-acoustic,none,hardware,1,0,0,0,fifo,0.000500,180,15,hybrid,0.050000,4000.000000,6.087000,52.000000,500.000000,500.000000,2.000000,120.000000,0.000000,198,127,198,0,196,15,54,127,0,0,0,0,0,0,0,0,0.000000,0.000000,0.000000,clear-ocean,30.000000,60.000000,0.151000,1796,5227164,1340.298462,12.273795,93,22,0,71,0,273,73,4,196,0,0,0,0,0,0,0,0,0,0,0,2,2,0,0,17,54,127,15,54,127,34.464793,22.804075,40.181587,11.764706,0.000000,0.000000,0,0,0,12660.312846,19.439513,161.271077,11496.802256,839.466081,235.973591,10612.376354,0.000000,0.000000,11687.816026,12660.312846,972.496821,6.630690,1.863884,83.823966,0.000000,7.681460,20.249493,11.666021,3.621040,0.018681,2,0.000000,0,0,0,100.000000,4.884220,98.989899,34.956396,2336.838095,8653.577662,-0.000000,485.167748
10980.000000,pure-acoustic,none,hardware,1,0,0,0,fifo,0.000500,180,15,hybrid,0.050000,4000.000000,6.087000,52.000000,500.000000,500.000000,2.000000,120.000000,0.000000,198,127,198,0,196,15,54,127,0,0,0,0,0,0,0,0,0.000000,0.000000,0.000000,clear-ocean,30.000000,60.000000,0.151000,1796,5227164,1340.298462,12.206726,93,22,0,71,0,273,73,4,196,0,0,0,0,0,0,0,0,0,0,0,2,2,0,0,17,54,127,15,54,127,34.464793,22.804075,40.181587,11.764706,0.000000,0.000000,0,0,0,12665.712846,19.439513,161.271077,11496.802256,843.602252,237.007633,10612.606141,0.000000,0.000000,11693.216026,12665.712846,972.496821,6.660519,1.871254,83.790042,0.000000,7.678185,20.249493,11.666021,3.621040,0.018579,2,0.000000,0,0,0,100.000000,4.884220,98.989899,34.956396,2324.068488,8567.470946,-0.000000,448.208549
11040.000000,pure-acoustic,none,hardware,1,0,0,0,fifo,0.000500,180,15,hybrid,0.050000,4000.000000,6.087000,52.000000,500.000000,500.000000,2.000000,120.000000,0.000000,198,127,198,0,196,15,54,127,0,0,0,0,0,0,0,0,0.000000,0.000000,0.000000,clear-ocean,30.000000,60.000000,0.151000,1796,5227164,1340.298462,12.140385,93,22,0,71,0,273,73,4,196,0,0,0,0,0,0,0,0,0,0,0,2,2,0,0,17,54,127,15,54,127,34.464793,22.804075,40.181587,11.764706,0.000000,0.000000,0,0,0,12671.112846,19.439513,161.271077,11496.802256,847.738422,238.041676,10612.835928,0.000000,0.000000,11698.616026,12671.112846,972.496821,6.690323,1.878617,83.756147,0.000000,7.674912,20.249493,11.666021,3.621040,0.018478,2,0.000000,0,0,0,100.000000,4.884220,98.989899,34.956396,2311.437681,8481.364229,-0.000000,392.455393
11100.000000,pure-acoustic,none,hardware,1,0,0,0,fifo,0.000500,180,15,hybrid,0.050000,4000.000000,6.087000,52.000000,500.000000,500.000000,2.000000,120.000000,0.000000,198,127,198,0,196,15,54,127,0,0,0,0,0,0,0,0,0.000000,0.000000,0.000000,clear-ocean,30.000000,60.000000,0.151000,1796,5227164,1340.298462,12.074761,93,22,0,71,0,273,73,4,196,0,0,0,0,0,0,0,0,0,0,0,2,2,0,0,17,54,127,15,54,127,34.464793,22.804075,40.181587,11.764706,0.000000,0.000000,0,0,0,12676.512846,19.439513,161.271077,11496.802256,851.874592,239.075718,10613.065715,0.000000,0.000000,11704.016026,12676.512846,972.496821,6.720102,1.885974,83.722281,0.000000,7.671643,20.249493,11.666021,3.621040,0.018378,2,0.000000,0,0,0,100.000000,4.884220,98.989899,34.956396,2298.943423,8395.257513,-0.000000,323.194744
11160.000000,pure-acoustic,none,hardware,1,0,0,0,fifo,0.000500,180,15,hybrid,0.050000,4000.000000,6.087000,52.000000,500.000000,500.000000,2.000000,120.000000,0.000000,198,127,198,0,196,15,54,127,0,0,0,0,0,0,0,0,0.000000,0.000000,0.000000,clear-ocean,30.000000,60.000000,0.151000,1796,5227164,1340.298462,12.009843,93,22,0,71,0,273,73,4,196,0,0,0,0,0,0,0,0,0,0,0,2,2,0,0,17,54,127,15,54,127,34.464793,22.804075,40.181587,11.764706,0.000000,0.000000,0,0,0,12681.912846,19.439513,161.271077,11496.802256,856.010762,240.109761,10613.295502,0.000000,0.000000,11709.416026,12681.912846,972.496821,6.749855,1.893324,83.688444,0.000000,7.668376,20.249493,11.666021,3.621040,0.018280,2,0.000000,0,0,0,100.000000,4.884220,98.989899,34.956396,2286.583513,8309.150797,-0.000000,246.993835
11220.000000,pure-acoustic,none,hardware,1,0,0,0,fifo,0.000500,180,15,hybrid,0.050000,4000.000000,6.087000,52.000000,500.000000,500.000000,2.000000,120.000000,0.000000,198,127,198,0,196,15,54,127,0,0,0,0,0,0,0,0,0.000000,0.000000,0.000000,clear-ocean,30.000000,60.000000,0.151000,1796,5227164,1340.298462,11.945619,93,22,0,71,0,273,73,4,196,0,0,0,0,0,0,0,0,0,0,0,2,2,0,0,17,54,127,15,54,127,34.464793,22.804075,40.181587,11.764706,0.000000,0.000000,0,0,0,12687.312846,19.439513,161.271077,11496.802256,860.146932,241.143804,10613.525290,0.000000,0.000000,11714.816026,12687.312846,972.496821,6.779583,1.900669,83.654635,0.000000,7.665113,20.249493,11.666021,3.621040,0.018182,2,0.000000,0,0,0,100.000000,4.884220,98.989899,34.956396,2274.355793,8223.044081,-0.000000,171.077968
11280.000000,pure-acoustic,none,hardware,1,0,0,0,fifo,0.000500,180,15,hybrid,0.050000,4000.000000,6.087000,52.000000,500.000000,500.000000,2.000000,120.000000,0.000000,198,127,198,0,196,15,54,127,0,0,0,0,0,0,0,0,0.000000,0.000000,0.000000,clear-ocean,30.000000,60.000000,0.151000,1796,5227164,1340.298462,11.882079,93,22,0,71,0,273,73,4,196,0,0,0,0,0,0,0,0,0,0,0,2,2,0,0,17,54,127,15,54,127,34.464793,22.804075,40.181587,11.764706,0.000000,0.000000,0,0,0,12692.712846,19.439513,161.271077,11496.802256,864.283103,242.177846,10613.755077,0.000000,0.000000,11720.216026,12692.712846,972.496821,6.809286,1.908007,83.620856,0.000000,7.661852,20.249493,11.666021,3.621040,0.018085,2,0.000000,0,0,0,100.000000,4.884220,98.989899,34.956396,2262.258156,8136.937365,-0.000000,102.645417
11340.000000,pure-acoustic,none,hardware,1,0,0,0,fifo,0.000500,180,15,hybrid,0.050000,4000.000000,6.087000,52.000000,500.000000,500.000000,2.000000,120.000000,0.000000,198,127,198,0,196,15,54,127,0,0,0,0,0,0,0,0,0.000000,0.000000,0.000000,clear-ocean,30.000000,60.000000,0.151000,1796,5227164,1340.298462,11.819210,93,22,0,71,0,273,73,4,196,0,0,0,0,0,0,0,0,0,0,0,2,2,0,0,17,54,127,15,54,127,34.464793,22.804075,40.181587,11.764706,0.000000,0.000000,0,0,0,12698.112846,19.439513,161.271077,11496.802256,868.419273,243.211889,10613.984864,0.000000,0.000000,11725.616026,12698.112846,972.496821,6.838963,1.915339,83.587105,0.000000,7.658593,20.249493,11.666021,3.621040,0.017989,2,0.000000,0,0,0,100.000000,4.884220,98.989899,34.956396,2250.288536,8050.830649,-0.000000,48.184896
11400.000000,pure-acoustic,none,hardware,1,0,0,0,fifo,0.000500,180,15,hybrid,0.050000,4000.000000,6.087000,52.000000,500.000000,500.000000,2.000000,120.000000,0.000000,198,127,198,0,196,15,54,127,0,0,0,0,0,0,0,0,0.000000,0.000000,0.000000,clear-ocean,30.000000,60.000000,0.151000,1796,5227164,1340.298462,11.757004,93,22,0,71,0,273,73,4,196,0,0,0,0,0,0,0,0,0,0,0,2,2,0,0,17,54,127,15,54,127,34.464793,22.804075,40.181587,11.764706,0.000000,0.000000,0,0,0,12703.512846,19.439513,161.271077,11496.802256,872.555443,244.245931,10614.214651,0.000000,0.000000,11731.016026,12703.512846,972.496821,6.868615,1.922664,83.553382,0.000000,7.655338,20.249493,11.666021,3.621040,0.017895,2,0.000000,0,0,0,100.000000,4.884220,98.989899,34.956396,2238.444912,7964.723933,-0.000000,12.860303
11460.000000,pure-acoustic,none,hardware,1,0,0,0,fifo,0.000500,180,15,hybrid,0.050000,4000.000000,6.087000,52.000000,500.000000,500.000000,2.000000,120.000000,0.000000,198,127,198,0,196,15,54,127,0,0,0,0,0,0,0,0,0.000000,0.000000,0.000000,clear-ocean,30.000000,60.000000,0.151000,1796,5227164,1340.298462,11.695449,93,22,0,71,0,273,73,4,196,0,0,0,0,0,0,0,0,0,0,0,2,2,0,0,17,54,127,15,54,127,34.464793,22.804075,40.181587,11.764706,0.000000,0.000000,0,0,0,12708.912846,19.439513,161.271077,11496.802256,876.691613,245.279974,10614.444439,0.000000,0.000000,11736.416026,12708.912846,972.496821,6.898242,1.929984,83.519689,0.000000,7.652085,20.249493,11.666021,3.621040,0.017801,2,0.000000,0,0,0,100.000000,4.884220,98.989899,34.956396,2226.725305,7878.617216,-0.000000,0.021083
11520.000000,pure-acoustic,none,hardware,1,0,0,0,fifo,0.000500,180,15,hybrid,0.050000,4000.000000,6.087000,52.000000,500.000000,500.000000,2.000000,120.000000,0.000000,198,127,198,0,196,15,54,127,0,0,0,0,0,0,0,0,0.000000,0.000000,0.000000,clear-ocean,30.000000,60.000000,0.151000,1796,5227164,1340.298462,11.634535,93,22,0,71,0,273,73,4,196,0,0,0,0,0,0,0,0,0,0,0,2,2,0,0,17,54,127,15,54,127,34.464793,22.804075,40.181587,11.764706,0.000000,0.000000,0,0,0,12714.312846,19.439513,161.271077,11496.802256,880.827783,246.314016,10614.674226,0.000000,0.000000,11741.816026,12714.312846,972.496821,6.927844,1.937297,83.486024,0.000000,7.648835,20.249493,11.666021,3.621040,0.017708,2,0.000000,0,0,0,100.000000,4.884220,98.989899,34.956396,2215.127778,7792.510500,0.000000,10.884641
11580.000000,pure-acoustic,none,hardware,1,0,0,0,fifo,0.000500,180,15,hybrid,0.050000,4000.000000,6.087000,52.000000,500.000000,500.000000,2.000000,120.000000,0.000000,198,127,198,0,196,15,54,127,0,0,0,0,0,0,0,0,0.000000,0.000000,0.000000,clear-ocean,30.000000,60.000000,0.151000,1796,5227164,1340.298462,11.574253,93,22,0,71,0,273,73,4,196,0,0,0,0,0,0,0,0,0,0,0,2,2,0,0,17,54,127,15,54,127,34.464793,22.804075,40.181587,11.764706,0.000000,0.000000,0,0,0,12719.712846,19.439513,161.271077,11496.802256,884.963954,247.348059,10614.904013,0.000000,0.000000,11747.216026,12719.712846,972.496821,6.957421,1.944604,83.452387,0.000000,7.645588,20.249493,11.666021,3.621040,0.017617,2,0.000000,0,0,0,100.000000,4.884220,98.989899,34.956396,2203.650432,7706.403784,0.000000,44.420903
11640.000000,pure-acoustic,none,hardware,1,0,0,0,fifo,0.000500,180,15,hybrid,0.050000,4000.000000,6.087000,52.000000,500.000000,500.000000,2.000000,120.000000,0.000000,198,127,198,0,196,15,54,127,0,0,0,0,0,0,0,0,0.000000,0.000000,0.000000,clear-ocean,30.000000,60.000000,0.151000,1796,5227164,1340.298462,11.514592,93,22,0,71,0,273,73,4,196,0,0,0,0,0,0,0,0,0,0,0,2,2,0,0,17,54,127,15,54,127,34.464793,22.804075,40.181587,11.764706,0.000000,0.000000,0,0,0,12725.112846,19.439513,161.271077,11496.802256,889.100124,248.382101,10615.133800,0.000000,0.000000,11752.616026,12725.112846,972.496821,6.986972,1.951905,83.418779,0.000000,7.642343,20.249493,11.666021,3.621040,0.017526,2,0.000000,0,0,0,100.000000,4.884220,98.989899,34.956396,2192.291409,7620.297068,0.000000,97.449991
11700.000000,pure-acoustic,none,hardware,1,0,0,0,fifo,0.000500,180,15,hybrid,0.050000,4000.000000,6.087000,52.000000,500.000000,500.000000,2.000000,120.000000,0.000000,198,127,198,0,196,15,54,127,0,0,0,0,0,0,0,0,0.000000,0.000000,0.000000,clear-ocean,30.000000,60.000000,0.151000,1796,5227164,1340.298462,11.455542,93,22,0,71,0,273,73,4,196,0,0,0,0,0,0,0,0,0,0,0,2,2,0,0,17,54,127,15,54,127,34.464793,22.804075,40.181587,11.764706,0.000000,0.000000,0,0,0,12730.512846,19.439513,161.271077,11496.802256,893.236294,249.416144,10615.363588,0.000000,0.000000,11758.016026,12730.512846,972.496821,7.016499,1.959199,83.385200,0.000000,7.639102,20.249493,11.666021,3.621040,0.017436,2,0.000000,0,0,0,100.000000,4.884220,98.989899,34.956396,2181.048889,7534.190352,0.000000,164.943734
11760.000000,pure-acoustic,none,hardware,1,0,0,0,fifo,0.000500,180,15,hybrid,0.050000,4000.000000,6.087000,52.000000,500.000000,500.000000,2.000000,120.000000,0.000000,198,127,198,0,196,15,54,127,0,0,0,0,0,0,0,0,0.000000,0.000000,0.000000,clear-ocean,30.000000,60.000000,0.151000,1796,5227164,1340.298462,11.397096,93,22,0,71,0,273,73,4,196,0,0,0,0,0,0,0,0,0,0,0,2,2,0,0,17,54,127,15,54,127,34.464793,22.804075,40.181587,11.764706,0.000000,0.000000,0,0,0,12735.912846,19.439513,161.271077,11496.802256,897.372464,250.450187,10615.593375,0.000000,0.000000,11763.416026,12735.912846,972.496821,7.046000,1.966488,83.351649,0.000000,7.635863,20.249493,11.666021,3.621040,0.017347,2,0.000000,0,0,0,100.000000,4.884220,98.989899,34.956396,2169.921088,7448.083636,0.000000,240.502437
11820.000000,pure-acoustic,none,hardware,1,0,0,0,fifo,0.000500,180,15,hybrid,0.050000,4000.000000,6.087000,52.000000,500.000000,500.000000,2.000000,120.000000,0.000000,198,127,198,0,196,15,54,127,0,0,0,0,0,0,0,0,0.000000,0.000000,0.000000,clear-ocean,30.000000,60.000000,0.151000,1796,5227164,1340.298462,11.339242,93,22,0,71,0,273,73,4,196,0,0,0,0,0,0,0,0,0,0,0,2,2,0,0,17,54,127,15,54,127,34.464793,22.804075,40.181587,11.764706,0.000000,0.000000,0,0,0,12741.312846,19.439513,161.271077,11496.802256,901.508634,251.484229,10615.823162,0.000000,0.000000,11768.816026,12741.312846,972.496821,7.075477,1.973770,83.318127,0.000000,7.632626,20.249493,11.666021,3.621040,0.017259,2,0.000000,0,0,0,100.000000,4.884220,98.989899,34.956396,2158.906261,7361.976920,0.000000,316.961690
11880.000000,pure-acoustic,none,hardware,1,0,0,0,fifo,0.000500,180,15,hybrid,0.050000,4000.000000,6.087000,52.000000,500.000000,500.000000,2.000000,120.000000,0.000000,198,127,198,0,196,15,54,127,0,0,0,0,0,0,0,0,0.000000,0.000000,0.000000,clear-ocean,30.000000,60.000000,0.151000,1796,5227164,1340.298462,11.281974,93,22,0,71,0,273,73,4,196,0,0,0,0,0,0,0,0,0,0,0,2,2,0,0,17,54,127,15,54,127,34.464793,22.804075,40.181587,11.764706,0.000000,0.000000,0,0,0,12746.712846,19.439513,161.271077,11496.802256,905.644805,252.518272,10616.052949,0.000000,0.000000,11774.216026,12746.712846,972.496821,7.104928,1.981046,83.284632,0.000000,7.629393,20.249493,11.666021,3.621040,0.017172,2,0.000000,0,0,0,100.000000,4.884220,98.989899,34.956396,2148.002694,7275.870203,0.000000,387.071695
11940.000000,pure-acoustic,none,hardware,1,0,0,0,fifo,0.000500,180,15,hybrid,0.050000,4000.000000,6.087000,52.000000,500.000000,500.000000,2.000000,120.000000,0.000000,198,127,198,0,196,15,54,127,0,0,0,0,0,0,0,0,0.000000,0.000000,0.000000,clear-ocean,30.000000,60.000000,0.151000,1796,5227164,1340.298462,11.225280,93,22,0,71,0,273,73,4,196,0,0,0,0,0,0,0,0,0,0,0,2,2,0,0,17,54,127,15,54,127,34.464793,22.804075,40.181587,11.764706,0.000000,0.000000,0,0,0,12752.112846,19.439513,161.271077,11496.802256,909.780975,253.552314,10616.282736,0.000000,0.000000,11779.616026,12752.112846,972.496821,7.134355,1.988316,83.251167,0.000000,7.626162,20.249493,11.666021,3.621040,0.017085,2,0.000000,0,0,0,100.000000,4.884220,98.989899,34.956396,2137.208710,7189.763487,0.000000,444.184685
12000.000000,pure-acoustic,none,hardware,1,0,0,0,fifo,0.000500,180,15,hybrid,0.050000,4000.000000,6.087000,52.000000,500.000000,500.000000,2.000000,120.000000,0.000000,198,127,198,0,196,15,54,127,0,0,0,0,0,0,0,0,0.000000,0.000000,0.000000,clear-ocean,30.000000,60.000000,0.151000,1796,5227164,1340.298462,11.169154,93,22,0,71,0,273,73,4,196,0,0,0,0,0,0,0,0,0,0,0,2,2,0,0,17,54,127,15,54,127,34.464793,22.804075,40.181587,11.764706,0.000000,0.000000,0,0,0,12757.512846,19.439513,161.271077,11496.802256,913.917145,254.586357,10616.512524,0.000000,0.000000,11785.016026,12757.512846,972.496821,7.163756,1.995580,83.217729,0.000000,7.622934,20.249493,11.666021,3.621040,0.017000,2,0.000000,0,0,0,100.000000,4.884220,98.989899,34.956396,2126.522667,7103.656771,0.000000,482.885257
12060.000000,pure-acoustic,none,hardware,1,0,0,0,fifo,0.000500,180,15,hybrid,0.050000,4000.000000,6.087000,52.000000,500.000000,500.000000,2.000000,120.000000,0.000000,198,127,198,0,196,15,54,127,0,0,0,0,0,0,0,0,0.000000,0.000000,0.000000,clear-ocean,30.000000,60.000000,0.151000,1796,5227164,1340.298462,11.113586,93,22,0,71,0,273,73,4,196,0,0,0,0,0,0,0,0,0,0,0,2,2,0,0,17,54,127,15,54,127,34.464793,22.804075,40.181587,11.764706,0.000000,0.000000,0,0,0,12762.912846,19.439513,161.271077,11496.802256,918.053315,255.620399,10616.742311,0.000000,0.000000,11790.416026,12762.912846,972.496821,7.193133,2.002837,83.184320,0.000000,7.619709,20.249493,11.666021,3.621040,0.016915,2,0.000000,0,0,0,100.000000,4.884220,98.989899,34.956396,2115.942952,7017.550055,0.000000,499.503857
12120.000000,pure-acoustic,none,hardware,1,0,0,0,fifo,0.000500,180,15,hybrid,0.050000,4000.000000,6.087000,52.000000,500.000000,500.000000,2.000000,120.000000,0.000000,198,127,198,0,196,15,54,127,0,0,0,0,0,0,0,0,0.000000,0.000000,0.000000,clear-ocean,30.000000,60.000000,0.151000,1796,5227164,1340.298462,11.058568,93,22,0,71,0,273,73,4,196,0,0,0,0,0,0,0,0,0,0,0,2,2,0,0,17,54,127,15,54,127,34.464793,22.804075,40.181587,11.764706,0.000000,0.000000,0,0,0,12768.312846,19.439513,161.271077,11496.802256,922.189486,256.654442,10616.972098,0.000000,0.000000,11795.816026,12768.312846,972.496821,7.222485,2.010089,83.150940,0.000000,7.616486,20.249493,11.666021,3.621040,0.016832,2,0.000000,0,0,0,100.000000,4.884220,98.989899,34.956396,2105.467987,6931.443339,-0.000000,492.464725
12180.000000,pure-acoustic,none,hardware,1,0,0,0,fifo,0.000500,180,15,hybrid,0.050000,4000.000000,6.087000,52.000000,500.000000,500.000000,2.000000,120.000000,0.000000,198,127,198,0,196,15,54,127,0,0,0,0,0,0,0,0,0.000000,0.000000,0.000000,clear-ocean,30.000000,60.000000,0.151000,1796,5227164,1340.298462,11.004092,93,22,0,71,0,273,73,4,196,0,0,0,0,0,0,0,0,0,0,0,2,2,0,0,17,54,127,15,54,127,34.464793,22.804075,40.181587,11.764706,0.000000,0.000000,0,0,0,12773.712846,19.439513,161.271077,11496.802256,926.325656,257.688484,10617.201885,0.000000,0.000000,11801.216026,12773.712846,972.496821,7.251812,2.017334,83.117587,0.000000,7.613267,20.249493,11.666021,3.621040,0.016749,2,0.000000,0,0,0,100.000000,4.884220,98.989899,34.956396,2095.096223,6845.336623,-0.000000,462.435304
12240.000000,pure-acoustic,none,hardware,1,0,0,0,fifo,0.000500,180,15,hybrid,0.050000,4000.000000,6.087000,52.000000,500.000000,500.000000,2.000000,120.000000,0.000000,198,127,198,0,196,15,54,127,0,0,0,0,0,0,0,0,0.000000,0.000000,0.000000,clear-ocean,30.000000,60.000000,0.151000,1796,5227164,1340.298462,10.950151,93,22,0,71,0,273,73,4,196,0,0,0,0,0,0,0,0,0,0,0,2,2,0,0,17,54,127,15,54,127,34.464793,22.804075,40.181587,11.764706,0.000000,0.000000,0,0,0,12779.112846,19.439513,161.271077,11496.802256,930.461826,258.722527,10617.431673,0.000000,0.000000,11806.616026,12779.112846,972.496821,7.281114,2.024573,83.084263,0.000000,7.610050,20.249493,11.666021,3.621040,0.016667,2,0.000000,0,0,0,100.000000,4.884220,98.989899,34.956396,2084.826144,6759.229907,-0.000000,412.262958
12300.000000,pure-acoustic,none,hardware,1,0,0,0,fifo,0.000500,180,15,hybrid,0.050000,4000.000000,6.087000,52.000000,500.000000,500.000000,2.000000,120.000000,0.000000,198,127,198,0,196,15,54,127,0,0,0,0,0,0,0,0,0.000000,0.000000,0.000000,clear-ocean,30.000000,60.000000,0.151000,1796,5227164,1340.298462,10.896735,93,22,0,71,0,273,73,4,196,0,0,0,0,0,0,0,0,0,0,0,2,2,0,0,17,54,127,15,54,127,34.464793,22.804075,40.181587,11.764706,0.000000,0.000000,0,0,0,12784.512846,19.439513,161.271077,11496.802256,934.597996,259.756570,10617.661460,0.000000,0.000000,11812.016026,12784.512846,972.496821,7.310392,2.031807,83.050966,0.000000,7.606835,20.249493,11.666021,3.621040,0.016585,2,0.000000,0,0,0,100.000000,4.884220,98.989899,34.956396,2074.656260,6673.123190,-0.000000,346.704984
12360.000000,pure-acoustic,none,hardware,1,0,0,0,fifo,0.000500,180,15,hybrid,0.050000,4000.000000,6.087000,52.000000,500.000000,500.000000,2.000000,120.000000,0.000000,198,127,198,0,196,15,54,127,0,0,0,0,0,0,0,0,0.000000,0.000000,0.000000,clear-ocean,30.000000,60.000000,0.151000,1796,5227164,1340.298462,10.843839,93,22,0,71,0,273,73,4,196,0,0,0,0,0,0,0,0,0,0,0,2,2,0,0,17,54,127,15,54,127,34.464793,22.804075,40.181587,11.764706,0.000000,0.000000,0,0,0,12789.912846,19.439513,161.271077,11496.802256,938.734166,260.790612,10617.891247,0.000000,0.000000,11817.416026,12789.912846,972.496821,7.339645,2.039034,83.017698,0.000000,7.603624,20.249493,11.666021,3.621040,0.016505,2,0.000000,0,0,0,100.000000,4.884220,98.989899,34.956396,2064.585113,6587.016474,-0.000000,271.977529
12420.000000,pure-acoustic,none,hardware,1,0,0,0,fifo,0.000500,180,15,hybrid,0.050000,4000.000000,6.087000,52.000000,500.000000,500.000000,2.000000,120.000000,0.000000,198,127,198,0,196,15,54,127,0,0,0,0,0,0,0,0,0.000000,0.000000,0.000000,clear-ocean,30.000000,60.000000,0.151000,1796,5227164,1340.298462,10.791453,93,22,0,71,0,273,73,4,196,0,0,0,0,0,0,0,0,0,0,0,2,2,0,0,17,54,127,15,54,127,34.464793,22.804075,40.181587,11.764706,0.000000,0.000000,0,0,0,12795.312846,19.439513,161.271077,11496.802256,942.870337,261.824655,10618.121034,0.000000,0.000000,11822.816026,12795.312846,972.496821,7.368873,2.046254,82.984458,0.000000,7.600415,20.249493,11.666021,3.621040,0.016425,2,0.000000,0,0,0,100.000000,4.884220,98.989899,34.956396,2054.611272,6500.909758,-0.000000,195.166185
12480.000000,pure-acoustic,none,hardware,1,0,0,0,fifo,0.000500,180,15,hybrid,0.050000,4000.000000,6.087000,52.000000,500.000000,500.000000,2.000000,120.000000,0.000000,198,127,198,0,196,15,54,127,0,0,0,0,0,0,0,0,0.000000,0.000000,0.000000,clear-ocean,30.000000,60.000000,0.151000,1796,5227164,1340.298462,10.739571,93,22,0,71,0,273,73,4,196,0,0,0,0,0,0,0,0,0,0,0,2,2,0,0,17,54,127,15,54,127,34.464793,22.804075,40.181587,11.764706,0.000000,0.000000,0,0,0,12800.712846,19.439513,161.271077,11496.802256,947.006507,262.858697,10618.350822,0.000000,0.000000,11828.216026,12800.712846,972.496821,7.398076,2.053469,82.951246,0.000000,7.597208,20.249493,11.666021,3.621040,0.016346,2,0.000000,0,0,0,100.000000,4.884220,98.989899,34.956396,2044.733333,6414.803042,-0.000000,123.554134
12540.000000,pure-acoustic,none,hardware,1,0,0,0,fifo,0.000500,180,15,hybrid,0.050000,4000.000000,6.087000,52.000000,500.000000,500.000000,2.000000,120.000000,0.000000,198,127,198,0,196,15,54,127,0,0,0,0,0,0,0,0,0.000000,0.000000,0.000000,clear-ocean,30.000000,60.000000,0.151000,1796,5227164,1340.298462,10.688185,93,22,0,71,0,273,73,4,196,0,0,0,0,0,0,0,0,0,0,0,2,2,0,0,17,54,127,15,54,127,34.464793,22.804075,40.181587,11.764706,0.000000,0.000000,0,0,0,12806.112846,19.439513,161.271077,11496.802256,951.142677,263.892740,10618.580609,0.000000,0.000000,11833.616026,12806.112846,972.496821,7.427255,2.060678,82.918062,0.000000,7.594005,20.249493,11.666021,3.621040,0.016268,2,0.000000,0,0,0,100.000000,4.884220,98.989899,34.956396,2034.949920,6328.696326,-0.000000,63.931567
12600.000000,pure-acoustic,none,hardware,1,0,0,0,fifo,0.000500,180,15,hybrid,0.050000,4000.000000,6.087000,52.000000,500.000000,500.000000,2.000000,120.000000,0.000000,198,127,198,0,196,15,54,127,0,0,0,0,0,0,0,0,0.000000,0.000000,0.000000,clear-ocean,30.000000,60.000000,0.151000,1796,5227164,1340.298462,10.637289,93,22,0,71,0,273,73,4,196,0,0,0,0,0,0,0,0,0,0,0,2,2,0,0,17,54,127,15,54,127,34.464793,22.804075,40.181587,11.764706,0.000000,0.000000,0,0,0,12811.512846,19.439513,161.271077,11496.802256,955.278847,264.926782,10618.810396,0.000000,0.000000,11839.016026,12811.512846,972.496821,7.456409,2.067881,82.884906,0.000000,7.590804,20.249493,11.666021,3.621040,0.016190,2,0.000000,0,0,0,100.000000,4.884220,98.989899,34.956396,2025.259683,6242.589610,-0.000000,21.951842
12660.000000,pure-acoustic,none,hardware,1,0,0,0,fifo,0.000500,180,15,hybrid,0.050000,4000.000000,6.087000,52.000000,500.000000,500.000000,2.000000,120.000000,0.000000,198,127,198,0,196,15,54,127,0,0,0,0,0,0,0,0,0.000000,0.000000,0.000000,clear-ocean,30.000000,60.000000,0.151000,1796,5227164,1340.298462,10.586876,93,22,0,71,0,273,73,4,196,0,0,0,0,0,0,0,0,0,0,0,2,2,0,0,17,54,127,15,54,127,34.464793,22.804075,40.181587,11.764706,0.000000,0.000000,0,0,0,12816.912846,19.439513,161.271077,11496.802256,959.415017,265.960825,10619.040183,0.000000,0.000000,11844.416026,12816.912846,972.496821,7.485539,2.075077,82.851778,0.000000,7.587606,20.249493,11.666021,3.621040,0.016114,2,0.000000,0,0,0,100.000000,4.884220,98.989899,34.956396,2015.661295,6156.482894,-0.000000,1.595440
12720.000000,pure-acoustic,none,hardware,1,0,0,0,fifo,0.000500,180,15,hybrid,0.050000,4000.000000,6.087000,52.000000,500.000000,500.000000,2.000000,120.000000,0.000000,198,127,198,0,196,15,54,127,0,0,0,0,0,0,0,0,0.000000,0.000000,0.000000,clear-ocean,30.000000,60.000000,0.151000,1796,5227164,1340.298462,10.536938,93,22,0,71,0,273,73,4,196,0,0,0,0,0,0,0,0,0,0,0,2,2,0,0,17,54,127,15,54,127,34.464793,22.804075,40.181587,11.764706,0.000000,0.000000,0,0,0,12822.312846,19.439513,161.271077,11496.802256,963.551188,266.994867,10619.269971,0.000000,0.000000,11849.816026,12822.312846,972.496821,7.514644,2.082268,82.818678,0.000000,7.584410,20.249493,11.666021,3.621040,0.016038,2,0.000000,0,0,0,100.000000,4.884220,98.989899,34.956396,2006.153459,6070.376177,0.000000,4.792536
12780.000000,pure-acoustic,none,hardware,1,0,0,0,fifo,0.000500,180,15,hybrid,0.050000,4000.000000,6.087000,52.000000,500.000000,500.000000,2.000000,120.000000,0.000000,198,127,198,0,196,15,54,127,0,0,0,0,0,0,0,0,0.000000,0.000000,0.000000,clear-ocean,30.000000,60.000000,0.151000,1796,5227164,1340.298462,10.487468,93,22,0,71,0,273,73,4,196,0,0,0,0,0,0,0,0,0,0,0,2,2,0,0,17,54,127,15,54,127,34.464793,22.804075,40.181587,11.764706,0.000000,0.000000,0,0,0,12827.712846,19.439513,161.271077,11496.802256,967.687358,268.028910,10619.499758,0.000000,0.000000,11855.216026,12827.712846,972.496821,7.543725,2.089452,82.785606,0.000000,7.581218,20.249493,11.666021,3.621040,0.015962,2,0.000000,0,0,0,100.000000,4.884220,98.989899,34.956396,1996.734898,5984.269461,0.000000,31.239984
12840.000000,pure-acoustic,none,hardware,1,0,0,0,fifo,0.000500,180,15,hybrid,0.050000,4000.000000,6.087000,52.000000,500.000000,500.000000,2.000000,120.000000,0.000000,198,127,198,0,196,15,54,127,0,0,0,0,0,0,0,0,0.000000,0.000000,0.000000,clear-ocean,30.000000,60.000000,0.151000,1796,5227164,1340.298462,10.438462,93,22,0,71,0,273,73,4,196,0,0,0,0,0,0,0,0,0,0,0,2,2,0,0,17,54,127,15,54,127,34.464793,22.804075,40.181587,11.764706,0.000000,0.000000,0,0,0,12833.112846,19.439513,161.271077,11496.802256,971.823528,269.062953,10619.729545,0.000000,0.000000,11860.616026,12833.112846,972.496821,7.572781,2.096630,82.752561,0.000000,7.578027,20.249493,11.666021,3.621040,0.015888,2,0.000000,0,0,0,100.000000,4.884220,98.989899,34.956396,1987.404361,5898.162745,0.000000,78.430061
12900.000000,pure-acoustic,none,hardware,1,0,0,0,fifo,0.000500,180,15,hybrid,0.050000,4000.000000,6.087000,52.000000,500.000000,500.000000,2.000000,120.000000,0.000000,198,127,198,0,196,15,54,127,0,0,0,0,0,0,0,0,0.000000,0.000000,0.000000,clear-ocean,30.000000,60.000000,0.151000,1796,5227164,1340.298462,10.389911,93,22,0,71,0,273,73,4,196,0,0,0,0,0,0,0,0,0,0,0,2,2,0,0,17,54,127,15,54,127,34.464793,22.804075,40.181587,11.764706,0.000000,0.000000,0,0,0,12838.512846,19.439513,161.271077,11496.802256,975.959698,270.096995,10619.959332,0.000000,0.000000,11866.016026,12838.512846,972.496821,7.601813,2.103803,82.719544,0.000000,7.574840,20.249493,11.666021,3.621040,0.015814,2,0.000000,0,0,0,100.000000,4.884220,98.989899,34.956396,1978.160620,5812.056029,0.000000,141.888246
12960.000000,pure-acoustic,none,hardware,1,0,0,0,fifo,0.000500,180,15,hybrid,0.050000,4000.000000,6.087000,52.000000,500.000000,500.000000,2.000000,120.000000,0.000000,198,127,198,0,196,15,54,127,0,0,0,0,0,0,0,0,0.000000,0.000000,0.000000,clear-ocean,30.000000,60.000000,0.151000,1796,5227164,1340.298462,10.341809,93,22,0,71,0,273,73,4,196,0,0,0,0,0,0,0,0,0,0,0,2,2,0,0,17,54,127,15,54,127,34.464793,22.804075,40.181587,11.764706,0.000000,0.000000,0,0,0,12843.912846,19.439513,161.271077,11496.802256,980.095869,271.131038,10620.189119,0.000000,0.000000,11871.416026,12843.912846,972.496821,7.630820,2.110969,82.686555,0.000000,7.571655,20.249493,11.666021,3.621040,0.015741,2,0.000000,0,0,0,100.000000,4.884220,98.989899,34.956396,1969.002469,5725.949313,0.000000,215.597491
13020.000000,pure-acoustic,none,hardware,1,0,0,0,fifo,0.000500,180,15,hybrid,0.050000,4000.000000,6.087000,52.000000,500.000000,500.000000,2.000000,120.000000,0.000000,198,127,198,0,196,15,54,127,0,0,0,0,0,0,0,0,0.000000,0.000000,0.000000,clear-ocean,30.000000,60.000000,0.151000,1796,5227164,1340.298462,10.294151,93,22,0,71,0,273,73,4,196,0,0,0,0,0,0,0,0,0,0,0,2,2,0,0,17,54,127,15,54,127,34.464793,22.804075,40.181587,11.764706,0.000000,0.000000,0,0,0,12849.312846,19.439513,161.271077,11496.802256,984.232039,272.165080,10620.418907,0.000000,0.000000,11876.816026,12849.312846,972.496821,7.659803,2.118129,82.653594,0.000000,7.568473,20.249493,11.666021,3.621040,0.015668,2,0.000000,0,0,0,100.000000,4.884220,98.989899,34.956396,1959.928725,5639.842597,0.000000,292.568751
13080.000000,pure-acoustic,none,hardware,1,0,0,0,fifo,0.000500,180,15,hybrid,0.050000,4000.000000,6.087000,52.000000,500.000000,500.000000,2.000000,120.000000,0.000000,198,127,198,0,196,15,54,127,0,0,0,0,0,0,0,0,0.000000,0.000000,0.000000,clear-ocean,30.000000,60.000000,0.151000,1796,5227164,1340.298462,10.246930,93,22,0,71,0,273,73,4,196,0,0,0,0,0,0,0,0,0,0,0,2,2,0,0,17,54,127,15,54,127,34.464793,22.804075,40.181587,11.764706,0.000000,0.000000,0,0,0,12854.712846,19.439513,161.271077,11496.802256,988.368209,273.199123,10620.648694,0.000000,0.000000,11882.216026,12854.712846,972.496821,7.688761,2.125284,82.620661,0.000000,7.565294,20.249493,11.666021,3.621040,0.015596,2,0.000000,0,0,0,100.000000,4.884220,98.989899,34.956396,1950.938226,5553.735880,0.000000,365.503680
13140.000000,pure-acoustic,none,hardware,1,0,0,0,fifo,0.000500,180,15,hybrid,0.050000,4000.000000,6.087000,52.000000,500.000000,500.000000,2.000000,120.000000,0.000000,198,127,198,0,196,15,54,127,0,0,0,0,0,0,0,0,0.000000,0.000000,0.000000,clear-ocean,30.000000,60.000000,0.151000,1796,5227164,1340.298462,10.200140,93,22,0,71,0,273,73,4,196,0,0,0,0,0,0,0,0,0,0,0,2,2,0,0,17,54,127,15,54,127,34.464793,22.804075,40.181587,11.764706,0.000000,0.000000,0,0,0,12860.112846,19.439513,161.271077,11496.802256,992.504379,274.233165,10620.878481,0.000000,0.000000,11887.616026,12860.112846,972.496821,7.717696,2.132432,82.587755,0.000000,7.562117,20.249493,11.666021,3.621040,0.015525,2,0.000000,0,0,0,100.000000,4.884220,98.989899,34.956396,1942.029833,5467.629164,0.000000,427.486654
13200.000000,pure-acoustic,none,hardware,1,0,0,0,fifo,0.000500,180,15,hybrid,0.050000,4000.000000,6.087000,52.000000,500.000000,500.000000,2.000000,120.000000,0.000000,198,127,198,0,196,15,54,127,0,0,0,0,0,0,0,0,0.000000,0.000000,0.000000,clear-ocean,30.000000,60.000000,0.151000,1796,5227164,1340.298462,10.153776,93,22,0,71,0,273,73,4,196,0,0,0,0,0,0,0,0,0,0,0,2,2,0,0,17,54,127,15,54,127,34.464793,22.804075,40.181587,11.764706,0.000000,0.000000,0,0,0,12865.512846,19.439513,161.271077,11496.802256,996.640549,275.267208,10621.108268,0.000000,0.000000,11893.016026,12865.512846,972.496821,7.746606,2.139574,82.554877,0.000000,7.558943,20.249493,11.666021,3.621040,0.015455,2,0.000000,0,0,0,100.000000,4.884220,98.989899,34.956396,1933.202424,5381.522448,0.000000,472.640502
13260.000000,pure-acoustic,none,hardware,1,0,0,0,fifo,0.000500,180,15,hybrid,0.050000,4000.000000,6.087000,52.000000,500.000000,500.000000,2.000000,120.000000,0.000000,198,127,198,0,196,15,54,127,0,0,0,0,0,0,0,0,0.000000,0.000000,0.000000,clear-ocean,30.000000,60.000000,0.151000,1796,5227164,1340.298462,10.107832,93,22,0,71,0,273,73,4,196,0,0,0,0,0,0,0,0,0,0,0,2,2,0,0,17,54,127,15,54,127,34.464793,22.804075,40.181587,11.764706,0.000000,0.000000,0,0,0,12870.912846,19.439513,161.271077,11496.802256,1000.776720,276.301250,10621.338056,0.000000,0.000000,11898.416026,12870.912846,972.496821,7.775491,2.146711,82.522026,0.000000,7.555772,20.249493,11.666021,3.621040,0.015385,2,0.000000,0,0,0,100.000000,4.884220,98.989899,34.956396,1924.454902,5295.415732,0.000000,496.683776
13320.000000,pure-acoustic,none,hardware,1,0,0,0,fifo,0.000500,180,15,hybrid,0.050000,4000.000000,6.087000,52.000000,500.000000,500.000000,2.000000,120.000000,0.000000,198,127,198,0,196,15,54,127,0,0,0,0,0,0,0,0,0.000000,0.000000,0.000000,clear-ocean,30.000000,60.000000,0.151000,1796,5227164,1340.298462,10.062301,93,22,0,71,0,273,73,4,196,0,0,0,0,0,0,0,0,0,0,0,2,2,0,0,17,54,127,15,54,127,34.464793,22.804075,40.181587,11.764706,0.000000,0.000000,0,0,0,12876.312846,19.439513,161.271077,11496.802256,1004.912890,277.335293,10621.567843,0.000000,0.000000,11903.816026,12876.312846,972.496821,7.804353,2.153841,82.489203,0.000000,7.552603,20.249493,11.666021,3.621040,0.015315,2,0.000000,0,0,0,100.000000,4.884220,98.989899,34.956396,1915.786186,5209.309016,-0.000000,497.336716
13380.000000,pure-acoustic,none,hardware,1,0,0,0,fifo,0.000500,180,15,hybrid,0.050000,4000.000000,6.087000,52.000000,500.000000,500.000000,2.000000,120.000000,0.000000,198,127,198,0,196,15,54,127,0,0,0,0,0,0,0,0,0.000000,0.000000,0.000000,clear-ocean,30.000000,60.000000,0.151000,1796,5227164,1340.298462,10.017178,93,22,0,71,0,273,73,4,196,0,0,0,0,0,0,0,0,0,0,0,2,2,0,0,17,54,127,15,54,127,34.464793,22.804075,40.181587,11.764706,0.000000,0.000000,0,0,0,12881.712846,19.439513,161.271077,11496.802256,1009.049060,278.369336,10621.797630,0.000000,0.000000,11909.216026,12881.712846,972.496821,7.833190,2.160965,82.456407,0.000000,7.549437,20.249493,11.666021,3.621040,0.015247,2,0.000000,0,0,0,100.000000,4.884220,98.989899,34.956396,1907.195217,5123.202300,-0.000000,474.537410
13440.000000,pure-acoustic,none,hardware,1,0,0,0,fifo,0.000500,180,15,hybrid,0.050000,4000.000000,6.087000,52.000000,500.000000,500.000000,2.000000,120.000000,0.000000,198,127,198,0,196,15,54,127,0,0,0,0,0,0,0,0,0.000000,0.000000,0.000000,clear-ocean,30.000000,60.000000,0.151000,1796,5227164,1340.298462,9.972459,93,22,0,71,0,273,73,4,196,0,0,0,0,0,0,0,0,0,0,0,2,2,0,0,17,54,127,15,54,127,34.464793,22.804075,40.181587,11.764706,0.000000,0.000000,0,0,0,12887.112846,19.439513,161.271077,11496.802256,1013.185230,279.403378,10622.027417,0.000000,0.000000,11914.616026,12887.112846,972.496821,7.862003,2.168084,82.423639,0.000000,7.546274,20.249493,11.666021,3.621040,0.015179,2,0.000000,0,0,0,100.000000,4.884220,98.989899,34.956396,1898.680952,5037.095584,-0.000000,430.447668
13500.000000,pure-acoustic,none,hardware,1,0,0,0,fifo,0.000500,180,15,hybrid,0.050000,4000.000000,6.087000,52.000000,500.000000,500.000000,2.000000,120.000000,0.000000,198,127,198,0,196,15,54,127,0,0,0,0,0,0,0,0,0.000000,0.000000,0.000000,clear-ocean,30.000000,60.000000,0.151000,1796,5227164,1340.298462,9.928137,93,22,0,71,0,273,73,4,196,0,0,0,0,0,0,0,0,0,0,0,2,2,0,0,17,54,127,15,54,127,34.464793,22.804075,40.181587,11.764706,0.000000,0.000000,0,0,0,12892.512846,19.439513,161.271077,11496.802256,1017.321400,280.437421,10622.257205,0.000000,0.000000,11920.016026,12892.512846,972.496821,7.890792,2.175196,82.390899,0.000000,7.543113,20.249493,11.666021,3.621040,0.015111,2,0.000000,0,0,0,100.000000,4.884220,98.989899,34.956396,1890.242370,4950.988867,-0.000000,369.248039
13560.000000,pure-acoustic,none,hardware,1,0,0,0,fifo,0.000500,180,15,hybrid,0.050000,4000.000000,6.087000,52.000000,500.000000,500.000000,2.000000,120.000000,0.000000,198,127,198,0,196,15,54,127,0,0,0,0,0,0,0,0,0.000000,0.000000,0.000000,clear-ocean,30.000000,60.000000,0.151000,1796,5227164,1340.298462,9.884207,93,22,0,71,0,273,73,4,196,0,0,0,0,0,0,0,0,0,0,0,2,2,0,0,17,54,127,15,54,127,34.464793,22.804075,40.181587,11.764706,0.000000,0.000000,0,0,0,12897.912846,19.439513,161.271077,11496.802256,1021.457571,281.471463,10622.486992,0.000000,0.000000,11925.416026,12897.912846,972.496821,7.919557,2.182302,82.358186,0.000000,7.539955,20.249493,11.666021,3.621040,0.015044,2,0.000000,0,0,0,100.000000,4.884220,98.989899,34.956396,1881.878466,4864.882151,-0.000000,296.741417
13620.000000,pure-acoustic,none,hardware,1,0,0,0,fifo,0.000500,180,15,hybrid,0.050000,4000.000000,6.087000,52.000000,500.000000,500.000000,2.000000,120.000000,0.000000,198,127,198,0,196,15,54,127,0,0,0,0,0,0,0,0,0.000000,0.000000,0.000000,clear-ocean,30.000000,60.000000,0.151000,1796,5227164,1340.298462,9.840664,93,22,0,71,0,273,73,4,196,0,0,0,0,0,0,0,0,0,0,0,2,2,0,0,17,54,127,15,54,127,34.464793,22.804075,40.181587,11.764706,0.000000,0.000000,0,0,0,12903.312846,19.439513,161.271077,11496.802256,1025.593741,282.505506,10622.716779,0.000000,0.000000,11930.816026,12903.312846,972.496821,7.948298,2.189403,82.325500,0.000000,7.536800,20.249493,11.666021,3.621040,0.014978,2,0.000000,0,0,0,100.000000,4.884220,98.989899,34.956396,1873.588253,4778.775435,-0.000000,219.802817
13680.000000,pure-acoustic,none,hardware,1,0,0,0,fifo,0.000500,180,15,hybrid,0.050000,4000.000000,6.087000,52.000000,500.000000,500.000000,2.000000,120.000000,0.000000,198,127,198,0,196,15,54,127,0,0,0,0,0,0,0,0,0.000000,0.000000,0.000000,clear-ocean,30.000000,60.000000,0.151000,1796,5227164,1340.298462,9.797503,93,22,0,71,0,273,73,4,196,0,0,0,0,0,0,0,0,0,0,0,2,2,0,0,17,54,127,15,54,127,34.464793,22.804075,40.181587,11.764706,0.000000,0.000000,0,0,0,12908.712846,19.439513,161.271077,11496.802256,1029.729911,283.539548,10622.946566,0.000000,0.000000,11936.216026,12908.712846,972.496821,7.977015,2.196497,82.292841,0.000000,7.533647,20.249493,11.666021,3.621040,0.014912,2,0.000000,0,0,0,100.000000,4.884220,98.989899,34.956396,1865.370760,4692.668719,-0.000000,145.727486
13740.000000,pure-acoustic,none,hardware,1,0,0,0,fifo,0.000500,180,15,hybrid,0.050000,4000.000000,6.087000,52.000000,500.000000,500.000000,2.000000,120.000000,0.000000,198,127,198,0,196,15,54,127,0,0,0,0,0,0,0,0,0.000000,0.000000,0.000000,clear-ocean,30.000000,60.000000,0.151000,1796,5227164,1340.298462,9.754720,93,22,0,71,0,273,73,4,196,0,0,0,0,0,0,0,0,0,0,0,2,2,0,0,17,54,127,15,54,127,34.464793,22.804075,40.181587,11.764706,0.000000,0.000000,0,0,0,12914.112846,19.439513,161.271077,11496.802256,1033.866081,284.573591,10623.176354,0.000000,0.000000,11941.616026,12914.112846,972.496821,8.005707,2.203586,82.260210,0.000000,7.530497,20.249493,11.666021,3.621040,0.014847,2,0.000000,0,0,0,100.000000,4.884220,98.989899,34.956396,1857.225036,4606.562003,-0.000000,81.539182
13800.000000,pure-acoustic,none,hardware,1,0,0,0,fifo,0.000500,180,15,hybrid,0.050000,4000.000000,6.087000,52.000000,500.000000,500.000000,2.000000,120.000000,0.000000,198,127,198,0,196,15,54,127,0,0,0,0,0,0,0,0,0.000000,0.000000,0.000000,clear-ocean,30.000000,60.000000,0.151000,1796,5227164,1340.298462,9.712308,93,22,0,71,0,273,73,4,196,0,0,0,0,0,0,0,0,0,0,0,2,2,0,0,17,54,127,15,54,127,34.464793,22.804075,40.181587,11.764706,0.000000,0.000000,0,0,0,12919.512846,19.439513,161.271077,11496.802256,1038.002252,285.607633,10623.406141,0.000000,0.000000,11947.016026,12919.512846,972.496821,8.034376,2.210669,82.227606,0.000000,7.527349,20.249493,11.666021,3.621040,0.014783,2,0.000000,0,0,0,100.000000,4.884220,98.989899,34.956396,1849.150145,4520.455287,-0.000000,33.324182
13860.000000,pure-acoustic,none,hardware,1,0,0,0,fifo,0.000500,180,15,hybrid,0.050000,4000.000000,6.087000,52.000000,500.000000,500.000000,2.000000,120.000000,0.000000,198,127,198,0,196,15,54,127,0,0,0,0,0,0,0,0,0.000000,0.000000,0.000000,clear-ocean,30.000000,60.000000,0.151000,1796,5227164,1340.298462,9.670263,93,22,0,71,0,273,73,4,196,0,0,0,0,0,0,0,0,0,0,0,2,2,0,0,17,54,127,15,54,127,34.464793,22.804075,40.181587,11.764706,0.000000,0.000000,0,0,0,12924.912846,19.439513,161.271077,11496.802256,1042.138422,286.641676,10623.635928,0.000000,0.000000,11952.416026,12924.912846,972.496821,8.063021,2.217746,82.195030,0.000000,7.524204,20.249493,11.666021,3.621040,0.014719,2,0.000000,0,0,0,100.000000,4.884220,98.989899,34.956396,1841.145166,4434.348571,-0.000000,5.654189
13920.000000,pure-acoustic,none,hardware,1,0,0,0,fifo,0.000500,180,15,hybrid,0.050000,4000.000000,6.087000,52.000000,500.000000,500.000000,2.000000,120.000000,0.000000,198,127,198,0,196,15,54,127,0,0,0,0,0,0,0,0,0.000000,0.000000,0.000000,clear-ocean,30.000000,60.000000,0.151000,1796,5227164,1340.298462,9.628581,93,22,0,71,0,273,73,4,196,0,0,0,0,0,0,0,0,0,0,0,2,2,0,0,17,54,127,15,54,127,34.464793,22.804075,40.181587,11.764706,0.000000,0.000000,0,0,0,12930.312846,19.439513,161.271077,11496.802256,1046.274592,287.675718,10623.865715,0.000000,0.000000,11957.816026,12930.312846,972.496821,8.091642,2.224816,82.162480,0.000000,7.521062,20.249493,11.666021,3.621040,0.014655,2,0.000000,0,0,0,100.000000,4.884220,98.989899,34.956396,1833.209195,4348.241854,0.000000,1.152847
13980.000000,pure-acoustic,none,hardware,1,0,0,0,fifo,0.000500,180,15,hybrid,0.050000,4000.000000,6.087000,52.000000,500.000000,500.000000,2.000000,120.000000,0.000000,198,127,198,0,196,15,54,127,0,0,0,0,0,0,0,0,0.000000,0.000000,0.000000,clear-ocean,30.000000,60.000000,0.151000,1796,5227164,1340.298462,9.587257,93,22,0,71,0,273,73,4,196,0,0,0,0,0,0,0,0,0,0,0,2,2,0,0,17,54,127,15,54,127,34.464793,22.804075,40.181587,11.764706,0.000000,0.000000,0,0,0,12935.712846,19.439513,161.271077,11496.802256,1050.410762,288.709761,10624.095502,0.000000,0.000000,11963.216026,12935.712846,972.496821,8.120239,2.231881,82.129958,0.000000,7.517922,20.249493,11.666021,3.621040,0.014592,2,0.000000,0,0,0,100.000000,4.884220,98.989899,34.956396,1825.341345,4262.135138,0.000000,20.246969
14040.000000,pure-acoustic,none,hardware,1,0,0,0,fifo,0.000500,180,15,hybrid,0.050000,4000.000000,6.087000,52.000000,500.000000,500.000000,2.000000,120.000000,0.000000,198,127,198,0,196,15,54,127,0,0,0,0,0,0,0,0,0.000000,0.000000,0.000000,clear-ocean,30.000000,60.000000,0.151000,1796,5227164,1340.298462,9.546285,93,22,0,71,0,273,73,4,196,0,0,0,0,0,0,0,0,0,0,0,2,2,0,0,17,54,127,15,54,127,34.464793,22.804075,40.181587,11.764706,0.000000,0.000000,0,0,0,12941.112846,19.439513,161.271077,11496.802256,1054.546932,289.743804,10624.325290,0.000000,0.000000,11968.616026,12941.112846,972.496821,8.148812,2.238940,82.097463,0.000000,7.514785,20.249493,11.666021,3.621040,0.014530,2,0.000000,0,0,0,100.000000,4.884220,98.989899,34.956396,1817.540741,4176.028422,0.000000,61.126069
14100.000000,pure-acoustic,none,hardware,1,0,0,0,fifo,0.000500,180,15,hybrid,0.050000,4000.000000,6.087000,52.000000,500.000000,500.000000,2.000000,120.000000,0.000000,198,127,198,0,196,15,54,127,0,0,0,0,0,0,0,0,0.000000,0.000000,0.000000,clear-ocean,30.000000,60.000000,0.151000,1796,5227164,1340.298462,9.505663,93,22,0,71,0,273,73,4,196,0,0,0,0,0,0,0,0,0,0,0,2,2,0,0,17,54,127,15,54,127,34.464793,22.804075,40.181587,11.764706,0.000000,0.000000,0,0,0,12946.512846,19.439513,161.271077,11496.802256,1058.683103,290.777846,10624.555077,0.000000,0.000000,11974.016026,12946.512846,972.496821,8.177361,2.245994,82.064995,0.000000,7.511651,20.249493,11.666021,3.621040,0.014468,2,0.000000,0,0,0,100.000000,4.884220,98.989899,34.956396,1809.806525,4089.921706,0.000000,119.914025
14160.000000,pure-acoustic,none,hardware,1,0,0,0,fifo,0.000500,180,15,hybrid,0.050000,4000.000000,6.087000,52.000000,500.000000,500.000000,2.000000,120.000000,0.000000,198,127,198,0,196,15,54,127,0,0,0,0,0,0,0,0,0.000000,0.000000,0.000000,clear-ocean,30.000000,60.000000,0.151000,1796,5227164,1340.298462,9.465385,93,22,0,71,0,273,73,4,196,0,0,0,0,0,0,0,0,0,0,0,2,2,0,0,17,54,127,15,54,127,34.464793,22.804075,40.181587,11.764706,0.000000,0.000000,0,0,0,12951.912846,19.439513,161.271077,11496.802256,1062.819273,291.811889,10624.784864,0.000000,0.000000,11979.416026,12951.912846,972.496821,8.205887,2.253041,82.032554,0.000000,7.508519,20.249493,11.666021,3.621040,0.014407,2,0.000000,0,0,0,100.000000,4.884220,98.989899,34.956396,1802.137853,4003.814990,0.000000,191.036617
14220.000000,pure-acoustic,none,hardware,1,0,0,0,fifo,0.000500,180,15,hybrid,0.050000,4000.000000,6.087000,52.000000,500.000000,500.000000,2.000000,120.000000,0.000000,198,127,198,0,196,15,54,127,0,0,0,0,0,0,0,0,0.000000,0.000000,0.000000,clear-ocean,30.000000,60.000000,0.151000,1796,5227164,1340.298462,9.425446,93,22,0,71,0,273,73,4,196,0,0,0,0,0,0,0,0,0,0,0,2,2,0,0,17,54,127,15,54,127,34.464793,22.804075,40.181587,11.764706,0.000000,0.000000,0,0,0,12957.312846,19.439513,161.271077,11496.802256,1066.955443,292.845931,10625.014651,0.000000,0.000000,11984.816026,12957.312846,972.496821,8.234388,2.260082,82.000140,0.000000,7.505390,20.249493,11.666021,3.621040,0.014346,2,0.000000,0,0,0,100.000000,4.884220,98.989899,34.956396,1794.533896,3917.708274,0.000000,267.750065
14280.000000,pure-acoustic,none,hardware,1,0,0,0,fifo,0.000500,180,15,hybrid,0.050000,4000.000000,6.087000,52.000000,500.000000,500.000000,2.000000,120.000000,0.000000,198,127,198,0,196,15,54,127,0,0,0,0,0,0,0,0,0.000000,0.000000,0.000000,clear-ocean,30.000000,60.000000,0.151000,1796,5227164,1340.298462,9.385844,93,22,0,71,0,273,73,4,196,0,0,0,0,0,0,0,0,0,0,0,2,2,0,0,17,54,127,15,54,127,34.464793,22.804075,40.181587,11.764706,0.000000,0.000000,0,0,0,12962.712846,19.439513,161.271077,11496.802256,1071.091613,293.879974,10625.244439,0.000000,0.000000,11990.216026,12962.712846,972.496821,8.262866,2.267118,81.967753,0.000000,7.502263,20.249493,11.666021,3.621040,0.014286,2,0.000000,0,0,0,100.000000,4.884220,98.989899,34.956396,1786.993838,3831.601558,0.000000,342.780467
14340.000000,pure-acoustic,none,hardware,1,0,0,0,fifo,0.000500,180,15,hybrid,0.050000,4000.000000,6.087000,52.000000,500.000000,500.000000,2.000000,120.000000,0.000000,198,127,198,0,196,15,54,127,0,0,0,0,0,0,0,0,0.000000,0.000000,0.000000,clear-ocean,30.000000,60.000000,0.151000,1796,5227164,1340.298462,9.346572,93,22,0,71,0,273,73,4,196,0,0,0,0,0,0,0,0,0,0,0,2,2,0,0,17,54,127,15,54,127,34.464793,22.804075,40.181587,11.764706,0.000000,0.000000,0,0,0,12968.112846,19.439513,161.271077,11496.802256,1075.227783,294.914016,10625.474226,0.000000,0.000000,11995.616026,12968.112846,972.496821,8.291320,2.274148,81.935393,0.000000,7.499139,20.249493,11.666021,3.621040,0.014226,2,0.000000,0,0,0,100.000000,4.884220,98.989899,34.956396,1779.516876,3745.494841,0.000000,409.013508
14400.000000,pure-acoustic,none,hardware,1,0,0,0,fifo,0.000500,180,15,hybrid,0.050000,4000.000000,6.087000,52.000000,500.000000,500.000000,2.000000,120.000000,0.000000,198,127,198,0,196,15,54,127,0,0,0,0,0,0,0,0,0.000000,0.000000,0.000000,clear-ocean,30.000000,60.000000,0.151000,1796,5227164,1340.298462,9.307628,93,22,0,71,0,273,73,4,196,0,0,0,0,0,0,0,0,0,0,0,2,2,0,0,17,54,127,15,54,127,34.464793,22.804075,40.181587,11.764706,0.000000,0.000000,0,0,0,12973.512846,19.439513,161.271077,11496.802256,1079.363954,295.948059,10625.704013,0.000000,0.000000,12001.016026,12973.512846,972.496821,8.319751,2.281171,81.903060,0.000000,7.496018,20.249493,11.666021,3.621040,0.014167,2,0.000000,0,0,0,100.000000,4.884220,98.989899,34.956396,1772.102222,3659.388125,0.000000,460.169031
14460.000000,pure-acoustic,none,hardware,1,0,0,0,fifo,0.000500,180,15,hybrid,0.050000,4000.000000,6.087000,52.000000,500.000000,500.000000,2.000000,120.000000,0.000000,198,127,198,0,196,15,54,127,0,0,0,0,0,0,0,0,0.000000,0.000000,0.000000,clear-ocean,30.000000,60.000000,0.151000,1796,5227164,1340.298462,9.269007,93,22,0,71,0,273,73,4,196,0,0,0,0,0,0,0,0,0,0,0,2,2,0,0,17,54,127,15,54,127,34.464793,22.804075,40.181587,11.764706,0.000000,0.000000,0,0,0,12978.912846,19.439513,161.271077,11496.802256,1083.500124,296.982101,10625.933800,0.000000,0.000000,12006.416026,12978.912846,972.496821,8.348158,2.288189,81.870754,0.000000,7.492899,20.249493,11.666021,3.621040,0.014108,2,0.000000,0,0,0,100.000000,4.884220,98.989899,34.956396,1764.749101,3573.281409,0.000000,491.396514
14520.000000,pure-acoustic,none,hardware,1,0,0,0,fifo,0.000500,180,15,hybrid,0.050000,4000.000000,6.087000,52.000000,500.000000,500.000000,2.000000,120.000000,0.000000,198,127,198,0,196,15,54,127,0,0,0,0,0,0,0,0,0.000000,0.000000,0.000000,clear-ocean,30.000000,60.000000,0.151000,1796,5227164,1340.298462,9.230706,93,22,0,71,0,273,73,4,196,0,0,0,0,0,0,0,0,0,0,0,2,2,0,0,17,54,127,15,54,127,34.464793,22.804075,40.181587,11.764706,0.000000,0.000000,0,0,0,12984.312846,19.439513,161.271077,11496.802256,1087.636294,298.016144,10626.163588,0.000000,0.000000,12011.816026,12984.312846,972.496821,8.376541,2.295202,81.838475,0.000000,7.489783,20.249493,11.666021,3.621040,0.014050,2,0.000000,0,0,0,100.000000,4.884220,98.989899,34.956396,1757.456749,3487.174693,-0.000000,499.734996
14580.000000,pure-acoustic,none,hardware,1,0,0,0,fifo,0.000500,180,15,hybrid,0.050000,4000.000000,6.087000,52.000000,500.000000,500.000000,2.000000,120.000000,0.000000,198,127,198,0,196,15,54,127,0,0,0,0,0,0,0,0,0.000000,0.000000,0.000000,clear-ocean,30.000000,60.000000,0.151000,1796,5227164,1340.298462,9.192719,93,22,0,71,0,273,73,4,196,0,0,0,0,0,0,0,0,0,0,0,2,2,0,0,17,54,127,15,54,127,34.464793,22.804075,40.181587,11.764706,0.000000,0.000000,0,0,0,12989.712846,19.439513,161.271077,11496.802256,1091.772464,299.050187,10626.393375,0.000000,0.000000,12017.216026,12989.712846,972.496821,8.404901,2.302208,81.806222,0.000000,7.486669,20.249493,11.666021,3.621040,0.013992,2,0.000000,0,0,0,100.000000,4.884220,98.989899,34.956396,1750.224417,3401.067977,-0.000000,484.393829
14640.000000,pure-acoustic,none,hardware,1,0,0,0,fifo,0.000500,180,15,hybrid,0.050000,4000.000000,6.087000,52.000000,500.000000,500.000000,2.000000,120.000000,0.000000,198,127,198,0,196,15,54,127,0,0,0,0,0,0,0,0,0.000000,0.000000,0.000000,clear-ocean,30.000000,60.000000,0.151000,1796,5227164,1340.298462,9.155044,93,22,0,71,0,273,73,4,196,0,0,0,0,0,0,0,0,0,0,0,2,2,0,0,17,54,127,15,54,127,34.464793,22.804075,40.181587,11.764706,0.000000,0.000000,0,0,0,12995.112846,19.439513,161.271077,11496.802256,1095.908634,300.084229,10626.623162,0.000000,0.000000,12022.616026,12995.112846,972.496821,8.433237,2.309208,81.773997,0.000000,7.483558,20.249493,11.666021,3.621040,0.013934,2,0.000000,0,0,0,100.000000,4.884220,98.989899,34.956396,1743.051366,3314.961261,-0.000000,446.827649
14700.000000,pure-acoustic,none,hardware,1,0,0,0,fifo,0.000500,180,15,hybrid,0.050000,4000.000000,6.087000,52.000000,500.000000,500.000000,2.000000,120.000000,0.000000,198,127,198,0,196,15,54,127,0,0,0,0,0,0,0,0,0.000000,0.000000,0.000000,clear-ocean,30.000000,60.000000,0.151000,1796,5227164,1340.298462,9.117677,93,22,0,71,0,273,73,4,196,0,0,0,0,0,0,0,0,0,0,0,2,2,0,0,17,54,127,15,54,127,34.464793,22.804075,40.181587,11.764706,0.000000,0.000000,0,0,0,13000.512846,19.439513,161.271077,11496.802256,1100.044805,301.118272,10626.852949,0.000000,0.000000,12028.016026,13000.512846,972.496821,8.461549,2.316203,81.741798,0.000000,7.480450,20.249493,11.666021,3.621040,0.013878,2,0.000000,0,0,0,100.000000,4.884220,98.989899,34.956396,1735.936871,3228.854545,-0.000000,390.598447
14760.000000,pure-acoustic,none,hardware,1,0,0,0,fifo,0.000500,180,15,hybrid,0.050000,4000.000000,6.087000,52.000000,500.000000,500.000000,2.000000,120.000000,0.000000,198,127,198,0,196,15,54,127,0,0,0,0,0,0,0,0,0.000000,0.000000,0.000000,clear-ocean,30.000000,60.000000,0.151000,1796,5227164,1340.298462,9.080613,93,22,0,71,0,273,73,4,196,0,0,0,0,0,0,0,0,0,0,0,2,2,0,0,17,54,127,15,54,127,34.464793,22.804075,40.181587,11.764706,0.000000,0.000000,0,0,0,13005.912846,19.439513,161.271077,11496.802256,1104.180975,302.152314,10627.082737,0.000000,0.000000,12033.416026,13005.912846,972.496821,8.489838,2.323192,81.709626,0.000000,7.477344,20.249493,11.666021,3.621040,0.013821,2,0.000000,0,0,0,100.000000,4.884220,98.989899,34.956396,1728.880217,3142.747828,-0.000000,321.037826
14820.000000,pure-acoustic,none,hardware,1,0,0,0,fifo,0.000500,180,15,hybrid,0.050000,4000.000000,6.087000,52.000000,500.000000,500.000000,2.000000,120.000000,0.000000,198,127,198,0,196,15,54,127,0,0,0,0,0,0,0,0,0.000000,0.000000,0.000000,clear-ocean,30.000000,60.000000,0.151000,1796,5227164,1340.298462,9.043849,93,22,0,71,0,273,73,4,196,0,0,0,0,0,0,0,0,0,0,0,2,2,0,0,17,54,127,15,54,127,34.464793,22.804075,40.181587,11.764706,0.000000,0.000000,0,0,0,13011.312846,19.439513,161.271077,11496.802256,1108.317145,303.186357,10627.312524,0.000000,0.000000,12038.816026,13011.312846,972.496821,8.518104,2.330175,81.677481,0.000000,7.474241,20.249493,11.666021,3.621040,0.013765,2,0.000000,0,0,0,100.000000,4.884220,98.989899,34.956396,1721.880702,3056.641112,-0.000000,244.741463
14880.000000,pure-acoustic,none,hardware,1,0,0,0,fifo,0.000500,180,15,hybrid,0.050000,4000.000000,6.087000,52.000000,500.000000,500.000000,2.000000,120.000000,0.000000,198,127,198,0,196,15,54,127,0,0,0,0,0,0,0,0,0.000000,0.000000,0.000000,clear-ocean,30.000000,60.000000,0.151000,1796,5227164,1340.298462,9.007382,93,22,0,71,0,273,73,4,196,0,0,0,0,0,0,0,0,0,0,0,2,2,0,0,17,54,127,15,54,127,34.464793,22.804075,40.181587,11.764706,0.000000,0.000000,0,0,0,13016.712846,19.439513,161.271077,11496.802256,1112.453315,304.220399,10627.542311,0.000000,0.000000,12044.216026,13016.712846,972.496821,8.546346,2.337152,81.645362,0.000000,7.471140,20.249493,11.666021,3.621040,0.013710,2,0.000000,0,0,0,100.000000,4.884220,98.989899,34.956396,1714.937634,2970.534396,-0.000000,168.943709
14940.000000,pure-acoustic,none,hardware,1,0,0,0,fifo,0.000500,180,15,hybrid,0.050000,4000.000000,6.087000,52.000000,500.000000,500.000000,2.000000,120.000000,0.000000,198,127,198,0,196,15,54,127,0,0,0,0,0,0,0,0,0.000000,0.000000,0.000000,clear-ocean,30.000000,60.000000,0.151000,1796,5227164,1340.298462,8.971208,93,22,0,71,0,273,73,4,196,0,0,0,0,0,0,0,0,0,0,0,2,2,0,0,17,54,127,15,54,127,34.464793,22.804075,40.181587,11.764706,0.000000,0.000000,0,0,0,13022.112846,19.439513,161.271077,11496.802256,1116.589486,305.254442,10627.772098,0.000000,0.000000,12049.616026,13022.112846,972.496821,8.574565,2.344124,81.613270,0.000000,7.468042,20.249493,11.666021,3.621040,0.013655,2,0.000000,0,0,0,100.000000,4.884220,98.989899,34.956396,1708.050335,2884.427680,-0.000000,100.831640
15000.000000,pure-acoustic,none,hardware,1,0,0,0,fifo,0.000500,180,15,hybrid,0.050000,4000.000000,6.087000,52.000000,500.000000,500.000000,2.000000,120.000000,0.000000,198,127,198,0,196,15,54,127,0,0,0,0,0,0,0,0,0.000000,0.000000,0.000000,clear-ocean,30.000000,60.000000,0.151000,1796,5227164,1340.298462,8.935323,93,22,0,71,0,273,73,4,196,0,0,0,0,0,0,0,0,0,0,0,2,2,0,0,17,54,127,15,54,127,34.464793,22.804075,40.181587,11.764706,0.000000,0.000000,0,0,0,13027.512846,19.439513,161.271077,11496.802256,1120.725656,306.288484,10628.001885,0.000000,0.000000,12055.016026,13027.512846,972.496821,8.602760,2.351089,81.581204,0.000000,7.464946,20.249493,11.666021,3.621040,0.013600,2,0.000000,0,0,0,100.000000,4.884220,98.989899,34.956396,1701.218133,2798.320964,-0.000000,46.863581
15060.000000,pure-acoustic,none,hardware,1,0,0,0,fifo,0.000500,180,15,hybrid,0.050000,4000.000000,6.087000,52.000000,500.000000,500.000000,2.000000,120.000000,0.000000,198,127,198,0,196,15,54,127,0,0,0,0,0,0,0,0,0.000000,0.000000,0.000000,clear-ocean,30.000000,60.000000,0.151000,1796,5227164,1340.298462,8.899724,93,22,0,71,0,273,73,4,196,0,0,0,0,0,0,0,0,0,0,0,2,2,0,0,17,54,127,15,54,127,34.464793,22.804075,40.181587,11.764706,0.000000,0.000000,0,0,0,13032.912846,19.439513,161.271077,11496.802256,1124.861826,307.322527,10628.231673,0.000000,0.000000,12060.416026,13032.912846,972.496821,8.630932,2.358049,81.549166,0.000000,7.461853,20.249493,11.666021,3.621040,0.013546,2,0.000000,0,0,0,100.000000,4.884220,98.989899,34.956396,1694.440372,2712.214248,-0.000000,12.156736
15120.000000,pure-acoustic,none,hardware,1,0,0,0,fifo,0.000500,180,15,hybrid,0.050000,4000.000000,6.087000,52.000000,500.000000,500.000000,2.000000,120.000000,0.000000,198,127,198,0,196,15,54,127,0,0,0,0,0,0,0,0,0.000000,0.000000,0.000000,clear-ocean,30.000000,60.000000,0.151000,1796,5227164,1340.298462,8.864408,93,22,0,71,0,273,73,4,196,0,0,0,0,0,0,0,0,0,0,0,2,2,0,0,17,54,127,15,54,127,34.464793,22.804075,40.181587,11.764706,0.000000,0.000000,0,0,0,13038.312846,19.439513,161.271077,11496.802256,1128.997996,308.356570,10628.461460,0.000000,0.000000,12065.816026,13038.312846,972.496821,8.659080,2.365004,81.517153,0.000000,7.458763,20.249493,11.666021,3.621040,0.013492,2,0.000000,0,0,0,100.000000,4.884220,98.989899,34.956396,1687.716402,2626.107532,-0.000000,0.001977
15180.000000,pure-acoustic,none,hardware,1,0,0,0,fifo,0.000500,180,15,hybrid,0.050000,4000.000000,6.087000,52.000000,500.000000,500.000000,2.000000,120.000000,0.000000,198,127,198,0,196,15,54,127,0,0,0,0,0,0,0,0,0.000000,0.000000,0.000000,clear-ocean,30.000000,60.000000,0.151000,1796,5227164,1340.298462,8.829371,93,22,0,71,0,273,73,4,196,0,0,0,0,0,0,0,0,0,0,0,2,2,0,0,17,54,127,15,54,127,34.464793,22.804075,40.181587,11.764706,0.000000,0.000000,0,0,0,13043.712846,19.439513,161.271077,11496.802256,1133.134166,309.390612,10628.691247,0.000000,0.000000,12071.216026,13043.712846,972.496821,8.687206,2.371952,81.485167,0.000000,7.455675,20.249493,11.666021,3.621040,0.013439,2,0.000000,0,0,0,100.000000,4.884220,98.989899,34.956396,1681.045586,2540.000815,0.000000,11.551806
15240.000000,pure-acoustic,none,hardware,1,0,0,0,fifo,0.000500,180,15,hybrid,0.050000,4000.000000,6.087000,52.000000,500.000000,500.000000,2.000000,120.000000,0.000000,198,127,198,0,196,15,54,127,0,0,0,0,0,0,0,0,0.000000,0.000000,0.000000,clear-ocean,30.000000,60.000000,0.151000,1796,5227164,1340.298462,8.794609,93,22,0,71,0,273,73,4,196,0,0,0,0,0,0,0,0,0,0,0,2,2,0,0,17,54,127,15,54,127,34.464793,22.804075,40.181587,11.764706,0.000000,0.000000,0,0,0,13049.112846,19.439513,161.271077,11496.802256,1137.270337,310.424655,10628.921034,0.000000,0.000000,12076.616026,13049.112846,972.496821,8.715308,2.378895,81.453208,0.000000,7.452590,20.249493,11.666021,3.621040,0.013386,2,0.000000,0,0,0,100.000000,4.884220,98.989899,34.956396,1674.427297,2453.894099,0.000000,45.711080
15300.000000,pure-acoustic,none,hardware,1,0,0,0,fifo,0.000500,180,15,hybrid,0.050000,4000.000000,6.087000,52.000000,500.000000,500.000000,2.000000,120.000000,0.000000,198,127,198,0,196,15,54,127,0,0,0,0,0,0,0,0,0.000000,0.000000,0.000000,clear-ocean,30.000000,60.000000,0.151000,1796,5227164,1340.298462,8.760121,93,22,0,71,0,273,73,4,196,0,0,0,0,0,0,0,0,0,0,0,2,2,0,0,17,54,127,15,54,127,34.464793,22.804075,40.181587,11.764706,0.000000,0.000000,0,0,0,13054.512846,19.439513,161.271077,11496.802256,1141.406507,311.458697,10629.150822,0.000000,0.000000,12082.016026,13054.512846,972.496821,8.743386,2.385832,81.421275,0.000000,7.449507,20.249493,11.666021,3.621040,0.013333,2,0.000000,0,0,0,100.000000,4.884220,98.989899,34.956396,1667.860915,2367.787383,0.000000,99.240846
15360.000000,pure-acoustic,none,hardware,1,0,0,0,fifo,0.000500,180,15,hybrid,0.050000,4000.000000,6.087000,52.000000,500.000000,500.000000,2.000000,120.000000,0.000000,198,127,198,0,196,15,54,127,0,0,0,0,0,0,0,0,0.000000,0.000000,0.000000,clear-ocean,30.000000,60.000000,0.151000,1796,5227164,1340.298462,8.725901,93,22,0,71,0,273,73,4,196,0,0,0,0,0,0,0,0,0,0,0,2,2,0,0,17,54,127,15,54,127,34.464793,22.804075,40.181587,11.764706,0.000000,0.000000,0,0,0,13059.912846,19.439513,161.271077,11496.802256,1145.542677,312.492740,10629.380609,0.000000,0.000000,12087.416026,13059.912846,972.496821,8.771442,2.392763,81.389369,0.000000,7.446427,20.249493,11.666021,3.621040,0.013281,2,0.000000,0,0,0,100.000000,4.884220,98.989899,34.956396,1661.345833,2281.680667,0.000000,167.065460
15420.000000,pure-acoustic,none,hardware,1,0,0,0,fifo,0.000500,180,15,hybrid,0.050000,4000.000000,6.087000,52.000000,500.000000,500.000000,2.000000,120.000000,0.000000,198,127,198,0,196,15,54,127,0,0,0,0,0,0,0,0,0.000000,0.000000,0.000000,clear-ocean,30.000000,60.000000,0.151000,1796,5227164,1340.298462,8.691949,93,22,0,71,0,273,73,4,196,0,0,0,0,0,0,0,0,0,0,0,2,2,0,0,17,54,127,15,54,127,34.464793,22.804075,40.181587,11.764706,0.000000,0.000000,0,0,0,13065.312846,19.439513,161.271077,11496.802256,1149.678847,313.526782,10629.610396,0.000000,0.000000,12092.816026,13065.312846,972.496821,8.799474,2.399688,81.357488,0.000000,7.443349,20.249493,11.666021,3.621040,0.013230,2,0.000000,0,0,0,100.000000,4.884220,98.989899,34.956396,1654.881453,2195.573951,0.000000,242.753854
15480.000000,pure-acoustic,none,hardware,1,0,0,0,fifo,0.000500,180,15,hybrid,0.050000,4000.000000,6.087000,52.000000,500.000000,500.000000,2.000000,120.000000,0.000000,198,127,198,0,196,15,54,127,0,0,0,0,0,0,0,0,0.000000,0.000000,0.000000,clear-ocean,30.000000,60.000000,0.151000,1796,5227164,1340.298462,8.658259,93,22,0,71,0,273,73,4,196,0,0,0,0,0,0,0,0,0,0,0,2,2,0,0,17,54,127,15,54,127,34.464793,22.804075,40.181587,11.764706,0.000000,0.000000,0,0,0,13070.712846,19.439513,161.271077,11496.802256,1153.815017,314.560825,10629.840183,0.000000,0.000000,12098.216026,13070.712846,972.496821,8.827483,2.406608,81.325635,0.000000,7.440274,20.249493,11.666021,3.621040,0.013178,2,0.000000,0,0,0,100.000000,4.884220,98.989899,34.956396,1648.467183,2109.467235,0.000000,319.129320
15540.000000,pure-acoustic,none,hardware,1,0,0,0,fifo,0.000500,180,15,hybrid,0.050000,4000.000000,6.087000,52.000000,500.000000,500.000000,2.000000,120.000000,0.000000,198,127,198,0,196,15,54,127,0,0,0,0,0,0,0,0,0.000000,0.000000,0.000000,clear-ocean,30.000000,60.000000,0.151000,1796,5227164,1340.298462,8.624829,93,22,0,71,0,273,73,4,196,0,0,0,0,0,0,0,0,0,0,0,2,2,0,0,17,54,127,15,54,127,34.464793,22.804075,40.181587,11.764706,0.000000,0.000000,0,0,0,13076.112846,19.439513,161.271077,11496.802256,1157.951188,315.594867,10630.069971,0.000000,0.000000,12103.616026,13076.112846,972.496821,8.855470,2.413522,81.293807,0.000000,7.437201,20.249493,11.666021,3.621040,0.013127,2,0.000000,0,0,0,100.000000,4.884220,98.989899,34.956396,1642.102445,2023.360519,0.000000,388.950006
15600.000000,pure-acoustic,none,hardware,1,0,0,0,fifo,0.000500,180,15,hybrid,0.050000,4000.000000,6.087000,52.000000,500.000000,500.000000,2.000000,120.000000,0.000000,198,127,198,0,196,15,54,127,0,0,0,0,0,0,0,0,0.000000,0.000000,0.000000,clear-ocean,30.000000,60.000000,0.151000,1796,5227164,1340.298462,8.591657,93,22,0,71,0,273,73,4,196,0,0,0,0,0,0,0,0,0,0,0,2,2,0,0,17,54,127,15,54,127,34.464793,22.804075,40.181587,11.764706,0.000000,0.000000,0,0,0,13081.512846,19.439513,161.271077,11496.802256,1162.087358,316.628910,10630.299758,0.000000,0.000000,12109.016026,13081.512846,972.496821,8.883432,2.420430,81.262006,0.000000,7.434131,20.249493,11.666021,3.621040,0.013077,2,0.000000,0,0,0,100.000000,4.884220,98.989899,34.956396,1635.786667,1937.253802,0.000000,445.595577
15660.000000,pure-acoustic,none,hardware,1,0,0,0,fifo,0.000500,180,15,hybrid,0.050000,4000.000000,6.087000,52.000000,500.000000,500.000000,2.000000,120.000000,0.000000,198,127,198,0,196,15,54,127,0,0,0,0,0,0,0,0,0.000000,0.000000,0.000000,clear-ocean,30.000000,60.000000,0.151000,1796,5227164,1340.298462,8.558739,93,22,0,71,0,273,73,4,196,0,0,0,0,0,0,0,0,0,0,0,2,2,0,0,17,54,127,15,54,127,34.464793,22.804075,40.181587,11.764706,0.000000,0.000000,0,0,0,13086.912846,19.439513,161.271077,11496.802256,1166.223528,317.662953,10630.529545,0.000000,0.000000,12114.416026,13086.912846,972.496821,8.911372,2.427333,81.230231,0.000000,7.431064,20.249493,11.666021,3.621040,0.013027,2,0.000000,0,0,0,100.000000,4.884220,98.989899,34.956396,1629.519285,1851.147086,0.000000,483.694950
15720.000000,pure-acoustic,none,hardware,1,0,0,0,fifo,0.000500,180,15,hybrid,0.050000,4000.000000,6.087000,52.000000,500.000000,500.000000,2.000000,120.000000,0.000000,198,127,198,0,196,15,54,127,0,0,0,0,0,0,0,0,0.000000,0.000000,0.000000,clear-ocean,30.000000,60.000000,0.151000,1796,5227164,1340.298462,8.526072,93,22,0,71,0,273,73,4,196,0,0,0,0,0,0,0,0,0,0,0,2,2,0,0,17,54,127,15,54,127,34.464793,22.804075,40.181587,11.764706,0.000000,0.000000,0,0,0,13092.312846,19.439513,161.271077,11496.802256,1170.359698,318.696995,10630.759332,0.000000,0.000000,12119.816026,13092.312846,972.496821,8.939289,2.434230,81.198482,0.000000,7.427999,20.249493,11.666021,3.621040,0.012977,2,0.000000,0,0,0,100.000000,4.884220,98.989899,34.956396,1623.299746,1765.040370,0.000000,499.635578
15780.000000,pure-acoustic,none,hardware,1,0,0,0,fifo,0.000500,180,15,hybrid,0.050000,4000.000000,6.087000,52.000000,500.000000,500.000000,2.000000,120.000000,0.000000,198,127,198,0,196,15,54,127,0,0,0,0,0,0,0,0,0.000000,0.000000,0.000000,clear-ocean,30.000000,60.000000,0.151000,1796,5227164,1340.298462,8.493653,93,22,0,71,0,273,73,4,196,0,0,0,0,0,0,0,0,0,0,0,2,2,0,0,17,54,127,15,54,127,34.464793,22.804075,40.181587,11.764706,0.000000,0.000000,0,0,0,13097.712846,19.439513,161.271077,11496.802256,1174.495869,319.731038,10630.989119,0.000000,0.000000,12125.216026,13097.712846,972.496821,8.967183,2.441121,81.166760,0.000000,7.424936,20.249493,11.666021,3.621040,0.012928,2,0.000000,0,0,0,100.000000,4.884220,98.989899,34.956396,1617.127503,1678.933654,-0.000000,491.905983
15840.000000,pure-acoustic,none,hardware,1,0,0,0,fifo,0.000500,180,15,hybrid,0.050000,4000.000000,6.087000,52.000000,500.000000,500.000000,2.000000,120.000000,0.000000,198,127,198,0,196,15,54,127,0,0,0,0,0,0,0,0,0.000000,0.000000,0.000000,clear-ocean,30.000000,60.000000,0.151000,1796,5227164,1340.298462,8.461480,93,22,0,71,0,273,73,4,196,0,0,0,0,0,0,0,0,0,0,0,2,2,0,0,17,54,127,15,54,127,34.464793,22.804075,40.181587,11.764706,0.000000,0.000000,0,0,0,13103.112846,19.439513,161.271077,11496.802256,1178.632039,320.765080,10631.218907,0.000000,0.000000,12130.616026,13103.112846,972.496821,8.995054,2.448007,81.135063,0.000000,7.421876,20.249493,11.666021,3.621040,0.012879,2,0.000000,0,0,0,100.000000,4.884220,98.989899,34.956396,1611.002020,1592.826938,-0.000000,461.239079
15900.000000,pure-acoustic,none,hardware,1,0,0,0,fifo,0.000500,180,15,hybrid,0.050000,4000.000000,6.087000,52.000000,500.000000,500.000000,2.000000,120.000000,0.000000,198,127,198,0,196,15,54,127,0,0,0,0,0,0,0,0,0.000000,0.000000,0.000000,clear-ocean,30.000000,60.000000,0.151000,1796,5227164,1340.298462,8.429550,93,22,0,71,0,273,73,4,196,0,0,0,0,0,0,0,0,0,0,0,2,2,0,0,17,54,127,15,54,127,34.464793,22.804075,40.181587,11.764706,0.000000,0.000000,0,0,0,13108.512846,19.439513,161.271077,11496.802256,1182.768209,321.799123,10631.448694,0.000000,0.000000,12136.016026,13108.512846,972.496821,9.022902,2.454887,81.103393,0.000000,7.418819,20.249493,11.666021,3.621040,0.012830,2,0.000000,0,0,0,100.000000,4.884220,98.989899,34.956396,1604.922767,1506.720222,-0.000000,410.542675
15960.000000,pure-acoustic,none,hardware,1,0,0,0,fifo,0.000500,180,15,hybrid,0.050000,4000.000000,6.087000,52.000000,500.000000,500.000000,2.000000,120.000000,0.000000,198,127,198,0,196,15,54,127,0,0,0,0,0,0,0,0,0.000000,0.000000,0.000000,clear-ocean,30.000000,60.000000,0.151000,1796,5227164,1340.298462,8.397860,93,22,0,71,0,273,73,4,196,0,0,0,0,0,0,0,0,0,0,0,2,2,0,0,17,54,127,15,54,127,34.464793,22.804075,40.181587,11.764706,0.000000,0.000000,0,0,0,13113.912846,19.439513,161.271077,11496.802256,1186.904379,322.833165,10631.678481,0.000000,0.000000,12141.416026,13113.912846,972.496821,9.050726,2.461761,81.071749,0.000000,7.415764,20.249493,11.666021,3.621040,0.012782,2,0.000000,0,0,0,100.000000,4.884220,98.989899,34.956396,1598.889223,1420.613506,-0.000000,344.623758
16020.000000,pure-acoustic,none,hardware,1,0,0,0,fifo,0.000500,180,15,hybrid,0.050000,4000.000000,6.087000,52.000000,500.000000,500.000000,2.000000,120.000000,0.000000,198,127,198,0,196,15,54,127,0,0,0,0,0,0,0,0,0.000000,0.000000,0.000000,clear-ocean,30.000000,60.000000,0.151000,1796,5227164,1340.298462,8.366407,93,22,0,71,0,273,73,4,196,0,0,0,0,0,0,0,0,0,0,0,2,2,0,0,17,54,127,15,54,127,34.464793,22.804075,40.181587,11.764706,0.000000,0.000000,0,0,0,13119.312846,19.439513,161.271077,11496.802256,1191.040549,323.867208,10631.908268,0.000000,0.000000,12146.816026,13119.312846,972.496821,9.078528,2.468629,81.040131,0.000000,7.412712,20.249493,11.666021,3.621040,0.012734,2,0.000000,0,0,0,100.000000,4.884220,98.989899,34.956396,1592.900874,1334.506789,-0.000000,269.732701
16080.000000,pure-acoustic,none,hardware,1,0,0,0,fifo,0.000500,180,15,hybrid,0.050000,4000.000000,6.087000,52.000000,500.000000,500.000000,2.000000,120.000000,0.000000,198,127,198,0,196,15,54,127,0,0,0,0,0,0,0,0,0.000000,0.000000,0.000000,clear-ocean,30.000000,60.000000,0.151000,1796,5227164,1340.298462,8.335189,93,22,0,71,0,273,73,4,196,0,0,0,0,0,0,0,0,0,0,0,2,2,0,0,17,54,127,15,54,127,34.464793,22.804075,40.181587,11.764706,0.000000,0.000000,0,0,0,13124.712846,19.439513,161.271077,11496.802256,1195.176720,324.901250,10632.138056,0.000000,0.000000,12152.216026,13124.712846,972.496821,9.106308,2.475492,81.008538,0.000000,7.409662,20.249493,11.666021,3.621040,0.012687,2,0.000000,0,0,0,100.000000,4.884220,98.989899,34.956396,1586.957214,1248.400073,-0.000000,192.970607
16140.000000,pure-acoustic,none,hardware,1,0,0,0,fifo,0.000500,180,15,hybrid,0.050000,4000.000000,6.087000,52.000000,500.000000,500.000000,2.000000,120.000000,0.000000,198,127,198,0,196,15,54,127,0,0,0,0,0,0,0,0,0.000000,0.000000,0.000000,clear-ocean,30.000000,60.000000,0.151000,1796,5227164,1340.298462,8.304204,93,22,0,71,0,273,73,4,196,0,0,0,0,0,0,0,0,0,0,0,2,2,0,0,17,54,127,15,54,127,34.464793,22.804075,40.181587,11.764706,0.000000,0.000000,0,0,0,13130.112846,19.439513,161.271077,11496.802256,1199.312890,325.935293,10632.367843,0.000000,0.000000,12157.616026,13130.112846,972.496821,9.134064,2.482350,80.976972,0.000000,7.406614,20.249493,11.666021,3.621040,0.012639,2,0.000000,0,0,0,100.000000,4.884220,98.989899,34.956396,1581.057745,1162.293357,-0.000000,121.615989
16200.000000,pure-acoustic,none,hardware,1,0,0,0,fifo,0.000500,180,15,hybrid,0.050000,4000.000000,6.087000,52.000000,500.000000,500.000000,2.000000,120.000000,0.000000,198,127,198,0,196,15,54,127,0,0,0,0,0,0,0,0,0.000000,0.000000,0.000000,clear-ocean,30.000000,60.000000,0.151000,1796,5227164,1340.298462,8.273447,93,22,0,71,0,273,73,4,196,0,0,0,0,0,0,0,0,0,0,0,2,2,0,0,17,54,127,15,54,127,34.464793,22.804075,40.181587,11.764706,0.000000,0.000000,0,0,0,13135.512846,19.439513,161.271077,11496.802256,1203.449060,326.969336,10632.597630,0.000000,0.000000,12163.016026,13135.512846,972.496821,9.161797,2.489201,80.945432,0.000000,7.403569,20.249493,11.666021,3.621040,0.012593,2,0.000000,0,0,0,100.000000,4.884220,98.989899,34.956396,1575.201975,1076.186641,-0.000000,62.434628
16260.000000,pure-acoustic,none,hardware,1,0,0,0,fifo,0.000500,180,15,hybrid,0.050000,4000.000000,6.087000,52.000000,500.000000,500.000000,2.000000,120.000000,0.000000,198,127,198,0,196,15,54,127,0,0,0,0,0,0,0,0,0.000000,0.000000,0.000000,clear-ocean,30.000000,60.000000,0.151000,1796,5227164,1340.298462,8.242918,93,22,0,71,0,273,73,4,196,0,0,0,0,0,0,0,0,0,0,0,2,2,0,0,17,54,127,15,54,127,34.464793,22.804075,40.181587,11.764706,0.000000,0.000000,0,0,0,13140.912846,19.439513,161.271077,11496.802256,1207.585230,328.003378,10632.827417,0.000000,0.000000,12168.416026,13140.912846,972.496821,9.189508,2.496047,80.913918,0.000000,7.400527,20.249493,11.666021,3.621040,0.012546,2,0.000000,0,0,0,100.000000,4.884220,98.989899,34.956396,1569.389422,990.079925,-0.000000,21.038048
16320.000000,pure-acoustic,none,hardware,1,0,0,0,fifo,0.000500,180,15,hybrid,0.050000,4000.000000,6.087000,52.000000,500.000000,500.000000,2.000000,120.000000,0.000000,198,127,198,0,196,15,54,127,0,0,0,0,0,0,0,0,0.000000,0.000000,0.000000,clear-ocean,30.000000,60.000000,0.151000,1796,5227164,1340.298462,8.212613,93,22,0,71,0,273,73,4,196,0,0,0,0,0,0,0,0,0,0,0,2,2,0,0,17,54,127,15,54,127,34.464793,22.804075,40.181587,11.764706,0.000000,0.000000,0,0,0,13146.312846,19.439513,161.271077,11496.802256,1211.721400,329.037421,10633.057205,0.000000,0.000000,12173.816026,13146.312846,972.496821,9.217196,2.502887,80.882429,0.000000,7.397487,20.249493,11.666021,3.621040,0.012500,2,0.000000,0,0,0,100.000000,4.884220,98.989899,34.956396,1563.619608,903.973209,-0.000000,1.351435
16380.000000,pure-acoustic,none,hardware,1,0,0,0,fifo,0.000500,180,15,hybrid,0.050000,4000.000000,6.087000,52.000000,500.000000,500.000000,2.000000,120.000000,0.000000,198,127,198,0,196,15,54,127,0,0,0,0,0,0,0,0,0.000000,0.000000,0.000000,clear-ocean,30.000000,60.000000,0.151000,1796,5227164,1340.298462,8.182530,93,22,0,71,0,273,73,4,196,0,0,0,0,0,0,0,0,0,0,0,2,2,0,0,17,54,127,15,54,127,34.464793,22.804075,40.181587,11.764706,0.000000,0.000000,0,0,0,13151.712846,19.439513,161.271077,11496.802256,1215.857571,330.071463,10633.286992,0.000000,0.000000,12179.216026,13151.712846,972.496821,9.244861,2.509722,80.850967,0.000000,7.394450,20.249493,11.666021,3.621040,0.012454,2,0.000000,0,0,0,100.000000,4.884220,98.989899,34.956396,1557.892063,817.866493,0.000000,5.241457
16440.000000,pure-acoustic,none,hardware,1,0,0,0,fifo,0.000500,180,15,hybrid,0.050000,4000.000000,6.087000,52.000000,500.000000,500.000000,2.000000,120.000000,0.000000,198,127,198,0,196,15,54,127,0,0,0,0,0,0,0,0,0.000000,0.000000,0.000000,clear-ocean,30.000000,60.000000,0.151000,1796,5227164,1340.298462,8.152667,93,22,0,71,0,273,73,4,196,0,0,0,0,0,0,0,0,0,0,0,2,2,0,0,17,54,127,15,54,127,34.464793,22.804075,40.181587,11.764706,0.000000,0.000000,0,0,0,13157.112846,19.439513,161.271077,11496.802256,1219.993741,331.105506,10633.516779,0.000000,0.000000,12184.616026,13157.112846,972.496821,9.272503,2.516551,80.819530,0.000000,7.391415,20.249493,11.666021,3.621040,0.012409,2,0.000000,0,0,0,100.000000,4.884220,98.989899,34.956396,1552.206326,731.759776,0.000000,32.339264
16500.000000,pure-acoustic,none,hardware,1,0,0,0,fifo,0.000500,180,15,hybrid,0.050000,4000.000000,6.087000,52.000000,500.000000,500.000000,2.000000,120.000000,0.000000,198,127,198,0,196,15,54,127,0,0,0,0,0,0,0,0,0.000000,0.000000,0.000000,clear-ocean,30.000000,60.000000,0.151000,1796,5227164,1340.298462,8.123021,93,22,0,71,0,273,73,4,196,0,0,0,0,0,0,0,0,0,0,0,2,2,0,0,17,54,127,15,54,127,34.464793,22.804075,40.181587,11.764706,0.000000,0.000000,0,0,0,13162.512846,19.439513,161.271077,11496.802256,1224.129911,332.139548,10633.746566,0.000000,0.000000,12190.016026,13162.512846,972.496821,9.300123,2.523375,80.788119,0.000000,7.388383,20.249493,11.666021,3.621040,0.012364,2,0.000000,0,0,0,100.000000,4.884220,98.989899,34.956396,1546.561939,645.653060,0.000000,80.075468
16560.000000,pure-acoustic,none,hardware,1,0,0,0,fifo,0.000500,180,15,hybrid,0.050000,4000.000000,6.087000,52.000000,500.000000,500.000000,2.000000,120.000000,0.000000,198,127,198,0,196,15,54,127,0,0,0,0,0,0,0,0,0.000000,0.000000,0.000000,clear-ocean,30.000000,60.000000,0.151000,1796,5227164,1340.298462,8.093590,93,22,0,71,0,273,73,4,196,0,0,0,0,0,0,0,0,0,0,0,2,2,0,0,17,54,127,15,54,127,34.464793,22.804075,40.181587,11.764706,0.000000,0.000000,0,0,0,13167.912846,19.439513,161.271077,11496.802256,1228.266081,333.173591,10633.976354,0.000000,0.000000,12195.416026,13167.912846,972.496821,9.327720,2.530193,80.756734,0.000000,7.385353,20.249493,11.666021,3.621040,0.012319,2,0.000000,0,0,0,100.000000,4.884220,98.989899,34.956396,1540.958454,559.546344,0.000000,143.923764
16620.000000,pure-acoustic,none,hardware,1,0,0,0,fifo,0.000500,180,15,hybrid,0.050000,4000.000000,6.087000,52.000000,500.000000,500.000000,2.000000,120.000000,0.000000,198,127,198,0,196,15,54,127,0,0,0,0,0,0,0,0,0.000000,0.000000,0.000000,clear-ocean,30.000000,60.000000,0.151000,1796,5227164,1340.298462,8.064371,93,22,0,71,0,273,73,4,196,0,0,0,0,0,0,0,0,0,0,0,2,2,0,0,17,54,127,15,54,127,34.464793,22.804075,40.181587,11.764706,0.000000,0.000000,0,0,0,13173.312846,19.439513,161.271077,11496.802256,1232.402252,334.207633,10634.206141,0.000000,0.000000,12200.816026,13173.312846,972.496821,9.355295,2.537005,80.725375,0.000000,7.382325,20.249493,11.666021,3.621040,0.012274,2,0.000000,0,0,0,100.000000,4.884220,98.989899,34.956396,1535.395427,473.439628,0.000000,217.830114
16680.000000,pure-acoustic,none,hardware,1,0,0,0,fifo,0.000500,180,15,hybrid,0.050000,4000.000000,6.087000,52.000000,500.000000,500.000000,2.000000,120.000000,0.000000,198,127,198,0,196,15,54,127,0,0,0,0,0,0,0,0,0.000000,0.000000,0.000000,clear-ocean,30.000000,60.000000,0.151000,1796,5227164,1340.298462,8.035362,93,22,0,71,0,273,73,4,196,0,0,0,0,0,0,0,0,0,0,0,2,2,0,0,17,54,127,15,54,127,34.464793,22.804075,40.181587,11.764706,0.000000,0.000000,0,0,0,13178.712846,19.439513,161.271077,11496.802256,1236.538422,335.241676,10634.435928,0.000000,0.000000,12206.216026,13178.712846,972.496821,9.382847,2.543812,80.694041,0.000000,7.379300,20.249493,11.666021,3.621040,0.012230,2,0.000000,0,0,0,100.000000,4.884220,98.989899,34.956396,1529.872422,387.332912,0.000000,294.786783
16740.000000,pure-acoustic,none,hardware,1,0,0,0,fifo,0.000500,180,15,hybrid,0.050000,4000.000000,6.087000,52.000000,500.000000,500.000000,2.000000,120.000000,0.000000,198,127,198,0,196,15,54,127,0,0,0,0,0,0,0,0,0.000000,0.000000,0.000000,clear-ocean,30.000000,60.000000,0.151000,1796,5227164,1340.298462,8.006562,93,22,0,71,0,273,73,4,196,0,0,0,0,0,0,0,0,0,0,0,2,2,0,0,17,54,127,15,54,127,34.464793,22.804075,40.181587,11.764706,0.000000,0.000000,0,0,0,13184.112846,19.439513,161.271077,11496.802256,1240.674592,336.275718,10634.665715,0.000000,0.000000,12211.616026,13184.112846,972.496821,9.410376,2.550613,80.662733,0.000000,7.376278,20.249493,11.666021,3.621040,0.012186,2,0.000000,0,0,0,100.000000,4.884220,98.989899,34.956396,1524.389008,301.226196,0.000000,367.496810
16800.000000,pure-acoustic,none,hardware,1,0,0,0,fifo,0.000500,180,15,hybrid,0.050000,4000.000000,6.087000,52.000000,500.000000,500.000000,2.000000,120.000000,0.000000,198,127,198,0,196,15,54,127,0,0,0,0,0,0,0,0,0.000000,0.000000,0.000000,clear-ocean,30.000000,60.000000,0.151000,1796,5227164,1340.298462,7.977967,93,22,0,71,0,273,73,4,196,0,0,0,0,0,0,0,0,0,0,0,2,2,0,0,17,54,127,15,54,127,34.464793,22.804075,40.181587,11.764706,0.000000,0.000000,0,0,0,13189.512846,19.439513,161.271077,11496.802256,1244.810762,337.309761,10634.895502,0.000000,0.000000,12217.016026,13189.512846,972.496821,9.437883,2.557409,80.631450,0.000000,7.373258,20.249493,11.666021,3.621040,0.012143,2,0.000000,0,0,0,100.000000,4.884220,98.989899,34.956396,1518.944762,215.119480,0.000000,429.065895
16860.000000,pure-acoustic,none,hardware,1,0,0,0,fifo,0.000500,180,15,hybrid,0.050000,4000.000000,6.087000,52.000000,500.000000,500.000000,2.000000,120.000000,0.000000,198,127,198,0,196,15,54,127,0,0,0,0,0,0,0,0,0.000000,0.000000,0.000000,clear-ocean,30.000000,60.000000,0.151000,1796,5227164,1340.298462,7.949576,93,22,0,71,0,273,73,4,196,0,0,0,0,0,0,0,0,0,0,0,2,2,0,0,17,54,127,15,54,127,34.464793,22.804075,40.181587,11.764706,0.000000,0.000000,0,0,0,13194.912846,19.439513,161.271077,11496.802256,1248.946932,338.343804,10635.125290,0.000000,0.000000,12222.416026,13194.912846,972.496821,9.465367,2.564199,80.600194,0.000000,7.370241,20.249493,11.666021,3.621040,0.012100,2,0.000000,0,0,0,100.000000,4.884220,98.989899,34.956396,1513.539265,129.012763,0.000000,473.656111
16920.000000,pure-acoustic,none,hardware,1,0,0,0,fifo,0.000500,180,15,hybrid,0.050000,4000.000000,6.087000,52.000000,500.000000,500.000000,2.000000,120.000000,0.000000,198,127,198,0,196,15,54,127,0,0,0,0,0,0,0,0,0.000000,0.000000,0.000000,clear-ocean,30.000000,60.000000,0.151000,1796,5227164,1340.298462,7.921386,93,22,0,71,0,273,73,4,196,0,0,0,0,0,0,0,0,0,0,0,2,2,0,0,17,54,127,15,54,127,34.464793,22.804075,40.181587,11.764706,0.000000,0.000000,0,0,0,13200.312846,19.439513,161.271077,11496.802256,1253.083103,339.377846,10635.355077,0.000000,0.000000,12227.816026,13200.312846,972.496821,9.492829,2.570983,80.568962,0.000000,7.367226,20.249493,11.666021,3.621040,0.012057,2,0.000000,0,0,0,100.000000,4.884220,98.989899,34.956396,1508.172104,42.906047,0.000000,497.039455
16980.000000,pure-acoustic,none,hardware,1,0,0,0,fifo,0.000500,180,15,hybrid,0.050000,4000.000000,6.087000,52.000000,500.000000,500.000000,2.000000,120.000000,0.000000,198,127,198,0,196,15,54,127,0,0,0,0,0,0,0,0,0.000000,0.000000,0.000000,clear-ocean,30.000000,60.000000,0.151000,1796,5227164,1340.298462,7.893395,93,22,0,71,0,273,73,4,196,0,0,0,0,0,0,0,0,0,0,0,2,2,0,0,17,54,127,15,54,127,34.464793,22.804075,40.181587,11.764706,0.000000,0.000000,0,0,0,13205.712846,19.439513,161.271077,11496.802256,1257.219273,340.411889,10635.584864,0.000000,0.000000,12233.216026,13205.712846,972.496821,9.520268,2.577762,80.537757,0.000000,7.364213,20.249493,11.666021,3.621040,0.012014,2,0.000000,0,0,0,100.000000,4.884220,98.989899,34.956396,1502.842874,43.200669,0.000000,496.998739
17040.000000,pure-acoustic,none,hardware,1,0,0,0,fifo,0.000500,180,15,hybrid,0.050000,4000.000000,6.087000,52.000000,500.000000,500.000000,2.000000,120.000000,0.000000,198,127,198,0,196,15,54,127,0,0,0,0,0,0,0,0,0.000000,0.000000,0.000000,clear-ocean,30.000000,60.000000,0.151000,1796,5227164,1340.298462,7.865601,93,22,0,71,0,273,73,4,196,0,0,0,0,0,0,0,0,0,0,0,2,2,0,0,17,54,127,15,54,127,34.464793,22.804075,40.181587,11.764706,0.000000,0.000000,0,0,0,13211.112846,19.439513,161.271077,11496.802256,1261.355443,341.445931,10635.814651,0.000000,0.000000,12238.616026,13211.112846,972.496821,9.547685,2.584536,80.506576,0.000000,7.361203,20.249493,11.666021,3.621040,0.011972,2,0.000000,0,0,0,100.000000,4.884220,98.989899,34.956396,1497.551174,129.307385,0.000000,473.537824
17100.000000,pure-acoustic,none,hardware,1,0,0,0,fifo,0.000500,180,15,hybrid,0.050000,4000.000000,6.087000,52.000000,500.000000,500.000000,2.000000,120.000000,0.000000,198,127,198,0,196,15,54,127,0,0,0,0,0,0,0,0,0.000000,0.000000,0.000000,clear-ocean,30.000000,60.000000,0.151000,1796,5227164,1340.298462,7.838003,93,22,0,71,0,273,73,4,196,0,0,0,0,0,0,0,0,0,0,0,2,2,0,0,17,54,127,15,54,127,34.464793,22.804075,40.181587,11.764706,0.000000,0.000000,0,0,0,13216.512846,19.439513,161.271077,11496.802256,1265.491613,342.479974,10636.044439,0.000000,0.000000,12244.016026,13216.512846,972.496821,9.575080,2.591304,80.475422,0.000000,7.358195,20.249493,11.666021,3.621040,0.011930,2,0.000000,0,0,0,100.000000,4.884220,98.989899,34.956396,1492.296608,215.414101,0.000000,428.881252
17160.000000,pure-acoustic,none,hardware,1,0,0,0,fifo,0.000500,180,15,hybrid,0.050000,4000.000000,6.087000,52.000000,500.000000,500.000000,2.000000,120.000000,0.000000,198,127,198,0,196,15,54,127,0,0,0,0,0,0,0,0,0.000000,0.000000,0.000000,clear-ocean,30.000000,60.000000,0.151000,1796,5227164,1340.298462,7.810597,93,22,0,71,0,273,73,4,196,0,0,0,0,0,0,0,0,0,0,0,2,2,0,0,17,54,127,15,54,127,34.464793,22.804075,40.181587,11.764706,0.000000,0.000000,0,0,0,13221.912846,19.439513,161.271077,11496.802256,1269.627783,343.514016,10636.274226,0.000000,0.000000,12249.416026,13221.912846,972.496821,9.602452,2.598066,80.444292,0.000000,7.355190,20.249493,11.666021,3.621040,0.011888,2,0.000000,0,0,0,100.000000,4.884220,98.989899,34.956396,1487.078788,301.520817,0.000000,367.263320
17220.000000,pure-acoustic,none,hardware,1,0,0,0,fifo,0.000500,180,15,hybrid,0.050000,4000.000000,6.087000,52.000000,500.000000,500.000000,2.000000,120.000000,0.000000,198,127,198,0,196,15,54,127,0,0,0,0,0,0,0,0,0.000000,0.000000,0.000000,clear-ocean,30.000000,60.000000,0.151000,1796,5227164,1340.298462,7.783382,93,22,0,71,0,273,73,4,196,0,0,0,0,0,0,0,0,0,0,0,2,2,0,0,17,54,127,15,54,127,34.464793,22.804075,40.181587,11.764706,0.000000,0.000000,0,0,0,13227.312846,19.439513,161.271077,11496.802256,1273.763954,344.548059,10636.504013,0.000000,0.000000,12254.816026,13227.312846,972.496821,9.629801,2.604823,80.413189,0.000000,7.352187,20.249493,11.666021,3.621040,0.011847,2,0.000000,0,0,0,100.000000,4.884220,98.989899,34.956396,1481.897329,387.627533,0.000000,294.526585
17280.000000,pure-acoustic,none,hardware,1,0,0,0,fifo,0.000500,180,15,hybrid,0.050000,4000.000000,6.087000,52.000000,500.000000,500.000000,2.000000,120.000000,0.000000,198,127,198,0,196,15,54,127,0,0,0,0,0,0,0,0,0.000000,0.000000,0.000000,clear-ocean,30.000000,60.000000,0.151000,1796,5227164,1340.298462,7.756357,93,22,0,71,0,273,73,4,196,0,0,0,0,0,0,0,0,0,0,0,2,2,0,0,17,54,127,15,54,127,34.464793,22.804075,40.181587,11.764706,0.000000,0.000000,0,0,0,13232.712846,19.439513,161.271077,11496.802256,1277.900124,345.582101,10636.733800,0.000000,0.000000,12260.216026,13232.712846,972.496821,9.657129,2.611574,80.382110,0.000000,7.349187,20.249493,11.666021,3.621040,0.011806,2,0.000000,0,0,0,100.000000,4.884220,98.989899,34.956396,1476.751852,473.734250,0.000000,217.567879
17340.000000,pure-acoustic,none,hardware,1,0,0,0,fifo,0.000500,180,15,hybrid,0.050000,4000.000000,6.087000,52.000000,500.000000,500.000000,2.000000,120.000000,0.000000,198,127,198,0,196,15,54,127,0,0,0,0,0,0,0,0,0.000000,0.000000,0.000000,clear-ocean,30.000000,60.000000,0.151000,1796,5227164,1340.298462,7.729518,93,22,0,71,0,273,73,4,196,0,0,0,0,0,0,0,0,0,0,0,2,2,0,0,17,54,127,15,54,127,34.464793,22.804075,40.181587,11.764706,0.000000,0.000000,0,0,0,13238.112846,19.439513,161.271077,11496.802256,1282.036294,346.616144,10636.963588,0.000000,0.000000,12265.616026,13238.112846,972.496821,9.684434,2.618320,80.351057,0.000000,7.346189,20.249493,11.666021,3.621040,0.011765,2,0.000000,0,0,0,100.000000,4.884220,98.989899,34.956396,1471.641984,559.840966,0.000000,143.684357
17400.000000,pure-acoustic,none,hardware,1,0,0,0,fifo,0.000500,180,15,hybrid,0.050000,4000.000000,6.087000,52.000000,500.000000,500.000000,2.000000,120.000000,0.000000,198,127,198,0,196,15,54,127,0,0,0,0,0,0,0,0,0.000000,0.000000,0.000000,clear-ocean,30.000000,60.000000,0.151000,1796,5227164,1340.298462,7.702865,93,22,0,71,0,273,73,4,196,0,0,0,0,0,0,0,0,0,0,0,2,2,0,0,17,54,127,15,54,127,34.464793,22.804075,40.181587,11.764706,0.000000,0.000000,0,0,0,13243.512846,19.439513,161.271077,11496.802256,1286.172464,347.650187,10637.193375,0.000000,0.000000,12271.016026,13243.512846,972.496821,9.711717,2.625060,80.320029,0.000000,7.343194,20.249493,11.666021,3.621040,0.011724,2,0.000000,0,0,0,100.000000,4.884220,98.989899,34.956396,1466.567356,645.947682,0.000000,79.881590
17460.000000,pure-acoustic,none,hardware,1,0,0,0,fifo,0.000500,180,15,hybrid,0.050000,4000.000000,6.087000,52.000000,500.000000,500.000000,2.000000,120.000000,0.000000,198,127,198,0,196,15,54,127,0,0,0,0,0,0,0,0,0.000000,0.000000,0.000000,clear-ocean,30.000000,60.000000,0.151000,1796,5227164,1340.298462,7.676394,93,22,0,71,0,273,73,4,196,0,0,0,0,0,0,0,0,0,0,0,2,2,0,0,17,54,127,15,54,127,34.464793,22.804075,40.181587,11.764706,0.000000,0.000000,0,0,0,13248.912846,19.439513,161.271077,11496.802256,1290.308634,348.684229,10637.423162,0.000000,0.000000,12276.416026,13248.912846,972.496821,9.738977,2.631795,80.289027,0.000000,7.340201,20.249493,11.666021,3.621040,0.011684,2,0.000000,0,0,0,100.000000,4.884220,98.989899,34.956396,1461.527606,732.054398,0.000000,32.209298
17520.000000,pure-acoustic,none,hardware,1,0,0,0,fifo,0.000500,180,15,hybrid,0.050000,4000.000000,6.087000,52.000000,500.000000,500.000000,2.000000,120.000000,0.000000,198,127,198,0,196,15,54,127,0,0,0,0,0,0,0,0,0.000000,0.000000,0.000000,clear-ocean,30.000000,60.000000,0.151000,1796,5227164,1340.298462,7.650105,93,22,0,71,0,273,73,4,196,0,0,0,0,0,0,0,0,0,0,0,2,2,0,0,17,54,127,15,54,127,34.464793,22.804075,40.181587,11.764706,0.000000,0.000000,0,0,0,13254.312846,19.439513,161.271077,11496.802256,1294.444805,349.718272,10637.652949,0.000000,0.000000,12281.816026,13254.312846,972.496821,9.766216,2.638524,80.258049,0.000000,7.337210,20.249493,11.666021,3.621040,0.011644,2,0.000000,0,0,0,100.000000,4.884220,98.989899,34.956396,1456.522374,818.161114,0.000000,5.187726
17580.000000,pure-acoustic,none,hardware,1,0,0,0,fifo,0.000500,180,15,hybrid,0.050000,4000.000000,6.087000,52.000000,500.000000,500.000000,2.000000,120.000000,0.000000,198,127,198,0,196,15,54,127,0,0,0,0,0,0,0,0,0.000000,0.000000,0.000000,clear-ocean,30.000000,60.000000,0.151000,1796,5227164,1340.298462,7.623996,93,22,0,71,0,273,73,4,196,0,0,0,0,0,0,0,0,0,0,0,2,2,0,0,17,54,127,15,54,127,34.464793,22.804075,40.181587,11.764706,0.000000,0.000000,0,0,0,13259.712846,19.439513,161.271077,11496.802256,1298.580975,350.752314,10637.882737,0.000000,0.000000,12287.216026,13259.712846,972.496821,9.793432,2.645248,80.227097,0.000000,7.334222,20.249493,11.666021,3.621040,0.011604,2,0.000000,0,0,0,100.000000,4.884220,98.989899,34.956396,1451.551308,904.267830,-0.000000,1.379034
17640.000000,pure-acoustic,none,hardware,1,0,0,0,fifo,0.000500,180,15,hybrid,0.050000,4000.000000,6.087000,52.000000,500.000000,500.000000,2.000000,120.000000,0.000000,198,127,198,0,196,15,54,127,0,0,0,0,0,0,0,0,0.000000,0.000000,0.000000,clear-ocean,30.000000,60.000000,0.151000,1796,5227164,1340.298462,7.598064,93,22,0,71,0,273,73,4,196,0,0,0,0,0,0,0,0,0,0,0,2,2,0,0,17,54,127,15,54,127,34.464793,22.804075,40.181587,11.764706,0.000000,0.000000,0,0,0,13265.112846,19.439513,161.271077,11496.802256,1302.717145,351.786357,10638.112524,0.000000,0.000000,12292.616026,13265.112846,972.496821,9.820626,2.651967,80.196171,0.000000,7.331237,20.249493,11.666021,3.621040,0.011565,2,0.000000,0,0,0,100.000000,4.884220,98.989899,34.956396,1446.614059,990.374546,-0.000000,21.144360
17700.000000,pure-acoustic,none,hardware,1,0,0,0,fifo,0.000500,180,15,hybrid,0.050000,4000.000000,6.087000,52.000000,500.000000,500.000000,2.000000,120.000000,0.000000,198,127,198,0,196,15,54,127,0,0,0,0,0,0,0,0,0.000000,0.000000,0.000000,clear-ocean,30.000000,60.000000,0.151000,1796,5227164,1340.298462,7.572308,93,22,0,71,0,273,73,4,196,0,0,0,0,0,0,0,0,0,0,0,2,2,0,0,17,54,127,15,54,127,34.464793,22.804075,40.181587,11.764706,0.000000,0.000000,0,0,0,13270.512846,19.439513,161.271077,11496.802256,1306.853315,352.820399,10638.342311,0.000000,0.000000,12298.016026,13270.512846,972.496821,9.847798,2.658679,80.165269,0.000000,7.328253,20.249493,11.666021,3.621040,0.011525,2,0.000000,0,0,0,100.000000,4.884220,98.989899,34.956396,1441.710282,1076.481263,-0.000000,62.609573
17760.000000,pure-acoustic,none,hardware,1,0,0,0,fifo,0.000500,180,15,hybrid,0.050000,4000.000000,6.087000,52.000000,500.000000,500.000000,2.000000,120.000000,0.000000,198,127,198,0,196,15,54,127,0,0,0,0,0,0,0,0,0.000000,0.000000,0.000000,clear-ocean,30.000000,60.000000,0.151000,1796,5227164,1340.298462,7.546726,93,22,0,71,0,273,73,4,196,0,0,0,0,0,0,0,0,0,0,0,2,2,0,0,17,54,127,15,54,127,34.464793,22.804075,40.181587,11.764706,0.000000,0.000000,0,0,0,13275.912846,19.439513,161.271077,11496.802256,1310.989486,353.854442,10638.572098,0.000000,0.000000,12303.416026,13275.912846,972.496821,9.874948,2.665387,80.134392,0.000000,7.325273,20.249493,11.666021,3.621040,0.011486,2,0.000000,0,0,0,100.000000,4.884220,98.989899,34.956396,1436.839640,1162.587979,-0.000000,121.842978
17820.000000,pure-acoustic,none,hardware,1,0,0,0,fifo,0.000500,180,15,hybrid,0.050000,4000.000000,6.087000,52.000000,500.000000,500.000000,2.000000,120.000000,0.000000,198,127,198,0,196,15,54,127,0,0,0,0,0,0,0,0,0.000000,0.000000,0.000000,clear-ocean,30.000000,60.000000,0.151000,1796,5227164,1340.298462,7.521316,93,22,0,71,0,273,73,4,196,0,0,0,0,0,0,0,0,0,0,0,2,2,0,0,17,54,127,15,54,127,34.464793,22.804075,40.181587,11.764706,0.000000,0.000000,0,0,0,13281.312846,19.439513,161.271077,11496.802256,1315.125656,354.888484,10638.801885,0.000000,0.000000,12308.816026,13281.312846,972.496821,9.902076,2.672089,80.103541,0.000000,7.322294,20.249493,11.666021,3.621040,0.011448,2,0.000000,0,0,0,100.000000,4.884220,98.989899,34.956396,1432.001796,1248.694695,-0.000000,193.228118
17880.000000,pure-acoustic,none,hardware,1,0,0,0,fifo,0.000500,180,15,hybrid,0.050000,4000.000000,6.087000,52.000000,500.000000,500.000000,2.000000,120.000000,0.000000,198,127,198,0,196,15,54,127,0,0,0,0,0,0,0,0,0.000000,0.000000,0.000000,clear-ocean,30.000000,60.000000,0.151000,1796,5227164,1340.298462,7.496076,93,22,0,71,0,273,73,4,196,0,0,0,0,0,0,0,0,0,0,0,2,2,0,0,17,54,127,15,54,127,34.464793,22.804075,40.181587,11.764706,0.000000,0.000000,0,0,0,13286.712846,19.439513,161.271077,11496.802256,1319.261826,355.922527,10639.031673,0.000000,0.000000,12314.216026,13286.712846,972.496821,9.929181,2.678785,80.072715,0.000000,7.319318,20.249493,11.666021,3.621040,0.011409,2,0.000000,0,0,0,100.000000,4.884220,98.989899,34.956396,1427.196421,1334.801411,-0.000000,269.996317
17940.000000,pure-acoustic,none,hardware,1,0,0,0,fifo,0.000500,180,15,hybrid,0.050000,4000.000000,6.087000,52.000000,500.000000,500.000000,2.000000,120.000000,0.000000,198,127,198,0,196,15,54,127,0,0,0,0,0,0,0,0,0.000000,0.000000,0.000000,clear-ocean,30.000000,60.000000,0.151000,1796,5227164,1340.298462,7.471006,93,22,0,71,0,273,73,4,196,0,0,0,0,0,0,0,0,0,0,0,2,2,0,0,17,54,127,15,54,127,34.464793,22.804075,40.181587,11.764706,0.000000,0.000000,0,0,0,13292.112846,19.439513,161.271077,11496.802256,1323.397996,356.956570,10639.261460,0.000000,0.000000,12319.616026,13292.112846,972.496821,9.956265,2.685477,80.041913,0.000000,7.316345,20.249493,11.666021,3.621040,0.011371,2,0.000000,0,0,0,100.000000,4.884220,98.989899,34.956396,1422.423188,1420.908127,-0.000000,344.868482
18000.000000,pure-acoustic,none,hardware,1,0,0,0,fifo,0.000500,180,15,hybrid,0.050000,4000.000000,6.087000,52.000000,500.000000,500.000000,2.000000,120.000000,0.000000,198,127,198,0,196,15,54,127,0,0,0,0,0,0,0,0,0.000000,0.000000,0.000000,clear-ocean,30.000000,60.000000,0.151000,1796,5227164,1340.298462,7.446103,93,22,0,71,0,273,73,4,196,0,0,0,0,0,0,0,0,0,0,0,2,2,0,0,17,54,127,15,54,127,34.464793,22.804075,40.181587,11.764706,0.000000,0.000000,0,0,0,13297.512846,19.439513,161.271077,11496.802256,1327.534166,357.990612,10639.491247,0.000000,0.000000,12325.016026,13297.512846,972.496821,9.983327,2.692162,80.011137,0.000000,7.313374,20.249493,11.666021,3.621040,0.011333,2,0.000000,0,0,0,100.000000,4.884220,98.989899,34.956396,1417.681778,1507.014843,-0.000000,410.745304
18060.000000,pure-acoustic,none,hardware,1,0,0,0,fifo,0.000500,180,15,hybrid,0.050000,4000.000000,6.087000,52.000000,500.000000,500.000000,2.000000,120.000000,0.000000,198,127,198,0,196,15,54,127,0,0,0,0,0,0,0,0,0.000000,0.000000,0.000000,clear-ocean,30.000000,60.000000,0.151000,1796,5227164,1340.298462,7.421365,93,22,0,71,0,273,73,4,196,0,0,0,0,0,0,0,0,0,0,0,2,2,0,0,17,54,127,15,54,127,34.464793,22.804075,40.181587,11.764706,0.000000,0.000000,0,0,0,13302.912846,19.439513,161.271077,11496.802256,1331.670337,359.024655,10639.721034,0.000000,0.000000,12330.416026,13302.912846,972.496821,10.010367,2.698842,79.980386,0.000000,7.310405,20.249493,11.666021,3.621040,0.011296,2,0.000000,0,0,0,100.000000,4.884220,98.989899,34.956396,1412.971872,1593.121559,-0.000000,461.380399
18120.000000,pure-acoustic,none,hardware,1,0,0,0,fifo,0.000500,180,15,hybrid,0.050000,4000.000000,6.087000,52.000000,500.000000,500.000000,2.000000,120.000000,0.000000,198,127,198,0,196,15,54,127,0,0,0,0,0,0,0,0,0.000000,0.000000,0.000000,clear-ocean,30.000000,60.000000,0.151000,1796,5227164,1340.298462,7.396791,93,22,0,71,0,273,73,4,196,0,0,0,0,0,0,0,0,0,0,0,2,2,0,0,17,54,127,15,54,127,34.464793,22.804075,40.181587,11.764706,0.000000,0.000000,0,0,0,13308.312846,19.439513,161.271077,11496.802256,1335.806507,360.058697,10639.950822,0.000000,0.000000,12335.816026,13308.312846,972.496821,10.037384,2.705517,79.949660,0.000000,7.307439,20.249493,11.666021,3.621040,0.011258,2,0.000000,0,0,0,100.000000,4.884220,98.989899,34.956396,1408.293157,1679.228276,-0.000000,491.972594
18180.000000,pure-acoustic,none,hardware,1,0,0,0,fifo,0.000500,180,15,hybrid,0.050000,4000.000000,6.087000,52.000000,500.000000,500.000000,2.000000,120.000000,0.000000,198,127,198,0,196,15,54,127,0,0,0,0,0,0,0,0,0.000000,0.000000,0.000000,clear-ocean,30.000000,60.000000,0.151000,1796,5227164,1340.298462,7.372379,93,22,0,71,0,273,73,4,196,0,0,0,0,0,0,0,0,0,0,0,2,2,0,0,17,54,127,15,54,127,34.464793,22.804075,40.181587,11.764706,0.000000,0.000000,0,0,0,13313.712846,19.439513,161.271077,11496.802256,1339.942677,361.092740,10640.180609,0.000000,0.000000,12341.216026,13313.712846,972.496821,10.064380,2.712187,79.918958,0.000000,7.304475,20.249493,11.666021,3.621040,0.011221,2,0.000000,0,0,0,100.000000,4.884220,98.989899,34.956396,1403.645325,1765.334992,0.000000,499.621164
18240.000000,pure-acoustic,none,hardware,1,0,0,0,fifo,0.000500,180,15,hybrid,0.050000,4000.000000,6.087000,52.000000,500.000000,500.000000,2.000000,120.000000,0.000000,198,127,198,0,196,15,54,127,0,0,0,0,0,0,0,0,0.000000,0.000000,0.000000,clear-ocean,30.000000,60.000000,0.151000,1796,5227164,1340.298462,7.348128,93,22,0,71,0,273,73,4,196,0,0,0,0,0,0,0,0,0,0,0,2,2,0,0,17,54,127,15,54,127,34.464793,22.804075,40.181587,11.764706,0.000000,0.000000,0,0,0,13319.112846,19.439513,161.271077,11496.802256,1344.078847,362.126782,10640.410396,0.000000,0.000000,12346.616026,13319.112846,972.496821,10.091354,2.718851,79.888282,0.000000,7.301513,20.249493,11.666021,3.621040,0.011184,2,0.000000,0,0,0,100.000000,4.884220,98.989899,34.956396,1399.028070,1851.441708,0.000000,483.600879
18300.000000,pure-acoustic,none,hardware,1,0,0,0,fifo,0.000500,180,15,hybrid,0.050000,4000.000000,6.087000,52.000000,500.000000,500.000000,2.000000,120.000000,0.000000,198,127,198,0,196,15,54,127,0,0,0,0,0,0,0,0,0.000000,0.000000,0.000000,clear-ocean,30.000000,60.000000,0.151000,1796,5227164,1340.298462,7.324035,93,22,0,71,0,273,73,4,196,0,0,0,0,0,0,0,0,0,0,0,2,2,0,0,17,54,127,15,54,127,34.464793,22.804075,40.181587,11.764706,0.000000,0.000000,0,0,0,13324.512846,19.439513,161.271077,11496.802256,1348.215017,363.160825,10640.640183,0.000000,0.000000,12352.016026,13324.512846,972.496821,10.118306,2.725509,79.857630,0.000000,7.298554,20.249493,11.666021,3.621040,0.011148,2,0.000000,0,0,0,100.000000,4.884220,98.989899,34.956396,1394.441093,1937.548424,0.000000,445.430767
18360.000000,pure-acoustic,none,hardware,1,0,0,0,fifo,0.000500,180,15,hybrid,0.050000,4000.000000,6.087000,52.000000,500.000000,500.000000,2.000000,120.000000,0.000000,198,127,198,0,196,15,54,127,0,0,0,0,0,0,0,0,0.000000,0.000000,0.000000,clear-ocean,30.000000,60.000000,0.151000,1796,5227164,1340.298462,7.300101,93,22,0,71,0,273,73,4,196,0,0,0,0,0,0,0,0,0,0,0,2,2,0,0,17,54,127,15,54,127,34.464793,22.804075,40.181587,11.764706,0.000000,0.000000,0,0,0,13329.912846,19.439513,161.271077,11496.802256,1352.351188,364.194867,10640.869971,0.000000,0.000000,12357.416026,13329.912846,972.496821,10.145237,2.732162,79.827003,0.000000,7.295598,20.249493,11.666021,3.621040,0.011111,2,0.000000,0,0,0,100.000000,4.884220,98.989899,34.956396,1389.884096,2023.655140,0.000000,388.730085
18420.000000,pure-acoustic,none,hardware,1,0,0,0,fifo,0.000500,180,15,hybrid,0.050000,4000.000000,6.087000,52.000000,500.000000,500.000000,2.000000,120.000000,0.000000,198,127,198,0,196,15,54,127,0,0,0,0,0,0,0,0,0.000000,0.000000,0.000000,clear-ocean,30.000000,60.000000,0.151000,1796,5227164,1340.298462,7.276322,93,22,0,71,0,273,73,4,196,0,0,0,0,0,0,0,0,0,0,0,2,2,0,0,17,54,127,15,54,127,34.464793,22.804075,40.181587,11.764706,0.000000,0.000000,0,0,0,13335.312846,19.439513,161.271077,11496.802256,1356.487358,365.228910,10641.099758,0.000000,0.000000,12362.816026,13335.312846,972.496821,10.172145,2.738810,79.796401,0.000000,7.292643,20.249493,11.666021,3.621040,0.011075,2,0.000000,0,0,0,100.000000,4.884220,98.989899,34.956396,1385.356786,2109.761856,0.000000,318.875141
18480.000000,pure-acoustic,none,hardware,1,0,0,0,fifo,0.000500,180,15,hybrid,0.050000,4000.000000,6.087000,52.000000,500.000000,500.000000,2.000000,120.000000,0.000000,198,127,198,0,196,15,54,127,0,0,0,0,0,0,0,0,0.000000,0.000000,0.000000,clear-ocean,30.000000,60.000000,0.151000,1796,5227164,1340.298462,7.252697,93,22,0,71,0,273,73,4,196,0,0,0,0,0,0,0,0,0,0,0,2,2,0,0,17,54,127,15,54,127,34.464793,22.804075,40.181587,11.764706,0.000000,0.000000,0,0,0,13340.712846,19.439513,161.271077,11496.802256,1360.623528,366.262953,10641.329545,0.000000,0.000000,12368.216026,13340.712846,972.496821,10.199032,2.745453,79.765824,0.000000,7.289692,20.249493,11.666021,3.621040,0.011039,2,0.000000,0,0,0,100.000000,4.884220,98.989899,34.956396,1380.858874,2195.868573,0.000000,242.489517
18540.000000,pure-acoustic,none,hardware,1,0,0,0,fifo,0.000500,180,15,hybrid,0.050000,4000.000000,6.087000,52.000000,500.000000,500.000000,2.000000,120.000000,0.000000,198,127,198,0,196,15,54,127,0,0,0,0,0,0,0,0,0.000000,0.000000,0.000000,clear-ocean,30.000000,60.000000,0.151000,1796,5227164,1340.298462,7.229226,93,22,0,71,0,273,73,4,196,0,0,0,0,0,0,0,0,0,0,0,2,2,0,0,17,54,127,15,54,127,34.464793,22.804075,40.181587,11.764706,0.000000,0.000000,0,0,0,13346.112846,19.439513,161.271077,11496.802256,1364.759698,367.296995,10641.559332,0.000000,0.000000,12373.616026,13346.112846,972.496821,10.225897,2.752090,79.735272,0.000000,7.286742,20.249493,11.666021,3.621040,0.011003,2,0.000000,0,0,0,100.000000,4.884220,98.989899,34.956396,1376.390076,2281.975289,0.000000,166.816031
18600.000000,pure-acoustic,none,hardware,1,0,0,0,fifo,0.000500,180,15,hybrid,0.050000,4000.000000,6.087000,52.000000,500.000000,500.000000,2.000000,120.000000,0.000000,198,127,198,0,196,15,54,127,0,0,0,0,0,0,0,0,0.000000,0.000000,0.000000,clear-ocean,30.000000,60.000000,0.151000,1796,5227164,1340.298462,7.205906,93,22,0,71,0,273,73,4,196,0,0,0,0,0,0,0,0,0,0,0,2,2,0,0,17,54,127,15,54,127,34.464793,22.804075,40.181587,11.764706,0.000000,0.000000,0,0,0,13351.512846,19.439513,161.271077,11496.802256,1368.895869,368.331038,10641.789119,0.000000,0.000000,12379.016026,13351.512846,972.496821,10.252740,2.758721,79.704744,0.000000,7.283795,20.249493,11.666021,3.621040,0.010968,2,0.000000,0,0,0,100.000000,4.884220,98.989899,34.956396,1371.950108,2368.082005,0.000000,99.029974
18660.000000,pure-acoustic,none,hardware,1,0,0,0,fifo,0.000500,180,15,hybrid,0.050000,4000.000000,6.087000,52.000000,500.000000,500.000000,2.000000,120.000000,0.000000,198,127,198,0,196,15,54,127,0,0,0,0,0,0,0,0,0.000000,0.000000,0.000000,clear-ocean,30.000000,60.000000,0.151000,1796,5227164,1340.298462,7.182736,93,22,0,71,0,273,73,4,196,0,0,0,0,0,0,0,0,0,0,0,2,2,0,0,17,54,127,15,54,127,34.464793,22.804075,40.181587,11.764706,0.000000,0.000000,0,0,0,13356.912846,19.439513,161.271077,11496.802256,1373.032039,369.365080,10642.018907,0.000000,0.000000,12384.416026,13356.912846,972.496821,10.279561,2.765348,79.674241,0.000000,7.280850,20.249493,11.666021,3.621040,0.010932,2,0.000000,0,0,0,100.000000,4.884220,98.989899,34.956396,1367.538692,2454.188721,0.000000,45.558759
18720.000000,pure-acoustic,none,hardware,1,0,0,0,fifo,0.000500,180,15,hybrid,0.050000,4000.000000,6.087000,52.000000,500.000000,500.000000,2.000000,120.000000,0.000000,198,127,198,0,196,15,54,127,0,0,0,0,0,0,0,0,0.000000,0.000000,0.000000,clear-ocean,30.000000,60.000000,0.151000,1796,5227164,1340.298462,7.159714,93,22,0,71,0,273,73,4,196,0,0,0,0,0,0,0,0,0,0,0,2,2,0,0,17,54,127,15,54,127,34.464793,22.804075,40.181587,11.764706,0.000000,0.000000,0,0,0,13362.312846,19.439513,161.271077,11496.802256,1377.168209,370.399123,10642.248694,0.000000,0.000000,12389.816026,13362.312846,972.496821,10.306361,2.771969,79.643762,0.000000,7.277908,20.249493,11.666021,3.621040,0.010897,2,0.000000,0,0,0,100.000000,4.884220,98.989899,34.956396,1363.155556,2540.295437,0.000000,11.472481
18780.000000,pure-acoustic,none,hardware,1,0,0,0,fifo,0.000500,180,15,hybrid,0.050000,4000.000000,6.087000,52.000000,500.000000,500.000000,2.000000,120.000000,0.000000,198,127,198,0,196,15,54,127,0,0,0,0,0,0,0,0,0.000000,0.000000,0.000000,clear-ocean,30.000000,60.000000,0.151000,1796,5227164,1340.298462,7.136840,93,22,0,71,0,273,73,4,196,0,0,0,0,0,0,0,0,0,0,0,2,2,0,0,17,54,127,15,54,127,34.464793,22.804075,40.181587,11.764706,0.000000,0.000000,0,0,0,13367.712846,19.439513,161.271077,11496.802256,1381.304379,371.433165,10642.478481,0.000000,0.000000,12395.216026,13367.712846,972.496821,10.333139,2.778584,79.613309,0.000000,7.274968,20.249493,11.666021,3.621040,0.010863,2,0.000000,0,0,0,100.000000,4.884220,98.989899,34.956396,1358.800426,2626.402153,-0.000000,0.003168
18840.000000,pure-acoustic,none,hardware,1,0,0,0,fifo,0.000500,180,15,hybrid,0.050000,4000.000000,6.087000,52.000000,500.000000,500.000000,2.000000,120.000000,0.000000,198,127,198,0,196,15,54,127,0,0,0,0,0,0,0,0,0.000000,0.000000,0.000000,clear-ocean,30.000000,60.000000,0.151000,1796,5227164,1340.298462,7.114111,93,22,0,71,0,273,73,4,196,0,0,0,0,0,0,0,0,0,0,0,2,2,0,0,17,54,127,15,54,127,34.464793,22.804075,40.181587,11.764706,0.000000,0.000000,0,0,0,13373.112846,19.439513,161.271077,11496.802256,1385.440549,372.467208,10642.708268,0.000000,0.000000,12400.616026,13373.112846,972.496821,10.359896,2.785195,79.582879,0.000000,7.272030,20.249493,11.666021,3.621040,0.010828,2,0.000000,0,0,0,100.000000,4.884220,98.989899,34.956396,1354.473036,2712.508869,-0.000000,12.238331
18900.000000,pure-acoustic,none,hardware,1,0,0,0,fifo,0.000500,180,15,hybrid,0.050000,4000.000000,6.087000,52.000000,500.000000,500.000000,2.000000,120.000000,0.000000,198,127,198,0,196,15,54,127,0,0,0,0,0,0,0,0,0.000000,0.000000,0.000000,clear-ocean,30.000000,60.000000,0.151000,1796,5227164,1340.298462,7.091526,93,22,0,71,0,273,73,4,196,0,0,0,0,0,0,0,0,0,0,0,2,2,0,0,17,54,127,15,54,127,34.464793,22.804075,40.181587,11.764706,0.000000,0.000000,0,0,0,13378.512846,19.439513,161.271077,11496.802256,1389.576720,373.501250,10642.938056,0.000000,0.000000,12406.016026,13378.512846,972.496821,10.386631,2.791799,79.552475,0.000000,7.269095,20.249493,11.666021,3.621040,0.010794,2,0.000000,0,0,0,100.000000,4.884220,98.989899,34.956396,1350.173122,2798.615586,-0.000000,47.017843
18960.000000,pure-acoustic,none,hardware,1,0,0,0,fifo,0.000500,180,15,hybrid,0.050000,4000.000000,6.087000,52.000000,500.000000,500.000000,2.000000,120.000000,0.000000,198,127,198,0,196,15,54,127,0,0,0,0,0,0,0,0,0.000000,0.000000,0.000000,clear-ocean,30.000000,60.000000,0.151000,1796,5227164,1340.298462,7.069085,93,22,0,71,0,273,73,4,196,0,0,0,0,0,0,0,0,0,0,0,2,2,0,0,17,54,127,15,54,127,34.464793,22.804075,40.181587,11.764706,0.000000,0.000000,0,0,0,13383.912846,19.439513,161.271077,11496.802256,1393.712890,374.535293,10643.167843,0.000000,0.000000,12411.416026,13383.912846,972.496821,10.413344,2.798399,79.522095,0.000000,7.266162,20.249493,11.666021,3.621040,0.010759,2,0.000000,0,0,0,100.000000,4.884220,98.989899,34.956396,1345.900422,2884.722302,-0.000000,101.043941
19020.000000,pure-acoustic,none,hardware,1,0,0,0,fifo,0.000500,180,15,hybrid,0.050000,4000.000000,6.087000,52.000000,500.000000,500.000000,2.000000,120.000000,0.000000,198,127,198,0,196,15,54,127,0,0,0,0,0,0,0,0,0.000000,0.000000,0.000000,clear-ocean,30.000000,60.000000,0.151000,1796,5227164,1340.298462,7.046785,93,22,0,71,0,273,73,4,196,0,0,0,0,0,0,0,0,0,0,0,2,2,0,0,17,54,127,15,54,127,34.464793,22.804075,40.181587,11.764706,0.000000,0.000000,0,0,0,13389.312846,19.439513,161.271077,11496.802256,1397.849060,375.569336,10643.397630,0.000000,0.000000,12416.816026,13389.312846,972.496821,10.440036,2.804993,79.491739,0.000000,7.263232,20.249493,11.666021,3.621040,0.010726,2,0.000000,0,0,0,100.000000,4.884220,98.989899,34.956396,1341.654679,2970.829018,-0.000000,169.193920
19080.000000,pure-acoustic,none,hardware,1,0,0,0,fifo,0.000500,180,15,hybrid,0.050000,4000.000000,6.087000,52.000000,500.000000,500.000000,2.000000,120.000000,0.000000,198,127,198,0,196,15,54,127,0,0,0,0,0,0,0,0,0.000000,0.000000,0.000000,clear-ocean,30.000000,60.000000,0.151000,1796,5227164,1340.298462,7.024625,93,22,0,71,0,273,73,4,196,0,0,0,0,0,0,0,0,0,0,0,2,2,0,0,17,54,127,15,54,127,34.464793,22.804075,40.181587,11.764706,0.000000,0.000000,0,0,0,13394.712846,19.439513,161.271077,11496.802256,1401.985230,376.603378,10643.627417,0.000000,0.000000,12422.216026,13394.712846,972.496821,10.466706,2.811582,79.461408,0.000000,7.260304,20.249493,11.666021,3.621040,0.010692,2,0.000000,0,0,0,100.000000,4.884220,98.989899,34.956396,1337.435639,3056.935734,-0.000000,245.005859
19140.000000,pure-acoustic,none,hardware,1,0,0,0,fifo,0.000500,180,15,hybrid,0.050000,4000.000000,6.087000,52.000000,500.000000,500.000000,2.000000,120.000000,0.000000,198,127,198,0,196,15,54,127,0,0,0,0,0,0,0,0,0.000000,0.000000,0.000000,clear-ocean,30.000000,60.000000,0.151000,1796,5227164,1340.298462,7.002604,93,22,0,71,0,273,73,4,196,0,0,0,0,0,0,0,0,0,0,0,2,2,0,0,17,54,127,15,54,127,34.464793,22.804075,40.181587,11.764706,0.000000,0.000000,0,0,0,13400.112846,19.439513,161.271077,11496.802256,1406.121400,377.637421,10643.857205,0.000000,0.000000,12427.616026,13400.112846,972.496821,10.493355,2.818166,79.431101,0.000000,7.257378,20.249493,11.666021,3.621040,0.010658,2,0.000000,0,0,0,100.000000,4.884220,98.989899,34.956396,1333.243051,3143.042450,-0.000000,321.291337
19200.000000,pure-acoustic,none,hardware,1,0,0,0,fifo,0.000500,180,15,hybrid,0.050000,4000.000000,6.087000,52.000000,500.000000,500.000000,2.000000,120.000000,0.000000,198,127,198,0,196,15,54,127,0,0,0,0,0,0,0,0,0.000000,0.000000,0.000000,clear-ocean,30.000000,60.000000,0.151000,1796,5227164,1340.298462,6.980721,93,22,0,71,0,273,73,4,196,0,0,0,0,0,0,0,0,0,0,0,2,2,0,0,17,54,127,15,54,127,34.464793,22.804075,40.181587,11.764706,0.000000,0.000000,0,0,0,13405.512846,19.439513,161.271077,11496.802256,1410.257571,378.671463,10644.086992,0.000000,0.000000,12433.016026,13405.512846,972.496821,10.519982,2.824744,79.400819,0.000000,7.254454,20.249493,11.666021,3.621040,0.010625,2,0.000000,0,0,0,100.000000,4.884220,98.989899,34.956396,1329.076667,3229.149166,-0.000000,390.817035
19260.000000,pure-acoustic,none,hardware,1,0,0,0,fifo,0.000500,180,15,hybrid,0.050000,4000.000000,6.087000,52.000000,500.000000,500.000000,2.000000,120.000000,0.000000,198,127,198,0,196,15,54,127,0,0,0,0,0,0,0,0,0.000000,0.000000,0.000000,clear-ocean,30.000000,60.000000,0.151000,1796,5227164,1340.298462,6.958974,93,22,0,71,0,273,73,4,196,0,0,0,0,0,0,0,0,0,0,0,2,2,0,0,17,54,127,15,54,127,34.464793,22.804075,40.181587,11.764706,0.000000,0.000000,0,0,0,13410.912846,19.439513,161.271077,11496.802256,1414.393741,379.705506,10644.316779,0.000000,0.000000,12438.416026,13410.912846,972.496821,10.546588,2.831317,79.370561,0.000000,7.251533,20.249493,11.666021,3.621040,0.010592,2,0.000000,0,0,0,100.000000,4.884220,98.989899,34.956396,1324.936241,3315.255882,-0.000000,446.990588
19320.000000,pure-acoustic,none,hardware,1,0,0,0,fifo,0.000500,180,15,hybrid,0.050000,4000.000000,6.087000,52.000000,500.000000,500.000000,2.000000,120.000000,0.000000,198,127,198,0,196,15,54,127,0,0,0,0,0,0,0,0,0.000000,0.000000,0.000000,clear-ocean,30.000000,60.000000,0.151000,1796,5227164,1340.298462,6.937363,93,22,0,71,0,273,73,4,196,0,0,0,0,0,0,0,0,0,0,0,2,2,0,0,17,54,127,15,54,127,34.464793,22.804075,40.181587,11.764706,0.000000,0.000000,0,0,0,13416.312846,19.439513,161.271077,11496.802256,1418.529911,380.739548,10644.546566,0.000000,0.000000,12443.816026,13416.312846,972.496821,10.573173,2.837885,79.340328,0.000000,7.248615,20.249493,11.666021,3.621040,0.010559,2,0.000000,0,0,0,100.000000,4.884220,98.989899,34.956396,1320.821532,3401.362599,-0.000000,484.485669
19380.000000,pure-acoustic,none,hardware,1,0,0,0,fifo,0.000500,180,15,hybrid,0.050000,4000.000000,6.087000,52.000000,500.000000,500.000000,2.000000,120.000000,0.000000,198,127,198,0,196,15,54,127,0,0,0,0,0,0,0,0,0.000000,0.000000,0.000000,clear-ocean,30.000000,60.000000,0.151000,1796,5227164,1340.298462,6.915885,93,22,0,71,0,273,73,4,196,0,0,0,0,0,0,0,0,0,0,0,2,2,0,0,17,54,127,15,54,127,34.464793,22.804075,40.181587,11.764706,0.000000,0.000000,0,0,0,13421.712846,19.439513,161.271077,11496.802256,1422.666081,381.773591,10644.776354,0.000000,0.000000,12449.216026,13421.712846,972.496821,10.599736,2.844448,79.310118,0.000000,7.245698,20.249493,11.666021,3.621040,0.010526,2,0.000000,0,0,0,100.000000,4.884220,98.989899,34.956396,1316.732301,3487.469315,-0.000000,499.747029
19440.000000,pure-acoustic,none,hardware,1,0,0,0,fifo,0.000500,180,15,hybrid,0.050000,4000.000000,6.087000,52.000000,500.000000,500.000000,2.000000,120.000000,0.000000,198,127,198,0,196,15,54,127,0,0,0,0,0,0,0,0,0.000000,0.000000,0.000000,clear-ocean,30.000000,60.000000,0.151000,1796,5227164,1340.298462,6.894539,93,22,0,71,0,273,73,4,196,0,0,0,0,0,0,0,0,0,0,0,2,2,0,0,17,54,127,15,54,127,34.464793,22.804075,40.181587,11.764706,0.000000,0.000000,0,0,0,13427.112846,19.439513,161.271077,11496.802256,1426.802251,382.807633,10645.006141,0.000000,0.000000,12454.616026,13427.112846,972.496821,10.626277,2.851005,79.279934,0.000000,7.242784,20.249493,11.666021,3.621040,0.010494,2,0.000000,0,0,0,100.000000,4.884220,98.989899,34.956396,1312.668313,3573.576031,0.000000,491.327600
19500.000000,pure-acoustic,none,hardware,1,0,0,0,fifo,0.000500,180,15,hybrid,0.050000,4000.000000,6.087000,52.000000,500.000000,500.000000,2.000000,120.000000,0.000000,198,127,198,0,196,15,54,127,0,0,0,0,0,0,0,0,0.000000,0.000000,0.000000,clear-ocean,30.000000,60.000000,0.151000,1796,5227164,1340.298462,6.873325,93,22,0,71,0,273,73,4,196,0,0,0,0,0,0,0,0,0,0,0,2,2,0,0,17,54,127,15,54,127,34.464793,22.804075,40.181587,11.764706,0.000000,0.000000,0,0,0,13432.512846,19.439513,161.271077,11496.802256,1430.938422,383.841676,10645.235928,0.000000,0.000000,12460.016026,13432.512846,972.496821,10.652798,2.857557,79.249773,0.000000,7.239873,20.249493,11.666021,3.621040,0.010462,2,0.000000,0,0,0,100.000000,4.884220,98.989899,34.956396,1308.629333,3659.682747,0.000000,460.025703
19560.000000,pure-acoustic,none,hardware,1,0,0,0,fifo,0.000500,180,15,hybrid,0.050000,4000.000000,6.087000,52.000000,500.000000,500.000000,2.000000,120.000000,0.000000,198,127,198,0,196,15,54,127,0,0,0,0,0,0,0,0,0.000000,0.000000,0.000000,clear-ocean,30.000000,60.000000,0.151000,1796,5227164,1340.298462,6.852242,93,22,0,71,0,273,73,4,196,0,0,0,0,0,0,0,0,0,0,0,2,2,0,0,17,54,127,15,54,127,34.464793,22.804075,40.181587,11.764706,0.000000,0.000000,0,0,0,13437.912846,19.439513,161.271077,11496.802256,1435.074592,384.875718,10645.465715,0.000000,0.000000,12465.416026,13437.912846,972.496821,10.679297,2.864103,79.219637,0.000000,7.236963,20.249493,11.666021,3.621040,0.010429,2,0.000000,0,0,0,100.000000,4.884220,98.989899,34.956396,1304.615133,3745.789463,0.000000,408.809357
19620.000000,pure-acoustic,none,hardware,1,0,0,0,fifo,0.000500,180,15,hybrid,0.050000,4000.000000,6.087000,52.000000,500.000000,500.000000,2.000000,120.000000,0.000000,198,127,198,0,196,15,54,127,0,0,0,0,0,0,0,0,0.000000,0.000000,0.000000,clear-ocean,30.000000,60.000000,0.151000,1796,5227164,1340.298462,6.831287,93,22,0,71,0,273,73,4,196,0,0,0,0,0,0,0,0,0,0,0,2,2,0,0,17,54,127,15,54,127,34.464793,22.804075,40.181587,11.764706,0.000000,0.000000,0,0,0,13443.312846,19.439513,161.271077,11496.802256,1439.210762,385.909761,10645.695502,0.000000,0.000000,12470.816026,13443.312846,972.496821,10.705775,2.870645,79.189524,0.000000,7.234056,20.249493,11.666021,3.621040,0.010398,2,0.000000,0,0,0,100.000000,4.884220,98.989899,34.956396,1300.625484,3831.896179,0.000000,342.534849
19680.000000,pure-acoustic,none,hardware,1,0,0,0,fifo,0.000500,180,15,hybrid,0.050000,4000.000000,6.087000,52.000000,500.000000,500.000000,2.000000,120.000000,0.000000,198,127,198,0,196,15,54,127,0,0,0,0,0,0,0,0,0.000000,0.000000,0.000000,clear-ocean,30.000000,60.000000,0.151000,1796,5227164,1340.298462,6.810460,93,22,0,71,0,273,73,4,196,0,0,0,0,0,0,0,0,0,0,0,2,2,0,0,17,54,127,15,54,127,34.464793,22.804075,40.181587,11.764706,0.000000,0.000000,0,0,0,13448.712846,19.439513,161.271077,11496.802256,1443.346932,386.943804,10645.925290,0.000000,0.000000,12476.216026,13448.712846,972.496821,10.732231,2.877181,79.159436,0.000000,7.231152,20.249493,11.666021,3.621040,0.010366,2,0.000000,0,0,0,100.000000,4.884220,98.989899,34.956396,1296.660163,3918.002895,0.000000,267.486271
19740.000000,pure-acoustic,none,hardware,1,0,0,0,fifo,0.000500,180,15,hybrid,0.050000,4000.000000,6.087000,52.000000,500.000000,500.000000,2.000000,120.000000,0.000000,198,127,198,0,196,15,54,127,0,0,0,0,0,0,0,0,0.000000,0.000000,0.000000,clear-ocean,30.000000,60.000000,0.151000,1796,5227164,1340.298462,6.789759,93,22,0,71,0,273,73,4,196,0,0,0,0,0,0,0,0,0,0,0,2,2,0,0,17,54,127,15,54,127,34.464793,22.804075,40.181587,11.764706,0.000000,0.000000,0,0,0,13454.112846,19.439513,161.271077,11496.802256,1447.483103,387.977846,10646.155077,0.000000,0.000000,12481.616026,13454.112846,972.496821,10.758666,2.883712,79.129373,0.000000,7.228249,20.249493,11.666021,3.621040,0.010334,2,0.000000,0,0,0,100.000000,4.884220,98.989899,34.956396,1292.718946,4004.109612,0.000000,190.779659
19800.000000,pure-acoustic,none,hardware,1,0,0,0,fifo,0.000500,180,15,hybrid,0.050000,4000.000000,6.087000,52.000000,500.000000,500.000000,2.000000,120.000000,0.000000,198,127,198,0,196,15,54,127,0,0,0,0,0,0,0,0,0.000000,0.000000,0.000000,clear-ocean,30.000000,60.000000,0.151000,1796,5227164,1340.298462,6.769184,93,22,0,71,0,273,73,4,196,0,0,0,0,0,0,0,0,0,0,0,2,2,0,0,17,54,127,15,54,127,34.464793,22.804075,40.181587,11.764706,0.000000,0.000000,0,0,0,13459.512846,19.439513,161.271077,11496.802256,1451.619273,389.011889,10646.384864,0.000000,0.000000,12487.016026,13459.512846,972.496821,10.785080,2.890238,79.099333,0.000000,7.225349,20.249493,11.666021,3.621040,0.010303,2,0.000000,0,0,0,100.000000,4.884220,98.989899,34.956396,1288.801616,4090.216328,0.000000,119.688268
19860.000000,pure-acoustic,none,hardware,1,0,0,0,fifo,0.000500,180,15,hybrid,0.050000,4000.000000,6.087000,52.000000,500.000000,500.000000,2.000000,120.000000,0.000000,198,127,198,0,196,15,54,127,0,0,0,0,0,0,0,0,0.000000,0.000000,0.000000,clear-ocean,30.000000,60.000000,0.151000,1796,5227164,1340.298462,6.748733,93,22,0,71,0,273,73,4,196,0,0,0,0,0,0,0,0,0,0,0,2,2,0,0,17,54,127,15,54,127,34.464793,22.804075,40.181587,11.764706,0.000000,0.000000,0,0,0,13464.912846,19.439513,161.271077,11496.802256,1455.755443,390.045931,10646.614651,0.000000,0.000000,12492.416026,13464.912846,972.496821,10.811473,2.896758,79.069317,0.000000,7.222452,20.249493,11.666021,3.621040,0.010272,2,0.000000,0,0,0,100.000000,4.884220,98.989899,34.956396,1284.907956,4176.323044,0.000000,60.952918
19920.000000,pure-acoustic,none,hardware,1,0,0,0,fifo,0.000500,180,15,hybrid,0.050000,4000.000000,6.087000,52.000000,500.000000,500.000000,2.000000,120.000000,0.000000,198,127,198,0,196,15,54,127,0,0,0,0,0,0,0,0,0.000000,0.000000,0.000000,clear-ocean,30.000000,60.000000,0.151000,1796,5227164,1340.298462,6.728406,93,22,0,71,0,273,73,4,196,0,0,0,0,0,0,0,0,0,0,0,2,2,0,0,17,54,127,15,54,127,34.464793,22.804075,40.181587,11.764706,0.000000,0.000000,0,0,0,13470.312846,19.439513,161.271077,11496.802256,1459.891613,391.079974,10646.844439,0.000000,0.000000,12497.816026,13470.312846,972.496821,10.837845,2.903273,79.039326,0.000000,7.219556,20.249493,11.666021,3.621040,0.010241,2,0.000000,0,0,0,100.000000,4.884220,98.989899,34.956396,1281.037751,4262.429760,0.000000,20.142843
19980.000000,pure-acoustic,none,hardware,1,0,0,0,fifo,0.000500,180,15,hybrid,0.050000,4000.000000,6.087000,52.000000,500.000000,500.000000,2.000000,120.000000,0.000000,198,127,198,0,196,15,54,127,0,0,0,0,0,0,0,0,0.000000,0.000000,0.000000,clear-ocean,30.000000,60.000000,0.151000,1796,5227164,1340.298462,6.708201,93,22,0,71,0,273,73,4,196,0,0,0,0,0,0,0,0,0,0,0,2,2,0,0,17,54,127,15,54,127,34.464793,22.804075,40.181587,11.764706,0.000000,0.000000,0,0,0,13475.712846,19.439513,161.271077,11496.802256,1464.027783,392.114016,10647.074226,0.000000,0.000000,12503.216026,13475.712846,972.496821,10.864195,2.909783,79.009358,0.000000,7.216663,20.249493,11.666021,3.621040,0.010210,2,0.000000,0,0,0,100.000000,4.884220,98.989899,34.956396,1277.190791,4348.536476,0.000000,1.127619
20040.000000,pure-acoustic,none,hardware,1,0,0,0,fifo,0.000500,180,15,hybrid,0.050000,4000.000000,6.087000,52.000000,500.000000,500.000000,2.000000,120.000000,0.000000,198,127,198,0,196,15,54,127,0,0,0,0,0,0,0,0,0.000000,0.000000,0.000000,clear-ocean,30.000000,60.000000,0.151000,1796,5227164,1340.298462,6.688116,93,22,0,71,0,273,73,4,196,0,0,0,0,0,0,0,0,0,0,0,2,2,0,0,17,54,127,15,54,127,34.464793,22.804075,40.181587,11.764706,0.000000,0.000000,0,0,0,13481.112846,19.439513,161.271077,11496.802256,1468.163954,393.148059,10647.304013,0.000000,0.000000,12508.616026,13481.112846,972.496821,10.890525,2.916288,78.979415,0.000000,7.213773,20.249493,11.666021,3.621040,0.010180,2,0.000000,0,0,0,100.000000,4.884220,98.989899,34.956396,1273.366866,4434.643192,-0.000000,5.710250
20100.000000,pure-acoustic,none,hardware,1,0,0,0,fifo,0.000500,180,15,hybrid,0.050000,4000.000000,6.087000,52.000000,500.000000,500.000000,2.000000,120.000000,0.000000,198,127,198,0,196,15,54,127,0,0,0,0,0,0,0,0,0.000000,0.000000,0.000000,clear-ocean,30.000000,60.000000,0.151000,1796,5227164,1340.298462,6.668152,93,22,0,71,0,273,73,4,196,0,0,0,0,0,0,0,0,0,0,0,2,2,0,0,17,54,127,15,54,127,34.464793,22.804075,40.181587,11.764706,0.000000,0.000000,0,0,0,13486.512846,19.439513,161.271077,11496.802256,1472.300124,394.182101,10647.533800,0.000000,0.000000,12514.016026,13486.512846,972.496821,10.916833,2.922787,78.949495,0.000000,7.210884,20.249493,11.666021,3.621040,0.010149,2,0.000000,0,0,0,100.000000,4.884220,98.989899,34.956396,1269.565771,4520.749908,-0.000000,33.456218
20160.000000,pure-acoustic,none,hardware,1,0,0,0,fifo,0.000500,180,15,hybrid,0.050000,4000.000000,6.087000,52.000000,500.000000,500.000000,2.000000,120.000000,0.000000,198,127,198,0,196,15,54,127,0,0,0,0,0,0,0,0,0.000000,0.000000,0.000000,clear-ocean,30.000000,60.000000,0.151000,1796,5227164,1340.298462,6.648306,93,22,0,71,0,273,73,4,196,0,0,0,0,0,0,0,0,0,0,0,2,2,0,0,17,54,127,15,54,127,34.464793,22.804075,40.181587,11.764706,0.000000,0.000000,0,0,0,13491.912846,19.439513,161.271077,11496.802256,1476.436294,395.216144,10647.763588,0.000000,0.000000,12519.416026,13491.912846,972.496821,10.943121,2.929282,78.919600,0.000000,7.207998,20.249493,11.666021,3.621040,0.010119,2,0.000000,0,0,0,100.000000,4.884220,98.989899,34.956396,1265.787302,4606.856625,-0.000000,81.734673
20220.000000,pure-acoustic,none,hardware,1,0,0,0,fifo,0.000500,180,15,hybrid,0.050000,4000.000000,6.087000,52.000000,500.000000,500.000000,2.000000,120.000000,0.000000,198,127,198,0,196,15,54,127,0,0,0,0,0,0,0,0,0.000000,0.000000,0.000000,clear-ocean,30.000000,60.000000,0.151000,1796,5227164,1340.298462,6.628578,93,22,0,71,0,273,73,4,196,0,0,0,0,0,0,0,0,0,0,0,2,2,0,0,17,54,127,15,54,127,34.464793,22.804075,40.181587,11.764706,0.000000,0.000000,0,0,0,13497.312846,19.439513,161.271077,11496.802256,1480.572464,396.250187,10647.993375,0.000000,0.000000,12524.816026,13497.312846,972.496821,10.969387,2.935771,78.889728,0.000000,7.205114,20.249493,11.666021,3.621040,0.010089,2,0.000000,0,0,0,100.000000,4.884220,98.989899,34.956396,1262.031256,4692.963341,-0.000000,145.967895
20280.000000,pure-acoustic,none,hardware,1,0,0,0,fifo,0.000500,180,15,hybrid,0.050000,4000.000000,6.087000,52.000000,500.000000,500.000000,2.000000,120.000000,0.000000,198,127,198,0,196,15,54,127,0,0,0,0,0,0,0,0,0.000000,0.000000,0.000000,clear-ocean,30.000000,60.000000,0.151000,1796,5227164,1340.298462,6.608967,93,22,0,71,0,273,73,4,196,0,0,0,0,0,0,0,0,0,0,0,2,2,0,0,17,54,127,15,54,127,34.464793,22.804075,40.181587,11.764706,0.000000,0.000000,0,0,0,13502.712846,19.439513,161.271077,11496.802256,1484.708634,397.284229,10648.223162,0.000000,0.000000,12530.216026,13502.712846,972.496821,10.995632,2.942255,78.859880,0.000000,7.202233,20.249493,11.666021,3.621040,0.010059,2,0.000000,0,0,0,100.000000,4.884220,98.989899,34.956396,1258.297436,4779.070057,-0.000000,220.065349
20340.000000,pure-acoustic,none,hardware,1,0,0,0,fifo,0.000500,180,15,hybrid,0.050000,4000.000000,6.087000,52.000000,500.000000,500.000000,2.000000,120.000000,0.000000,198,127,198,0,196,15,54,127,0,0,0,0,0,0,0,0,0.000000,0.000000,0.000000,clear-ocean,30.000000,60.000000,0.151000,1796,5227164,1340.298462,6.589471,93,22,0,71,0,273,73,4,196,0,0,0,0,0,0,0,0,0,0,0,2,2,0,0,17,54,127,15,54,127,34.464793,22.804075,40.181587,11.764706,0.000000,0.000000,0,0,0,13508.112846,19.439513,161.271077,11496.802256,1488.844805,398.318272,10648.452949,0.000000,0.000000,12535.616026,13508.112846,972.496821,11.021856,2.948734,78.830056,0.000000,7.199354,20.249493,11.666021,3.621040,0.010029,2,0.000000,0,0,0,100.000000,4.884220,98.989899,34.956396,1254.585644,4865.176773,-0.000000,297.001180
20400.000000,pure-acoustic,none,hardware,1,0,0,0,fifo,0.000500,180,15,hybrid,0.050000,4000.000000,6.087000,52.000000,500.000000,500.000000,2.000000,120.000000,0.000000,198,127,198,0,196,15,54,127,0,0,0,0,0,0,0,0,0.000000,0.000000,0.000000,clear-ocean,30.000000,60.000000,0.151000,1796,5227164,1340.298462,6.570090,93,22,0,71,0,273,73,4,196,0,0,0,0,0,0,0,0,0,0,0,2,2,0,0,17,54,127,15,54,127,34.464793,22.804075,40.181587,11.764706,0.000000,0.000000,0,0,0,13513.512846,19.439513,161.271077,11496.802256,1492.980975,399.352314,10648.682737,0.000000,0.000000,12541.016026,13513.512846,972.496821,11.048060,2.955207,78.800256,0.000000,7.196477,20.249493,11.666021,3.621040,0.010000,2,0.000000,0,0,0,100.000000,4.884220,98.989899,34.956396,1250.895686,4951.283489,-0.000000,369.480401
20460.000000,pure-acoustic,none,hardware,1,0,0,0,fifo,0.000500,180,15,hybrid,0.050000,4000.000000,6.087000,52.000000,500.000000,500.000000,2.000000,120.000000,0.000000,198,127,198,0,196,15,54,127,0,0,0,0,0,0,0,0,0.000000,0.000000,0.000000,clear-ocean,30.000000,60.000000,0.151000,1796,5227164,1340.298462,6.550823,93,22,0,71,0,273,73,4,196,0,0,0,0,0,0,0,0,0,0,0,2,2,0,0,17,54,127,15,54,127,34.464793,22.804075,40.181587,11.764706,0.000000,0.000000,0,0,0,13518.912846,19.439513,161.271077,11496.802256,1497.117145,400.386357,10648.912524,0.000000,0.000000,12546.416026,13518.912846,972.496821,11.074242,2.961676,78.770480,0.000000,7.193602,20.249493,11.666021,3.621040,0.009971,2,0.000000,0,0,0,100.000000,4.884220,98.989899,34.956396,1247.227370,5037.390205,-0.000000,430.630597
20520.000000,pure-acoustic,none,hardware,1,0,0,0,fifo,0.000500,180,15,hybrid,0.050000,4000.000000,6.087000,52.000000,500.000000,500.000000,2.000000,120.000000,0.000000,198,127,198,0,196,15,54,127,0,0,0,0,0,0,0,0,0.000000,0.000000,0.000000,clear-ocean,30.000000,60.000000,0.151000,1796,5227164,1340.298462,6.531669,93,22,0,71,0,273,73,4,196,0,0,0,0,0,0,0,0,0,0,0,2,2,0,0,17,54,127,15,54,127,34.464793,22.804075,40.181587,11.764706,0.000000,0.000000,0,0,0,13524.312846,19.439513,161.271077,11496.802256,1501.253315,401.420399,10649.142311,0.000000,0.000000,12551.816026,13524.312846,972.496821,11.100404,2.968139,78.740727,0.000000,7.190730,20.249493,11.666021,3.621040,0.009942,2,0.000000,0,0,0,100.000000,4.884220,98.989899,34.956396,1243.580507,5123.496921,-0.000000,474.653561
20580.000000,pure-acoustic,none,hardware,1,0,0,0,fifo,0.000500,180,15,hybrid,0.050000,4000.000000,6.087000,52.000000,500.000000,500.000000,2.000000,120.000000,0.000000,198,127,198,0,196,15,54,127,0,0,0,0,0,0,0,0,0.000000,0.000000,0.000000,clear-ocean,30.000000,60.000000,0.151000,1796,5227164,1340.298462,6.512626,93,22,0,71,0,273,73,4,196,0,0,0,0,0,0,0,0,0,0,0,2,2,0,0,17,54,127,15,54,127,34.464793,22.804075,40.181587,11.764706,0.000000,0.000000,0,0,0,13529.712846,19.439513,161.271077,11496.802256,1505.389486,402.454442,10649.372098,0.000000,0.000000,12557.216026,13529.712846,972.496821,11.126544,2.974597,78.710999,0.000000,7.187860,20.249493,11.666021,3.621040,0.009913,2,0.000000,0,0,0,100.000000,4.884220,98.989899,34.956396,1239.954908,5209.603638,-0.000000,497.375076
20640.000000,pure-acoustic,none,hardware,1,0,0,0,fifo,0.000500,180,15,hybrid,0.050000,4000.000000,6.087000,52.000000,500.000000,500.000000,2.000000,120.000000,0.000000,198,127,198,0,196,15,54,127,0,0,0,0,0,0,0,0,0.000000,0.000000,0.000000,clear-ocean,30.000000,60.000000,0.151000,1796,5227164,1340.298462,6.493694,93,22,0,71,0,273,73,4,196,0,0,0,0,0,0,0,0,0,0,0,2,2,0,0,17,54,127,15,54,127,34.464793,22.804075,40.181587,11.764706,0.000000,0.000000,0,0,0,13535.112846,19.439513,161.271077,11496.802256,1509.525656,403.488484,10649.601885,0.000000,0.000000,12562.616026,13535.112846,972.496821,11.152664,2.981050,78.681294,0.000000,7.184992,20.249493,11.666021,3.621040,0.009884,2,0.000000,0,0,0,100.000000,4.884220,98.989899,34.956396,1236.350388,5295.710354,0.000000,496.640708
20700.000000,pure-acoustic,none,hardware,1,0,0,0,fifo,0.000500,180,15,hybrid,0.050000,4000.000000,6.087000,52.000000,500.000000,500.000000,2.000000,120.000000,0.000000,198,127,198,0,196,15,54,127,0,0,0,0,0,0,0,0,0.000000,0.000000,0.000000,clear-ocean,30.000000,60.000000,0.151000,1796,5227164,1340.298462,6.474872,93,22,0,71,0,273,73,4,196,0,0,0,0,0,0,0,0,0,0,0,2,2,0,0,17,54,127,15,54,127,34.464793,22.804075,40.181587,11.764706,0.000000,0.000000,0,0,0,13540.512846,19.439513,161.271077,11496.802256,1513.661826,404.522527,10649.831673,0.000000,0.000000,12568.016026,13540.512846,972.496821,11.178763,2.987498,78.651612,0.000000,7.182127,20.249493,11.666021,3.621040,0.009855,2,0.000000,0,0,0,100.000000,4.884220,98.989899,34.956396,1232.766763,5381.817070,0.000000,472.520088
20760.000000,pure-acoustic,none,hardware,1,0,0,0,fifo,0.000500,180,15,hybrid,0.050000,4000.000000,6.087000,52.000000,500.000000,500.000000,2.000000,120.000000,0.000000,198,127,198,0,196,15,54,127,0,0,0,0,0,0,0,0,0.000000,0.000000,0.000000,clear-ocean,30.000000,60.000000,0.151000,1796,5227164,1340.298462,6.456158,93,22,0,71,0,273,73,4,196,0,0,0,0,0,0,0,0,0,0,0,2,2,0,0,17,54,127,15,54,127,34.464793,22.804075,40.181587,11.764706,0.000000,0.000000,0,0,0,13545.912846,19.439513,161.271077,11496.802256,1517.797996,405.556570,10650.061460,0.000000,0.000000,12573.416026,13545.912846,972.496821,11.204841,2.993940,78.621955,0.000000,7.179264,20.249493,11.666021,3.621040,0.009827,2,0.000000,0,0,0,100.000000,4.884220,98.989899,34.956396,1229.203854,5467.923786,0.000000,427.300313
20820.000000,pure-acoustic,none,hardware,1,0,0,0,fifo,0.000500,180,15,hybrid,0.050000,4000.000000,6.087000,52.000000,500.000000,500.000000,2.000000,120.000000,0.000000,198,127,198,0,196,15,54,127,0,0,0,0,0,0,0,0,0.000000,0.000000,0.000000,clear-ocean,30.000000,60.000000,0.151000,1796,5227164,1340.298462,6.437553,93,22,0,71,0,273,73,4,196,0,0,0,0,0,0,0,0,0,0,0,2,2,0,0,17,54,127,15,54,127,34.464793,22.804075,40.181587,11.764706,0.000000,0.000000,0,0,0,13551.312846,19.439513,161.271077,11496.802256,1521.934166,406.590612,10650.291247,0.000000,0.000000,12578.816026,13551.312846,972.496821,11.230898,3.000378,78.592321,0.000000,7.176403,20.249493,11.666021,3.621040,0.009798,2,0.000000,0,0,0,100.000000,4.884220,98.989899,34.956396,1225.661479,5554.030502,0.000000,365.269080
20880.000000,pure-acoustic,none,hardware,1,0,0,0,fifo,0.000500,180,15,hybrid,0.050000,4000.000000,6.087000,52.000000,500.000000,500.000000,2.000000,120.000000,0.000000,198,127,198,0,196,15,54,127,0,0,0,0,0,0,0,0,0.000000,0.000000,0.000000,clear-ocean,30.000000,60.000000,0.151000,1796,5227164,1340.298462,6.419054,93,22,0,71,0,273,73,4,196,0,0,0,0,0,0,0,0,0,0,0,2,2,0,0,17,54,127,15,54,127,34.464793,22.804075,40.181587,11.764706,0.000000,0.000000,0,0,0,13556.712846,19.439513,161.271077,11496.802256,1526.070337,407.624655,10650.521034,0.000000,0.000000,12584.216026,13556.712846,972.496821,11.256935,3.006810,78.562710,0.000000,7.173544,20.249493,11.666021,3.621040,0.009770,2,0.000000,0,0,0,100.000000,4.884220,98.989899,34.956396,1222.139464,5640.137218,0.000000,292.308137
20940.000000,pure-acoustic,none,hardware,1,0,0,0,fifo,0.000500,180,15,hybrid,0.050000,4000.000000,6.087000,52.000000,500.000000,500.000000,2.000000,120.000000,0.000000,198,127,198,0,196,15,54,127,0,0,0,0,0,0,0,0,0.000000,0.000000,0.000000,clear-ocean,30.000000,60.000000,0.151000,1796,5227164,1340.298462,6.400661,93,22,0,71,0,273,73,4,196,0,0,0,0,0,0,0,0,0,0,0,2,2,0,0,17,54,127,15,54,127,34.464793,22.804075,40.181587,11.764706,0.000000,0.000000,0,0,0,13562.112846,19.439513,161.271077,11496.802256,1530.206507,408.658697,10650.750822,0.000000,0.000000,12589.616026,13562.112846,972.496821,11.282951,3.013238,78.533123,0.000000,7.170688,20.249493,11.666021,3.621040,0.009742,2,0.000000,0,0,0,100.000000,4.884220,98.989899,34.956396,1218.637631,5726.243934,0.000000,215.335574
21000.000000,pure-acoustic,none,hardware,1,0,0,0,fifo,0.000500,180,15,hybrid,0.050000,4000.000000,6.087000,52.000000,500.000000,500.000000,2.000000,120.000000,0.000000,198,127,198,0,196,15,54,127,0,0,0,0,0,0,0,0,0.000000,0.000000,0.000000,clear-ocean,30.000000,60.000000,0.151000,1796,5227164,1340.298462,6.382374,93,22,0,71,0,273,73,4,196,0,0,0,0,0,0,0,0,0,0,0,2,2,0,0,17,54,127,15,54,127,34.464793,22.804075,40.181587,11.764706,0.000000,0.000000,0,0,0,13567.512846,19.439513,161.271077,11496.802256,1534.342677,409.692740,10650.980609,0.000000,0.000000,12595.016026,13567.512846,972.496821,11.308946,3.019660,78.503560,0.000000,7.167834,20.249493,11.666021,3.621040,0.009714,2,0.000000,0,0,0,100.000000,4.884220,98.989899,34.956396,1215.155810,5812.350651,0.000000,141.649861
21060.000000,pure-acoustic,none,hardware,1,0,0,0,fifo,0.000500,180,15,hybrid,0.050000,4000.000000,6.087000,52.000000,500.000000,500.000000,2.000000,120.000000,0.000000,198,127,198,0,196,15,54,127,0,0,0,0,0,0,0,0,0.000000,0.000000,0.000000,clear-ocean,30.000000,60.000000,0.151000,1796,5227164,1340.298462,6.364190,93,22,0,71,0,273,73,4,196,0,0,0,0,0,0,0,0,0,0,0,2,2,0,0,17,54,127,15,54,127,34.464793,22.804075,40.181587,11.764706,0.000000,0.000000,0,0,0,13572.912846,19.439513,161.271077,11496.802256,1538.478847,410.726782,10651.210396,0.000000,0.000000,12600.416026,13572.912846,972.496821,11.334920,3.026077,78.474020,0.000000,7.164982,20.249493,11.666021,3.621040,0.009687,2,0.000000,0,0,0,100.000000,4.884220,98.989899,34.956396,1211.693827,5898.457367,0.000000,78.237811
21120.000000,pure-acoustic,none,hardware,1,0,0,0,fifo,0.000500,180,15,hybrid,0.050000,4000.000000,6.087000,52.000000,500.000000,500.000000,2.000000,120.000000,0.000000,198,127,198,0,196,15,54,127,0,0,0,0,0,0,0,0,0.000000,0.000000,0.000000,clear-ocean,30.000000,60.000000,0.151000,1796,5227164,1340.298462,6.346110,93,22,0,71,0,273,73,4,196,0,0,0,0,0,0,0,0,0,0,0,2,2,0,0,17,54,127,15,54,127,34.464793,22.804075,40.181587,11.764706,0.000000,0.000000,0,0,0,13578.312846,19.439513,161.271077,11496.802256,1542.615017,411.760825,10651.440183,0.000000,0.000000,12605.816026,13578.312846,972.496821,11.360874,3.032489,78.444504,0.000000,7.162133,20.249493,11.666021,3.621040,0.009659,2,0.000000,0,0,0,100.000000,4.884220,98.989899,34.956396,1208.251515,5984.564083,0.000000,31.112098
21180.000000,pure-acoustic,none,hardware,1,0,0,0,fifo,0.000500,180,15,hybrid,0.050000,4000.000000,6.087000,52.000000,500.000000,500.000000,2.000000,120.000000,0.000000,198,127,198,0,196,15,54,127,0,0,0,0,0,0,0,0,0.000000,0.000000,0.000000,clear-ocean,30.000000,60.000000,0.151000,1796,5227164,1340.298462,6.328132,93,22,0,71,0,273,73,4,196,0,0,0,0,0,0,0,0,0,0,0,2,2,0,0,17,54,127,15,54,127,34.464793,22.804075,40.181587,11.764706,0.000000,0.000000,0,0,0,13583.712846,19.439513,161.271077,11496.802256,1546.751188,412.794867,10651.669971,0.000000,0.000000,12611.216026,13583.712846,972.496821,11.386807,3.038896,78.415011,0.000000,7.159286,20.249493,11.666021,3.621040,0.009632,2,0.000000,0,0,0,100.000000,4.884220,98.989899,34.956396,1204.828706,6070.670799,0.000000,4.741140
21240.000000,pure-acoustic,none,hardware,1,0,0,0,fifo,0.000500,180,15,hybrid,0.050000,4000.000000,6.087000,52.000000,500.000000,500.000000,2.000000,120.000000,0.000000,198,127,198,0,196,15,54,127,0,0,0,0,0,0,0,0,0.000000,0.000000,0.000000,clear-ocean,30.000000,60.000000,0.151000,1796,5227164,1340.298462,6.310256,93,22,0,71,0,273,73,4,196,0,0,0,0,0,0,0,0,0,0,0,2,2,0,0,17,54,127,15,54,127,34.464793,22.804075,40.181587,11.764706,0.000000,0.000000,0,0,0,13589.112846,19.439513,161.271077,11496.802256,1550.887358,413.828910,10651.899758,0.000000,0.000000,12616.616026,13589.112846,972.496821,11.412720,3.045297,78.385542,0.000000,7.156441,20.249493,11.666021,3.621040,0.009605,2,0.000000,0,0,0,100.000000,4.884220,98.989899,34.956396,1201.425235,6156.777515,-0.000000,1.625408
21300.000000,pure-acoustic,none,hardware,1,0,0,0,fifo,0.000500,180,15,hybrid,0.050000,4000.000000,6.087000,52.000000,500.000000,500.000000,2.000000,120.000000,0.000000,198,127,198,0,196,15,54,127,0,0,0,0,0,0,0,0,0.000000,0.000000,0.000000,clear-ocean,30.000000,60.000000,0.151000,1796,5227164,1340.298462,6.292481,93,22,0,71,0,273,73,4,196,0,0,0,0,0,0,0,0,0,0,0,2,2,0,0,17,54,127,15,54,127,34.464793,22.804075,40.181587,11.764706,0.000000,0.000000,0,0,0,13594.512846,19.439513,161.271077,11496.802256,1555.023528,414.862953,10652.129545,0.000000,0.000000,12622.016026,13594.512846,972.496821,11.438612,3.051694,78.356096,0.000000,7.153598,20.249493,11.666021,3.621040,0.009577,2,0.000000,0,0,0,100.000000,4.884220,98.989899,34.956396,1198.040939,6242.884231,-0.000000,22.060332
21360.000000,pure-acoustic,none,hardware,1,0,0,0,fifo,0.000500,180,15,hybrid,0.050000,4000.000000,6.087000,52.000000,500.000000,500.000000,2.000000,120.000000,0.000000,198,127,198,0,196,15,54,127,0,0,0,0,0,0,0,0,0.000000,0.000000,0.000000,clear-ocean,30.000000,60.000000,0.151000,1796,5227164,1340.298462,6.274806,93,22,0,71,0,273,73,4,196,0,0,0,0,0,0,0,0,0,0,0,2,2,0,0,17,54,127,15,54,127,34.464793,22.804075,40.181587,11.764706,0.000000,0.000000,0,0,0,13599.912846,19.439513,161.271077,11496.802256,1559.159698,415.896995,10652.359332,0.000000,0.000000,12627.416026,13599.912846,972.496821,11.464483,3.058086,78.326674,0.000000,7.150758,20.249493,11.666021,3.621040,0.009551,2,0.000000,0,0,0,100.000000,4.884220,98.989899,34.956396,1194.675655,6328.990947,-0.000000,64.108292
21420.000000,pure-acoustic,none,hardware,1,0,0,0,fifo,0.000500,180,15,hybrid,0.050000,4000.000000,6.087000,52.000000,500.000000,500.000000,2.000000,120.000000,0.000000,198,127,198,0,196,15,54,127,0,0,0,0,0,0,0,0,0.000000,0.000000,0.000000,clear-ocean,30.000000,60.000000,0.151000,1796,5227164,1340.298462,6.257229,93,22,0,71,0,273,73,4,196,0,0,0,0,0,0,0,0,0,0,0,2,2,0,0,17,54,127,15,54,127,34.464793,22.804075,40.181587,11.764706,0.000000,0.000000,0,0,0,13605.312846,19.439513,161.271077,11496.802256,1563.295869,416.931038,10652.589119,0.000000,0.000000,12632.816026,13605.312846,972.496821,11.490334,3.064472,78.297274,0.000000,7.147920,20.249493,11.666021,3.621040,0.009524,2,0.000000,0,0,0,100.000000,4.884220,98.989899,34.956396,1191.329225,6415.097664,-0.000000,123.782337
21480.000000,pure-acoustic,none,hardware,1,0,0,0,fifo,0.000500,180,15,hybrid,0.050000,4000.000000,6.087000,52.000000,500.000000,500.000000,2.000000,120.000000,0.000000,198,127,198,0,196,15,54,127,0,0,0,0,0,0,0,0,0.000000,0.000000,0.000000,clear-ocean,30.000000,60.000000,0.151000,1796,5227164,1340.298462,6.239751,93,22,0,71,0,273,73,4,196,0,0,0,0,0,0,0,0,0,0,0,2,2,0,0,17,54,127,15,54,127,34.464793,22.804075,40.181587,11.764706,0.000000,0.000000,0,0,0,13610.712846,19.439513,161.271077,11496.802256,1567.432039,417.965080,10652.818907,0.000000,0.000000,12638.216026,13610.712846,972.496821,11.516164,3.070854,78.267898,0.000000,7.145084,20.249493,11.666021,3.621040,0.009497,2,0.000000,0,0,0,100.000000,4.884220,98.989899,34.956396,1188.001490,6501.204380,-0.000000,195.424228
21540.000000,pure-acoustic,none,hardware,1,0,0,0,fifo,0.000500,180,15,hybrid,0.050000,4000.000000,6.087000,52.000000,500.000000,500.000000,2.000000,120.000000,0.000000,198,127,198,0,196,15,54,127,0,0,0,0,0,0,0,0,0.000000,0.000000,0.000000,clear-ocean,30.000000,60.000000,0.151000,1796,5227164,1340.298462,6.222370,93,22,0,71,0,273,73,4,196,0,0,0,0,0,0,0,0,0,0,0,2,2,0,0,17,54,127,15,54,127,34.464793,22.804075,40.181587,11.764706,0.000000,0.000000,0,0,0,13616.112846,19.439513,161.271077,11496.802256,1571.568209,418.999123,10653.048694,0.000000,0.000000,12643.616026,13616.112846,972.496821,11.541974,3.077230,78.238546,0.000000,7.142250,20.249493,11.666021,3.621040,0.009471,2,0.000000,0,0,0,100.000000,4.884220,98.989899,34.956396,1184.692293,6587.311096,-0.000000,272.240945
21600.000000,pure-acoustic,none,hardware,1,0,0,0,fifo,0.000500,180,15,hybrid,0.050000,4000.000000,6.087000,52.000000,500.000000,500.000000,2.000000,120.000000,0.000000,198,127,198,0,196,15,54,127,0,0,0,0,0,0,0,0,0.000000,0.000000,0.000000,clear-ocean,30.000000,60.000000,0.151000,1796,5227164,1340.298462,6.205085,93,22,0,71,0,273,73,4,196,0,0,0,0,0,0,0,0,0,0,0,2,2,0,0,17,54,127,15,54,127,34.464793,22.804075,40.181587,11.764706,0.000000,0.000000,0,0,0,13621.512846,19.439513,161.271077,11496.802256,1575.704379,420.033165,10653.278481,0.000000,0.000000,12649.016026,13621.512846,972.496821,11.567763,3.083601,78.209217,0.000000,7.139419,20.249493,11.666021,3.621040,0.009444,2,0.000000,0,0,0,100.000000,4.884220,98.989899,34.956396,1181.401481,6673.417812,-0.000000,346.948795
21660.000000,pure-acoustic,none,hardware,1,0,0,0,fifo,0.000500,180,15,hybrid,0.050000,4000.000000,6.087000,52.000000,500.000000,500.000000,2.000000,120.000000,0.000000,198,127,198,0,196,15,54,127,0,0,0,0,0,0,0,0,0.000000,0.000000,0.000000,clear-ocean,30.000000,60.000000,0.151000,1796,5227164,1340.298462,6.187897,93,22,0,71,0,273,73,4,196,0,0,0,0,0,0,0,0,0,0,0,2,2,0,0,17,54,127,15,54,127,34.464793,22.804075,40.181587,11.764706,0.000000,0.000000,0,0,0,13626.912846,19.439513,161.271077,11496.802256,1579.840549,421.067208,10653.508268,0.000000,0.000000,12654.416026,13626.912846,972.496821,11.593532,3.089968,78.179911,0.000000,7.136589,20.249493,11.666021,3.621040,0.009418,2,0.000000,0,0,0,100.000000,4.884220,98.989899,34.956396,1178.128901,6759.524528,-0.000000,412.464047
21720.000000,pure-acoustic,none,hardware,1,0,0,0,fifo,0.000500,180,15,hybrid,0.050000,4000.000000,6.087000,52.000000,500.000000,500.000000,2.000000,120.000000,0.000000,198,127,198,0,196,15,54,127,0,0,0,0,0,0,0,0,0.000000,0.000000,0.000000,clear-ocean,30.000000,60.000000,0.151000,1796,5227164,1340.298462,6.170803,93,22,0,71,0,273,73,4,196,0,0,0,0,0,0,0,0,0,0,0,2,2,0,0,17,54,127,15,54,127,34.464793,22.804075,40.181587,11.764706,0.000000,0.000000,0,0,0,13632.312846,19.439513,161.271077,11496.802256,1583.976720,422.101250,10653.738056,0.000000,0.000000,12659.816026,13632.312846,972.496821,11.619281,3.096329,78.150628,0.000000,7.133762,20.249493,11.666021,3.621040,0.009392,2,0.000000,0,0,0,100.000000,4.884220,98.989899,34.956396,1174.874401,6845.631244,-0.000000,462.574604
21780.000000,pure-acoustic,none,hardware,1,0,0,0,fifo,0.000500,180,15,hybrid,0.050000,4000.000000,6.087000,52.000000,500.000000,500.000000,2.000000,120.000000,0.000000,198,127,198,0,196,15,54,127,0,0,0,0,0,0,0,0,0.000000,0.000000,0.000000,clear-ocean,30.000000,60.000000,0.151000,1796,5227164,1340.298462,6.153804,93,22,0,71,0,273,73,4,196,0,0,0,0,0,0,0,0,0,0,0,2,2,0,0,17,54,127,15,54,127,34.464793,22.804075,40.181587,11.764706,0.000000,0.000000,0,0,0,13637.712846,19.439513,161.271077,11496.802256,1588.112890,423.135293,10653.967843,0.000000,0.000000,12665.216026,13637.712846,972.496821,11.645009,3.102685,78.121368,0.000000,7.130938,20.249493,11.666021,3.621040,0.009366,2,0.000000,0,0,0,100.000000,4.884220,98.989899,34.956396,1171.637833,6931.737960,-0.000000,492.529027
21840.000000,pure-acoustic,none,hardware,1,0,0,0,fifo,0.000500,180,15,hybrid,0.050000,4000.000000,6.087000,52.000000,500.000000,500.000000,2.000000,120.000000,0.000000,198,127,198,0,196,15,54,127,0,0,0,0,0,0,0,0,0.000000,0.000000,0.000000,clear-ocean,30.000000,60.000000,0.151000,1796,5227164,1340.298462,6.136898,93,22,0,71,0,273,73,4,196,0,0,0,0,0,0,0,0,0,0,0,2,2,0,0,17,54,127,15,54,127,34.464793,22.804075,40.181587,11.764706,0.000000,0.000000,0,0,0,13643.112846,19.439513,161.271077,11496.802256,1592.249060,424.169336,10654.197630,0.000000,0.000000,12670.616026,13643.112846,972.496821,11.670717,3.109036,78.092132,0.000000,7.128115,20.249493,11.666021,3.621040,0.009341,2,0.000000,0,0,0,100.000000,4.884220,98.989899,34.956396,1168.419048,7017.844677,0.000000,499.487065
21900.000000,pure-acoustic,none,hardware,1,0,0,0,fifo,0.000500,180,15,hybrid,0.050000,4000.000000,6.087000,52.000000,500.000000,500.000000,2.000000,120.000000,0.000000,198,127,198,0,196,15,54,127,0,0,0,0,0,0,0,0,0.000000,0.000000,0.000000,clear-ocean,30.000000,60.000000,0.151000,1796,5227164,1340.298462,6.120084,93,22,0,71,0,273,73,4,196,0,0,0,0,0,0,0,0,0,0,0,2,2,0,0,17,54,127,15,54,127,34.464793,22.804075,40.181587,11.764706,0.000000,0.000000,0,0,0,13648.512846,19.439513,161.271077,11496.802256,1596.385230,425.203378,10654.427417,0.000000,0.000000,12676.016026,13648.512846,972.496821,11.696404,3.115382,78.062918,0.000000,7.125295,20.249493,11.666021,3.621040,0.009315,2,0.000000,0,0,0,100.000000,4.884220,98.989899,34.956396,1165.217900,7103.951393,0.000000,482.788962
21960.000000,pure-acoustic,none,hardware,1,0,0,0,fifo,0.000500,180,15,hybrid,0.050000,4000.000000,6.087000,52.000000,500.000000,500.000000,2.000000,120.000000,0.000000,198,127,198,0,196,15,54,127,0,0,0,0,0,0,0,0,0.000000,0.000000,0.000000,clear-ocean,30.000000,60.000000,0.151000,1796,5227164,1340.298462,6.103363,93,22,0,71,0,273,73,4,196,0,0,0,0,0,0,0,0,0,0,0,2,2,0,0,17,54,127,15,54,127,34.464793,22.804075,40.181587,11.764706,0.000000,0.000000,0,0,0,13653.912846,19.439513,161.271077,11496.802256,1600.521400,426.237421,10654.657205,0.000000,0.000000,12681.416026,13653.912846,972.496821,11.722071,3.121724,78.033728,0.000000,7.122477,20.249493,11.666021,3.621040,0.009290,2,0.000000,0,0,0,100.000000,4.884220,98.989899,34.956396,1162.034244,7190.058109,0.000000,444.018019
22020.000000,pure-acoustic,none,hardware,1,0,0,0,fifo,0.000500,180,15,hybrid,0.050000,4000.000000,6.087000,52.000000,500.000000,500.000000,2.000000,120.000000,0.000000,198,127,198,0,196,15,54,127,0,0,0,0,0,0,0,0,0.000000,0.000000,0.000000,clear-ocean,30.000000,60.000000,0.151000,1796,5227164,1340.298462,6.086732,93,22,0,71,0,273,73,4,196,0,0,0,0,0,0,0,0,0,0,0,2,2,0,0,17,54,127,15,54,127,34.464793,22.804075,40.181587,11.764706,0.000000,0.000000,0,0,0,13659.312846,19.439513,161.271077,11496.802256,1604.657571,427.271463,10654.886992,0.000000,0.000000,12686.816026,13659.312846,972.496821,11.747718,3.128060,78.004561,0.000000,7.119661,20.249493,11.666021,3.621040,0.009264,2,0.000000,0,0,0,100.000000,4.884220,98.989899,34.956396,1158.867938,7276.164825,0.000000,386.850460
22080.000000,pure-acoustic,none,hardware,1,0,0,0,fifo,0.000500,180,15,hybrid,0.050000,4000.000000,6.087000,52.000000,500.000000,500.000000,2.000000,120.000000,0.000000,198,127,198,0,196,15,54,127,0,0,0,0,0,0,0,0,0.000000,0.000000,0.000000,clear-ocean,30.000000,60.000000,0.151000,1796,5227164,1340.298462,6.070192,93,22,0,71,0,273,73,4,196,0,0,0,0,0,0,0,0,0,0,0,2,2,0,0,17,54,127,15,54,127,34.464793,22.804075,40.181587,11.764706,0.000000,0.000000,0,0,0,13664.712846,19.439513,161.271077,11496.802256,1608.793741,428.305506,10655.116779,0.000000,0.000000,12692.216026,13664.712846,972.496821,11.773345,3.134391,77.975417,0.000000,7.116848,20.249493,11.666021,3.621040,0.009239,2,0.000000,0,0,0,100.000000,4.884220,98.989899,34.956396,1155.718841,7362.271541,0.000000,316.706863
22140.000000,pure-acoustic,none,hardware,1,0,0,0,fifo,0.000500,180,15,hybrid,0.050000,4000.000000,6.087000,52.000000,500.000000,500.000000,2.000000,120.000000,0.000000,198,127,198,0,196,15,54,127,0,0,0,0,0,0,0,0,0.000000,0.000000,0.000000,clear-ocean,30.000000,60.000000,0.151000,1796,5227164,1340.298462,6.053742,93,22,0,71,0,273,73,4,196,0,0,0,0,0,0,0,0,0,0,0,2,2,0,0,17,54,127,15,54,127,34.464793,22.804075,40.181587,11.764706,0.000000,0.000000,0,0,0,13670.112846,19.439513,161.271077,11496.802256,1612.929911,429.339548,10655.346566,0.000000,0.000000,12697.616026,13670.112846,972.496821,11.798951,3.140717,77.946296,0.000000,7.114037,20.249493,11.666021,3.621040,0.009214,2,0.000000,0,0,0,100.000000,4.884220,98.989899,34.956396,1152.586811,7448.378257,0.000000,240.238181
22200.000000,pure-acoustic,none,hardware,1,0,0,0,fifo,0.000500,180,15,hybrid,0.050000,4000.000000,6.087000,52.000000,500.000000,500.000000,2.000000,120.000000,0.000000,198,127,198,0,196,15,54,127,0,0,0,0,0,0,0,0,0.000000,0.000000,0.000000,clear-ocean,30.000000,60.000000,0.151000,1796,5227164,1340.298462,6.037380,93,22,0,71,0,273,73,4,196,0,0,0,0,0,0,0,0,0,0,0,2,2,0,0,17,54,127,15,54,127,34.464793,22.804075,40.181587,11.764706,0.000000,0.000000,0,0,0,13675.512846,19.439513,161.271077,11496.802256,1617.066081,430.373591,10655.576354,0.000000,0.000000,12703.016026,13675.512846,972.496821,11.824537,3.147038,77.917198,0.000000,7.111227,20.249493,11.666021,3.621040,0.009189,2,0.000000,0,0,0,100.000000,4.884220,98.989899,34.956396,1149.471712,7534.484973,0.000000,164.695106
22260.000000,pure-acoustic,none,hardware,1,0,0,0,fifo,0.000500,180,15,hybrid,0.050000,4000.000000,6.087000,52.000000,500.000000,500.000000,2.000000,120.000000,0.000000,198,127,198,0,196,15,54,127,0,0,0,0,0,0,0,0,0.000000,0.000000,0.000000,clear-ocean,30.000000,60.000000,0.151000,1796,5227164,1340.298462,6.021107,93,22,0,71,0,273,73,4,196,0,0,0,0,0,0,0,0,0,0,0,2,2,0,0,17,54,127,15,54,127,34.464793,22.804075,40.181587,11.764706,0.000000,0.000000,0,0,0,13680.912846,19.439513,161.271077,11496.802256,1621.202251,431.407633,10655.806141,0.000000,0.000000,12708.416026,13680.912846,972.496821,11.850103,3.153354,77.888122,0.000000,7.108421,20.249493,11.666021,3.621040,0.009164,2,0.000000,0,0,0,100.000000,4.884220,98.989899,34.956396,1146.373405,7620.591690,0.000000,97.240565
22320.000000,pure-acoustic,none,hardware,1,0,0,0,fifo,0.000500,180,15,hybrid,0.050000,4000.000000,6.087000,52.000000,500.000000,500.000000,2.000000,120.000000,0.000000,198,127,198,0,196,15,54,127,0,0,0,0,0,0,0,0,0.000000,0.000000,0.000000,clear-ocean,30.000000,60.000000,0.151000,1796,5227164,1340.298462,6.004921,93,22,0,71,0,273,73,4,196,0,0,0,0,0,0,0,0,0,0,0,2,2,0,0,17,54,127,15,54,127,34.464793,22.804075,40.181587,11.764706,0.000000,0.000000,0,0,0,13686.312846,19.439513,161.271077,11496.802256,1625.338422,432.441676,10656.035928,0.000000,0.000000,12713.816026,13686.312846,972.496821,11.875649,3.159665,77.859070,0.000000,7.105616,20.249493,11.666021,3.621040,0.009140,2,0.000000,0,0,0,100.000000,4.884220,98.989899,34.956396,1143.291756,7706.698406,0.000000,44.270537
22380.000000,pure-acoustic,none,hardware,1,0,0,0,fifo,0.000500,180,15,hybrid,0.050000,4000.000000,6.087000,52.000000,500.000000,500.000000,2.000000,120.000000,0.000000,198,127,198,0,196,15,54,127,0,0,0,0,0,0,0,0,0.000000,0.000000,0.000000,clear-ocean,30.000000,60.000000,0.151000,1796,5227164,1340.298462,5.988822,93,22,0,71,0,273,73,4,196,0,0,0,0,0,0,0,0,0,0,0,2,2,0,0,17,54,127,15,54,127,34.464793,22.804075,40.181587,11.764706,0.000000,0.000000,0,0,0,13691.712846,19.439513,161.271077,11496.802256,1629.474592,433.475718,10656.265715,0.000000,0.000000,12719.216026,13691.712846,972.496821,11.901174,3.165971,77.830041,0.000000,7.102813,20.249493,11.666021,3.621040,0.009115,2,0.000000,0,0,0,100.000000,4.884220,98.989899,34.956396,1140.226631,7792.805122,0.000000,10.807592
22440.000000,pure-acoustic,none,hardware,1,0,0,0,fifo,0.000500,180,15,hybrid,0.050000,4000.000000,6.087000,52.000000,500.000000,500.000000,2.000000,120.000000,0.000000,198,127,198,0,196,15,54,127,0,0,0,0,0,0,0,0,0.000000,0.000000,0.000000,clear-ocean,30.000000,60.000000,0.151000,1796,5227164,1340.298462,5.972810,93,22,0,71,0,273,73,4,196,0,0,0,0,0,0,0,0,0,0,0,2,2,0,0,17,54,127,15,54,127,34.464793,22.804075,40.181587,11.764706,0.000000,0.000000,0,0,0,13697.112846,19.439513,161.271077,11496.802256,1633.610762,434.509761,10656.495502,0.000000,0.000000,12724.616026,13697.112846,972.496821,11.926680,3.172273,77.801035,0.000000,7.100013,20.249493,11.666021,3.621040,0.009091,2,0.000000,0,0,0,100.000000,4.884220,98.989899,34.956396,1137.177897,7878.911838,-0.000000,0.024657
22500.000000,pure-acoustic,none,hardware,1,0,0,0,fifo,0.000500,180,15,hybrid,0.050000,4000.000000,6.087000,52.000000,500.000000,500.000000,2.000000,120.000000,0.000000,198,127,198,0,196,15,54,127,0,0,0,0,0,0,0,0,0.000000,0.000000,0.000000,clear-ocean,30.000000,60.000000,0.151000,1796,5227164,1340.298462,5.956882,93,22,0,71,0,273,73,4,196,0,0,0,0,0,0,0,0,0,0,0,2,2,0,0,17,54,127,15,54,127,34.464793,22.804075,40.181587,11.764706,0.000000,0.000000,0,0,0,13702.512846,19.439513,161.271077,11496.802256,1637.746932,435.543804,10656.725290,0.000000,0.000000,12730.016026,13702.512846,972.496821,11.952165,3.178569,77.772051,0.000000,7.097215,20.249493,11.666021,3.621040,0.009067,2,0.000000,0,0,0,100.000000,4.884220,98.989899,34.956396,1134.145422,7965.018554,-0.000000,12.944161
22560.000000,pure-acoustic,none,hardware,1,0,0,0,fifo,0.000500,180,15,hybrid,0.050000,4000.000000,6.087000,52.000000,500.000000,500.000000,2.000000,120.000000,0.000000,198,127,198,0,196,15,54,127,0,0,0,0,0,0,0,0,0.000000,0.000000,0.000000,clear-ocean,30.000000,60.000000,0.151000,1796,5227164,1340.298462,5.941039,93,22,0,71,0,273,73,4,196,0,0,0,0,0,0,0,0,0,0,0,2,2,0,0,17,54,127,15,54,127,34.464793,22.804075,40.181587,11.764706,0.000000,0.000000,0,0,0,13707.912846,19.439513,161.271077,11496.802256,1641.883103,436.577846,10656.955077,0.000000,0.000000,12735.416026,13707.912846,972.496821,11.977630,3.184860,77.743090,0.000000,7.094419,20.249493,11.666021,3.621040,0.009043,2,0.000000,0,0,0,100.000000,4.884220,98.989899,34.956396,1131.129078,8051.125270,-0.000000,48.341087
22620.000000,pure-acoustic,none,hardware,1,0,0,0,fifo,0.000500,180,15,hybrid,0.050000,4000.000000,6.087000,52.000000,500.000000,500.000000,2.000000,120.000000,0.000000,198,127,198,0,196,15,54,127,0,0,0,0,0,0,0,0,0.000000,0.000000,0.000000,clear-ocean,30.000000,60.000000,0.151000,1796,5227164,1340.298462,5.925281,93,22,0,71,0,273,73,4,196,0,0,0,0,0,0,0,0,0,0,0,2,2,0,0,17,54,127,15,54,127,34.464793,22.804075,40.181587,11.764706,0.000000,0.000000,0,0,0,13713.312846,19.439513,161.271077,11496.802256,1646.019273,437.611889,10657.184864,0.000000,0.000000,12740.816026,13713.312846,972.496821,12.003075,3.191146,77.714153,0.000000,7.091626,20.249493,11.666021,3.621040,0.009019,2,0.000000,0,0,0,100.000000,4.884220,98.989899,34.956396,1128.128736,8137.231986,-0.000000,102.859131
22680.000000,pure-acoustic,none,hardware,1,0,0,0,fifo,0.000500,180,15,hybrid,0.050000,4000.000000,6.087000,52.000000,500.000000,500.000000,2.000000,120.000000,0.000000,198,127,198,0,196,15,54,127,0,0,0,0,0,0,0,0,0.000000,0.000000,0.000000,clear-ocean,30.000000,60.000000,0.151000,1796,5227164,1340.298462,5.909605,93,22,0,71,0,273,73,4,196,0,0,0,0,0,0,0,0,0,0,0,2,2,0,0,17,54,127,15,54,127,34.464793,22.804075,40.181587,11.764706,0.000000,0.000000,0,0,0,13718.712846,19.439513,161.271077,11496.802256,1650.155443,438.645931,10657.414651,0.000000,0.000000,12746.216026,13718.712846,972.496821,12.028500,3.197428,77.685237,0.000000,7.088834,20.249493,11.666021,3.621040,0.008995,2,0.000000,0,0,0,100.000000,4.884220,98.989899,34.956396,1125.144268,8223.338703,-0.000000,171.328940
22740.000000,pure-acoustic,none,hardware,1,0,0,0,fifo,0.000500,180,15,hybrid,0.050000,4000.000000,6.087000,52.000000,500.000000,500.000000,2.000000,120.000000,0.000000,198,127,198,0,196,15,54,127,0,0,0,0,0,0,0,0,0.000000,0.000000,0.000000,clear-ocean,30.000000,60.000000,0.151000,1796,5227164,1340.298462,5.894013,93,22,0,71,0,273,73,4,196,0,0,0,0,0,0,0,0,0,0,0,2,2,0,0,17,54,127,15,54,127,34.464793,22.804075,40.181587,11.764706,0.000000,0.000000,0,0,0,13724.112846,19.439513,161.271077,11496.802256,1654.291613,439.679974,10657.644439,0.000000,0.000000,12751.616026,13724.112846,972.496821,12.053906,3.203704,77.656345,0.000000,7.086045,20.249493,11.666021,3.621040,0.008971,2,0.000000,0,0,0,100.000000,4.884220,98.989899,34.956396,1122.175550,8309.445419,-0.000000,247.258269
22800.000000,pure-acoustic,none,hardware,1,0,0,0,fifo,0.000500,180,15,hybrid,0.050000,4000.000000,6.087000,52.000000,500.000000,500.000000,2.000000,120.000000,0.000000,198,127,198,0,196,15,54,127,0,0,0,0,0,0,0,0,0.000000,0.000000,0.000000,clear-ocean,30.000000,60.000000,0.151000,1796,5227164,1340.298462,5.878502,93,22,0,71,0,273,73,4,196,0,0,0,0,0,0,0,0,0,0,0,2,2,0,0,17,54,127,15,54,127,34.464793,22.804075,40.181587,11.764706,0.000000,0.000000,0,0,0,13729.512846,19.439513,161.271077,11496.802256,1658.427783,440.714016,10657.874226,0.000000,0.000000,12757.016026,13729.512846,972.496821,12.079291,3.209976,77.627476,0.000000,7.083258,20.249493,11.666021,3.621040,0.008947,2,0.000000,0,0,0,100.000000,4.884220,98.989899,34.956396,1119.222456,8395.552135,-0.000000,323.447567
22860.000000,pure-acoustic,none,hardware,1,0,0,0,fifo,0.000500,180,15,hybrid,0.050000,4000.000000,6.087000,52.000000,500.000000,500.000000,2.000000,120.000000,0.000000,198,127,198,0,196,15,54,127,0,0,0,0,0,0,0,0,0.000000,0.000000,0.000000,clear-ocean,30.000000,60.000000,0.151000,1796,5227164,1340.298462,5.863073,93,22,0,71,0,273,73,4,196,0,0,0,0,0,0,0,0,0,0,0,2,2,0,0,17,54,127,15,54,127,34.464793,22.804075,40.181587,11.764706,0.000000,0.000000,0,0,0,13734.912846,19.439513,161.271077,11496.802256,1662.563954,441.748059,10658.104013,0.000000,0.000000,12762.416026,13734.912846,972.496821,12.104656,3.216242,77.598629,0.000000,7.080473,20.249493,11.666021,3.621040,0.008924,2,0.000000,0,0,0,100.000000,4.884220,98.989899,34.956396,1116.284864,8481.658851,-0.000000,392.672631
22920.000000,pure-acoustic,none,hardware,1,0,0,0,fifo,0.000500,180,15,hybrid,0.050000,4000.000000,6.087000,52.000000,500.000000,500.000000,2.000000,120.000000,0.000000,198,127,198,0,196,15,54,127,0,0,0,0,0,0,0,0,0.000000,0.000000,0.000000,clear-ocean,30.000000,60.000000,0.151000,1796,5227164,1340.298462,5.847725,93,22,0,71,0,273,73,4,196,0,0,0,0,0,0,0,0,0,0,0,2,2,0,0,17,54,127,15,54,127,34.464793,22.804075,40.181587,11.764706,0.000000,0.000000,0,0,0,13740.312846,19.439513,161.271077,11496.802256,1666.700124,442.782101,10658.333800,0.000000,0.000000,12767.816026,13740.312846,972.496821,12.130001,3.222504,77.569804,0.000000,7.077691,20.249493,11.666021,3.621040,0.008901,2,0.000000,0,0,0,100.000000,4.884220,98.989899,34.956396,1113.362653,8567.765567,-0.000000,448.369605
22980.000000,pure-acoustic,none,hardware,1,0,0,0,fifo,0.000500,180,15,hybrid,0.050000,4000.000000,6.087000,52.000000,500.000000,500.000000,2.000000,120.000000,0.000000,198,127,198,0,196,15,54,127,0,0,0,0,0,0,0,0,0.000000,0.000000,0.000000,clear-ocean,30.000000,60.000000,0.151000,1796,5227164,1340.298462,5.832456,93,22,0,71,0,273,73,4,196,0,0,0,0,0,0,0,0,0,0,0,2,2,0,0,17,54,127,15,54,127,34.464793,22.804075,40.181587,11.764706,0.000000,0.000000,0,0,0,13745.712846,19.439513,161.271077,11496.802256,1670.836294,443.816144,10658.563588,0.000000,0.000000,12773.216026,13745.712846,972.496821,12.155327,3.228760,77.541003,0.000000,7.074910,20.249493,11.666021,3.621040,0.008877,2,0.000000,0,0,0,100.000000,4.884220,98.989899,34.956396,1110.455701,8653.872283,-0.000000,485.257350
23040.000000,pure-acoustic,none,hardware,1,0,0,0,fifo,0.000500,180,15,hybrid,0.050000,4000.000000,6.087000,52.000000,500.000000,500.000000,2.000000,120.000000,0.000000,198,127,198,0,196,15,54,127,0,0,0,0,0,0,0,0,0.000000,0.000000,0.000000,clear-ocean,30.000000,60.000000,0.151000,1796,5227164,1340.298462,5.817268,93,22,0,71,0,273,73,4,196,0,0,0,0,0,0,0,0,0,0,0,2,2,0,0,17,54,127,15,54,127,34.464793,22.804075,40.181587,11.764706,0.000000,0.000000,0,0,0,13751.112846,19.439513,161.271077,11496.802256,1674.972464,444.850187,10658.793375,0.000000,0.000000,12778.616026,13751.112846,972.496821,12.180632,3.235012,77.512224,0.000000,7.072132,20.249493,11.666021,3.621040,0.008854,2,0.000000,0,0,0,100.000000,4.884220,98.989899,34.956396,1107.563889,8739.978999,-0.000000,499.838204
23100.000000,pure-acoustic,none,hardware,1,0,0,0,fifo,0.000500,180,15,hybrid,0.050000,4000.000000,6.087000,52.000000,500.000000,500.000000,2.000000,120.000000,0.000000,198,127,198,0,196,15,54,127,0,0,0,0,0,0,0,0,0.000000,0.000000,0.000000,clear-ocean,30.000000,60.000000,0.151000,1796,5227164,1340.298462,5.802158,93,22,0,71,0,273,73,4,196,0,0,0,0,0,0,0,0,0,0,0,2,2,0,0,17,54,127,15,54,127,34.464793,22.804075,40.181587,11.764706,0.000000,0.000000,0,0,0,13756.512846,19.439513,161.271077,11496.802256,1679.108634,445.884229,10659.023162,0.000000,0.000000,12784.016026,13756.512846,972.496821,12.205918,3.241259,77.483468,0.000000,7.069356,20.249493,11.666021,3.621040,0.008831,2,0.000000,0,0,0,100.000000,4.884220,98.989899,34.956396,1104.687100,8826.085716,0.000000,490.729622
23160.000000,pure-acoustic,none,hardware,1,0,0,0,fifo,0.000500,180,15,hybrid,0.050000,4000.000000,6.087000,52.000000,500.000000,500.000000,2.000000,120.000000,0.000000,198,127,198,0,196,15,54,127,0,0,0,0,0,0,0,0,0.000000,0.000000,0.000000,clear-ocean,30.000000,60.000000,0.151000,1796,5227164,1340.298462,5.787126,93,22,0,71,0,273,73,4,196,0,0,0,0,0,0,0,0,0,0,0,2,2,0,0,17,54,127,15,54,127,34.464793,22.804075,40.181587,11.764706,0.000000,0.000000,0,0,0,13761.912846,19.439513,161.271077,11496.802256,1683.244805,446.918272,10659.252949,0.000000,0.000000,12789.416026,13761.912846,972.496821,12.231183,3.247501,77.454734,0.000000,7.066582,20.249493,11.666021,3.621040,0.008808,2,0.000000,0,0,0,100.000000,4.884220,98.989899,34.956396,1101.825216,8912.192432,0.000000,458.795274
23220.000000,pure-acoustic,none,hardware,1,0,0,0,fifo,0.000500,180,15,hybrid,0.050000,4000.000000,6.087000,52.000000,500.000000,500.000000,2.000000,120.000000,0.000000,198,127,198,0,196,15,54,127,0,0,0,0,0,0,0,0,0.000000,0.000000,0.000000,clear-ocean,30.000000,60.000000,0.151000,1796,5227164,1340.298462,5.772173,93,22,0,71,0,273,73,4,196,0,0,0,0,0,0,0,0,0,0,0,2,2,0,0,17,54,127,15,54,127,34.464793,22.804075,40.181587,11.764706,0.000000,0.000000,0,0,0,13767.312846,19.439513,161.271077,11496.802256,1687.380975,447.952314,10659.482737,0.000000,0.000000,12794.816026,13767.312846,972.496821,12.256429,3.253738,77.426022,0.000000,7.063810,20.249493,11.666021,3.621040,0.008786,2,0.000000,0,0,0,100.000000,4.884220,98.989899,34.956396,1098.978122,8998.299148,0.000000,407.063144
23280.000000,pure-acoustic,none,hardware,1,0,0,0,fifo,0.000500,180,15,hybrid,0.050000,4000.000000,6.087000,52.000000,500.000000,500.000000,2.000000,120.000000,0.000000,198,127,198,0,196,15,54,127,0,0,0,0,0,0,0,0,0.000000,0.000000,0.000000,clear-ocean,30.000000,60.000000,0.151000,1796,5227164,1340.298462,5.757296,93,22,0,71,0,273,73,4,196,0,0,0,0,0,0,0,0,0,0,0,2,2,0,0,17,54,127,15,54,127,34.464793,22.804075,40.181587,11.764706,0.000000,0.000000,0,0,0,13772.712846,19.439513,161.271077,11496.802256,1691.517145,448.986357,10659.712524,0.000000,0.000000,12800.216026,13772.712846,972.496821,12.281656,3.259970,77.397334,0.000000,7.061040,20.249493,11.666021,3.621040,0.008763,2,0.000000,0,0,0,100.000000,4.884220,98.989899,34.956396,1096.145704,9084.405864,0.000000,340.438428
23340.000000,pure-acoustic,none,hardware,1,0,0,0,fifo,0.000500,180,15,hybrid,0.050000,4000.000000,6.087000,52.000000,500.000000,500.000000,2.000000,120.000000,0.000000,198,127,198,0,196,15,54,127,0,0,0,0,0,0,0,0,0.000000,0.000000,0.000000,clear-ocean,30.000000,60.000000,0.151000,1796,5227164,1340.298462,5.742496,93,22,0,71,0,273,73,4,196,0,0,0,0,0,0,0,0,0,0,0,2,2,0,0,17,54,127,15,54,127,34.464793,22.804075,40.181587,11.764706,0.000000,0.000000,0,0,0,13778.112846,19.439513,161.271077,11496.802256,1695.653315,450.020399,10659.942311,0.000000,0.000000,12805.616026,13778.112846,972.496821,12.306862,3.266198,77.368667,0.000000,7.058273,20.249493,11.666021,3.621040,0.008740,2,0.000000,0,0,0,100.000000,4.884220,98.989899,34.956396,1093.327849,9170.512580,0.000000,265.238421
23400.000000,pure-acoustic,none,hardware,1,0,0,0,fifo,0.000500,180,15,hybrid,0.050000,4000.000000,6.087000,52.000000,500.000000,500.000000,2.000000,120.000000,0.000000,198,127,198,0,196,15,54,127,0,0,0,0,0,0,0,0,0.000000,0.000000,0.000000,clear-ocean,30.000000,60.000000,0.151000,1796,5227164,1340.298462,5.727771,93,22,0,71,0,273,73,4,196,0,0,0,0,0,0,0,0,0,0,0,2,2,0,0,17,54,127,15,54,127,34.464793,22.804075,40.181587,11.764706,0.000000,0.000000,0,0,0,13783.512846,19.439513,161.271077,11496.802256,1699.789486,451.054442,10660.172098,0.000000,0.000000,12811.016026,13783.512846,972.496821,12.332048,3.272420,77.340024,0.000000,7.055508,20.249493,11.666021,3.621040,0.008718,2,0.000000,0,0,0,100.000000,4.884220,98.989899,34.956396,1090.524444,9256.619296,0.000000,188.593520
23450.000000,pure-acoustic,none,hardware,1,0,0,0,fifo,0.000500,180,15,hybrid,0.050000,4000.000000,6.087000,52.000000,500.000000,500.000000,2.000000,120.000000,0.000000,198,127,198,0,196,15,54,127,0,0,0,0,0,0,0,0,0.000000,0.000000,0.000000,clear-ocean,30.000000,60.000000,0.151000,1796,5227164,1340.298462,5.715558,93,22,0,71,0,273,73,4,196,0,0,0,0,0,0,0,0,0,0,0,2,2,0,0,17,54,127,15,54,127,34.464793,22.804075,40.181587,11.764706,0.000000,0.000000,0,0,0,13788.012846,19.439513,161.271077,11496.802256,1703.236294,451.916144,10660.363588,0.000000,0.000000,12815.516026,13788.012846,972.496821,12.353022,3.277602,77.316171,0.000000,7.053205,20.249493,11.666021,3.621040,0.008699,2,0.000000,0,0,0,100.000000,4.884220,98.989899,34.956396,1088.199232,9328.374893,0.000000,128.874011
