time,protocol,auvCollectionMedium,energyModel,lowPayloadAtGateway,enableHighFallback,enableMediumFallback,matchHybridQueues,ddnBufferPolicy,nodeIdlePowerW,nodes,sinks,sinkPlacement,trafficLoad,trafficStop,auvSpeedKmh,txPowerMarginDb,ddnEomOffset,ddnDepth,highFallbackTimeout,mediumFallbackTimeout,mediumFallbackRhoMax,generated,gatewayOriginated,reachedDdn,collectedByAuv,delivered,directCriticalToSink,directMediumToSink,directLowToSink,bufferDropped,bufferDroppedHigh,bufferDroppedMedium,bufferDroppedLow,opticalTransfers,opticalAttempted,opticalLost,opticalPending,opticalLossPct,opticalMeanPktSuccess,opticalMeanSnrDb,opticalWaterType,opticalRange,opticalPointingCoherenceSeconds,opticalExtCoeff,acousticTransfers,acousticTxBytes,acousticTxAirtimeS,acousticTxAirtimePct,acousticSourceAttempts,acousticRetransmissions,acousticRetryExhausted,acousticAcks,acousticPending,directSourceAttempts,directRetransmissions,directCyclesExhausted,directAcks,directPending,mobileSourceAttempts,mobileRetransmissions,mobileContactFailures,mobileAcks,mobilePending,auvSurfaceSourceAttempts,auvSurfaceRetransmissions,auvSurfaceContactFailures,auvSurfaceAcks,auvSurfacePending,deadlineExpired,deadlineExpiredHigh,deadlineExpiredMedium,deadlineExpiredLow,highGenerated,mediumGenerated,lowGenerated,highDelivered,mediumDelivered,lowDelivered,highAvgDelay,mediumAvgDelay,lowAvgDelay,highMissRatio,mediumMissRatio,lowMissRatio,highDeadlineMiss,mediumDeadlineMiss,lowDeadlineMiss,energyConsumedJ,highEnergyJ,mediumEnergyJ,lowEnergyJ,bsnEnergyJ,drnEnergyJ,ddnEnergyJ,auvEnergyJ,auvOperationalEnergyJ,submergedEnergyJ,incrementalMissionEnergyJ,sinkEnergyJ,bsnEnergyPct,drnEnergyPct,ddnEnergyPct,auvEnergyPct,sinkEnergyPct,highEnergyMjByte,mediumEnergyMjByte,lowEnergyMjByte,meanDdnBuffered,maxDdnBuffered,meanAuvBuffered,maxAuvBuffered,ddnBuffered,auvBuffered,upstreamPdr,avgDelayAcoustic,pdr,avgDelay,throughputBps,auvX,auvY,auvZ
0.000000,pure-acoustic,none,hardware,1,0,0,0,fifo,0.000500,180,15,hybrid,0.050000,4000.000000,6.087000,52.000000,500.000000,500.000000,2.000000,120.000000,0.000000,0,0,0,0,0,0,0,0,0,0,0,0,0,0,0,0,0.000000,0.000000,0.000000,clear-ocean,30.000000,60.000000,0.151000,0,0,0.000000,0.000000,0,0,0,0,0,0,0,0,0,0,0,0,0,0,0,0,0,0,0,0,0,0,0,0,0,0,0,0,0,0,0.000000,0.000000,0.000000,0.000000,0.000000,0.000000,0,0,0,0.090000,0.000000,0.000000,0.000000,0.068936,0.017234,0.003830,0.000000,0.000000,0.090000,0.090000,0.000000,76.595745,19.148936,4.255319,0.000000,0.000000,0.000000,0.000000,0.000000,0.000000,0,0.000000,0,0,0,0.000000,0.000000,0.000000,0.000000,0.000000,875.000000,0.000000,0.000000
60.000000,pure-acoustic,none,hardware,1,0,0,0,fifo,0.000500,180,15,hybrid,0.050000,4000.000000,6.087000,52.000000,500.000000,500.000000,2.000000,120.000000,0.000000,3,1,3,0,3,1,1,1,0,0,0,0,0,0,0,0,0.000000,0.000000,0.000000,clear-ocean,30.000000,60.000000,0.151000,31,78255,20.065385,33.442308,3,1,0,2,0,5,2,0,3,0,0,0,0,0,0,0,0,0,0,0,0,0,0,0,1,1,1,1,1,1,38.217544,22.610096,47.159686,0.000000,0.000000,0.000000,0,0,0,179.100308,0.638103,3.549795,169.512410,7.217196,1.116504,156.721685,0.000000,0.000000,165.055385,179.100308,14.044923,4.029695,0.623396,87.504978,0.000000,7.841931,9.970353,13.866386,6.780496,0.050000,1,0.000000,0,0,0,100.000000,6.899928,100.000000,35.995776,3376.000000,961.106716,-0.000000,11.852388
120.000000,pure-acoustic,none,hardware,1,0,0,0,fifo,0.000500,180,15,hybrid,0.050000,4000.000000,6.087000,52.000000,500.000000,500.000000,2.000000,120.000000,0.000000,7,4,7,0,4,1,1,2,0,0,0,0,0,0,0,0,0.000000,0.000000,0.000000,clear-ocean,30.000000,60.000000,0.151000,55,155007,39.745385,33.121154,4,1,0,3,0,8,3,0,4,3,0,0,0,0,0,0,0,0,0,0,0,0,0,0,1,2,4,1,1,2,38.217544,22.610096,27.899841,0.000000,50.000000,50.000000,0,0,0,355.678513,0.638103,5.215590,339.024821,12.255264,2.881624,312.599882,0.000000,0.000000,327.736769,355.678513,27.941744,3.445601,0.810176,87.888324,0.000000,7.855899,9.970353,20.373397,6.780496,0.058333,1,0.000000,0,0,0,100.000000,4.890379,57.142857,29.156831,3354.666667,1047.213432,-0.000000,46.285720
180.000000,pure-acoustic,none,hardware,1,0,0,0,fifo,0.000500,180,15,hybrid,0.050000,4000.000000,6.087000,52.000000,500.000000,500.000000,2.000000,120.000000,0.000000,9,5,9,0,9,2,2,5,0,0,0,0,0,0,0,0,0.000000,0.000000,0.000000,clear-ocean,30.000000,60.000000,0.151000,84,231900,59.461538,33.034188,6,2,0,4,0,13,4,0,9,0,0,0,0,0,0,0,0,0,0,0,0,0,0,0,2,2,5,2,2,5,26.152467,30.325955,30.843926,0.000000,0.000000,0.000000,0,0,0,534.682154,2.253641,5.921846,510.306667,16.690870,4.884897,469.356849,0.000000,0.000000,490.932615,534.682154,43.749538,3.121643,0.913608,87.782404,0.000000,8.182345,17.606571,11.566106,4.082453,0.050000,1,0.000000,0,0,0,100.000000,7.000045,100.000000,29.686275,5584.000000,1133.320148,-0.000000,100.035057
240.000000,pure-acoustic,none,hardware,1,0,0,0,fifo,0.000500,180,15,hybrid,0.050000,4000.000000,6.087000,52.000000,500.000000,500.000000,2.000000,120.000000,0.000000,10,5,10,0,10,2,3,5,0,0,0,0,0,0,0,0,0.000000,0.000000,0.000000,clear-ocean,30.000000,60.000000,0.151000,89,233385,59.842308,24.934295,7,2,0,5,0,14,4,0,10,0,0,0,0,0,0,0,0,0,0,0,0,0,0,0,2,3,5,2,3,5,26.152467,21.004903,30.843926,0.000000,0.000000,0.000000,0,0,0,543.165385,2.253641,9.005077,510.306667,21.728937,7.320170,470.272995,0.000000,0.000000,499.322103,543.165385,43.843282,4.000427,1.347687,86.580075,0.000000,8.071811,17.606571,11.725361,4.082453,0.041667,1,0.000000,0,0,0,100.000000,5.857267,100.000000,26.953927,4196.533333,1219.426865,-0.000000,168.003936
300.000000,pure-acoustic,none,hardware,1,0,0,0,fifo,0.000500,180,15,hybrid,0.050000,4000.000000,6.087000,52.000000,500.000000,500.000000,2.000000,120.000000,0.000000,11,6,11,0,10,2,3,5,0,0,0,0,0,0,0,0,0.000000,0.000000,0.000000,clear-ocean,30.000000,60.000000,0.151000,110,309246,79.293846,26.431282,7,2,0,5,0,17,6,0,10,1,0,0,0,0,0,0,0,0,0,0,0,0,0,0,2,3,6,2,3,5,26.152467,21.004903,30.843926,0.000000,0.000000,16.666667,0,0,0,716.344462,2.253641,9.005077,678.085744,25.865107,8.354213,626.115090,0.000000,0.000000,660.334410,716.344462,56.010051,3.610708,1.166228,87.404192,0.000000,7.818871,17.606571,11.725361,5.424686,0.036667,1,0.000000,0,0,0,100.000000,5.857267,90.909091,26.953927,3357.226667,1305.533581,-0.000000,243.747609
360.000000,pure-acoustic,none,hardware,1,0,0,0,fifo,0.000500,180,15,hybrid,0.050000,4000.000000,6.087000,52.000000,500.000000,500.000000,2.000000,120.000000,0.000000,15,6,15,0,15,3,6,6,0,0,0,0,0,0,0,0,0.000000,0.000000,0.000000,clear-ocean,30.000000,60.000000,0.151000,139,340107,87.206923,24.224145,12,3,0,9,0,22,7,0,15,0,0,0,0,0,0,0,0,0,0,0,0,0,0,0,3,6,6,3,6,6,18.090249,13.925424,36.862968,0.000000,0.000000,0.000000,0,0,0,790.041615,3.349564,19.112359,735.179692,34.096175,13.850409,680.529493,0.000000,0.000000,728.476077,790.041615,61.565538,4.315744,1.753124,86.138436,0.000000,7.792696,17.445646,12.442942,4.901198,0.041667,1,0.000000,0,0,0,100.000000,5.197221,100.000000,23.933406,3371.733333,1391.640297,-0.000000,320.084127
420.000000,pure-acoustic,none,hardware,1,0,0,0,fifo,0.000500,180,15,hybrid,0.050000,4000.000000,6.087000,52.000000,500.000000,500.000000,2.000000,120.000000,0.000000,17,8,17,0,15,3,6,6,0,0,0,0,0,0,0,0,0.000000,0.000000,0.000000,clear-ocean,30.000000,60.000000,0.151000,139,340107,87.206923,20.763553,12,3,0,9,0,22,7,0,15,0,0,0,0,0,0,0,0,0,0,0,0,0,0,0,3,6,8,3,6,6,18.090249,13.925424,36.862968,0.000000,0.000000,25.000000,0,0,0,795.441615,3.349564,19.112359,735.179692,38.232345,14.884452,680.759280,0.000000,0.000000,733.876077,795.441615,61.565538,4.806430,1.871219,85.582558,0.000000,7.739794,17.445646,12.442942,4.901198,0.035714,1,0.000000,0,2,0,100.000000,5.197221,88.235294,23.933406,2890.057143,1477.747013,-0.000000,389.775332
480.000000,pure-acoustic,none,hardware,1,0,0,0,fifo,0.000500,180,15,hybrid,0.050000,4000.000000,6.087000,52.000000,500.000000,500.000000,2.000000,120.000000,0.000000,20,9,20,0,18,4,6,8,0,0,0,0,0,0,0,0,0.000000,0.000000,0.000000,clear-ocean,30.000000,60.000000,0.151000,180,463548,118.858462,24.762179,15,4,0,11,0,28,9,0,18,2,0,0,0,0,0,0,0,0,0,0,0,0,0,0,4,7,9,4,6,8,23.659032,13.925424,38.067565,0.000000,14.285714,11.111111,0,0,0,1073.419077,4.157282,20.996359,1005.065436,44.659618,16.000956,931.173272,0.000000,0.000000,991.833846,1073.419077,81.585231,4.160502,1.490653,86.748344,0.000000,7.600501,16.239383,13.669505,5.025327,0.043750,2,0.000000,0,0,0,100.000000,5.563314,90.000000,26.818288,3363.200000,1563.853729,-0.000000,446.213164
540.000000,pure-acoustic,none,hardware,1,0,0,0,fifo,0.000500,180,15,hybrid,0.050000,4000.000000,6.087000,52.000000,500.000000,500.000000,2.000000,120.000000,0.000000,22,11,22,0,22,4,7,11,0,0,0,0,0,0,0,0,0.000000,0.000000,0.000000,clear-ocean,30.000000,60.000000,0.151000,211,569595,146.050000,27.046296,15,4,0,11,0,33,11,0,22,0,0,0,0,0,0,0,0,0,0,0,0,0,0,0,4,7,11,4,7,11,23.659032,20.694303,37.819772,0.000000,0.000000,0.000000,0,0,0,1319.946256,4.157282,21.702615,1245.486359,48.795788,17.034998,1148.948495,0.000000,0.000000,1214.779282,1319.946256,105.166974,3.696801,1.290583,87.045097,0.000000,7.967519,16.239383,12.110834,4.529041,0.042593,2,0.000000,0,0,0,100.000000,5.563314,100.000000,29.796079,4104.414815,1649.960445,-0.000000,484.046240
600.000000,pure-acoustic,none,hardware,1,0,0,0,fifo,0.000500,180,15,hybrid,0.050000,4000.000000,6.087000,52.000000,500.000000,500.000000,2.000000,120.000000,0.000000,26,14,26,0,25,5,7,13,0,0,0,0,0,0,0,0,0.000000,0.000000,0.000000,clear-ocean,30.000000,60.000000,0.151000,237,645981,165.636154,27.606026,16,4,0,12,0,37,11,0,25,1,0,0,0,0,0,0,0,0,0,0,0,0,0,0,5,7,14,5,7,13,19.223458,20.694303,33.335561,0.000000,0.000000,7.142857,0,0,0,1496.730974,5.144872,21.702615,1415.883487,53.592164,18.090579,1305.048642,0.000000,0.000000,1376.731385,1496.730974,119.999590,3.580614,1.208673,87.193267,0.000000,8.017445,16.077724,12.110834,4.356565,0.045000,2,0.000000,0,0,0,100.000000,5.142952,96.153846,26.973588,4361.493333,1736.067161,-0.000000,499.687261
660.000000,pure-acoustic,none,hardware,1,0,0,0,fifo,0.000500,180,15,hybrid,0.050000,4000.000000,6.087000,52.000000,500.000000,500.000000,2.000000,120.000000,0.000000,29,17,29,0,26,5,7,14,0,0,0,0,0,0,0,0,0.000000,0.000000,0.000000,clear-ocean,30.000000,60.000000,0.151000,261,734253,188.270000,28.525758,16,4,0,12,0,41,14,0,26,3,0,0,0,0,0,0,0,0,0,0,0,0,0,0,5,7,17,5,7,14,19.223458,20.694303,34.281599,0.000000,0.000000,17.647059,0,0,0,1696.253231,5.144872,21.702615,1610.005744,57.728334,19.124622,1486.352480,0.000000,0.000000,1563.205436,1696.253231,133.047795,3.403285,1.127463,87.625624,0.000000,7.843628,16.077724,12.110834,4.600016,0.045455,2,0.000000,0,0,0,100.000000,5.142952,89.655172,27.727685,4268.024242,1822.173878,0.000000,491.653159
720.000000,pure-acoustic,none,hardware,1,0,0,0,fifo,0.000500,180,15,hybrid,0.050000,4000.000000,6.087000,52.000000,500.000000,500.000000,2.000000,120.000000,0.000000,32,19,32,0,30,5,7,18,0,0,0,0,0,0,0,0,0.000000,0.000000,0.000000,clear-ocean,30.000000,60.000000,0.151000,318,924198,236.973846,32.913034,17,4,0,13,0,49,17,0,30,2,0,0,0,0,0,0,0,0,0,0,0,0,0,0,6,7,19,5,7,18,19.223458,20.694303,41.535066,16.666667,0.000000,5.263158,0,0,0,2127.766615,6.250462,21.702615,2035.013538,62.185478,20.654049,1875.438472,0.000000,0.000000,1958.278000,2127.766615,169.488615,2.922570,0.970691,88.141174,0.000000,7.965564,19.532692,12.110834,4.522252,0.045833,2,0.000000,0,0,0,100.000000,4.815979,93.750000,32.953620,5023.466667,1908.280594,0.000000,460.705721
780.000000,pure-acoustic,none,hardware,1,0,0,0,fifo,0.000500,180,15,hybrid,0.050000,4000.000000,6.087000,52.000000,500.000000,500.000000,2.000000,120.000000,0.000000,35,20,35,0,35,6,9,20,0,0,0,0,0,0,0,0,0.000000,0.000000,0.000000,clear-ocean,30.000000,60.000000,0.151000,336,952920,244.338462,31.325444,19,4,0,15,0,52,17,0,35,0,0,0,0,0,0,0,0,0,0,0,0,0,0,0,6,9,20,6,9,20,23.424937,16.616107,39.351179,0.000000,0.000000,0.000000,0,0,0,2199.694051,6.308103,27.447282,2095.738667,69.084982,23.150245,1929.834414,0.000000,0.000000,2022.069641,2199.694051,177.624410,3.140663,1.052430,87.731947,0.000000,8.074960,16.427350,11.912883,4.191477,0.046154,2,0.000000,0,0,0,100.000000,4.320447,100.000000,30.774805,5155.774359,1994.387310,0.000000,409.779355
840.000000,pure-acoustic,none,hardware,1,0,0,0,fifo,0.000500,180,15,hybrid,0.050000,4000.000000,6.087000,52.000000,500.000000,500.000000,2.000000,120.000000,0.000000,37,22,37,0,37,6,9,22,0,0,0,0,0,0,0,0,0.000000,0.000000,0.000000,clear-ocean,30.000000,60.000000,0.151000,350,1003494,257.306154,30.631685,19,4,0,15,0,54,17,0,37,0,0,0,0,0,0,0,0,0,0,0,0,0,0,0,6,9,22,6,9,22,23.424937,16.616107,36.769383,0.000000,0.000000,0.000000,0,0,0,2319.281949,6.308103,27.447282,2209.926564,73.221152,24.184288,2033.812303,0.000000,0.000000,2131.217744,2319.281949,188.064205,3.157061,1.042749,87.691464,0.000000,8.108725,16.427350,11.912883,4.018048,0.045238,2,0.000000,0,0,0,100.000000,4.320447,100.000000,29.703271,5263.695238,2080.494026,0.000000,343.702853
900.000000,pure-acoustic,none,hardware,1,0,0,0,fifo,0.000500,180,15,hybrid,0.050000,4000.000000,6.087000,52.000000,500.000000,500.000000,2.000000,120.000000,0.000000,40,24,40,0,38,6,9,23,0,0,0,0,0,0,0,0,0.000000,0.000000,0.000000,clear-ocean,30.000000,60.000000,0.151000,370,1063530,272.700000,30.300000,21,5,0,16,0,57,18,0,38,2,0,0,0,0,0,0,0,0,0,0,0,0,0,0,6,10,24,6,9,23,23.424937,16.616107,36.381673,0.000000,10.000000,4.166667,0,0,0,2455.992821,6.308103,29.331282,2339.353436,79.157835,25.279254,2154.781783,0.000000,0.000000,2259.218872,2455.992821,196.773949,3.223048,1.029289,87.735671,0.000000,8.011992,16.427350,12.730591,4.068441,0.045556,2,0.000000,0,0,0,100.000000,4.925430,95.000000,29.654554,5135.004444,2166.600742,0.000000,268.741531
960.000000,pure-acoustic,none,hardware,1,0,0,0,fifo,0.000500,180,15,hybrid,0.050000,4000.000000,6.087000,52.000000,500.000000,500.000000,2.000000,120.000000,0.000000,41,24,41,0,41,6,11,24,0,0,0,0,0,0,0,0,0.000000,0.000000,0.000000,clear-ocean,30.000000,60.000000,0.151000,392,1132008,290.258462,30.235256,22,5,0,17,0,61,20,0,41,0,0,0,0,0,0,0,0,0,0,0,0,0,0,0,6,11,24,6,11,24,23.424937,21.487688,37.573524,0.000000,0.000000,0.000000,0,0,0,2615.851051,6.308103,31.249410,2491.893538,83.716134,26.374219,2294.902442,0.000000,0.000000,2404.992795,2615.851051,210.858256,3.200340,1.008246,87.730624,0.000000,8.060790,16.427350,11.097092,4.153156,0.043750,2,0.000000,0,0,0,100.000000,4.649123,100.000000,31.187287,5026.666667,2252.707458,0.000000,192.003154
1020.000000,pure-acoustic,none,hardware,1,0,0,0,fifo,0.000500,180,15,hybrid,0.050000,4000.000000,6.087000,52.000000,500.000000,500.000000,2.000000,120.000000,0.000000,44,25,44,0,44,6,13,25,0,0,0,0,0,0,0,0,0.000000,0.000000,0.000000,clear-ocean,30.000000,60.000000,0.151000,408,1159968,297.427692,29.159578,24,5,0,19,0,64,20,0,44,0,0,0,0,0,0,0,0,0,0,0,0,0,0,0,6,13,25,6,13,25,23.424937,18.410645,36.404535,0.000000,0.000000,0.000000,0,0,0,2683.177846,6.308103,36.082256,2548.987487,91.095406,27.530108,2348.286691,0.000000,0.000000,2466.912205,2683.177846,216.265641,3.395057,1.026026,87.518861,0.000000,8.060056,16.427350,10.842024,4.078380,0.044118,2,0.000000,0,0,0,100.000000,4.243817,100.000000,29.318213,4931.074510,2338.814174,0.000000,120.763985
1080.000000,pure-acoustic,none,hardware,1,0,0,0,fifo,0.000500,180,15,hybrid,0.050000,4000.000000,6.087000,52.000000,500.000000,500.000000,2.000000,120.000000,0.000000,45,26,45,0,44,6,13,25,0,0,0,0,0,0,0,0,0.000000,0.000000,0.000000,clear-ocean,30.000000,60.000000,0.151000,411,1172379,300.610000,27.834259,24,5,0,19,0,65,20,0,44,1,0,0,0,0,0,0,0,0,0,0,0,0,0,0,6,13,26,6,13,25,23.424937,18.410645,36.404535,0.000000,0.000000,3.846154,0,0,0,2714.884923,6.308103,36.082256,2575.294564,95.231577,28.564151,2373.974939,0.000000,0.000000,2497.770667,2714.884923,217.114256,3.507757,1.052131,87.442931,0.000000,7.997181,16.427350,10.842024,4.120471,0.042593,2,0.000000,0,0,0,100.000000,4.243817,97.777778,29.318213,4657.125926,2424.920891,0.000000,61.778860
1140.000000,pure-acoustic,none,hardware,1,0,0,0,fifo,0.000500,180,15,hybrid,0.050000,4000.000000,6.087000,52.000000,500.000000,500.000000,2.000000,120.000000,0.000000,48,29,48,0,46,6,13,27,0,0,0,0,0,0,0,0,0.000000,0.000000,0.000000,clear-ocean,30.000000,60.000000,0.151000,429,1235829,316.879231,27.796424,24,5,0,19,0,67,20,0,46,2,0,0,0,0,0,0,0,0,0,0,0,0,0,0,6,13,29,6,13,27,23.424937,18.410645,34.301217,0.000000,0.000000,6.896552,0,0,0,2862.677744,6.308103,36.082256,2717.687385,99.367747,29.598193,2504.365137,0.000000,0.000000,2633.331077,2862.677744,229.346667,3.471147,1.033934,87.483306,0.000000,8.011613,16.427350,10.842024,4.026204,0.042982,2,0.000000,0,0,0,100.000000,4.243817,95.833333,28.391758,4762.891228,2511.027607,0.000000,20.640695
1200.000000,pure-acoustic,none,hardware,1,0,0,0,fifo,0.000500,180,15,hybrid,0.050000,4000.000000,6.087000,52.000000,500.000000,500.000000,2.000000,120.000000,0.000000,50,30,49,0,48,6,13,29,0,0,0,0,0,0,0,0,0.000000,0.000000,0.000000,clear-ocean,30.000000,60.000000,0.151000,464,1349808,346.104615,28.842051,25,5,0,19,1,72,23,0,48,1,0,0,0,0,0,0,0,0,0,0,0,0,0,0,7,13,30,6,13,29,23.424937,18.410645,35.202396,14.285714,0.000000,3.333333,0,0,0,3121.782718,7.099641,36.082256,2970.600821,103.821609,31.106082,2737.543027,0.000000,0.000000,2872.470718,3121.782718,249.312000,3.325715,0.996420,87.691658,0.000000,7.986206,18.488649,10.842024,4.097380,0.041667,2,0.000000,0,0,0,98.000000,4.243817,96.000000,29.182448,4858.080000,2597.134323,0.000000,1.250174
1260.000000,pure-acoustic,none,hardware,1,0,0,0,fifo,0.000500,180,15,hybrid,0.050000,4000.000000,6.087000,52.000000,500.000000,500.000000,2.000000,120.000000,0.000000,51,31,51,0,51,7,13,31,0,0,0,0,0,0,0,0,0.000000,0.000000,0.000000,clear-ocean,30.000000,60.000000,0.151000,487,1413783,362.508462,28.770513,26,6,0,20,0,75,24,0,51,0,0,0,0,0,0,0,0,0,0,0,0,0,0,0,7,13,31,7,13,31,23.959309,18.410645,34.828431,0.000000,0.000000,0.000000,0,0,0,3272.436000,8.262872,36.082256,3114.690872,108.278754,32.635509,2868.225737,0.000000,0.000000,3009.140000,3272.436000,263.296000,3.308812,0.997285,87.648032,0.000000,8.045872,18.443910,10.842024,4.018956,0.041270,2,0.000000,0,0,0,100.000000,4.748416,100.000000,29.151665,4944.609524,2683.241039,-0.000000,5.445889
1320.000000,pure-acoustic,none,hardware,1,0,0,0,fifo,0.000500,180,15,hybrid,0.050000,4000.000000,6.087000,52.000000,500.000000,500.000000,2.000000,120.000000,0.000000,51,31,51,0,51,7,13,31,0,0,0,0,0,0,0,0,0.000000,0.000000,0.000000,clear-ocean,30.000000,60.000000,0.151000,487,1413783,362.508462,27.462762,26,6,0,20,0,75,24,0,51,0,0,0,0,0,0,0,0,0,0,0,0,0,0,0,7,13,31,7,13,31,23.959309,18.410645,34.828431,0.000000,0.000000,0.000000,0,0,0,3277.836000,8.262872,36.082256,3114.690872,112.414924,33.669552,2868.455524,0.000000,0.000000,3014.540000,3277.836000,263.296000,3.429547,1.027188,87.510648,0.000000,8.032617,18.443910,10.842024,4.018956,0.039394,2,0.000000,0,0,0,100.000000,4.748416,100.000000,29.151665,4719.854545,2769.347755,-0.000000,32.830006
1380.000000,pure-acoustic,none,hardware,1,0,0,0,fifo,0.000500,180,15,hybrid,0.050000,4000.000000,6.087000,52.000000,500.000000,500.000000,2.000000,120.000000,0.000000,51,31,51,0,51,7,13,31,0,0,0,0,0,0,0,0,0.000000,0.000000,0.000000,clear-ocean,30.000000,60.000000,0.151000,487,1413783,362.508462,26.268729,26,6,0,20,0,75,24,0,51,0,0,0,0,0,0,0,0,0,0,0,0,0,0,0,7,13,31,7,13,31,23.959309,18.410645,34.828431,0.000000,0.000000,0.000000,0,0,0,3283.236000,8.262872,36.082256,3114.690872,116.551094,34.703594,2868.685312,0.000000,0.000000,3019.940000,3283.236000,263.296000,3.549885,1.056994,87.373716,0.000000,8.019405,18.443910,10.842024,4.018956,0.037681,2,0.000000,0,0,0,100.000000,4.748416,100.000000,29.151665,4514.643478,2855.454471,-0.000000,80.805987
1440.000000,pure-acoustic,none,hardware,1,0,0,0,fifo,0.000500,180,15,hybrid,0.050000,4000.000000,6.087000,52.000000,500.000000,500.000000,2.000000,120.000000,0.000000,51,31,51,0,51,7,13,31,0,0,0,0,0,0,0,0,0.000000,0.000000,0.000000,clear-ocean,30.000000,60.000000,0.151000,487,1413783,362.508462,25.174199,26,6,0,20,0,75,24,0,51,0,0,0,0,0,0,0,0,0,0,0,0,0,0,0,7,13,31,7,13,31,23.959309,18.410645,34.828431,0.000000,0.000000,0.000000,0,0,0,3288.636000,8.262872,36.082256,3114.690872,120.687265,35.737637,2868.915099,0.000000,0.000000,3025.340000,3288.636000,263.296000,3.669827,1.086701,87.237234,0.000000,8.006237,18.443910,10.842024,4.018956,0.036111,2,0.000000,0,0,0,100.000000,4.748416,100.000000,29.151665,4326.533333,2941.561187,-0.000000,144.824794
1500.000000,pure-acoustic,none,hardware,1,0,0,0,fifo,0.000500,180,15,hybrid,0.050000,4000.000000,6.087000,52.000000,500.000000,500.000000,2.000000,120.000000,0.000000,57,34,57,0,54,7,14,33,0,0,0,0,0,0,0,0,0.000000,0.000000,0.000000,clear-ocean,30.000000,60.000000,0.151000,522,1493802,383.026154,25.535077,30,7,0,23,0,79,24,0,54,2,0,0,0,0,0,0,0,0,0,0,0,0,0,0,7,16,34,7,14,33,23.959309,17.276973,33.228313,0.000000,12.500000,2.941176,0,0,0,3471.187333,8.262872,43.685077,3284.239385,129.387281,38.964910,3025.515758,0.000000,0.000000,3193.867949,3471.187333,277.319385,3.727465,1.122524,87.160832,0.000000,7.989179,18.443910,12.188917,3.980896,0.038000,2,0.000000,0,1,0,100.000000,4.843502,94.736842,27.891243,4421.504000,3027.667904,-0.000000,218.816219
1560.000000,pure-acoustic,none,hardware,1,0,0,0,fifo,0.000500,180,15,hybrid,0.050000,4000.000000,6.087000,52.000000,500.000000,500.000000,2.000000,120.000000,0.000000,59,35,59,0,59,7,17,35,0,0,0,0,0,0,0,0,0.000000,0.000000,0.000000,clear-ocean,30.000000,60.000000,0.151000,549,1571445,402.934615,25.829142,31,7,0,24,0,85,26,0,59,0,0,0,0,0,0,0,0,0,0,0,0,0,0,0,7,17,35,7,17,35,23.959309,17.547157,33.121539,0.000000,0.000000,0.000000,0,0,0,3650.568385,8.262872,47.269000,3454.636513,134.905118,40.059876,3183.224519,0.000000,0.000000,3358.189513,3650.568385,292.378872,3.695455,1.097360,87.198052,0.000000,8.009133,18.443910,10.861443,3.948156,0.038462,2,0.000000,0,0,0,100.000000,4.670215,100.000000,27.546961,4511.794872,3113.774620,-0.000000,295.764462
1620.000000,pure-acoustic,none,hardware,1,0,0,0,fifo,0.000500,180,15,hybrid,0.050000,4000.000000,6.087000,52.000000,500.000000,500.000000,2.000000,120.000000,0.000000,61,35,61,0,61,8,18,35,0,0,0,0,0,0,0,0,0.000000,0.000000,0.000000,clear-ocean,30.000000,60.000000,0.151000,553,1572249,403.140769,24.885233,33,7,0,26,0,87,26,0,61,0,0,0,0,0,0,0,0,0,0,0,0,0,0,0,8,18,35,8,18,35,21.141886,16.647829,33.121539,0.000000,0.000000,0.000000,0,0,0,3657.648744,8.731359,48.480872,3454.636513,139.614775,41.176380,3184.330614,0.000000,0.000000,3365.121769,3657.648744,292.526974,3.817064,1.125761,87.059497,0.000000,7.997678,17.053435,10.521023,3.948156,0.038272,2,0.000000,0,0,0,100.000000,4.324735,100.000000,26.689342,4346.271605,3199.881336,-0.000000,368.373360
1680.000000,pure-acoustic,none,hardware,1,0,0,0,fifo,0.000500,180,15,hybrid,0.050000,4000.000000,6.087000,52.000000,500.000000,500.000000,2.000000,120.000000,0.000000,62,35,62,0,62,8,19,35,0,0,0,0,0,0,0,0,0.000000,0.000000,0.000000,clear-ocean,30.000000,60.000000,0.151000,556,1573140,403.369231,24.010073,34,7,0,27,0,88,26,0,62,0,0,0,0,0,0,0,0,0,0,0,0,0,0,0,8,19,35,8,19,35,21.141886,15.832260,33.121539,0.000000,0.000000,0.000000,0,0,0,3664.740385,8.731359,50.172513,3454.636513,144.652843,42.271345,3185.195478,0.000000,0.000000,3372.119667,3664.740385,292.620718,3.947151,1.153461,86.914628,0.000000,7.984760,17.053435,10.315073,3.948156,0.037500,2,0.000000,0,0,0,100.000000,4.181464,100.000000,26.277450,4192.266667,3285.988052,-0.000000,429.758202
1740.000000,pure-acoustic,none,hardware,1,0,0,0,fifo,0.000500,180,15,hybrid,0.050000,4000.000000,6.087000,52.000000,500.000000,500.000000,2.000000,120.000000,0.000000,62,35,62,0,62,8,19,35,0,0,0,0,0,0,0,0,0.000000,0.000000,0.000000,clear-ocean,30.000000,60.000000,0.151000,556,1573140,403.369231,23.182140,34,7,0,27,0,88,26,0,62,0,0,0,0,0,0,0,0,0,0,0,0,0,0,0,8,19,35,8,19,35,21.141886,15.832260,33.121539,0.000000,0.000000,0.000000,0,0,0,3670.140385,8.731359,50.172513,3454.636513,148.789013,43.305388,3185.425266,0.000000,0.000000,3377.519667,3670.140385,292.620718,4.054041,1.179938,86.793009,0.000000,7.973012,17.053435,10.315073,3.948156,0.036207,2,0.000000,0,0,0,100.000000,4.181464,100.000000,26.277450,4047.705747,3372.094768,-0.000000,474.098532
1800.000000,pure-acoustic,none,hardware,1,0,0,0,fifo,0.000500,180,15,hybrid,0.050000,4000.000000,6.087000,52.000000,500.000000,500.000000,2.000000,120.000000,0.000000,65,37,65,0,65,8,20,37,0,0,0,0,0,0,0,0,0.000000,0.000000,0.000000,clear-ocean,30.000000,60.000000,0.151000,573,1624605,416.565385,23.142521,35,7,0,28,0,91,26,0,65,0,0,0,0,0,0,0,0,0,0,0,0,0,0,0,8,20,37,8,20,37,21.141886,15.146922,32.013153,0.000000,0.000000,0.000000,0,0,0,3791.620564,8.731359,52.064795,3568.824410,153.347312,45.070507,3290.048489,0.000000,0.000000,3488.466308,3791.620564,303.154256,4.044374,1.188687,86.771565,0.000000,7.995374,17.053435,10.168905,3.858189,0.037222,2,0.000000,0,0,0,100.000000,4.055093,100.000000,25.485541,4136.142222,3458.201484,-0.000000,497.190040
1860.000000,pure-acoustic,none,hardware,1,0,0,0,fifo,0.000500,180,15,hybrid,0.050000,4000.000000,6.087000,52.000000,500.000000,500.000000,2.000000,120.000000,0.000000,68,38,68,0,68,8,22,38,0,0,0,0,0,0,0,0,0.000000,0.000000,0.000000,clear-ocean,30.000000,60.000000,0.151000,591,1653159,423.886923,22.789620,37,7,0,30,0,94,26,0,68,0,0,0,0,0,0,0,0,0,0,0,0,0,0,0,8,22,38,8,22,38,21.141886,13.952817,31.399880,0.000000,0.000000,0.000000,0,0,0,3860.379974,8.731359,58.330256,3625.918359,160.726584,47.566704,3343.525045,0.000000,0.000000,3551.818333,3860.379974,308.561641,4.163491,1.232177,86.611294,0.000000,7.993038,17.053435,10.356935,3.816756,0.037634,2,0.000000,0,0,0,100.000000,3.865659,100.000000,24.548419,4112.447312,3544.308200,0.000000,496.843209
1920.000000,pure-acoustic,none,hardware,1,0,0,0,fifo,0.000500,180,15,hybrid,0.050000,4000.000000,6.087000,52.000000,500.000000,500.000000,2.000000,120.000000,0.000000,68,38,68,0,68,8,22,38,0,0,0,0,0,0,0,0,0.000000,0.000000,0.000000,clear-ocean,30.000000,60.000000,0.151000,591,1653159,423.886923,22.077444,37,7,0,30,0,94,26,0,68,0,0,0,0,0,0,0,0,0,0,0,0,0,0,0,8,22,38,8,22,38,21.141886,13.952817,31.399880,0.000000,0.000000,0.000000,0,0,0,3865.779974,8.731359,58.330256,3625.918359,164.862755,48.600746,3343.754833,0.000000,0.000000,3557.218333,3865.779974,308.561641,4.264670,1.257204,86.496253,0.000000,7.981873,17.053435,10.356935,3.816756,0.036458,2,0.000000,0,0,0,100.000000,3.865659,100.000000,24.548419,3983.933333,3630.414917,0.000000,473.090927
1980.000000,pure-acoustic,none,hardware,1,0,0,0,fifo,0.000500,180,15,hybrid,0.050000,4000.000000,6.087000,52.000000,500.000000,500.000000,2.000000,120.000000,0.000000,71,40,71,0,71,9,22,40,0,0,0,0,0,0,0,0,0.000000,0.000000,0.000000,clear-ocean,30.000000,60.000000,0.151000,621,1729965,443.580769,22.403069,39,8,0,31,0,98,27,0,71,0,0,0,0,0,0,0,0,0,0,0,0,0,0,0,9,22,40,9,22,40,21.713382,13.952817,30.740181,0.000000,0.000000,0.000000,0,0,0,4043.531872,10.686128,58.330256,3796.315487,169.637591,50.604020,3499.896004,0.000000,0.000000,3720.137615,4043.531872,323.394256,4.195283,1.251481,86.555420,0.000000,7.997816,18.552306,10.356935,3.796315,0.036869,2,0.000000,0,0,0,100.000000,4.194921,100.000000,24.394221,4065.486869,3716.521633,0.000000,428.185362
2040.000000,pure-acoustic,none,hardware,1,0,0,0,fifo,0.000500,180,15,hybrid,0.050000,4000.000000,6.087000,52.000000,500.000000,500.000000,2.000000,120.000000,0.000000,71,40,71,0,71,9,22,40,0,0,0,0,0,0,0,0,0.000000,0.000000,0.000000,clear-ocean,30.000000,60.000000,0.151000,621,1729965,443.580769,21.744155,39,8,0,31,0,98,27,0,71,0,0,0,0,0,0,0,0,0,0,0,0,0,0,0,9,22,40,9,22,40,21.713382,13.952817,30.740181,0.000000,0.000000,0.000000,0,0,0,4048.931872,10.686128,58.330256,3796.315487,173.773762,51.638062,3500.125792,0.000000,0.000000,3725.537615,4048.931872,323.394256,4.291842,1.275350,86.445658,0.000000,7.987150,18.552306,10.356935,3.796315,0.035784,2,0.000000,0,0,0,100.000000,4.194921,100.000000,24.394221,3945.913725,3802.628349,0.000000,366.384420
2100.000000,pure-acoustic,none,hardware,1,0,0,0,fifo,0.000500,180,15,hybrid,0.050000,4000.000000,6.087000,52.000000,500.000000,500.000000,2.000000,120.000000,0.000000,76,43,76,0,75,11,22,42,0,0,0,0,0,0,0,0,0.000000,0.000000,0.000000,clear-ocean,30.000000,60.000000,0.151000,654,1819182,466.456923,22.212234,41,8,0,33,0,104,28,0,75,1,0,0,0,0,0,0,0,0,0,0,0,0,0,0,11,22,43,11,22,42,18.079785,13.952817,30.268735,0.000000,0.000000,2.325581,0,0,0,4253.017282,12.667333,58.330256,3993.019692,178.721496,53.189028,3681.976912,0.000000,0.000000,3913.887436,4253.017282,339.129846,4.202228,1.250619,86.573288,0.000000,7.973865,17.993371,10.356935,3.802876,0.037143,2,0.000000,0,0,0,100.000000,3.979518,98.684211,23.695020,4024.137143,3888.735065,0.000000,293.548012
2160.000000,pure-acoustic,none,hardware,1,0,0,0,fifo,0.000500,180,15,hybrid,0.050000,4000.000000,6.087000,52.000000,500.000000,500.000000,2.000000,120.000000,0.000000,78,43,78,0,77,11,23,43,0,0,0,0,0,0,0,0,0.000000,0.000000,0.000000,clear-ocean,30.000000,60.000000,0.151000,666,1834434,470.367692,21.776282,43,8,0,35,0,105,28,0,77,0,0,0,0,0,0,0,0,0,0,0,0,0,0,0,11,24,43,11,23,43,18.079785,13.437103,29.771111,0.000000,4.166667,0.000000,0,0,0,4293.330744,12.667333,62.456846,4023.806564,186.100769,54.344917,3709.290187,0.000000,0.000000,3949.735872,4293.330744,343.594872,4.334648,1.265799,86.396563,0.000000,8.002991,17.993371,10.607481,3.743076,0.036574,2,0.000000,0,1,0,100.000000,3.797758,98.717949,23.221932,4005.896296,3974.841781,0.000000,216.582421
2220.000000,pure-acoustic,none,hardware,1,0,0,0,fifo,0.000500,180,15,hybrid,0.050000,4000.000000,6.087000,52.000000,500.000000,500.000000,2.000000,120.000000,0.000000,81,46,81,0,81,11,24,46,0,0,0,0,0,0,0,0,0.000000,0.000000,0.000000,clear-ocean,30.000000,60.000000,0.151000,688,1910592,489.895385,22.067360,43,8,0,35,0,109,28,0,81,0,0,0,0,0,0,0,0,0,0,0,0,0,0,0,11,24,46,11,24,46,18.079785,12.966980,28.532017,0.000000,0.000000,0.000000,0,0,0,4470.718846,12.667333,63.163103,4195.088410,190.236939,55.378959,3865.754640,0.000000,0.000000,4111.370538,4470.718846,359.348308,4.255176,1.238704,86.468301,0.000000,8.037819,17.993371,10.280453,3.647903,0.037387,2,0.000000,0,0,0,100.000000,3.797758,100.000000,22.500715,4168.821622,4060.948497,0.000000,142.785454
2280.000000,pure-acoustic,none,hardware,1,0,0,0,fifo,0.000500,180,15,hybrid,0.050000,4000.000000,6.087000,52.000000,500.000000,500.000000,2.000000,120.000000,0.000000,85,47,85,0,85,12,26,47,0,0,0,0,0,0,0,0,0.000000,0.000000,0.000000,clear-ocean,30.000000,60.000000,0.151000,707,1938867,497.145385,21.804622,46,8,0,38,0,113,28,0,85,0,0,0,0,0,0,0,0,0,0,0,0,0,0,0,12,26,47,12,26,47,16.651828,12.127795,28.107121,0.000000,0.000000,0.000000,0,0,0,4538.761308,13.383000,67.995949,4252.182359,197.767571,56.793309,3919.390376,0.000000,0.000000,4173.951256,4538.761308,364.810051,4.357303,1.251295,86.353745,0.000000,8.037657,17.425781,10.215737,3.618879,0.038158,2,0.000000,0,0,0,100.000000,3.551714,100.000000,21.602109,4148.856140,4147.055213,0.000000,79.154475
2340.000000,pure-acoustic,none,hardware,1,0,0,0,fifo,0.000500,180,15,hybrid,0.050000,4000.000000,6.087000,52.000000,500.000000,500.000000,2.000000,120.000000,0.000000,90,49,88,0,87,12,27,48,0,0,0,0,0,0,0,0,0.000000,0.000000,0.000000,clear-ocean,30.000000,60.000000,0.151000,737,1992273,510.839231,21.830736,50,9,0,39,2,116,28,0,87,1,0,0,0,0,0,0,0,0,0,0,0,0,0,0,13,28,49,12,27,48,16.651828,11.736198,27.703914,7.692308,3.571429,2.040816,0,0,0,4662.522846,15.170692,71.266615,4365.485538,205.018100,59.032275,4024.010318,0.000000,0.000000,4288.060692,4662.522846,374.462154,4.397149,1.266102,86.305428,0.000000,8.031321,19.753506,10.310564,3.637905,0.038462,2,0.000000,0,0,0,97.777778,3.482985,96.666667,21.223990,4128.820513,4233.161930,0.000000,31.722915
2400.000000,pure-acoustic,none,hardware,1,0,0,0,fifo,0.000500,180,15,hybrid,0.050000,4000.000000,6.087000,52.000000,500.000000,500.000000,2.000000,120.000000,0.000000,97,52,96,0,95,14,30,51,0,0,0,0,0,0,0,0,0.000000,0.000000,0.000000,clear-ocean,30.000000,60.000000,0.151000,800,2117256,542.886154,22.620256,57,12,0,44,1,126,30,0,95,1,0,0,0,0,0,0,0,0,0,0,0,0,0,0,14,31,52,14,30,51,18.303426,12.098064,27.345638,0.000000,3.225806,1.923077,0,0,0,4945.511769,17.429846,83.463462,4628.618462,214.948526,65.694010,4268.321746,0.000000,0.000000,4548.964282,4945.511769,396.547487,4.346335,1.328356,86.306978,0.000000,8.018331,19.452953,10.867638,3.630289,0.040833,2,0.000000,0,0,0,98.969072,4.382477,97.938144,21.198078,4278.586667,4319.268646,0.000000,4.988194
2460.000000,pure-acoustic,none,hardware,1,0,0,0,fifo,0.000500,180,15,hybrid,0.050000,4000.000000,6.087000,52.000000,500.000000,500.000000,2.000000,120.000000,0.000000,102,55,102,0,96,14,30,52,0,0,0,0,0,0,0,0,0.000000,0.000000,0.000000,clear-ocean,30.000000,60.000000,0.151000,833,2204529,565.263846,22.978205,60,13,0,47,0,129,32,0,96,5,0,0,0,0,0,0,0,0,0,0,0,0,0,0,14,33,55,14,30,52,18.303426,12.098064,26.986331,0.000000,9.090909,5.454545,0,0,0,5145.397282,17.429846,87.869179,4818.698256,223.229697,66.910822,4442.171225,0.000000,0.000000,4732.311744,5145.397282,413.085538,4.338435,1.300401,86.332910,0.000000,8.028254,19.452953,11.441299,3.706691,0.041870,2,0.000000,0,1,0,100.000000,4.413510,94.117647,21.067491,4255.531707,4405.375362,-0.000000,1.485272
2520.000000,pure-acoustic,none,hardware,1,0,0,0,fifo,0.000500,180,15,hybrid,0.050000,4000.000000,6.087000,52.000000,500.000000,500.000000,2.000000,120.000000,0.000000,105,58,105,0,102,14,33,55,0,0,0,0,0,0,0,0,0.000000,0.000000,0.000000,clear-ocean,30.000000,60.000000,0.151000,871,2331855,597.911538,23.726648,60,13,0,47,0,137,34,0,102,3,0,0,0,0,0,0,0,0,0,0,0,0,0,0,14,33,58,14,33,55,18.303426,16.062182,29.170291,0.000000,0.000000,5.172414,0,0,0,5436.616359,17.429846,89.987949,5102.398564,227.365867,67.944864,4703.602243,0.000000,0.000000,4998.912974,5436.616359,437.703385,4.182121,1.249764,86.517090,0.000000,8.051026,19.452953,10.651983,3.710835,0.042460,2,0.000000,0,0,0,100.000000,4.413510,97.142857,23.437902,4394.742857,4491.482078,-0.000000,21.546295
2580.000000,pure-acoustic,none,hardware,1,0,0,0,fifo,0.000500,180,15,hybrid,0.050000,4000.000000,6.087000,52.000000,500.000000,500.000000,2.000000,120.000000,0.000000,109,60,109,0,109,15,34,60,0,0,0,0,0,0,0,0,0.000000,0.000000,0.000000,clear-ocean,30.000000,60.000000,0.151000,920,2461680,631.200000,24.465116,64,15,0,49,0,144,35,0,109,0,0,0,0,0,0,0,0,0,0,0,0,0,0,0,15,34,60,15,34,60,18.960003,16.410919,30.846404,0.000000,0.000000,0.000000,0,0,0,5734.493154,18.315128,96.109718,5387.868308,233.082832,73.319214,4964.140133,0.000000,0.000000,5270.542179,5734.493154,463.950974,4.064576,1.278565,86.566328,0.000000,8.090531,19.078259,11.042017,3.591912,0.043023,2,0.000000,0,0,0,100.000000,4.798430,100.000000,24.707849,4681.128682,4577.588794,-0.000000,63.269094
2640.000000,pure-acoustic,none,hardware,1,0,0,0,fifo,0.000500,180,15,hybrid,0.050000,4000.000000,6.087000,52.000000,500.000000,500.000000,2.000000,120.000000,0.000000,110,61,110,0,110,15,34,61,0,0,0,0,0,0,0,0,0.000000,0.000000,0.000000,clear-ocean,30.000000,60.000000,0.151000,927,2486967,637.683846,24.154691,64,15,0,49,0,145,35,0,110,0,0,0,0,0,0,0,0,0,0,0,0,0,0,0,15,34,61,15,34,61,18.960003,16.410919,30.479653,0.000000,0.000000,0.000000,0,0,0,5796.987103,18.315128,96.109718,5444.962256,237.219002,74.353257,5016.243972,0.000000,0.000000,5327.816231,5796.987103,469.170872,4.092109,1.282619,86.531915,0.000000,8.093357,19.078259,11.042017,3.570467,0.042424,2,0.000000,0,0,0,100.000000,4.798430,100.000000,24.560274,4650.496970,4663.695510,-0.000000,122.697550
2700.000000,pure-acoustic,none,hardware,1,0,0,0,fifo,0.000500,180,15,hybrid,0.050000,4000.000000,6.087000,52.000000,500.000000,500.000000,2.000000,120.000000,0.000000,112,62,112,0,112,16,34,62,0,0,0,0,0,0,0,0,0.000000,0.000000,0.000000,clear-ocean,30.000000,60.000000,0.151000,946,2538066,650.786154,24.103191,65,15,0,50,0,148,36,0,112,0,0,0,0,0,0,0,0,0,0,0,0,0,0,0,16,34,62,16,34,62,17.890917,16.410919,30.437648,0.000000,0.000000,0.000000,0,0,0,5915.156282,19.478359,96.109718,5556.568205,241.676147,75.882684,5120.511092,0.000000,0.000000,5438.069923,5915.156282,477.086359,4.085710,1.282852,86.565948,0.000000,8.065490,19.021835,11.042017,3.584883,0.042222,2,0.000000,0,0,0,100.000000,4.720308,100.000000,24.387144,4621.416296,4749.802227,-0.000000,194.196710
2760.000000,pure-acoustic,none,hardware,1,0,0,0,fifo,0.000500,180,15,hybrid,0.050000,4000.000000,6.087000,52.000000,500.000000,500.000000,2.000000,120.000000,0.000000,117,65,117,0,115,17,34,64,0,0,0,0,0,0,0,0,0.000000,0.000000,0.000000,clear-ocean,30.000000,60.000000,0.151000,986,2653338,680.343077,24.650111,67,15,0,52,0,154,38,0,115,2,0,0,0,0,0,0,0,0,0,0,0,0,0,0,17,35,65,17,34,64,19.195351,16.410919,30.629749,0.000000,2.857143,1.538462,0,0,0,6176.520821,20.574282,98.064897,5809.481641,248.164343,77.236111,5354.014315,0.000000,0.000000,5679.414769,6176.520821,497.106051,4.017866,1.250479,86.683336,0.000000,8.048318,18.910186,11.266647,3.630926,0.043116,2,0.000000,0,0,0,100.000000,4.569882,98.290598,24.735619,4666.063768,4835.908943,-0.000000,270.987089
2820.000000,pure-acoustic,none,hardware,1,0,0,0,fifo,0.000500,180,15,hybrid,0.050000,4000.000000,6.087000,52.000000,500.000000,500.000000,2.000000,120.000000,0.000000,119,66,119,0,119,17,36,66,0,0,0,0,0,0,0,0,0.000000,0.000000,0.000000,clear-ocean,30.000000,60.000000,0.151000,1002,2692986,690.509231,24.486143,68,15,0,53,0,157,38,0,119,0,0,0,0,0,0,0,0,0,0,0,0,0,0,0,17,36,66,17,36,66,19.195351,16.047706,30.320915,0.000000,0.000000,0.000000,0,0,0,6272.679308,20.574282,100.942564,5897.362462,253.682179,78.331077,5433.781333,0.000000,0.000000,5765.794590,6272.679308,506.884718,4.044240,1.248766,86.626162,0.000000,8.080833,18.910186,10.952969,3.574159,0.042908,2,0.000000,0,0,0,100.000000,4.496575,100.000000,24.413603,4710.082270,4922.015659,-0.000000,345.787490
2880.000000,pure-acoustic,none,hardware,1,0,0,0,fifo,0.000500,180,15,hybrid,0.050000,4000.000000,6.087000,52.000000,500.000000,500.000000,2.000000,120.000000,0.000000,128,69,128,0,126,20,39,67,0,0,0,0,0,0,0,0,0.000000,0.000000,0.000000,clear-ocean,30.000000,60.000000,0.151000,1047,2765439,709.086923,24.621074,77,18,0,59,0,166,39,0,126,2,0,0,0,0,0,0,0,0,0,0,0,0,0,0,20,39,69,20,39,67,17.898299,15.268788,29.994143,0.000000,0.000000,2.898551,0,0,0,6436.116564,23.371154,108.086538,6045.458872,263.500734,80.519581,5574.360249,0.000000,0.000000,5918.380564,6436.116564,517.736000,4.094095,1.251058,86.610617,0.000000,8.044230,18.258714,10.825975,3.609229,0.045139,2,0.000000,0,0,0,100.000000,4.757099,98.437500,23.516320,4684.066667,5008.122375,-0.000000,411.505408
2940.000000,pure-acoustic,none,hardware,1,0,0,0,fifo,0.000500,180,15,hybrid,0.050000,4000.000000,6.087000,52.000000,500.000000,500.000000,2.000000,120.000000,0.000000,128,69,128,0,128,20,39,69,0,0,0,0,0,0,0,0,0.000000,0.000000,0.000000,clear-ocean,30.000000,60.000000,0.151000,1064,2824752,724.295385,24.635897,77,18,0,59,0,168,40,0,128,0,0,0,0,0,0,0,0,0,0,0,0,0,0,0,20,39,69,20,39,69,17.898299,15.268788,30.548149,0.000000,0.000000,0.000000,0,0,0,6577.120462,23.371154,108.086538,6181.062769,267.636905,81.553624,5696.264292,0.000000,0.000000,6045.454821,6577.120462,531.665641,4.069211,1.239959,86.607267,0.000000,8.083562,18.258714,10.825975,3.583225,0.044218,2,0.000000,0,0,0,100.000000,4.757099,100.000000,23.916180,4724.527891,5094.229091,-0.000000,461.909527
3000.000000,pure-acoustic,none,hardware,1,0,0,0,fifo,0.000500,180,15,hybrid,0.050000,4000.000000,6.087000,52.000000,500.000000,500.000000,2.000000,120.000000,0.000000,132,71,132,0,132,20,41,71,0,0,0,0,0,0,0,0,0.000000,0.000000,0.000000,clear-ocean,30.000000,60.000000,0.151000,1087,2877999,737.948462,24.598282,79,18,0,61,0,172,40,0,132,0,0,0,0,0,0,0,0,0,0,0,0,0,0,0,20,41,71,20,41,71,17.898299,14.622290,29.922422,0.000000,0.000000,0.000000,0,0,0,6702.395051,23.371154,113.773231,6295.250667,273.097100,85.390128,5801.614900,0.000000,0.000000,6160.102128,6702.395051,542.292923,4.074620,1.274024,86.560324,0.000000,8.091032,18.258714,10.839675,3.546620,0.044667,2,0.000000,0,0,0,100.000000,4.639556,100.000000,23.348271,4764.736000,5180.335807,-0.000000,492.220574
3060.000000,pure-acoustic,none,hardware,1,0,0,0,fifo,0.000500,180,15,hybrid,0.050000,4000.000000,6.087000,52.000000,500.000000,500.000000,2.000000,120.000000,0.000000,135,73,135,0,135,21,41,73,0,0,0,0,0,0,0,0,0.000000,0.000000,0.000000,clear-ocean,30.000000,60.000000,0.151000,1105,2928993,751.023846,24.543263,80,18,0,62,0,175,40,0,135,0,0,0,0,0,0,0,0,0,0,0,0,0,0,0,21,41,73,21,41,73,17.123998,14.622290,29.391257,0.000000,0.000000,0.000000,0,0,0,6822.868231,24.256436,113.773231,6409.438564,277.554245,86.682632,5905.844277,0.000000,0.000000,6270.081154,6822.868231,552.787077,4.067999,1.270472,86.559554,0.000000,8.101975,18.047943,10.839675,3.512021,0.044771,2,0.000000,0,0,0,100.000000,4.574014,100.000000,22.997627,4802.196078,5266.442523,0.000000,499.564484
3120.000000,pure-acoustic,none,hardware,1,0,0,0,fifo,0.000500,180,15,hybrid,0.050000,4000.000000,6.087000,52.000000,500.000000,500.000000,2.000000,120.000000,0.000000,137,75,137,0,137,21,41,75,0,0,0,0,0,0,0,0,0.000000,0.000000,0.000000,clear-ocean,30.000000,60.000000,0.151000,1133,3030141,776.959231,24.902539,80,18,0,62,0,179,42,0,137,0,0,0,0,0,0,0,0,0,0,0,0,0,0,0,21,41,75,21,41,75,17.123998,14.622290,29.555508,0.000000,0.000000,0.000000,0,0,0,7054.874590,24.256436,113.773231,6636.044923,281.690415,87.716674,6113.563705,0.000000,0.000000,6482.970795,7054.874590,571.903795,3.992848,1.243348,86.657298,0.000000,8.106505,18.047943,10.839675,3.539224,0.044551,2,0.000000,0,0,0,100.000000,4.574014,100.000000,23.180883,4838.051282,5352.549240,0.000000,483.244912
3180.000000,pure-acoustic,none,hardware,1,0,0,0,fifo,0.000500,180,15,hybrid,0.050000,4000.000000,6.087000,52.000000,500.000000,500.000000,2.000000,120.000000,0.000000,137,75,137,0,137,21,41,75,0,0,0,0,0,0,0,0,0.000000,0.000000,0.000000,clear-ocean,30.000000,60.000000,0.151000,1133,3030141,776.959231,24.432680,80,18,0,62,0,179,42,0,137,0,0,0,0,0,0,0,0,0,0,0,0,0,0,0,21,41,75,21,41,75,17.123998,14.622290,29.555508,0.000000,0.000000,0.000000,0,0,0,7060.274590,24.256436,113.773231,6636.044923,285.826585,88.750717,6113.793493,0.000000,0.000000,6488.370795,7060.274590,571.903795,4.048378,1.257043,86.594274,0.000000,8.100305,18.047943,10.839675,3.539224,0.043711,2,0.000000,0,0,0,100.000000,4.574014,100.000000,23.180883,4746.767296,5438.655956,0.000000,444.809266
3240.000000,pure-acoustic,none,hardware,1,0,0,0,fifo,0.000500,180,15,hybrid,0.050000,4000.000000,6.087000,52.000000,500.000000,500.000000,2.000000,120.000000,0.000000,140,76,140,0,140,21,43,76,0,0,0,0,0,0,0,0,0.000000,0.000000,0.000000,clear-ocean,30.000000,60.000000,0.151000,1147,3057507,783.976154,24.196795,82,18,0,64,0,182,42,0,140,0,0,0,0,0,0,0,0,0,0,0,0,0,0,0,21,43,76,21,43,76,17.123998,14.014677,29.275359,0.000000,0.000000,0.000000,0,0,0,7126.631590,24.256436,117.636282,6693.138872,292.246320,89.906606,6167.167485,0.000000,0.000000,6549.320410,7126.631590,577.311179,4.100764,1.261558,86.536920,0.000000,8.100758,18.047943,10.686436,3.522705,0.043827,2,0.000000,0,0,0,100.000000,4.448904,100.000000,22.765445,4721.856790,5524.762672,0.000000,387.901981
3300.000000,pure-acoustic,none,hardware,1,0,0,0,fifo,0.000500,180,15,hybrid,0.050000,4000.000000,6.087000,52.000000,500.000000,500.000000,2.000000,120.000000,0.000000,142,77,142,0,141,21,44,76,0,0,0,0,0,0,0,0,0.000000,0.000000,0.000000,clear-ocean,30.000000,60.000000,0.151000,1151,3066375,786.250000,23.825758,83,18,0,65,0,184,42,0,141,1,0,0,0,0,0,0,0,0,0,0,0,0,0,0,21,44,77,21,44,76,17.123998,13.726563,29.275359,0.000000,0.000000,1.298701,0,0,0,7150.215769,24.256436,118.848154,6710.111179,296.804618,91.001571,6185.004657,0.000000,0.000000,6572.810846,7150.215769,577.404923,4.150988,1.272711,86.500951,0.000000,8.075350,18.047943,10.551150,3.531637,0.043636,2,0.000000,0,0,0,100.000000,4.383970,99.295775,22.613475,4636.625455,5610.869388,0.000000,317.918952
3360.000000,pure-acoustic,none,hardware,1,0,0,0,fifo,0.000500,180,15,hybrid,0.050000,4000.000000,6.087000,52.000000,500.000000,500.000000,2.000000,120.000000,0.000000,146,79,146,0,146,21,46,79,0,0,0,0,0,0,0,0,0.000000,0.000000,0.000000,clear-ocean,30.000000,60.000000,0.151000,1179,3136635,804.265385,23.936470,86,19,0,67,0,188,42,0,146,0,0,0,0,0,0,0,0,0,0,0,0,0,0,0,21,46,79,21,46,79,17.123998,13.483706,28.488856,0.000000,0.000000,0.000000,0,0,0,7314.686974,24.256436,123.609821,6864.420718,304.122968,92.157460,6325.154444,0.000000,0.000000,6721.434872,7314.686974,593.252103,4.157703,1.259896,86.471977,0.000000,8.110424,18.047943,10.496758,3.475656,0.044048,2,0.000000,0,0,0,100.000000,4.466687,100.000000,22.126535,4733.619048,5696.976104,0.000000,241.495910
3420.000000,pure-acoustic,none,hardware,1,0,0,0,fifo,0.000500,180,15,hybrid,0.050000,4000.000000,6.087000,52.000000,500.000000,500.000000,2.000000,120.000000,0.000000,151,81,151,0,151,22,48,81,0,0,0,0,0,0,0,0,0.000000,0.000000,0.000000,clear-ocean,30.000000,60.000000,0.151000,1210,3191682,818.380000,23.929240,90,20,0,70,0,193,42,0,151,0,0,0,0,0,0,0,0,0,0,0,0,0,0,0,22,48,81,22,48,81,16.428419,13.272204,27.984177,0.000000,0.000000,0.000000,0,0,0,7442.402974,24.972103,131.022256,6978.608615,313.511753,94.241964,6430.715513,0.000000,0.000000,6838.469231,7442.402974,603.933744,4.212507,1.266284,86.406441,0.000000,8.114768,17.735868,10.662619,3.446226,0.044737,2,0.000000,0,0,0,100.000000,4.491985,100.000000,21.623903,4768.879532,5783.082820,0.000000,165.879217
3480.000000,pure-acoustic,none,hardware,1,0,0,0,fifo,0.000500,180,15,hybrid,0.050000,4000.000000,6.087000,52.000000,500.000000,500.000000,2.000000,120.000000,0.000000,152,81,152,0,152,22,49,81,0,0,0,0,0,0,0,0,0.000000,0.000000,0.000000,clear-ocean,30.000000,60.000000,0.151000,1216,3193464,818.836923,23.529797,91,20,0,71,0,194,42,0,152,0,0,0,0,0,0,0,0,0,0,0,0,0,0,0,22,49,81,22,49,81,16.428419,13.052525,27.984177,0.000000,0.000000,0.000000,0,0,0,7451.175590,24.972103,134.394872,6978.608615,319.509360,96.007083,6431.631660,0.000000,0.000000,6847.148103,7451.175590,604.027487,4.288040,1.288482,86.317006,0.000000,8.106472,17.735868,10.713877,3.446226,0.044253,2,0.000000,0,0,0,100.000000,4.447418,100.000000,21.498140,4687.245977,5869.189536,0.000000,98.238782
3540.000000,pure-acoustic,none,hardware,1,0,0,0,fifo,0.000500,180,15,hybrid,0.050000,4000.000000,6.087000,52.000000,500.000000,500.000000,2.000000,120.000000,0.000000,157,83,157,0,157,23,51,83,0,0,0,0,0,0,0,0,0.000000,0.000000,0.000000,clear-ocean,30.000000,60.000000,0.151000,1252,3272820,839.184615,23.705780,94,20,0,74,0,200,43,0,157,0,0,0,0,0,0,0,0,0,0,0,0,0,0,0,23,51,83,23,51,83,15.783815,12.628212,28.022508,0.000000,0.000000,0.000000,0,0,0,7634.112026,26.135333,140.370949,7149.005744,326.250068,99.668818,6589.145549,0.000000,0.000000,7015.064436,7634.112026,619.047590,4.273582,1.305572,86.311879,0.000000,8.108967,17.754982,10.751451,3.445304,0.044915,2,0.000000,0,0,0,100.000000,4.311414,100.000000,21.228883,4722.097175,5955.296253,0.000000,44.988210
3600.000000,pure-acoustic,none,hardware,1,0,0,0,fifo,0.000500,180,15,hybrid,0.050000,4000.000000,6.087000,52.000000,500.000000,500.000000,2.000000,120.000000,0.000000,157,83,157,0,157,23,51,83,0,0,0,0,0,0,0,0,0.000000,0.000000,0.000000,clear-ocean,30.000000,60.000000,0.151000,1252,3272820,839.184615,23.310684,94,20,0,74,0,200,43,0,157,0,0,0,0,0,0,0,0,0,0,0,0,0,0,0,23,51,83,23,51,83,15.783815,12.628212,28.022508,0.000000,0.000000,0.000000,0,0,0,7639.512026,26.135333,140.370949,7149.005744,330.386238,100.702861,6589.375337,0.000000,0.000000,7020.464436,7639.512026,619.047590,4.324703,1.318184,86.253877,0.000000,8.103235,17.754982,10.751451,3.445304,0.044167,2,0.000000,0,0,0,100.000000,4.311414,100.000000,21.228883,4643.395556,6041.402969,0.000000,11.176673
3660.000000,pure-acoustic,none,hardware,1,0,0,0,fifo,0.000500,180,15,hybrid,0.050000,4000.000000,6.087000,52.000000,500.000000,500.000000,2.000000,120.000000,0.000000,160,85,160,0,158,23,51,84,0,0,0,0,0,0,0,0,0.000000,0.000000,0.000000,clear-ocean,30.000000,60.000000,0.151000,1275,3349275,858.788462,23.464166,95,20,0,75,0,203,44,0,158,2,0,0,0,0,0,0,0,0,0,0,0,0,0,0,23,52,85,23,51,84,15.783815,12.628212,27.794615,0.000000,1.923077,1.176471,0,0,0,7814.761846,26.135333,141.556974,7317.669538,334.944537,102.467980,6745.253534,0.000000,0.000000,7182.666051,7814.761846,632.095795,4.286049,1.311211,86.314256,0.000000,8.088484,17.754982,10.842293,3.484605,0.044262,2,0.000000,0,0,0,100.000000,4.262502,98.750000,21.150723,4621.919126,6127.509685,-0.000000,0.010149
3720.000000,pure-acoustic,none,hardware,1,0,0,0,fifo,0.000500,180,15,hybrid,0.050000,4000.000000,6.087000,52.000000,500.000000,500.000000,2.000000,120.000000,0.000000,168,90,166,0,162,23,52,87,0,0,0,0,0,0,0,0,0.000000,0.000000,0.000000,clear-ocean,30.000000,60.000000,0.151000,1320,3478104,891.821538,23.973697,98,20,0,76,2,209,46,0,162,4,0,0,0,0,0,0,0,0,0,0,0,0,0,0,24,54,90,23,52,87,15.783815,12.708194,28.142100,4.166667,3.703704,3.333333,0,0,0,8107.909513,26.622641,145.117026,7601.369846,342.328066,103.562946,7005.492347,0.000000,0.000000,7451.383359,8107.909513,656.526154,4.222150,1.277308,86.403189,0.000000,8.097354,18.086033,10.901219,3.494883,0.045430,2,0.000000,0,0,0,98.809524,4.218428,96.428571,21.433435,4709.212903,6213.616401,-0.000000,12.547440
3780.000000,pure-acoustic,none,hardware,1,0,0,0,fifo,0.000500,180,15,hybrid,0.050000,4000.000000,6.087000,52.000000,500.000000,500.000000,2.000000,120.000000,0.000000,172,93,171,0,169,24,54,91,0,0,0,0,0,0,0,0,0.000000,0.000000,0.000000,clear-ocean,30.000000,60.000000,0.151000,1367,3611175,925.942308,24.495828,101,22,0,78,1,218,48,0,169,2,0,0,0,0,0,0,0,0,0,0,0,0,0,0,24,55,93,24,54,91,17.662056,14.419351,28.947821,0.000000,1.818182,2.150538,0,0,0,8410.116077,27.430359,148.893308,7893.592410,349.235108,104.679450,7275.064083,0.000000,0.000000,7728.978641,8410.116077,681.137436,4.152560,1.244685,86.503730,0.000000,8.099025,17.858307,10.770639,3.469711,0.046032,2,0.000000,0,0,0,99.418605,4.455561,98.255814,22.702875,4847.322751,6299.723117,-0.000000,47.599769
3840.000000,pure-acoustic,none,hardware,1,0,0,0,fifo,0.000500,180,15,hybrid,0.050000,4000.000000,6.087000,52.000000,500.000000,500.000000,2.000000,120.000000,0.000000,177,96,177,0,177,26,55,96,0,0,0,0,0,0,0,0,0.000000,0.000000,0.000000,clear-ocean,30.000000,60.000000,0.151000,1435,3765051,965.397692,25.140565,106,25,0,81,0,226,49,0,177,0,0,0,0,0,0,0,0,0,0,0,0,0,0,0,26,55,96,26,55,96,16.432106,15.099547,28.892055,0.000000,0.000000,0.000000,0,0,0,8760.444897,29.587205,158.472462,8226.785231,359.901124,109.445800,7579.320127,0.000000,0.000000,8048.667051,8760.444897,711.777846,4.108252,1.249318,86.517525,0.000000,8.124905,17.780772,11.255146,3.427827,0.046875,2,0.000000,0,0,0,100.000000,4.810205,100.000000,22.775972,5032.800000,6385.829833,-0.000000,101.843508
3900.000000,pure-acoustic,none,hardware,1,0,0,0,fifo,0.000500,180,15,hybrid,0.050000,4000.000000,6.087000,52.000000,500.000000,500.000000,2.000000,120.000000,0.000000,179,96,179,0,179,26,57,96,0,0,0,0,0,0,0,0,0.000000,0.000000,0.000000,clear-ocean,30.000000,60.000000,0.151000,1444,3767724,966.083077,24.771361,108,25,0,83,0,228,49,0,179,0,0,0,0,0,0,0,0,0,0,0,0,0,0,0,26,57,96,26,57,96,16.432106,14.624789,28.892055,0.000000,0.000000,0.000000,0,0,0,8771.109795,29.587205,163.737359,8226.785231,366.320859,111.941997,7580.881606,0.000000,0.000000,8059.144462,8771.109795,711.965333,4.176448,1.276258,86.430130,0.000000,8.117164,17.780772,11.221036,3.427827,0.046667,2,0.000000,0,0,0,100.000000,4.718041,100.000000,22.539022,4956.422564,6471.936549,-0.000000,170.135312
3960.000000,pure-acoustic,none,hardware,1,0,0,0,fifo,0.000500,180,15,hybrid,0.050000,4000.000000,6.087000,52.000000,500.000000,500.000000,2.000000,120.000000,0.000000,181,97,181,0,181,26,58,97,0,0,0,0,0,0,0,0,0.000000,0.000000,0.000000,clear-ocean,30.000000,60.000000,0.151000,1454,3793902,972.795385,24.565540,109,25,0,84,0,230,49,0,181,0,0,0,0,0,0,0,0,0,0,0,0,0,0,0,26,58,97,26,58,97,16.432106,14.403188,28.679981,0.000000,0.000000,0.000000,0,0,0,8835.496026,29.587205,165.629641,8283.879179,370.879157,113.707116,7633.630778,0.000000,0.000000,8118.217051,8835.496026,717.278974,4.197604,1.286935,86.397309,0.000000,8.118152,17.780772,11.155014,3.416033,0.046465,2,0.000000,0,0,0,100.000000,4.669529,100.000000,22.345734,4932.347475,6558.043266,-0.000000,245.999815
4020.000000,pure-acoustic,none,hardware,1,0,0,0,fifo,0.000500,180,15,hybrid,0.050000,4000.000000,6.087000,52.000000,500.000000,500.000000,2.000000,120.000000,0.000000,184,98,184,0,184,26,60,98,0,0,0,0,0,0,0,0,0.000000,0.000000,0.000000,clear-ocean,30.000000,60.000000,0.151000,1468,3821268,979.812308,24.373440,111,25,0,86,0,233,49,0,184,0,0,0,0,0,0,0,0,0,0,0,0,0,0,0,26,60,98,26,60,98,16.432106,13.984599,28.473807,0.000000,0.000000,0.000000,0,0,0,8901.853026,29.587205,169.492692,8340.973128,377.298891,114.863005,7687.004770,0.000000,0.000000,8179.166667,8901.853026,722.686359,4.238431,1.290327,86.352861,0.000000,8.118381,17.780772,11.034680,3.404479,0.046517,2,0.000000,0,0,0,100.000000,4.574203,100.000000,22.047521,4909.500498,6644.149982,-0.000000,322.243612
4080.000000,pure-acoustic,none,hardware,1,0,0,0,fifo,0.000500,180,15,hybrid,0.050000,4000.000000,6.087000,52.000000,500.000000,500.000000,2.000000,120.000000,0.000000,184,98,184,0,184,26,60,98,0,0,0,0,0,0,0,0,0.000000,0.000000,0.000000,clear-ocean,30.000000,60.000000,0.151000,1468,3821268,979.812308,24.015008,111,25,0,86,0,233,49,0,184,0,0,0,0,0,0,0,0,0,0,0,0,0,0,0,26,60,98,26,60,98,16.432106,13.984599,28.473807,0.000000,0.000000,0.000000,0,0,0,8907.253026,29.587205,169.492692,8340.973128,381.435062,115.897047,7687.234558,0.000000,0.000000,8184.566667,8907.253026,722.686359,4.282297,1.301154,86.303090,0.000000,8.113459,17.780772,11.034680,3.404479,0.045833,2,0.000000,0,0,0,100.000000,4.574203,100.000000,22.047521,4837.301961,6730.256698,-0.000000,391.637334
4140.000000,pure-acoustic,none,hardware,1,0,0,0,fifo,0.000500,180,15,hybrid,0.050000,4000.000000,6.087000,52.000000,500.000000,500.000000,2.000000,120.000000,0.000000,184,98,184,0,184,26,60,98,0,0,0,0,0,0,0,0,0.000000,0.000000,0.000000,clear-ocean,30.000000,60.000000,0.151000,1468,3821268,979.812308,23.666964,111,25,0,86,0,233,49,0,184,0,0,0,0,0,0,0,0,0,0,0,0,0,0,0,26,60,98,26,60,98,16.432106,13.984599,28.473807,0.000000,0.000000,0.000000,0,0,0,8912.653026,29.587205,169.492692,8340.973128,385.571232,116.931090,7687.464345,0.000000,0.000000,8189.966667,8912.653026,722.686359,4.326111,1.311967,86.253378,0.000000,8.108544,17.780772,11.034680,3.404479,0.045169,2,0.000000,0,0,0,100.000000,4.574203,100.000000,22.047521,4767.196135,6816.363414,-0.000000,447.601131
4200.000000,pure-acoustic,none,hardware,1,0,0,0,fifo,0.000500,180,15,hybrid,0.050000,4000.000000,6.087000,52.000000,500.000000,500.000000,2.000000,120.000000,0.000000,184,98,184,0,184,26,60,98,0,0,0,0,0,0,0,0,0.000000,0.000000,0.000000,clear-ocean,30.000000,60.000000,0.151000,1468,3821268,979.812308,23.328864,111,25,0,86,0,233,49,0,184,0,0,0,0,0,0,0,0,0,0,0,0,0,0,0,26,60,98,26,60,98,16.432106,13.984599,28.473807,0.000000,0.000000,0.000000,0,0,0,8918.053026,29.587205,169.492692,8340.973128,389.707402,117.965133,7687.694132,0.000000,0.000000,8195.366667,8918.053026,722.686359,4.369871,1.322768,86.203728,0.000000,8.103634,17.780772,11.034680,3.404479,0.044524,2,0.000000,0,0,0,100.000000,4.574203,100.000000,22.047521,4699.093333,6902.470130,-0.000000,484.828565
4260.000000,pure-acoustic,none,hardware,1,0,0,0,fifo,0.000500,180,15,hybrid,0.050000,4000.000000,6.087000,52.000000,500.000000,500.000000,2.000000,120.000000,0.000000,184,98,184,0,184,26,60,98,0,0,0,0,0,0,0,0,0.000000,0.000000,0.000000,clear-ocean,30.000000,60.000000,0.151000,1468,3821268,979.812308,23.000289,111,25,0,86,0,233,49,0,184,0,0,0,0,0,0,0,0,0,0,0,0,0,0,0,26,60,98,26,60,98,16.432106,13.984599,28.473807,0.000000,0.000000,0.000000,0,0,0,8923.453026,29.587205,169.492692,8340.973128,393.843572,118.999175,7687.923919,0.000000,0.000000,8200.766667,8923.453026,722.686359,4.413578,1.333555,86.154137,0.000000,8.098730,17.780772,11.034680,3.404479,0.043897,2,0.000000,0,0,0,100.000000,4.574203,100.000000,22.047521,4632.908920,6988.576846,-0.000000,499.789765
4320.000000,pure-acoustic,none,hardware,1,0,0,0,fifo,0.000500,180,15,hybrid,0.050000,4000.000000,6.087000,52.000000,500.000000,500.000000,2.000000,120.000000,0.000000,184,98,184,0,184,26,60,98,0,0,0,0,0,0,0,0,0.000000,0.000000,0.000000,clear-ocean,30.000000,60.000000,0.151000,1468,3821268,979.812308,22.680840,111,25,0,86,0,233,49,0,184,0,0,0,0,0,0,0,0,0,0,0,0,0,0,0,26,60,98,26,60,98,16.432106,13.984599,28.473807,0.000000,0.000000,0.000000,0,0,0,8928.853026,29.587205,169.492692,8340.973128,397.979742,120.033218,7688.153706,0.000000,0.000000,8206.166667,8928.853026,722.686359,4.457233,1.344330,86.104606,0.000000,8.093832,17.780772,11.034680,3.404479,0.043287,2,0.000000,0,0,0,100.000000,4.574203,100.000000,22.047521,4568.562963,7074.683562,0.000000,491.066123
4380.000000,pure-acoustic,none,hardware,1,0,0,0,fifo,0.000500,180,15,hybrid,0.050000,4000.000000,6.087000,52.000000,500.000000,500.000000,2.000000,120.000000,0.000000,184,98,184,0,184,26,60,98,0,0,0,0,0,0,0,0,0.000000,0.000000,0.000000,clear-ocean,30.000000,60.000000,0.151000,1468,3821268,979.812308,22.370144,111,25,0,86,0,233,49,0,184,0,0,0,0,0,0,0,0,0,0,0,0,0,0,0,26,60,98,26,60,98,16.432106,13.984599,28.473807,0.000000,0.000000,0.000000,0,0,0,8934.253026,29.587205,169.492692,8340.973128,402.115913,121.067260,7688.383494,0.000000,0.000000,8211.566667,8934.253026,722.686359,4.500834,1.355091,86.055135,0.000000,8.088940,17.780772,11.034680,3.404479,0.042694,2,0.000000,0,0,0,100.000000,4.574203,100.000000,22.047521,4505.979909,7160.790279,0.000000,459.484807
4440.000000,pure-acoustic,none,hardware,1,0,0,0,fifo,0.000500,180,15,hybrid,0.050000,4000.000000,6.087000,52.000000,500.000000,500.000000,2.000000,120.000000,0.000000,184,98,184,0,184,26,60,98,0,0,0,0,0,0,0,0,0.000000,0.000000,0.000000,clear-ocean,30.000000,60.000000,0.151000,1468,3821268,979.812308,22.067845,111,25,0,86,0,233,49,0,184,0,0,0,0,0,0,0,0,0,0,0,0,0,0,0,26,60,98,26,60,98,16.432106,13.984599,28.473807,0.000000,0.000000,0.000000,0,0,0,8939.653026,29.587205,169.492692,8340.973128,406.252083,122.101303,7688.613281,0.000000,0.000000,8216.966667,8939.653026,722.686359,4.544383,1.365839,86.005724,0.000000,8.084054,17.780772,11.034680,3.404479,0.042117,2,0.000000,0,0,0,100.000000,4.574203,100.000000,22.047521,4445.088288,7246.896995,0.000000,408.040329
4500.000000,pure-acoustic,none,hardware,1,0,0,0,fifo,0.000500,180,15,hybrid,0.050000,4000.000000,6.087000,52.000000,500.000000,500.000000,2.000000,120.000000,0.000000,184,98,184,0,184,26,60,98,0,0,0,0,0,0,0,0,0.000000,0.000000,0.000000,clear-ocean,30.000000,60.000000,0.151000,1468,3821268,979.812308,21.773607,111,25,0,86,0,233,49,0,184,0,0,0,0,0,0,0,0,0,0,0,0,0,0,0,26,60,98,26,60,98,16.432106,13.984599,28.473807,0.000000,0.000000,0.000000,0,0,0,8945.053026,29.587205,169.492692,8340.973128,410.388253,123.135345,7688.843068,0.000000,0.000000,8222.366667,8945.053026,722.686359,4.587879,1.376575,85.956372,0.000000,8.079174,17.780772,11.034680,3.404479,0.041556,2,0.000000,0,0,0,100.000000,4.574203,100.000000,22.047521,4385.820444,7333.003711,0.000000,341.610608
4560.000000,pure-acoustic,none,hardware,1,0,0,0,fifo,0.000500,180,15,hybrid,0.050000,4000.000000,6.087000,52.000000,500.000000,500.000000,2.000000,120.000000,0.000000,184,98,184,0,184,26,60,98,0,0,0,0,0,0,0,0,0.000000,0.000000,0.000000,clear-ocean,30.000000,60.000000,0.151000,1468,3821268,979.812308,21.487112,111,25,0,86,0,233,49,0,184,0,0,0,0,0,0,0,0,0,0,0,0,0,0,0,26,60,98,26,60,98,16.432106,13.984599,28.473807,0.000000,0.000000,0.000000,0,0,0,8950.453026,29.587205,169.492692,8340.973128,414.524423,124.169388,7689.072855,0.000000,0.000000,8227.766667,8950.453026,722.686359,4.631323,1.387297,85.907080,0.000000,8.074299,17.780772,11.034680,3.404479,0.041009,2,0.000000,0,0,0,100.000000,4.574203,100.000000,22.047521,4328.112281,7419.110427,0.000000,266.494452
4620.000000,pure-acoustic,none,hardware,1,0,0,0,fifo,0.000500,180,15,hybrid,0.050000,4000.000000,6.087000,52.000000,500.000000,500.000000,2.000000,120.000000,0.000000,184,98,184,0,184,26,60,98,0,0,0,0,0,0,0,0,0.000000,0.000000,0.000000,clear-ocean,30.000000,60.000000,0.151000,1468,3821268,979.812308,21.208059,111,25,0,86,0,233,49,0,184,0,0,0,0,0,0,0,0,0,0,0,0,0,0,0,26,60,98,26,60,98,16.432106,13.984599,28.473807,0.000000,0.000000,0.000000,0,0,0,8955.853026,29.587205,169.492692,8340.973128,418.660594,125.203430,7689.302643,0.000000,0.000000,8233.166667,8955.853026,722.686359,4.674715,1.398007,85.857848,0.000000,8.069431,17.780772,11.034680,3.404479,0.040476,2,0.000000,0,0,0,100.000000,4.574203,100.000000,22.047521,4271.903030,7505.217143,0.000000,189.814306
4680.000000,pure-acoustic,none,hardware,1,0,0,0,fifo,0.000500,180,15,hybrid,0.050000,4000.000000,6.087000,52.000000,500.000000,500.000000,2.000000,120.000000,0.000000,184,98,184,0,184,26,60,98,0,0,0,0,0,0,0,0,0.000000,0.000000,0.000000,clear-ocean,30.000000,60.000000,0.151000,1468,3821268,979.812308,20.936160,111,25,0,86,0,233,49,0,184,0,0,0,0,0,0,0,0,0,0,0,0,0,0,0,26,60,98,26,60,98,16.432106,13.984599,28.473807,0.000000,0.000000,0.000000,0,0,0,8961.253026,29.587205,169.492692,8340.973128,422.796764,126.237473,7689.532430,0.000000,0.000000,8238.566667,8961.253026,722.686359,4.718054,1.408703,85.808674,0.000000,8.064568,17.780772,11.034680,3.404479,0.039957,2,0.000000,0,0,0,100.000000,4.574203,100.000000,22.047521,4217.135043,7591.323859,0.000000,118.840914
4740.000000,pure-acoustic,none,hardware,1,0,0,0,fifo,0.000500,180,15,hybrid,0.050000,4000.000000,6.087000,52.000000,500.000000,500.000000,2.000000,120.000000,0.000000,184,98,184,0,184,26,60,98,0,0,0,0,0,0,0,0,0.000000,0.000000,0.000000,clear-ocean,30.000000,60.000000,0.151000,1468,3821268,979.812308,20.671146,111,25,0,86,0,233,49,0,184,0,0,0,0,0,0,0,0,0,0,0,0,0,0,0,26,60,98,26,60,98,16.432106,13.984599,28.473807,0.000000,0.000000,0.000000,0,0,0,8966.653026,29.587205,169.492692,8340.973128,426.932934,127.271516,7689.762217,0.000000,0.000000,8243.966667,8966.653026,722.686359,4.761341,1.419387,85.759560,0.000000,8.059711,17.780772,11.034680,3.404479,0.039451,2,0.000000,0,0,0,100.000000,4.574203,100.000000,22.047521,4163.753586,7677.430575,0.000000,60.303909
4800.000000,pure-acoustic,none,hardware,1,0,0,0,fifo,0.000500,180,15,hybrid,0.050000,4000.000000,6.087000,52.000000,500.000000,500.000000,2.000000,120.000000,0.000000,184,98,184,0,184,26,60,98,0,0,0,0,0,0,0,0,0.000000,0.000000,0.000000,clear-ocean,30.000000,60.000000,0.151000,1468,3821268,979.812308,20.412756,111,25,0,86,0,233,49,0,184,0,0,0,0,0,0,0,0,0,0,0,0,0,0,0,26,60,98,26,60,98,16.432106,13.984599,28.473807,0.000000,0.000000,0.000000,0,0,0,8972.053026,29.587205,169.492692,8340.973128,431.069104,128.305558,7689.992004,0.000000,0.000000,8249.366667,8972.053026,722.686359,4.804576,1.430058,85.710506,0.000000,8.054861,17.780772,11.034680,3.404479,0.038958,2,0.000000,0,0,0,100.000000,4.574203,100.000000,22.047521,4111.706667,7763.537292,0.000000,19.753718
4860.000000,pure-acoustic,none,hardware,1,0,0,0,fifo,0.000500,180,15,hybrid,0.050000,4000.000000,6.087000,52.000000,500.000000,500.000000,2.000000,120.000000,0.000000,184,98,184,0,184,26,60,98,0,0,0,0,0,0,0,0,0.000000,0.000000,0.000000,clear-ocean,30.000000,60.000000,0.151000,1468,3821268,979.812308,20.160747,111,25,0,86,0,233,49,0,184,0,0,0,0,0,0,0,0,0,0,0,0,0,0,0,26,60,98,26,60,98,16.432106,13.984599,28.473807,0.000000,0.000000,0.000000,0,0,0,8977.453026,29.587205,169.492692,8340.973128,435.205274,129.339601,7690.221792,0.000000,0.000000,8254.766667,8977.453026,722.686359,4.847759,1.440716,85.661510,0.000000,8.050015,17.780772,11.034680,3.404479,0.038477,2,0.000000,0,0,0,100.000000,4.574203,100.000000,22.047521,4060.944856,7849.644008,0.000000,1.035273
4920.000000,pure-acoustic,none,hardware,1,0,0,0,fifo,0.000500,180,15,hybrid,0.050000,4000.000000,6.087000,52.000000,500.000000,500.000000,2.000000,120.000000,0.000000,184,98,184,0,184,26,60,98,0,0,0,0,0,0,0,0,0.000000,0.000000,0.000000,clear-ocean,30.000000,60.000000,0.151000,1468,3821268,979.812308,19.914884,111,25,0,86,0,233,49,0,184,0,0,0,0,0,0,0,0,0,0,0,0,0,0,0,26,60,98,26,60,98,16.432106,13.984599,28.473807,0.000000,0.000000,0.000000,0,0,0,8982.853026,29.587205,169.492692,8340.973128,439.341445,130.373643,7690.451579,0.000000,0.000000,8260.166667,8982.853026,722.686359,4.890890,1.451361,85.612573,0.000000,8.045176,17.780772,11.034680,3.404479,0.038008,2,0.000000,0,0,0,100.000000,4.574203,100.000000,22.047521,4011.421138,7935.750724,-0.000000,5.923441
4980.000000,pure-acoustic,none,hardware,1,0,0,0,fifo,0.000500,180,15,hybrid,0.050000,4000.000000,6.087000,52.000000,500.000000,500.000000,2.000000,120.000000,0.000000,184,98,184,0,184,26,60,98,0,0,0,0,0,0,0,0,0.000000,0.000000,0.000000,clear-ocean,30.000000,60.000000,0.151000,1468,3821268,979.812308,19.674946,111,25,0,86,0,233,49,0,184,0,0,0,0,0,0,0,0,0,0,0,0,0,0,0,26,60,98,26,60,98,16.432106,13.984599,28.473807,0.000000,0.000000,0.000000,0,0,0,8988.253026,29.587205,169.492692,8340.973128,443.477615,131.407686,7690.681366,0.000000,0.000000,8265.566667,8988.253026,722.686359,4.933969,1.461994,85.563695,0.000000,8.040343,17.780772,11.034680,3.404479,0.037550,2,0.000000,0,0,0,100.000000,4.574203,100.000000,22.047521,3963.090763,8021.857440,-0.000000,33.954730
5040.000000,pure-acoustic,none,hardware,1,0,0,0,fifo,0.000500,180,15,hybrid,0.050000,4000.000000,6.087000,52.000000,500.000000,500.000000,2.000000,120.000000,0.000000,184,98,184,0,184,26,60,98,0,0,0,0,0,0,0,0,0.000000,0.000000,0.000000,clear-ocean,30.000000,60.000000,0.151000,1468,3821268,979.812308,19.440720,111,25,0,86,0,233,49,0,184,0,0,0,0,0,0,0,0,0,0,0,0,0,0,0,26,60,98,26,60,98,16.432106,13.984599,28.473807,0.000000,0.000000,0.000000,0,0,0,8993.653026,29.587205,169.492692,8340.973128,447.613785,132.441728,7690.911153,0.000000,0.000000,8270.966667,8993.653026,722.686359,4.976996,1.472613,85.514875,0.000000,8.035515,17.780772,11.034680,3.404479,0.037103,2,0.000000,0,0,0,100.000000,4.574203,100.000000,22.047521,3915.911111,8107.964156,-0.000000,82.471238
5100.000000,pure-acoustic,none,hardware,1,0,0,0,fifo,0.000500,180,15,hybrid,0.050000,4000.000000,6.087000,52.000000,500.000000,500.000000,2.000000,120.000000,0.000000,184,98,184,0,184,26,60,98,0,0,0,0,0,0,0,0,0.000000,0.000000,0.000000,clear-ocean,30.000000,60.000000,0.151000,1468,3821268,979.812308,19.212006,111,25,0,86,0,233,49,0,184,0,0,0,0,0,0,0,0,0,0,0,0,0,0,0,26,60,98,26,60,98,16.432106,13.984599,28.473807,0.000000,0.000000,0.000000,0,0,0,8999.053026,29.587205,169.492692,8340.973128,451.749955,133.475771,7691.140941,0.000000,0.000000,8276.366667,8999.053026,722.686359,5.019972,1.483220,85.466114,0.000000,8.030693,17.780772,11.034680,3.404479,0.036667,2,0.000000,0,0,0,100.000000,4.574203,100.000000,22.047521,3869.841569,8194.070872,-0.000000,146.872673
5160.000000,pure-acoustic,none,hardware,1,0,0,0,fifo,0.000500,180,15,hybrid,0.050000,4000.000000,6.087000,52.000000,500.000000,500.000000,2.000000,120.000000,0.000000,184,98,184,0,184,26,60,98,0,0,0,0,0,0,0,0,0.000000,0.000000,0.000000,clear-ocean,30.000000,60.000000,0.151000,1468,3821268,979.812308,18.988611,111,25,0,86,0,233,49,0,184,0,0,0,0,0,0,0,0,0,0,0,0,0,0,0,26,60,98,26,60,98,16.432106,13.984599,28.473807,0.000000,0.000000,0.000000,0,0,0,9004.453026,29.587205,169.492692,8340.973128,455.886125,134.509813,7691.370728,0.000000,0.000000,8281.766667,9004.453026,722.686359,5.062896,1.493814,85.417412,0.000000,8.025877,17.780772,11.034680,3.404479,0.036240,2,0.000000,0,0,0,100.000000,4.574203,100.000000,22.047521,3824.843411,8280.177588,-0.000000,221.052549
5220.000000,pure-acoustic,none,hardware,1,0,0,0,fifo,0.000500,180,15,hybrid,0.050000,4000.000000,6.087000,52.000000,500.000000,500.000000,2.000000,120.000000,0.000000,184,98,184,0,184,26,60,98,0,0,0,0,0,0,0,0,0.000000,0.000000,0.000000,clear-ocean,30.000000,60.000000,0.151000,1468,3821268,979.812308,18.770351,111,25,0,86,0,233,49,0,184,0,0,0,0,0,0,0,0,0,0,0,0,0,0,0,26,60,98,26,60,98,16.432106,13.984599,28.473807,0.000000,0.000000,0.000000,0,0,0,9009.853026,29.587205,169.492692,8340.973128,460.022296,135.543856,7691.600515,0.000000,0.000000,8287.166667,9009.853026,722.686359,5.105769,1.504396,85.368768,0.000000,8.021067,17.780772,11.034680,3.404479,0.035824,2,0.000000,0,0,0,100.000000,4.574203,100.000000,22.047521,3780.879693,8366.284305,-0.000000,297.977197
5280.000000,pure-acoustic,none,hardware,1,0,0,0,fifo,0.000500,180,15,hybrid,0.050000,4000.000000,6.087000,52.000000,500.000000,500.000000,2.000000,120.000000,0.000000,184,98,184,0,184,26,60,98,0,0,0,0,0,0,0,0,0.000000,0.000000,0.000000,clear-ocean,30.000000,60.000000,0.151000,1468,3821268,979.812308,18.557051,111,25,0,86,0,233,49,0,184,0,0,0,0,0,0,0,0,0,0,0,0,0,0,0,26,60,98,26,60,98,16.432106,13.984599,28.473807,0.000000,0.000000,0.000000,0,0,0,9015.253026,29.587205,169.492692,8340.973128,464.158466,136.577899,7691.830302,0.000000,0.000000,8292.566667,9015.253026,722.686359,5.148591,1.514965,85.320182,0.000000,8.016263,17.780772,11.034680,3.404479,0.035417,2,0.000000,0,0,0,100.000000,4.574203,100.000000,22.047521,3737.915152,8452.391021,-0.000000,370.352689
5340.000000,pure-acoustic,none,hardware,1,0,0,0,fifo,0.000500,180,15,hybrid,0.050000,4000.000000,6.087000,52.000000,500.000000,500.000000,2.000000,120.000000,0.000000,184,98,184,0,184,26,60,98,0,0,0,0,0,0,0,0,0.000000,0.000000,0.000000,clear-ocean,30.000000,60.000000,0.151000,1468,3821268,979.812308,18.348545,111,25,0,86,0,233,49,0,184,0,0,0,0,0,0,0,0,0,0,0,0,0,0,0,26,60,98,26,60,98,16.432106,13.984599,28.473807,0.000000,0.000000,0.000000,0,0,0,9020.653026,29.587205,169.492692,8340.973128,468.294636,137.611941,7692.060089,0.000000,0.000000,8297.966667,9020.653026,722.686359,5.191361,1.525521,85.271655,0.000000,8.011464,17.780772,11.034680,3.404479,0.035019,2,0.000000,0,0,0,100.000000,4.574203,100.000000,22.047521,3695.916105,8538.497737,-0.000000,431.316448
5400.000000,pure-acoustic,none,hardware,1,0,0,0,fifo,0.000500,180,15,hybrid,0.050000,4000.000000,6.087000,52.000000,500.000000,500.000000,2.000000,120.000000,0.000000,184,98,184,0,184,26,60,98,0,0,0,0,0,0,0,0,0.000000,0.000000,0.000000,clear-ocean,30.000000,60.000000,0.151000,1468,3821268,979.812308,18.144672,111,25,0,86,0,233,49,0,184,0,0,0,0,0,0,0,0,0,0,0,0,0,0,0,26,60,98,26,60,98,16.432106,13.984599,28.473807,0.000000,0.000000,0.000000,0,0,0,9026.053026,29.587205,169.492692,8340.973128,472.430806,138.645984,7692.289877,0.000000,0.000000,8303.366667,9026.053026,722.686359,5.234080,1.536064,85.223185,0.000000,8.006671,17.780772,11.034680,3.404479,0.034630,2,0.000000,0,0,0,100.000000,4.574203,100.000000,22.047521,3654.850370,8624.604453,-0.000000,475.087943
5460.000000,pure-acoustic,none,hardware,1,0,0,0,fifo,0.000500,180,15,hybrid,0.050000,4000.000000,6.087000,52.000000,500.000000,500.000000,2.000000,120.000000,0.000000,184,98,184,0,184,26,60,98,0,0,0,0,0,0,0,0,0.000000,0.000000,0.000000,clear-ocean,30.000000,60.000000,0.151000,1468,3821268,979.812308,17.945280,111,25,0,86,0,233,49,0,184,0,0,0,0,0,0,0,0,0,0,0,0,0,0,0,26,60,98,26,60,98,16.432106,13.984599,28.473807,0.000000,0.000000,0.000000,0,0,0,9031.453026,29.587205,169.492692,8340.973128,476.566977,139.680026,7692.519664,0.000000,0.000000,8308.766667,9031.453026,722.686359,5.276748,1.546595,85.174774,0.000000,8.001884,17.780772,11.034680,3.404479,0.034249,2,0.000000,0,0,0,100.000000,4.574203,100.000000,22.047521,3614.687179,8710.711169,-0.000000,497.516801
5520.000000,pure-acoustic,none,hardware,1,0,0,0,fifo,0.000500,180,15,hybrid,0.050000,4000.000000,6.087000,52.000000,500.000000,500.000000,2.000000,120.000000,0.000000,184,98,184,0,184,26,60,98,0,0,0,0,0,0,0,0,0.000000,0.000000,0.000000,clear-ocean,30.000000,60.000000,0.151000,1468,3821268,979.812308,17.750223,111,25,0,86,0,233,49,0,184,0,0,0,0,0,0,0,0,0,0,0,0,0,0,0,26,60,98,26,60,98,16.432106,13.984599,28.473807,0.000000,0.000000,0.000000,0,0,0,9036.853026,29.587205,169.492692,8340.973128,480.703147,140.714069,7692.749451,0.000000,0.000000,8314.166667,9036.853026,722.686359,5.319364,1.557114,85.126420,0.000000,7.997102,17.780772,11.034680,3.404479,0.033877,2,0.000000,0,0,0,100.000000,4.574203,100.000000,22.047521,3575.397101,8796.817885,0.000000,496.476337
5580.000000,pure-acoustic,none,hardware,1,0,0,0,fifo,0.000500,180,15,hybrid,0.050000,4000.000000,6.087000,52.000000,500.000000,500.000000,2.000000,120.000000,0.000000,184,98,184,0,184,26,60,98,0,0,0,0,0,0,0,0,0.000000,0.000000,0.000000,clear-ocean,30.000000,60.000000,0.151000,1468,3821268,979.812308,17.559360,111,25,0,86,0,233,49,0,184,0,0,0,0,0,0,0,0,0,0,0,0,0,0,0,26,60,98,26,60,98,16.432106,13.984599,28.473807,0.000000,0.000000,0.000000,0,0,0,9042.253026,29.587205,169.492692,8340.973128,484.839317,141.748111,7692.979238,0.000000,0.000000,8319.566667,9042.253026,722.686359,5.361930,1.567619,85.078124,0.000000,7.992326,17.780772,11.034680,3.404479,0.033513,2,0.000000,0,0,0,100.000000,4.574203,100.000000,22.047521,3536.951971,8882.924601,0.000000,472.065207
5640.000000,pure-acoustic,none,hardware,1,0,0,0,fifo,0.000500,180,15,hybrid,0.050000,4000.000000,6.087000,52.000000,500.000000,500.000000,2.000000,120.000000,0.000000,184,98,184,0,184,26,60,98,0,0,0,0,0,0,0,0,0.000000,0.000000,0.000000,clear-ocean,30.000000,60.000000,0.151000,1468,3821268,979.812308,17.372559,111,25,0,86,0,233,49,0,184,0,0,0,0,0,0,0,0,0,0,0,0,0,0,0,26,60,98,26,60,98,16.432106,13.984599,28.473807,0.000000,0.000000,0.000000,0,0,0,9047.653026,29.587205,169.492692,8340.973128,488.975487,142.782154,7693.209026,0.000000,0.000000,8324.966667,9047.653026,722.686359,5.404446,1.578113,85.029886,0.000000,7.987556,17.780772,11.034680,3.404479,0.033156,2,0.000000,0,0,0,100.000000,4.574203,100.000000,22.047521,3499.324823,8969.031318,0.000000,426.598054
5700.000000,pure-acoustic,none,hardware,1,0,0,0,fifo,0.000500,180,15,hybrid,0.050000,4000.000000,6.087000,52.000000,500.000000,500.000000,2.000000,120.000000,0.000000,184,98,184,0,184,26,60,98,0,0,0,0,0,0,0,0,0.000000,0.000000,0.000000,clear-ocean,30.000000,60.000000,0.151000,1468,3821268,979.812308,17.189690,111,25,0,86,0,233,49,0,184,0,0,0,0,0,0,0,0,0,0,0,0,0,0,0,26,60,98,26,60,98,16.432106,13.984599,28.473807,0.000000,0.000000,0.000000,0,0,0,9053.053026,29.587205,169.492692,8340.973128,493.111657,143.816196,7693.438813,0.000000,0.000000,8330.366667,9053.053026,722.686359,5.446910,1.588593,84.981705,0.000000,7.982792,17.780772,11.034680,3.404479,0.032807,2,0.000000,0,0,0,100.000000,4.574203,100.000000,22.047521,3462.489825,9055.138034,0.000000,364.386030
5760.000000,pure-acoustic,none,hardware,1,0,0,0,fifo,0.000500,180,15,hybrid,0.050000,4000.000000,6.087000,52.000000,500.000000,500.000000,2.000000,120.000000,0.000000,184,98,184,0,184,26,60,98,0,0,0,0,0,0,0,0,0.000000,0.000000,0.000000,clear-ocean,30.000000,60.000000,0.151000,1468,3821268,979.812308,17.010630,111,25,0,86,0,233,49,0,184,0,0,0,0,0,0,0,0,0,0,0,0,0,0,0,26,60,98,26,60,98,16.432106,13.984599,28.473807,0.000000,0.000000,0.000000,0,0,0,9058.453026,29.587205,169.492692,8340.973128,497.247828,144.850239,7693.668600,0.000000,0.000000,8335.766667,9058.453026,722.686359,5.489324,1.599062,84.933582,0.000000,7.978033,17.780772,11.034680,3.404479,0.032465,2,0.000000,0,0,0,100.000000,4.574203,100.000000,22.047521,3426.422222,9141.244750,0.000000,291.328026
5820.000000,pure-acoustic,none,hardware,1,0,0,0,fifo,0.000500,180,15,hybrid,0.050000,4000.000000,6.087000,52.000000,500.000000,500.000000,2.000000,120.000000,0.000000,184,98,184,0,184,26,60,98,0,0,0,0,0,0,0,0,0.000000,0.000000,0.000000,clear-ocean,30.000000,60.000000,0.151000,1468,3821268,979.812308,16.835263,111,25,0,86,0,233,49,0,184,0,0,0,0,0,0,0,0,0,0,0,0,0,0,0,26,60,98,26,60,98,16.432106,13.984599,28.473807,0.000000,0.000000,0.000000,0,0,0,9063.853026,29.587205,169.492692,8340.973128,501.383998,145.884282,7693.898387,0.000000,0.000000,8341.166667,9063.853026,722.686359,5.531687,1.609517,84.885516,0.000000,7.973280,17.780772,11.034680,3.404479,0.032131,2,0.000000,0,0,0,100.000000,4.574203,100.000000,22.047521,3391.098282,9227.351466,0.000000,214.351336
5880.000000,pure-acoustic,none,hardware,1,0,0,0,fifo,0.000500,180,15,hybrid,0.050000,4000.000000,6.087000,52.000000,500.000000,500.000000,2.000000,120.000000,0.000000,184,98,184,0,184,26,60,98,0,0,0,0,0,0,0,0,0.000000,0.000000,0.000000,clear-ocean,30.000000,60.000000,0.151000,1468,3821268,979.812308,16.663475,111,25,0,86,0,233,49,0,184,0,0,0,0,0,0,0,0,0,0,0,0,0,0,0,26,60,98,26,60,98,16.432106,13.984599,28.473807,0.000000,0.000000,0.000000,0,0,0,9069.253026,29.587205,169.492692,8340.973128,505.520168,146.918324,7694.128175,0.000000,0.000000,8346.566667,9069.253026,722.686359,5.574000,1.619961,84.837507,0.000000,7.968532,17.780772,11.034680,3.404479,0.031803,2,0.000000,0,0,0,100.000000,4.574203,100.000000,22.047521,3356.495238,9313.458182,0.000000,140.754819
5940.000000,pure-acoustic,none,hardware,1,0,0,0,fifo,0.000500,180,15,hybrid,0.050000,4000.000000,6.087000,52.000000,500.000000,500.000000,2.000000,120.000000,0.000000,184,98,184,0,184,26,60,98,0,0,0,0,0,0,0,0,0.000000,0.000000,0.000000,clear-ocean,30.000000,60.000000,0.151000,1468,3821268,979.812308,16.495157,111,25,0,86,0,233,49,0,184,0,0,0,0,0,0,0,0,0,0,0,0,0,0,0,26,60,98,26,60,98,16.432106,13.984599,28.473807,0.000000,0.000000,0.000000,0,0,0,9074.653026,29.587205,169.492692,8340.973128,509.656338,147.952367,7694.357962,0.000000,0.000000,8351.966667,9074.653026,722.686359,5.616263,1.630391,84.789555,0.000000,7.963791,17.780772,11.034680,3.404479,0.031481,2,0.000000,0,0,0,100.000000,4.574203,100.000000,22.047521,3322.591246,9399.564898,0.000000,77.516833
6000.000000,pure-acoustic,none,hardware,1,0,0,0,fifo,0.000500,180,15,hybrid,0.050000,4000.000000,6.087000,52.000000,500.000000,500.000000,2.000000,120.000000,0.000000,184,98,184,0,184,26,60,98,0,0,0,0,0,0,0,0,0.000000,0.000000,0.000000,clear-ocean,30.000000,60.000000,0.151000,1468,3821268,979.812308,16.330205,111,25,0,86,0,233,49,0,184,0,0,0,0,0,0,0,0,0,0,0,0,0,0,0,26,60,98,26,60,98,16.432106,13.984599,28.473807,0.000000,0.000000,0.000000,0,0,0,9080.053026,29.587205,169.492692,8340.973128,513.792508,148.986409,7694.587749,0.000000,0.000000,8357.366667,9080.053026,722.686359,5.658475,1.640810,84.741661,0.000000,7.959054,17.780772,11.034680,3.404479,0.031167,2,0.000000,0,0,0,100.000000,4.574203,100.000000,22.047521,3289.365333,9485.671614,0.000000,30.633547
6060.000000,pure-acoustic,none,hardware,1,0,0,0,fifo,0.000500,180,15,hybrid,0.050000,4000.000000,6.087000,52.000000,500.000000,500.000000,2.000000,120.000000,0.000000,184,98,184,0,184,26,60,98,0,0,0,0,0,0,0,0,0.000000,0.000000,0.000000,clear-ocean,30.000000,60.000000,0.151000,1468,3821268,979.812308,16.168520,111,25,0,86,0,233,49,0,184,0,0,0,0,0,0,0,0,0,0,0,0,0,0,0,26,60,98,26,60,98,16.432106,13.984599,28.473807,0.000000,0.000000,0.000000,0,0,0,9085.453026,29.587205,169.492692,8340.973128,517.928679,150.020452,7694.817536,0.000000,0.000000,8362.766667,9085.453026,722.686359,5.700637,1.651216,84.693823,0.000000,7.954324,17.780772,11.034680,3.404479,0.030858,2,0.000000,0,0,0,100.000000,4.574203,100.000000,22.047521,3256.797360,9571.778331,0.000000,4.550391
6120.000000,pure-acoustic,none,hardware,1,0,0,0,fifo,0.000500,180,15,hybrid,0.050000,4000.000000,6.087000,52.000000,500.000000,500.000000,2.000000,120.000000,0.000000,184,98,184,0,184,26,60,98,0,0,0,0,0,0,0,0,0.000000,0.000000,0.000000,clear-ocean,30.000000,60.000000,0.151000,1468,3821268,979.812308,16.010005,111,25,0,86,0,233,49,0,184,0,0,0,0,0,0,0,0,0,0,0,0,0,0,0,26,60,98,26,60,98,16.432106,13.984599,28.473807,0.000000,0.000000,0.000000,0,0,0,9090.853026,29.587205,169.492692,8340.973128,522.064849,151.054494,7695.047324,0.000000,0.000000,8368.166667,9090.853026,722.686359,5.742749,1.661610,84.646043,0.000000,7.949599,17.780772,11.034680,3.404479,0.030556,2,0.000000,0,0,0,100.000000,4.574203,100.000000,22.047521,3224.867974,9657.885047,-0.000000,1.740548
6180.000000,pure-acoustic,none,hardware,1,0,0,0,fifo,0.000500,180,15,hybrid,0.050000,4000.000000,6.087000,52.000000,500.000000,500.000000,2.000000,120.000000,0.000000,184,98,184,0,184,26,60,98,0,0,0,0,0,0,0,0,0.000000,0.000000,0.000000,clear-ocean,30.000000,60.000000,0.151000,1468,3821268,979.812308,15.854568,111,25,0,86,0,233,49,0,184,0,0,0,0,0,0,0,0,0,0,0,0,0,0,0,26,60,98,26,60,98,16.432106,13.984599,28.473807,0.000000,0.000000,0.000000,0,0,0,9096.253026,29.587205,169.492692,8340.973128,526.201019,152.088537,7695.277111,0.000000,0.000000,8373.566667,9096.253026,722.686359,5.784811,1.671991,84.598319,0.000000,7.944880,17.780772,11.034680,3.404479,0.030259,2,0.000000,0,0,0,100.000000,4.574203,100.000000,22.047521,3193.558576,9743.991763,-0.000000,22.470444
6240.000000,pure-acoustic,none,hardware,1,0,0,0,fifo,0.000500,180,15,hybrid,0.050000,4000.000000,6.087000,52.000000,500.000000,500.000000,2.000000,120.000000,0.000000,184,98,184,0,184,26,60,98,0,0,0,0,0,0,0,0,0.000000,0.000000,0.000000,clear-ocean,30.000000,60.000000,0.151000,1468,3821268,979.812308,15.702120,111,25,0,86,0,233,49,0,184,0,0,0,0,0,0,0,0,0,0,0,0,0,0,0,26,60,98,26,60,98,16.432106,13.984599,28.473807,0.000000,0.000000,0.000000,0,0,0,9101.653026,29.587205,169.492692,8340.973128,530.337189,153.122579,7695.506898,0.000000,0.000000,8378.966667,9101.653026,722.686359,5.826823,1.682360,84.550651,0.000000,7.940166,17.780772,11.034680,3.404479,0.029968,2,0.000000,0,0,0,100.000000,4.574203,100.000000,22.047521,3162.851282,9830.098479,-0.000000,64.774488
6300.000000,pure-acoustic,none,hardware,1,0,0,0,fifo,0.000500,180,15,hybrid,0.050000,4000.000000,6.087000,52.000000,500.000000,500.000000,2.000000,120.000000,0.000000,184,98,184,0,184,26,60,98,0,0,0,0,0,0,0,0,0.000000,0.000000,0.000000,clear-ocean,30.000000,60.000000,0.151000,1468,3821268,979.812308,15.552576,111,25,0,86,0,233,49,0,184,0,0,0,0,0,0,0,0,0,0,0,0,0,0,0,26,60,98,26,60,98,16.432106,13.984599,28.473807,0.000000,0.000000,0.000000,0,0,0,9107.053026,29.587205,169.492692,8340.973128,534.473360,154.156622,7695.736685,0.000000,0.000000,8384.366667,9107.053026,722.686359,5.868785,1.692717,84.503040,0.000000,7.935458,17.780772,11.034680,3.404479,0.029683,2,0.000000,0,0,0,100.000000,4.574203,100.000000,22.047521,3132.728889,9916.205195,-0.000000,124.641450
6360.000000,pure-acoustic,none,hardware,1,0,0,0,fifo,0.000500,180,15,hybrid,0.050000,4000.000000,6.087000,52.000000,500.000000,500.000000,2.000000,120.000000,0.000000,184,98,184,0,184,26,60,98,0,0,0,0,0,0,0,0,0.000000,0.000000,0.000000,clear-ocean,30.000000,60.000000,0.151000,1468,3821268,979.812308,15.405854,111,25,0,86,0,233,49,0,184,0,0,0,0,0,0,0,0,0,0,0,0,0,0,0,26,60,98,26,60,98,16.432106,13.984599,28.473807,0.000000,0.000000,0.000000,0,0,0,9112.453026,29.587205,169.492692,8340.973128,538.609530,155.190664,7695.966472,0.000000,0.000000,8389.766667,9112.453026,722.686359,5.910697,1.703061,84.455486,0.000000,7.930755,17.780772,11.034680,3.404479,0.029403,2,0.000000,0,0,0,100.000000,4.574203,100.000000,22.047521,3103.174843,10002.311911,-0.000000,196.394798
6420.000000,pure-acoustic,none,hardware,1,0,0,0,fifo,0.000500,180,15,hybrid,0.050000,4000.000000,6.087000,52.000000,500.000000,500.000000,2.000000,120.000000,0.000000,184,98,184,0,184,26,60,98,0,0,0,0,0,0,0,0,0.000000,0.000000,0.000000,clear-ocean,30.000000,60.000000,0.151000,1468,3821268,979.812308,15.261874,111,25,0,86,0,233,49,0,184,0,0,0,0,0,0,0,0,0,0,0,0,0,0,0,26,60,98,26,60,98,16.432106,13.984599,28.473807,0.000000,0.000000,0.000000,0,0,0,9117.853026,29.587205,169.492692,8340.973128,542.745700,156.224707,7696.196260,0.000000,0.000000,8395.166667,9117.853026,722.686359,5.952560,1.713394,84.407988,0.000000,7.926058,17.780772,11.034680,3.404479,0.029128,2,0.000000,0,0,0,100.000000,4.574203,100.000000,22.047521,3074.173209,10088.418627,-0.000000,273.230942
6480.000000,pure-acoustic,none,hardware,1,0,0,0,fifo,0.000500,180,15,hybrid,0.050000,4000.000000,6.087000,52.000000,500.000000,500.000000,2.000000,120.000000,0.000000,184,98,184,0,184,26,60,98,0,0,0,0,0,0,0,0,0.000000,0.000000,0.000000,clear-ocean,30.000000,60.000000,0.151000,1468,3821268,979.812308,15.120560,111,25,0,86,0,233,49,0,184,0,0,0,0,0,0,0,0,0,0,0,0,0,0,0,26,60,98,26,60,98,16.432106,13.984599,28.473807,0.000000,0.000000,0.000000,0,0,0,9123.253026,29.587205,169.492692,8340.973128,546.881870,157.258750,7696.426047,0.000000,0.000000,8400.566667,9123.253026,722.686359,5.994374,1.723714,84.360546,0.000000,7.921367,17.780772,11.034680,3.404479,0.028858,2,0.000000,0,0,0,100.000000,4.574203,100.000000,22.047521,3045.708642,10174.525344,-0.000000,347.864350
6540.000000,pure-acoustic,none,hardware,1,0,0,0,fifo,0.000500,180,15,hybrid,0.050000,4000.000000,6.087000,52.000000,500.000000,500.000000,2.000000,120.000000,0.000000,184,98,184,0,184,26,60,98,0,0,0,0,0,0,0,0,0.000000,0.000000,0.000000,clear-ocean,30.000000,60.000000,0.151000,1468,3821268,979.812308,14.981840,111,25,0,86,0,233,49,0,184,0,0,0,0,0,0,0,0,0,0,0,0,0,0,0,26,60,98,26,60,98,16.432106,13.984599,28.473807,0.000000,0.000000,0.000000,0,0,0,9128.653026,29.587205,169.492692,8340.973128,551.018040,158.292792,7696.655834,0.000000,0.000000,8405.966667,9128.653026,722.686359,6.036137,1.734021,84.313160,0.000000,7.916681,17.780772,11.034680,3.404479,0.028593,2,0.000000,0,0,0,100.000000,4.574203,100.000000,22.047521,3017.766361,10260.632060,-0.000000,413.218348
6600.000000,pure-acoustic,none,hardware,1,0,0,0,fifo,0.000500,180,15,hybrid,0.050000,4000.000000,6.087000,52.000000,500.000000,500.000000,2.000000,120.000000,0.000000,184,98,184,0,184,26,60,98,0,0,0,0,0,0,0,0,0.000000,0.000000,0.000000,clear-ocean,30.000000,60.000000,0.151000,1468,3821268,979.812308,14.845641,111,25,0,86,0,233,49,0,184,0,0,0,0,0,0,0,0,0,0,0,0,0,0,0,26,60,98,26,60,98,16.432106,13.984599,28.473807,0.000000,0.000000,0.000000,0,0,0,9134.053026,29.587205,169.492692,8340.973128,555.154211,159.326835,7696.885621,0.000000,0.000000,8411.366667,9134.053026,722.686359,6.077852,1.744317,84.265830,0.000000,7.912001,17.780772,11.034680,3.404479,0.028333,2,0.000000,0,0,0,100.000000,4.574203,100.000000,22.047521,2990.332121,10346.738776,-0.000000,463.096127
6660.000000,pure-acoustic,none,hardware,1,0,0,0,fifo,0.000500,180,15,hybrid,0.050000,4000.000000,6.087000,52.000000,500.000000,500.000000,2.000000,120.000000,0.000000,184,98,184,0,184,26,60,98,0,0,0,0,0,0,0,0,0.000000,0.000000,0.000000,clear-ocean,30.000000,60.000000,0.151000,1468,3821268,979.812308,14.711897,111,25,0,86,0,233,49,0,184,0,0,0,0,0,0,0,0,0,0,0,0,0,0,0,26,60,98,26,60,98,16.432106,13.984599,28.473807,0.000000,0.000000,0.000000,0,0,0,9139.453026,29.587205,169.492692,8340.973128,559.290381,160.360877,7697.115409,0.000000,0.000000,8416.766667,9139.453026,722.686359,6.119517,1.754600,84.218556,0.000000,7.907326,17.780772,11.034680,3.404479,0.028078,2,0.000000,0,0,0,100.000000,4.574203,100.000000,22.047521,2963.392192,10432.845492,-0.000000,492.768323
6720.000000,pure-acoustic,none,hardware,1,0,0,0,fifo,0.000500,180,15,hybrid,0.050000,4000.000000,6.087000,52.000000,500.000000,500.000000,2.000000,120.000000,0.000000,184,98,184,0,184,26,60,98,0,0,0,0,0,0,0,0,0.000000,0.000000,0.000000,clear-ocean,30.000000,60.000000,0.151000,1468,3821268,979.812308,14.580540,111,25,0,86,0,233,49,0,184,0,0,0,0,0,0,0,0,0,0,0,0,0,0,0,26,60,98,26,60,98,16.432106,13.984599,28.473807,0.000000,0.000000,0.000000,0,0,0,9144.853026,29.587205,169.492692,8340.973128,563.426551,161.394920,7697.345196,0.000000,0.000000,8422.166667,9144.853026,722.686359,6.161133,1.764872,84.171339,0.000000,7.902657,17.780772,11.034680,3.404479,0.027827,2,0.000000,0,0,0,100.000000,4.574203,100.000000,22.047521,2936.933333,10518.952208,0.000000,499.421444
6780.000000,pure-acoustic,none,hardware,1,0,0,0,fifo,0.000500,180,15,hybrid,0.050000,4000.000000,6.087000,52.000000,500.000000,500.000000,2.000000,120.000000,0.000000,184,98,184,0,184,26,60,98,0,0,0,0,0,0,0,0,0.000000,0.000000,0.000000,clear-ocean,30.000000,60.000000,0.151000,1468,3821268,979.812308,14.451509,111,25,0,86,0,233,49,0,184,0,0,0,0,0,0,0,0,0,0,0,0,0,0,0,26,60,98,26,60,98,16.432106,13.984599,28.473807,0.000000,0.000000,0.000000,0,0,0,9150.253026,29.587205,169.492692,8340.973128,567.562721,162.428962,7697.574983,0.000000,0.000000,8427.566667,9150.253026,722.686359,6.202700,1.775131,84.124176,0.000000,7.897993,17.780772,11.034680,3.404479,0.027581,2,0.000000,0,0,0,100.000000,4.574203,100.000000,22.047521,2910.942773,10605.058924,0.000000,482.424646
6840.000000,pure-acoustic,none,hardware,1,0,0,0,fifo,0.000500,180,15,hybrid,0.050000,4000.000000,6.087000,52.000000,500.000000,500.000000,2.000000,120.000000,0.000000,184,98,184,0,184,26,60,98,0,0,0,0,0,0,0,0,0.000000,0.000000,0.000000,clear-ocean,30.000000,60.000000,0.151000,1468,3821268,979.812308,14.324741,111,25,0,86,0,233,49,0,184,0,0,0,0,0,0,0,0,0,0,0,0,0,0,0,26,60,98,26,60,98,16.432106,13.984599,28.473807,0.000000,0.000000,0.000000,0,0,0,9155.653026,29.587205,169.492692,8340.973128,571.698891,163.463005,7697.804770,0.000000,0.000000,8432.966667,9155.653026,722.686359,6.244218,1.785378,84.077070,0.000000,7.893335,17.780772,11.034680,3.404479,0.027339,2,0.000000,0,0,0,100.000000,4.574203,100.000000,22.047521,2885.408187,10691.165640,0.000000,443.389552
6900.000000,pure-acoustic,none,hardware,1,0,0,0,fifo,0.000500,180,15,hybrid,0.050000,4000.000000,6.087000,52.000000,500.000000,500.000000,2.000000,120.000000,0.000000,184,98,184,0,184,26,60,98,0,0,0,0,0,0,0,0,0.000000,0.000000,0.000000,clear-ocean,30.000000,60.000000,0.151000,1468,3821268,979.812308,14.200178,111,25,0,86,0,233,49,0,184,0,0,0,0,0,0,0,0,0,0,0,0,0,0,0,26,60,98,26,60,98,16.432106,13.984599,28.473807,0.000000,0.000000,0.000000,0,0,0,9161.053026,29.587205,169.492692,8340.973128,575.835062,164.497047,7698.034558,0.000000,0.000000,8438.366667,9161.053026,722.686359,6.285686,1.795613,84.030019,0.000000,7.888682,17.780772,11.034680,3.404479,0.027101,2,0.000000,0,0,0,100.000000,4.574203,100.000000,22.047521,2860.317681,10777.272357,0.000000,386.017433
6960.000000,pure-acoustic,none,hardware,1,0,0,0,fifo,0.000500,180,15,hybrid,0.050000,4000.000000,6.087000,52.000000,500.000000,500.000000,2.000000,120.000000,0.000000,184,98,184,0,184,26,60,98,0,0,0,0,0,0,0,0,0.000000,0.000000,0.000000,clear-ocean,30.000000,60.000000,0.151000,1468,3821268,979.812308,14.077763,111,25,0,86,0,233,49,0,184,0,0,0,0,0,0,0,0,0,0,0,0,0,0,0,26,60,98,26,60,98,16.432106,13.984599,28.473807,0.000000,0.000000,0.000000,0,0,0,9166.453026,29.587205,169.492692,8340.973128,579.971232,165.531090,7698.264345,0.000000,0.000000,8443.766667,9166.453026,722.686359,6.327106,1.805836,83.983023,0.000000,7.884035,17.780772,11.034680,3.404479,0.026868,2,0.000000,0,0,0,100.000000,4.574203,100.000000,22.047521,2835.659770,10863.379073,0.000000,315.748263
7020.000000,pure-acoustic,none,hardware,1,0,0,0,fifo,0.000500,180,15,hybrid,0.050000,4000.000000,6.087000,52.000000,500.000000,500.000000,2.000000,120.000000,0.000000,184,98,184,0,184,26,60,98,0,0,0,0,0,0,0,0,0.000000,0.000000,0.000000,clear-ocean,30.000000,60.000000,0.151000,1468,3821268,979.812308,13.957440,111,25,0,86,0,233,49,0,184,0,0,0,0,0,0,0,0,0,0,0,0,0,0,0,26,60,98,26,60,98,16.432106,13.984599,28.473807,0.000000,0.000000,0.000000,0,0,0,9171.853026,29.587205,169.492692,8340.973128,584.107402,166.565133,7698.494132,0.000000,0.000000,8449.166667,9171.853026,722.686359,6.368478,1.816047,83.936083,0.000000,7.879393,17.780772,11.034680,3.404479,0.026638,2,0.000000,0,0,0,100.000000,4.574203,100.000000,22.047521,2811.423362,10949.485789,0.000000,239.244901
7080.000000,pure-acoustic,none,hardware,1,0,0,0,fifo,0.000500,180,15,hybrid,0.050000,4000.000000,6.087000,52.000000,500.000000,500.000000,2.000000,120.000000,0.000000,184,98,184,0,184,26,60,98,0,0,0,0,0,0,0,0,0.000000,0.000000,0.000000,clear-ocean,30.000000,60.000000,0.151000,1468,3821268,979.812308,13.839157,111,25,0,86,0,233,49,0,184,0,0,0,0,0,0,0,0,0,0,0,0,0,0,0,26,60,98,26,60,98,16.432106,13.984599,28.473807,0.000000,0.000000,0.000000,0,0,0,9177.253026,29.587205,169.492692,8340.973128,588.243572,167.599175,7698.723919,0.000000,0.000000,8454.566667,9177.253026,722.686359,6.409800,1.826246,83.889198,0.000000,7.874757,17.780772,11.034680,3.404479,0.026412,2,0.000000,0,0,0,100.000000,4.574203,100.000000,22.047521,2787.597740,11035.592505,0.000000,163.761329
7140.000000,pure-acoustic,none,hardware,1,0,0,0,fifo,0.000500,180,15,hybrid,0.050000,4000.000000,6.087000,52.000000,500.000000,500.000000,2.000000,120.000000,0.000000,184,98,184,0,184,26,60,98,0,0,0,0,0,0,0,0,0.000000,0.000000,0.000000,clear-ocean,30.000000,60.000000,0.151000,1468,3821268,979.812308,13.722861,111,25,0,86,0,233,49,0,184,0,0,0,0,0,0,0,0,0,0,0,0,0,0,0,26,60,98,26,60,98,16.432106,13.984599,28.473807,0.000000,0.000000,0.000000,0,0,0,9182.653026,29.587205,169.492692,8340.973128,592.379742,168.633218,7698.953706,0.000000,0.000000,8459.966667,9182.653026,722.686359,6.451074,1.836432,83.842368,0.000000,7.870126,17.780772,11.034680,3.404479,0.026190,2,0.000000,0,0,0,100.000000,4.574203,100.000000,22.047521,2764.172549,11121.699221,0.000000,96.454830
7200.000000,pure-acoustic,none,hardware,1,0,0,0,fifo,0.000500,180,15,hybrid,0.050000,4000.000000,6.087000,52.000000,500.000000,500.000000,2.000000,120.000000,0.000000,184,98,184,0,184,26,60,98,0,0,0,0,0,0,0,0,0.000000,0.000000,0.000000,clear-ocean,30.000000,60.000000,0.151000,1468,3821268,979.812308,13.608504,111,25,0,86,0,233,49,0,184,0,0,0,0,0,0,0,0,0,0,0,0,0,0,0,26,60,98,26,60,98,16.432106,13.984599,28.473807,0.000000,0.000000,0.000000,0,0,0,9188.053026,29.587205,169.492692,8340.973128,596.515913,169.667260,7699.183494,0.000000,0.000000,8465.366667,9188.053026,722.686359,6.492299,1.846607,83.795593,0.000000,7.865501,17.780772,11.034680,3.404479,0.025972,2,0.000000,0,0,0,100.000000,4.574203,100.000000,22.047521,2741.137778,11207.805937,0.000000,43.707346
7260.000000,pure-acoustic,none,hardware,1,0,0,0,fifo,0.000500,180,15,hybrid,0.050000,4000.000000,6.087000,52.000000,500.000000,500.000000,2.000000,120.000000,0.000000,184,98,184,0,184,26,60,98,0,0,0,0,0,0,0,0,0.000000,0.000000,0.000000,clear-ocean,30.000000,60.000000,0.151000,1468,3821268,979.812308,13.496037,111,25,0,86,0,233,49,0,184,0,0,0,0,0,0,0,0,0,0,0,0,0,0,0,26,60,98,26,60,98,16.432106,13.984599,28.473807,0.000000,0.000000,0.000000,0,0,0,9193.453026,29.587205,169.492692,8340.973128,600.652083,170.701303,7699.413281,0.000000,0.000000,8470.766667,9193.453026,722.686359,6.533476,1.856770,83.748873,0.000000,7.860881,17.780772,11.034680,3.404479,0.025758,2,0.000000,0,0,0,100.000000,4.574203,100.000000,22.047521,2718.483747,11293.912653,0.000000,10.520348
7320.000000,pure-acoustic,none,hardware,1,0,0,0,fifo,0.000500,180,15,hybrid,0.050000,4000.000000,6.087000,52.000000,500.000000,500.000000,2.000000,120.000000,0.000000,184,98,184,0,184,26,60,98,0,0,0,0,0,0,0,0,0.000000,0.000000,0.000000,clear-ocean,30.000000,60.000000,0.151000,1468,3821268,979.812308,13.385414,111,25,0,86,0,233,49,0,184,0,0,0,0,0,0,0,0,0,0,0,0,0,0,0,26,60,98,26,60,98,16.432106,13.984599,28.473807,0.000000,0.000000,0.000000,0,0,0,9198.853026,29.587205,169.492692,8340.973128,604.788253,171.735345,7699.643068,0.000000,0.000000,8476.166667,9198.853026,722.686359,6.574605,1.866921,83.702208,0.000000,7.856266,17.780772,11.034680,3.404479,0.025546,2,0.000000,0,0,0,100.000000,4.574203,100.000000,22.047521,2696.201093,11380.019370,-0.000000,0.040596
7380.000000,pure-acoustic,none,hardware,1,0,0,0,fifo,0.000500,180,15,hybrid,0.050000,4000.000000,6.087000,52.000000,500.000000,500.000000,2.000000,120.000000,0.000000,184,98,184,0,184,26,60,98,0,0,0,0,0,0,0,0,0.000000,0.000000,0.000000,clear-ocean,30.000000,60.000000,0.151000,1468,3821268,979.812308,13.276590,111,25,0,86,0,233,49,0,184,0,0,0,0,0,0,0,0,0,0,0,0,0,0,0,26,60,98,26,60,98,16.432106,13.984599,28.473807,0.000000,0.000000,0.000000,0,0,0,9204.253026,29.587205,169.492692,8340.973128,608.924423,172.769388,7699.872855,0.000000,0.000000,8481.566667,9204.253026,722.686359,6.615685,1.877060,83.655597,0.000000,7.851657,17.780772,11.034680,3.404479,0.025339,2,0.000000,0,0,0,100.000000,4.574203,100.000000,22.047521,2674.280759,11466.126086,-0.000000,13.261771
7440.000000,pure-acoustic,none,hardware,1,0,0,0,fifo,0.000500,180,15,hybrid,0.050000,4000.000000,6.087000,52.000000,500.000000,500.000000,2.000000,120.000000,0.000000,184,98,184,0,184,26,60,98,0,0,0,0,0,0,0,0,0.000000,0.000000,0.000000,clear-ocean,30.000000,60.000000,0.151000,1468,3821268,979.812308,13.169520,111,25,0,86,0,233,49,0,184,0,0,0,0,0,0,0,0,0,0,0,0,0,0,0,26,60,98,26,60,98,16.432106,13.984599,28.473807,0.000000,0.000000,0.000000,0,0,0,9209.653026,29.587205,169.492692,8340.973128,613.060594,173.803430,7700.102643,0.000000,0.000000,8486.966667,9209.653026,722.686359,6.656718,1.887188,83.609042,0.000000,7.847053,17.780772,11.034680,3.404479,0.025134,2,0.000000,0,0,0,100.000000,4.574203,100.000000,22.047521,2652.713978,11552.232802,-0.000000,48.930253
7500.000000,pure-acoustic,none,hardware,1,0,0,0,fifo,0.000500,180,15,hybrid,0.050000,4000.000000,6.087000,52.000000,500.000000,500.000000,2.000000,120.000000,0.000000,184,98,184,0,184,26,60,98,0,0,0,0,0,0,0,0,0.000000,0.000000,0.000000,clear-ocean,30.000000,60.000000,0.151000,1468,3821268,979.812308,13.064164,111,25,0,86,0,233,49,0,184,0,0,0,0,0,0,0,0,0,0,0,0,0,0,0,26,60,98,26,60,98,16.432106,13.984599,28.473807,0.000000,0.000000,0.000000,0,0,0,9215.053026,29.587205,169.492692,8340.973128,617.196764,174.837473,7700.332430,0.000000,0.000000,8492.366667,9215.053026,722.686359,6.697702,1.897303,83.562541,0.000000,7.842455,17.780772,11.034680,3.404479,0.024933,2,0.000000,0,0,0,100.000000,4.574203,100.000000,22.047521,2631.492267,11638.339518,-0.000000,103.663988
7560.000000,pure-acoustic,none,hardware,1,0,0,0,fifo,0.000500,180,15,hybrid,0.050000,4000.000000,6.087000,52.000000,500.000000,500.000000,2.000000,120.000000,0.000000,184,98,184,0,184,26,60,98,0,0,0,0,0,0,0,0,0.000000,0.000000,0.000000,clear-ocean,30.000000,60.000000,0.151000,1468,3821268,979.812308,12.960480,111,25,0,86,0,233,49,0,184,0,0,0,0,0,0,0,0,0,0,0,0,0,0,0,26,60,98,26,60,98,16.432106,13.984599,28.473807,0.000000,0.000000,0.000000,0,0,0,9220.453026,29.587205,169.492692,8340.973128,621.332934,175.871516,7700.562217,0.000000,0.000000,8497.766667,9220.453026,722.686359,6.738638,1.907406,83.516094,0.000000,7.837862,17.780772,11.034680,3.404479,0.024735,2,0.000000,0,0,0,100.000000,4.574203,100.000000,22.047521,2610.607407,11724.446234,-0.000000,172.273173
7620.000000,pure-acoustic,none,hardware,1,0,0,0,fifo,0.000500,180,15,hybrid,0.050000,4000.000000,6.087000,52.000000,500.000000,500.000000,2.000000,120.000000,0.000000,184,98,184,0,184,26,60,98,0,0,0,0,0,0,0,0,0.000000,0.000000,0.000000,clear-ocean,30.000000,60.000000,0.151000,1468,3821268,979.812308,12.858429,111,25,0,86,0,233,49,0,184,0,0,0,0,0,0,0,0,0,0,0,0,0,0,0,26,60,98,26,60,98,16.432106,13.984599,28.473807,0.000000,0.000000,0.000000,0,0,0,9225.853026,29.587205,169.492692,8340.973128,625.469104,176.905558,7700.792004,0.000000,0.000000,8503.166667,9225.853026,722.686359,6.779526,1.917498,83.469702,0.000000,7.833274,17.780772,11.034680,3.404479,0.024541,2,0.000000,0,0,0,100.000000,4.574203,100.000000,22.047521,2590.051444,11810.552950,-0.000000,248.252347
7680.000000,pure-acoustic,none,hardware,1,0,0,0,fifo,0.000500,180,15,hybrid,0.050000,4000.000000,6.087000,52.000000,500.000000,500.000000,2.000000,120.000000,0.000000,184,98,184,0,184,26,60,98,0,0,0,0,0,0,0,0,0.000000,0.000000,0.000000,clear-ocean,30.000000,60.000000,0.151000,1468,3821268,979.812308,12.757973,111,25,0,86,0,233,49,0,184,0,0,0,0,0,0,0,0,0,0,0,0,0,0,0,26,60,98,26,60,98,16.432106,13.984599,28.473807,0.000000,0.000000,0.000000,0,0,0,9231.253026,29.587205,169.492692,8340.973128,629.605274,177.939601,7701.021792,0.000000,0.000000,8508.566667,9231.253026,722.686359,6.820366,1.927578,83.423364,0.000000,7.828692,17.780772,11.034680,3.404479,0.024349,2,0.000000,0,0,0,100.000000,4.574203,100.000000,22.047521,2569.816667,11896.659666,-0.000000,324.397231
7740.000000,pure-acoustic,none,hardware,1,0,0,0,fifo,0.000500,180,15,hybrid,0.050000,4000.000000,6.087000,52.000000,500.000000,500.000000,2.000000,120.000000,0.000000,184,98,184,0,184,26,60,98,0,0,0,0,0,0,0,0,0.000000,0.000000,0.000000,clear-ocean,30.000000,60.000000,0.151000,1468,3821268,979.812308,12.659074,111,25,0,86,0,233,49,0,184,0,0,0,0,0,0,0,0,0,0,0,0,0,0,0,26,60,98,26,60,98,16.432106,13.984599,28.473807,0.000000,0.000000,0.000000,0,0,0,9236.653026,29.587205,169.492692,8340.973128,633.741445,178.973643,7701.251579,0.000000,0.000000,8513.966667,9236.653026,722.686359,6.861159,1.937646,83.377080,0.000000,7.824115,17.780772,11.034680,3.404479,0.024160,2,0.000000,0,0,0,100.000000,4.574203,100.000000,22.047521,2549.895607,11982.766383,-0.000000,393.487836
7800.000000,pure-acoustic,none,hardware,1,0,0,0,fifo,0.000500,180,15,hybrid,0.050000,4000.000000,6.087000,52.000000,500.000000,500.000000,2.000000,120.000000,0.000000,184,98,184,0,184,26,60,98,0,0,0,0,0,0,0,0,0.000000,0.000000,0.000000,clear-ocean,30.000000,60.000000,0.151000,1468,3821268,979.812308,12.561696,111,25,0,86,0,233,49,0,184,0,0,0,0,0,0,0,0,0,0,0,0,0,0,0,26,60,98,26,60,98,16.432106,13.984599,28.473807,0.000000,0.000000,0.000000,0,0,0,9242.053026,29.587205,169.492692,8340.973128,637.877615,180.007686,7701.481366,0.000000,0.000000,8519.366667,9242.053026,722.686359,6.901904,1.947702,83.330850,0.000000,7.819544,17.780772,11.034680,3.404479,0.023974,2,0.000000,0,0,0,100.000000,4.574203,100.000000,22.047521,2530.281026,12068.873099,-0.000000,448.973053
7860.000000,pure-acoustic,none,hardware,1,0,0,0,fifo,0.000500,180,15,hybrid,0.050000,4000.000000,6.087000,52.000000,500.000000,500.000000,2.000000,120.000000,0.000000,184,98,184,0,184,26,60,98,0,0,0,0,0,0,0,0,0.000000,0.000000,0.000000,clear-ocean,30.000000,60.000000,0.151000,1468,3821268,979.812308,12.465805,111,25,0,86,0,233,49,0,184,0,0,0,0,0,0,0,0,0,0,0,0,0,0,0,26,60,98,26,60,98,16.432106,13.984599,28.473807,0.000000,0.000000,0.000000,0,0,0,9247.453026,29.587205,169.492692,8340.973128,642.013785,181.041728,7701.711153,0.000000,0.000000,8524.766667,9247.453026,722.686359,6.942601,1.957747,83.284675,0.000000,7.814977,17.780772,11.034680,3.404479,0.023791,2,0.000000,0,0,0,100.000000,4.574203,100.000000,22.047521,2510.965903,12154.979815,-0.000000,485.591824
7920.000000,pure-acoustic,none,hardware,1,0,0,0,fifo,0.000500,180,15,hybrid,0.050000,4000.000000,6.087000,52.000000,500.000000,500.000000,2.000000,120.000000,0.000000,184,98,184,0,184,26,60,98,0,0,0,0,0,0,0,0,0.000000,0.000000,0.000000,clear-ocean,30.000000,60.000000,0.151000,1468,3821268,979.812308,12.371368,111,25,0,86,0,233,49,0,184,0,0,0,0,0,0,0,0,0,0,0,0,0,0,0,26,60,98,26,60,98,16.432106,13.984599,28.473807,0.000000,0.000000,0.000000,0,0,0,9252.853026,29.587205,169.492692,8340.973128,646.149955,182.075771,7701.940941,0.000000,0.000000,8530.166667,9252.853026,722.686359,6.983251,1.967780,83.238553,0.000000,7.810416,17.780772,11.034680,3.404479,0.023611,2,0.000000,0,0,0,100.000000,4.574203,100.000000,22.047521,2491.943434,12241.086531,-0.000000,499.871988
7980.000000,pure-acoustic,none,hardware,1,0,0,0,fifo,0.000500,180,15,hybrid,0.050000,4000.000000,6.087000,52.000000,500.000000,500.000000,2.000000,120.000000,0.000000,184,98,184,0,184,26,60,98,0,0,0,0,0,0,0,0,0.000000,0.000000,0.000000,clear-ocean,30.000000,60.000000,0.151000,1468,3821268,979.812308,12.278350,111,25,0,86,0,233,49,0,184,0,0,0,0,0,0,0,0,0,0,0,0,0,0,0,26,60,98,26,60,98,16.432106,13.984599,28.473807,0.000000,0.000000,0.000000,0,0,0,9258.253026,29.587205,169.492692,8340.973128,650.286125,183.109813,7702.170728,0.000000,0.000000,8535.566667,9258.253026,722.686359,7.023853,1.977801,83.192485,0.000000,7.805861,17.780772,11.034680,3.404479,0.023434,2,0.000000,0,0,0,100.000000,4.574203,100.000000,22.047521,2473.207018,12327.193247,0.000000,490.459514
8040.000000,pure-acoustic,none,hardware,1,0,0,0,fifo,0.000500,180,15,hybrid,0.050000,4000.000000,6.087000,52.000000,500.000000,500.000000,2.000000,120.000000,0.000000,184,98,184,0,184,26,60,98,0,0,0,0,0,0,0,0,0.000000,0.000000,0.000000,clear-ocean,30.000000,60.000000,0.151000,1468,3821268,979.812308,12.186720,111,25,0,86,0,233,49,0,184,0,0,0,0,0,0,0,0,0,0,0,0,0,0,0,26,60,98,26,60,98,16.432106,13.984599,28.473807,0.000000,0.000000,0.000000,0,0,0,9263.653026,29.587205,169.492692,8340.973128,654.422296,184.143856,7702.400515,0.000000,0.000000,8540.966667,9263.653026,722.686359,7.064409,1.987810,83.146470,0.000000,7.801311,17.780772,11.034680,3.404479,0.023259,2,0.000000,0,0,0,100.000000,4.574203,100.000000,22.047521,2454.750249,12413.299963,0.000000,458.246884
8100.000000,pure-acoustic,none,hardware,1,0,0,0,fifo,0.000500,180,15,hybrid,0.050000,4000.000000,6.087000,52.000000,500.000000,500.000000,2.000000,120.000000,0.000000,184,98,184,0,184,26,60,98,0,0,0,0,0,0,0,0,0.000000,0.000000,0.000000,clear-ocean,30.000000,60.000000,0.151000,1468,3821268,979.812308,12.096448,111,25,0,86,0,233,49,0,184,0,0,0,0,0,0,0,0,0,0,0,0,0,0,0,26,60,98,26,60,98,16.432106,13.984599,28.473807,0.000000,0.000000,0.000000,0,0,0,9269.053026,29.587205,169.492692,8340.973128,658.558466,185.177899,7702.630302,0.000000,0.000000,8546.366667,9269.053026,722.686359,7.104916,1.997808,83.100510,0.000000,7.796766,17.780772,11.034680,3.404479,0.023086,2,0.000000,0,0,0,100.000000,4.574203,100.000000,22.047521,2436.566914,12499.406680,0.000000,406.288471
8160.000000,pure-acoustic,none,hardware,1,0,0,0,fifo,0.000500,180,15,hybrid,0.050000,4000.000000,6.087000,52.000000,500.000000,500.000000,2.000000,120.000000,0.000000,184,98,184,0,184,26,60,98,0,0,0,0,0,0,0,0,0.000000,0.000000,0.000000,clear-ocean,30.000000,60.000000,0.151000,1468,3821268,979.812308,12.007504,111,25,0,86,0,233,49,0,184,0,0,0,0,0,0,0,0,0,0,0,0,0,0,0,26,60,98,26,60,98,16.432106,13.984599,28.473807,0.000000,0.000000,0.000000,0,0,0,9274.453026,29.587205,169.492692,8340.973128,662.694636,186.211941,7702.860089,0.000000,0.000000,8551.766667,9274.453026,722.686359,7.145377,2.007794,83.054602,0.000000,7.792226,17.780772,11.034680,3.404479,0.022917,2,0.000000,0,0,0,100.000000,4.574203,100.000000,22.047521,2418.650980,12585.513396,0.000000,339.510925
8220.000000,pure-acoustic,none,hardware,1,0,0,0,fifo,0.000500,180,15,hybrid,0.050000,4000.000000,6.087000,52.000000,500.000000,500.000000,2.000000,120.000000,0.000000,184,98,184,0,184,26,60,98,0,0,0,0,0,0,0,0,0.000000,0.000000,0.000000,clear-ocean,30.000000,60.000000,0.151000,1468,3821268,979.812308,11.919858,111,25,0,86,0,233,49,0,184,0,0,0,0,0,0,0,0,0,0,0,0,0,0,0,26,60,98,26,60,98,16.432106,13.984599,28.473807,0.000000,0.000000,0.000000,0,0,0,9279.853026,29.587205,169.492692,8340.973128,666.830806,187.245984,7703.089877,0.000000,0.000000,8557.166667,9279.853026,722.686359,7.185791,2.017769,83.008749,0.000000,7.787692,17.780772,11.034680,3.404479,0.022749,2,0.000000,0,0,0,100.000000,4.574203,100.000000,22.047521,2400.996594,12528.379888,0.000000,385.182255
8280.000000,pure-acoustic,none,hardware,1,0,0,0,fifo,0.000500,180,15,hybrid,0.050000,4000.000000,6.087000,52.000000,500.000000,500.000000,2.000000,120.000000,0.000000,184,98,184,0,184,26,60,98,0,0,0,0,0,0,0,0,0.000000,0.000000,0.000000,clear-ocean,30.000000,60.000000,0.151000,1468,3821268,979.812308,11.833482,111,25,0,86,0,233,49,0,184,0,0,0,0,0,0,0,0,0,0,0,0,0,0,0,26,60,98,26,60,98,16.432106,13.984599,28.473807,0.000000,0.000000,0.000000,0,0,0,9285.253026,29.587205,169.492692,8340.973128,670.966977,188.280026,7703.319664,0.000000,0.000000,8562.566667,9285.253026,722.686359,7.226157,2.027732,82.962948,0.000000,7.783163,17.780772,11.034680,3.404479,0.022585,2,0.000000,0,0,0,100.000000,4.574203,100.000000,22.047521,2383.598068,12442.273172,0.000000,442.758027
8340.000000,pure-acoustic,none,hardware,1,0,0,0,fifo,0.000500,180,15,hybrid,0.050000,4000.000000,6.087000,52.000000,500.000000,500.000000,2.000000,120.000000,0.000000,184,98,184,0,184,26,60,98,0,0,0,0,0,0,0,0,0.000000,0.000000,0.000000,clear-ocean,30.000000,60.000000,0.151000,1468,3821268,979.812308,11.748349,111,25,0,86,0,233,49,0,184,0,0,0,0,0,0,0,0,0,0,0,0,0,0,0,26,60,98,26,60,98,16.432106,13.984599,28.473807,0.000000,0.000000,0.000000,0,0,0,9290.653026,29.587205,169.492692,8340.973128,675.103147,189.314069,7703.549451,0.000000,0.000000,8567.966667,9290.653026,722.686359,7.266477,2.037683,82.917201,0.000000,7.778639,17.780772,11.034680,3.404479,0.022422,2,0.000000,0,0,0,100.000000,4.574203,100.000000,22.047521,2366.449880,12356.166456,0.000000,482.056655
8400.000000,pure-acoustic,none,hardware,1,0,0,0,fifo,0.000500,180,15,hybrid,0.050000,4000.000000,6.087000,52.000000,500.000000,500.000000,2.000000,120.000000,0.000000,184,98,184,0,184,26,60,98,0,0,0,0,0,0,0,0,0.000000,0.000000,0.000000,clear-ocean,30.000000,60.000000,0.151000,1468,3821268,979.812308,11.664432,111,25,0,86,0,233,49,0,184,0,0,0,0,0,0,0,0,0,0,0,0,0,0,0,26,60,98,26,60,98,16.432106,13.984599,28.473807,0.000000,0.000000,0.000000,0,0,0,9296.053026,29.587205,169.492692,8340.973128,679.239317,190.348111,7703.779238,0.000000,0.000000,8573.366667,9296.053026,722.686359,7.306750,2.047623,82.871507,0.000000,7.774120,17.780772,11.034680,3.404479,0.022262,2,0.000000,0,0,0,100.000000,4.574203,100.000000,22.047521,2349.546667,12270.059740,0.000000,499.351878
8460.000000,pure-acoustic,none,hardware,1,0,0,0,fifo,0.000500,180,15,hybrid,0.050000,4000.000000,6.087000,52.000000,500.000000,500.000000,2.000000,120.000000,0.000000,184,98,184,0,184,26,60,98,0,0,0,0,0,0,0,0,0.000000,0.000000,0.000000,clear-ocean,30.000000,60.000000,0.151000,1468,3821268,979.812308,11.581706,111,25,0,86,0,233,49,0,184,0,0,0,0,0,0,0,0,0,0,0,0,0,0,0,26,60,98,26,60,98,16.432106,13.984599,28.473807,0.000000,0.000000,0.000000,0,0,0,9301.453026,29.587205,169.492692,8340.973128,683.375487,191.382154,7704.009026,0.000000,0.000000,8578.766667,9301.453026,722.686359,7.346976,2.057551,82.825866,0.000000,7.769607,17.780772,11.034680,3.404479,0.022104,2,0.000000,0,0,0,100.000000,4.574203,100.000000,22.047521,2332.883215,12183.953024,-0.000000,493.003780
8520.000000,pure-acoustic,none,hardware,1,0,0,0,fifo,0.000500,180,15,hybrid,0.050000,4000.000000,6.087000,52.000000,500.000000,500.000000,2.000000,120.000000,0.000000,184,98,184,0,184,26,60,98,0,0,0,0,0,0,0,0,0.000000,0.000000,0.000000,clear-ocean,30.000000,60.000000,0.151000,1468,3821268,979.812308,11.500144,111,25,0,86,0,233,49,0,184,0,0,0,0,0,0,0,0,0,0,0,0,0,0,0,26,60,98,26,60,98,16.432106,13.984599,28.473807,0.000000,0.000000,0.000000,0,0,0,9306.853026,29.587205,169.492692,8340.973128,687.511657,192.416196,7704.238813,0.000000,0.000000,8584.166667,9306.853026,722.686359,7.387155,2.067468,82.780278,0.000000,7.765099,17.780772,11.034680,3.404479,0.021948,2,0.000000,0,0,0,100.000000,4.574203,100.000000,22.047521,2316.454460,12097.846307,-0.000000,463.614281
8580.000000,pure-acoustic,none,hardware,1,0,0,0,fifo,0.000500,180,15,hybrid,0.050000,4000.000000,6.087000,52.000000,500.000000,500.000000,2.000000,120.000000,0.000000,184,98,184,0,184,26,60,98,0,0,0,0,0,0,0,0,0.000000,0.000000,0.000000,clear-ocean,30.000000,60.000000,0.151000,1468,3821268,979.812308,11.419724,111,25,0,86,0,233,49,0,184,0,0,0,0,0,0,0,0,0,0,0,0,0,0,0,26,60,98,26,60,98,16.432106,13.984599,28.473807,0.000000,0.000000,0.000000,0,0,0,9312.253026,29.587205,169.492692,8340.973128,691.647828,193.450239,7704.468600,0.000000,0.000000,8589.566667,9312.253026,722.686359,7.427288,2.077373,82.734743,0.000000,7.760596,17.780772,11.034680,3.404479,0.021795,2,0.000000,0,0,0,100.000000,4.574203,100.000000,22.047521,2300.255478,12011.739591,-0.000000,413.970067
8640.000000,pure-acoustic,none,hardware,1,0,0,0,fifo,0.000500,180,15,hybrid,0.050000,4000.000000,6.087000,52.000000,500.000000,500.000000,2.000000,120.000000,0.000000,184,98,184,0,184,26,60,98,0,0,0,0,0,0,0,0,0.000000,0.000000,0.000000,clear-ocean,30.000000,60.000000,0.151000,1468,3821268,979.812308,11.340420,111,25,0,86,0,233,49,0,184,0,0,0,0,0,0,0,0,0,0,0,0,0,0,0,26,60,98,26,60,98,16.432106,13.984599,28.473807,0.000000,0.000000,0.000000,0,0,0,9317.653026,29.587205,169.492692,8340.973128,695.783998,194.484282,7704.698387,0.000000,0.000000,8594.966667,9317.653026,722.686359,7.467374,2.087267,82.689261,0.000000,7.756099,17.780772,11.034680,3.404479,0.021644,2,0.000000,0,0,0,100.000000,4.574203,100.000000,22.047521,2284.281481,11925.632875,-0.000000,348.778358
8700.000000,pure-acoustic,none,hardware,1,0,0,0,fifo,0.000500,180,15,hybrid,0.050000,4000.000000,6.087000,52.000000,500.000000,500.000000,2.000000,120.000000,0.000000,184,98,184,0,184,26,60,98,0,0,0,0,0,0,0,0,0.000000,0.000000,0.000000,clear-ocean,30.000000,60.000000,0.151000,1468,3821268,979.812308,11.262210,111,25,0,86,0,233,49,0,184,0,0,0,0,0,0,0,0,0,0,0,0,0,0,0,26,60,98,26,60,98,16.432106,13.984599,28.473807,0.000000,0.000000,0.000000,0,0,0,9323.053026,29.587205,169.492692,8340.973128,699.920168,195.518324,7704.928175,0.000000,0.000000,8600.366667,9323.053026,722.686359,7.507414,2.097149,82.643831,0.000000,7.751606,17.780772,11.034680,3.404479,0.021494,2,0.000000,0,0,0,100.000000,4.574203,100.000000,22.047521,2268.527816,11839.526159,-0.000000,274.220573
8760.000000,pure-acoustic,none,hardware,1,0,0,0,fifo,0.000500,180,15,hybrid,0.050000,4000.000000,6.087000,52.000000,500.000000,500.000000,2.000000,120.000000,0.000000,184,98,184,0,184,26,60,98,0,0,0,0,0,0,0,0,0.000000,0.000000,0.000000,clear-ocean,30.000000,60.000000,0.151000,1468,3821268,979.812308,11.185072,111,25,0,86,0,233,49,0,184,0,0,0,0,0,0,0,0,0,0,0,0,0,0,0,26,60,98,26,60,98,16.432106,13.984599,28.473807,0.000000,0.000000,0.000000,0,0,0,9328.453026,29.587205,169.492692,8340.973128,704.056338,196.552367,7705.157962,0.000000,0.000000,8605.766667,9328.453026,722.686359,7.547407,2.107020,82.598454,0.000000,7.747119,17.780772,11.034680,3.404479,0.021347,2,0.000000,0,0,0,100.000000,4.574203,100.000000,22.047521,2252.989954,11753.419443,-0.000000,197.366215
8820.000000,pure-acoustic,none,hardware,1,0,0,0,fifo,0.000500,180,15,hybrid,0.050000,4000.000000,6.087000,52.000000,500.000000,500.000000,2.000000,120.000000,0.000000,184,98,184,0,184,26,60,98,0,0,0,0,0,0,0,0,0.000000,0.000000,0.000000,clear-ocean,30.000000,60.000000,0.151000,1468,3821268,979.812308,11.108983,111,25,0,86,0,233,49,0,184,0,0,0,0,0,0,0,0,0,0,0,0,0,0,0,26,60,98,26,60,98,16.432106,13.984599,28.473807,0.000000,0.000000,0.000000,0,0,0,9333.853026,29.587205,169.492692,8340.973128,708.192508,197.586409,7705.387749,0.000000,0.000000,8611.166667,9333.853026,722.686359,7.587354,2.116879,82.553129,0.000000,7.742637,17.780772,11.034680,3.404479,0.021202,2,0.000000,0,0,0,100.000000,4.574203,100.000000,22.047521,2237.663492,11667.312727,-0.000000,125.502546
8880.000000,pure-acoustic,none,hardware,1,0,0,0,fifo,0.000500,180,15,hybrid,0.050000,4000.000000,6.087000,52.000000,500.000000,500.000000,2.000000,120.000000,0.000000,184,98,184,0,184,26,60,98,0,0,0,0,0,0,0,0,0.000000,0.000000,0.000000,clear-ocean,30.000000,60.000000,0.151000,1468,3821268,979.812308,11.033922,111,25,0,86,0,233,49,0,184,0,0,0,0,0,0,0,0,0,0,0,0,0,0,0,26,60,98,26,60,98,16.432106,13.984599,28.473807,0.000000,0.000000,0.000000,0,0,0,9339.253026,29.587205,169.492692,8340.973128,712.328679,198.620452,7705.617536,0.000000,0.000000,8616.566667,9339.253026,722.686359,7.627255,2.126727,82.507857,0.000000,7.738160,17.780772,11.034680,3.404479,0.021059,2,0.000000,0,0,0,100.000000,4.574203,100.000000,22.047521,2222.544144,11581.206011,-0.000000,65.443614
8940.000000,pure-acoustic,none,hardware,1,0,0,0,fifo,0.000500,180,15,hybrid,0.050000,4000.000000,6.087000,52.000000,500.000000,500.000000,2.000000,120.000000,0.000000,184,98,184,0,184,26,60,98,0,0,0,0,0,0,0,0,0.000000,0.000000,0.000000,clear-ocean,30.000000,60.000000,0.151000,1468,3821268,979.812308,10.959869,111,25,0,86,0,233,49,0,184,0,0,0,0,0,0,0,0,0,0,0,0,0,0,0,26,60,98,26,60,98,16.432106,13.984599,28.473807,0.000000,0.000000,0.000000,0,0,0,9344.653026,29.587205,169.492692,8340.973128,716.464849,199.654494,7705.847324,0.000000,0.000000,8621.966667,9344.653026,722.686359,7.667110,2.136564,82.462637,0.000000,7.733689,17.780772,11.034680,3.404479,0.020917,2,0.000000,0,0,0,100.000000,4.574203,100.000000,22.047521,2207.627740,11495.099294,-0.000000,22.884153
9000.000000,pure-acoustic,none,hardware,1,0,0,0,fifo,0.000500,180,15,hybrid,0.050000,4000.000000,6.087000,52.000000,500.000000,500.000000,2.000000,120.000000,0.000000,184,98,184,0,184,26,60,98,0,0,0,0,0,0,0,0,0.000000,0.000000,0.000000,clear-ocean,30.000000,60.000000,0.151000,1468,3821268,979.812308,10.886803,111,25,0,86,0,233,49,0,184,0,0,0,0,0,0,0,0,0,0,0,0,0,0,0,26,60,98,26,60,98,16.432106,13.984599,28.473807,0.000000,0.000000,0.000000,0,0,0,9350.053026,29.587205,169.492692,8340.973128,720.601019,200.688537,7706.077111,0.000000,0.000000,8627.366667,9350.053026,722.686359,7.706919,2.146389,82.417470,0.000000,7.729222,17.780772,11.034680,3.404479,0.020778,2,0.000000,0,0,0,100.000000,4.574203,100.000000,22.047521,2192.910222,11408.992578,-0.000000,1.859614
9060.000000,pure-acoustic,none,hardware,1,0,0,0,fifo,0.000500,180,15,hybrid,0.050000,4000.000000,6.087000,52.000000,500.000000,500.000000,2.000000,120.000000,0.000000,184,98,184,0,184,26,60,98,0,0,0,0,0,0,0,0,0.000000,0.000000,0.000000,clear-ocean,30.000000,60.000000,0.151000,1468,3821268,979.812308,10.814705,111,25,0,86,0,233,49,0,184,0,0,0,0,0,0,0,0,0,0,0,0,0,0,0,26,60,98,26,60,98,16.432106,13.984599,28.473807,0.000000,0.000000,0.000000,0,0,0,9355.453026,29.587205,169.492692,8340.973128,724.737189,201.722579,7706.306898,0.000000,0.000000,8632.766667,9355.453026,722.686359,7.746682,2.156203,82.372354,0.000000,7.724761,17.780772,11.034680,3.404479,0.020640,2,0.000000,0,0,0,100.000000,4.574203,100.000000,22.047521,2178.387638,11322.885862,0.000000,4.363524
9120.000000,pure-acoustic,none,hardware,1,0,0,0,fifo,0.000500,180,15,hybrid,0.050000,4000.000000,6.087000,52.000000,500.000000,500.000000,2.000000,120.000000,0.000000,184,98,184,0,184,26,60,98,0,0,0,0,0,0,0,0,0.000000,0.000000,0.000000,clear-ocean,30.000000,60.000000,0.151000,1468,3821268,979.812308,10.743556,111,25,0,86,0,233,49,0,184,0,0,0,0,0,0,0,0,0,0,0,0,0,0,0,26,60,98,26,60,98,16.432106,13.984599,28.473807,0.000000,0.000000,0.000000,0,0,0,9360.853026,29.587205,169.492692,8340.973128,728.873360,202.756622,7706.536685,0.000000,0.000000,8638.166667,9360.853026,722.686359,7.786399,2.166006,82.327291,0.000000,7.720305,17.780772,11.034680,3.404479,0.020504,2,0.000000,0,0,0,100.000000,4.574203,100.000000,22.047521,2164.056140,11236.779146,0.000000,30.158465
9180.000000,pure-acoustic,none,hardware,1,0,0,0,fifo,0.000500,180,15,hybrid,0.050000,4000.000000,6.087000,52.000000,500.000000,500.000000,2.000000,120.000000,0.000000,184,98,184,0,184,26,60,98,0,0,0,0,0,0,0,0,0.000000,0.000000,0.000000,clear-ocean,30.000000,60.000000,0.151000,1468,3821268,979.812308,10.673337,111,25,0,86,0,233,49,0,184,0,0,0,0,0,0,0,0,0,0,0,0,0,0,0,26,60,98,26,60,98,16.432106,13.984599,28.473807,0.000000,0.000000,0.000000,0,0,0,9366.253026,29.587205,169.492692,8340.973128,733.009530,203.790664,7706.766472,0.000000,0.000000,8643.566667,9366.253026,722.686359,7.826070,2.175797,82.282279,0.000000,7.715853,17.780772,11.034680,3.404479,0.020370,2,0.000000,0,0,0,100.000000,4.574203,100.000000,22.047521,2149.911983,11150.672430,0.000000,76.798583
9240.000000,pure-acoustic,none,hardware,1,0,0,0,fifo,0.000500,180,15,hybrid,0.050000,4000.000000,6.087000,52.000000,500.000000,500.000000,2.000000,120.000000,0.000000,184,98,184,0,184,26,60,98,0,0,0,0,0,0,0,0,0.000000,0.000000,0.000000,clear-ocean,30.000000,60.000000,0.151000,1468,3821268,979.812308,10.604029,111,25,0,86,0,233,49,0,184,0,0,0,0,0,0,0,0,0,0,0,0,0,0,0,26,60,98,26,60,98,16.432106,13.984599,28.473807,0.000000,0.000000,0.000000,0,0,0,9371.653026,29.587205,169.492692,8340.973128,737.145700,204.824707,7706.996260,0.000000,0.000000,8648.966667,9371.653026,722.686359,7.865696,2.185577,82.237320,0.000000,7.711408,17.780772,11.034680,3.404479,0.020238,2,0.000000,0,0,0,100.000000,4.574203,100.000000,22.047521,2135.951515,11064.565714,0.000000,139.861505
9300.000000,pure-acoustic,none,hardware,1,0,0,0,fifo,0.000500,180,15,hybrid,0.050000,4000.000000,6.087000,52.000000,500.000000,500.000000,2.000000,120.000000,0.000000,184,98,184,0,184,26,60,98,0,0,0,0,0,0,0,0,0.000000,0.000000,0.000000,clear-ocean,30.000000,60.000000,0.151000,1468,3821268,979.812308,10.535616,111,25,0,86,0,233,49,0,184,0,0,0,0,0,0,0,0,0,0,0,0,0,0,0,26,60,98,26,60,98,16.432106,13.984599,28.473807,0.000000,0.000000,0.000000,0,0,0,9377.053026,29.587205,169.492692,8340.973128,741.281870,205.858750,7707.226047,0.000000,0.000000,8654.366667,9377.053026,722.686359,7.905275,2.195346,82.192412,0.000000,7.706967,17.780772,11.034680,3.404479,0.020108,2,0.000000,0,0,0,100.000000,4.574203,100.000000,22.047521,2122.171183,10978.458998,0.000000,213.367661
9360.000000,pure-acoustic,none,hardware,1,0,0,0,fifo,0.000500,180,15,hybrid,0.050000,4000.000000,6.087000,52.000000,500.000000,500.000000,2.000000,120.000000,0.000000,184,98,184,0,184,26,60,98,0,0,0,0,0,0,0,0,0.000000,0.000000,0.000000,clear-ocean,30.000000,60.000000,0.151000,1468,3821268,979.812308,10.468080,111,25,0,86,0,233,49,0,184,0,0,0,0,0,0,0,0,0,0,0,0,0,0,0,26,60,98,26,60,98,16.432106,13.984599,28.473807,0.000000,0.000000,0.000000,0,0,0,9382.453026,29.587205,169.492692,8340.973128,745.418040,206.892792,7707.455834,0.000000,0.000000,8659.766667,9382.453026,722.686359,7.944810,2.205103,82.147556,0.000000,7.702531,17.780772,11.034680,3.404479,0.019979,2,0.000000,0,0,0,100.000000,4.574203,100.000000,22.047521,2108.567521,10892.352281,0.000000,290.347262
9420.000000,pure-acoustic,none,hardware,1,0,0,0,fifo,0.000500,180,15,hybrid,0.050000,4000.000000,6.087000,52.000000,500.000000,500.000000,2.000000,120.000000,0.000000,184,98,184,0,184,26,60,98,0,0,0,0,0,0,0,0,0.000000,0.000000,0.000000,clear-ocean,30.000000,60.000000,0.151000,1468,3821268,979.812308,10.401405,111,25,0,86,0,233,49,0,184,0,0,0,0,0,0,0,0,0,0,0,0,0,0,0,26,60,98,26,60,98,16.432106,13.984599,28.473807,0.000000,0.000000,0.000000,0,0,0,9387.853026,29.587205,169.492692,8340.973128,749.554211,207.926835,7707.685621,0.000000,0.000000,8665.166667,9387.853026,722.686359,7.984299,2.214850,82.102751,0.000000,7.698100,17.780772,11.034680,3.404479,0.019851,2,0.000000,0,0,0,100.000000,4.574203,100.000000,22.047521,2095.137155,10806.245565,0.000000,363.501172
9480.000000,pure-acoustic,none,hardware,1,0,0,0,fifo,0.000500,180,15,hybrid,0.050000,4000.000000,6.087000,52.000000,500.000000,500.000000,2.000000,120.000000,0.000000,184,98,184,0,184,26,60,98,0,0,0,0,0,0,0,0,0.000000,0.000000,0.000000,clear-ocean,30.000000,60.000000,0.151000,1468,3821268,979.812308,10.335573,111,25,0,86,0,233,49,0,184,0,0,0,0,0,0,0,0,0,0,0,0,0,0,0,26,60,98,26,60,98,16.432106,13.984599,28.473807,0.000000,0.000000,0.000000,0,0,0,9393.253026,29.587205,169.492692,8340.973128,753.690381,208.960877,7707.915409,0.000000,0.000000,8670.566667,9393.253026,722.686359,8.023742,2.224585,82.057998,0.000000,7.693675,17.780772,11.034680,3.404479,0.019726,2,0.000000,0,0,0,100.000000,4.574203,100.000000,22.047521,2081.876793,10720.138849,0.000000,425.893002
9540.000000,pure-acoustic,none,hardware,1,0,0,0,fifo,0.000500,180,15,hybrid,0.050000,4000.000000,6.087000,52.000000,500.000000,500.000000,2.000000,120.000000,0.000000,184,98,184,0,184,26,60,98,0,0,0,0,0,0,0,0,0.000000,0.000000,0.000000,clear-ocean,30.000000,60.000000,0.151000,1468,3821268,979.812308,10.270569,111,25,0,86,0,233,49,0,184,0,0,0,0,0,0,0,0,0,0,0,0,0,0,0,26,60,98,26,60,98,16.432106,13.984599,28.473807,0.000000,0.000000,0.000000,0,0,0,9398.653026,29.587205,169.492692,8340.973128,757.826551,209.994920,7708.145196,0.000000,0.000000,8675.966667,9398.653026,722.686359,8.063140,2.234309,82.013297,0.000000,7.689255,17.780772,11.034680,3.404479,0.019602,2,0.000000,0,0,0,100.000000,4.574203,100.000000,22.047521,2068.783229,10634.032133,0.000000,471.606815
9600.000000,pure-acoustic,none,hardware,1,0,0,0,fifo,0.000500,180,15,hybrid,0.050000,4000.000000,6.087000,52.000000,500.000000,500.000000,2.000000,120.000000,0.000000,184,98,184,0,184,26,60,98,0,0,0,0,0,0,0,0,0.000000,0.000000,0.000000,clear-ocean,30.000000,60.000000,0.151000,1468,3821268,979.812308,10.206378,111,25,0,86,0,233,49,0,184,0,0,0,0,0,0,0,0,0,0,0,0,0,0,0,26,60,98,26,60,98,16.432106,13.984599,28.473807,0.000000,0.000000,0.000000,0,0,0,9404.053026,29.587205,169.492692,8340.973128,761.962721,211.028962,7708.374983,0.000000,0.000000,8681.366667,9404.053026,722.686359,8.102493,2.244021,81.968647,0.000000,7.684839,17.780772,11.034680,3.404479,0.019479,2,0.000000,0,0,0,100.000000,4.574203,100.000000,22.047521,2055.853333,10547.925417,0.000000,496.308069
9660.000000,pure-acoustic,none,hardware,1,0,0,0,fifo,0.000500,180,15,hybrid,0.050000,4000.000000,6.087000,52.000000,500.000000,500.000000,2.000000,120.000000,0.000000,184,98,184,0,184,26,60,98,0,0,0,0,0,0,0,0,0.000000,0.000000,0.000000,clear-ocean,30.000000,60.000000,0.151000,1468,3821268,979.812308,10.142985,111,25,0,86,0,233,49,0,184,0,0,0,0,0,0,0,0,0,0,0,0,0,0,0,26,60,98,26,60,98,16.432106,13.984599,28.473807,0.000000,0.000000,0.000000,0,0,0,9409.453026,29.587205,169.492692,8340.973128,766.098891,212.063005,7708.604770,0.000000,0.000000,8686.766667,9409.453026,722.686359,8.141800,2.253723,81.924048,0.000000,7.680429,17.780772,11.034680,3.404479,0.019358,2,0.000000,0,0,0,100.000000,4.574203,100.000000,22.047521,2043.084058,10461.818701,-0.000000,497.654611
9720.000000,pure-acoustic,none,hardware,1,0,0,0,fifo,0.000500,180,15,hybrid,0.050000,4000.000000,6.087000,52.000000,500.000000,500.000000,2.000000,120.000000,0.000000,184,98,184,0,184,26,60,98,0,0,0,0,0,0,0,0,0.000000,0.000000,0.000000,clear-ocean,30.000000,60.000000,0.151000,1468,3821268,979.812308,10.080374,111,25,0,86,0,233,49,0,184,0,0,0,0,0,0,0,0,0,0,0,0,0,0,0,26,60,98,26,60,98,16.432106,13.984599,28.473807,0.000000,0.000000,0.000000,0,0,0,9414.853026,29.587205,169.492692,8340.973128,770.235062,213.097047,7708.834558,0.000000,0.000000,8692.166667,9414.853026,722.686359,8.181063,2.263413,81.879500,0.000000,7.676024,17.780772,11.034680,3.404479,0.019239,2,0.000000,0,0,0,100.000000,4.574203,100.000000,22.047521,2030.472428,10375.711985,-0.000000,475.518765
9780.000000,pure-acoustic,none,hardware,1,0,0,0,fifo,0.000500,180,15,hybrid,0.050000,4000.000000,6.087000,52.000000,500.000000,500.000000,2.000000,120.000000,0.000000,184,98,184,0,184,26,60,98,0,0,0,0,0,0,0,0,0.000000,0.000000,0.000000,clear-ocean,30.000000,60.000000,0.151000,1468,3821268,979.812308,10.018531,111,25,0,86,0,233,49,0,184,0,0,0,0,0,0,0,0,0,0,0,0,0,0,0,26,60,98,26,60,98,16.432106,13.984599,28.473807,0.000000,0.000000,0.000000,0,0,0,9420.253026,29.587205,169.492692,8340.973128,774.371232,214.131090,7709.064345,0.000000,0.000000,8697.566667,9420.253026,722.686359,8.220281,2.273093,81.835003,0.000000,7.671624,17.780772,11.034680,3.404479,0.019121,2,0.000000,0,0,0,100.000000,4.574203,100.000000,22.047521,2018.015542,10289.605268,-0.000000,431.999432
9840.000000,pure-acoustic,none,hardware,1,0,0,0,fifo,0.000500,180,15,hybrid,0.050000,4000.000000,6.087000,52.000000,500.000000,500.000000,2.000000,120.000000,0.000000,184,98,184,0,184,26,60,98,0,0,0,0,0,0,0,0,0.000000,0.000000,0.000000,clear-ocean,30.000000,60.000000,0.151000,1468,3821268,979.812308,9.957442,111,25,0,86,0,233,49,0,184,0,0,0,0,0,0,0,0,0,0,0,0,0,0,0,26,60,98,26,60,98,16.432106,13.984599,28.473807,0.000000,0.000000,0.000000,0,0,0,9425.653026,29.587205,169.492692,8340.973128,778.507402,215.165133,7709.294132,0.000000,0.000000,8702.966667,9425.653026,722.686359,8.259453,2.282761,81.790557,0.000000,7.667229,17.780772,11.034680,3.404479,0.019004,2,0.000000,0,0,0,100.000000,4.574203,100.000000,22.047521,2005.710569,10203.498552,-0.000000,371.223075
9900.000000,pure-acoustic,none,hardware,1,0,0,0,fifo,0.000500,180,15,hybrid,0.050000,4000.000000,6.087000,52.000000,500.000000,500.000000,2.000000,120.000000,0.000000,184,98,184,0,184,26,60,98,0,0,0,0,0,0,0,0,0.000000,0.000000,0.000000,clear-ocean,30.000000,60.000000,0.151000,1468,3821268,979.812308,9.897094,111,25,0,86,0,233,49,0,184,0,0,0,0,0,0,0,0,0,0,0,0,0,0,0,26,60,98,26,60,98,16.432106,13.984599,28.473807,0.000000,0.000000,0.000000,0,0,0,9431.053026,29.587205,169.492692,8340.973128,782.643572,216.199175,7709.523919,0.000000,0.000000,8708.366667,9431.053026,722.686359,8.298581,2.292418,81.746162,0.000000,7.662838,17.780772,11.034680,3.404479,0.018889,2,0.000000,0,0,0,100.000000,4.574203,100.000000,22.047521,1993.554747,10117.391836,-0.000000,298.952455
9960.000000,pure-acoustic,none,hardware,1,0,0,0,fifo,0.000500,180,15,hybrid,0.050000,4000.000000,6.087000,52.000000,500.000000,500.000000,2.000000,120.000000,0.000000,184,98,184,0,184,26,60,98,0,0,0,0,0,0,0,0,0.000000,0.000000,0.000000,clear-ocean,30.000000,60.000000,0.151000,1468,3821268,979.812308,9.837473,111,25,0,86,0,233,49,0,184,0,0,0,0,0,0,0,0,0,0,0,0,0,0,0,26,60,98,26,60,98,16.432106,13.984599,28.473807,0.000000,0.000000,0.000000,0,0,0,9436.453026,29.587205,169.492692,8340.973128,786.779742,217.233218,7709.753706,0.000000,0.000000,8713.766667,9436.453026,722.686359,8.337664,2.302064,81.701818,0.000000,7.658453,17.780772,11.034680,3.404479,0.018775,2,0.000000,0,0,0,100.000000,4.574203,100.000000,22.047521,1981.545382,10031.285120,-0.000000,222.040207
10020.000000,pure-acoustic,none,hardware,1,0,0,0,fifo,0.000500,180,15,hybrid,0.050000,4000.000000,6.087000,52.000000,500.000000,500.000000,2.000000,120.000000,0.000000,184,98,184,0,184,26,60,98,0,0,0,0,0,0,0,0,0.000000,0.000000,0.000000,clear-ocean,30.000000,60.000000,0.151000,1468,3821268,979.812308,9.778566,111,25,0,86,0,233,49,0,184,0,0,0,0,0,0,0,0,0,0,0,0,0,0,0,26,60,98,26,60,98,16.432106,13.984599,28.473807,0.000000,0.000000,0.000000,0,0,0,9441.853026,29.587205,169.492692,8340.973128,790.915913,218.267260,7709.983494,0.000000,0.000000,8719.166667,9441.853026,722.686359,8.376702,2.311699,81.657525,0.000000,7.654073,17.780772,11.034680,3.404479,0.018663,2,0.000000,0,0,0,100.000000,4.574203,100.000000,22.047521,1969.679840,9945.178404,-0.000000,147.779081
10080.000000,pure-acoustic,none,hardware,1,0,0,0,fifo,0.000500,180,15,hybrid,0.050000,4000.000000,6.087000,52.000000,500.000000,500.000000,2.000000,120.000000,0.000000,184,98,184,0,184,26,60,98,0,0,0,0,0,0,0,0,0.000000,0.000000,0.000000,clear-ocean,30.000000,60.000000,0.151000,1468,3821268,979.812308,9.720360,111,25,0,86,0,233,49,0,184,0,0,0,0,0,0,0,0,0,0,0,0,0,0,0,26,60,98,26,60,98,16.432106,13.984599,28.473807,0.000000,0.000000,0.000000,0,0,0,9447.253026,29.587205,169.492692,8340.973128,795.052083,219.301303,7710.213281,0.000000,0.000000,8724.566667,9447.253026,722.686359,8.415696,2.321323,81.613282,0.000000,7.649698,17.780772,11.034680,3.404479,0.018552,2,0.000000,0,0,0,100.000000,4.574203,100.000000,22.047521,1957.955556,9859.071688,-0.000000,83.210451
10140.000000,pure-acoustic,none,hardware,1,0,0,0,fifo,0.000500,180,15,hybrid,0.050000,4000.000000,6.087000,52.000000,500.000000,500.000000,2.000000,120.000000,0.000000,184,98,184,0,184,26,60,98,0,0,0,0,0,0,0,0,0.000000,0.000000,0.000000,clear-ocean,30.000000,60.000000,0.151000,1468,3821268,979.812308,9.662843,111,25,0,86,0,233,49,0,184,0,0,0,0,0,0,0,0,0,0,0,0,0,0,0,26,60,98,26,60,98,16.432106,13.984599,28.473807,0.000000,0.000000,0.000000,0,0,0,9452.653026,29.587205,169.492692,8340.973128,799.188253,220.335345,7710.443068,0.000000,0.000000,8729.966667,9452.653026,722.686359,8.454645,2.330937,81.569090,0.000000,7.645328,17.780772,11.034680,3.404479,0.018442,2,0.000000,0,0,0,100.000000,4.574203,100.000000,22.047521,1946.370020,9772.964972,-0.000000,34.456658
10200.000000,pure-acoustic,none,hardware,1,0,0,0,fifo,0.000500,180,15,hybrid,0.050000,4000.000000,6.087000,52.000000,500.000000,500.000000,2.000000,120.000000,0.000000,184,98,184,0,184,26,60,98,0,0,0,0,0,0,0,0,0.000000,0.000000,0.000000,clear-ocean,30.000000,60.000000,0.151000,1468,3821268,979.812308,9.606003,111,25,0,86,0,233,49,0,184,0,0,0,0,0,0,0,0,0,0,0,0,0,0,0,26,60,98,26,60,98,16.432106,13.984599,28.473807,0.000000,0.000000,0.000000,0,0,0,9458.053026,29.587205,169.492692,8340.973128,803.324423,221.369388,7710.672855,0.000000,0.000000,8735.366667,9458.053026,722.686359,8.493550,2.340539,81.524948,0.000000,7.640963,17.780772,11.034680,3.404479,0.018333,2,0.000000,0,0,0,100.000000,4.574203,100.000000,22.047521,1934.920784,9686.858255,-0.000000,6.140491
10260.000000,pure-acoustic,none,hardware,1,0,0,0,fifo,0.000500,180,15,hybrid,0.050000,4000.000000,6.087000,52.000000,500.000000,500.000000,2.000000,120.000000,0.000000,184,98,184,0,184,26,60,98,0,0,0,0,0,0,0,0,0.000000,0.000000,0.000000,clear-ocean,30.000000,60.000000,0.151000,1468,3821268,979.812308,9.549828,111,25,0,86,0,233,49,0,184,0,0,0,0,0,0,0,0,0,0,0,0,0,0,0,26,60,98,26,60,98,16.432106,13.984599,28.473807,0.000000,0.000000,0.000000,0,0,0,9463.453026,29.587205,169.492692,8340.973128,807.460594,222.403430,7710.902643,0.000000,0.000000,8740.766667,9463.453026,722.686359,8.532410,2.350130,81.480857,0.000000,7.636603,17.780772,11.034680,3.404479,0.018226,2,0.000000,0,0,0,100.000000,4.574203,100.000000,22.047521,1923.605458,9600.751539,0.000000,0.946864
10320.000000,pure-acoustic,none,hardware,1,0,0,0,fifo,0.000500,180,15,hybrid,0.050000,4000.000000,6.087000,52.000000,500.000000,500.000000,2.000000,120.000000,0.000000,184,98,184,0,184,26,60,98,0,0,0,0,0,0,0,0,0.000000,0.000000,0.000000,clear-ocean,30.000000,60.000000,0.151000,1468,3821268,979.812308,9.494305,111,25,0,86,0,233,49,0,184,0,0,0,0,0,0,0,0,0,0,0,0,0,0,0,26,60,98,26,60,98,16.432106,13.984599,28.473807,0.000000,0.000000,0.000000,0,0,0,9468.853026,29.587205,169.492692,8340.973128,811.596764,223.437473,7711.132430,0.000000,0.000000,8746.166667,9468.853026,722.686359,8.571226,2.359710,81.436816,0.000000,7.632248,17.780772,11.034680,3.404479,0.018120,2,0.000000,0,0,0,100.000000,4.574203,100.000000,22.047521,1912.421705,9514.644823,0.000000,19.368233
10380.000000,pure-acoustic,none,hardware,1,0,0,0,fifo,0.000500,180,15,hybrid,0.050000,4000.000000,6.087000,52.000000,500.000000,500.000000,2.000000,120.000000,0.000000,184,98,184,0,184,26,60,98,0,0,0,0,0,0,0,0,0.000000,0.000000,0.000000,clear-ocean,30.000000,60.000000,0.151000,1468,3821268,979.812308,9.439425,111,25,0,86,0,233,49,0,184,0,0,0,0,0,0,0,0,0,0,0,0,0,0,0,26,60,98,26,60,98,16.432106,13.984599,28.473807,0.000000,0.000000,0.000000,0,0,0,9474.253026,29.587205,169.492692,8340.973128,815.732934,224.471516,7711.362217,0.000000,0.000000,8751.566667,9474.253026,722.686359,8.609997,2.369279,81.392825,0.000000,7.627898,17.780772,11.034680,3.404479,0.018015,2,0.000000,0,0,0,100.000000,4.574203,100.000000,22.047521,1901.367245,9428.538107,0.000000,59.657900
10440.000000,pure-acoustic,none,hardware,1,0,0,0,fifo,0.000500,180,15,hybrid,0.050000,4000.000000,6.087000,52.000000,500.000000,500.000000,2.000000,120.000000,0.000000,184,98,184,0,184,26,60,98,0,0,0,0,0,0,0,0,0.000000,0.000000,0.000000,clear-ocean,30.000000,60.000000,0.151000,1468,3821268,979.812308,9.385175,111,25,0,86,0,233,49,0,184,0,0,0,0,0,0,0,0,0,0,0,0,0,0,0,26,60,98,26,60,98,16.432106,13.984599,28.473807,0.000000,0.000000,0.000000,0,0,0,9479.653026,29.587205,169.492692,8340.973128,819.869104,225.505558,7711.592004,0.000000,0.000000,8756.966667,9479.653026,722.686359,8.648725,2.378838,81.348885,0.000000,7.623553,17.780772,11.034680,3.404479,0.017912,2,0.000000,0,0,0,100.000000,4.574203,100.000000,22.047521,1890.439847,9342.431391,0.000000,117.995634
10500.000000,pure-acoustic,none,hardware,1,0,0,0,fifo,0.000500,180,15,hybrid,0.050000,4000.000000,6.087000,52.000000,500.000000,500.000000,2.000000,120.000000,0.000000,184,98,184,0,184,26,60,98,0,0,0,0,0,0,0,0,0.000000,0.000000,0.000000,clear-ocean,30.000000,60.000000,0.151000,1468,3821268,979.812308,9.331546,111,25,0,86,0,233,49,0,184,0,0,0,0,0,0,0,0,0,0,0,0,0,0,0,26,60,98,26,60,98,16.432106,13.984599,28.473807,0.000000,0.000000,0.000000,0,0,0,9485.053026,29.587205,169.492692,8340.973128,824.005274,226.539601,7711.821792,0.000000,0.000000,8762.366667,9485.053026,722.686359,8.687408,2.388385,81.304994,0.000000,7.619213,17.780772,11.034680,3.404479,0.017810,2,0.000000,0,0,0,100.000000,4.574203,100.000000,22.047521,1879.637333,9256.324675,0.000000,188.849904
10560.000000,pure-acoustic,none,hardware,1,0,0,0,fifo,0.000500,180,15,hybrid,0.050000,4000.000000,6.087000,52.000000,500.000000,500.000000,2.000000,120.000000,0.000000,184,98,184,0,184,26,60,98,0,0,0,0,0,0,0,0,0.000000,0.000000,0.000000,clear-ocean,30.000000,60.000000,0.151000,1468,3821268,979.812308,9.278526,111,25,0,86,0,233,49,0,184,0,0,0,0,0,0,0,0,0,0,0,0,0,0,0,26,60,98,26,60,98,16.432106,13.984599,28.473807,0.000000,0.000000,0.000000,0,0,0,9490.453026,29.587205,169.492692,8340.973128,828.141445,227.573643,7712.051579,0.000000,0.000000,8767.766667,9490.453026,722.686359,8.726048,2.397922,81.261153,0.000000,7.614877,17.780772,11.034680,3.404479,0.017708,2,0.000000,0,0,0,100.000000,4.574203,100.000000,22.047521,1868.957576,9170.217959,0.000000,265.502372
10620.000000,pure-acoustic,none,hardware,1,0,0,0,fifo,0.000500,180,15,hybrid,0.050000,4000.000000,6.087000,52.000000,500.000000,500.000000,2.000000,120.000000,0.000000,184,98,184,0,184,26,60,98,0,0,0,0,0,0,0,0,0.000000,0.000000,0.000000,clear-ocean,30.000000,60.000000,0.151000,1468,3821268,979.812308,9.226105,111,25,0,86,0,233,49,0,184,0,0,0,0,0,0,0,0,0,0,0,0,0,0,0,26,60,98,26,60,98,16.432106,13.984599,28.473807,0.000000,0.000000,0.000000,0,0,0,9495.853026,29.587205,169.492692,8340.973128,832.277615,228.607686,7712.281366,0.000000,0.000000,8773.166667,9495.853026,722.686359,8.764643,2.407448,81.217362,0.000000,7.610547,17.780772,11.034680,3.404479,0.017608,2,0.000000,0,0,0,100.000000,4.574203,100.000000,22.047521,1858.398493,9084.111242,0.000000,340.684918
10680.000000,pure-acoustic,none,hardware,1,0,0,0,fifo,0.000500,180,15,hybrid,0.050000,4000.000000,6.087000,52.000000,500.000000,500.000000,2.000000,120.000000,0.000000,184,98,184,0,184,26,60,98,0,0,0,0,0,0,0,0,0.000000,0.000000,0.000000,clear-ocean,30.000000,60.000000,0.151000,1468,3821268,979.812308,9.174273,111,25,0,86,0,233,49,0,184,0,0,0,0,0,0,0,0,0,0,0,0,0,0,0,26,60,98,26,60,98,16.432106,13.984599,28.473807,0.000000,0.000000,0.000000,0,0,0,9501.253026,29.587205,169.492692,8340.973128,836.413785,229.641728,7712.511153,0.000000,0.000000,8778.566667,9501.253026,722.686359,8.803195,2.416963,81.173621,0.000000,7.606222,17.780772,11.034680,3.404479,0.017509,2,0.000000,0,0,0,100.000000,4.574203,100.000000,22.047521,1847.958052,8998.004526,0.000000,407.268802
10740.000000,pure-acoustic,none,hardware,1,0,0,0,fifo,0.000500,180,15,hybrid,0.050000,4000.000000,6.087000,52.000000,500.000000,500.000000,2.000000,120.000000,0.000000,184,98,184,0,184,26,60,98,0,0,0,0,0,0,0,0,0.000000,0.000000,0.000000,clear-ocean,30.000000,60.000000,0.151000,1468,3821268,979.812308,9.123020,111,25,0,86,0,233,49,0,184,0,0,0,0,0,0,0,0,0,0,0,0,0,0,0,26,60,98,26,60,98,16.432106,13.984599,28.473807,0.000000,0.000000,0.000000,0,0,0,9506.653026,29.587205,169.492692,8340.973128,840.549955,230.675771,7712.740941,0.000000,0.000000,8783.966667,9506.653026,722.686359,8.841702,2.426467,81.129930,0.000000,7.601901,17.780772,11.034680,3.404479,0.017412,2,0.000000,0,0,0,100.000000,4.574203,100.000000,22.047521,1837.634264,8911.897810,0.000000,458.940599
10800.000000,pure-acoustic,none,hardware,1,0,0,0,fifo,0.000500,180,15,hybrid,0.050000,4000.000000,6.087000,52.000000,500.000000,500.000000,2.000000,120.000000,0.000000,184,98,184,0,184,26,60,98,0,0,0,0,0,0,0,0,0.000000,0.000000,0.000000,clear-ocean,30.000000,60.000000,0.151000,1468,3821268,979.812308,9.072336,111,25,0,86,0,233,49,0,184,0,0,0,0,0,0,0,0,0,0,0,0,0,0,0,26,60,98,26,60,98,16.432106,13.984599,28.473807,0.000000,0.000000,0.000000,0,0,0,9512.053026,29.587205,169.492692,8340.973128,844.686125,231.709813,7712.970728,0.000000,0.000000,8789.366667,9512.053026,722.686359,8.880166,2.435960,81.086288,0.000000,7.597585,17.780772,11.034680,3.404479,0.017315,2,0.000000,0,0,0,100.000000,4.574203,100.000000,22.047521,1827.425185,8825.791094,0.000000,490.800835
10860.000000,pure-acoustic,none,hardware,1,0,0,0,fifo,0.000500,180,15,hybrid,0.050000,4000.000000,6.087000,52.000000,500.000000,500.000000,2.000000,120.000000,0.000000,184,98,184,0,184,26,60,98,0,0,0,0,0,0,0,0,0.000000,0.000000,0.000000,clear-ocean,30.000000,60.000000,0.151000,1468,3821268,979.812308,9.022213,111,25,0,86,0,233,49,0,184,0,0,0,0,0,0,0,0,0,0,0,0,0,0,0,26,60,98,26,60,98,16.432106,13.984599,28.473807,0.000000,0.000000,0.000000,0,0,0,9517.453026,29.587205,169.492692,8340.973128,848.822296,232.743856,7713.200515,0.000000,0.000000,8794.766667,9517.453026,722.686359,8.918587,2.445443,81.042696,0.000000,7.593275,17.780772,11.034680,3.404479,0.017219,2,0.000000,0,0,0,100.000000,4.574203,100.000000,22.047521,1817.328913,8739.684378,-0.000000,499.828551
10920.000000,pure-acoustic,none,hardware,1,0,0,0,fifo,0.000500,180,15,hybrid,0.050000,4000.000000,6.087000,52.000000,500.000000,500.000000,2.000000,120.000000,0.000000,184,98,184,0,184,26,60,98,0,0,0,0,0,0,0,0,0.000000,0.000000,0.000000,clear-ocean,30.000000,60.000000,0.151000,1468,3821268,979.812308,8.972640,111,25,0,86,0,233,49,0,184,0,0,0,0,0,0,0,0,0,0,0,0,0,0,0,26,60,98,26,60,98,16.432106,13.984599,28.473807,0.000000,0.000000,0.000000,0,0,0,9522.853026,29.587205,169.492692,8340.973128,852.958466,233.777899,7713.430302,0.000000,0.000000,8800.166667,9522.853026,722.686359,8.956963,2.454914,80.999153,0.000000,7.588969,17.780772,11.034680,3.404479,0.017125,2,0.000000,0,0,0,100.000000,4.574203,100.000000,22.047521,1807.343590,8653.577662,-0.000000,485.167748
10980.000000,pure-acoustic,none,hardware,1,0,0,0,fifo,0.000500,180,15,hybrid,0.050000,4000.000000,6.087000,52.000000,500.000000,500.000000,2.000000,120.000000,0.000000,184,98,184,0,184,26,60,98,0,0,0,0,0,0,0,0,0.000000,0.000000,0.000000,clear-ocean,30.000000,60.000000,0.151000,1468,3821268,979.812308,8.923609,111,25,0,86,0,233,49,0,184,0,0,0,0,0,0,0,0,0,0,0,0,0,0,0,26,60,98,26,60,98,16.432106,13.984599,28.473807,0.000000,0.000000,0.000000,0,0,0,9528.253026,29.587205,169.492692,8340.973128,857.094636,234.811941,7713.660089,0.000000,0.000000,8805.566667,9528.253026,722.686359,8.995297,2.464376,80.955660,0.000000,7.584668,17.780772,11.034680,3.404479,0.017031,2,0.000000,0,0,0,100.000000,4.574203,100.000000,22.047521,1797.467395,8567.470946,-0.000000,448.208549
11040.000000,pure-acoustic,none,hardware,1,0,0,0,fifo,0.000500,180,15,hybrid,0.050000,4000.000000,6.087000,52.000000,500.000000,500.000000,2.000000,120.000000,0.000000,184,98,184,0,184,26,60,98,0,0,0,0,0,0,0,0,0.000000,0.000000,0.000000,clear-ocean,30.000000,60.000000,0.151000,1468,3821268,979.812308,8.875111,111,25,0,86,0,233,49,0,184,0,0,0,0,0,0,0,0,0,0,0,0,0,0,0,26,60,98,26,60,98,16.432106,13.984599,28.473807,0.000000,0.000000,0.000000,0,0,0,9533.653026,29.587205,169.492692,8340.973128,861.230806,235.845984,7713.889877,0.000000,0.000000,8810.966667,9533.653026,722.686359,9.033587,2.473826,80.912215,0.000000,7.580372,17.780772,11.034680,3.404479,0.016938,2,0.000000,0,0,0,100.000000,4.574203,100.000000,22.047521,1787.698551,8481.364229,-0.000000,392.455393
11100.000000,pure-acoustic,none,hardware,1,0,0,0,fifo,0.000500,180,15,hybrid,0.050000,4000.000000,6.087000,52.000000,500.000000,500.000000,2.000000,120.000000,0.000000,184,98,184,0,184,26,60,98,0,0,0,0,0,0,0,0,0.000000,0.000000,0.000000,clear-ocean,30.000000,60.000000,0.151000,1468,3821268,979.812308,8.827138,111,25,0,86,0,233,49,0,184,0,0,0,0,0,0,0,0,0,0,0,0,0,0,0,26,60,98,26,60,98,16.432106,13.984599,28.473807,0.000000,0.000000,0.000000,0,0,0,9539.053026,29.587205,169.492692,8340.973128,865.366977,236.880026,7714.119664,0.000000,0.000000,8816.366667,9539.053026,722.686359,9.071833,2.483266,80.868820,0.000000,7.576081,17.780772,11.034680,3.404479,0.016847,2,0.000000,0,0,0,100.000000,4.574203,100.000000,22.047521,1778.035315,8395.257513,-0.000000,323.194744
11160.000000,pure-acoustic,none,hardware,1,0,0,0,fifo,0.000500,180,15,hybrid,0.050000,4000.000000,6.087000,52.000000,500.000000,500.000000,2.000000,120.000000,0.000000,184,98,184,0,184,26,60,98,0,0,0,0,0,0,0,0,0.000000,0.000000,0.000000,clear-ocean,30.000000,60.000000,0.151000,1468,3821268,979.812308,8.779680,111,25,0,86,0,233,49,0,184,0,0,0,0,0,0,0,0,0,0,0,0,0,0,0,26,60,98,26,60,98,16.432106,13.984599,28.473807,0.000000,0.000000,0.000000,0,0,0,9544.453026,29.587205,169.492692,8340.973128,869.503147,237.914069,7714.349451,0.000000,0.000000,8821.766667,9544.453026,722.686359,9.110036,2.492695,80.825475,0.000000,7.571794,17.780772,11.034680,3.404479,0.016756,2,0.000000,0,0,0,100.000000,4.574203,100.000000,22.047521,1768.475986,8309.150797,-0.000000,246.993835
11220.000000,pure-acoustic,none,hardware,1,0,0,0,fifo,0.000500,180,15,hybrid,0.050000,4000.000000,6.087000,52.000000,500.000000,500.000000,2.000000,120.000000,0.000000,184,98,184,0,184,26,60,98,0,0,0,0,0,0,0,0,0.000000,0.000000,0.000000,clear-ocean,30.000000,60.000000,0.151000,1468,3821268,979.812308,8.732730,111,25,0,86,0,233,49,0,184,0,0,0,0,0,0,0,0,0,0,0,0,0,0,0,26,60,98,26,60,98,16.432106,13.984599,28.473807,0.000000,0.000000,0.000000,0,0,0,9549.853026,29.587205,169.492692,8340.973128,873.639317,238.948111,7714.579238,0.000000,0.000000,8827.166667,9549.853026,722.686359,9.148196,2.502113,80.782178,0.000000,7.567513,17.780772,11.034680,3.404479,0.016667,2,0.000000,0,0,0,100.000000,4.574203,100.000000,22.047521,1759.018895,8223.044081,-0.000000,171.077968
11280.000000,pure-acoustic,none,hardware,1,0,0,0,fifo,0.000500,180,15,hybrid,0.050000,4000.000000,6.087000,52.000000,500.000000,500.000000,2.000000,120.000000,0.000000,184,98,184,0,184,26,60,98,0,0,0,0,0,0,0,0,0.000000,0.000000,0.000000,clear-ocean,30.000000,60.000000,0.151000,1468,3821268,979.812308,8.686279,111,25,0,86,0,233,49,0,184,0,0,0,0,0,0,0,0,0,0,0,0,0,0,0,26,60,98,26,60,98,16.432106,13.984599,28.473807,0.000000,0.000000,0.000000,0,0,0,9555.253026,29.587205,169.492692,8340.973128,877.775487,239.982154,7714.809026,0.000000,0.000000,8832.566667,9555.253026,722.686359,9.186313,2.511521,80.738930,0.000000,7.563236,17.780772,11.034680,3.404479,0.016578,2,0.000000,0,0,0,100.000000,4.574203,100.000000,22.047521,1749.662411,8136.937365,-0.000000,102.645417
11340.000000,pure-acoustic,none,hardware,1,0,0,0,fifo,0.000500,180,15,hybrid,0.050000,4000.000000,6.087000,52.000000,500.000000,500.000000,2.000000,120.000000,0.000000,184,98,184,0,184,26,60,98,0,0,0,0,0,0,0,0,0.000000,0.000000,0.000000,clear-ocean,30.000000,60.000000,0.151000,1468,3821268,979.812308,8.640320,111,25,0,86,0,233,49,0,184,0,0,0,0,0,0,0,0,0,0,0,0,0,0,0,26,60,98,26,60,98,16.432106,13.984599,28.473807,0.000000,0.000000,0.000000,0,0,0,9560.653026,29.587205,169.492692,8340.973128,881.911657,241.016196,7715.038813,0.000000,0.000000,8837.966667,9560.653026,722.686359,9.224387,2.520918,80.695731,0.000000,7.558964,17.780772,11.034680,3.404479,0.016490,2,0.000000,0,0,0,100.000000,4.574203,100.000000,22.047521,1740.404938,8050.830649,-0.000000,48.184896
11400.000000,pure-acoustic,none,hardware,1,0,0,0,fifo,0.000500,180,15,hybrid,0.050000,4000.000000,6.087000,52.000000,500.000000,500.000000,2.000000,120.000000,0.000000,184,98,184,0,184,26,60,98,0,0,0,0,0,0,0,0,0.000000,0.000000,0.000000,clear-ocean,30.000000,60.000000,0.151000,1468,3821268,979.812308,8.594845,111,25,0,86,0,233,49,0,184,0,0,0,0,0,0,0,0,0,0,0,0,0,0,0,26,60,98,26,60,98,16.432106,13.984599,28.473807,0.000000,0.000000,0.000000,0,0,0,9566.053026,29.587205,169.492692,8340.973128,886.047828,242.050239,7715.268600,0.000000,0.000000,8843.366667,9566.053026,722.686359,9.262418,2.530304,80.652580,0.000000,7.554697,17.780772,11.034680,3.404479,0.016404,2,0.000000,0,0,0,100.000000,4.574203,100.000000,22.047521,1731.244912,7964.723933,-0.000000,12.860303
11460.000000,pure-acoustic,none,hardware,1,0,0,0,fifo,0.000500,180,15,hybrid,0.050000,4000.000000,6.087000,52.000000,500.000000,500.000000,2.000000,120.000000,0.000000,184,98,184,0,184,26,60,98,0,0,0,0,0,0,0,0,0.000000,0.000000,0.000000,clear-ocean,30.000000,60.000000,0.151000,1468,3821268,979.812308,8.549846,111,25,0,86,0,233,49,0,184,0,0,0,0,0,0,0,0,0,0,0,0,0,0,0,26,60,98,26,60,98,16.432106,13.984599,28.473807,0.000000,0.000000,0.000000,0,0,0,9571.453026,29.587205,169.492692,8340.973128,890.183998,243.084282,7715.498387,0.000000,0.000000,8848.766667,9571.453026,722.686359,9.300406,2.539680,80.609479,0.000000,7.550435,17.780772,11.034680,3.404479,0.016318,2,0.000000,0,0,0,100.000000,4.574203,100.000000,22.047521,1722.180803,7878.617216,-0.000000,0.021083
11520.000000,pure-acoustic,none,hardware,1,0,0,0,fifo,0.000500,180,15,hybrid,0.050000,4000.000000,6.087000,52.000000,500.000000,500.000000,2.000000,120.000000,0.000000,184,98,184,0,184,26,60,98,0,0,0,0,0,0,0,0,0.000000,0.000000,0.000000,clear-ocean,30.000000,60.000000,0.151000,1468,3821268,979.812308,8.505315,111,25,0,86,0,233,49,0,184,0,0,0,0,0,0,0,0,0,0,0,0,0,0,0,26,60,98,26,60,98,16.432106,13.984599,28.473807,0.000000,0.000000,0.000000,0,0,0,9576.853026,29.587205,169.492692,8340.973128,894.320168,244.118324,7715.728175,0.000000,0.000000,8854.166667,9576.853026,722.686359,9.338351,2.549045,80.566426,0.000000,7.546178,17.780772,11.034680,3.404479,0.016233,2,0.000000,0,0,0,100.000000,4.574203,100.000000,22.047521,1713.211111,7792.510500,0.000000,10.884641
11580.000000,pure-acoustic,none,hardware,1,0,0,0,fifo,0.000500,180,15,hybrid,0.050000,4000.000000,6.087000,52.000000,500.000000,500.000000,2.000000,120.000000,0.000000,184,98,184,0,184,26,60,98,0,0,0,0,0,0,0,0,0.000000,0.000000,0.000000,clear-ocean,30.000000,60.000000,0.151000,1468,3821268,979.812308,8.461246,111,25,0,86,0,233,49,0,184,0,0,0,0,0,0,0,0,0,0,0,0,0,0,0,26,60,98,26,60,98,16.432106,13.984599,28.473807,0.000000,0.000000,0.000000,0,0,0,9582.253026,29.587205,169.492692,8340.973128,898.456338,245.152367,7715.957962,0.000000,0.000000,8859.566667,9582.253026,722.686359,9.376254,2.558400,80.523421,0.000000,7.541925,17.780772,11.034680,3.404479,0.016149,2,0.000000,0,0,0,100.000000,4.574203,100.000000,22.047521,1704.334370,7706.403784,0.000000,44.420903
11640.000000,pure-acoustic,none,hardware,1,0,0,0,fifo,0.000500,180,15,hybrid,0.050000,4000.000000,6.087000,52.000000,500.000000,500.000000,2.000000,120.000000,0.000000,184,98,184,0,184,26,60,98,0,0,0,0,0,0,0,0,0.000000,0.000000,0.000000,clear-ocean,30.000000,60.000000,0.151000,1468,3821268,979.812308,8.417632,111,25,0,86,0,233,49,0,184,0,0,0,0,0,0,0,0,0,0,0,0,0,0,0,26,60,98,26,60,98,16.432106,13.984599,28.473807,0.000000,0.000000,0.000000,0,0,0,9587.653026,29.587205,169.492692,8340.973128,902.592508,246.186409,7716.187749,0.000000,0.000000,8864.966667,9587.653026,722.686359,9.414113,2.567744,80.480465,0.000000,7.537677,17.780772,11.034680,3.404479,0.016065,2,0.000000,0,0,0,100.000000,4.574203,100.000000,22.047521,1695.549141,7620.297068,0.000000,97.449991
11700.000000,pure-acoustic,none,hardware,1,0,0,0,fifo,0.000500,180,15,hybrid,0.050000,4000.000000,6.087000,52.000000,500.000000,500.000000,2.000000,120.000000,0.000000,184,98,184,0,184,26,60,98,0,0,0,0,0,0,0,0,0.000000,0.000000,0.000000,clear-ocean,30.000000,60.000000,0.151000,1468,3821268,979.812308,8.374464,111,25,0,86,0,233,49,0,184,0,0,0,0,0,0,0,0,0,0,0,0,0,0,0,26,60,98,26,60,98,16.432106,13.984599,28.473807,0.000000,0.000000,0.000000,0,0,0,9593.053026,29.587205,169.492692,8340.973128,906.728679,247.220452,7716.417536,0.000000,0.000000,8870.366667,9593.053026,722.686359,9.451930,2.577078,80.437557,0.000000,7.533434,17.780772,11.034680,3.404479,0.015983,2,0.000000,0,0,0,100.000000,4.574203,100.000000,22.047521,1686.854017,7534.190352,0.000000,164.943734
11760.000000,pure-acoustic,none,hardware,1,0,0,0,fifo,0.000500,180,15,hybrid,0.050000,4000.000000,6.087000,52.000000,500.000000,500.000000,2.000000,120.000000,0.000000,184,98,184,0,184,26,60,98,0,0,0,0,0,0,0,0,0.000000,0.000000,0.000000,clear-ocean,30.000000,60.000000,0.151000,1468,3821268,979.812308,8.331737,111,25,0,86,0,233,49,0,184,0,0,0,0,0,0,0,0,0,0,0,0,0,0,0,26,60,98,26,60,98,16.432106,13.984599,28.473807,0.000000,0.000000,0.000000,0,0,0,9598.453026,29.587205,169.492692,8340.973128,910.864849,248.254494,7716.647324,0.000000,0.000000,8875.766667,9598.453026,722.686359,9.489705,2.586401,80.394698,0.000000,7.529196,17.780772,11.034680,3.404479,0.015901,2,0.000000,0,0,0,100.000000,4.574203,100.000000,22.047521,1678.247619,7448.083636,0.000000,240.502437
11820.000000,pure-acoustic,none,hardware,1,0,0,0,fifo,0.000500,180,15,hybrid,0.050000,4000.000000,6.087000,52.000000,500.000000,500.000000,2.000000,120.000000,0.000000,184,98,184,0,184,26,60,98,0,0,0,0,0,0,0,0,0.000000,0.000000,0.000000,clear-ocean,30.000000,60.000000,0.151000,1468,3821268,979.812308,8.289444,111,25,0,86,0,233,49,0,184,0,0,0,0,0,0,0,0,0,0,0,0,0,0,0,26,60,98,26,60,98,16.432106,13.984599,28.473807,0.000000,0.000000,0.000000,0,0,0,9603.853026,29.587205,169.492692,8340.973128,915.001019,249.288537,7716.877111,0.000000,0.000000,8881.166667,9603.853026,722.686359,9.527437,2.595714,80.351887,0.000000,7.524963,17.780772,11.034680,3.404479,0.015821,2,0.000000,0,0,0,100.000000,4.574203,100.000000,22.047521,1669.728596,7361.976920,0.000000,316.961690
11880.000000,pure-acoustic,none,hardware,1,0,0,0,fifo,0.000500,180,15,hybrid,0.050000,4000.000000,6.087000,52.000000,500.000000,500.000000,2.000000,120.000000,0.000000,184,98,184,0,184,26,60,98,0,0,0,0,0,0,0,0,0.000000,0.000000,0.000000,clear-ocean,30.000000,60.000000,0.151000,1468,3821268,979.812308,8.247578,111,25,0,86,0,233,49,0,184,0,0,0,0,0,0,0,0,0,0,0,0,0,0,0,26,60,98,26,60,98,16.432106,13.984599,28.473807,0.000000,0.000000,0.000000,0,0,0,9609.253026,29.587205,169.492692,8340.973128,919.137189,250.322579,7717.106898,0.000000,0.000000,8886.566667,9609.253026,722.686359,9.565126,2.605016,80.309124,0.000000,7.520734,17.780772,11.034680,3.404479,0.015741,2,0.000000,0,0,0,100.000000,4.574203,100.000000,22.047521,1661.295623,7275.870203,0.000000,387.071695
11940.000000,pure-acoustic,none,hardware,1,0,0,0,fifo,0.000500,180,15,hybrid,0.050000,4000.000000,6.087000,52.000000,500.000000,500.000000,2.000000,120.000000,0.000000,184,98,184,0,184,26,60,98,0,0,0,0,0,0,0,0,0.000000,0.000000,0.000000,clear-ocean,30.000000,60.000000,0.151000,1468,3821268,979.812308,8.206133,111,25,0,86,0,233,49,0,184,0,0,0,0,0,0,0,0,0,0,0,0,0,0,0,26,60,98,26,60,98,16.432106,13.984599,28.473807,0.000000,0.000000,0.000000,0,0,0,9614.653026,29.587205,169.492692,8340.973128,923.273360,251.356622,7717.336685,0.000000,0.000000,8891.966667,9614.653026,722.686359,9.602774,2.614308,80.266409,0.000000,7.516510,17.780772,11.034680,3.404479,0.015662,2,0.000000,0,0,0,100.000000,4.574203,100.000000,22.047521,1652.947404,7189.763487,0.000000,444.184685
12000.000000,pure-acoustic,none,hardware,1,0,0,0,fifo,0.000500,180,15,hybrid,0.050000,4000.000000,6.087000,52.000000,500.000000,500.000000,2.000000,120.000000,0.000000,184,98,184,0,184,26,60,98,0,0,0,0,0,0,0,0,0.000000,0.000000,0.000000,clear-ocean,30.000000,60.000000,0.151000,1468,3821268,979.812308,8.165103,111,25,0,86,0,233,49,0,184,0,0,0,0,0,0,0,0,0,0,0,0,0,0,0,26,60,98,26,60,98,16.432106,13.984599,28.473807,0.000000,0.000000,0.000000,0,0,0,9620.053026,29.587205,169.492692,8340.973128,927.409530,252.390664,7717.566472,0.000000,0.000000,8897.366667,9620.053026,722.686359,9.640379,2.623589,80.223742,0.000000,7.512291,17.780772,11.034680,3.404479,0.015583,2,0.000000,0,0,0,100.000000,4.574203,100.000000,22.047521,1644.682667,7103.656771,0.000000,482.885257
12060.000000,pure-acoustic,none,hardware,1,0,0,0,fifo,0.000500,180,15,hybrid,0.050000,4000.000000,6.087000,52.000000,500.000000,500.000000,2.000000,120.000000,0.000000,184,98,184,0,184,26,60,98,0,0,0,0,0,0,0,0,0.000000,0.000000,0.000000,clear-ocean,30.000000,60.000000,0.151000,1468,3821268,979.812308,8.124480,111,25,0,86,0,233,49,0,184,0,0,0,0,0,0,0,0,0,0,0,0,0,0,0,26,60,98,26,60,98,16.432106,13.984599,28.473807,0.000000,0.000000,0.000000,0,0,0,9625.453026,29.587205,169.492692,8340.973128,931.545700,253.424707,7717.796260,0.000000,0.000000,8902.766667,9625.453026,722.686359,9.677941,2.632860,80.181122,0.000000,7.508076,17.780772,11.034680,3.404479,0.015506,2,0.000000,0,0,0,100.000000,4.574203,100.000000,22.047521,1636.500166,7017.550055,0.000000,499.503857
12120.000000,pure-acoustic,none,hardware,1,0,0,0,fifo,0.000500,180,15,hybrid,0.050000,4000.000000,6.087000,52.000000,500.000000,500.000000,2.000000,120.000000,0.000000,184,98,184,0,184,26,60,98,0,0,0,0,0,0,0,0,0.000000,0.000000,0.000000,clear-ocean,30.000000,60.000000,0.151000,1468,3821268,979.812308,8.084260,111,25,0,86,0,233,49,0,184,0,0,0,0,0,0,0,0,0,0,0,0,0,0,0,26,60,98,26,60,98,16.432106,13.984599,28.473807,0.000000,0.000000,0.000000,0,0,0,9630.853026,29.587205,169.492692,8340.973128,935.681870,254.458750,7718.026047,0.000000,0.000000,8908.166667,9630.853026,722.686359,9.715462,2.642121,80.138551,0.000000,7.503867,17.780772,11.034680,3.404479,0.015429,2,0.000000,0,0,0,100.000000,4.574203,100.000000,22.047521,1628.398680,6931.443339,-0.000000,492.464725
12180.000000,pure-acoustic,none,hardware,1,0,0,0,fifo,0.000500,180,15,hybrid,0.050000,4000.000000,6.087000,52.000000,500.000000,500.000000,2.000000,120.000000,0.000000,184,98,184,0,184,26,60,98,0,0,0,0,0,0,0,0,0.000000,0.000000,0.000000,clear-ocean,30.000000,60.000000,0.151000,1468,3821268,979.812308,8.044436,111,25,0,86,0,233,49,0,184,0,0,0,0,0,0,0,0,0,0,0,0,0,0,0,26,60,98,26,60,98,16.432106,13.984599,28.473807,0.000000,0.000000,0.000000,0,0,0,9636.253026,29.587205,169.492692,8340.973128,939.818040,255.492792,7718.255834,0.000000,0.000000,8913.566667,9636.253026,722.686359,9.752941,2.651371,80.096027,0.000000,7.499662,17.780772,11.034680,3.404479,0.015353,2,0.000000,0,0,0,100.000000,4.574203,100.000000,22.047521,1620.377011,6845.336623,-0.000000,462.435304
12240.000000,pure-acoustic,none,hardware,1,0,0,0,fifo,0.000500,180,15,hybrid,0.050000,4000.000000,6.087000,52.000000,500.000000,500.000000,2.000000,120.000000,0.000000,184,98,184,0,184,26,60,98,0,0,0,0,0,0,0,0,0.000000,0.000000,0.000000,clear-ocean,30.000000,60.000000,0.151000,1468,3821268,979.812308,8.005003,111,25,0,86,0,233,49,0,184,0,0,0,0,0,0,0,0,0,0,0,0,0,0,0,26,60,98,26,60,98,16.432106,13.984599,28.473807,0.000000,0.000000,0.000000,0,0,0,9641.653026,29.587205,169.492692,8340.973128,943.954211,256.526835,7718.485621,0.000000,0.000000,8918.966667,9641.653026,722.686359,9.790377,2.660611,80.053551,0.000000,7.495461,17.780772,11.034680,3.404479,0.015278,2,0.000000,0,0,0,100.000000,4.574203,100.000000,22.047521,1612.433987,6759.229907,-0.000000,412.262958
12300.000000,pure-acoustic,none,hardware,1,0,0,0,fifo,0.000500,180,15,hybrid,0.050000,4000.000000,6.087000,52.000000,500.000000,500.000000,2.000000,120.000000,0.000000,184,98,184,0,184,26,60,98,0,0,0,0,0,0,0,0,0.000000,0.000000,0.000000,clear-ocean,30.000000,60.000000,0.151000,1468,3821268,979.812308,7.965954,111,25,0,86,0,233,49,0,184,0,0,0,0,0,0,0,0,0,0,0,0,0,0,0,26,60,98,26,60,98,16.432106,13.984599,28.473807,0.000000,0.000000,0.000000,0,0,0,9647.053026,29.587205,169.492692,8340.973128,948.090381,257.560877,7718.715409,0.000000,0.000000,8924.366667,9647.053026,722.686359,9.827772,2.669840,80.011122,0.000000,7.491266,17.780772,11.034680,3.404479,0.015203,2,0.000000,0,0,0,100.000000,4.574203,100.000000,22.047521,1604.568455,6673.123190,-0.000000,346.704984
12360.000000,pure-acoustic,none,hardware,1,0,0,0,fifo,0.000500,180,15,hybrid,0.050000,4000.000000,6.087000,52.000000,500.000000,500.000000,2.000000,120.000000,0.000000,184,98,184,0,184,26,60,98,0,0,0,0,0,0,0,0,0.000000,0.000000,0.000000,clear-ocean,30.000000,60.000000,0.151000,1468,3821268,979.812308,7.927284,111,25,0,86,0,233,49,0,184,0,0,0,0,0,0,0,0,0,0,0,0,0,0,0,26,60,98,26,60,98,16.432106,13.984599,28.473807,0.000000,0.000000,0.000000,0,0,0,9652.453026,29.587205,169.492692,8340.973128,952.226551,258.594920,7718.945196,0.000000,0.000000,8929.766667,9652.453026,722.686359,9.865125,2.679059,79.968741,0.000000,7.487075,17.780772,11.034680,3.404479,0.015129,2,0.000000,0,0,0,100.000000,4.574203,100.000000,22.047521,1596.779288,6587.016474,-0.000000,271.977529
12420.000000,pure-acoustic,none,hardware,1,0,0,0,fifo,0.000500,180,15,hybrid,0.050000,4000.000000,6.087000,52.000000,500.000000,500.000000,2.000000,120.000000,0.000000,184,98,184,0,184,26,60,98,0,0,0,0,0,0,0,0,0.000000,0.000000,0.000000,clear-ocean,30.000000,60.000000,0.151000,1468,3821268,979.812308,7.888988,111,25,0,86,0,233,49,0,184,0,0,0,0,0,0,0,0,0,0,0,0,0,0,0,26,60,98,26,60,98,16.432106,13.984599,28.473807,0.000000,0.000000,0.000000,0,0,0,9657.853026,29.587205,169.492692,8340.973128,956.362721,259.628962,7719.174983,0.000000,0.000000,8935.166667,9657.853026,722.686359,9.902436,2.688268,79.926408,0.000000,7.482888,17.780772,11.034680,3.404479,0.015056,2,0.000000,0,0,0,100.000000,4.574203,100.000000,22.047521,1589.065378,6500.909758,-0.000000,195.166185
12480.000000,pure-acoustic,none,hardware,1,0,0,0,fifo,0.000500,180,15,hybrid,0.050000,4000.000000,6.087000,52.000000,500.000000,500.000000,2.000000,120.000000,0.000000,184,98,184,0,184,26,60,98,0,0,0,0,0,0,0,0,0.000000,0.000000,0.000000,clear-ocean,30.000000,60.000000,0.151000,1468,3821268,979.812308,7.851060,111,25,0,86,0,233,49,0,184,0,0,0,0,0,0,0,0,0,0,0,0,0,0,0,26,60,98,26,60,98,16.432106,13.984599,28.473807,0.000000,0.000000,0.000000,0,0,0,9663.253026,29.587205,169.492692,8340.973128,960.498891,260.663005,7719.404770,0.000000,0.000000,8940.566667,9663.253026,722.686359,9.939705,2.697466,79.884121,0.000000,7.478707,17.780772,11.034680,3.404479,0.014984,2,0.000000,0,0,0,100.000000,4.574203,100.000000,22.047521,1581.425641,6414.803042,-0.000000,123.554134
12540.000000,pure-acoustic,none,hardware,1,0,0,0,fifo,0.000500,180,15,hybrid,0.050000,4000.000000,6.087000,52.000000,500.000000,500.000000,2.000000,120.000000,0.000000,184,98,184,0,184,26,60,98,0,0,0,0,0,0,0,0,0.000000,0.000000,0.000000,clear-ocean,30.000000,60.000000,0.151000,1468,3821268,979.812308,7.813495,111,25,0,86,0,233,49,0,184,0,0,0,0,0,0,0,0,0,0,0,0,0,0,0,26,60,98,26,60,98,16.432106,13.984599,28.473807,0.000000,0.000000,0.000000,0,0,0,9668.653026,29.587205,169.492692,8340.973128,964.635062,261.697047,7719.634558,0.000000,0.000000,8945.966667,9668.653026,722.686359,9.976933,2.706655,79.841882,0.000000,7.474530,17.780772,11.034680,3.404479,0.014912,2,0.000000,0,0,0,100.000000,4.574203,100.000000,22.047521,1573.859011,6328.696326,-0.000000,63.931567
12600.000000,pure-acoustic,none,hardware,1,0,0,0,fifo,0.000500,180,15,hybrid,0.050000,4000.000000,6.087000,52.000000,500.000000,500.000000,2.000000,120.000000,0.000000,184,98,184,0,184,26,60,98,0,0,0,0,0,0,0,0,0.000000,0.000000,0.000000,clear-ocean,30.000000,60.000000,0.151000,1468,3821268,979.812308,7.776288,111,25,0,86,0,233,49,0,184,0,0,0,0,0,0,0,0,0,0,0,0,0,0,0,26,60,98,26,60,98,16.432106,13.984599,28.473807,0.000000,0.000000,0.000000,0,0,0,9674.053026,29.587205,169.492692,8340.973128,968.771232,262.731090,7719.864345,0.000000,0.000000,8951.366667,9674.053026,722.686359,10.014120,2.715833,79.799690,0.000000,7.470358,17.780772,11.034680,3.404479,0.014841,2,0.000000,0,0,0,100.000000,4.574203,100.000000,22.047521,1566.364444,6242.589610,-0.000000,21.951842
12660.000000,pure-acoustic,none,hardware,1,0,0,0,fifo,0.000500,180,15,hybrid,0.050000,4000.000000,6.087000,52.000000,500.000000,500.000000,2.000000,120.000000,0.000000,184,98,184,0,184,26,60,98,0,0,0,0,0,0,0,0,0.000000,0.000000,0.000000,clear-ocean,30.000000,60.000000,0.151000,1468,3821268,979.812308,7.739434,111,25,0,86,0,233,49,0,184,0,0,0,0,0,0,0,0,0,0,0,0,0,0,0,26,60,98,26,60,98,16.432106,13.984599,28.473807,0.000000,0.000000,0.000000,0,0,0,9679.453026,29.587205,169.492692,8340.973128,972.907402,263.765133,7720.094132,0.000000,0.000000,8956.766667,9679.453026,722.686359,10.051264,2.725000,79.757545,0.000000,7.466190,17.780772,11.034680,3.404479,0.014771,2,0.000000,0,0,0,100.000000,4.574203,100.000000,22.047521,1558.940916,6156.482894,-0.000000,1.595440
12720.000000,pure-acoustic,none,hardware,1,0,0,0,fifo,0.000500,180,15,hybrid,0.050000,4000.000000,6.087000,52.000000,500.000000,500.000000,2.000000,120.000000,0.000000,184,98,184,0,184,26,60,98,0,0,0,0,0,0,0,0,0.000000,0.000000,0.000000,clear-ocean,30.000000,60.000000,0.151000,1468,3821268,979.812308,7.702927,111,25,0,86,0,233,49,0,184,0,0,0,0,0,0,0,0,0,0,0,0,0,0,0,26,60,98,26,60,98,16.432106,13.984599,28.473807,0.000000,0.000000,0.000000,0,0,0,9684.853026,29.587205,169.492692,8340.973128,977.043572,264.799175,7720.323919,0.000000,0.000000,8962.166667,9684.853026,722.686359,10.088368,2.734158,79.715447,0.000000,7.462027,17.780772,11.034680,3.404479,0.014701,2,0.000000,0,0,0,100.000000,4.574203,100.000000,22.047521,1551.587421,6070.376177,0.000000,4.792536
12780.000000,pure-acoustic,none,hardware,1,0,0,0,fifo,0.000500,180,15,hybrid,0.050000,4000.000000,6.087000,52.000000,500.000000,500.000000,2.000000,120.000000,0.000000,184,98,184,0,184,26,60,98,0,0,0,0,0,0,0,0,0.000000,0.000000,0.000000,clear-ocean,30.000000,60.000000,0.151000,1468,3821268,979.812308,7.666763,111,25,0,86,0,233,49,0,184,0,0,0,0,0,0,0,0,0,0,0,0,0,0,0,26,60,98,26,60,98,16.432106,13.984599,28.473807,0.000000,0.000000,0.000000,0,0,0,9690.253026,29.587205,169.492692,8340.973128,981.179742,265.833218,7720.553706,0.000000,0.000000,8967.566667,9690.253026,722.686359,10.125430,2.743305,79.673396,0.000000,7.457869,17.780772,11.034680,3.404479,0.014632,2,0.000000,0,0,0,100.000000,4.574203,100.000000,22.047521,1544.302973,5984.269461,0.000000,31.239984
12840.000000,pure-acoustic,none,hardware,1,0,0,0,fifo,0.000500,180,15,hybrid,0.050000,4000.000000,6.087000,52.000000,500.000000,500.000000,2.000000,120.000000,0.000000,184,98,184,0,184,26,60,98,0,0,0,0,0,0,0,0,0.000000,0.000000,0.000000,clear-ocean,30.000000,60.000000,0.151000,1468,3821268,979.812308,7.630937,111,25,0,86,0,233,49,0,184,0,0,0,0,0,0,0,0,0,0,0,0,0,0,0,26,60,98,26,60,98,16.432106,13.984599,28.473807,0.000000,0.000000,0.000000,0,0,0,9695.653026,29.587205,169.492692,8340.973128,985.315913,266.867260,7720.783494,0.000000,0.000000,8972.966667,9695.653026,722.686359,10.162450,2.752442,79.631392,0.000000,7.453715,17.780772,11.034680,3.404479,0.014564,2,0.000000,0,0,0,100.000000,4.574203,100.000000,22.047521,1537.086604,5898.162745,0.000000,78.430061
12900.000000,pure-acoustic,none,hardware,1,0,0,0,fifo,0.000500,180,15,hybrid,0.050000,4000.000000,6.087000,52.000000,500.000000,500.000000,2.000000,120.000000,0.000000,184,98,184,0,184,26,60,98,0,0,0,0,0,0,0,0,0.000000,0.000000,0.000000,clear-ocean,30.000000,60.000000,0.151000,1468,3821268,979.812308,7.595444,111,25,0,86,0,233,49,0,184,0,0,0,0,0,0,0,0,0,0,0,0,0,0,0,26,60,98,26,60,98,16.432106,13.984599,28.473807,0.000000,0.000000,0.000000,0,0,0,9701.053026,29.587205,169.492692,8340.973128,989.452083,267.901303,7721.013281,0.000000,0.000000,8978.366667,9701.053026,722.686359,10.199430,2.761569,79.589435,0.000000,7.449566,17.780772,11.034680,3.404479,0.014496,2,0.000000,0,0,0,100.000000,4.574203,100.000000,22.047521,1529.937364,5812.056029,0.000000,141.888246
12960.000000,pure-acoustic,none,hardware,1,0,0,0,fifo,0.000500,180,15,hybrid,0.050000,4000.000000,6.087000,52.000000,500.000000,500.000000,2.000000,120.000000,0.000000,184,98,184,0,184,26,60,98,0,0,0,0,0,0,0,0,0.000000,0.000000,0.000000,clear-ocean,30.000000,60.000000,0.151000,1468,3821268,979.812308,7.560280,111,25,0,86,0,233,49,0,184,0,0,0,0,0,0,0,0,0,0,0,0,0,0,0,26,60,98,26,60,98,16.432106,13.984599,28.473807,0.000000,0.000000,0.000000,0,0,0,9706.453026,29.587205,169.492692,8340.973128,993.588253,268.935345,7721.243068,0.000000,0.000000,8983.766667,9706.453026,722.686359,10.236368,2.770686,79.547524,0.000000,7.445422,17.780772,11.034680,3.404479,0.014429,2,0.000000,0,0,0,100.000000,4.574203,100.000000,22.047521,1522.854321,5725.949313,0.000000,215.597491
13020.000000,pure-acoustic,none,hardware,1,0,0,0,fifo,0.000500,180,15,hybrid,0.050000,4000.000000,6.087000,52.000000,500.000000,500.000000,2.000000,120.000000,0.000000,184,98,184,0,184,26,60,98,0,0,0,0,0,0,0,0,0.000000,0.000000,0.000000,clear-ocean,30.000000,60.000000,0.151000,1468,3821268,979.812308,7.525440,111,25,0,86,0,233,49,0,184,0,0,0,0,0,0,0,0,0,0,0,0,0,0,0,26,60,98,26,60,98,16.432106,13.984599,28.473807,0.000000,0.000000,0.000000,0,0,0,9711.853026,29.587205,169.492692,8340.973128,997.724423,269.969388,7721.472855,0.000000,0.000000,8989.166667,9711.853026,722.686359,10.273265,2.779793,79.505660,0.000000,7.441282,17.780772,11.034680,3.404479,0.014363,2,0.000000,0,0,0,100.000000,4.574203,100.000000,22.047521,1515.836559,5639.842597,0.000000,292.568751
13080.000000,pure-acoustic,none,hardware,1,0,0,0,fifo,0.000500,180,15,hybrid,0.050000,4000.000000,6.087000,52.000000,500.000000,500.000000,2.000000,120.000000,0.000000,184,98,184,0,184,26,60,98,0,0,0,0,0,0,0,0,0.000000,0.000000,0.000000,clear-ocean,30.000000,60.000000,0.151000,1468,3821268,979.812308,7.490920,111,25,0,86,0,233,49,0,184,0,0,0,0,0,0,0,0,0,0,0,0,0,0,0,26,60,98,26,60,98,16.432106,13.984599,28.473807,0.000000,0.000000,0.000000,0,0,0,9717.253026,29.587205,169.492692,8340.973128,1001.860594,271.003430,7721.702643,0.000000,0.000000,8994.566667,9717.253026,722.686359,10.310122,2.788889,79.463843,0.000000,7.437147,17.780772,11.034680,3.404479,0.014297,2,0.000000,0,0,0,100.000000,4.574203,100.000000,22.047521,1508.883180,5553.735880,0.000000,365.503680
13140.000000,pure-acoustic,none,hardware,1,0,0,0,fifo,0.000500,180,15,hybrid,0.050000,4000.000000,6.087000,52.000000,500.000000,500.000000,2.000000,120.000000,0.000000,184,98,184,0,184,26,60,98,0,0,0,0,0,0,0,0,0.000000,0.000000,0.000000,clear-ocean,30.000000,60.000000,0.151000,1468,3821268,979.812308,7.456715,111,25,0,86,0,233,49,0,184,0,0,0,0,0,0,0,0,0,0,0,0,0,0,0,26,60,98,26,60,98,16.432106,13.984599,28.473807,0.000000,0.000000,0.000000,0,0,0,9722.653026,29.587205,169.492692,8340.973128,1005.996764,272.037473,7721.932430,0.000000,0.000000,8999.966667,9722.653026,722.686359,10.346937,2.797976,79.422071,0.000000,7.433016,17.780772,11.034680,3.404479,0.014231,2,0.000000,0,0,0,100.000000,4.574203,100.000000,22.047521,1501.993303,5467.629164,0.000000,427.486654
13200.000000,pure-acoustic,none,hardware,1,0,0,0,fifo,0.000500,180,15,hybrid,0.050000,4000.000000,6.087000,52.000000,500.000000,500.000000,2.000000,120.000000,0.000000,184,98,184,0,184,26,60,98,0,0,0,0,0,0,0,0,0.000000,0.000000,0.000000,clear-ocean,30.000000,60.000000,0.151000,1468,3821268,979.812308,7.422821,111,25,0,86,0,233,49,0,184,0,0,0,0,0,0,0,0,0,0,0,0,0,0,0,26,60,98,26,60,98,16.432106,13.984599,28.473807,0.000000,0.000000,0.000000,0,0,0,9728.053026,29.587205,169.492692,8340.973128,1010.132934,273.071516,7722.162217,0.000000,0.000000,9005.366667,9728.053026,722.686359,10.383711,2.807052,79.380347,0.000000,7.428890,17.780772,11.034680,3.404479,0.014167,2,0.000000,0,0,0,100.000000,4.574203,100.000000,22.047521,1495.166061,5381.522448,0.000000,472.640502
13260.000000,pure-acoustic,none,hardware,1,0,0,0,fifo,0.000500,180,15,hybrid,0.050000,4000.000000,6.087000,52.000000,500.000000,500.000000,2.000000,120.000000,0.000000,184,98,184,0,184,26,60,98,0,0,0,0,0,0,0,0,0.000000,0.000000,0.000000,clear-ocean,30.000000,60.000000,0.151000,1468,3821268,979.812308,7.389233,111,25,0,86,0,233,49,0,184,0,0,0,0,0,0,0,0,0,0,0,0,0,0,0,26,60,98,26,60,98,16.432106,13.984599,28.473807,0.000000,0.000000,0.000000,0,0,0,9733.453026,29.587205,169.492692,8340.973128,1014.269104,274.105558,7722.392004,0.000000,0.000000,9010.766667,9733.453026,722.686359,10.420445,2.816118,79.338668,0.000000,7.424769,17.780772,11.034680,3.404479,0.014103,2,0.000000,0,0,0,100.000000,4.574203,100.000000,22.047521,1488.400603,5295.415732,0.000000,496.683776
13320.000000,pure-acoustic,none,hardware,1,0,0,0,fifo,0.000500,180,15,hybrid,0.050000,4000.000000,6.087000,52.000000,500.000000,500.000000,2.000000,120.000000,0.000000,184,98,184,0,184,26,60,98,0,0,0,0,0,0,0,0,0.000000,0.000000,0.000000,clear-ocean,30.000000,60.000000,0.151000,1468,3821268,979.812308,7.355948,111,25,0,86,0,233,49,0,184,0,0,0,0,0,0,0,0,0,0,0,0,0,0,0,26,60,98,26,60,98,16.432106,13.984599,28.473807,0.000000,0.000000,0.000000,0,0,0,9738.853026,29.587205,169.492692,8340.973128,1018.405274,275.139601,7722.621792,0.000000,0.000000,9016.166667,9738.853026,722.686359,10.457138,2.825175,79.297036,0.000000,7.420652,17.780772,11.034680,3.404479,0.014039,2,0.000000,0,0,0,100.000000,4.574203,100.000000,22.047521,1481.696096,5209.309016,-0.000000,497.336716
13380.000000,pure-acoustic,none,hardware,1,0,0,0,fifo,0.000500,180,15,hybrid,0.050000,4000.000000,6.087000,52.000000,500.000000,500.000000,2.000000,120.000000,0.000000,184,98,184,0,184,26,60,98,0,0,0,0,0,0,0,0,0.000000,0.000000,0.000000,clear-ocean,30.000000,60.000000,0.151000,1468,3821268,979.812308,7.322962,111,25,0,86,0,233,49,0,184,0,0,0,0,0,0,0,0,0,0,0,0,0,0,0,26,60,98,26,60,98,16.432106,13.984599,28.473807,0.000000,0.000000,0.000000,0,0,0,9744.253026,29.587205,169.492692,8340.973128,1022.541445,276.173643,7722.851579,0.000000,0.000000,9021.566667,9744.253026,722.686359,10.493790,2.834221,79.255450,0.000000,7.416539,17.780772,11.034680,3.404479,0.013976,2,0.000000,0,0,0,100.000000,4.574203,100.000000,22.047521,1475.051719,5123.202300,-0.000000,474.537410
13440.000000,pure-acoustic,none,hardware,1,0,0,0,fifo,0.000500,180,15,hybrid,0.050000,4000.000000,6.087000,52.000000,500.000000,500.000000,2.000000,120.000000,0.000000,184,98,184,0,184,26,60,98,0,0,0,0,0,0,0,0,0.000000,0.000000,0.000000,clear-ocean,30.000000,60.000000,0.151000,1468,3821268,979.812308,7.290270,111,25,0,86,0,233,49,0,184,0,0,0,0,0,0,0,0,0,0,0,0,0,0,0,26,60,98,26,60,98,16.432106,13.984599,28.473807,0.000000,0.000000,0.000000,0,0,0,9749.653026,29.587205,169.492692,8340.973128,1026.677615,277.207686,7723.081366,0.000000,0.000000,9026.966667,9749.653026,722.686359,10.530402,2.843257,79.213910,0.000000,7.412432,17.780772,11.034680,3.404479,0.013914,2,0.000000,0,0,0,100.000000,4.574203,100.000000,22.047521,1468.466667,5037.095584,-0.000000,430.447668
13500.000000,pure-acoustic,none,hardware,1,0,0,0,fifo,0.000500,180,15,hybrid,0.050000,4000.000000,6.087000,52.000000,500.000000,500.000000,2.000000,120.000000,0.000000,184,98,184,0,184,26,60,98,0,0,0,0,0,0,0,0,0.000000,0.000000,0.000000,clear-ocean,30.000000,60.000000,0.151000,1468,3821268,979.812308,7.257869,111,25,0,86,0,233,49,0,184,0,0,0,0,0,0,0,0,0,0,0,0,0,0,0,26,60,98,26,60,98,16.432106,13.984599,28.473807,0.000000,0.000000,0.000000,0,0,0,9755.053026,29.587205,169.492692,8340.973128,1030.813785,278.241728,7723.311153,0.000000,0.000000,9032.366667,9755.053026,722.686359,10.566973,2.852283,79.172416,0.000000,7.408328,17.780772,11.034680,3.404479,0.013852,2,0.000000,0,0,0,100.000000,4.574203,100.000000,22.047521,1461.940148,4950.988867,-0.000000,369.248039
13560.000000,pure-acoustic,none,hardware,1,0,0,0,fifo,0.000500,180,15,hybrid,0.050000,4000.000000,6.087000,52.000000,500.000000,500.000000,2.000000,120.000000,0.000000,184,98,184,0,184,26,60,98,0,0,0,0,0,0,0,0,0.000000,0.000000,0.000000,clear-ocean,30.000000,60.000000,0.151000,1468,3821268,979.812308,7.225754,111,25,0,86,0,233,49,0,184,0,0,0,0,0,0,0,0,0,0,0,0,0,0,0,26,60,98,26,60,98,16.432106,13.984599,28.473807,0.000000,0.000000,0.000000,0,0,0,9760.453026,29.587205,169.492692,8340.973128,1034.949955,279.275771,7723.540941,0.000000,0.000000,9037.766667,9760.453026,722.686359,10.603503,2.861299,79.130968,0.000000,7.404230,17.780772,11.034680,3.404479,0.013791,2,0.000000,0,0,0,100.000000,4.574203,100.000000,22.047521,1455.471386,4864.882151,-0.000000,296.741417
13620.000000,pure-acoustic,none,hardware,1,0,0,0,fifo,0.000500,180,15,hybrid,0.050000,4000.000000,6.087000,52.000000,500.000000,500.000000,2.000000,120.000000,0.000000,184,98,184,0,184,26,60,98,0,0,0,0,0,0,0,0,0.000000,0.000000,0.000000,clear-ocean,30.000000,60.000000,0.151000,1468,3821268,979.812308,7.193923,111,25,0,86,0,233,49,0,184,0,0,0,0,0,0,0,0,0,0,0,0,0,0,0,26,60,98,26,60,98,16.432106,13.984599,28.473807,0.000000,0.000000,0.000000,0,0,0,9765.853026,29.587205,169.492692,8340.973128,1039.086125,280.309813,7723.770728,0.000000,0.000000,9043.166667,9765.853026,722.686359,10.639993,2.870305,79.089566,0.000000,7.400136,17.780772,11.034680,3.404479,0.013730,2,0.000000,0,0,0,100.000000,4.574203,100.000000,22.047521,1449.059618,4778.775435,-0.000000,219.802817
13680.000000,pure-acoustic,none,hardware,1,0,0,0,fifo,0.000500,180,15,hybrid,0.050000,4000.000000,6.087000,52.000000,500.000000,500.000000,2.000000,120.000000,0.000000,184,98,184,0,184,26,60,98,0,0,0,0,0,0,0,0,0.000000,0.000000,0.000000,clear-ocean,30.000000,60.000000,0.151000,1468,3821268,979.812308,7.162371,111,25,0,86,0,233,49,0,184,0,0,0,0,0,0,0,0,0,0,0,0,0,0,0,26,60,98,26,60,98,16.432106,13.984599,28.473807,0.000000,0.000000,0.000000,0,0,0,9771.253026,29.587205,169.492692,8340.973128,1043.222296,281.343856,7724.000515,0.000000,0.000000,9048.566667,9771.253026,722.686359,10.676443,2.879302,79.048209,0.000000,7.396046,17.780772,11.034680,3.404479,0.013670,2,0.000000,0,0,0,100.000000,4.574203,100.000000,22.047521,1442.704094,4692.668719,-0.000000,145.727486
13740.000000,pure-acoustic,none,hardware,1,0,0,0,fifo,0.000500,180,15,hybrid,0.050000,4000.000000,6.087000,52.000000,500.000000,500.000000,2.000000,120.000000,0.000000,184,98,184,0,184,26,60,98,0,0,0,0,0,0,0,0,0.000000,0.000000,0.000000,clear-ocean,30.000000,60.000000,0.151000,1468,3821268,979.812308,7.131094,111,25,0,86,0,233,49,0,184,0,0,0,0,0,0,0,0,0,0,0,0,0,0,0,26,60,98,26,60,98,16.432106,13.984599,28.473807,0.000000,0.000000,0.000000,0,0,0,9776.653026,29.587205,169.492692,8340.973128,1047.358466,282.377899,7724.230302,0.000000,0.000000,9053.966667,9776.653026,722.686359,10.712853,2.888288,79.006898,0.000000,7.391961,17.780772,11.034680,3.404479,0.013610,2,0.000000,0,0,0,100.000000,4.574203,100.000000,22.047521,1436.404076,4606.562003,-0.000000,81.539182
13800.000000,pure-acoustic,none,hardware,1,0,0,0,fifo,0.000500,180,15,hybrid,0.050000,4000.000000,6.087000,52.000000,500.000000,500.000000,2.000000,120.000000,0.000000,184,98,184,0,184,26,60,98,0,0,0,0,0,0,0,0,0.000000,0.000000,0.000000,clear-ocean,30.000000,60.000000,0.151000,1468,3821268,979.812308,7.100089,111,25,0,86,0,233,49,0,184,0,0,0,0,0,0,0,0,0,0,0,0,0,0,0,26,60,98,26,60,98,16.432106,13.984599,28.473807,0.000000,0.000000,0.000000,0,0,0,9782.053026,29.587205,169.492692,8340.973128,1051.494636,283.411941,7724.460089,0.000000,0.000000,9059.366667,9782.053026,722.686359,10.749222,2.897264,78.965633,0.000000,7.387880,17.780772,11.034680,3.404479,0.013551,2,0.000000,0,0,0,100.000000,4.574203,100.000000,22.047521,1430.158841,4520.455287,-0.000000,33.324182
13860.000000,pure-acoustic,none,hardware,1,0,0,0,fifo,0.000500,180,15,hybrid,0.050000,4000.000000,6.087000,52.000000,500.000000,500.000000,2.000000,120.000000,0.000000,184,98,184,0,184,26,60,98,0,0,0,0,0,0,0,0,0.000000,0.000000,0.000000,clear-ocean,30.000000,60.000000,0.151000,1468,3821268,979.812308,7.069353,111,25,0,86,0,233,49,0,184,0,0,0,0,0,0,0,0,0,0,0,0,0,0,0,26,60,98,26,60,98,16.432106,13.984599,28.473807,0.000000,0.000000,0.000000,0,0,0,9787.453026,29.587205,169.492692,8340.973128,1055.630806,284.445984,7724.689877,0.000000,0.000000,9064.766667,9787.453026,722.686359,10.785552,2.906231,78.924413,0.000000,7.383804,17.780772,11.034680,3.404479,0.013492,2,0.000000,0,0,0,100.000000,4.574203,100.000000,22.047521,1423.967677,4434.348571,-0.000000,5.654189
13920.000000,pure-acoustic,none,hardware,1,0,0,0,fifo,0.000500,180,15,hybrid,0.050000,4000.000000,6.087000,52.000000,500.000000,500.000000,2.000000,120.000000,0.000000,184,98,184,0,184,26,60,98,0,0,0,0,0,0,0,0,0.000000,0.000000,0.000000,clear-ocean,30.000000,60.000000,0.151000,1468,3821268,979.812308,7.038882,111,25,0,86,0,233,49,0,184,0,0,0,0,0,0,0,0,0,0,0,0,0,0,0,26,60,98,26,60,98,16.432106,13.984599,28.473807,0.000000,0.000000,0.000000,0,0,0,9792.853026,29.587205,169.492692,8340.973128,1059.766977,285.480026,7724.919664,0.000000,0.000000,9070.166667,9792.853026,722.686359,10.821841,2.915187,78.883239,0.000000,7.379733,17.780772,11.034680,3.404479,0.013434,2,0.000000,0,0,0,100.000000,4.574203,100.000000,22.047521,1417.829885,4348.241854,0.000000,1.152847
13980.000000,pure-acoustic,none,hardware,1,0,0,0,fifo,0.000500,180,15,hybrid,0.050000,4000.000000,6.087000,52.000000,500.000000,500.000000,2.000000,120.000000,0.000000,184,98,184,0,184,26,60,98,0,0,0,0,0,0,0,0,0.000000,0.000000,0.000000,clear-ocean,30.000000,60.000000,0.151000,1468,3821268,979.812308,7.008672,111,25,0,86,0,233,49,0,184,0,0,0,0,0,0,0,0,0,0,0,0,0,0,0,26,60,98,26,60,98,16.432106,13.984599,28.473807,0.000000,0.000000,0.000000,0,0,0,9798.253026,29.587205,169.492692,8340.973128,1063.903147,286.514069,7725.149451,0.000000,0.000000,9075.566667,9798.253026,722.686359,10.858090,2.924134,78.842110,0.000000,7.375665,17.780772,11.034680,3.404479,0.013376,2,0.000000,0,0,0,100.000000,4.574203,100.000000,22.047521,1411.744778,4262.135138,0.000000,20.246969
14040.000000,pure-acoustic,none,hardware,1,0,0,0,fifo,0.000500,180,15,hybrid,0.050000,4000.000000,6.087000,52.000000,500.000000,500.000000,2.000000,120.000000,0.000000,184,98,184,0,184,26,60,98,0,0,0,0,0,0,0,0,0.000000,0.000000,0.000000,clear-ocean,30.000000,60.000000,0.151000,1468,3821268,979.812308,6.978720,111,25,0,86,0,233,49,0,184,0,0,0,0,0,0,0,0,0,0,0,0,0,0,0,26,60,98,26,60,98,16.432106,13.984599,28.473807,0.000000,0.000000,0.000000,0,0,0,9803.653026,29.587205,169.492692,8340.973128,1068.039317,287.548111,7725.379238,0.000000,0.000000,9080.966667,9803.653026,722.686359,10.894299,2.933071,78.801027,0.000000,7.371603,17.780772,11.034680,3.404479,0.013319,2,0.000000,0,0,0,100.000000,4.574203,100.000000,22.047521,1405.711681,4176.028422,0.000000,61.126069
14100.000000,pure-acoustic,none,hardware,1,0,0,0,fifo,0.000500,180,15,hybrid,0.050000,4000.000000,6.087000,52.000000,500.000000,500.000000,2.000000,120.000000,0.000000,184,98,184,0,184,26,60,98,0,0,0,0,0,0,0,0,0.000000,0.000000,0.000000,clear-ocean,30.000000,60.000000,0.151000,1468,3821268,979.812308,6.949023,111,25,0,86,0,233,49,0,184,0,0,0,0,0,0,0,0,0,0,0,0,0,0,0,26,60,98,26,60,98,16.432106,13.984599,28.473807,0.000000,0.000000,0.000000,0,0,0,9809.053026,29.587205,169.492692,8340.973128,1072.175487,288.582154,7725.609026,0.000000,0.000000,9086.366667,9809.053026,722.686359,10.930469,2.941998,78.759988,0.000000,7.367545,17.780772,11.034680,3.404479,0.013262,2,0.000000,0,0,0,100.000000,4.574203,100.000000,22.047521,1399.729929,4089.921706,0.000000,119.914025
14160.000000,pure-acoustic,none,hardware,1,0,0,0,fifo,0.000500,180,15,hybrid,0.050000,4000.000000,6.087000,52.000000,500.000000,500.000000,2.000000,120.000000,0.000000,184,98,184,0,184,26,60,98,0,0,0,0,0,0,0,0,0.000000,0.000000,0.000000,clear-ocean,30.000000,60.000000,0.151000,1468,3821268,979.812308,6.919578,111,25,0,86,0,233,49,0,184,0,0,0,0,0,0,0,0,0,0,0,0,0,0,0,26,60,98,26,60,98,16.432106,13.984599,28.473807,0.000000,0.000000,0.000000,0,0,0,9814.453026,29.587205,169.492692,8340.973128,1076.311657,289.616196,7725.838813,0.000000,0.000000,9091.766667,9814.453026,722.686359,10.966598,2.950915,78.718995,0.000000,7.363491,17.780772,11.034680,3.404479,0.013206,2,0.000000,0,0,0,100.000000,4.574203,100.000000,22.047521,1393.798870,4003.814990,0.000000,191.036617
14220.000000,pure-acoustic,none,hardware,1,0,0,0,fifo,0.000500,180,15,hybrid,0.050000,4000.000000,6.087000,52.000000,500.000000,500.000000,2.000000,120.000000,0.000000,184,98,184,0,184,26,60,98,0,0,0,0,0,0,0,0,0.000000,0.000000,0.000000,clear-ocean,30.000000,60.000000,0.151000,1468,3821268,979.812308,6.890382,111,25,0,86,0,233,49,0,184,0,0,0,0,0,0,0,0,0,0,0,0,0,0,0,26,60,98,26,60,98,16.432106,13.984599,28.473807,0.000000,0.000000,0.000000,0,0,0,9819.853026,29.587205,169.492692,8340.973128,1080.447828,290.650239,7726.068600,0.000000,0.000000,9097.166667,9819.853026,722.686359,11.002688,2.959823,78.678047,0.000000,7.359442,17.780772,11.034680,3.404479,0.013150,2,0.000000,0,0,0,100.000000,4.574203,100.000000,22.047521,1387.917862,3917.708274,0.000000,267.750065
14280.000000,pure-acoustic,none,hardware,1,0,0,0,fifo,0.000500,180,15,hybrid,0.050000,4000.000000,6.087000,52.000000,500.000000,500.000000,2.000000,120.000000,0.000000,184,98,184,0,184,26,60,98,0,0,0,0,0,0,0,0,0.000000,0.000000,0.000000,clear-ocean,30.000000,60.000000,0.151000,1468,3821268,979.812308,6.861431,111,25,0,86,0,233,49,0,184,0,0,0,0,0,0,0,0,0,0,0,0,0,0,0,26,60,98,26,60,98,16.432106,13.984599,28.473807,0.000000,0.000000,0.000000,0,0,0,9825.253026,29.587205,169.492692,8340.973128,1084.583998,291.684282,7726.298387,0.000000,0.000000,9102.566667,9825.253026,722.686359,11.038739,2.968720,78.637144,0.000000,7.355397,17.780772,11.034680,3.404479,0.013095,2,0.000000,0,0,0,100.000000,4.574203,100.000000,22.047521,1382.086275,3831.601558,0.000000,342.780467
14340.000000,pure-acoustic,none,hardware,1,0,0,0,fifo,0.000500,180,15,hybrid,0.050000,4000.000000,6.087000,52.000000,500.000000,500.000000,2.000000,120.000000,0.000000,184,98,184,0,184,26,60,98,0,0,0,0,0,0,0,0,0.000000,0.000000,0.000000,clear-ocean,30.000000,60.000000,0.151000,1468,3821268,979.812308,6.832722,111,25,0,86,0,233,49,0,184,0,0,0,0,0,0,0,0,0,0,0,0,0,0,0,26,60,98,26,60,98,16.432106,13.984599,28.473807,0.000000,0.000000,0.000000,0,0,0,9830.653026,29.587205,169.492692,8340.973128,1088.720168,292.718324,7726.528175,0.000000,0.000000,9107.966667,9830.653026,722.686359,11.074749,2.977608,78.596286,0.000000,7.351357,17.780772,11.034680,3.404479,0.013040,2,0.000000,0,0,0,100.000000,4.574203,100.000000,22.047521,1376.303487,3745.494841,0.000000,409.013508
14400.000000,pure-acoustic,none,hardware,1,0,0,0,fifo,0.000500,180,15,hybrid,0.050000,4000.000000,6.087000,52.000000,500.000000,500.000000,2.000000,120.000000,0.000000,184,98,184,0,184,26,60,98,0,0,0,0,0,0,0,0,0.000000,0.000000,0.000000,clear-ocean,30.000000,60.000000,0.151000,1468,3821268,979.812308,6.804252,111,25,0,86,0,233,49,0,184,0,0,0,0,0,0,0,0,0,0,0,0,0,0,0,26,60,98,26,60,98,16.432106,13.984599,28.473807,0.000000,0.000000,0.000000,0,0,0,9836.053026,29.587205,169.492692,8340.973128,1092.856338,293.752367,7726.757962,0.000000,0.000000,9113.366667,9836.053026,722.686359,11.110720,2.986486,78.555473,0.000000,7.347321,17.780772,11.034680,3.404479,0.012986,2,0.000000,0,0,0,100.000000,4.574203,100.000000,22.047521,1370.568889,3659.388125,0.000000,460.169031
14460.000000,pure-acoustic,none,hardware,1,0,0,0,fifo,0.000500,180,15,hybrid,0.050000,4000.000000,6.087000,52.000000,500.000000,500.000000,2.000000,120.000000,0.000000,184,98,184,0,184,26,60,98,0,0,0,0,0,0,0,0,0.000000,0.000000,0.000000,clear-ocean,30.000000,60.000000,0.151000,1468,3821268,979.812308,6.776019,111,25,0,86,0,233,49,0,184,0,0,0,0,0,0,0,0,0,0,0,0,0,0,0,26,60,98,26,60,98,16.432106,13.984599,28.473807,0.000000,0.000000,0.000000,0,0,0,9841.453026,29.587205,169.492692,8340.973128,1096.992508,294.786409,7726.987749,0.000000,0.000000,9118.766667,9841.453026,722.686359,11.146652,2.995355,78.514704,0.000000,7.343289,17.780772,11.034680,3.404479,0.012932,2,0.000000,0,0,0,100.000000,4.574203,100.000000,22.047521,1364.881881,3573.281409,0.000000,491.396514
14520.000000,pure-acoustic,none,hardware,1,0,0,0,fifo,0.000500,180,15,hybrid,0.050000,4000.000000,6.087000,52.000000,500.000000,500.000000,2.000000,120.000000,0.000000,184,98,184,0,184,26,60,98,0,0,0,0,0,0,0,0,0.000000,0.000000,0.000000,clear-ocean,30.000000,60.000000,0.151000,1468,3821268,979.812308,6.748019,111,25,0,86,0,233,49,0,184,0,0,0,0,0,0,0,0,0,0,0,0,0,0,0,26,60,98,26,60,98,16.432106,13.984599,28.473807,0.000000,0.000000,0.000000,0,0,0,9846.853026,29.587205,169.492692,8340.973128,1101.128679,295.820452,7727.217536,0.000000,0.000000,9124.166667,9846.853026,722.686359,11.182544,3.004213,78.473981,0.000000,7.339262,17.780772,11.034680,3.404479,0.012879,2,0.000000,0,0,0,100.000000,4.574203,100.000000,22.047521,1359.241873,3487.174693,-0.000000,499.734996
14580.000000,pure-acoustic,none,hardware,1,0,0,0,fifo,0.000500,180,15,hybrid,0.050000,4000.000000,6.087000,52.000000,500.000000,500.000000,2.000000,120.000000,0.000000,184,98,184,0,184,26,60,98,0,0,0,0,0,0,0,0,0.000000,0.000000,0.000000,clear-ocean,30.000000,60.000000,0.151000,1468,3821268,979.812308,6.720249,111,25,0,86,0,233,49,0,184,0,0,0,0,0,0,0,0,0,0,0,0,0,0,0,26,60,98,26,60,98,16.432106,13.984599,28.473807,0.000000,0.000000,0.000000,0,0,0,9852.253026,29.587205,169.492692,8340.973128,1105.264849,296.854494,7727.447324,0.000000,0.000000,9129.566667,9852.253026,722.686359,11.218397,3.013062,78.433302,0.000000,7.335240,17.780772,11.034680,3.404479,0.012826,2,0.000000,0,0,0,100.000000,4.574203,100.000000,22.047521,1353.648285,3401.067977,-0.000000,484.393829
14640.000000,pure-acoustic,none,hardware,1,0,0,0,fifo,0.000500,180,15,hybrid,0.050000,4000.000000,6.087000,52.000000,500.000000,500.000000,2.000000,120.000000,0.000000,184,98,184,0,184,26,60,98,0,0,0,0,0,0,0,0,0.000000,0.000000,0.000000,clear-ocean,30.000000,60.000000,0.151000,1468,3821268,979.812308,6.692707,111,25,0,86,0,233,49,0,184,0,0,0,0,0,0,0,0,0,0,0,0,0,0,0,26,60,98,26,60,98,16.432106,13.984599,28.473807,0.000000,0.000000,0.000000,0,0,0,9857.653026,29.587205,169.492692,8340.973128,1109.401019,297.888537,7727.677111,0.000000,0.000000,9134.966667,9857.653026,722.686359,11.254210,3.021901,78.392667,0.000000,7.331221,17.780772,11.034680,3.404479,0.012773,2,0.000000,0,0,0,100.000000,4.574203,100.000000,22.047521,1348.100546,3314.961261,-0.000000,446.827649
14700.000000,pure-acoustic,none,hardware,1,0,0,0,fifo,0.000500,180,15,hybrid,0.050000,4000.000000,6.087000,52.000000,500.000000,500.000000,2.000000,120.000000,0.000000,184,98,184,0,184,26,60,98,0,0,0,0,0,0,0,0,0.000000,0.000000,0.000000,clear-ocean,30.000000,60.000000,0.151000,1468,3821268,979.812308,6.665390,111,25,0,86,0,233,49,0,184,0,0,0,0,0,0,0,0,0,0,0,0,0,0,0,26,60,98,26,60,98,16.432106,13.984599,28.473807,0.000000,0.000000,0.000000,0,0,0,9863.053026,29.587205,169.492692,8340.973128,1113.537189,298.922579,7727.906898,0.000000,0.000000,9140.366667,9863.053026,722.686359,11.289985,3.030731,78.352077,0.000000,7.327207,17.780772,11.034680,3.404479,0.012721,2,0.000000,0,0,0,100.000000,4.574203,100.000000,22.047521,1342.598095,3228.854545,-0.000000,390.598447
14760.000000,pure-acoustic,none,hardware,1,0,0,0,fifo,0.000500,180,15,hybrid,0.050000,4000.000000,6.087000,52.000000,500.000000,500.000000,2.000000,120.000000,0.000000,184,98,184,0,184,26,60,98,0,0,0,0,0,0,0,0,0.000000,0.000000,0.000000,clear-ocean,30.000000,60.000000,0.151000,1468,3821268,979.812308,6.638295,111,25,0,86,0,233,49,0,184,0,0,0,0,0,0,0,0,0,0,0,0,0,0,0,26,60,98,26,60,98,16.432106,13.984599,28.473807,0.000000,0.000000,0.000000,0,0,0,9868.453026,29.587205,169.492692,8340.973128,1117.673360,299.956622,7728.136685,0.000000,0.000000,9145.766667,9868.453026,722.686359,11.325720,3.039551,78.311531,0.000000,7.323198,17.780772,11.034680,3.404479,0.012669,2,0.000000,0,0,0,100.000000,4.574203,100.000000,22.047521,1337.140379,3142.747828,-0.000000,321.037826
14820.000000,pure-acoustic,none,hardware,1,0,0,0,fifo,0.000500,180,15,hybrid,0.050000,4000.000000,6.087000,52.000000,500.000000,500.000000,2.000000,120.000000,0.000000,184,98,184,0,184,26,60,98,0,0,0,0,0,0,0,0,0.000000,0.000000,0.000000,clear-ocean,30.000000,60.000000,0.151000,1468,3821268,979.812308,6.611419,111,25,0,86,0,233,49,0,184,0,0,0,0,0,0,0,0,0,0,0,0,0,0,0,26,60,98,26,60,98,16.432106,13.984599,28.473807,0.000000,0.000000,0.000000,0,0,0,9873.853026,29.587205,169.492692,8340.973128,1121.809530,300.990664,7728.366472,0.000000,0.000000,9151.166667,9873.853026,722.686359,11.361416,3.048361,78.271030,0.000000,7.319193,17.780772,11.034680,3.404479,0.012618,2,0.000000,0,0,0,100.000000,4.574203,100.000000,22.047521,1331.726856,3056.641112,-0.000000,244.741463
14880.000000,pure-acoustic,none,hardware,1,0,0,0,fifo,0.000500,180,15,hybrid,0.050000,4000.000000,6.087000,52.000000,500.000000,500.000000,2.000000,120.000000,0.000000,184,98,184,0,184,26,60,98,0,0,0,0,0,0,0,0,0.000000,0.000000,0.000000,clear-ocean,30.000000,60.000000,0.151000,1468,3821268,979.812308,6.584760,111,25,0,86,0,233,49,0,184,0,0,0,0,0,0,0,0,0,0,0,0,0,0,0,26,60,98,26,60,98,16.432106,13.984599,28.473807,0.000000,0.000000,0.000000,0,0,0,9879.253026,29.587205,169.492692,8340.973128,1125.945700,302.024707,7728.596260,0.000000,0.000000,9156.566667,9879.253026,722.686359,11.397073,3.057161,78.230573,0.000000,7.315192,17.780772,11.034680,3.404479,0.012567,2,0.000000,0,0,0,100.000000,4.574203,100.000000,22.047521,1326.356989,2970.534396,-0.000000,168.943709
14940.000000,pure-acoustic,none,hardware,1,0,0,0,fifo,0.000500,180,15,hybrid,0.050000,4000.000000,6.087000,52.000000,500.000000,500.000000,2.000000,120.000000,0.000000,184,98,184,0,184,26,60,98,0,0,0,0,0,0,0,0,0.000000,0.000000,0.000000,clear-ocean,30.000000,60.000000,0.151000,1468,3821268,979.812308,6.558315,111,25,0,86,0,233,49,0,184,0,0,0,0,0,0,0,0,0,0,0,0,0,0,0,26,60,98,26,60,98,16.432106,13.984599,28.473807,0.000000,0.000000,0.000000,0,0,0,9884.653026,29.587205,169.492692,8340.973128,1130.081870,303.058750,7728.826047,0.000000,0.000000,9161.966667,9884.653026,722.686359,11.432691,3.065952,78.190160,0.000000,7.311196,17.780772,11.034680,3.404479,0.012517,2,0.000000,0,0,0,100.000000,4.574203,100.000000,22.047521,1321.030254,2884.427680,-0.000000,100.831640
15000.000000,pure-acoustic,none,hardware,1,0,0,0,fifo,0.000500,180,15,hybrid,0.050000,4000.000000,6.087000,52.000000,500.000000,500.000000,2.000000,120.000000,0.000000,184,98,184,0,184,26,60,98,0,0,0,0,0,0,0,0,0.000000,0.000000,0.000000,clear-ocean,30.000000,60.000000,0.151000,1468,3821268,979.812308,6.532082,111,25,0,86,0,233,49,0,184,0,0,0,0,0,0,0,0,0,0,0,0,0,0,0,26,60,98,26,60,98,16.432106,13.984599,28.473807,0.000000,0.000000,0.000000,0,0,0,9890.053026,29.587205,169.492692,8340.973128,1134.218040,304.092792,7729.055834,0.000000,0.000000,9167.366667,9890.053026,722.686359,11.468271,3.074734,78.149792,0.000000,7.307204,17.780772,11.034680,3.404479,0.012467,2,0.000000,0,0,0,100.000000,4.574203,100.000000,22.047521,1315.746133,2798.320964,-0.000000,46.863581
15060.000000,pure-acoustic,none,hardware,1,0,0,0,fifo,0.000500,180,15,hybrid,0.050000,4000.000000,6.087000,52.000000,500.000000,500.000000,2.000000,120.000000,0.000000,184,98,184,0,184,26,60,98,0,0,0,0,0,0,0,0,0.000000,0.000000,0.000000,clear-ocean,30.000000,60.000000,0.151000,1468,3821268,979.812308,6.506058,111,25,0,86,0,233,49,0,184,0,0,0,0,0,0,0,0,0,0,0,0,0,0,0,26,60,98,26,60,98,16.432106,13.984599,28.473807,0.000000,0.000000,0.000000,0,0,0,9895.453026,29.587205,169.492692,8340.973128,1138.354211,305.126835,7729.285621,0.000000,0.000000,9172.766667,9895.453026,722.686359,11.503811,3.083505,78.109467,0.000000,7.303217,17.780772,11.034680,3.404479,0.012417,2,0.000000,0,0,0,100.000000,4.574203,100.000000,22.047521,1310.504117,2712.214248,-0.000000,12.156736
15120.000000,pure-acoustic,none,hardware,1,0,0,0,fifo,0.000500,180,15,hybrid,0.050000,4000.000000,6.087000,52.000000,500.000000,500.000000,2.000000,120.000000,0.000000,184,98,184,0,184,26,60,98,0,0,0,0,0,0,0,0,0.000000,0.000000,0.000000,clear-ocean,30.000000,60.000000,0.151000,1468,3821268,979.812308,6.480240,111,25,0,86,0,233,49,0,184,0,0,0,0,0,0,0,0,0,0,0,0,0,0,0,26,60,98,26,60,98,16.432106,13.984599,28.473807,0.000000,0.000000,0.000000,0,0,0,9900.853026,29.587205,169.492692,8340.973128,1142.490381,306.160877,7729.515409,0.000000,0.000000,9178.166667,9900.853026,722.686359,11.539313,3.092268,78.069186,0.000000,7.299233,17.780772,11.034680,3.404479,0.012368,2,0.000000,0,0,0,100.000000,4.574203,100.000000,22.047521,1305.303704,2626.107532,-0.000000,0.001977
15180.000000,pure-acoustic,none,hardware,1,0,0,0,fifo,0.000500,180,15,hybrid,0.050000,4000.000000,6.087000,52.000000,500.000000,500.000000,2.000000,120.000000,0.000000,184,98,184,0,184,26,60,98,0,0,0,0,0,0,0,0,0.000000,0.000000,0.000000,clear-ocean,30.000000,60.000000,0.151000,1468,3821268,979.812308,6.454627,111,25,0,86,0,233,49,0,184,0,0,0,0,0,0,0,0,0,0,0,0,0,0,0,26,60,98,26,60,98,16.432106,13.984599,28.473807,0.000000,0.000000,0.000000,0,0,0,9906.253026,29.587205,169.492692,8340.973128,1146.626551,307.194920,7729.745196,0.000000,0.000000,9183.566667,9906.253026,722.686359,11.574776,3.101020,78.028950,0.000000,7.295254,17.780772,11.034680,3.404479,0.012319,2,0.000000,0,0,0,100.000000,4.574203,100.000000,22.047521,1300.144401,2540.000815,0.000000,11.551806
15240.000000,pure-acoustic,none,hardware,1,0,0,0,fifo,0.000500,180,15,hybrid,0.050000,4000.000000,6.087000,52.000000,500.000000,500.000000,2.000000,120.000000,0.000000,184,98,184,0,184,26,60,98,0,0,0,0,0,0,0,0,0.000000,0.000000,0.000000,clear-ocean,30.000000,60.000000,0.151000,1468,3821268,979.812308,6.429215,111,25,0,86,0,233,49,0,184,0,0,0,0,0,0,0,0,0,0,0,0,0,0,0,26,60,98,26,60,98,16.432106,13.984599,28.473807,0.000000,0.000000,0.000000,0,0,0,9911.653026,29.587205,169.492692,8340.973128,1150.762721,308.228962,7729.974983,0.000000,0.000000,9188.966667,9911.653026,722.686359,11.610200,3.109763,77.988757,0.000000,7.291280,17.780772,11.034680,3.404479,0.012270,2,0.000000,0,0,0,100.000000,4.574203,100.000000,22.047521,1295.025722,2453.894099,0.000000,45.711080
15300.000000,pure-acoustic,none,hardware,1,0,0,0,fifo,0.000500,180,15,hybrid,0.050000,4000.000000,6.087000,52.000000,500.000000,500.000000,2.000000,120.000000,0.000000,184,98,184,0,184,26,60,98,0,0,0,0,0,0,0,0,0.000000,0.000000,0.000000,clear-ocean,30.000000,60.000000,0.151000,1468,3821268,979.812308,6.404002,111,25,0,86,0,233,49,0,184,0,0,0,0,0,0,0,0,0,0,0,0,0,0,0,26,60,98,26,60,98,16.432106,13.984599,28.473807,0.000000,0.000000,0.000000,0,0,0,9917.053026,29.587205,169.492692,8340.973128,1154.898891,309.263005,7730.204770,0.000000,0.000000,9194.366667,9917.053026,722.686359,11.645586,3.118497,77.948608,0.000000,7.287310,17.780772,11.034680,3.404479,0.012222,2,0.000000,0,0,0,100.000000,4.574203,100.000000,22.047521,1289.947190,2367.787383,0.000000,99.240846
15360.000000,pure-acoustic,none,hardware,1,0,0,0,fifo,0.000500,180,15,hybrid,0.050000,4000.000000,6.087000,52.000000,500.000000,500.000000,2.000000,120.000000,0.000000,184,98,184,0,184,26,60,98,0,0,0,0,0,0,0,0,0.000000,0.000000,0.000000,clear-ocean,30.000000,60.000000,0.151000,1468,3821268,979.812308,6.378986,111,25,0,86,0,233,49,0,184,0,0,0,0,0,0,0,0,0,0,0,0,0,0,0,26,60,98,26,60,98,16.432106,13.984599,28.473807,0.000000,0.000000,0.000000,0,0,0,9922.453026,29.587205,169.492692,8340.973128,1159.035062,310.297047,7730.434558,0.000000,0.000000,9199.766667,9922.453026,722.686359,11.680933,3.127221,77.908502,0.000000,7.283344,17.780772,11.034680,3.404479,0.012174,2,0.000000,0,0,0,100.000000,4.574203,100.000000,22.047521,1284.908333,2281.680667,0.000000,167.065460
15420.000000,pure-acoustic,none,hardware,1,0,0,0,fifo,0.000500,180,15,hybrid,0.050000,4000.000000,6.087000,52.000000,500.000000,500.000000,2.000000,120.000000,0.000000,184,98,184,0,184,26,60,98,0,0,0,0,0,0,0,0,0.000000,0.000000,0.000000,clear-ocean,30.000000,60.000000,0.151000,1468,3821268,979.812308,6.354165,111,25,0,86,0,233,49,0,184,0,0,0,0,0,0,0,0,0,0,0,0,0,0,0,26,60,98,26,60,98,16.432106,13.984599,28.473807,0.000000,0.000000,0.000000,0,0,0,9927.853026,29.587205,169.492692,8340.973128,1163.171232,311.331090,7730.664345,0.000000,0.000000,9205.166667,9927.853026,722.686359,11.716241,3.135936,77.868441,0.000000,7.279382,17.780772,11.034680,3.404479,0.012127,2,0.000000,0,0,0,100.000000,4.574203,100.000000,22.047521,1279.908690,2195.573951,0.000000,242.753854
15480.000000,pure-acoustic,none,hardware,1,0,0,0,fifo,0.000500,180,15,hybrid,0.050000,4000.000000,6.087000,52.000000,500.000000,500.000000,2.000000,120.000000,0.000000,184,98,184,0,184,26,60,98,0,0,0,0,0,0,0,0,0.000000,0.000000,0.000000,clear-ocean,30.000000,60.000000,0.151000,1468,3821268,979.812308,6.329537,111,25,0,86,0,233,49,0,184,0,0,0,0,0,0,0,0,0,0,0,0,0,0,0,26,60,98,26,60,98,16.432106,13.984599,28.473807,0.000000,0.000000,0.000000,0,0,0,9933.253026,29.587205,169.492692,8340.973128,1167.307402,312.365133,7730.894132,0.000000,0.000000,9210.566667,9933.253026,722.686359,11.751512,3.144641,77.828422,0.000000,7.275425,17.780772,11.034680,3.404479,0.012080,2,0.000000,0,0,0,100.000000,4.574203,100.000000,22.047521,1274.947804,2109.467235,0.000000,319.129320
15540.000000,pure-acoustic,none,hardware,1,0,0,0,fifo,0.000500,180,15,hybrid,0.050000,4000.000000,6.087000,52.000000,500.000000,500.000000,2.000000,120.000000,0.000000,184,98,184,0,184,26,60,98,0,0,0,0,0,0,0,0,0.000000,0.000000,0.000000,clear-ocean,30.000000,60.000000,0.151000,1468,3821268,979.812308,6.305099,111,25,0,86,0,233,49,0,184,0,0,0,0,0,0,0,0,0,0,0,0,0,0,0,26,60,98,26,60,98,16.432106,13.984599,28.473807,0.000000,0.000000,0.000000,0,0,0,9938.653026,29.587205,169.492692,8340.973128,1171.443572,313.399175,7731.123919,0.000000,0.000000,9215.966667,9938.653026,722.686359,11.786744,3.153337,77.788448,0.000000,7.271472,17.780772,11.034680,3.404479,0.012033,2,0.000000,0,0,0,100.000000,4.574203,100.000000,22.047521,1270.025225,2023.360519,0.000000,388.950006
15600.000000,pure-acoustic,none,hardware,1,0,0,0,fifo,0.000500,180,15,hybrid,0.050000,4000.000000,6.087000,52.000000,500.000000,500.000000,2.000000,120.000000,0.000000,184,98,184,0,184,26,60,98,0,0,0,0,0,0,0,0,0.000000,0.000000,0.000000,clear-ocean,30.000000,60.000000,0.151000,1468,3821268,979.812308,6.280848,111,25,0,86,0,233,49,0,184,0,0,0,0,0,0,0,0,0,0,0,0,0,0,0,26,60,98,26,60,98,16.432106,13.984599,28.473807,0.000000,0.000000,0.000000,0,0,0,9944.053026,29.587205,169.492692,8340.973128,1175.579742,314.433218,7731.353706,0.000000,0.000000,9221.366667,9944.053026,722.686359,11.821938,3.162023,77.748516,0.000000,7.267523,17.780772,11.034680,3.404479,0.011987,2,0.000000,0,0,0,100.000000,4.574203,100.000000,22.047521,1265.140513,1937.253802,0.000000,445.595577
15660.000000,pure-acoustic,none,hardware,1,0,0,0,fifo,0.000500,180,15,hybrid,0.050000,4000.000000,6.087000,52.000000,500.000000,500.000000,2.000000,120.000000,0.000000,184,98,184,0,184,26,60,98,0,0,0,0,0,0,0,0,0.000000,0.000000,0.000000,clear-ocean,30.000000,60.000000,0.151000,1468,3821268,979.812308,6.256784,111,25,0,86,0,233,49,0,184,0,0,0,0,0,0,0,0,0,0,0,0,0,0,0,26,60,98,26,60,98,16.432106,13.984599,28.473807,0.000000,0.000000,0.000000,0,0,0,9949.453026,29.587205,169.492692,8340.973128,1179.715913,315.467260,7731.583494,0.000000,0.000000,9226.766667,9949.453026,722.686359,11.857093,3.170700,77.708629,0.000000,7.263579,17.780772,11.034680,3.404479,0.011941,2,0.000000,0,0,0,100.000000,4.574203,100.000000,22.047521,1260.293231,1851.147086,0.000000,483.694950
15720.000000,pure-acoustic,none,hardware,1,0,0,0,fifo,0.000500,180,15,hybrid,0.050000,4000.000000,6.087000,52.000000,500.000000,500.000000,2.000000,120.000000,0.000000,184,98,184,0,184,26,60,98,0,0,0,0,0,0,0,0,0.000000,0.000000,0.000000,clear-ocean,30.000000,60.000000,0.151000,1468,3821268,979.812308,6.232903,111,25,0,86,0,233,49,0,184,0,0,0,0,0,0,0,0,0,0,0,0,0,0,0,26,60,98,26,60,98,16.432106,13.984599,28.473807,0.000000,0.000000,0.000000,0,0,0,9954.853026,29.587205,169.492692,8340.973128,1183.852083,316.501303,7731.813281,0.000000,0.000000,9232.166667,9954.853026,722.686359,11.892211,3.179367,77.668784,0.000000,7.259639,17.780772,11.034680,3.404479,0.011896,2,0.000000,0,0,0,100.000000,4.574203,100.000000,22.047521,1255.482952,1765.040370,0.000000,499.635578
15780.000000,pure-acoustic,none,hardware,1,0,0,0,fifo,0.000500,180,15,hybrid,0.050000,4000.000000,6.087000,52.000000,500.000000,500.000000,2.000000,120.000000,0.000000,184,98,184,0,184,26,60,98,0,0,0,0,0,0,0,0,0.000000,0.000000,0.000000,clear-ocean,30.000000,60.000000,0.151000,1468,3821268,979.812308,6.209203,111,25,0,86,0,233,49,0,184,0,0,0,0,0,0,0,0,0,0,0,0,0,0,0,26,60,98,26,60,98,16.432106,13.984599,28.473807,0.000000,0.000000,0.000000,0,0,0,9960.253026,29.587205,169.492692,8340.973128,1187.988253,317.535345,7732.043068,0.000000,0.000000,9237.566667,9960.253026,722.686359,11.927290,3.188025,77.628982,0.000000,7.255703,17.780772,11.034680,3.404479,0.011850,2,0.000000,0,0,0,100.000000,4.574203,100.000000,22.047521,1250.709252,1678.933654,-0.000000,491.905983
15840.000000,pure-acoustic,none,hardware,1,0,0,0,fifo,0.000500,180,15,hybrid,0.050000,4000.000000,6.087000,52.000000,500.000000,500.000000,2.000000,120.000000,0.000000,184,98,184,0,184,26,60,98,0,0,0,0,0,0,0,0,0.000000,0.000000,0.000000,clear-ocean,30.000000,60.000000,0.151000,1468,3821268,979.812308,6.185684,111,25,0,86,0,233,49,0,184,0,0,0,0,0,0,0,0,0,0,0,0,0,0,0,26,60,98,26,60,98,16.432106,13.984599,28.473807,0.000000,0.000000,0.000000,0,0,0,9965.653026,29.587205,169.492692,8340.973128,1192.124423,318.569388,7732.272855,0.000000,0.000000,9242.966667,9965.653026,722.686359,11.962331,3.196673,77.589224,0.000000,7.251771,17.780772,11.034680,3.404479,0.011806,2,0.000000,0,0,0,100.000000,4.574203,100.000000,22.047521,1245.971717,1592.826938,-0.000000,461.239079
15900.000000,pure-acoustic,none,hardware,1,0,0,0,fifo,0.000500,180,15,hybrid,0.050000,4000.000000,6.087000,52.000000,500.000000,500.000000,2.000000,120.000000,0.000000,184,98,184,0,184,26,60,98,0,0,0,0,0,0,0,0,0.000000,0.000000,0.000000,clear-ocean,30.000000,60.000000,0.151000,1468,3821268,979.812308,6.162342,111,25,0,86,0,233,49,0,184,0,0,0,0,0,0,0,0,0,0,0,0,0,0,0,26,60,98,26,60,98,16.432106,13.984599,28.473807,0.000000,0.000000,0.000000,0,0,0,9971.053026,29.587205,169.492692,8340.973128,1196.260594,319.603430,7732.502643,0.000000,0.000000,9248.366667,9971.053026,722.686359,11.997335,3.205313,77.549509,0.000000,7.247844,17.780772,11.034680,3.404479,0.011761,2,0.000000,0,0,0,100.000000,4.574203,100.000000,22.047521,1241.269937,1506.720222,-0.000000,410.542675
15960.000000,pure-acoustic,none,hardware,1,0,0,0,fifo,0.000500,180,15,hybrid,0.050000,4000.000000,6.087000,52.000000,500.000000,500.000000,2.000000,120.000000,0.000000,184,98,184,0,184,26,60,98,0,0,0,0,0,0,0,0,0.000000,0.000000,0.000000,clear-ocean,30.000000,60.000000,0.151000,1468,3821268,979.812308,6.139175,111,25,0,86,0,233,49,0,184,0,0,0,0,0,0,0,0,0,0,0,0,0,0,0,26,60,98,26,60,98,16.432106,13.984599,28.473807,0.000000,0.000000,0.000000,0,0,0,9976.453026,29.587205,169.492692,8340.973128,1200.396764,320.637473,7732.732430,0.000000,0.000000,9253.766667,9976.453026,722.686359,12.032300,3.213943,77.509837,0.000000,7.243921,17.780772,11.034680,3.404479,0.011717,2,0.000000,0,0,0,100.000000,4.574203,100.000000,22.047521,1236.603509,1420.613506,-0.000000,344.623758
16020.000000,pure-acoustic,none,hardware,1,0,0,0,fifo,0.000500,180,15,hybrid,0.050000,4000.000000,6.087000,52.000000,500.000000,500.000000,2.000000,120.000000,0.000000,184,98,184,0,184,26,60,98,0,0,0,0,0,0,0,0,0.000000,0.000000,0.000000,clear-ocean,30.000000,60.000000,0.151000,1468,3821268,979.812308,6.116182,111,25,0,86,0,233,49,0,184,0,0,0,0,0,0,0,0,0,0,0,0,0,0,0,26,60,98,26,60,98,16.432106,13.984599,28.473807,0.000000,0.000000,0.000000,0,0,0,9981.853026,29.587205,169.492692,8340.973128,1204.532934,321.671516,7732.962217,0.000000,0.000000,9259.166667,9981.853026,722.686359,12.067228,3.222563,77.470207,0.000000,7.240002,17.780772,11.034680,3.404479,0.011673,2,0.000000,0,0,0,100.000000,4.574203,100.000000,22.047521,1231.972035,1334.506789,-0.000000,269.732701
16080.000000,pure-acoustic,none,hardware,1,0,0,0,fifo,0.000500,180,15,hybrid,0.050000,4000.000000,6.087000,52.000000,500.000000,500.000000,2.000000,120.000000,0.000000,184,98,184,0,184,26,60,98,0,0,0,0,0,0,0,0,0.000000,0.000000,0.000000,clear-ocean,30.000000,60.000000,0.151000,1468,3821268,979.812308,6.093360,111,25,0,86,0,233,49,0,184,0,0,0,0,0,0,0,0,0,0,0,0,0,0,0,26,60,98,26,60,98,16.432106,13.984599,28.473807,0.000000,0.000000,0.000000,0,0,0,9987.253026,29.587205,169.492692,8340.973128,1208.669104,322.705558,7733.192004,0.000000,0.000000,9264.566667,9987.253026,722.686359,12.102118,3.231174,77.430621,0.000000,7.236087,17.780772,11.034680,3.404479,0.011629,2,0.000000,0,0,0,100.000000,4.574203,100.000000,22.047521,1227.375124,1248.400073,-0.000000,192.970607
16140.000000,pure-acoustic,none,hardware,1,0,0,0,fifo,0.000500,180,15,hybrid,0.050000,4000.000000,6.087000,52.000000,500.000000,500.000000,2.000000,120.000000,0.000000,184,98,184,0,184,26,60,98,0,0,0,0,0,0,0,0,0.000000,0.000000,0.000000,clear-ocean,30.000000,60.000000,0.151000,1468,3821268,979.812308,6.070708,111,25,0,86,0,233,49,0,184,0,0,0,0,0,0,0,0,0,0,0,0,0,0,0,26,60,98,26,60,98,16.432106,13.984599,28.473807,0.000000,0.000000,0.000000,0,0,0,9992.653026,29.587205,169.492692,8340.973128,1212.805274,323.739601,7733.421792,0.000000,0.000000,9269.966667,9992.653026,722.686359,12.136970,3.239776,77.391077,0.000000,7.232177,17.780772,11.034680,3.404479,0.011586,2,0.000000,0,0,0,100.000000,4.574203,100.000000,22.047521,1222.812392,1162.293357,-0.000000,121.615989
16200.000000,pure-acoustic,none,hardware,1,0,0,0,fifo,0.000500,180,15,hybrid,0.050000,4000.000000,6.087000,52.000000,500.000000,500.000000,2.000000,120.000000,0.000000,184,98,184,0,184,26,60,98,0,0,0,0,0,0,0,0,0.000000,0.000000,0.000000,clear-ocean,30.000000,60.000000,0.151000,1468,3821268,979.812308,6.048224,111,25,0,86,0,233,49,0,184,0,0,0,0,0,0,0,0,0,0,0,0,0,0,0,26,60,98,26,60,98,16.432106,13.984599,28.473807,0.000000,0.000000,0.000000,0,0,0,9998.053026,29.587205,169.492692,8340.973128,1216.941445,324.773643,7733.651579,0.000000,0.000000,9275.366667,9998.053026,722.686359,12.171784,3.248369,77.351576,0.000000,7.228271,17.780772,11.034680,3.404479,0.011543,2,0.000000,0,0,0,100.000000,4.574203,100.000000,22.047521,1218.283457,1076.186641,-0.000000,62.434628
16260.000000,pure-acoustic,none,hardware,1,0,0,0,fifo,0.000500,180,15,hybrid,0.050000,4000.000000,6.087000,52.000000,500.000000,500.000000,2.000000,120.000000,0.000000,184,98,184,0,184,26,60,98,0,0,0,0,0,0,0,0,0.000000,0.000000,0.000000,clear-ocean,30.000000,60.000000,0.151000,1468,3821268,979.812308,6.025906,111,25,0,86,0,233,49,0,184,0,0,0,0,0,0,0,0,0,0,0,0,0,0,0,26,60,98,26,60,98,16.432106,13.984599,28.473807,0.000000,0.000000,0.000000,0,0,0,10003.453026,29.587205,169.492692,8340.973128,1221.077615,325.807686,7733.881366,0.000000,0.000000,9280.766667,10003.453026,722.686359,12.206561,3.256952,77.312118,0.000000,7.224369,17.780772,11.034680,3.404479,0.011501,2,0.000000,0,0,0,100.000000,4.574203,100.000000,22.047521,1213.787946,990.079925,-0.000000,21.038048
16320.000000,pure-acoustic,none,hardware,1,0,0,0,fifo,0.000500,180,15,hybrid,0.050000,4000.000000,6.087000,52.000000,500.000000,500.000000,2.000000,120.000000,0.000000,184,98,184,0,184,26,60,98,0,0,0,0,0,0,0,0,0.000000,0.000000,0.000000,clear-ocean,30.000000,60.000000,0.151000,1468,3821268,979.812308,6.003752,111,25,0,86,0,233,49,0,184,0,0,0,0,0,0,0,0,0,0,0,0,0,0,0,26,60,98,26,60,98,16.432106,13.984599,28.473807,0.000000,0.000000,0.000000,0,0,0,10008.853026,29.587205,169.492692,8340.973128,1225.213785,326.841728,7734.111153,0.000000,0.000000,9286.166667,10008.853026,722.686359,12.241301,3.265526,77.272702,0.000000,7.220471,17.780772,11.034680,3.404479,0.011458,2,0.000000,0,0,0,100.000000,4.574203,100.000000,22.047521,1209.325490,903.973209,-0.000000,1.351435
16380.000000,pure-acoustic,none,hardware,1,0,0,0,fifo,0.000500,180,15,hybrid,0.050000,4000.000000,6.087000,52.000000,500.000000,500.000000,2.000000,120.000000,0.000000,184,98,184,0,184,26,60,98,0,0,0,0,0,0,0,0,0.000000,0.000000,0.000000,clear-ocean,30.000000,60.000000,0.151000,1468,3821268,979.812308,5.981760,111,25,0,86,0,233,49,0,184,0,0,0,0,0,0,0,0,0,0,0,0,0,0,0,26,60,98,26,60,98,16.432106,13.984599,28.473807,0.000000,0.000000,0.000000,0,0,0,10014.253026,29.587205,169.492692,8340.973128,1229.349955,327.875771,7734.340941,0.000000,0.000000,9291.566667,10014.253026,722.686359,12.276003,3.274091,77.233329,0.000000,7.216578,17.780772,11.034680,3.404479,0.011416,2,0.000000,0,0,0,100.000000,4.574203,100.000000,22.047521,1204.895726,817.866493,0.000000,5.241457
16440.000000,pure-acoustic,none,hardware,1,0,0,0,fifo,0.000500,180,15,hybrid,0.050000,4000.000000,6.087000,52.000000,500.000000,500.000000,2.000000,120.000000,0.000000,184,98,184,0,184,26,60,98,0,0,0,0,0,0,0,0,0.000000,0.000000,0.000000,clear-ocean,30.000000,60.000000,0.151000,1468,3821268,979.812308,5.959929,111,25,0,86,0,233,49,0,184,0,0,0,0,0,0,0,0,0,0,0,0,0,0,0,26,60,98,26,60,98,16.432106,13.984599,28.473807,0.000000,0.000000,0.000000,0,0,0,10019.653026,29.587205,169.492692,8340.973128,1233.486125,328.909813,7734.570728,0.000000,0.000000,9296.966667,10019.653026,722.686359,12.310667,3.282647,77.193998,0.000000,7.212688,17.780772,11.034680,3.404479,0.011375,2,0.000000,0,0,0,100.000000,4.574203,100.000000,22.047521,1200.498297,731.759776,0.000000,32.339264
16500.000000,pure-acoustic,none,hardware,1,0,0,0,fifo,0.000500,180,15,hybrid,0.050000,4000.000000,6.087000,52.000000,500.000000,500.000000,2.000000,120.000000,0.000000,184,98,184,0,184,26,60,98,0,0,0,0,0,0,0,0,0.000000,0.000000,0.000000,clear-ocean,30.000000,60.000000,0.151000,1468,3821268,979.812308,5.938256,111,25,0,86,0,233,49,0,184,0,0,0,0,0,0,0,0,0,0,0,0,0,0,0,26,60,98,26,60,98,16.432106,13.984599,28.473807,0.000000,0.000000,0.000000,0,0,0,10025.053026,29.587205,169.492692,8340.973128,1237.622296,329.943856,7734.800515,0.000000,0.000000,9302.366667,10025.053026,722.686359,12.345294,3.291193,77.154709,0.000000,7.208803,17.780772,11.034680,3.404479,0.011333,2,0.000000,0,0,0,100.000000,4.574203,100.000000,22.047521,1196.132848,645.653060,0.000000,80.075468
16560.000000,pure-acoustic,none,hardware,1,0,0,0,fifo,0.000500,180,15,hybrid,0.050000,4000.000000,6.087000,52.000000,500.000000,500.000000,2.000000,120.000000,0.000000,184,98,184,0,184,26,60,98,0,0,0,0,0,0,0,0,0.000000,0.000000,0.000000,clear-ocean,30.000000,60.000000,0.151000,1468,3821268,979.812308,5.916741,111,25,0,86,0,233,49,0,184,0,0,0,0,0,0,0,0,0,0,0,0,0,0,0,26,60,98,26,60,98,16.432106,13.984599,28.473807,0.000000,0.000000,0.000000,0,0,0,10030.453026,29.587205,169.492692,8340.973128,1241.758466,330.977899,7735.030302,0.000000,0.000000,9307.766667,10030.453026,722.686359,12.379884,3.299730,77.115463,0.000000,7.204922,17.780772,11.034680,3.404479,0.011292,2,0.000000,0,0,0,100.000000,4.574203,100.000000,22.047521,1191.799034,559.546344,0.000000,143.923764
16620.000000,pure-acoustic,none,hardware,1,0,0,0,fifo,0.000500,180,15,hybrid,0.050000,4000.000000,6.087000,52.000000,500.000000,500.000000,2.000000,120.000000,0.000000,184,98,184,0,184,26,60,98,0,0,0,0,0,0,0,0,0.000000,0.000000,0.000000,clear-ocean,30.000000,60.000000,0.151000,1468,3821268,979.812308,5.895381,111,25,0,86,0,233,49,0,184,0,0,0,0,0,0,0,0,0,0,0,0,0,0,0,26,60,98,26,60,98,16.432106,13.984599,28.473807,0.000000,0.000000,0.000000,0,0,0,10035.853026,29.587205,169.492692,8340.973128,1245.894636,332.011941,7735.260089,0.000000,0.000000,9313.166667,10035.853026,722.686359,12.414437,3.308258,77.076259,0.000000,7.201046,17.780772,11.034680,3.404479,0.011252,2,0.000000,0,0,0,100.000000,4.574203,100.000000,22.047521,1187.496510,473.439628,0.000000,217.830114
16680.000000,pure-acoustic,none,hardware,1,0,0,0,fifo,0.000500,180,15,hybrid,0.050000,4000.000000,6.087000,52.000000,500.000000,500.000000,2.000000,120.000000,0.000000,184,98,184,0,184,26,60,98,0,0,0,0,0,0,0,0,0.000000,0.000000,0.000000,clear-ocean,30.000000,60.000000,0.151000,1468,3821268,979.812308,5.874175,111,25,0,86,0,233,49,0,184,0,0,0,0,0,0,0,0,0,0,0,0,0,0,0,26,60,98,26,60,98,16.432106,13.984599,28.473807,0.000000,0.000000,0.000000,0,0,0,10041.253026,29.587205,169.492692,8340.973128,1250.030806,333.045984,7735.489877,0.000000,0.000000,9318.566667,10041.253026,722.686359,12.448952,3.316777,77.037097,0.000000,7.197173,17.780772,11.034680,3.404479,0.011211,2,0.000000,0,0,0,100.000000,4.574203,100.000000,22.047521,1183.224940,387.332912,0.000000,294.786783
16740.000000,pure-acoustic,none,hardware,1,0,0,0,fifo,0.000500,180,15,hybrid,0.050000,4000.000000,6.087000,52.000000,500.000000,500.000000,2.000000,120.000000,0.000000,184,98,184,0,184,26,60,98,0,0,0,0,0,0,0,0,0.000000,0.000000,0.000000,clear-ocean,30.000000,60.000000,0.151000,1468,3821268,979.812308,5.853120,111,25,0,86,0,233,49,0,184,0,0,0,0,0,0,0,0,0,0,0,0,0,0,0,26,60,98,26,60,98,16.432106,13.984599,28.473807,0.000000,0.000000,0.000000,0,0,0,10046.653026,29.587205,169.492692,8340.973128,1254.166977,334.080026,7735.719664,0.000000,0.000000,9323.966667,10046.653026,722.686359,12.483431,3.325287,76.997978,0.000000,7.193305,17.780772,11.034680,3.404479,0.011171,2,0.000000,0,0,0,100.000000,4.574203,100.000000,22.047521,1178.983990,301.226196,0.000000,367.496810
16800.000000,pure-acoustic,none,hardware,1,0,0,0,fifo,0.000500,180,15,hybrid,0.050000,4000.000000,6.087000,52.000000,500.000000,500.000000,2.000000,120.000000,0.000000,184,98,184,0,184,26,60,98,0,0,0,0,0,0,0,0,0.000000,0.000000,0.000000,clear-ocean,30.000000,60.000000,0.151000,1468,3821268,979.812308,5.832216,111,25,0,86,0,233,49,0,184,0,0,0,0,0,0,0,0,0,0,0,0,0,0,0,26,60,98,26,60,98,16.432106,13.984599,28.473807,0.000000,0.000000,0.000000,0,0,0,10052.053026,29.587205,169.492692,8340.973128,1258.303147,335.114069,7735.949451,0.000000,0.000000,9329.366667,10052.053026,722.686359,12.517872,3.333787,76.958900,0.000000,7.189440,17.780772,11.034680,3.404479,0.011131,2,0.000000,0,0,0,100.000000,4.574203,100.000000,22.047521,1174.773333,215.119480,0.000000,429.065895
16860.000000,pure-acoustic,none,hardware,1,0,0,0,fifo,0.000500,180,15,hybrid,0.050000,4000.000000,6.087000,52.000000,500.000000,500.000000,2.000000,120.000000,0.000000,184,98,184,0,184,26,60,98,0,0,0,0,0,0,0,0,0.000000,0.000000,0.000000,clear-ocean,30.000000,60.000000,0.151000,1468,3821268,979.812308,5.811461,111,25,0,86,0,233,49,0,184,0,0,0,0,0,0,0,0,0,0,0,0,0,0,0,26,60,98,26,60,98,16.432106,13.984599,28.473807,0.000000,0.000000,0.000000,0,0,0,10057.453026,29.587205,169.492692,8340.973128,1262.439317,336.148111,7736.179238,0.000000,0.000000,9334.766667,10057.453026,722.686359,12.552277,3.342279,76.919864,0.000000,7.185580,17.780772,11.034680,3.404479,0.011091,2,0.000000,0,0,0,100.000000,4.574203,100.000000,22.047521,1170.592645,129.012763,0.000000,473.656111
16920.000000,pure-acoustic,none,hardware,1,0,0,0,fifo,0.000500,180,15,hybrid,0.050000,4000.000000,6.087000,52.000000,500.000000,500.000000,2.000000,120.000000,0.000000,184,98,184,0,184,26,60,98,0,0,0,0,0,0,0,0,0.000000,0.000000,0.000000,clear-ocean,30.000000,60.000000,0.151000,1468,3821268,979.812308,5.790853,111,25,0,86,0,233,49,0,184,0,0,0,0,0,0,0,0,0,0,0,0,0,0,0,26,60,98,26,60,98,16.432106,13.984599,28.473807,0.000000,0.000000,0.000000,0,0,0,10062.853026,29.587205,169.492692,8340.973128,1266.575487,337.182154,7736.409026,0.000000,0.000000,9340.166667,10062.853026,722.686359,12.586644,3.350761,76.880871,0.000000,7.181724,17.780772,11.034680,3.404479,0.011052,2,0.000000,0,0,0,100.000000,4.574203,100.000000,22.047521,1166.441608,42.906047,0.000000,497.039455
16980.000000,pure-acoustic,none,hardware,1,0,0,0,fifo,0.000500,180,15,hybrid,0.050000,4000.000000,6.087000,52.000000,500.000000,500.000000,2.000000,120.000000,0.000000,184,98,184,0,184,26,60,98,0,0,0,0,0,0,0,0,0.000000,0.000000,0.000000,clear-ocean,30.000000,60.000000,0.151000,1468,3821268,979.812308,5.770391,111,25,0,86,0,233,49,0,184,0,0,0,0,0,0,0,0,0,0,0,0,0,0,0,26,60,98,26,60,98,16.432106,13.984599,28.473807,0.000000,0.000000,0.000000,0,0,0,10068.253026,29.587205,169.492692,8340.973128,1270.711657,338.216196,7736.638813,0.000000,0.000000,9345.566667,10068.253026,722.686359,12.620975,3.359234,76.841919,0.000000,7.177872,17.780772,11.034680,3.404479,0.011013,2,0.000000,0,0,0,100.000000,4.574203,100.000000,22.047521,1162.319906,43.200669,0.000000,496.998739
17040.000000,pure-acoustic,none,hardware,1,0,0,0,fifo,0.000500,180,15,hybrid,0.050000,4000.000000,6.087000,52.000000,500.000000,500.000000,2.000000,120.000000,0.000000,184,98,184,0,184,26,60,98,0,0,0,0,0,0,0,0,0.000000,0.000000,0.000000,clear-ocean,30.000000,60.000000,0.151000,1468,3821268,979.812308,5.750072,111,25,0,86,0,233,49,0,184,0,0,0,0,0,0,0,0,0,0,0,0,0,0,0,26,60,98,26,60,98,16.432106,13.984599,28.473807,0.000000,0.000000,0.000000,0,0,0,10073.653026,29.587205,169.492692,8340.973128,1274.847828,339.250239,7736.868600,0.000000,0.000000,9350.966667,10073.653026,722.686359,12.655268,3.367698,76.803009,0.000000,7.174025,17.780772,11.034680,3.404479,0.010974,2,0.000000,0,0,0,100.000000,4.574203,100.000000,22.047521,1158.227230,129.307385,0.000000,473.537824
17100.000000,pure-acoustic,none,hardware,1,0,0,0,fifo,0.000500,180,15,hybrid,0.050000,4000.000000,6.087000,52.000000,500.000000,500.000000,2.000000,120.000000,0.000000,184,98,184,0,184,26,60,98,0,0,0,0,0,0,0,0,0.000000,0.000000,0.000000,clear-ocean,30.000000,60.000000,0.151000,1468,3821268,979.812308,5.729897,111,25,0,86,0,233,49,0,184,0,0,0,0,0,0,0,0,0,0,0,0,0,0,0,26,60,98,26,60,98,16.432106,13.984599,28.473807,0.000000,0.000000,0.000000,0,0,0,10079.053026,29.587205,169.492692,8340.973128,1278.983998,340.284282,7737.098387,0.000000,0.000000,9356.366667,10079.053026,722.686359,12.689525,3.376153,76.764140,0.000000,7.170181,17.780772,11.034680,3.404479,0.010936,2,0.000000,0,0,0,100.000000,4.574203,100.000000,22.047521,1154.163275,215.414101,0.000000,428.881252
17160.000000,pure-acoustic,none,hardware,1,0,0,0,fifo,0.000500,180,15,hybrid,0.050000,4000.000000,6.087000,52.000000,500.000000,500.000000,2.000000,120.000000,0.000000,184,98,184,0,184,26,60,98,0,0,0,0,0,0,0,0,0.000000,0.000000,0.000000,clear-ocean,30.000000,60.000000,0.151000,1468,3821268,979.812308,5.709862,111,25,0,86,0,233,49,0,184,0,0,0,0,0,0,0,0,0,0,0,0,0,0,0,26,60,98,26,60,98,16.432106,13.984599,28.473807,0.000000,0.000000,0.000000,0,0,0,10084.453026,29.587205,169.492692,8340.973128,1283.120168,341.318324,7737.328175,0.000000,0.000000,9361.766667,10084.453026,722.686359,12.723746,3.384599,76.725313,0.000000,7.166342,17.780772,11.034680,3.404479,0.010897,2,0.000000,0,0,0,100.000000,4.574203,100.000000,22.047521,1150.127739,301.520817,0.000000,367.263320
17220.000000,pure-acoustic,none,hardware,1,0,0,0,fifo,0.000500,180,15,hybrid,0.050000,4000.000000,6.087000,52.000000,500.000000,500.000000,2.000000,120.000000,0.000000,184,98,184,0,184,26,60,98,0,0,0,0,0,0,0,0,0.000000,0.000000,0.000000,clear-ocean,30.000000,60.000000,0.151000,1468,3821268,979.812308,5.689967,111,25,0,86,0,233,49,0,184,0,0,0,0,0,0,0,0,0,0,0,0,0,0,0,26,60,98,26,60,98,16.432106,13.984599,28.473807,0.000000,0.000000,0.000000,0,0,0,10089.853026,29.587205,169.492692,8340.973128,1287.256338,342.352367,7737.557962,0.000000,0.000000,9367.166667,10089.853026,722.686359,12.757930,3.393036,76.686528,0.000000,7.162506,17.780772,11.034680,3.404479,0.010859,2,0.000000,0,0,0,100.000000,4.574203,100.000000,22.047521,1146.120325,387.627533,0.000000,294.526585
17280.000000,pure-acoustic,none,hardware,1,0,0,0,fifo,0.000500,180,15,hybrid,0.050000,4000.000000,6.087000,52.000000,500.000000,500.000000,2.000000,120.000000,0.000000,184,98,184,0,184,26,60,98,0,0,0,0,0,0,0,0,0.000000,0.000000,0.000000,clear-ocean,30.000000,60.000000,0.151000,1468,3821268,979.812308,5.670210,111,25,0,86,0,233,49,0,184,0,0,0,0,0,0,0,0,0,0,0,0,0,0,0,26,60,98,26,60,98,16.432106,13.984599,28.473807,0.000000,0.000000,0.000000,0,0,0,10095.253026,29.587205,169.492692,8340.973128,1291.392508,343.386409,7737.787749,0.000000,0.000000,9372.566667,10095.253026,722.686359,12.792077,3.401464,76.647784,0.000000,7.158675,17.780772,11.034680,3.404479,0.010822,2,0.000000,0,0,0,100.000000,4.574203,100.000000,22.047521,1142.140741,473.734250,0.000000,217.567879
17340.000000,pure-acoustic,none,hardware,1,0,0,0,fifo,0.000500,180,15,hybrid,0.050000,4000.000000,6.087000,52.000000,500.000000,500.000000,2.000000,120.000000,0.000000,184,98,184,0,184,26,60,98,0,0,0,0,0,0,0,0,0.000000,0.000000,0.000000,clear-ocean,30.000000,60.000000,0.151000,1468,3821268,979.812308,5.650590,111,25,0,86,0,233,49,0,184,0,0,0,0,0,0,0,0,0,0,0,0,0,0,0,26,60,98,26,60,98,16.432106,13.984599,28.473807,0.000000,0.000000,0.000000,0,0,0,10100.653026,29.587205,169.492692,8340.973128,1295.528679,344.420452,7738.017536,0.000000,0.000000,9377.966667,10100.653026,722.686359,12.826187,3.409883,76.609082,0.000000,7.154848,17.780772,11.034680,3.404479,0.010784,2,0.000000,0,0,0,100.000000,4.574203,100.000000,22.047521,1138.188697,559.840966,0.000000,143.684357
17400.000000,pure-acoustic,none,hardware,1,0,0,0,fifo,0.000500,180,15,hybrid,0.050000,4000.000000,6.087000,52.000000,500.000000,500.000000,2.000000,120.000000,0.000000,184,98,184,0,184,26,60,98,0,0,0,0,0,0,0,0,0.000000,0.000000,0.000000,clear-ocean,30.000000,60.000000,0.151000,1468,3821268,979.812308,5.631105,111,25,0,86,0,233,49,0,184,0,0,0,0,0,0,0,0,0,0,0,0,0,0,0,26,60,98,26,60,98,16.432106,13.984599,28.473807,0.000000,0.000000,0.000000,0,0,0,10106.053026,29.587205,169.492692,8340.973128,1299.664849,345.454494,7738.247324,0.000000,0.000000,9383.366667,10106.053026,722.686359,12.860262,3.418293,76.570421,0.000000,7.151025,17.780772,11.034680,3.404479,0.010747,2,0.000000,0,0,0,100.000000,4.574203,100.000000,22.047521,1134.263908,645.947682,0.000000,79.881590
17460.000000,pure-acoustic,none,hardware,1,0,0,0,fifo,0.000500,180,15,hybrid,0.050000,4000.000000,6.087000,52.000000,500.000000,500.000000,2.000000,120.000000,0.000000,184,98,184,0,184,26,60,98,0,0,0,0,0,0,0,0,0.000000,0.000000,0.000000,clear-ocean,30.000000,60.000000,0.151000,1468,3821268,979.812308,5.611754,111,25,0,86,0,233,49,0,184,0,0,0,0,0,0,0,0,0,0,0,0,0,0,0,26,60,98,26,60,98,16.432106,13.984599,28.473807,0.000000,0.000000,0.000000,0,0,0,10111.453026,29.587205,169.492692,8340.973128,1303.801019,346.488537,7738.477111,0.000000,0.000000,9388.766667,10111.453026,722.686359,12.894299,3.426694,76.531801,0.000000,7.147206,17.780772,11.034680,3.404479,0.010710,2,0.000000,0,0,0,100.000000,4.574203,100.000000,22.047521,1130.366094,732.054398,0.000000,32.209298
17520.000000,pure-acoustic,none,hardware,1,0,0,0,fifo,0.000500,180,15,hybrid,0.050000,4000.000000,6.087000,52.000000,500.000000,500.000000,2.000000,120.000000,0.000000,184,98,184,0,184,26,60,98,0,0,0,0,0,0,0,0,0.000000,0.000000,0.000000,clear-ocean,30.000000,60.000000,0.151000,1468,3821268,979.812308,5.592536,111,25,0,86,0,233,49,0,184,0,0,0,0,0,0,0,0,0,0,0,0,0,0,0,26,60,98,26,60,98,16.432106,13.984599,28.473807,0.000000,0.000000,0.000000,0,0,0,10116.853026,29.587205,169.492692,8340.973128,1307.937189,347.522579,7738.706898,0.000000,0.000000,9394.166667,10116.853026,722.686359,12.928301,3.435086,76.493223,0.000000,7.143391,17.780772,11.034680,3.404479,0.010674,2,0.000000,0,0,0,100.000000,4.574203,100.000000,22.047521,1126.494977,818.161114,0.000000,5.187726
17580.000000,pure-acoustic,none,hardware,1,0,0,0,fifo,0.000500,180,15,hybrid,0.050000,4000.000000,6.087000,52.000000,500.000000,500.000000,2.000000,120.000000,0.000000,184,98,184,0,184,26,60,98,0,0,0,0,0,0,0,0,0.000000,0.000000,0.000000,clear-ocean,30.000000,60.000000,0.151000,1468,3821268,979.812308,5.573449,111,25,0,86,0,233,49,0,184,0,0,0,0,0,0,0,0,0,0,0,0,0,0,0,26,60,98,26,60,98,16.432106,13.984599,28.473807,0.000000,0.000000,0.000000,0,0,0,10122.253026,29.587205,169.492692,8340.973128,1312.073360,348.556622,7738.936685,0.000000,0.000000,9399.566667,10122.253026,722.686359,12.962266,3.443469,76.454685,0.000000,7.139580,17.780772,11.034680,3.404479,0.010637,2,0.000000,0,0,0,100.000000,4.574203,100.000000,22.047521,1122.650284,904.267830,-0.000000,1.379034
17640.000000,pure-acoustic,none,hardware,1,0,0,0,fifo,0.000500,180,15,hybrid,0.050000,4000.000000,6.087000,52.000000,500.000000,500.000000,2.000000,120.000000,0.000000,184,98,184,0,184,26,60,98,0,0,0,0,0,0,0,0,0.000000,0.000000,0.000000,clear-ocean,30.000000,60.000000,0.151000,1468,3821268,979.812308,5.554492,111,25,0,86,0,233,49,0,184,0,0,0,0,0,0,0,0,0,0,0,0,0,0,0,26,60,98,26,60,98,16.432106,13.984599,28.473807,0.000000,0.000000,0.000000,0,0,0,10127.653026,29.587205,169.492692,8340.973128,1316.209530,349.590664,7739.166472,0.000000,0.000000,9404.966667,10127.653026,722.686359,12.996195,3.451843,76.416189,0.000000,7.135773,17.780772,11.034680,3.404479,0.010601,2,0.000000,0,0,0,100.000000,4.574203,100.000000,22.047521,1118.831746,990.374546,-0.000000,21.144360
17700.000000,pure-acoustic,none,hardware,1,0,0,0,fifo,0.000500,180,15,hybrid,0.050000,4000.000000,6.087000,52.000000,500.000000,500.000000,2.000000,120.000000,0.000000,184,98,184,0,184,26,60,98,0,0,0,0,0,0,0,0,0.000000,0.000000,0.000000,clear-ocean,30.000000,60.000000,0.151000,1468,3821268,979.812308,5.535663,111,25,0,86,0,233,49,0,184,0,0,0,0,0,0,0,0,0,0,0,0,0,0,0,26,60,98,26,60,98,16.432106,13.984599,28.473807,0.000000,0.000000,0.000000,0,0,0,10133.053026,29.587205,169.492692,8340.973128,1320.345700,350.624707,7739.396260,0.000000,0.000000,9410.366667,10133.053026,722.686359,13.030088,3.460208,76.377734,0.000000,7.131971,17.780772,11.034680,3.404479,0.010565,2,0.000000,0,0,0,100.000000,4.574203,100.000000,22.047521,1115.039096,1076.481263,-0.000000,62.609573
17760.000000,pure-acoustic,none,hardware,1,0,0,0,fifo,0.000500,180,15,hybrid,0.050000,4000.000000,6.087000,52.000000,500.000000,500.000000,2.000000,120.000000,0.000000,184,98,184,0,184,26,60,98,0,0,0,0,0,0,0,0,0.000000,0.000000,0.000000,clear-ocean,30.000000,60.000000,0.151000,1468,3821268,979.812308,5.516961,111,25,0,86,0,233,49,0,184,0,0,0,0,0,0,0,0,0,0,0,0,0,0,0,26,60,98,26,60,98,16.432106,13.984599,28.473807,0.000000,0.000000,0.000000,0,0,0,10138.453026,29.587205,169.492692,8340.973128,1324.481870,351.658750,7739.626047,0.000000,0.000000,9415.766667,10138.453026,722.686359,13.063944,3.468564,76.339319,0.000000,7.128172,17.780772,11.034680,3.404479,0.010529,2,0.000000,0,0,0,100.000000,4.574203,100.000000,22.047521,1111.272072,1162.587979,-0.000000,121.842978
17820.000000,pure-acoustic,none,hardware,1,0,0,0,fifo,0.000500,180,15,hybrid,0.050000,4000.000000,6.087000,52.000000,500.000000,500.000000,2.000000,120.000000,0.000000,184,98,184,0,184,26,60,98,0,0,0,0,0,0,0,0,0.000000,0.000000,0.000000,clear-ocean,30.000000,60.000000,0.151000,1468,3821268,979.812308,5.498386,111,25,0,86,0,233,49,0,184,0,0,0,0,0,0,0,0,0,0,0,0,0,0,0,26,60,98,26,60,98,16.432106,13.984599,28.473807,0.000000,0.000000,0.000000,0,0,0,10143.853026,29.587205,169.492692,8340.973128,1328.618040,352.692792,7739.855834,0.000000,0.000000,9421.166667,10143.853026,722.686359,13.097765,3.476911,76.300946,0.000000,7.124377,17.780772,11.034680,3.404479,0.010494,2,0.000000,0,0,0,100.000000,4.574203,100.000000,22.047521,1107.530415,1248.694695,-0.000000,193.228118
17880.000000,pure-acoustic,none,hardware,1,0,0,0,fifo,0.000500,180,15,hybrid,0.050000,4000.000000,6.087000,52.000000,500.000000,500.000000,2.000000,120.000000,0.000000,184,98,184,0,184,26,60,98,0,0,0,0,0,0,0,0,0.000000,0.000000,0.000000,clear-ocean,30.000000,60.000000,0.151000,1468,3821268,979.812308,5.479935,111,25,0,86,0,233,49,0,184,0,0,0,0,0,0,0,0,0,0,0,0,0,0,0,26,60,98,26,60,98,16.432106,13.984599,28.473807,0.000000,0.000000,0.000000,0,0,0,10149.253026,29.587205,169.492692,8340.973128,1332.754211,353.726835,7740.085621,0.000000,0.000000,9426.566667,10149.253026,722.686359,13.131550,3.485250,76.262614,0.000000,7.120587,17.780772,11.034680,3.404479,0.010459,2,0.000000,0,0,0,100.000000,4.574203,100.000000,22.047521,1103.813870,1334.801411,-0.000000,269.996317
17940.000000,pure-acoustic,none,hardware,1,0,0,0,fifo,0.000500,180,15,hybrid,0.050000,4000.000000,6.087000,52.000000,500.000000,500.000000,2.000000,120.000000,0.000000,184,98,184,0,184,26,60,98,0,0,0,0,0,0,0,0,0.000000,0.000000,0.000000,clear-ocean,30.000000,60.000000,0.151000,1468,3821268,979.812308,5.461607,111,25,0,86,0,233,49,0,184,0,0,0,0,0,0,0,0,0,0,0,0,0,0,0,26,60,98,26,60,98,16.432106,13.984599,28.473807,0.000000,0.000000,0.000000,0,0,0,10154.653026,29.587205,169.492692,8340.973128,1336.890381,354.760877,7740.315409,0.000000,0.000000,9431.966667,10154.653026,722.686359,13.165298,3.493580,76.224322,0.000000,7.116800,17.780772,11.034680,3.404479,0.010424,2,0.000000,0,0,0,100.000000,4.574203,100.000000,22.047521,1100.122185,1420.908127,-0.000000,344.868482
18000.000000,pure-acoustic,none,hardware,1,0,0,0,fifo,0.000500,180,15,hybrid,0.050000,4000.000000,6.087000,52.000000,500.000000,500.000000,2.000000,120.000000,0.000000,184,98,184,0,184,26,60,98,0,0,0,0,0,0,0,0,0.000000,0.000000,0.000000,clear-ocean,30.000000,60.000000,0.151000,1468,3821268,979.812308,5.443402,111,25,0,86,0,233,49,0,184,0,0,0,0,0,0,0,0,0,0,0,0,0,0,0,26,60,98,26,60,98,16.432106,13.984599,28.473807,0.000000,0.000000,0.000000,0,0,0,10160.053026,29.587205,169.492692,8340.973128,1341.026551,355.794920,7740.545196,0.000000,0.000000,9437.366667,10160.053026,722.686359,13.199011,3.501900,76.186071,0.000000,7.113018,17.780772,11.034680,3.404479,0.010389,2,0.000000,0,0,0,100.000000,4.574203,100.000000,22.047521,1096.455111,1507.014843,-0.000000,410.745304
18060.000000,pure-acoustic,none,hardware,1,0,0,0,fifo,0.000500,180,15,hybrid,0.050000,4000.000000,6.087000,52.000000,500.000000,500.000000,2.000000,120.000000,0.000000,184,98,184,0,184,26,60,98,0,0,0,0,0,0,0,0,0.000000,0.000000,0.000000,clear-ocean,30.000000,60.000000,0.151000,1468,3821268,979.812308,5.425317,111,25,0,86,0,233,49,0,184,0,0,0,0,0,0,0,0,0,0,0,0,0,0,0,26,60,98,26,60,98,16.432106,13.984599,28.473807,0.000000,0.000000,0.000000,0,0,0,10165.453026,29.587205,169.492692,8340.973128,1345.162721,356.828962,7740.774983,0.000000,0.000000,9442.766667,10165.453026,722.686359,13.232688,3.510212,76.147860,0.000000,7.109239,17.780772,11.034680,3.404479,0.010354,2,0.000000,0,0,0,100.000000,4.574203,100.000000,22.047521,1092.812403,1593.121559,-0.000000,461.380399
18120.000000,pure-acoustic,none,hardware,1,0,0,0,fifo,0.000500,180,15,hybrid,0.050000,4000.000000,6.087000,52.000000,500.000000,500.000000,2.000000,120.000000,0.000000,184,98,184,0,184,26,60,98,0,0,0,0,0,0,0,0,0.000000,0.000000,0.000000,clear-ocean,30.000000,60.000000,0.151000,1468,3821268,979.812308,5.407353,111,25,0,86,0,233,49,0,184,0,0,0,0,0,0,0,0,0,0,0,0,0,0,0,26,60,98,26,60,98,16.432106,13.984599,28.473807,0.000000,0.000000,0.000000,0,0,0,10170.853026,29.587205,169.492692,8340.973128,1349.298891,357.863005,7741.004770,0.000000,0.000000,9448.166667,10170.853026,722.686359,13.266330,3.518515,76.109691,0.000000,7.105465,17.780772,11.034680,3.404479,0.010320,2,0.000000,0,0,0,100.000000,4.574203,100.000000,22.047521,1089.193819,1679.228276,-0.000000,491.972594
18180.000000,pure-acoustic,none,hardware,1,0,0,0,fifo,0.000500,180,15,hybrid,0.050000,4000.000000,6.087000,52.000000,500.000000,500.000000,2.000000,120.000000,0.000000,184,98,184,0,184,26,60,98,0,0,0,0,0,0,0,0,0.000000,0.000000,0.000000,clear-ocean,30.000000,60.000000,0.151000,1468,3821268,979.812308,5.389507,111,25,0,86,0,233,49,0,184,0,0,0,0,0,0,0,0,0,0,0,0,0,0,0,26,60,98,26,60,98,16.432106,13.984599,28.473807,0.000000,0.000000,0.000000,0,0,0,10176.253026,29.587205,169.492692,8340.973128,1353.435062,358.897047,7741.234558,0.000000,0.000000,9453.566667,10176.253026,722.686359,13.299935,3.526809,76.071561,0.000000,7.101694,17.780772,11.034680,3.404479,0.010286,2,0.000000,0,0,0,100.000000,4.574203,100.000000,22.047521,1085.599120,1765.334992,0.000000,499.621164
18240.000000,pure-acoustic,none,hardware,1,0,0,0,fifo,0.000500,180,15,hybrid,0.050000,4000.000000,6.087000,52.000000,500.000000,500.000000,2.000000,120.000000,0.000000,184,98,184,0,184,26,60,98,0,0,0,0,0,0,0,0,0.000000,0.000000,0.000000,clear-ocean,30.000000,60.000000,0.151000,1468,3821268,979.812308,5.371778,111,25,0,86,0,233,49,0,184,0,0,0,0,0,0,0,0,0,0,0,0,0,0,0,26,60,98,26,60,98,16.432106,13.984599,28.473807,0.000000,0.000000,0.000000,0,0,0,10181.653026,29.587205,169.492692,8340.973128,1357.571232,359.931090,7741.464345,0.000000,0.000000,9458.966667,10181.653026,722.686359,13.333505,3.535095,76.033472,0.000000,7.097928,17.780772,11.034680,3.404479,0.010252,2,0.000000,0,0,0,100.000000,4.574203,100.000000,22.047521,1082.028070,1851.441708,0.000000,483.600879
18300.000000,pure-acoustic,none,hardware,1,0,0,0,fifo,0.000500,180,15,hybrid,0.050000,4000.000000,6.087000,52.000000,500.000000,500.000000,2.000000,120.000000,0.000000,184,98,184,0,184,26,60,98,0,0,0,0,0,0,0,0,0.000000,0.000000,0.000000,clear-ocean,30.000000,60.000000,0.151000,1468,3821268,979.812308,5.354166,111,25,0,86,0,233,49,0,184,0,0,0,0,0,0,0,0,0,0,0,0,0,0,0,26,60,98,26,60,98,16.432106,13.984599,28.473807,0.000000,0.000000,0.000000,0,0,0,10187.053026,29.587205,169.492692,8340.973128,1361.707402,360.965133,7741.694132,0.000000,0.000000,9464.366667,10187.053026,722.686359,13.367040,3.543371,75.995424,0.000000,7.094165,17.780772,11.034680,3.404479,0.010219,2,0.000000,0,0,0,100.000000,4.574203,100.000000,22.047521,1078.480437,1937.548424,0.000000,445.430767
18360.000000,pure-acoustic,none,hardware,1,0,0,0,fifo,0.000500,180,15,hybrid,0.050000,4000.000000,6.087000,52.000000,500.000000,500.000000,2.000000,120.000000,0.000000,184,98,184,0,184,26,60,98,0,0,0,0,0,0,0,0,0.000000,0.000000,0.000000,clear-ocean,30.000000,60.000000,0.151000,1468,3821268,979.812308,5.336668,111,25,0,86,0,233,49,0,184,0,0,0,0,0,0,0,0,0,0,0,0,0,0,0,26,60,98,26,60,98,16.432106,13.984599,28.473807,0.000000,0.000000,0.000000,0,0,0,10192.453026,29.587205,169.492692,8340.973128,1365.843572,361.999175,7741.923919,0.000000,0.000000,9469.766667,10192.453026,722.686359,13.400538,3.551639,75.957416,0.000000,7.090407,17.780772,11.034680,3.404479,0.010185,2,0.000000,0,0,0,100.000000,4.574203,100.000000,22.047521,1074.955991,2023.655140,0.000000,388.730085
18420.000000,pure-acoustic,none,hardware,1,0,0,0,fifo,0.000500,180,15,hybrid,0.050000,4000.000000,6.087000,52.000000,500.000000,500.000000,2.000000,120.000000,0.000000,184,98,184,0,184,26,60,98,0,0,0,0,0,0,0,0,0.000000,0.000000,0.000000,clear-ocean,30.000000,60.000000,0.151000,1468,3821268,979.812308,5.319285,111,25,0,86,0,233,49,0,184,0,0,0,0,0,0,0,0,0,0,0,0,0,0,0,26,60,98,26,60,98,16.432106,13.984599,28.473807,0.000000,0.000000,0.000000,0,0,0,10197.853026,29.587205,169.492692,8340.973128,1369.979742,363.033218,7742.153706,0.000000,0.000000,9475.166667,10197.853026,722.686359,13.434002,3.559899,75.919448,0.000000,7.086652,17.780772,11.034680,3.404479,0.010152,2,0.000000,0,0,0,100.000000,4.574203,100.000000,22.047521,1071.454506,2109.761856,0.000000,318.875141
18480.000000,pure-acoustic,none,hardware,1,0,0,0,fifo,0.000500,180,15,hybrid,0.050000,4000.000000,6.087000,52.000000,500.000000,500.000000,2.000000,120.000000,0.000000,184,98,184,0,184,26,60,98,0,0,0,0,0,0,0,0,0.000000,0.000000,0.000000,clear-ocean,30.000000,60.000000,0.151000,1468,3821268,979.812308,5.302015,111,25,0,86,0,233,49,0,184,0,0,0,0,0,0,0,0,0,0,0,0,0,0,0,26,60,98,26,60,98,16.432106,13.984599,28.473807,0.000000,0.000000,0.000000,0,0,0,10203.253026,29.587205,169.492692,8340.973128,1374.115913,364.067260,7742.383494,0.000000,0.000000,9480.566667,10203.253026,722.686359,13.467430,3.568149,75.881520,0.000000,7.082901,17.780772,11.034680,3.404479,0.010119,2,0.000000,0,0,0,100.000000,4.574203,100.000000,22.047521,1067.975758,2195.868573,0.000000,242.489517
18540.000000,pure-acoustic,none,hardware,1,0,0,0,fifo,0.000500,180,15,hybrid,0.050000,4000.000000,6.087000,52.000000,500.000000,500.000000,2.000000,120.000000,0.000000,184,98,184,0,184,26,60,98,0,0,0,0,0,0,0,0,0.000000,0.000000,0.000000,clear-ocean,30.000000,60.000000,0.151000,1468,3821268,979.812308,5.284856,111,25,0,86,0,233,49,0,184,0,0,0,0,0,0,0,0,0,0,0,0,0,0,0,26,60,98,26,60,98,16.432106,13.984599,28.473807,0.000000,0.000000,0.000000,0,0,0,10208.653026,29.587205,169.492692,8340.973128,1378.252083,365.101303,7742.613281,0.000000,0.000000,9485.966667,10208.653026,722.686359,13.500822,3.576391,75.843632,0.000000,7.079155,17.780772,11.034680,3.404479,0.010086,2,0.000000,0,0,0,100.000000,4.574203,100.000000,22.047521,1064.519525,2281.975289,0.000000,166.816031
18600.000000,pure-acoustic,none,hardware,1,0,0,0,fifo,0.000500,180,15,hybrid,0.050000,4000.000000,6.087000,52.000000,500.000000,500.000000,2.000000,120.000000,0.000000,184,98,184,0,184,26,60,98,0,0,0,0,0,0,0,0,0.000000,0.000000,0.000000,clear-ocean,30.000000,60.000000,0.151000,1468,3821268,979.812308,5.267808,111,25,0,86,0,233,49,0,184,0,0,0,0,0,0,0,0,0,0,0,0,0,0,0,26,60,98,26,60,98,16.432106,13.984599,28.473807,0.000000,0.000000,0.000000,0,0,0,10214.053026,29.587205,169.492692,8340.973128,1382.388253,366.135345,7742.843068,0.000000,0.000000,9491.366667,10214.053026,722.686359,13.534179,3.584624,75.805785,0.000000,7.075412,17.780772,11.034680,3.404479,0.010054,2,0.000000,0,0,0,100.000000,4.574203,100.000000,22.047521,1061.085591,2368.082005,0.000000,99.029974
18660.000000,pure-acoustic,none,hardware,1,0,0,0,fifo,0.000500,180,15,hybrid,0.050000,4000.000000,6.087000,52.000000,500.000000,500.000000,2.000000,120.000000,0.000000,184,98,184,0,184,26,60,98,0,0,0,0,0,0,0,0,0.000000,0.000000,0.000000,clear-ocean,30.000000,60.000000,0.151000,1468,3821268,979.812308,5.250870,111,25,0,86,0,233,49,0,184,0,0,0,0,0,0,0,0,0,0,0,0,0,0,0,26,60,98,26,60,98,16.432106,13.984599,28.473807,0.000000,0.000000,0.000000,0,0,0,10219.453026,29.587205,169.492692,8340.973128,1386.524423,367.169388,7743.072855,0.000000,0.000000,9496.766667,10219.453026,722.686359,13.567501,3.592848,75.767977,0.000000,7.071674,17.780772,11.034680,3.404479,0.010021,2,0.000000,0,0,0,100.000000,4.574203,100.000000,22.047521,1057.673741,2454.188721,0.000000,45.558759
18720.000000,pure-acoustic,none,hardware,1,0,0,0,fifo,0.000500,180,15,hybrid,0.050000,4000.000000,6.087000,52.000000,500.000000,500.000000,2.000000,120.000000,0.000000,184,98,184,0,184,26,60,98,0,0,0,0,0,0,0,0,0.000000,0.000000,0.000000,clear-ocean,30.000000,60.000000,0.151000,1468,3821268,979.812308,5.234040,111,25,0,86,0,233,49,0,184,0,0,0,0,0,0,0,0,0,0,0,0,0,0,0,26,60,98,26,60,98,16.432106,13.984599,28.473807,0.000000,0.000000,0.000000,0,0,0,10224.853026,29.587205,169.492692,8340.973128,1390.660594,368.203430,7743.302643,0.000000,0.000000,9502.166667,10224.853026,722.686359,13.600788,3.601063,75.730210,0.000000,7.067939,17.780772,11.034680,3.404479,0.009989,2,0.000000,0,0,0,100.000000,4.574203,100.000000,22.047521,1054.283761,2540.295437,0.000000,11.472481
18780.000000,pure-acoustic,none,hardware,1,0,0,0,fifo,0.000500,180,15,hybrid,0.050000,4000.000000,6.087000,52.000000,500.000000,500.000000,2.000000,120.000000,0.000000,184,98,184,0,184,26,60,98,0,0,0,0,0,0,0,0,0.000000,0.000000,0.000000,clear-ocean,30.000000,60.000000,0.151000,1468,3821268,979.812308,5.217318,111,25,0,86,0,233,49,0,184,0,0,0,0,0,0,0,0,0,0,0,0,0,0,0,26,60,98,26,60,98,16.432106,13.984599,28.473807,0.000000,0.000000,0.000000,0,0,0,10230.253026,29.587205,169.492692,8340.973128,1394.796764,369.237473,7743.532430,0.000000,0.000000,9507.566667,10230.253026,722.686359,13.634040,3.609270,75.692482,0.000000,7.064208,17.780772,11.034680,3.404479,0.009957,2,0.000000,0,0,0,100.000000,4.574203,100.000000,22.047521,1050.915442,2626.402153,-0.000000,0.003168
18840.000000,pure-acoustic,none,hardware,1,0,0,0,fifo,0.000500,180,15,hybrid,0.050000,4000.000000,6.087000,52.000000,500.000000,500.000000,2.000000,120.000000,0.000000,184,98,184,0,184,26,60,98,0,0,0,0,0,0,0,0,0.000000,0.000000,0.000000,clear-ocean,30.000000,60.000000,0.151000,1468,3821268,979.812308,5.200702,111,25,0,86,0,233,49,0,184,0,0,0,0,0,0,0,0,0,0,0,0,0,0,0,26,60,98,26,60,98,16.432106,13.984599,28.473807,0.000000,0.000000,0.000000,0,0,0,10235.653026,29.587205,169.492692,8340.973128,1398.932934,370.271516,7743.762217,0.000000,0.000000,9512.966667,10235.653026,722.686359,13.667256,3.617468,75.654794,0.000000,7.060481,17.780772,11.034680,3.404479,0.009926,2,0.000000,0,0,0,100.000000,4.574203,100.000000,22.047521,1047.568577,2712.508869,-0.000000,12.238331
18900.000000,pure-acoustic,none,hardware,1,0,0,0,fifo,0.000500,180,15,hybrid,0.050000,4000.000000,6.087000,52.000000,500.000000,500.000000,2.000000,120.000000,0.000000,184,98,184,0,184,26,60,98,0,0,0,0,0,0,0,0,0.000000,0.000000,0.000000,clear-ocean,30.000000,60.000000,0.151000,1468,3821268,979.812308,5.184192,111,25,0,86,0,233,49,0,184,0,0,0,0,0,0,0,0,0,0,0,0,0,0,0,26,60,98,26,60,98,16.432106,13.984599,28.473807,0.000000,0.000000,0.000000,0,0,0,10241.053026,29.587205,169.492692,8340.973128,1403.069104,371.305558,7743.992004,0.000000,0.000000,9518.366667,10241.053026,722.686359,13.700438,3.625658,75.617146,0.000000,7.056758,17.780772,11.034680,3.404479,0.009894,2,0.000000,0,0,0,100.000000,4.574203,100.000000,22.047521,1044.242963,2798.615586,-0.000000,47.017843
18960.000000,pure-acoustic,none,hardware,1,0,0,0,fifo,0.000500,180,15,hybrid,0.050000,4000.000000,6.087000,52.000000,500.000000,500.000000,2.000000,120.000000,0.000000,184,98,184,0,184,26,60,98,0,0,0,0,0,0,0,0,0.000000,0.000000,0.000000,clear-ocean,30.000000,60.000000,0.151000,1468,3821268,979.812308,5.167786,111,25,0,86,0,233,49,0,184,0,0,0,0,0,0,0,0,0,0,0,0,0,0,0,26,60,98,26,60,98,16.432106,13.984599,28.473807,0.000000,0.000000,0.000000,0,0,0,10246.453026,29.587205,169.492692,8340.973128,1407.205274,372.339601,7744.221792,0.000000,0.000000,9523.766667,10246.453026,722.686359,13.733584,3.633839,75.579537,0.000000,7.053039,17.780772,11.034680,3.404479,0.009863,2,0.000000,0,0,0,100.000000,4.574203,100.000000,22.047521,1040.938397,2884.722302,-0.000000,101.043941
19020.000000,pure-acoustic,none,hardware,1,0,0,0,fifo,0.000500,180,15,hybrid,0.050000,4000.000000,6.087000,52.000000,500.000000,500.000000,2.000000,120.000000,0.000000,184,98,184,0,184,26,60,98,0,0,0,0,0,0,0,0,0.000000,0.000000,0.000000,clear-ocean,30.000000,60.000000,0.151000,1468,3821268,979.812308,5.151484,111,25,0,86,0,233,49,0,184,0,0,0,0,0,0,0,0,0,0,0,0,0,0,0,26,60,98,26,60,98,16.432106,13.984599,28.473807,0.000000,0.000000,0.000000,0,0,0,10251.853026,29.587205,169.492692,8340.973128,1411.341445,373.373643,7744.451579,0.000000,0.000000,9529.166667,10251.853026,722.686359,13.766696,3.642011,75.541968,0.000000,7.049324,17.780772,11.034680,3.404479,0.009832,2,0.000000,0,0,0,100.000000,4.574203,100.000000,22.047521,1037.654679,2970.829018,-0.000000,169.193920
19080.000000,pure-acoustic,none,hardware,1,0,0,0,fifo,0.000500,180,15,hybrid,0.050000,4000.000000,6.087000,52.000000,500.000000,500.000000,2.000000,120.000000,0.000000,184,98,184,0,184,26,60,98,0,0,0,0,0,0,0,0,0.000000,0.000000,0.000000,clear-ocean,30.000000,60.000000,0.151000,1468,3821268,979.812308,5.135285,111,25,0,86,0,233,49,0,184,0,0,0,0,0,0,0,0,0,0,0,0,0,0,0,26,60,98,26,60,98,16.432106,13.984599,28.473807,0.000000,0.000000,0.000000,0,0,0,10257.253026,29.587205,169.492692,8340.973128,1415.477615,374.407686,7744.681366,0.000000,0.000000,9534.566667,10257.253026,722.686359,13.799773,3.650175,75.504439,0.000000,7.045613,17.780772,11.034680,3.404479,0.009801,2,0.000000,0,0,0,100.000000,4.574203,100.000000,22.047521,1034.391614,3056.935734,-0.000000,245.005859
19140.000000,pure-acoustic,none,hardware,1,0,0,0,fifo,0.000500,180,15,hybrid,0.050000,4000.000000,6.087000,52.000000,500.000000,500.000000,2.000000,120.000000,0.000000,184,98,184,0,184,26,60,98,0,0,0,0,0,0,0,0,0.000000,0.000000,0.000000,clear-ocean,30.000000,60.000000,0.151000,1468,3821268,979.812308,5.119187,111,25,0,86,0,233,49,0,184,0,0,0,0,0,0,0,0,0,0,0,0,0,0,0,26,60,98,26,60,98,16.432106,13.984599,28.473807,0.000000,0.000000,0.000000,0,0,0,10262.653026,29.587205,169.492692,8340.973128,1419.613785,375.441728,7744.911153,0.000000,0.000000,9539.966667,10262.653026,722.686359,13.832815,3.658330,75.466949,0.000000,7.041906,17.780772,11.034680,3.404479,0.009770,2,0.000000,0,0,0,100.000000,4.574203,100.000000,22.047521,1031.149007,3143.042450,-0.000000,321.291337
19200.000000,pure-acoustic,none,hardware,1,0,0,0,fifo,0.000500,180,15,hybrid,0.050000,4000.000000,6.087000,52.000000,500.000000,500.000000,2.000000,120.000000,0.000000,184,98,184,0,184,26,60,98,0,0,0,0,0,0,0,0,0.000000,0.000000,0.000000,clear-ocean,30.000000,60.000000,0.151000,1468,3821268,979.812308,5.103189,111,25,0,86,0,233,49,0,184,0,0,0,0,0,0,0,0,0,0,0,0,0,0,0,26,60,98,26,60,98,16.432106,13.984599,28.473807,0.000000,0.000000,0.000000,0,0,0,10268.053026,29.587205,169.492692,8340.973128,1423.749955,376.475771,7745.140941,0.000000,0.000000,9545.366667,10268.053026,722.686359,13.865822,3.666477,75.429499,0.000000,7.038202,17.780772,11.034680,3.404479,0.009740,2,0.000000,0,0,0,100.000000,4.574203,100.000000,22.047521,1027.926667,3229.149166,-0.000000,390.817035
19260.000000,pure-acoustic,none,hardware,1,0,0,0,fifo,0.000500,180,15,hybrid,0.050000,4000.000000,6.087000,52.000000,500.000000,500.000000,2.000000,120.000000,0.000000,184,98,184,0,184,26,60,98,0,0,0,0,0,0,0,0,0.000000,0.000000,0.000000,clear-ocean,30.000000,60.000000,0.151000,1468,3821268,979.812308,5.087291,111,25,0,86,0,233,49,0,184,0,0,0,0,0,0,0,0,0,0,0,0,0,0,0,26,60,98,26,60,98,16.432106,13.984599,28.473807,0.000000,0.000000,0.000000,0,0,0,10273.453026,29.587205,169.492692,8340.973128,1427.886125,377.509813,7745.370728,0.000000,0.000000,9550.766667,10273.453026,722.686359,13.898795,3.674615,75.392088,0.000000,7.034503,17.780772,11.034680,3.404479,0.009709,2,0.000000,0,0,0,100.000000,4.574203,100.000000,22.047521,1024.724403,3315.255882,-0.000000,446.990588
19320.000000,pure-acoustic,none,hardware,1,0,0,0,fifo,0.000500,180,15,hybrid,0.050000,4000.000000,6.087000,52.000000,500.000000,500.000000,2.000000,120.000000,0.000000,184,98,184,0,184,26,60,98,0,0,0,0,0,0,0,0,0.000000,0.000000,0.000000,clear-ocean,30.000000,60.000000,0.151000,1468,3821268,979.812308,5.071492,111,25,0,86,0,233,49,0,184,0,0,0,0,0,0,0,0,0,0,0,0,0,0,0,26,60,98,26,60,98,16.432106,13.984599,28.473807,0.000000,0.000000,0.000000,0,0,0,10278.853026,29.587205,169.492692,8340.973128,1432.022296,378.543856,7745.600515,0.000000,0.000000,9556.166667,10278.853026,722.686359,13.931732,3.682744,75.354716,0.000000,7.030807,17.780772,11.034680,3.404479,0.009679,2,0.000000,0,0,0,100.000000,4.574203,100.000000,22.047521,1021.542029,3401.362599,-0.000000,484.485669
19380.000000,pure-acoustic,none,hardware,1,0,0,0,fifo,0.000500,180,15,hybrid,0.050000,4000.000000,6.087000,52.000000,500.000000,500.000000,2.000000,120.000000,0.000000,184,98,184,0,184,26,60,98,0,0,0,0,0,0,0,0,0.000000,0.000000,0.000000,clear-ocean,30.000000,60.000000,0.151000,1468,3821268,979.812308,5.055791,111,25,0,86,0,233,49,0,184,0,0,0,0,0,0,0,0,0,0,0,0,0,0,0,26,60,98,26,60,98,16.432106,13.984599,28.473807,0.000000,0.000000,0.000000,0,0,0,10284.253026,29.587205,169.492692,8340.973128,1436.158466,379.577899,7745.830302,0.000000,0.000000,9561.566667,10284.253026,722.686359,13.964636,3.690865,75.317384,0.000000,7.027116,17.780772,11.034680,3.404479,0.009649,2,0.000000,0,0,0,100.000000,4.574203,100.000000,22.047521,1018.379360,3487.469315,-0.000000,499.747029
19440.000000,pure-acoustic,none,hardware,1,0,0,0,fifo,0.000500,180,15,hybrid,0.050000,4000.000000,6.087000,52.000000,500.000000,500.000000,2.000000,120.000000,0.000000,184,98,184,0,184,26,60,98,0,0,0,0,0,0,0,0,0.000000,0.000000,0.000000,clear-ocean,30.000000,60.000000,0.151000,1468,3821268,979.812308,5.040187,111,25,0,86,0,233,49,0,184,0,0,0,0,0,0,0,0,0,0,0,0,0,0,0,26,60,98,26,60,98,16.432106,13.984599,28.473807,0.000000,0.000000,0.000000,0,0,0,10289.653026,29.587205,169.492692,8340.973128,1440.294636,380.611941,7746.060089,0.000000,0.000000,9566.966667,10289.653026,722.686359,13.997504,3.698977,75.280090,0.000000,7.023428,17.780772,11.034680,3.404479,0.009619,2,0.000000,0,0,0,100.000000,4.574203,100.000000,22.047521,1015.236214,3573.576031,0.000000,491.327600
19500.000000,pure-acoustic,none,hardware,1,0,0,0,fifo,0.000500,180,15,hybrid,0.050000,4000.000000,6.087000,52.000000,500.000000,500.000000,2.000000,120.000000,0.000000,184,98,184,0,184,26,60,98,0,0,0,0,0,0,0,0,0.000000,0.000000,0.000000,clear-ocean,30.000000,60.000000,0.151000,1468,3821268,979.812308,5.024679,111,25,0,86,0,233,49,0,184,0,0,0,0,0,0,0,0,0,0,0,0,0,0,0,26,60,98,26,60,98,16.432106,13.984599,28.473807,0.000000,0.000000,0.000000,0,0,0,10295.053026,29.587205,169.492692,8340.973128,1444.430806,381.645984,7746.289877,0.000000,0.000000,9572.366667,10295.053026,722.686359,14.030339,3.707081,75.242836,0.000000,7.019744,17.780772,11.034680,3.404479,0.009590,2,0.000000,0,0,0,100.000000,4.574203,100.000000,22.047521,1012.112410,3659.682747,0.000000,460.025703
19560.000000,pure-acoustic,none,hardware,1,0,0,0,fifo,0.000500,180,15,hybrid,0.050000,4000.000000,6.087000,52.000000,500.000000,500.000000,2.000000,120.000000,0.000000,184,98,184,0,184,26,60,98,0,0,0,0,0,0,0,0,0.000000,0.000000,0.000000,clear-ocean,30.000000,60.000000,0.151000,1468,3821268,979.812308,5.009265,111,25,0,86,0,233,49,0,184,0,0,0,0,0,0,0,0,0,0,0,0,0,0,0,26,60,98,26,60,98,16.432106,13.984599,28.473807,0.000000,0.000000,0.000000,0,0,0,10300.453026,29.587205,169.492692,8340.973128,1448.566977,382.680026,7746.519664,0.000000,0.000000,9577.766667,10300.453026,722.686359,14.063139,3.715177,75.205621,0.000000,7.016064,17.780772,11.034680,3.404479,0.009560,2,0.000000,0,0,0,100.000000,4.574203,100.000000,22.047521,1009.007771,3745.789463,0.000000,408.809357
19620.000000,pure-acoustic,none,hardware,1,0,0,0,fifo,0.000500,180,15,hybrid,0.050000,4000.000000,6.087000,52.000000,500.000000,500.000000,2.000000,120.000000,0.000000,184,98,184,0,184,26,60,98,0,0,0,0,0,0,0,0,0.000000,0.000000,0.000000,clear-ocean,30.000000,60.000000,0.151000,1468,3821268,979.812308,4.993947,111,25,0,86,0,233,49,0,184,0,0,0,0,0,0,0,0,0,0,0,0,0,0,0,26,60,98,26,60,98,16.432106,13.984599,28.473807,0.000000,0.000000,0.000000,0,0,0,10305.853026,29.587205,169.492692,8340.973128,1452.703147,383.714069,7746.749451,0.000000,0.000000,9583.166667,10305.853026,722.686359,14.095904,3.723264,75.168445,0.000000,7.012388,17.780772,11.034680,3.404479,0.009531,2,0.000000,0,0,0,100.000000,4.574203,100.000000,22.047521,1005.922120,3831.896179,0.000000,342.534849
19680.000000,pure-acoustic,none,hardware,1,0,0,0,fifo,0.000500,180,15,hybrid,0.050000,4000.000000,6.087000,52.000000,500.000000,500.000000,2.000000,120.000000,0.000000,184,98,184,0,184,26,60,98,0,0,0,0,0,0,0,0,0.000000,0.000000,0.000000,clear-ocean,30.000000,60.000000,0.151000,1468,3821268,979.812308,4.978721,111,25,0,86,0,233,49,0,184,0,0,0,0,0,0,0,0,0,0,0,0,0,0,0,26,60,98,26,60,98,16.432106,13.984599,28.473807,0.000000,0.000000,0.000000,0,0,0,10311.253026,29.587205,169.492692,8340.973128,1456.839317,384.748111,7746.979238,0.000000,0.000000,9588.566667,10311.253026,722.686359,14.128635,3.731342,75.131308,0.000000,7.008715,17.780772,11.034680,3.404479,0.009502,2,0.000000,0,0,0,100.000000,4.574203,100.000000,22.047521,1002.855285,3918.002895,0.000000,267.486271
19740.000000,pure-acoustic,none,hardware,1,0,0,0,fifo,0.000500,180,15,hybrid,0.050000,4000.000000,6.087000,52.000000,500.000000,500.000000,2.000000,120.000000,0.000000,184,98,184,0,184,26,60,98,0,0,0,0,0,0,0,0,0.000000,0.000000,0.000000,clear-ocean,30.000000,60.000000,0.151000,1468,3821268,979.812308,4.963588,111,25,0,86,0,233,49,0,184,0,0,0,0,0,0,0,0,0,0,0,0,0,0,0,26,60,98,26,60,98,16.432106,13.984599,28.473807,0.000000,0.000000,0.000000,0,0,0,10316.653026,29.587205,169.492692,8340.973128,1460.975487,385.782154,7747.209026,0.000000,0.000000,9593.966667,10316.653026,722.686359,14.161332,3.739412,75.094209,0.000000,7.005047,17.780772,11.034680,3.404479,0.009473,2,0.000000,0,0,0,100.000000,4.574203,100.000000,22.047521,999.807092,4004.109612,0.000000,190.779659
19800.000000,pure-acoustic,none,hardware,1,0,0,0,fifo,0.000500,180,15,hybrid,0.050000,4000.000000,6.087000,52.000000,500.000000,500.000000,2.000000,120.000000,0.000000,184,98,184,0,184,26,60,98,0,0,0,0,0,0,0,0,0.000000,0.000000,0.000000,clear-ocean,30.000000,60.000000,0.151000,1468,3821268,979.812308,4.948547,111,25,0,86,0,233,49,0,184,0,0,0,0,0,0,0,0,0,0,0,0,0,0,0,26,60,98,26,60,98,16.432106,13.984599,28.473807,0.000000,0.000000,0.000000,0,0,0,10322.053026,29.587205,169.492692,8340.973128,1465.111657,386.816196,7747.438813,0.000000,0.000000,9599.366667,10322.053026,722.686359,14.193995,3.747473,75.057150,0.000000,7.001382,17.780772,11.034680,3.404479,0.009444,2,0.000000,0,0,0,100.000000,4.574203,100.000000,22.047521,996.777374,4090.216328,0.000000,119.688268
19860.000000,pure-acoustic,none,hardware,1,0,0,0,fifo,0.000500,180,15,hybrid,0.050000,4000.000000,6.087000,52.000000,500.000000,500.000000,2.000000,120.000000,0.000000,184,98,184,0,184,26,60,98,0,0,0,0,0,0,0,0,0.000000,0.000000,0.000000,clear-ocean,30.000000,60.000000,0.151000,1468,3821268,979.812308,4.933597,111,25,0,86,0,233,49,0,184,0,0,0,0,0,0,0,0,0,0,0,0,0,0,0,26,60,98,26,60,98,16.432106,13.984599,28.473807,0.000000,0.000000,0.000000,0,0,0,10327.453026,29.587205,169.492692,8340.973128,1469.247828,387.850239,7747.668600,0.000000,0.000000,9604.766667,10327.453026,722.686359,14.226623,3.755527,75.020129,0.000000,6.997721,17.780772,11.034680,3.404479,0.009416,2,0.000000,0,0,0,100.000000,4.574203,100.000000,22.047521,993.765962,4176.323044,0.000000,60.952918
19920.000000,pure-acoustic,none,hardware,1,0,0,0,fifo,0.000500,180,15,hybrid,0.050000,4000.000000,6.087000,52.000000,500.000000,500.000000,2.000000,120.000000,0.000000,184,98,184,0,184,26,60,98,0,0,0,0,0,0,0,0,0.000000,0.000000,0.000000,clear-ocean,30.000000,60.000000,0.151000,1468,3821268,979.812308,4.918736,111,25,0,86,0,233,49,0,184,0,0,0,0,0,0,0,0,0,0,0,0,0,0,0,26,60,98,26,60,98,16.432106,13.984599,28.473807,0.000000,0.000000,0.000000,0,0,0,10332.853026,29.587205,169.492692,8340.973128,1473.383998,388.884282,7747.898387,0.000000,0.000000,9610.166667,10332.853026,722.686359,14.259218,3.763571,74.983147,0.000000,6.994064,17.780772,11.034680,3.404479,0.009388,2,0.000000,0,0,0,100.000000,4.574203,100.000000,22.047521,990.772691,4262.429760,0.000000,20.142843
19980.000000,pure-acoustic,none,hardware,1,0,0,0,fifo,0.000500,180,15,hybrid,0.050000,4000.000000,6.087000,52.000000,500.000000,500.000000,2.000000,120.000000,0.000000,184,98,184,0,184,26,60,98,0,0,0,0,0,0,0,0,0.000000,0.000000,0.000000,clear-ocean,30.000000,60.000000,0.151000,1468,3821268,979.812308,4.903966,111,25,0,86,0,233,49,0,184,0,0,0,0,0,0,0,0,0,0,0,0,0,0,0,26,60,98,26,60,98,16.432106,13.984599,28.473807,0.000000,0.000000,0.000000,0,0,0,10338.253026,29.587205,169.492692,8340.973128,1477.520168,389.918324,7748.128175,0.000000,0.000000,9615.566667,10338.253026,722.686359,14.291778,3.771607,74.946204,0.000000,6.990411,17.780772,11.034680,3.404479,0.009359,2,0.000000,0,0,0,100.000000,4.574203,100.000000,22.047521,987.797397,4348.536476,0.000000,1.127619
20040.000000,pure-acoustic,none,hardware,1,0,0,0,fifo,0.000500,180,15,hybrid,0.050000,4000.000000,6.087000,52.000000,500.000000,500.000000,2.000000,120.000000,0.000000,184,98,184,0,184,26,60,98,0,0,0,0,0,0,0,0,0.000000,0.000000,0.000000,clear-ocean,30.000000,60.000000,0.151000,1468,3821268,979.812308,4.889283,111,25,0,86,0,233,49,0,184,0,0,0,0,0,0,0,0,0,0,0,0,0,0,0,26,60,98,26,60,98,16.432106,13.984599,28.473807,0.000000,0.000000,0.000000,0,0,0,10343.653026,29.587205,169.492692,8340.973128,1481.656338,390.952367,7748.357962,0.000000,0.000000,9620.966667,10343.653026,722.686359,14.324304,3.779635,74.909299,0.000000,6.986761,17.780772,11.034680,3.404479,0.009331,2,0.000000,0,0,0,100.000000,4.574203,100.000000,22.047521,984.839920,4434.643192,-0.000000,5.710250
20100.000000,pure-acoustic,none,hardware,1,0,0,0,fifo,0.000500,180,15,hybrid,0.050000,4000.000000,6.087000,52.000000,500.000000,500.000000,2.000000,120.000000,0.000000,184,98,184,0,184,26,60,98,0,0,0,0,0,0,0,0,0.000000,0.000000,0.000000,clear-ocean,30.000000,60.000000,0.151000,1468,3821268,979.812308,4.874688,111,25,0,86,0,233,49,0,184,0,0,0,0,0,0,0,0,0,0,0,0,0,0,0,26,60,98,26,60,98,16.432106,13.984599,28.473807,0.000000,0.000000,0.000000,0,0,0,10349.053026,29.587205,169.492692,8340.973128,1485.792508,391.986409,7748.587749,0.000000,0.000000,9626.366667,10349.053026,722.686359,14.356797,3.787655,74.872433,0.000000,6.983116,17.780772,11.034680,3.404479,0.009303,2,0.000000,0,0,0,100.000000,4.574203,100.000000,22.047521,981.900100,4520.749908,-0.000000,33.456218
20160.000000,pure-acoustic,none,hardware,1,0,0,0,fifo,0.000500,180,15,hybrid,0.050000,4000.000000,6.087000,52.000000,500.000000,500.000000,2.000000,120.000000,0.000000,184,98,184,0,184,26,60,98,0,0,0,0,0,0,0,0,0.000000,0.000000,0.000000,clear-ocean,30.000000,60.000000,0.151000,1468,3821268,979.812308,4.860180,111,25,0,86,0,233,49,0,184,0,0,0,0,0,0,0,0,0,0,0,0,0,0,0,26,60,98,26,60,98,16.432106,13.984599,28.473807,0.000000,0.000000,0.000000,0,0,0,10354.453026,29.587205,169.492692,8340.973128,1489.928679,393.020452,7748.817536,0.000000,0.000000,9631.766667,10354.453026,722.686359,14.389255,3.795666,74.835605,0.000000,6.979474,17.780772,11.034680,3.404479,0.009276,2,0.000000,0,0,0,100.000000,4.574203,100.000000,22.047521,978.977778,4606.856625,-0.000000,81.734673
20220.000000,pure-acoustic,none,hardware,1,0,0,0,fifo,0.000500,180,15,hybrid,0.050000,4000.000000,6.087000,52.000000,500.000000,500.000000,2.000000,120.000000,0.000000,184,98,184,0,184,26,60,98,0,0,0,0,0,0,0,0,0.000000,0.000000,0.000000,clear-ocean,30.000000,60.000000,0.151000,1468,3821268,979.812308,4.845758,111,25,0,86,0,233,49,0,184,0,0,0,0,0,0,0,0,0,0,0,0,0,0,0,26,60,98,26,60,98,16.432106,13.984599,28.473807,0.000000,0.000000,0.000000,0,0,0,10359.853026,29.587205,169.492692,8340.973128,1494.064849,394.054494,7749.047324,0.000000,0.000000,9637.166667,10359.853026,722.686359,14.421680,3.803669,74.798815,0.000000,6.975836,17.780772,11.034680,3.404479,0.009248,2,0.000000,0,0,0,100.000000,4.574203,100.000000,22.047521,976.072799,4692.963341,-0.000000,145.967895
20280.000000,pure-acoustic,none,hardware,1,0,0,0,fifo,0.000500,180,15,hybrid,0.050000,4000.000000,6.087000,52.000000,500.000000,500.000000,2.000000,120.000000,0.000000,184,98,184,0,184,26,60,98,0,0,0,0,0,0,0,0,0.000000,0.000000,0.000000,clear-ocean,30.000000,60.000000,0.151000,1468,3821268,979.812308,4.831422,111,25,0,86,0,233,49,0,184,0,0,0,0,0,0,0,0,0,0,0,0,0,0,0,26,60,98,26,60,98,16.432106,13.984599,28.473807,0.000000,0.000000,0.000000,0,0,0,10365.253026,29.587205,169.492692,8340.973128,1498.201019,395.088537,7749.277111,0.000000,0.000000,9642.566667,10365.253026,722.686359,14.454071,3.811663,74.762064,0.000000,6.972202,17.780772,11.034680,3.404479,0.009221,2,0.000000,0,0,0,100.000000,4.574203,100.000000,22.047521,973.185010,4779.070057,-0.000000,220.065349
20340.000000,pure-acoustic,none,hardware,1,0,0,0,fifo,0.000500,180,15,hybrid,0.050000,4000.000000,6.087000,52.000000,500.000000,500.000000,2.000000,120.000000,0.000000,184,98,184,0,184,26,60,98,0,0,0,0,0,0,0,0,0.000000,0.000000,0.000000,clear-ocean,30.000000,60.000000,0.151000,1468,3821268,979.812308,4.817170,111,25,0,86,0,233,49,0,184,0,0,0,0,0,0,0,0,0,0,0,0,0,0,0,26,60,98,26,60,98,16.432106,13.984599,28.473807,0.000000,0.000000,0.000000,0,0,0,10370.653026,29.587205,169.492692,8340.973128,1502.337189,396.122579,7749.506898,0.000000,0.000000,9647.966667,10370.653026,722.686359,14.486428,3.819649,74.725351,0.000000,6.968571,17.780772,11.034680,3.404479,0.009194,2,0.000000,0,0,0,100.000000,4.574203,100.000000,22.047521,970.314258,4865.176773,-0.000000,297.001180
20400.000000,pure-acoustic,none,hardware,1,0,0,0,fifo,0.000500,180,15,hybrid,0.050000,4000.000000,6.087000,52.000000,500.000000,500.000000,2.000000,120.000000,0.000000,184,98,184,0,184,26,60,98,0,0,0,0,0,0,0,0,0.000000,0.000000,0.000000,clear-ocean,30.000000,60.000000,0.151000,1468,3821268,979.812308,4.803002,111,25,0,86,0,233,49,0,184,0,0,0,0,0,0,0,0,0,0,0,0,0,0,0,26,60,98,26,60,98,16.432106,13.984599,28.473807,0.000000,0.000000,0.000000,0,0,0,10376.053026,29.587205,169.492692,8340.973128,1506.473360,397.156622,7749.736685,0.000000,0.000000,9653.366667,10376.053026,722.686359,14.518752,3.827627,74.688677,0.000000,6.964945,17.780772,11.034680,3.404479,0.009167,2,0.000000,0,0,0,100.000000,4.574203,100.000000,22.047521,967.460392,4951.283489,-0.000000,369.480401
20460.000000,pure-acoustic,none,hardware,1,0,0,0,fifo,0.000500,180,15,hybrid,0.050000,4000.000000,6.087000,52.000000,500.000000,500.000000,2.000000,120.000000,0.000000,184,98,184,0,184,26,60,98,0,0,0,0,0,0,0,0,0.000000,0.000000,0.000000,clear-ocean,30.000000,60.000000,0.151000,1468,3821268,979.812308,4.788916,111,25,0,86,0,233,49,0,184,0,0,0,0,0,0,0,0,0,0,0,0,0,0,0,26,60,98,26,60,98,16.432106,13.984599,28.473807,0.000000,0.000000,0.000000,0,0,0,10381.453026,29.587205,169.492692,8340.973128,1510.609530,398.190664,7749.966472,0.000000,0.000000,9658.766667,10381.453026,722.686359,14.551041,3.835597,74.652040,0.000000,6.961322,17.780772,11.034680,3.404479,0.009140,2,0.000000,0,0,0,100.000000,4.574203,100.000000,22.047521,964.623265,5037.390205,-0.000000,430.630597
20520.000000,pure-acoustic,none,hardware,1,0,0,0,fifo,0.000500,180,15,hybrid,0.050000,4000.000000,6.087000,52.000000,500.000000,500.000000,2.000000,120.000000,0.000000,184,98,184,0,184,26,60,98,0,0,0,0,0,0,0,0,0.000000,0.000000,0.000000,clear-ocean,30.000000,60.000000,0.151000,1468,3821268,979.812308,4.774914,111,25,0,86,0,233,49,0,184,0,0,0,0,0,0,0,0,0,0,0,0,0,0,0,26,60,98,26,60,98,16.432106,13.984599,28.473807,0.000000,0.000000,0.000000,0,0,0,10386.853026,29.587205,169.492692,8340.973128,1514.745700,399.224707,7750.196260,0.000000,0.000000,9664.166667,10386.853026,722.686359,14.583298,3.843558,74.615442,0.000000,6.957703,17.780772,11.034680,3.404479,0.009113,2,0.000000,0,0,0,100.000000,4.574203,100.000000,22.047521,961.802729,5123.496921,-0.000000,474.653561
20580.000000,pure-acoustic,none,hardware,1,0,0,0,fifo,0.000500,180,15,hybrid,0.050000,4000.000000,6.087000,52.000000,500.000000,500.000000,2.000000,120.000000,0.000000,184,98,184,0,184,26,60,98,0,0,0,0,0,0,0,0,0.000000,0.000000,0.000000,clear-ocean,30.000000,60.000000,0.151000,1468,3821268,979.812308,4.760993,111,25,0,86,0,233,49,0,184,0,0,0,0,0,0,0,0,0,0,0,0,0,0,0,26,60,98,26,60,98,16.432106,13.984599,28.473807,0.000000,0.000000,0.000000,0,0,0,10392.253026,29.587205,169.492692,8340.973128,1518.881870,400.258750,7750.426047,0.000000,0.000000,9669.566667,10392.253026,722.686359,14.615520,3.851511,74.578881,0.000000,6.954087,17.780772,11.034680,3.404479,0.009086,2,0.000000,0,0,0,100.000000,4.574203,100.000000,22.047521,958.998639,5209.603638,-0.000000,497.375076
20640.000000,pure-acoustic,none,hardware,1,0,0,0,fifo,0.000500,180,15,hybrid,0.050000,4000.000000,6.087000,52.000000,500.000000,500.000000,2.000000,120.000000,0.000000,184,98,184,0,184,26,60,98,0,0,0,0,0,0,0,0,0.000000,0.000000,0.000000,clear-ocean,30.000000,60.000000,0.151000,1468,3821268,979.812308,4.747153,111,25,0,86,0,233,49,0,184,0,0,0,0,0,0,0,0,0,0,0,0,0,0,0,26,60,98,26,60,98,16.432106,13.984599,28.473807,0.000000,0.000000,0.000000,0,0,0,10397.653026,29.587205,169.492692,8340.973128,1523.018040,401.292792,7750.655834,0.000000,0.000000,9674.966667,10397.653026,722.686359,14.647710,3.859456,74.542359,0.000000,6.950476,17.780772,11.034680,3.404479,0.009060,2,0.000000,0,0,0,100.000000,4.574203,100.000000,22.047521,956.210853,5295.710354,0.000000,496.640708
20700.000000,pure-acoustic,none,hardware,1,0,0,0,fifo,0.000500,180,15,hybrid,0.050000,4000.000000,6.087000,52.000000,500.000000,500.000000,2.000000,120.000000,0.000000,184,98,184,0,184,26,60,98,0,0,0,0,0,0,0,0,0.000000,0.000000,0.000000,clear-ocean,30.000000,60.000000,0.151000,1468,3821268,979.812308,4.733393,111,25,0,86,0,233,49,0,184,0,0,0,0,0,0,0,0,0,0,0,0,0,0,0,26,60,98,26,60,98,16.432106,13.984599,28.473807,0.000000,0.000000,0.000000,0,0,0,10403.053026,29.587205,169.492692,8340.973128,1527.154211,402.326835,7750.885621,0.000000,0.000000,9680.366667,10403.053026,722.686359,14.679866,3.867392,74.505874,0.000000,6.946868,17.780772,11.034680,3.404479,0.009034,2,0.000000,0,0,0,100.000000,4.574203,100.000000,22.047521,953.439227,5381.817070,0.000000,472.520088
20760.000000,pure-acoustic,none,hardware,1,0,0,0,fifo,0.000500,180,15,hybrid,0.050000,4000.000000,6.087000,52.000000,500.000000,500.000000,2.000000,120.000000,0.000000,184,98,184,0,184,26,60,98,0,0,0,0,0,0,0,0,0.000000,0.000000,0.000000,clear-ocean,30.000000,60.000000,0.151000,1468,3821268,979.812308,4.719712,111,25,0,86,0,233,49,0,184,0,0,0,0,0,0,0,0,0,0,0,0,0,0,0,26,60,98,26,60,98,16.432106,13.984599,28.473807,0.000000,0.000000,0.000000,0,0,0,10408.453026,29.587205,169.492692,8340.973128,1531.290381,403.360877,7751.115409,0.000000,0.000000,9685.766667,10408.453026,722.686359,14.711988,3.875320,74.469428,0.000000,6.943264,17.780772,11.034680,3.404479,0.009008,2,0.000000,0,0,0,100.000000,4.574203,100.000000,22.047521,950.683622,5467.923786,0.000000,427.300313
20820.000000,pure-acoustic,none,hardware,1,0,0,0,fifo,0.000500,180,15,hybrid,0.050000,4000.000000,6.087000,52.000000,500.000000,500.000000,2.000000,120.000000,0.000000,184,98,184,0,184,26,60,98,0,0,0,0,0,0,0,0,0.000000,0.000000,0.000000,clear-ocean,30.000000,60.000000,0.151000,1468,3821268,979.812308,4.706111,111,25,0,86,0,233,49,0,184,0,0,0,0,0,0,0,0,0,0,0,0,0,0,0,26,60,98,26,60,98,16.432106,13.984599,28.473807,0.000000,0.000000,0.000000,0,0,0,10413.853026,29.587205,169.492692,8340.973128,1535.426551,404.394920,7751.345196,0.000000,0.000000,9691.166667,10413.853026,722.686359,14.744077,3.883240,74.433019,0.000000,6.939664,17.780772,11.034680,3.404479,0.008982,2,0.000000,0,0,0,100.000000,4.574203,100.000000,22.047521,947.943900,5554.030502,0.000000,365.269080
20880.000000,pure-acoustic,none,hardware,1,0,0,0,fifo,0.000500,180,15,hybrid,0.050000,4000.000000,6.087000,52.000000,500.000000,500.000000,2.000000,120.000000,0.000000,184,98,184,0,184,26,60,98,0,0,0,0,0,0,0,0,0.000000,0.000000,0.000000,clear-ocean,30.000000,60.000000,0.151000,1468,3821268,979.812308,4.692588,111,25,0,86,0,233,49,0,184,0,0,0,0,0,0,0,0,0,0,0,0,0,0,0,26,60,98,26,60,98,16.432106,13.984599,28.473807,0.000000,0.000000,0.000000,0,0,0,10419.253026,29.587205,169.492692,8340.973128,1539.562721,405.428962,7751.574983,0.000000,0.000000,9696.566667,10419.253026,722.686359,14.776133,3.891152,74.396648,0.000000,6.936067,17.780772,11.034680,3.404479,0.008956,2,0.000000,0,0,0,100.000000,4.574203,100.000000,22.047521,945.219923,5640.137218,0.000000,292.308137
20940.000000,pure-acoustic,none,hardware,1,0,0,0,fifo,0.000500,180,15,hybrid,0.050000,4000.000000,6.087000,52.000000,500.000000,500.000000,2.000000,120.000000,0.000000,184,98,184,0,184,26,60,98,0,0,0,0,0,0,0,0,0.000000,0.000000,0.000000,clear-ocean,30.000000,60.000000,0.151000,1468,3821268,979.812308,4.679142,111,25,0,86,0,233,49,0,184,0,0,0,0,0,0,0,0,0,0,0,0,0,0,0,26,60,98,26,60,98,16.432106,13.984599,28.473807,0.000000,0.000000,0.000000,0,0,0,10424.653026,29.587205,169.492692,8340.973128,1543.698891,406.463005,7751.804770,0.000000,0.000000,9701.966667,10424.653026,722.686359,14.808156,3.899055,74.360314,0.000000,6.932474,17.780772,11.034680,3.404479,0.008930,2,0.000000,0,0,0,100.000000,4.574203,100.000000,22.047521,942.511557,5726.243934,0.000000,215.335574
21000.000000,pure-acoustic,none,hardware,1,0,0,0,fifo,0.000500,180,15,hybrid,0.050000,4000.000000,6.087000,52.000000,500.000000,500.000000,2.000000,120.000000,0.000000,184,98,184,0,184,26,60,98,0,0,0,0,0,0,0,0,0.000000,0.000000,0.000000,clear-ocean,30.000000,60.000000,0.151000,1468,3821268,979.812308,4.665773,111,25,0,86,0,233,49,0,184,0,0,0,0,0,0,0,0,0,0,0,0,0,0,0,26,60,98,26,60,98,16.432106,13.984599,28.473807,0.000000,0.000000,0.000000,0,0,0,10430.053026,29.587205,169.492692,8340.973128,1547.835062,407.497047,7752.034558,0.000000,0.000000,9707.366667,10430.053026,722.686359,14.840146,3.906951,74.324019,0.000000,6.928885,17.780772,11.034680,3.404479,0.008905,2,0.000000,0,0,0,100.000000,4.574203,100.000000,22.047521,939.818667,5812.350651,0.000000,141.649861
21060.000000,pure-acoustic,none,hardware,1,0,0,0,fifo,0.000500,180,15,hybrid,0.050000,4000.000000,6.087000,52.000000,500.000000,500.000000,2.000000,120.000000,0.000000,184,98,184,0,184,26,60,98,0,0,0,0,0,0,0,0,0.000000,0.000000,0.000000,clear-ocean,30.000000,60.000000,0.151000,1468,3821268,979.812308,4.652480,111,25,0,86,0,233,49,0,184,0,0,0,0,0,0,0,0,0,0,0,0,0,0,0,26,60,98,26,60,98,16.432106,13.984599,28.473807,0.000000,0.000000,0.000000,0,0,0,10435.453026,29.587205,169.492692,8340.973128,1551.971232,408.531090,7752.264345,0.000000,0.000000,9712.766667,10435.453026,722.686359,14.872102,3.914838,74.287760,0.000000,6.925299,17.780772,11.034680,3.404479,0.008879,2,0.000000,0,0,0,100.000000,4.574203,100.000000,22.047521,937.141121,5898.457367,0.000000,78.237811
21120.000000,pure-acoustic,none,hardware,1,0,0,0,fifo,0.000500,180,15,hybrid,0.050000,4000.000000,6.087000,52.000000,500.000000,500.000000,2.000000,120.000000,0.000000,184,98,184,0,184,26,60,98,0,0,0,0,0,0,0,0,0.000000,0.000000,0.000000,clear-ocean,30.000000,60.000000,0.151000,1468,3821268,979.812308,4.639263,111,25,0,86,0,233,49,0,184,0,0,0,0,0,0,0,0,0,0,0,0,0,0,0,26,60,98,26,60,98,16.432106,13.984599,28.473807,0.000000,0.000000,0.000000,0,0,0,10440.853026,29.587205,169.492692,8340.973128,1556.107402,409.565133,7752.494132,0.000000,0.000000,9718.166667,10440.853026,722.686359,14.904026,3.922717,74.251540,0.000000,6.921718,17.780772,11.034680,3.404479,0.008854,2,0.000000,0,0,0,100.000000,4.574203,100.000000,22.047521,934.478788,5984.564083,0.000000,31.112098
21180.000000,pure-acoustic,none,hardware,1,0,0,0,fifo,0.000500,180,15,hybrid,0.050000,4000.000000,6.087000,52.000000,500.000000,500.000000,2.000000,120.000000,0.000000,184,98,184,0,184,26,60,98,0,0,0,0,0,0,0,0,0.000000,0.000000,0.000000,clear-ocean,30.000000,60.000000,0.151000,1468,3821268,979.812308,4.626120,111,25,0,86,0,233,49,0,184,0,0,0,0,0,0,0,0,0,0,0,0,0,0,0,26,60,98,26,60,98,16.432106,13.984599,28.473807,0.000000,0.000000,0.000000,0,0,0,10446.253026,29.587205,169.492692,8340.973128,1560.243572,410.599175,7752.723919,0.000000,0.000000,9723.566667,10446.253026,722.686359,14.935916,3.930588,74.215356,0.000000,6.918140,17.780772,11.034680,3.404479,0.008829,2,0.000000,0,0,0,100.000000,4.574203,100.000000,22.047521,931.831539,6070.670799,0.000000,4.741140
21240.000000,pure-acoustic,none,hardware,1,0,0,0,fifo,0.000500,180,15,hybrid,0.050000,4000.000000,6.087000,52.000000,500.000000,500.000000,2.000000,120.000000,0.000000,184,98,184,0,184,26,60,98,0,0,0,0,0,0,0,0,0.000000,0.000000,0.000000,clear-ocean,30.000000,60.000000,0.151000,1468,3821268,979.812308,4.613052,111,25,0,86,0,233,49,0,184,0,0,0,0,0,0,0,0,0,0,0,0,0,0,0,26,60,98,26,60,98,16.432106,13.984599,28.473807,0.000000,0.000000,0.000000,0,0,0,10451.653026,29.587205,169.492692,8340.973128,1564.379742,411.633218,7752.953706,0.000000,0.000000,9728.966667,10451.653026,722.686359,14.967773,3.938451,74.179211,0.000000,6.914565,17.780772,11.034680,3.404479,0.008804,2,0.000000,0,0,0,100.000000,4.574203,100.000000,22.047521,929.199247,6156.777515,-0.000000,1.625408
21300.000000,pure-acoustic,none,hardware,1,0,0,0,fifo,0.000500,180,15,hybrid,0.050000,4000.000000,6.087000,52.000000,500.000000,500.000000,2.000000,120.000000,0.000000,184,98,184,0,184,26,60,98,0,0,0,0,0,0,0,0,0.000000,0.000000,0.000000,clear-ocean,30.000000,60.000000,0.151000,1468,3821268,979.812308,4.600058,111,25,0,86,0,233,49,0,184,0,0,0,0,0,0,0,0,0,0,0,0,0,0,0,26,60,98,26,60,98,16.432106,13.984599,28.473807,0.000000,0.000000,0.000000,0,0,0,10457.053026,29.587205,169.492692,8340.973128,1568.515913,412.667260,7753.183494,0.000000,0.000000,9734.366667,10457.053026,722.686359,14.999598,3.946306,74.143102,0.000000,6.910994,17.780772,11.034680,3.404479,0.008779,2,0.000000,0,0,0,100.000000,4.574203,100.000000,22.047521,926.581784,6242.884231,-0.000000,22.060332
21360.000000,pure-acoustic,none,hardware,1,0,0,0,fifo,0.000500,180,15,hybrid,0.050000,4000.000000,6.087000,52.000000,500.000000,500.000000,2.000000,120.000000,0.000000,184,98,184,0,184,26,60,98,0,0,0,0,0,0,0,0,0.000000,0.000000,0.000000,clear-ocean,30.000000,60.000000,0.151000,1468,3821268,979.812308,4.587136,111,25,0,86,0,233,49,0,184,0,0,0,0,0,0,0,0,0,0,0,0,0,0,0,26,60,98,26,60,98,16.432106,13.984599,28.473807,0.000000,0.000000,0.000000,0,0,0,10462.453026,29.587205,169.492692,8340.973128,1572.652083,413.701303,7753.413281,0.000000,0.000000,9739.766667,10462.453026,722.686359,15.031390,3.954152,74.107031,0.000000,6.907428,17.780772,11.034680,3.404479,0.008755,2,0.000000,0,0,0,100.000000,4.574203,100.000000,22.047521,923.979026,6328.990947,-0.000000,64.108292
21420.000000,pure-acoustic,none,hardware,1,0,0,0,fifo,0.000500,180,15,hybrid,0.050000,4000.000000,6.087000,52.000000,500.000000,500.000000,2.000000,120.000000,0.000000,184,98,184,0,184,26,60,98,0,0,0,0,0,0,0,0,0.000000,0.000000,0.000000,clear-ocean,30.000000,60.000000,0.151000,1468,3821268,979.812308,4.574287,111,25,0,86,0,233,49,0,184,0,0,0,0,0,0,0,0,0,0,0,0,0,0,0,26,60,98,26,60,98,16.432106,13.984599,28.473807,0.000000,0.000000,0.000000,0,0,0,10467.853026,29.587205,169.492692,8340.973128,1576.788253,414.735345,7753.643068,0.000000,0.000000,9745.166667,10467.853026,722.686359,15.063149,3.961991,74.070997,0.000000,6.903864,17.780772,11.034680,3.404479,0.008730,2,0.000000,0,0,0,100.000000,4.574203,100.000000,22.047521,921.390850,6415.097664,-0.000000,123.782337
21480.000000,pure-acoustic,none,hardware,1,0,0,0,fifo,0.000500,180,15,hybrid,0.050000,4000.000000,6.087000,52.000000,500.000000,500.000000,2.000000,120.000000,0.000000,184,98,184,0,184,26,60,98,0,0,0,0,0,0,0,0,0.000000,0.000000,0.000000,clear-ocean,30.000000,60.000000,0.151000,1468,3821268,979.812308,4.561510,111,25,0,86,0,233,49,0,184,0,0,0,0,0,0,0,0,0,0,0,0,0,0,0,26,60,98,26,60,98,16.432106,13.984599,28.473807,0.000000,0.000000,0.000000,0,0,0,10473.253026,29.587205,169.492692,8340.973128,1580.924423,415.769388,7753.872855,0.000000,0.000000,9750.566667,10473.253026,722.686359,15.094875,3.969821,74.035000,0.000000,6.900305,17.780772,11.034680,3.404479,0.008706,2,0.000000,0,0,0,100.000000,4.574203,100.000000,22.047521,918.817132,6501.204380,-0.000000,195.424228
21540.000000,pure-acoustic,none,hardware,1,0,0,0,fifo,0.000500,180,15,hybrid,0.050000,4000.000000,6.087000,52.000000,500.000000,500.000000,2.000000,120.000000,0.000000,184,98,184,0,184,26,60,98,0,0,0,0,0,0,0,0,0.000000,0.000000,0.000000,clear-ocean,30.000000,60.000000,0.151000,1468,3821268,979.812308,4.548804,111,25,0,86,0,233,49,0,184,0,0,0,0,0,0,0,0,0,0,0,0,0,0,0,26,60,98,26,60,98,16.432106,13.984599,28.473807,0.000000,0.000000,0.000000,0,0,0,10478.653026,29.587205,169.492692,8340.973128,1585.060594,416.803430,7754.102643,0.000000,0.000000,9755.966667,10478.653026,722.686359,15.126568,3.977643,73.999040,0.000000,6.896749,17.780772,11.034680,3.404479,0.008682,2,0.000000,0,0,0,100.000000,4.574203,100.000000,22.047521,916.257753,6587.311096,-0.000000,272.240945
21600.000000,pure-acoustic,none,hardware,1,0,0,0,fifo,0.000500,180,15,hybrid,0.050000,4000.000000,6.087000,52.000000,500.000000,500.000000,2.000000,120.000000,0.000000,184,98,184,0,184,26,60,98,0,0,0,0,0,0,0,0,0.000000,0.000000,0.000000,clear-ocean,30.000000,60.000000,0.151000,1468,3821268,979.812308,4.536168,111,25,0,86,0,233,49,0,184,0,0,0,0,0,0,0,0,0,0,0,0,0,0,0,26,60,98,26,60,98,16.432106,13.984599,28.473807,0.000000,0.000000,0.000000,0,0,0,10484.053026,29.587205,169.492692,8340.973128,1589.196764,417.837473,7754.332430,0.000000,0.000000,9761.366667,10484.053026,722.686359,15.158229,3.985457,73.963117,0.000000,6.893196,17.780772,11.034680,3.404479,0.008657,2,0.000000,0,0,0,100.000000,4.574203,100.000000,22.047521,913.712593,6673.417812,-0.000000,346.948795
21660.000000,pure-acoustic,none,hardware,1,0,0,0,fifo,0.000500,180,15,hybrid,0.050000,4000.000000,6.087000,52.000000,500.000000,500.000000,2.000000,120.000000,0.000000,184,98,184,0,184,26,60,98,0,0,0,0,0,0,0,0,0.000000,0.000000,0.000000,clear-ocean,30.000000,60.000000,0.151000,1468,3821268,979.812308,4.523603,111,25,0,86,0,233,49,0,184,0,0,0,0,0,0,0,0,0,0,0,0,0,0,0,26,60,98,26,60,98,16.432106,13.984599,28.473807,0.000000,0.000000,0.000000,0,0,0,10489.453026,29.587205,169.492692,8340.973128,1593.332934,418.871516,7754.562217,0.000000,0.000000,9766.766667,10489.453026,722.686359,15.189857,3.993264,73.927231,0.000000,6.889648,17.780772,11.034680,3.404479,0.008633,2,0.000000,0,0,0,100.000000,4.574203,100.000000,22.047521,911.181533,6759.524528,-0.000000,412.464047
21720.000000,pure-acoustic,none,hardware,1,0,0,0,fifo,0.000500,180,15,hybrid,0.050000,4000.000000,6.087000,52.000000,500.000000,500.000000,2.000000,120.000000,0.000000,184,98,184,0,184,26,60,98,0,0,0,0,0,0,0,0,0.000000,0.000000,0.000000,clear-ocean,30.000000,60.000000,0.151000,1468,3821268,979.812308,4.511106,111,25,0,86,0,233,49,0,184,0,0,0,0,0,0,0,0,0,0,0,0,0,0,0,26,60,98,26,60,98,16.432106,13.984599,28.473807,0.000000,0.000000,0.000000,0,0,0,10494.853026,29.587205,169.492692,8340.973128,1597.469104,419.905558,7754.792004,0.000000,0.000000,9772.166667,10494.853026,722.686359,15.221453,4.001062,73.891383,0.000000,6.886103,17.780772,11.034680,3.404479,0.008610,2,0.000000,0,0,0,100.000000,4.574203,100.000000,22.047521,908.664457,6845.631244,-0.000000,462.574604
21780.000000,pure-acoustic,none,hardware,1,0,0,0,fifo,0.000500,180,15,hybrid,0.050000,4000.000000,6.087000,52.000000,500.000000,500.000000,2.000000,120.000000,0.000000,184,98,184,0,184,26,60,98,0,0,0,0,0,0,0,0,0.000000,0.000000,0.000000,clear-ocean,30.000000,60.000000,0.151000,1468,3821268,979.812308,4.498679,111,25,0,86,0,233,49,0,184,0,0,0,0,0,0,0,0,0,0,0,0,0,0,0,26,60,98,26,60,98,16.432106,13.984599,28.473807,0.000000,0.000000,0.000000,0,0,0,10500.253026,29.587205,169.492692,8340.973128,1601.605274,420.939601,7755.021792,0.000000,0.000000,9777.566667,10500.253026,722.686359,15.253016,4.008852,73.855571,0.000000,6.882561,17.780772,11.034680,3.404479,0.008586,2,0.000000,0,0,0,100.000000,4.574203,100.000000,22.047521,906.161249,6931.737960,-0.000000,492.529027
21840.000000,pure-acoustic,none,hardware,1,0,0,0,fifo,0.000500,180,15,hybrid,0.050000,4000.000000,6.087000,52.000000,500.000000,500.000000,2.000000,120.000000,0.000000,184,98,184,0,184,26,60,98,0,0,0,0,0,0,0,0,0.000000,0.000000,0.000000,clear-ocean,30.000000,60.000000,0.151000,1468,3821268,979.812308,4.486320,111,25,0,86,0,233,49,0,184,0,0,0,0,0,0,0,0,0,0,0,0,0,0,0,26,60,98,26,60,98,16.432106,13.984599,28.473807,0.000000,0.000000,0.000000,0,0,0,10505.653026,29.587205,169.492692,8340.973128,1605.741445,421.973643,7755.251579,0.000000,0.000000,9782.966667,10505.653026,722.686359,15.284547,4.016634,73.819795,0.000000,6.879024,17.780772,11.034680,3.404479,0.008562,2,0.000000,0,0,0,100.000000,4.574203,100.000000,22.047521,903.671795,7017.844677,0.000000,499.487065
21900.000000,pure-acoustic,none,hardware,1,0,0,0,fifo,0.000500,180,15,hybrid,0.050000,4000.000000,6.087000,52.000000,500.000000,500.000000,2.000000,120.000000,0.000000,184,98,184,0,184,26,60,98,0,0,0,0,0,0,0,0,0.000000,0.000000,0.000000,clear-ocean,30.000000,60.000000,0.151000,1468,3821268,979.812308,4.474029,111,25,0,86,0,233,49,0,184,0,0,0,0,0,0,0,0,0,0,0,0,0,0,0,26,60,98,26,60,98,16.432106,13.984599,28.473807,0.000000,0.000000,0.000000,0,0,0,10511.053026,29.587205,169.492692,8340.973128,1609.877615,423.007686,7755.481366,0.000000,0.000000,9788.366667,10511.053026,722.686359,15.316045,4.024408,73.784057,0.000000,6.875490,17.780772,11.034680,3.404479,0.008539,2,0.000000,0,0,0,100.000000,4.574203,100.000000,22.047521,901.195982,7103.951393,0.000000,482.788962
21960.000000,pure-acoustic,none,hardware,1,0,0,0,fifo,0.000500,180,15,hybrid,0.050000,4000.000000,6.087000,52.000000,500.000000,500.000000,2.000000,120.000000,0.000000,184,98,184,0,184,26,60,98,0,0,0,0,0,0,0,0,0.000000,0.000000,0.000000,clear-ocean,30.000000,60.000000,0.151000,1468,3821268,979.812308,4.461805,111,25,0,86,0,233,49,0,184,0,0,0,0,0,0,0,0,0,0,0,0,0,0,0,26,60,98,26,60,98,16.432106,13.984599,28.473807,0.000000,0.000000,0.000000,0,0,0,10516.453026,29.587205,169.492692,8340.973128,1614.013785,424.041728,7755.711153,0.000000,0.000000,9793.766667,10516.453026,722.686359,15.347511,4.032174,73.748355,0.000000,6.871959,17.780772,11.034680,3.404479,0.008515,2,0.000000,0,0,0,100.000000,4.574203,100.000000,22.047521,898.733698,7190.058109,0.000000,444.018019
22020.000000,pure-acoustic,none,hardware,1,0,0,0,fifo,0.000500,180,15,hybrid,0.050000,4000.000000,6.087000,52.000000,500.000000,500.000000,2.000000,120.000000,0.000000,184,98,184,0,184,26,60,98,0,0,0,0,0,0,0,0,0.000000,0.000000,0.000000,clear-ocean,30.000000,60.000000,0.151000,1468,3821268,979.812308,4.449647,111,25,0,86,0,233,49,0,184,0,0,0,0,0,0,0,0,0,0,0,0,0,0,0,26,60,98,26,60,98,16.432106,13.984599,28.473807,0.000000,0.000000,0.000000,0,0,0,10521.853026,29.587205,169.492692,8340.973128,1618.149955,425.075771,7755.940941,0.000000,0.000000,9799.166667,10521.853026,722.686359,15.378945,4.039933,73.712690,0.000000,6.868432,17.780772,11.034680,3.404479,0.008492,2,0.000000,0,0,0,100.000000,4.574203,100.000000,22.047521,896.284832,7276.164825,0.000000,386.850460
22080.000000,pure-acoustic,none,hardware,1,0,0,0,fifo,0.000500,180,15,hybrid,0.050000,4000.000000,6.087000,52.000000,500.000000,500.000000,2.000000,120.000000,0.000000,184,98,184,0,184,26,60,98,0,0,0,0,0,0,0,0,0.000000,0.000000,0.000000,clear-ocean,30.000000,60.000000,0.151000,1468,3821268,979.812308,4.437556,111,25,0,86,0,233,49,0,184,0,0,0,0,0,0,0,0,0,0,0,0,0,0,0,26,60,98,26,60,98,16.432106,13.984599,28.473807,0.000000,0.000000,0.000000,0,0,0,10527.253026,29.587205,169.492692,8340.973128,1622.286125,426.109813,7756.170728,0.000000,0.000000,9804.566667,10527.253026,722.686359,15.410346,4.047683,73.677062,0.000000,6.864909,17.780772,11.034680,3.404479,0.008469,2,0.000000,0,0,0,100.000000,4.574203,100.000000,22.047521,893.849275,7362.271541,0.000000,316.706863
22140.000000,pure-acoustic,none,hardware,1,0,0,0,fifo,0.000500,180,15,hybrid,0.050000,4000.000000,6.087000,52.000000,500.000000,500.000000,2.000000,120.000000,0.000000,184,98,184,0,184,26,60,98,0,0,0,0,0,0,0,0,0.000000,0.000000,0.000000,clear-ocean,30.000000,60.000000,0.151000,1468,3821268,979.812308,4.425530,111,25,0,86,0,233,49,0,184,0,0,0,0,0,0,0,0,0,0,0,0,0,0,0,26,60,98,26,60,98,16.432106,13.984599,28.473807,0.000000,0.000000,0.000000,0,0,0,10532.653026,29.587205,169.492692,8340.973128,1626.422296,427.143856,7756.400515,0.000000,0.000000,9809.966667,10532.653026,722.686359,15.441715,4.055425,73.641470,0.000000,6.861390,17.780772,11.034680,3.404479,0.008446,2,0.000000,0,0,0,100.000000,4.574203,100.000000,22.047521,891.426920,7448.378257,0.000000,240.238181
22200.000000,pure-acoustic,none,hardware,1,0,0,0,fifo,0.000500,180,15,hybrid,0.050000,4000.000000,6.087000,52.000000,500.000000,500.000000,2.000000,120.000000,0.000000,184,98,184,0,184,26,60,98,0,0,0,0,0,0,0,0,0.000000,0.000000,0.000000,clear-ocean,30.000000,60.000000,0.151000,1468,3821268,979.812308,4.413569,111,25,0,86,0,233,49,0,184,0,0,0,0,0,0,0,0,0,0,0,0,0,0,0,26,60,98,26,60,98,16.432106,13.984599,28.473807,0.000000,0.000000,0.000000,0,0,0,10538.053026,29.587205,169.492692,8340.973128,1630.558466,428.177899,7756.630302,0.000000,0.000000,9815.366667,10538.053026,722.686359,15.473052,4.063159,73.605915,0.000000,6.857874,17.780772,11.034680,3.404479,0.008423,2,0.000000,0,0,0,100.000000,4.574203,100.000000,22.047521,889.017658,7534.484973,0.000000,164.695106
22260.000000,pure-acoustic,none,hardware,1,0,0,0,fifo,0.000500,180,15,hybrid,0.050000,4000.000000,6.087000,52.000000,500.000000,500.000000,2.000000,120.000000,0.000000,184,98,184,0,184,26,60,98,0,0,0,0,0,0,0,0,0.000000,0.000000,0.000000,clear-ocean,30.000000,60.000000,0.151000,1468,3821268,979.812308,4.401673,111,25,0,86,0,233,49,0,184,0,0,0,0,0,0,0,0,0,0,0,0,0,0,0,26,60,98,26,60,98,16.432106,13.984599,28.473807,0.000000,0.000000,0.000000,0,0,0,10543.453026,29.587205,169.492692,8340.973128,1634.694636,429.211941,7756.860089,0.000000,0.000000,9820.766667,10543.453026,722.686359,15.504357,4.070886,73.570395,0.000000,6.854361,17.780772,11.034680,3.404479,0.008401,2,0.000000,0,0,0,100.000000,4.574203,100.000000,22.047521,886.621384,7620.591690,0.000000,97.240565
22320.000000,pure-acoustic,none,hardware,1,0,0,0,fifo,0.000500,180,15,hybrid,0.050000,4000.000000,6.087000,52.000000,500.000000,500.000000,2.000000,120.000000,0.000000,184,98,184,0,184,26,60,98,0,0,0,0,0,0,0,0,0.000000,0.000000,0.000000,clear-ocean,30.000000,60.000000,0.151000,1468,3821268,979.812308,4.389840,111,25,0,86,0,233,49,0,184,0,0,0,0,0,0,0,0,0,0,0,0,0,0,0,26,60,98,26,60,98,16.432106,13.984599,28.473807,0.000000,0.000000,0.000000,0,0,0,10548.853026,29.587205,169.492692,8340.973128,1638.830806,430.245984,7757.089877,0.000000,0.000000,9826.166667,10548.853026,722.686359,15.535630,4.078604,73.534913,0.000000,6.850852,17.780772,11.034680,3.404479,0.008378,2,0.000000,0,0,0,100.000000,4.574203,100.000000,22.047521,884.237993,7706.698406,0.000000,44.270537
22380.000000,pure-acoustic,none,hardware,1,0,0,0,fifo,0.000500,180,15,hybrid,0.050000,4000.000000,6.087000,52.000000,500.000000,500.000000,2.000000,120.000000,0.000000,184,98,184,0,184,26,60,98,0,0,0,0,0,0,0,0,0.000000,0.000000,0.000000,clear-ocean,30.000000,60.000000,0.151000,1468,3821268,979.812308,4.378071,111,25,0,86,0,233,49,0,184,0,0,0,0,0,0,0,0,0,0,0,0,0,0,0,26,60,98,26,60,98,16.432106,13.984599,28.473807,0.000000,0.000000,0.000000,0,0,0,10554.253026,29.587205,169.492692,8340.973128,1642.966977,431.280026,7757.319664,0.000000,0.000000,9831.566667,10554.253026,722.686359,15.566871,4.086315,73.499466,0.000000,6.847347,17.780772,11.034680,3.404479,0.008356,2,0.000000,0,0,0,100.000000,4.574203,100.000000,22.047521,881.867382,7792.805122,0.000000,10.807592
22440.000000,pure-acoustic,none,hardware,1,0,0,0,fifo,0.000500,180,15,hybrid,0.050000,4000.000000,6.087000,52.000000,500.000000,500.000000,2.000000,120.000000,0.000000,184,98,184,0,184,26,60,98,0,0,0,0,0,0,0,0,0.000000,0.000000,0.000000,clear-ocean,30.000000,60.000000,0.151000,1468,3821268,979.812308,4.366365,111,25,0,86,0,233,49,0,184,0,0,0,0,0,0,0,0,0,0,0,0,0,0,0,26,60,98,26,60,98,16.432106,13.984599,28.473807,0.000000,0.000000,0.000000,0,0,0,10559.653026,29.587205,169.492692,8340.973128,1647.103147,432.314069,7757.549451,0.000000,0.000000,9836.966667,10559.653026,722.686359,15.598080,4.094018,73.464056,0.000000,6.843846,17.780772,11.034680,3.404479,0.008333,2,0.000000,0,0,0,100.000000,4.574203,100.000000,22.047521,879.509447,7878.911838,-0.000000,0.024657
22500.000000,pure-acoustic,none,hardware,1,0,0,0,fifo,0.000500,180,15,hybrid,0.050000,4000.000000,6.087000,52.000000,500.000000,500.000000,2.000000,120.000000,0.000000,184,98,184,0,184,26,60,98,0,0,0,0,0,0,0,0,0.000000,0.000000,0.000000,clear-ocean,30.000000,60.000000,0.151000,1468,3821268,979.812308,4.354721,111,25,0,86,0,233,49,0,184,0,0,0,0,0,0,0,0,0,0,0,0,0,0,0,26,60,98,26,60,98,16.432106,13.984599,28.473807,0.000000,0.000000,0.000000,0,0,0,10565.053026,29.587205,169.492692,8340.973128,1651.239317,433.348111,7757.779238,0.000000,0.000000,9842.366667,10565.053026,722.686359,15.629257,4.101713,73.428682,0.000000,6.840348,17.780772,11.034680,3.404479,0.008311,2,0.000000,0,0,0,100.000000,4.574203,100.000000,22.047521,877.164089,7965.018554,-0.000000,12.944161
22560.000000,pure-acoustic,none,hardware,1,0,0,0,fifo,0.000500,180,15,hybrid,0.050000,4000.000000,6.087000,52.000000,500.000000,500.000000,2.000000,120.000000,0.000000,184,98,184,0,184,26,60,98,0,0,0,0,0,0,0,0,0.000000,0.000000,0.000000,clear-ocean,30.000000,60.000000,0.151000,1468,3821268,979.812308,4.343140,111,25,0,86,0,233,49,0,184,0,0,0,0,0,0,0,0,0,0,0,0,0,0,0,26,60,98,26,60,98,16.432106,13.984599,28.473807,0.000000,0.000000,0.000000,0,0,0,10570.453026,29.587205,169.492692,8340.973128,1655.375487,434.382154,7758.009026,0.000000,0.000000,9847.766667,10570.453026,722.686359,15.660402,4.109400,73.393345,0.000000,6.836853,17.780772,11.034680,3.404479,0.008289,2,0.000000,0,0,0,100.000000,4.574203,100.000000,22.047521,874.831206,8051.125270,-0.000000,48.341087
22620.000000,pure-acoustic,none,hardware,1,0,0,0,fifo,0.000500,180,15,hybrid,0.050000,4000.000000,6.087000,52.000000,500.000000,500.000000,2.000000,120.000000,0.000000,184,98,184,0,184,26,60,98,0,0,0,0,0,0,0,0,0.000000,0.000000,0.000000,clear-ocean,30.000000,60.000000,0.151000,1468,3821268,979.812308,4.331619,111,25,0,86,0,233,49,0,184,0,0,0,0,0,0,0,0,0,0,0,0,0,0,0,26,60,98,26,60,98,16.432106,13.984599,28.473807,0.000000,0.000000,0.000000,0,0,0,10575.853026,29.587205,169.492692,8340.973128,1659.511657,435.416196,7758.238813,0.000000,0.000000,9853.166667,10575.853026,722.686359,15.691516,4.117079,73.358043,0.000000,6.833362,17.780772,11.034680,3.404479,0.008267,2,0.000000,0,0,0,100.000000,4.574203,100.000000,22.047521,872.510698,8137.231986,-0.000000,102.859131
22680.000000,pure-acoustic,none,hardware,1,0,0,0,fifo,0.000500,180,15,hybrid,0.050000,4000.000000,6.087000,52.000000,500.000000,500.000000,2.000000,120.000000,0.000000,184,98,184,0,184,26,60,98,0,0,0,0,0,0,0,0,0.000000,0.000000,0.000000,clear-ocean,30.000000,60.000000,0.151000,1468,3821268,979.812308,4.320160,111,25,0,86,0,233,49,0,184,0,0,0,0,0,0,0,0,0,0,0,0,0,0,0,26,60,98,26,60,98,16.432106,13.984599,28.473807,0.000000,0.000000,0.000000,0,0,0,10581.253026,29.587205,169.492692,8340.973128,1663.647828,436.450239,7758.468600,0.000000,0.000000,9858.566667,10581.253026,722.686359,15.722598,4.124750,73.322777,0.000000,6.829875,17.780772,11.034680,3.404479,0.008245,2,0.000000,0,0,0,100.000000,4.574203,100.000000,22.047521,870.202469,8223.338703,-0.000000,171.328940
22740.000000,pure-acoustic,none,hardware,1,0,0,0,fifo,0.000500,180,15,hybrid,0.050000,4000.000000,6.087000,52.000000,500.000000,500.000000,2.000000,120.000000,0.000000,184,98,184,0,184,26,60,98,0,0,0,0,0,0,0,0,0.000000,0.000000,0.000000,clear-ocean,30.000000,60.000000,0.151000,1468,3821268,979.812308,4.308761,111,25,0,86,0,233,49,0,184,0,0,0,0,0,0,0,0,0,0,0,0,0,0,0,26,60,98,26,60,98,16.432106,13.984599,28.473807,0.000000,0.000000,0.000000,0,0,0,10586.653026,29.587205,169.492692,8340.973128,1667.783998,437.484282,7758.698387,0.000000,0.000000,9863.966667,10586.653026,722.686359,15.753647,4.132414,73.287548,0.000000,6.826391,17.780772,11.034680,3.404479,0.008223,2,0.000000,0,0,0,100.000000,4.574203,100.000000,22.047521,867.906420,8309.445419,-0.000000,247.258269
22800.000000,pure-acoustic,none,hardware,1,0,0,0,fifo,0.000500,180,15,hybrid,0.050000,4000.000000,6.087000,52.000000,500.000000,500.000000,2.000000,120.000000,0.000000,184,98,184,0,184,26,60,98,0,0,0,0,0,0,0,0,0.000000,0.000000,0.000000,clear-ocean,30.000000,60.000000,0.151000,1468,3821268,979.812308,4.297422,111,25,0,86,0,233,49,0,184,0,0,0,0,0,0,0,0,0,0,0,0,0,0,0,26,60,98,26,60,98,16.432106,13.984599,28.473807,0.000000,0.000000,0.000000,0,0,0,10592.053026,29.587205,169.492692,8340.973128,1671.920168,438.518324,7758.928175,0.000000,0.000000,9869.366667,10592.053026,722.686359,15.784666,4.140069,73.252354,0.000000,6.822911,17.780772,11.034680,3.404479,0.008202,2,0.000000,0,0,0,100.000000,4.574203,100.000000,22.047521,865.622456,8395.552135,-0.000000,323.447567
22860.000000,pure-acoustic,none,hardware,1,0,0,0,fifo,0.000500,180,15,hybrid,0.050000,4000.000000,6.087000,52.000000,500.000000,500.000000,2.000000,120.000000,0.000000,184,98,184,0,184,26,60,98,0,0,0,0,0,0,0,0,0.000000,0.000000,0.000000,clear-ocean,30.000000,60.000000,0.151000,1468,3821268,979.812308,4.286143,111,25,0,86,0,233,49,0,184,0,0,0,0,0,0,0,0,0,0,0,0,0,0,0,26,60,98,26,60,98,16.432106,13.984599,28.473807,0.000000,0.000000,0.000000,0,0,0,10597.453026,29.587205,169.492692,8340.973128,1676.056338,439.552367,7759.157962,0.000000,0.000000,9874.766667,10597.453026,722.686359,15.815652,4.147717,73.217196,0.000000,6.819434,17.780772,11.034680,3.404479,0.008180,2,0.000000,0,0,0,100.000000,4.574203,100.000000,22.047521,863.350481,8481.658851,-0.000000,392.672631
22920.000000,pure-acoustic,none,hardware,1,0,0,0,fifo,0.000500,180,15,hybrid,0.050000,4000.000000,6.087000,52.000000,500.000000,500.000000,2.000000,120.000000,0.000000,184,98,184,0,184,26,60,98,0,0,0,0,0,0,0,0,0.000000,0.000000,0.000000,clear-ocean,30.000000,60.000000,0.151000,1468,3821268,979.812308,4.274923,111,25,0,86,0,233,49,0,184,0,0,0,0,0,0,0,0,0,0,0,0,0,0,0,26,60,98,26,60,98,16.432106,13.984599,28.473807,0.000000,0.000000,0.000000,0,0,0,10602.853026,29.587205,169.492692,8340.973128,1680.192508,440.586409,7759.387749,0.000000,0.000000,9880.166667,10602.853026,722.686359,15.846608,4.155357,73.182074,0.000000,6.815961,17.780772,11.034680,3.404479,0.008159,2,0.000000,0,0,0,100.000000,4.574203,100.000000,22.047521,861.090401,8567.765567,-0.000000,448.369605
22980.000000,pure-acoustic,none,hardware,1,0,0,0,fifo,0.000500,180,15,hybrid,0.050000,4000.000000,6.087000,52.000000,500.000000,500.000000,2.000000,120.000000,0.000000,184,98,184,0,184,26,60,98,0,0,0,0,0,0,0,0,0.000000,0.000000,0.000000,clear-ocean,30.000000,60.000000,0.151000,1468,3821268,979.812308,4.263761,111,25,0,86,0,233,49,0,184,0,0,0,0,0,0,0,0,0,0,0,0,0,0,0,26,60,98,26,60,98,16.432106,13.984599,28.473807,0.000000,0.000000,0.000000,0,0,0,10608.253026,29.587205,169.492692,8340.973128,1684.328679,441.620452,7759.617536,0.000000,0.000000,9885.566667,10608.253026,722.686359,15.877531,4.162989,73.146988,0.000000,6.812492,17.780772,11.034680,3.404479,0.008138,2,0.000000,0,0,0,100.000000,4.574203,100.000000,22.047521,858.842124,8653.872283,-0.000000,485.257350
23040.000000,pure-acoustic,none,hardware,1,0,0,0,fifo,0.000500,180,15,hybrid,0.050000,4000.000000,6.087000,52.000000,500.000000,500.000000,2.000000,120.000000,0.000000,184,98,184,0,184,26,60,98,0,0,0,0,0,0,0,0,0.000000,0.000000,0.000000,clear-ocean,30.000000,60.000000,0.151000,1468,3821268,979.812308,4.252658,111,25,0,86,0,233,49,0,184,0,0,0,0,0,0,0,0,0,0,0,0,0,0,0,26,60,98,26,60,98,16.432106,13.984599,28.473807,0.000000,0.000000,0.000000,0,0,0,10613.653026,29.587205,169.492692,8340.973128,1688.464849,442.654494,7759.847324,0.000000,0.000000,9890.966667,10613.653026,722.686359,15.908423,4.170614,73.111937,0.000000,6.809026,17.780772,11.034680,3.404479,0.008116,2,0.000000,0,0,0,100.000000,4.574203,100.000000,22.047521,856.605556,8739.978999,-0.000000,499.838204
23100.000000,pure-acoustic,none,hardware,1,0,0,0,fifo,0.000500,180,15,hybrid,0.050000,4000.000000,6.087000,52.000000,500.000000,500.000000,2.000000,120.000000,0.000000,184,98,184,0,184,26,60,98,0,0,0,0,0,0,0,0,0.000000,0.000000,0.000000,clear-ocean,30.000000,60.000000,0.151000,1468,3821268,979.812308,4.241612,111,25,0,86,0,233,49,0,184,0,0,0,0,0,0,0,0,0,0,0,0,0,0,0,26,60,98,26,60,98,16.432106,13.984599,28.473807,0.000000,0.000000,0.000000,0,0,0,10619.053026,29.587205,169.492692,8340.973128,1692.601019,443.688537,7760.077111,0.000000,0.000000,9896.366667,10619.053026,722.686359,15.939284,4.178231,73.076922,0.000000,6.805563,17.780772,11.034680,3.404479,0.008095,2,0.000000,0,0,0,100.000000,4.574203,100.000000,22.047521,854.380606,8826.085716,0.000000,490.729622
23160.000000,pure-acoustic,none,hardware,1,0,0,0,fifo,0.000500,180,15,hybrid,0.050000,4000.000000,6.087000,52.000000,500.000000,500.000000,2.000000,120.000000,0.000000,184,98,184,0,184,26,60,98,0,0,0,0,0,0,0,0,0.000000,0.000000,0.000000,clear-ocean,30.000000,60.000000,0.151000,1468,3821268,979.812308,4.230623,111,25,0,86,0,233,49,0,184,0,0,0,0,0,0,0,0,0,0,0,0,0,0,0,26,60,98,26,60,98,16.432106,13.984599,28.473807,0.000000,0.000000,0.000000,0,0,0,10624.453026,29.587205,169.492692,8340.973128,1696.737189,444.722579,7760.306898,0.000000,0.000000,9901.766667,10624.453026,722.686359,15.970113,4.185840,73.041943,0.000000,6.802104,17.780772,11.034680,3.404479,0.008074,2,0.000000,0,0,0,100.000000,4.574203,100.000000,22.047521,852.167185,8912.192432,0.000000,458.795274
23220.000000,pure-acoustic,none,hardware,1,0,0,0,fifo,0.000500,180,15,hybrid,0.050000,4000.000000,6.087000,52.000000,500.000000,500.000000,2.000000,120.000000,0.000000,184,98,184,0,184,26,60,98,0,0,0,0,0,0,0,0,0.000000,0.000000,0.000000,clear-ocean,30.000000,60.000000,0.151000,1468,3821268,979.812308,4.219691,111,25,0,86,0,233,49,0,184,0,0,0,0,0,0,0,0,0,0,0,0,0,0,0,26,60,98,26,60,98,16.432106,13.984599,28.473807,0.000000,0.000000,0.000000,0,0,0,10629.853026,29.587205,169.492692,8340.973128,1700.873360,445.756622,7760.536685,0.000000,0.000000,9907.166667,10629.853026,722.686359,16.000911,4.193441,73.006999,0.000000,6.798649,17.780772,11.034680,3.404479,0.008053,2,0.000000,0,0,0,100.000000,4.574203,100.000000,22.047521,849.965202,8998.299148,0.000000,407.063144
23280.000000,pure-acoustic,none,hardware,1,0,0,0,fifo,0.000500,180,15,hybrid,0.050000,4000.000000,6.087000,52.000000,500.000000,500.000000,2.000000,120.000000,0.000000,184,98,184,0,184,26,60,98,0,0,0,0,0,0,0,0,0.000000,0.000000,0.000000,clear-ocean,30.000000,60.000000,0.151000,1468,3821268,979.812308,4.208816,111,25,0,86,0,233,49,0,184,0,0,0,0,0,0,0,0,0,0,0,0,0,0,0,26,60,98,26,60,98,16.432106,13.984599,28.473807,0.000000,0.000000,0.000000,0,0,0,10635.253026,29.587205,169.492692,8340.973128,1705.009530,446.790664,7760.766472,0.000000,0.000000,9912.566667,10635.253026,722.686359,16.031678,4.201035,72.972091,0.000000,6.795197,17.780772,11.034680,3.404479,0.008033,2,0.000000,0,0,0,100.000000,4.574203,100.000000,22.047521,847.774570,9084.405864,0.000000,340.438428
23340.000000,pure-acoustic,none,hardware,1,0,0,0,fifo,0.000500,180,15,hybrid,0.050000,4000.000000,6.087000,52.000000,500.000000,500.000000,2.000000,120.000000,0.000000,184,98,184,0,184,26,60,98,0,0,0,0,0,0,0,0,0.000000,0.000000,0.000000,clear-ocean,30.000000,60.000000,0.151000,1468,3821268,979.812308,4.197996,111,25,0,86,0,233,49,0,184,0,0,0,0,0,0,0,0,0,0,0,0,0,0,0,26,60,98,26,60,98,16.432106,13.984599,28.473807,0.000000,0.000000,0.000000,0,0,0,10640.653026,29.587205,169.492692,8340.973128,1709.145700,447.824707,7760.996260,0.000000,0.000000,9917.966667,10640.653026,722.686359,16.062414,4.208621,72.937218,0.000000,6.791748,17.780772,11.034680,3.404479,0.008012,2,0.000000,0,0,0,100.000000,4.574203,100.000000,22.047521,845.595201,9170.512580,0.000000,265.238421
23400.000000,pure-acoustic,none,hardware,1,0,0,0,fifo,0.000500,180,15,hybrid,0.050000,4000.000000,6.087000,52.000000,500.000000,500.000000,2.000000,120.000000,0.000000,184,98,184,0,184,26,60,98,0,0,0,0,0,0,0,0,0.000000,0.000000,0.000000,clear-ocean,30.000000,60.000000,0.151000,1468,3821268,979.812308,4.187232,111,25,0,86,0,233,49,0,184,0,0,0,0,0,0,0,0,0,0,0,0,0,0,0,26,60,98,26,60,98,16.432106,13.984599,28.473807,0.000000,0.000000,0.000000,0,0,0,10646.053026,29.587205,169.492692,8340.973128,1713.281870,448.858750,7761.226047,0.000000,0.000000,9923.366667,10646.053026,722.686359,16.093118,4.216199,72.902380,0.000000,6.788303,17.780772,11.034680,3.404479,0.007991,2,0.000000,0,0,0,100.000000,4.574203,100.000000,22.047521,843.427009,9256.619296,0.000000,188.593520
23450.000000,pure-acoustic,none,hardware,1,0,0,0,fifo,0.000500,180,15,hybrid,0.050000,4000.000000,6.087000,52.000000,500.000000,500.000000,2.000000,120.000000,0.000000,184,98,184,0,184,26,60,98,0,0,0,0,0,0,0,0,0.000000,0.000000,0.000000,clear-ocean,30.000000,60.000000,0.151000,1468,3821268,979.812308,4.178304,111,25,0,86,0,233,49,0,184,0,0,0,0,0,0,0,0,0,0,0,0,0,0,0,26,60,98,26,60,98,16.432106,13.984599,28.473807,0.000000,0.000000,0.000000,0,0,0,10650.553026,29.587205,169.492692,8340.973128,1716.728679,449.720452,7761.417536,0.000000,0.000000,9927.866667,10650.553026,722.686359,16.118681,4.222508,72.873376,0.000000,6.785435,17.780772,11.034680,3.404479,0.007974,2,0.000000,0,0,0,100.000000,4.574203,100.000000,22.047521,841.628657,9328.374893,0.000000,128.874011
