time,protocol,auvCollectionMedium,energyModel,lowPayloadAtGateway,enableHighFallback,enableMediumFallback,matchHybridQueues,ddnBufferPolicy,nodeIdlePowerW,nodes,sinks,sinkPlacement,trafficLoad,trafficStop,auvSpeedKmh,txPowerMarginDb,ddnEomOffset,ddnDepth,highFallbackTimeout,mediumFallbackTimeout,mediumFallbackRhoMax,generated,gatewayOriginated,reachedDdn,collectedByAuv,delivered,directCriticalToSink,directMediumToSink,directLowToSink,bufferDropped,bufferDroppedHigh,bufferDroppedMedium,bufferDroppedLow,opticalTransfers,opticalAttempted,opticalLost,opticalPending,opticalLossPct,opticalMeanPktSuccess,opticalMeanSnrDb,opticalWaterType,opticalRange,opticalPointingCoherenceSeconds,opticalExtCoeff,acousticTransfers,acousticTxBytes,acousticTxAirtimeS,acousticTxAirtimePct,acousticSourceAttempts,acousticRetransmissions,acousticRetryExhausted,acousticAcks,acousticPending,directSourceAttempts,directRetransmissions,directCyclesExhausted,directAcks,directPending,mobileSourceAttempts,mobileRetransmissions,mobileContactFailures,mobileAcks,mobilePending,auvSurfaceSourceAttempts,auvSurfaceRetransmissions,auvSurfaceContactFailures,auvSurfaceAcks,auvSurfacePending,deadlineExpired,deadlineExpiredHigh,deadlineExpiredMedium,deadlineExpiredLow,highGenerated,mediumGenerated,lowGenerated,highDelivered,mediumDelivered,lowDelivered,highAvgDelay,mediumAvgDelay,lowAvgDelay,highMissRatio,mediumMissRatio,lowMissRatio,highDeadlineMiss,mediumDeadlineMiss,lowDeadlineMiss,energyConsumedJ,highEnergyJ,mediumEnergyJ,lowEnergyJ,bsnEnergyJ,drnEnergyJ,ddnEnergyJ,auvEnergyJ,auvOperationalEnergyJ,submergedEnergyJ,incrementalMissionEnergyJ,sinkEnergyJ,bsnEnergyPct,drnEnergyPct,ddnEnergyPct,auvEnergyPct,sinkEnergyPct,highEnergyMjByte,mediumEnergyMjByte,lowEnergyMjByte,meanDdnBuffered,maxDdnBuffered,meanAuvBuffered,maxAuvBuffered,ddnBuffered,auvBuffered,upstreamPdr,avgDelayAcoustic,pdr,avgDelay,throughputBps,auvX,auvY,auvZ
0.000000,pure-acoustic,none,hardware,1,0,0,1,priority,0.000500,180,15,hybrid,0.050000,4000.000000,6.087000,52.000000,500.000000,500.000000,2.000000,120.000000,0.000000,0,0,0,0,0,0,0,0,0,0,0,0,0,0,0,0,0.000000,0.000000,0.000000,clear-ocean,30.000000,60.000000,0.151000,0,0,0.000000,0.000000,0,0,0,0,0,0,0,0,0,0,0,0,0,0,0,0,0,0,0,0,0,0,0,0,0,0,0,0,0,0,0.000000,0.000000,0.000000,0.000000,0.000000,0.000000,0,0,0,0.090000,0.000000,0.000000,0.000000,0.068936,0.017234,0.003830,0.000000,0.000000,0.090000,0.090000,0.000000,76.595745,19.148936,4.255319,0.000000,0.000000,0.000000,0.000000,0.000000,0.000000,0,0.000000,0,0,0,0.000000,0.000000,0.000000,0.000000,0.000000,875.000000,0.000000,0.000000
60.000000,pure-acoustic,none,hardware,1,0,0,1,priority,0.000500,180,15,hybrid,0.050000,4000.000000,6.087000,52.000000,500.000000,500.000000,2.000000,120.000000,0.000000,2,2,2,0,1,0,0,1,0,0,0,0,0,0,0,0,0.000000,0.000000,0.000000,clear-ocean,30.000000,60.000000,0.151000,9,33561,8.605385,14.342308,0,0,0,0,0,2,0,0,1,1,0,0,0,0,0,0,0,0,0,0,0,0,0,0,0,0,2,0,0,1,0.000000,0.000000,8.411026,0.000000,0.000000,50.000000,0,0,0,79.466256,0.000000,0.000000,74.066256,4.136170,1.034043,69.076146,0.000000,0.000000,74.246359,79.466256,5.219897,5.204939,1.301235,86.925129,0.000000,6.568697,0.000000,0.000000,2.962650,0.033333,1,0.000000,0,0,0,100.000000,0.000000,50.000000,8.411026,3333.333333,961.106716,-0.000000,11.852388
120.000000,pure-acoustic,none,hardware,1,0,0,1,priority,0.000500,180,15,hybrid,0.050000,4000.000000,6.087000,52.000000,500.000000,500.000000,2.000000,120.000000,0.000000,6,5,6,0,3,0,0,3,0,0,0,0,0,0,0,0,0.000000,0.000000,0.000000,clear-ocean,30.000000,60.000000,0.151000,45,152037,38.983846,32.486538,1,0,0,1,0,6,2,0,3,1,0,0,0,0,0,0,0,0,0,0,0,0,0,0,1,0,5,0,0,3,0.000000,0.000000,19.259826,100.000000,0.000000,40.000000,0,0,0,350.377795,0.612256,0.000000,338.965538,8.593315,2.326547,311.726857,0.000000,0.000000,322.646718,350.377795,27.731077,2.452585,0.664011,88.968782,0.000000,7.914622,0.000000,0.000000,4.519541,0.483333,2,0.000000,0,2,0,100.000000,0.575897,50.000000,19.259826,5000.000000,1047.213432,-0.000000,46.285720
180.000000,pure-acoustic,none,hardware,1,0,0,1,priority,0.000500,180,15,hybrid,0.050000,4000.000000,6.087000,52.000000,500.000000,500.000000,2.000000,120.000000,0.000000,9,7,9,0,5,1,0,4,0,0,0,0,0,0,0,0,0.000000,0.000000,0.000000,clear-ocean,30.000000,60.000000,0.151000,73,229785,58.919231,32.732906,3,1,0,2,0,10,4,0,5,1,0,0,0,0,0,0,0,0,0,0,0,0,0,0,1,1,7,1,0,4,10.841180,0.000000,25.062683,0.000000,100.000000,42.857143,0,0,0,528.466359,0.885282,3.656359,507.724718,13.570459,6.102128,467.864746,0.000000,0.000000,487.537333,528.466359,40.929026,2.567895,1.154686,88.532551,0.000000,7.744869,13.832532,0.000000,5.077247,0.883333,3,0.000000,0,3,0,100.000000,7.358922,55.555556,22.218382,4447.288889,1133.320148,-0.000000,100.035057
240.000000,pure-acoustic,none,hardware,1,0,0,1,priority,0.000500,180,15,hybrid,0.050000,4000.000000,6.087000,52.000000,500.000000,500.000000,2.000000,120.000000,0.000000,14,12,14,0,11,1,1,9,0,0,0,0,0,0,0,0,0.000000,0.000000,0.000000,clear-ocean,30.000000,60.000000,0.151000,131,436515,111.926923,46.636218,3,1,0,2,0,20,8,0,11,1,0,0,0,0,0,0,0,0,0,0,0,0,0,0,1,1,12,1,1,9,10.841180,27.660467,42.005854,0.000000,0.000000,25.000000,0,0,0,995.458974,0.885282,4.362615,968.611077,17.706630,7.136170,892.175764,0.000000,0.000000,917.018564,995.458974,78.440410,1.778740,0.716872,89.624564,0.000000,7.879824,13.832532,17.041466,4.304938,1.204167,3,0.000000,0,2,0,100.000000,7.358922,78.571429,37.868576,7510.666667,1219.426865,-0.000000,168.003936
300.000000,pure-acoustic,none,hardware,1,0,0,1,priority,0.000500,180,15,hybrid,0.050000,4000.000000,6.087000,52.000000,500.000000,500.000000,2.000000,120.000000,0.000000,15,12,15,0,15,1,2,12,0,0,0,0,0,0,0,0,0.000000,0.000000,0.000000,clear-ocean,30.000000,60.000000,0.151000,162,534714,137.106154,45.702051,4,1,0,3,0,24,9,0,15,0,0,0,0,0,0,0,0,0,0,0,0,0,0,0,1,2,12,1,2,12,10.841180,22.860359,46.354824,0.000000,0.000000,0.000000,0,0,0,1222.235949,0.885282,6.734667,1187.616000,22.744697,8.901290,1092.057654,0.000000,0.000000,1123.703641,1222.235949,98.532308,1.860909,0.728279,89.349168,0.000000,8.061644,13.832532,13.153646,3.958720,1.106667,3,0.000000,0,0,0,100.000000,5.196375,100.000000,40.854653,8015.360000,1305.533581,-0.000000,243.747609
360.000000,pure-acoustic,none,hardware,1,0,0,1,priority,0.000500,180,15,hybrid,0.050000,4000.000000,6.087000,52.000000,500.000000,500.000000,2.000000,120.000000,0.000000,17,14,17,0,16,1,2,13,0,0,0,0,0,0,0,0,0.000000,0.000000,0.000000,clear-ocean,30.000000,60.000000,0.151000,171,568275,145.711538,40.475427,4,1,0,3,0,26,9,0,16,1,0,0,0,0,0,0,0,0,0,0,0,0,0,0,1,2,14,1,2,13,10.841180,22.860359,43.405130,0.000000,0.000000,7.142857,0,0,0,1301.702205,0.885282,6.734667,1261.682256,26.880867,9.935332,1161.133800,0.000000,0.000000,1197.950000,1301.702205,103.752205,2.065055,0.763257,89.201186,0.000000,7.970502,13.832532,13.153646,3.882099,0.927778,3,0.000000,0,0,0,100.000000,5.196375,94.117647,38.801787,7235.022222,1391.640297,-0.000000,320.084127
420.000000,pure-acoustic,none,hardware,1,0,0,1,priority,0.000500,180,15,hybrid,0.050000,4000.000000,6.087000,52.000000,500.000000,500.000000,2.000000,120.000000,0.000000,21,15,21,0,21,3,3,15,0,0,0,0,0,0,0,0,0.000000,0.000000,0.000000,clear-ocean,30.000000,60.000000,0.151000,197,637173,163.377692,38.899451,7,1,0,6,0,31,10,0,21,0,0,0,0,0,0,0,0,0,0,0,0,0,0,0,3,3,15,3,3,15,7.394364,21.871890,40.052176,0.000000,0.000000,0.000000,0,0,0,1463.155641,1.822256,8.426308,1415.107077,32.221653,11.073375,1301.127690,0.000000,0.000000,1344.422718,1463.155641,118.732923,2.202203,0.756815,88.926130,0.000000,8.114853,9.490919,10.971755,3.773619,0.869048,3,0.000000,0,0,0,100.000000,2.717504,100.000000,32.789590,7161.142857,1477.747013,-0.000000,389.775332
480.000000,pure-acoustic,none,hardware,1,0,0,1,priority,0.000500,180,15,hybrid,0.050000,4000.000000,6.087000,52.000000,500.000000,500.000000,2.000000,120.000000,0.000000,22,16,22,0,22,3,3,16,0,0,0,0,0,0,0,0,0.000000,0.000000,0.000000,clear-ocean,30.000000,60.000000,0.151000,218,713034,182.829231,38.089423,7,1,0,6,0,34,12,0,22,0,0,0,0,0,0,0,0,0,0,0,0,0,0,0,3,3,16,3,3,16,7.394364,21.871890,40.495866,0.000000,0.000000,0.000000,0,0,0,1638.068051,1.822256,8.426308,1584.619487,36.357823,12.107417,1456.973067,0.000000,0.000000,1505.438308,1638.068051,132.629744,2.219555,0.739128,88.944599,0.000000,8.096718,9.490919,10.971755,3.961549,0.762500,3,0.000000,0,0,0,100.000000,2.717504,100.000000,33.442392,6682.666667,1563.853729,-0.000000,446.213164
540.000000,pure-acoustic,none,hardware,1,0,0,1,priority,0.000500,180,15,hybrid,0.050000,4000.000000,6.087000,52.000000,500.000000,500.000000,2.000000,120.000000,0.000000,25,17,25,0,24,4,4,16,0,0,0,0,0,0,0,0,0.000000,0.000000,0.000000,clear-ocean,30.000000,60.000000,0.151000,228,718884,184.329231,34.135043,9,1,0,8,0,37,12,0,24,1,0,0,0,0,0,0,0,0,0,0,0,0,0,0,4,4,17,4,4,16,5.866566,16.820356,40.495866,0.000000,0.000000,5.882353,0,0,0,1655.113205,2.809846,10.597718,1593.105641,42.535865,13.223921,1466.575572,0.000000,0.000000,1522.335359,1655.113205,132.777846,2.569967,0.798974,88.608777,0.000000,8.022282,10.975962,10.349334,3.982764,0.683333,3,0.000000,0,0,0,100.000000,2.188577,96.000000,30.778398,5944.888889,1649.960445,-0.000000,484.046240
600.000000,pure-acoustic,none,hardware,1,0,0,1,priority,0.000500,180,15,hybrid,0.050000,4000.000000,6.087000,52.000000,500.000000,500.000000,2.000000,120.000000,0.000000,25,17,25,0,25,4,4,17,0,0,0,0,0,0,0,0,0.000000,0.000000,0.000000,clear-ocean,30.000000,60.000000,0.151000,241,765321,196.236154,32.706026,9,1,0,8,0,38,13,0,25,0,0,0,0,0,0,0,0,0,0,0,0,0,0,0,4,4,17,4,4,17,5.866566,16.820356,39.795341,0.000000,0.000000,0.000000,0,0,0,1765.330231,2.809846,10.597718,1697.922667,46.672035,14.257964,1562.064026,0.000000,0.000000,1622.994026,1765.330231,142.336205,2.643813,0.807666,88.485655,0.000000,8.062866,10.975962,10.349334,3.995112,0.615000,3,0.000000,0,0,0,100.000000,2.188577,100.000000,30.690739,5683.733333,1736.067161,-0.000000,499.687261
660.000000,pure-acoustic,none,hardware,1,0,0,1,priority,0.000500,180,15,hybrid,0.050000,4000.000000,6.087000,52.000000,500.000000,500.000000,2.000000,120.000000,0.000000,27,18,27,0,27,4,5,18,0,0,0,0,0,0,0,0,0.000000,0.000000,0.000000,clear-ocean,30.000000,60.000000,0.151000,253,792093,203.100769,30.772844,10,1,0,9,0,40,13,0,27,0,0,0,0,0,0,0,0,0,0,0,0,0,0,0,4,5,18,4,5,18,5.866566,13.878399,38.031611,0.000000,0.000000,0.000000,0,0,0,1830.717026,2.809846,13.490564,1755.016615,52.189872,16.023083,1614.854224,0.000000,0.000000,1683.067179,1830.717026,147.649846,2.850789,0.875235,88.208838,0.000000,8.065138,10.975962,10.539503,3.900037,0.562121,3,0.000000,0,0,0,100.000000,2.067567,100.000000,28.793602,5473.163636,1822.173878,0.000000,491.653159
720.000000,pure-acoustic,none,hardware,1,0,0,1,priority,0.000500,180,15,hybrid,0.050000,4000.000000,6.087000,52.000000,500.000000,500.000000,2.000000,120.000000,0.000000,31,20,31,0,31,5,6,20,0,0,0,0,0,0,0,0,0.000000,0.000000,0.000000,clear-ocean,30.000000,60.000000,0.151000,276,844380,216.507692,30.070513,12,1,0,11,0,44,13,0,31,0,0,0,0,0,0,0,0,0,0,0,0,0,0,0,5,6,20,5,6,20,5.065819,11.828146,35.057508,0.000000,0.000000,0.000000,0,0,0,1954.071615,3.973077,16.094026,1869.204513,57.069145,18.953741,1719.810985,0.000000,0.000000,1795.833872,1954.071615,158.237744,2.920525,0.969961,88.011666,0.000000,8.097848,12.415865,10.477881,3.738409,0.520833,3,0.000000,0,0,0,100.000000,1.868941,100.000000,25.724133,5576.177778,1908.280594,0.000000,460.705721
780.000000,pure-acoustic,none,hardware,1,0,0,1,priority,0.000500,180,15,hybrid,0.050000,4000.000000,6.087000,52.000000,500.000000,500.000000,2.000000,120.000000,0.000000,35,23,35,0,33,5,7,21,0,0,0,0,0,0,0,0,0.000000,0.000000,0.000000,clear-ocean,30.000000,60.000000,0.151000,293,895677,229.660769,29.443688,13,1,0,12,0,47,13,0,33,1,0,0,0,0,0,0,0,0,0,0,0,0,0,0,5,7,23,5,7,21,5.065819,10.423698,33.787390,0.000000,0.000000,8.695652,0,0,0,2073.480410,3.973077,18.697487,1980.609846,61.627444,21.389015,1823.518106,0.000000,0.000000,1906.534564,2073.480410,166.945846,2.972174,1.031551,87.944795,0.000000,8.051479,12.415865,10.433866,3.772590,0.491026,3,0.000000,0,1,0,100.000000,1.801359,94.285714,24.479702,5406.276923,1994.387310,0.000000,409.779355
840.000000,pure-acoustic,none,hardware,1,0,0,1,priority,0.000500,180,15,hybrid,0.050000,4000.000000,6.087000,52.000000,500.000000,500.000000,2.000000,120.000000,0.000000,42,30,42,0,36,5,7,24,0,0,0,0,0,0,0,0,0.000000,0.000000,0.000000,clear-ocean,30.000000,60.000000,0.151000,324,1005564,257.836923,30.694872,13,1,0,12,0,52,15,0,36,1,0,0,0,0,0,0,0,0,0,0,0,0,0,0,5,7,30,5,7,24,5.065819,10.423698,33.734327,0.000000,0.000000,20.000000,0,0,0,2324.393026,3.973077,18.697487,2226.122462,65.763614,22.423057,2049.166970,0.000000,0.000000,2137.353641,2324.393026,187.039385,2.829281,0.964684,88.159229,0.000000,8.046805,12.415865,10.433866,3.710204,0.682143,5,0.000000,0,5,0,100.000000,1.801359,85.714286,25.219968,5734.400000,2080.494026,0.000000,343.702853
900.000000,pure-acoustic,none,hardware,1,0,0,1,priority,0.000500,180,15,hybrid,0.050000,4000.000000,6.087000,52.000000,500.000000,500.000000,2.000000,120.000000,0.000000,46,33,45,0,41,5,7,29,0,0,0,0,0,0,0,0,0.000000,0.000000,0.000000,clear-ocean,30.000000,60.000000,0.151000,369,1157601,296.820769,32.980085,14,1,0,12,1,58,16,0,41,1,0,0,0,0,0,0,0,0,0,0,0,0,0,0,6,7,33,5,7,29,5.065819,10.423698,40.638659,16.666667,0.000000,12.121212,0,0,0,2672.026615,4.527692,18.697487,2567.801436,70.217476,23.694023,2360.637783,0.000000,0.000000,2454.549282,2672.026615,217.477333,2.627873,0.886744,88.346342,0.000000,8.139041,14.149038,10.433866,3.541795,0.972222,6,0.000000,0,3,0,97.826087,1.801359,89.130435,31.141856,6463.217778,2166.600742,0.000000,268.741531
960.000000,pure-acoustic,none,hardware,1,0,0,1,priority,0.000500,180,15,hybrid,0.050000,4000.000000,6.087000,52.000000,500.000000,500.000000,2.000000,120.000000,0.000000,49,35,49,0,45,7,7,31,0,0,0,0,0,0,0,0,0.000000,0.000000,0.000000,clear-ocean,30.000000,60.000000,0.151000,412,1272420,326.261538,33.985577,17,3,0,14,0,64,18,0,45,1,0,0,0,0,0,0,0,0,0,0,0,0,0,0,7,7,35,7,7,31,17.046727,10.423698,44.322024,0.000000,0.000000,11.428571,0,0,0,2933.724487,7.063513,18.697487,2821.563487,75.482903,25.481912,2594.359673,0.000000,0.000000,2695.324487,2933.724487,238.400000,2.572938,0.868586,88.432287,0.000000,8.126189,15.766770,10.433866,3.640727,1.248958,7,0.000000,0,3,0,100.000000,3.489442,91.836735,34.806127,6477.000000,2252.707458,0.000000,192.003154
1020.000000,pure-acoustic,none,hardware,1,0,0,1,priority,0.000500,180,15,hybrid,0.050000,4000.000000,6.087000,52.000000,500.000000,500.000000,2.000000,120.000000,0.000000,53,39,53,0,51,7,7,37,0,0,0,0,0,0,0,0,0.000000,0.000000,0.000000,clear-ocean,30.000000,60.000000,0.151000,463,1454031,372.828462,36.551810,17,3,0,14,0,71,20,0,51,0,0,0,0,0,0,0,0,0,0,0,0,0,0,0,7,7,39,7,7,37,17.046727,10.423698,49.178966,0.000000,0.000000,5.128205,0,0,0,3349.130026,7.063513,18.697487,3231.569026,79.619073,26.515954,2967.144537,0.000000,0.000000,3073.279564,3349.130026,275.850462,2.377306,0.791727,88.594486,0.000000,8.236481,15.766770,10.433866,3.493588,1.293137,7,0.000000,0,2,0,100.000000,3.489442,96.226415,39.449308,7272.470588,2338.814174,0.000000,120.763985
1080.000000,pure-acoustic,none,hardware,1,0,0,1,priority,0.000500,180,15,hybrid,0.050000,4000.000000,6.087000,52.000000,500.000000,500.000000,2.000000,120.000000,0.000000,56,40,56,0,55,7,9,39,0,0,0,0,0,0,0,0,0.000000,0.000000,0.000000,clear-ocean,30.000000,60.000000,0.151000,514,1573530,403.469231,37.358262,22,6,0,16,0,78,22,0,55,1,0,0,0,0,0,0,0,0,0,0,0,0,0,0,7,9,40,7,9,39,17.046727,20.109931,48.821545,0.000000,0.000000,2.500000,0,0,0,3617.525590,7.063513,29.628231,3483.633846,89.694192,31.022612,3201.654119,0.000000,0.000000,3322.370923,3617.525590,295.154667,2.479435,0.857564,88.503980,0.000000,8.159021,15.766770,12.859475,3.572958,1.337037,7,0.000000,0,0,0,100.000000,5.610422,98.214286,40.079213,7242.607407,2424.920891,0.000000,61.778860
1140.000000,pure-acoustic,none,hardware,1,0,0,1,priority,0.000500,180,15,hybrid,0.050000,4000.000000,6.087000,52.000000,500.000000,500.000000,2.000000,120.000000,0.000000,59,41,59,0,58,7,11,40,0,0,0,0,0,0,0,0,0.000000,0.000000,0.000000,clear-ocean,30.000000,60.000000,0.151000,536,1622640,416.061538,36.496626,24,6,0,18,0,82,23,0,58,1,0,0,0,0,0,0,0,0,0,0,0,0,0,0,7,11,41,7,11,40,17.046727,17.976754,49.468630,0.000000,0.000000,2.439024,0,0,0,3730.878231,7.063513,34.461077,3586.753641,97.073465,32.178501,3298.422983,0.000000,0.000000,3427.674949,3730.878231,303.203282,2.601893,0.862491,88.408755,0.000000,8.126861,15.766770,12.237598,3.586754,1.280702,7,0.000000,0,0,0,100.000000,5.075789,98.305085,39.583044,7040.449123,2511.027607,0.000000,20.640695
1200.000000,pure-acoustic,none,hardware,1,0,0,1,priority,0.000500,180,15,hybrid,0.050000,4000.000000,6.087000,52.000000,500.000000,500.000000,2.000000,120.000000,0.000000,61,43,61,0,61,7,11,43,0,0,0,0,0,0,0,0,0.000000,0.000000,0.000000,clear-ocean,30.000000,60.000000,0.151000,562,1715514,439.875385,36.656282,24,6,0,18,0,85,24,0,61,0,0,0,0,0,0,0,0,0,0,0,0,0,0,0,7,11,43,7,11,43,17.046727,17.976754,47.088118,0.000000,0.000000,0.000000,0,0,0,3946.797000,7.063513,34.461077,3797.272410,101.209635,33.212543,3489.173386,0.000000,0.000000,3623.595564,3946.797000,323.201436,2.564349,0.841506,88.405190,0.000000,8.188955,15.766770,12.237598,3.532346,1.218333,7,0.000000,0,0,0,100.000000,5.075789,100.000000,38.391155,7188.426667,2597.134323,0.000000,1.250174
1260.000000,pure-acoustic,none,hardware,1,0,0,1,priority,0.000500,180,15,hybrid,0.050000,4000.000000,6.087000,52.000000,500.000000,500.000000,2.000000,120.000000,0.000000,64,45,64,0,62,7,11,44,0,0,0,0,0,0,0,0,0.000000,0.000000,0.000000,clear-ocean,30.000000,60.000000,0.151000,580,1767276,453.147692,35.964103,25,6,0,19,0,87,24,0,62,1,0,0,0,0,0,0,0,0,0,0,0,0,0,0,7,12,45,7,11,44,17.046727,17.976754,46.202388,0.000000,8.333333,2.222222,0,0,0,4067.455359,7.063513,36.416256,3910.575590,107.207241,34.307509,3593.180814,0.000000,0.000000,3734.695564,4067.455359,332.759795,2.635732,0.843464,88.339773,0.000000,8.181031,15.766770,12.931909,3.555069,1.169841,7,0.000000,0,1,0,100.000000,4.856685,96.875000,37.902846,7004.850794,2683.241039,-0.000000,5.445889
1320.000000,pure-acoustic,none,hardware,1,0,0,1,priority,0.000500,180,15,hybrid,0.050000,4000.000000,6.087000,52.000000,500.000000,500.000000,2.000000,120.000000,0.000000,68,48,68,0,64,7,12,45,0,0,0,0,0,0,0,0,0.000000,0.000000,0.000000,clear-ocean,30.000000,60.000000,0.151000,609,1857033,476.162308,36.072902,26,6,0,20,0,92,27,0,64,1,0,0,0,0,0,0,0,0,0,0,0,0,0,0,7,13,48,7,12,45,17.046727,19.897939,46.213220,0.000000,7.692308,6.250000,0,0,0,4271.567692,7.063513,39.309103,4106.395077,112.725078,36.072628,3775.171011,0.000000,0.000000,3923.968718,4271.567692,347.598974,2.638963,0.844482,88.379052,0.000000,8.137504,15.766770,12.795932,3.650129,1.155303,7,0.000000,0,3,0,100.000000,4.668825,94.117647,38.089020,6839.515152,2769.347755,-0.000000,32.830006
1380.000000,pure-acoustic,none,hardware,1,0,0,1,priority,0.000500,180,15,hybrid,0.050000,4000.000000,6.087000,52.000000,500.000000,500.000000,2.000000,120.000000,0.000000,73,51,72,0,71,8,13,50,0,0,0,0,0,0,0,0,0.000000,0.000000,0.000000,clear-ocean,30.000000,60.000000,0.151000,666,2023938,518.958462,37.605686,28,6,0,21,1,100,28,0,71,1,0,0,0,0,0,0,0,0,0,0,0,0,0,0,8,14,51,8,13,50,15.170241,19.472732,44.136565,0.000000,7.142857,1.960784,0,0,0,4652.946615,8.226744,42.543667,4477.976205,119.040376,38.272209,4113.959158,0.000000,0.000000,4271.271744,4652.946615,381.674872,2.558387,0.822537,88.416212,0.000000,8.202864,16.067859,12.783554,3.582381,1.152174,7,0.000000,0,0,0,98.630137,4.488991,97.260274,36.356841,7268.637681,2855.454471,-0.000000,80.805987
1440.000000,pure-acoustic,none,hardware,1,0,0,1,priority,0.000500,180,15,hybrid,0.050000,4000.000000,6.087000,52.000000,500.000000,500.000000,2.000000,120.000000,0.000000,73,51,73,0,73,8,14,51,0,0,0,0,0,0,0,0,0.000000,0.000000,0.000000,clear-ocean,30.000000,60.000000,0.151000,672,2025720,519.415385,36.070513,29,7,0,22,0,101,28,0,73,0,0,0,0,0,0,0,0,0,0,0,0,0,0,0,8,14,51,8,14,51,15.170241,19.180598,43.811017,0.000000,0.000000,0.000000,0,0,0,4662.603949,8.226744,45.916282,4478.860923,125.037983,40.037329,4114.878586,0.000000,0.000000,4279.953897,4662.603949,382.650051,2.681720,0.858690,88.252801,0.000000,8.206789,16.067859,12.811463,3.512832,1.104861,7,0.000000,0,0,0,100.000000,4.952633,100.000000,35.948660,7106.088889,2941.561187,-0.000000,144.824794
1500.000000,pure-acoustic,none,hardware,1,0,0,1,priority,0.000500,180,15,hybrid,0.050000,4000.000000,6.087000,52.000000,500.000000,500.000000,2.000000,120.000000,0.000000,77,55,77,0,77,8,14,55,0,0,0,0,0,0,0,0,0.000000,0.000000,0.000000,clear-ocean,30.000000,60.000000,0.151000,700,2126868,545.350769,36.356718,29,7,0,22,0,105,28,0,77,0,0,0,0,0,0,0,0,0,0,0,0,0,0,0,8,14,55,8,14,55,15.170241,19.180598,41.372919,0.000000,0.000000,0.000000,0,0,0,4896.379744,8.226744,45.916282,4707.236718,129.174153,41.071372,4322.604578,0.000000,0.000000,4492.850103,4896.379744,403.529641,2.638156,0.838811,88.281645,0.000000,8.241388,16.067859,12.811463,3.423445,1.068000,7,0.000000,0,0,0,100.000000,4.952633,100.000000,34.615596,7355.178667,3027.667904,-0.000000,218.816219
1560.000000,pure-acoustic,none,hardware,1,0,0,1,priority,0.000500,180,15,hybrid,0.050000,4000.000000,6.087000,52.000000,500.000000,500.000000,2.000000,120.000000,0.000000,79,56,79,0,79,8,15,56,0,0,0,0,0,0,0,0,0.000000,0.000000,0.000000,clear-ocean,30.000000,60.000000,0.151000,717,2178333,558.546923,35.804290,30,7,0,23,0,108,29,0,79,0,0,0,0,0,0,0,0,0,0,0,0,0,0,0,8,15,56,8,15,56,15.170241,18.024321,41.134524,0.000000,0.000000,0.000000,0,0,0,5016.774564,8.226744,47.607923,4820.539897,134.212220,42.166337,4427.214263,0.000000,0.000000,4603.592821,5016.774564,413.181744,2.675269,0.840507,88.248220,0.000000,8.236004,16.067859,12.397897,3.443243,1.028205,7,0.000000,0,0,0,100.000000,4.757145,100.000000,34.117216,7201.805128,3113.774620,-0.000000,295.764462
1620.000000,pure-acoustic,none,hardware,1,0,0,1,priority,0.000500,180,15,hybrid,0.050000,4000.000000,6.087000,52.000000,500.000000,500.000000,2.000000,120.000000,0.000000,81,58,81,0,80,8,15,57,0,0,0,0,0,0,0,0,0.000000,0.000000,0.000000,clear-ocean,30.000000,60.000000,0.151000,725,2207757,566.091538,34.943922,30,7,0,23,0,110,29,0,80,1,0,0,0,0,0,0,0,0,0,0,0,0,0,0,8,15,58,8,15,57,15.170241,18.024321,40.567693,0.000000,0.000000,1.724138,0,0,0,5087.754667,8.226744,47.607923,4886.120000,138.348391,43.200380,4487.804255,0.000000,0.000000,4669.353026,5087.754667,418.401641,2.719243,0.849105,88.207953,0.000000,8.223699,16.067859,12.397897,3.428856,0.993827,7,0.000000,0,0,0,100.000000,4.757145,98.765432,33.801066,7058.528395,3199.881336,-0.000000,368.373360
1680.000000,pure-acoustic,none,hardware,1,0,0,1,priority,0.000500,180,15,hybrid,0.050000,4000.000000,6.087000,52.000000,500.000000,500.000000,2.000000,120.000000,0.000000,81,58,81,0,81,8,15,58,0,0,0,0,0,0,0,0,0.000000,0.000000,0.000000,clear-ocean,30.000000,60.000000,0.151000,738,2254194,577.998462,34.404670,30,7,0,23,0,111,30,0,81,0,0,0,0,0,0,0,0,0,0,0,0,0,0,0,8,15,58,8,15,58,15.170241,18.024321,40.409040,0.000000,0.000000,0.000000,0,0,0,5197.971692,8.226744,47.607923,4990.937026,142.484561,44.234422,4583.292709,0.000000,0.000000,4770.011692,5197.971692,427.960000,2.741157,0.850994,88.174638,0.000000,8.233211,16.067859,12.397897,3.442026,0.958333,7,0.000000,0,0,0,100.000000,4.757145,100.000000,33.771001,6925.485714,3285.988052,-0.000000,429.758202
1740.000000,pure-acoustic,none,hardware,1,0,0,1,priority,0.000500,180,15,hybrid,0.050000,4000.000000,6.087000,52.000000,500.000000,500.000000,2.000000,120.000000,0.000000,82,59,82,0,81,8,15,58,0,0,0,0,0,0,0,0,0.000000,0.000000,0.000000,clear-ocean,30.000000,60.000000,0.151000,745,2279481,584.482308,33.590937,30,7,0,23,0,112,30,0,81,1,0,0,0,0,0,0,0,0,0,0,0,0,0,0,8,15,59,8,15,58,15.170241,18.024321,40.409040,0.000000,0.000000,1.694915,0,0,0,5259.580923,8.226744,47.607923,5047.146256,146.620731,45.268465,4635.393266,0.000000,0.000000,4827.282462,5259.580923,432.298462,2.787688,0.860686,88.132369,0.000000,8.219257,16.067859,12.397897,3.480791,0.925862,7,0.000000,0,0,0,100.000000,4.757145,98.780488,33.771001,6686.675862,3372.094768,-0.000000,474.098532
1800.000000,pure-acoustic,none,hardware,1,0,0,1,priority,0.000500,180,15,hybrid,0.050000,4000.000000,6.087000,52.000000,500.000000,500.000000,2.000000,120.000000,0.000000,86,61,86,0,82,8,15,59,0,0,0,0,0,0,0,0,0.000000,0.000000,0.000000,clear-ocean,30.000000,60.000000,0.151000,783,2383047,611.037692,33.946538,34,9,0,25,0,116,33,0,82,1,0,0,0,0,0,0,0,0,0,0,0,0,0,0,9,16,61,8,15,59,15.170241,18.024321,40.197567,11.111111,6.250000,3.278689,0,0,0,5491.772051,8.669385,51.829846,5269.272821,155.046696,46.621892,4842.210950,0.000000,0.000000,5043.879538,5491.772051,447.892513,2.823254,0.848941,88.172104,0.000000,8.155701,16.932392,13.497356,3.572388,0.938889,7,0.000000,0,3,0,100.000000,5.481135,95.348837,33.699795,6574.897778,3458.201484,-0.000000,497.190040
1860.000000,pure-acoustic,none,hardware,1,0,0,1,priority,0.000500,180,15,hybrid,0.050000,4000.000000,6.087000,52.000000,500.000000,500.000000,2.000000,120.000000,0.000000,90,64,90,0,86,9,17,60,0,0,0,0,0,0,0,0,0.000000,0.000000,0.000000,clear-ocean,30.000000,60.000000,0.151000,817,2462577,631.430000,33.947849,36,10,0,26,0,122,35,1,86,0,0,0,0,0,0,0,0,0,0,0,0,0,0,0,9,17,64,9,17,60,20.007789,22.392234,41.369645,0.000000,0.000000,6.250000,0,0,0,5667.528974,8.942410,58.437026,5432.749538,162.902456,49.057165,4999.573866,0.000000,0.000000,5211.533487,5667.528974,455.995487,2.874312,0.865583,88.214350,0.000000,8.045755,15.525018,13.427625,3.621833,1.009677,7,0.000000,0,4,0,100.000000,5.822842,95.555556,35.382754,6472.808602,3544.308200,0.000000,496.843209
1920.000000,pure-acoustic,none,hardware,1,0,0,1,priority,0.000500,180,15,hybrid,0.050000,4000.000000,6.087000,52.000000,500.000000,500.000000,2.000000,120.000000,0.000000,93,66,93,0,92,9,18,65,0,0,0,0,0,0,0,0,0.000000,0.000000,0.000000,clear-ocean,30.000000,60.000000,0.151000,871,2641239,677.240769,35.272957,37,10,0,27,0,130,36,1,92,1,0,0,0,0,0,0,0,0,0,0,0,0,0,0,9,18,66,9,18,65,20.007789,21.289518,41.936938,0.000000,0.000000,1.515152,0,0,0,6074.374487,8.942410,61.040487,5831.591590,167.460755,51.492439,5364.555653,0.000000,0.000000,5583.508846,6074.374487,490.865641,2.756839,0.847699,88.314536,0.000000,8.080925,15.525018,13.246634,3.588672,1.008333,7,0.000000,0,0,0,100.000000,5.646365,98.924731,35.751982,6792.433333,3630.414917,0.000000,473.090927
1980.000000,pure-acoustic,none,hardware,1,0,0,1,priority,0.000500,180,15,hybrid,0.050000,4000.000000,6.087000,52.000000,500.000000,500.000000,2.000000,120.000000,0.000000,95,67,95,0,94,9,19,66,0,0,0,0,0,0,0,0,0.000000,0.000000,0.000000,clear-ocean,30.000000,60.000000,0.151000,898,2722722,698.133846,35.259285,38,10,0,28,0,135,39,1,94,1,0,0,0,0,0,0,0,0,0,0,0,0,0,0,9,19,67,9,19,66,20.007789,20.275463,42.307168,0.000000,0.000000,1.492537,0,0,0,6259.817282,8.942410,63.933333,6008.741538,172.978591,53.257558,5529.573543,0.000000,0.000000,5755.809692,6259.817282,504.007590,2.763317,0.850785,88.334424,0.000000,8.051474,15.525018,13.144189,3.641662,0.979293,7,0.000000,0,0,0,100.000000,5.483976,98.947368,35.718904,6688.646465,3716.521633,0.000000,428.185362
2040.000000,pure-acoustic,none,hardware,1,0,0,1,priority,0.000500,180,15,hybrid,0.050000,4000.000000,6.087000,52.000000,500.000000,500.000000,2.000000,120.000000,0.000000,98,69,97,0,96,9,19,68,0,0,0,0,0,0,0,0,0.000000,0.000000,0.000000,clear-ocean,30.000000,60.000000,0.151000,920,2794296,716.486154,35.121870,39,10,0,28,1,137,39,1,96,1,0,0,0,0,0,0,0,0,0,0,0,0,0,0,10,19,69,9,19,68,20.007789,20.275463,41.322831,10.000000,0.000000,1.449275,0,0,0,6424.869103,9.429718,63.933333,6167.906051,177.602069,54.291601,5675.982202,0.000000,0.000000,5907.875872,6424.869103,516.993231,2.764291,0.845023,88.343935,0.000000,8.046751,16.371038,13.144189,3.628180,0.951471,7,0.000000,0,0,0,98.979592,5.483976,97.959184,35.158921,6688.000000,3802.628349,0.000000,366.384420
2100.000000,pure-acoustic,none,hardware,1,0,0,1,priority,0.000500,180,15,hybrid,0.050000,4000.000000,6.087000,52.000000,500.000000,500.000000,2.000000,120.000000,0.000000,102,71,102,0,100,10,20,70,0,0,0,0,0,0,0,0,0.000000,0.000000,0.000000,clear-ocean,30.000000,60.000000,0.151000,958,2893806,742.001538,35.333407,44,13,0,31,0,143,41,1,100,1,0,0,0,0,0,0,0,0,0,0,0,0,0,0,10,21,71,10,20,70,20.707158,19.983777,40.778903,0.000000,4.761905,1.408451,0,0,0,6651.863128,10.237436,67.448051,6385.177641,184.870316,55.469028,5876.114348,0.000000,0.000000,6116.453692,6651.863128,535.409436,2.779226,0.833887,88.337872,0.000000,8.049015,15.995994,13.173448,3.648673,0.938571,7,0.000000,0,1,0,100.000000,6.261760,98.039216,34.612703,6688.609524,3888.735065,0.000000,293.548012
2160.000000,pure-acoustic,none,hardware,1,0,0,1,priority,0.000500,180,15,hybrid,0.050000,4000.000000,6.087000,52.000000,500.000000,500.000000,2.000000,120.000000,0.000000,108,73,108,0,107,11,24,72,0,0,0,0,0,0,0,0,0.000000,0.000000,0.000000,clear-ocean,30.000000,60.000000,0.151000,1004,2995308,768.027692,35.556838,48,13,0,35,0,152,43,1,107,1,0,0,0,0,0,0,0,0,0,0,0,0,0,0,11,24,73,11,24,72,20.256477,19.946200,40.947163,0.000000,0.000000,1.369863,0,0,0,6883.463051,11.502974,75.110846,6602.449231,192.852153,58.284609,6078.219417,0.000000,0.000000,6329.356179,6883.463051,554.106872,2.801673,0.846734,88.301766,0.000000,8.049827,16.339452,12.225073,3.668027,0.973148,7,0.000000,0,0,0,100.000000,5.639347,99.074074,34.109587,6692.029630,3974.841781,0.000000,216.582421
2220.000000,pure-acoustic,none,hardware,1,0,0,1,priority,0.000500,180,15,hybrid,0.050000,4000.000000,6.087000,52.000000,500.000000,500.000000,2.000000,120.000000,0.000000,112,75,112,0,111,11,26,74,0,0,0,0,0,0,0,0,0.000000,0.000000,0.000000,clear-ocean,30.000000,60.000000,0.151000,1049,3109353,797.270000,35.913063,51,14,0,37,0,158,45,1,111,1,0,0,0,0,0,0,0,0,0,0,0,0,0,0,11,26,75,11,26,74,20.256477,19.538239,41.232303,0.000000,0.000000,1.333333,0,0,0,7142.649564,11.502974,83.516231,6847.830359,199.690734,63.461421,6305.237717,0.000000,0.000000,6568.389872,7142.649564,574.259692,2.795752,0.888486,88.275893,0.000000,8.039869,16.339452,12.547511,3.701530,0.958559,7,0.000000,0,0,0,100.000000,5.755668,99.107143,34.072125,6693.189189,4060.948497,0.000000,142.785454
2280.000000,pure-acoustic,none,hardware,1,0,0,1,priority,0.000500,180,15,hybrid,0.050000,4000.000000,6.087000,52.000000,500.000000,500.000000,2.000000,120.000000,0.000000,116,77,116,0,116,11,28,77,0,0,0,0,0,0,0,0,0.000000,0.000000,0.000000,clear-ocean,30.000000,60.000000,0.151000,1085,3212877,823.814615,36.132220,53,14,0,39,0,164,47,1,116,0,0,0,0,0,0,0,0,0,0,0,0,0,0,0,11,28,77,11,28,77,20.256477,18.707822,40.718101,0.000000,0.000000,0.000000,0,0,0,7381.269769,11.502974,88.301359,7076.265436,205.630699,65.957617,6514.292120,0.000000,0.000000,6785.880436,7381.269769,595.389333,2.785845,0.893581,88.254356,0.000000,8.066218,16.339452,12.318828,3.675982,0.948684,7,0.000000,0,0,0,100.000000,5.505187,100.000000,33.464948,6782.007018,4147.055213,0.000000,79.154475
2340.000000,pure-acoustic,none,hardware,1,0,0,1,priority,0.000500,180,15,hybrid,0.050000,4000.000000,6.087000,52.000000,500.000000,500.000000,2.000000,120.000000,0.000000,120,78,120,0,120,12,30,78,0,0,0,0,0,0,0,0,0.000000,0.000000,0.000000,clear-ocean,30.000000,60.000000,0.151000,1102,3240174,830.813846,35.504865,56,14,0,42,0,168,47,1,120,0,0,0,0,0,0,0,0,0,0,0,0,0,0,0,12,30,78,12,30,78,18.683003,17.534143,40.309788,0.000000,0.000000,0.000000,0,0,0,7447.654821,12.490564,91.204872,7133.359385,211.751100,67.135044,6567.917600,0.000000,0.000000,6846.803744,7447.654821,600.851077,2.843192,0.901425,88.187728,0.000000,8.067655,16.263755,11.875634,3.658133,0.926068,7,0.000000,0,0,0,100.000000,5.140616,100.000000,32.453198,6695.548718,4233.161930,0.000000,31.722915
2400.000000,pure-acoustic,none,hardware,1,0,0,1,priority,0.000500,180,15,hybrid,0.050000,4000.000000,6.087000,52.000000,500.000000,500.000000,2.000000,120.000000,0.000000,121,78,121,0,121,13,30,78,0,0,0,0,0,0,0,0,0.000000,0.000000,0.000000,clear-ocean,30.000000,60.000000,0.151000,1104,3240384,830.867692,34.619487,57,14,0,43,0,169,47,1,121,0,0,0,0,0,0,0,0,0,0,0,0,0,0,0,13,30,78,13,30,78,17.290339,17.534143,40.309788,0.000000,0.000000,0.000000,0,0,0,7453.523308,12.959051,91.204872,7133.359385,216.038629,68.190625,6568.388618,0.000000,0.000000,6852.617872,7453.523308,600.905436,2.898477,0.914878,88.124614,0.000000,8.062032,15.575783,11.875634,3.658133,0.903333,7,0.000000,0,0,0,100.000000,5.024084,100.000000,32.189770,6528.373333,4319.268646,0.000000,4.988194
2460.000000,pure-acoustic,none,hardware,1,0,0,1,priority,0.000500,180,15,hybrid,0.050000,4000.000000,6.087000,52.000000,500.000000,500.000000,2.000000,120.000000,0.000000,125,81,125,0,122,13,30,79,0,0,0,0,0,0,0,0,0.000000,0.000000,0.000000,clear-ocean,30.000000,60.000000,0.151000,1134,3342126,856.955385,34.835585,58,14,0,44,0,173,49,1,122,1,0,0,0,0,0,0,0,0,0,0,0,0,0,0,13,31,81,13,30,79,17.290339,17.534143,39.911072,0.000000,3.225806,2.469136,0,0,0,7684.982359,12.959051,92.390897,7358.232410,220.596927,69.955745,6776.137584,0.000000,0.000000,7066.690256,7684.982359,618.292103,2.870494,0.910292,88.173756,0.000000,8.045459,15.575783,12.030065,3.725687,0.902033,7,0.000000,0,2,0,100.000000,4.924516,97.600000,31.998143,6450.445528,4405.375362,-0.000000,1.485272
2520.000000,pure-acoustic,none,hardware,1,0,0,1,priority,0.000500,180,15,hybrid,0.050000,4000.000000,6.087000,52.000000,500.000000,500.000000,2.000000,120.000000,0.000000,130,83,130,0,130,14,33,83,0,0,0,0,0,0,0,0,0.000000,0.000000,0.000000,clear-ocean,30.000000,60.000000,0.151000,1182,3448446,884.216923,35.087973,63,16,0,47,0,181,50,1,130,0,0,0,0,0,0,0,0,0,0,0,0,0,0,0,14,33,83,14,33,83,16.153528,17.894673,39.792423,0.000000,0.000000,0.000000,0,0,0,7929.899462,13.952667,101.689974,7587.456821,228.485482,74.957787,6986.100295,0.000000,0.000000,7289.543564,7929.899462,640.355897,2.881316,0.945255,88.098220,0.000000,8.075208,15.572173,12.037166,3.656606,0.899603,7,0.000000,0,0,0,100.000000,5.245718,100.000000,31.688036,6616.965079,4491.482078,-0.000000,21.546295
2580.000000,pure-acoustic,none,hardware,1,0,0,1,priority,0.000500,180,15,hybrid,0.050000,4000.000000,6.087000,52.000000,500.000000,500.000000,2.000000,120.000000,0.000000,134,85,132,0,131,14,33,84,0,0,0,0,0,0,0,0,0.000000,0.000000,0.000000,clear-ocean,30.000000,60.000000,0.151000,1205,3501693,897.870000,34.801163,65,16,0,47,2,183,50,1,131,1,0,0,0,0,0,0,0,0,0,0,0,0,0,0,14,35,85,14,33,84,16.153528,17.894673,39.419807,0.000000,5.714286,1.176471,0,0,0,8053.179487,13.952667,106.266821,7700.760000,235.858191,77.332137,7090.074902,0.000000,0.000000,7403.265231,8053.179487,649.914256,2.928759,0.960268,88.040691,0.000000,8.070282,15.572173,12.578932,3.667029,0.879457,7,0.000000,0,0,0,98.507463,5.245718,97.761194,31.510973,6540.601550,4577.588794,-0.000000,63.269094
2640.000000,pure-acoustic,none,hardware,1,0,0,1,priority,0.000500,180,15,hybrid,0.050000,4000.000000,6.087000,52.000000,500.000000,500.000000,2.000000,120.000000,0.000000,135,85,135,0,135,14,36,85,0,0,0,0,0,0,0,0,0.000000,0.000000,0.000000,clear-ocean,30.000000,60.000000,0.151000,1231,3532623,905.800769,34.310635,69,19,0,50,0,187,51,1,135,0,0,0,0,0,0,0,0,0,0,0,0,0,0,0,14,36,85,14,36,85,16.153528,18.024341,39.285255,0.000000,0.000000,0.000000,0,0,0,8126.359487,13.952667,116.952872,7757.853949,245.517746,81.229565,7144.196792,0.000000,0.000000,7470.944103,8126.359487,655.415385,3.021251,0.999581,87.913866,0.000000,8.065301,15.572173,12.690199,3.650755,0.865152,7,0.000000,0,0,0,100.000000,5.798241,100.000000,31.216832,6470.036364,4663.695510,-0.000000,122.697550
2700.000000,pure-acoustic,none,hardware,1,0,0,1,priority,0.000500,180,15,hybrid,0.050000,4000.000000,6.087000,52.000000,500.000000,500.000000,2.000000,120.000000,0.000000,137,86,137,0,137,15,36,86,0,0,0,0,0,0,0,0,0.000000,0.000000,0.000000,clear-ocean,30.000000,60.000000,0.151000,1243,3558435,912.419231,33.793305,70,19,0,51,0,189,51,1,137,0,0,0,0,0,0,0,0,0,0,0,0,0,0,0,15,36,86,15,36,86,15.144832,18.024341,38.925863,0.000000,0.000000,0.000000,0,0,0,8189.841026,14.940256,116.952872,7814.947897,250.314121,82.285146,7196.552118,0.000000,0.000000,7529.151385,8189.841026,660.689641,3.056398,1.004722,87.871695,0.000000,8.067185,15.562767,12.690199,3.634859,0.846667,7,0.000000,0,0,0,100.000000,5.694726,100.000000,30.829730,6400.521481,4749.802227,-0.000000,194.196710
2760.000000,pure-acoustic,none,hardware,1,0,0,1,priority,0.000500,180,15,hybrid,0.050000,4000.000000,6.087000,52.000000,500.000000,500.000000,2.000000,120.000000,0.000000,140,86,140,0,140,15,39,86,0,0,0,0,0,0,0,0,0.000000,0.000000,0.000000,clear-ocean,30.000000,60.000000,0.151000,1252,3561108,913.104615,33.083501,73,19,0,54,0,192,51,1,140,0,0,0,0,0,0,0,0,0,0,0,0,0,0,0,15,39,86,15,39,86,15.144832,16.753043,38.925863,0.000000,0.000000,0.000000,0,0,0,8200.315949,14.940256,122.027795,7814.947897,257.155984,83.501957,7198.687136,0.000000,0.000000,7539.345077,8200.315949,660.970872,3.135928,1.018277,87.785485,0.000000,8.060310,15.562767,12.222335,3.634859,0.829348,7,0.000000,0,0,0,100.000000,5.403709,100.000000,30.201181,6263.605797,4835.908943,-0.000000,270.987089
2820.000000,pure-acoustic,none,hardware,1,0,0,1,priority,0.000500,180,15,hybrid,0.050000,4000.000000,6.087000,52.000000,500.000000,500.000000,2.000000,120.000000,0.000000,143,87,143,0,143,15,41,87,0,0,0,0,0,0,0,0,0.000000,0.000000,0.000000,clear-ocean,30.000000,60.000000,0.151000,1266,3588474,920.121538,32.628423,75,19,0,56,0,195,51,1,143,0,0,0,0,0,0,0,0,0,0,0,0,0,0,0,15,41,87,15,41,87,15.144832,16.007880,38.574452,0.000000,0.000000,0.000000,0,0,0,8266.672949,14.940256,125.890846,7872.041846,263.575718,84.657846,7252.061128,0.000000,0.000000,7600.294692,8266.672949,666.378256,3.188414,1.024086,87.726479,0.000000,8.061021,15.562767,11.994174,3.619330,0.812766,7,0.000000,0,0,0,100.000000,5.231095,100.000000,29.646663,6202.712057,4922.015659,-0.000000,345.787490
2880.000000,pure-acoustic,none,hardware,1,0,0,1,priority,0.000500,180,15,hybrid,0.050000,4000.000000,6.087000,52.000000,500.000000,500.000000,2.000000,120.000000,0.000000,144,87,144,0,144,16,41,87,0,0,0,0,0,0,0,0,0.000000,0.000000,0.000000,clear-ocean,30.000000,60.000000,0.151000,1271,3588999,920.256154,31.953339,76,19,0,57,0,196,51,1,144,0,0,0,0,0,0,0,0,0,0,0,0,0,0,0,16,41,87,16,41,87,14.291131,16.007880,38.574452,0.000000,0.000000,0.000000,0,0,0,8273.060538,15.927846,125.890846,7872.041846,268.372093,85.713427,7252.542403,0.000000,0.000000,7606.627923,8273.060538,666.432615,3.243928,1.036055,87.664563,0.000000,8.055454,15.554537,11.994174,3.619330,0.796181,7,0.000000,0,0,0,100.000000,5.148426,100.000000,29.451101,6073.666667,5008.122375,-0.000000,411.505408
2940.000000,pure-acoustic,none,hardware,1,0,0,1,priority,0.000500,180,15,hybrid,0.050000,4000.000000,6.087000,52.000000,500.000000,500.000000,2.000000,120.000000,0.000000,151,91,151,0,148,17,43,88,0,0,0,0,0,0,0,0,0.000000,0.000000,0.000000,clear-ocean,30.000000,60.000000,0.151000,1299,3662355,939.065385,31.940999,79,19,0,60,0,202,52,1,148,1,0,0,0,0,0,0,0,0,0,0,0,0,0,0,17,43,91,17,43,88,13.519785,15.340484,38.232307,0.000000,0.000000,3.296703,0,0,0,8439.913103,16.565949,129.274128,8029.473026,274.633033,86.890854,7400.459164,0.000000,0.000000,7761.983051,8439.913103,677.930051,3.253979,1.029523,87.684068,0.000000,8.032429,15.226056,11.743653,3.649760,0.785374,7,0.000000,0,2,0,100.000000,4.910543,98.013245,28.742704,6019.308844,5094.229091,-0.000000,461.909527
3000.000000,pure-acoustic,none,hardware,1,0,0,1,priority,0.000500,180,15,hybrid,0.050000,4000.000000,6.087000,52.000000,500.000000,500.000000,2.000000,120.000000,0.000000,154,91,153,0,151,18,43,90,0,0,0,0,0,0,0,0,0.000000,0.000000,0.000000,clear-ocean,30.000000,60.000000,0.151000,1341,3770517,966.799231,32.226641,82,19,0,62,1,207,54,1,151,1,0,0,0,0,0,0,0,0,0,0,0,0,0,0,18,45,91,18,43,90,13.436176,15.340484,38.368160,0.000000,4.444444,1.098901,0,0,0,8688.732205,17.831487,132.740103,8268.160615,280.750152,90.254743,7617.984951,0.000000,0.000000,7988.989846,8688.732205,699.742359,3.231198,1.038756,87.676600,0.000000,8.053446,15.478722,12.058512,3.674738,0.795333,7,0.000000,0,1,0,99.350649,4.782676,98.051948,28.838585,6032.426667,5180.335807,-0.000000,492.220574
3060.000000,pure-acoustic,none,hardware,1,0,0,1,priority,0.000500,180,15,hybrid,0.050000,4000.000000,6.087000,52.000000,500.000000,500.000000,2.000000,120.000000,0.000000,156,92,156,0,156,18,46,92,0,0,0,0,0,0,0,0,0.000000,0.000000,0.000000,clear-ocean,30.000000,60.000000,0.151000,1362,3823170,980.300000,32.035948,83,19,0,64,0,212,55,1,156,0,0,0,0,0,0,0,0,0,0,0,0,0,0,0,18,46,92,18,46,92,13.436176,15.492527,38.504955,0.000000,0.000000,0.000000,0,0,0,8813.144282,17.831487,137.564282,8382.348513,285.311732,93.421093,7723.948072,0.000000,0.000000,8102.680897,8813.144282,710.463385,3.237343,1.060020,87.641230,0.000000,8.061406,15.478722,11.681749,3.644499,0.793464,7,0.000000,0,0,0,100.000000,4.669844,100.000000,28.826688,6046.870588,5266.442523,0.000000,499.564484
3120.000000,pure-acoustic,none,hardware,1,0,0,1,priority,0.000500,180,15,hybrid,0.050000,4000.000000,6.087000,52.000000,500.000000,500.000000,2.000000,120.000000,0.000000,158,94,158,0,156,18,46,92,0,0,0,0,0,0,0,0,0.000000,0.000000,0.000000,clear-ocean,30.000000,60.000000,0.151000,1365,3835581,983.482308,31.521869,83,19,0,64,0,213,55,1,156,1,0,0,0,0,0,0,0,0,0,0,0,0,0,0,18,46,94,18,46,92,13.436176,15.492527,38.504955,0.000000,0.000000,2.127660,0,0,0,8844.851359,17.831487,137.564282,8408.655590,289.447902,94.455136,7749.636321,0.000000,0.000000,8133.539359,8844.851359,711.312000,3.272502,1.067911,87.617485,0.000000,8.042102,15.478722,11.681749,3.655937,0.778526,7,0.000000,0,1,0,100.000000,4.669844,98.734177,28.826688,5930.584615,5352.549240,0.000000,483.244912
3180.000000,pure-acoustic,none,hardware,1,0,0,1,priority,0.000500,180,15,hybrid,0.050000,4000.000000,6.087000,52.000000,500.000000,500.000000,2.000000,120.000000,0.000000,164,97,162,0,159,18,47,94,0,0,0,0,0,0,0,0,0.000000,0.000000,0.000000,clear-ocean,30.000000,60.000000,0.151000,1413,3954357,1013.937692,31.884833,89,22,0,65,2,218,57,1,159,1,0,0,0,0,0,0,0,0,0,0,0,0,0,0,18,49,97,18,47,94,13.436176,15.979417,38.755780,0.000000,4.081633,3.092784,0,0,0,9114.489154,17.831487,145.388949,8665.068718,299.938585,96.220255,7984.413390,0.000000,0.000000,8380.572231,9114.489154,733.916923,3.290789,1.055685,87.601326,0.000000,8.052200,15.478722,12.083523,3.687263,0.820755,7,0.000000,0,2,0,98.780488,4.607894,96.951220,29.156774,5945.116981,5438.655956,0.000000,444.809266
3240.000000,pure-acoustic,none,hardware,1,0,0,1,priority,0.000500,180,15,hybrid,0.050000,4000.000000,6.087000,52.000000,500.000000,500.000000,2.000000,120.000000,0.000000,167,99,166,0,165,18,49,98,0,0,0,0,0,0,0,0,0.000000,0.000000,0.000000,clear-ocean,30.000000,60.000000,0.151000,1450,4058178,1040.558462,32.116002,92,24,1,67,0,224,58,1,165,0,0,0,0,0,0,0,0,0,0,0,0,0,0,0,18,50,99,18,49,98,13.436176,16.195399,38.807521,0.000000,2.000000,1.010101,0,0,0,9353.122000,17.831487,150.150615,8893.539897,307.256935,97.376144,8193.409536,0.000000,0.000000,8598.042615,9353.122000,755.079385,3.285074,1.041108,87.600798,0.000000,8.073020,15.478722,11.969915,3.630016,0.814815,7,0.000000,0,1,0,99.401198,4.877026,98.802395,29.324623,6083.200000,5524.762672,0.000000,387.901981
3300.000000,pure-acoustic,none,hardware,1,0,0,1,priority,0.000500,180,15,hybrid,0.050000,4000.000000,6.087000,52.000000,500.000000,500.000000,2.000000,120.000000,0.000000,169,99,168,0,168,19,50,99,0,0,0,0,0,0,0,0,0.000000,0.000000,0.000000,clear-ocean,30.000000,60.000000,0.151000,1477,4112037,1054.368462,31.950559,95,25,1,69,0,229,60,1,168,0,0,0,0,0,0,0,0,0,0,0,0,0,0,0,19,51,99,19,50,99,12.807929,16.434868,38.711276,0.000000,1.960784,0.000000,0,0,0,9477.669667,18.547154,155.279436,9006.843077,315.264054,98.729571,8298.890195,0.000000,0.000000,8712.883821,9477.669667,764.785846,3.326388,1.041707,87.562560,0.000000,8.069345,15.252594,12.131206,3.639129,0.800909,7,0.000000,0,0,0,99.408284,4.947515,99.408284,29.151848,6033.978182,5610.869388,0.000000,317.918952
3360.000000,pure-acoustic,none,hardware,1,0,0,1,priority,0.000500,180,15,hybrid,0.050000,4000.000000,6.087000,52.000000,500.000000,500.000000,2.000000,120.000000,0.000000,172,101,171,0,170,19,51,100,0,0,0,0,0,0,0,0,0.000000,0.000000,0.000000,clear-ocean,30.000000,60.000000,0.151000,1503,4193223,1075.185385,31.999565,96,25,1,70,0,234,62,1,170,1,0,0,0,0,0,0,0,0,0,0,0,0,0,0,19,52,101,19,51,100,12.807929,16.147097,38.812131,0.000000,1.923077,0.990099,0,0,0,9663.440282,18.547154,157.651487,9184.841641,320.302122,100.494691,8463.867059,0.000000,0.000000,8884.663872,9663.440282,778.776410,3.314577,1.039947,87.586479,0.000000,8.058997,15.252594,12.075022,3.673937,0.787798,7,0.000000,0,0,0,99.418605,4.889283,98.837209,29.106269,5986.361905,5696.976104,0.000000,241.495910
3420.000000,pure-acoustic,none,hardware,1,0,0,1,priority,0.000500,180,15,hybrid,0.050000,4000.000000,6.087000,52.000000,500.000000,500.000000,2.000000,120.000000,0.000000,176,102,175,0,175,19,54,102,0,0,0,0,0,0,0,0,0.000000,0.000000,0.000000,clear-ocean,30.000000,60.000000,0.151000,1541,4270293,1094.946923,32.015992,100,26,1,73,0,239,63,1,175,0,0,0,0,0,0,0,0,0,0,0,0,0,0,0,19,55,102,19,54,102,12.807929,15.757877,38.402167,0.000000,1.818182,0.000000,0,0,0,9841.760103,18.547154,168.660333,9346.752615,327.562830,107.072733,8613.288642,0.000000,0.000000,9047.924205,9841.760103,793.835897,3.328295,1.087943,87.517767,0.000000,8.065995,15.252594,12.200545,3.665393,0.777485,7,0.000000,0,0,0,99.431818,4.910487,99.431818,28.635983,6000.093567,5783.082820,0.000000,165.879217
3480.000000,pure-acoustic,none,hardware,1,0,0,1,priority,0.000500,180,15,hybrid,0.050000,4000.000000,6.087000,52.000000,500.000000,500.000000,2.000000,120.000000,0.000000,177,103,176,0,175,19,54,102,0,0,0,0,0,0,0,0,0.000000,0.000000,0.000000,clear-ocean,30.000000,60.000000,0.151000,1548,4295580,1101.430769,31.650309,100,26,1,73,0,240,63,1,175,1,0,0,0,0,0,0,0,0,0,0,0,0,0,0,19,55,103,19,54,102,12.807929,15.757877,38.402167,0.000000,1.818182,0.970874,0,0,0,9902.425333,18.547154,168.660333,9402.017846,331.699001,108.106776,8665.389198,0.000000,0.000000,9105.194974,9902.425333,797.230359,3.349674,1.091720,87.507746,0.000000,8.050860,15.252594,12.200545,3.687066,0.764368,7,0.000000,0,0,0,99.435028,4.910487,98.870056,28.635983,5896.643678,5869.189536,0.000000,98.238782
3540.000000,pure-acoustic,none,hardware,1,0,0,1,priority,0.000500,180,15,hybrid,0.050000,4000.000000,6.087000,52.000000,500.000000,500.000000,2.000000,120.000000,0.000000,178,104,177,0,176,19,54,103,0,0,0,0,0,0,0,0,0.000000,0.000000,0.000000,clear-ocean,30.000000,60.000000,0.151000,1555,4320867,1107.914615,31.297023,100,26,1,73,0,241,64,1,176,0,0,0,0,0,0,0,0,0,0,0,0,0,0,0,19,55,104,19,54,103,12.807929,15.757877,38.295347,0.000000,1.818182,0.961538,0,0,0,9965.863282,18.547154,168.660333,9460.055795,335.835171,109.140818,8717.493037,0.000000,0.000000,9162.469026,9965.863282,803.394256,3.369855,1.095147,87.473536,0.000000,8.061462,15.252594,12.200545,3.673808,0.751412,7,0.000000,0,1,0,99.438202,4.910487,98.876404,28.628959,5853.197740,5955.296253,0.000000,44.988210
3600.000000,pure-acoustic,none,hardware,1,0,0,1,priority,0.000500,180,15,hybrid,0.050000,4000.000000,6.087000,52.000000,500.000000,500.000000,2.000000,120.000000,0.000000,185,108,183,0,180,20,55,105,0,0,0,0,0,0,0,0,0.000000,0.000000,0.000000,clear-ocean,30.000000,60.000000,0.151000,1595,4432491,1136.536154,31.570449,103,26,1,75,1,248,66,1,180,1,0,0,0,0,0,0,0,0,0,0,0,0,0,0,20,57,108,20,55,105,14.154569,16.253603,38.133043,0.000000,3.508772,2.777778,0,0,0,10218.729949,19.354872,171.740615,9703.634462,342.742213,110.257322,8943.071337,0.000000,0.000000,9396.070872,10218.729949,822.659077,3.354059,1.078973,87.516466,0.000000,8.050502,15.120994,12.197487,3.696623,0.785278,7,0.000000,0,2,0,98.918919,4.796901,97.297297,28.783384,5867.466667,6041.402969,0.000000,11.176673
3660.000000,pure-acoustic,none,hardware,1,0,0,1,priority,0.000500,180,15,hybrid,0.050000,4000.000000,6.087000,52.000000,500.000000,500.000000,2.000000,120.000000,0.000000,187,109,186,0,184,21,56,107,0,0,0,0,0,0,0,0,0.000000,0.000000,0.000000,clear-ocean,30.000000,60.000000,0.151000,1631,4543119,1164.902308,31.827932,106,28,1,77,0,254,68,1,184,1,0,0,0,0,0,0,0,0,0,0,0,0,0,0,21,57,109,21,56,107,15.354403,17.023749,39.085420,0.000000,1.754386,1.834862,0,0,0,10471.674667,19.992974,173.371333,9948.910359,348.040332,111.373827,9168.639380,0.000000,0.000000,9628.053538,10471.674667,843.621128,3.323636,1.063572,87.556572,0.000000,8.056220,14.875725,12.093424,3.719219,0.832787,7,0.000000,0,1,0,99.465241,5.018246,98.395722,29.662567,5881.267760,6127.509685,-0.000000,0.010149
3720.000000,pure-acoustic,none,hardware,1,0,0,1,priority,0.000500,180,15,hybrid,0.050000,4000.000000,6.087000,52.000000,500.000000,500.000000,2.000000,120.000000,0.000000,189,111,188,0,187,21,56,110,0,0,0,0,0,0,0,0,0.000000,0.000000,0.000000,clear-ocean,30.000000,60.000000,0.151000,1662,4653006,1193.078462,32.072002,106,28,1,77,0,258,69,1,187,1,0,0,0,0,0,0,0,0,0,0,0,0,0,0,21,57,111,21,56,110,15.354403,17.023749,39.428069,0.000000,1.754386,0.900901,0,0,0,10724.284513,19.992974,173.371333,10196.120205,352.176502,112.407869,9394.288244,0.000000,0.000000,9858.872615,10724.284513,865.411897,3.283916,1.048162,87.598275,0.000000,8.069647,14.875725,12.093424,3.707680,0.821774,7,0.000000,0,0,0,99.470899,5.018246,98.941799,30.015294,5947.698925,6213.616401,-0.000000,12.547440
3780.000000,pure-acoustic,none,hardware,1,0,0,1,priority,0.000500,180,15,hybrid,0.050000,4000.000000,6.087000,52.000000,500.000000,500.000000,2.000000,120.000000,0.000000,193,114,192,0,191,21,57,113,0,0,0,0,0,0,0,0,0.000000,0.000000,0.000000,clear-ocean,30.000000,60.000000,0.151000,1694,4755174,1219.275385,32.255963,107,28,1,78,0,263,70,1,191,1,0,0,0,0,0,0,0,0,0,0,0,0,0,0,21,58,114,21,57,113,15.354403,16.767594,38.901501,0.000000,1.724138,0.877193,0,0,0,10958.170590,19.992974,176.264179,10421.713436,357.694339,114.172989,9601.743468,0.000000,0.000000,10073.610795,10958.170590,884.559795,3.264179,1.041898,87.621774,0.000000,8.072148,14.875725,12.079508,3.689102,0.814021,7,0.000000,0,0,0,99.481865,4.968006,98.963731,29.707146,6012.562963,6299.723117,-0.000000,47.599769
3840.000000,pure-acoustic,none,hardware,1,0,0,1,priority,0.000500,180,15,hybrid,0.050000,4000.000000,6.087000,52.000000,500.000000,500.000000,2.000000,120.000000,0.000000,196,115,195,0,195,22,58,115,0,0,0,0,0,0,0,0,0.000000,0.000000,0.000000,clear-ocean,30.000000,60.000000,0.151000,1711,4782639,1226.317692,31.935357,109,28,1,80,0,266,70,1,195,0,0,0,0,0,0,0,0,0,0,0,0,0,0,0,22,59,115,22,58,115,14.759672,16.506780,38.411121,0.000000,1.694915,0.000000,0,0,0,11027.213795,21.156205,178.867641,10481.589949,362.573612,117.103646,9655.783306,0.000000,0.000000,10135.460564,11027.213795,891.753231,3.287989,1.061951,87.563218,0.000000,8.086841,15.025714,12.046581,3.645770,0.802083,7,0.000000,0,0,0,99.489796,4.868184,99.489796,29.227615,6023.450000,6385.829833,-0.000000,101.843508
3900.000000,pure-acoustic,none,hardware,1,0,0,1,priority,0.000500,180,15,hybrid,0.050000,4000.000000,6.087000,52.000000,500.000000,500.000000,2.000000,120.000000,0.000000,200,117,199,0,197,23,58,116,0,0,0,0,0,0,0,0,0.000000,0.000000,0.000000,clear-ocean,30.000000,60.000000,0.151000,1733,4834437,1239.599231,31.784596,111,28,1,82,0,269,70,1,197,1,0,0,0,0,0,0,0,0,0,0,0,0,0,0,23,60,117,23,58,116,14.177042,16.506780,38.156380,0.000000,3.333333,0.854701,0,0,0,11147.519923,22.421744,180.053667,10594.044513,367.792115,119.127227,9760.083247,0.000000,0.000000,10247.002590,11147.519923,900.517333,3.299318,1.068643,87.553853,0.000000,8.078185,15.232163,12.126459,3.653119,0.793333,7,0.000000,0,1,0,99.500000,4.767478,98.500000,28.982768,5982.194872,6471.936549,-0.000000,170.135312
3960.000000,pure-acoustic,none,hardware,1,0,0,1,priority,0.000500,180,15,hybrid,0.050000,4000.000000,6.087000,52.000000,500.000000,500.000000,2.000000,120.000000,0.000000,205,119,203,0,200,23,59,118,0,0,0,0,0,0,0,0,0.000000,0.000000,0.000000,clear-ocean,30.000000,60.000000,0.151000,1768,4937472,1266.018462,31.970163,115,29,1,84,1,274,73,1,200,0,0,0,0,0,0,0,0,0,0,0,0,0,0,0,24,62,119,23,59,118,14.177042,16.856865,38.255694,4.166667,4.838710,0.840336,0,0,0,11381.786846,22.617205,183.062769,10819.706872,374.299003,120.243732,9968.460316,0.000000,0.000000,10463.003051,11381.786846,918.783795,3.288579,1.056457,87.582560,0.000000,8.072404,15.364949,12.120152,3.667697,0.806566,7,0.000000,0,3,0,99.024390,4.658228,97.560976,29.173995,5993.082828,6558.043266,-0.000000,245.999815
4020.000000,pure-acoustic,none,hardware,1,0,0,1,priority,0.000500,180,15,hybrid,0.050000,4000.000000,6.087000,52.000000,500.000000,500.000000,2.000000,120.000000,0.000000,208,121,206,0,206,24,61,121,0,0,0,0,0,0,0,0,0.000000,0.000000,0.000000,clear-ocean,30.000000,60.000000,0.151000,1800,5016408,1286.258462,31.996479,118,31,2,85,0,280,73,1,206,0,0,0,0,0,0,0,0,0,0,0,0,0,0,0,24,63,121,24,61,121,14.033191,16.668798,37.944528,0.000000,3.174603,0.000000,0,0,0,11563.906641,22.890231,188.227692,10990.988718,382.093840,121.338697,10125.788770,0.000000,0.000000,10629.221308,11563.906641,934.685333,3.304193,1.049288,87.563737,0.000000,8.082782,14.902494,12.053515,3.633385,0.801244,7,0.000000,0,0,0,99.038462,4.614164,99.038462,28.858646,6054.033831,6644.149982,-0.000000,322.243612
4080.000000,pure-acoustic,none,hardware,1,0,0,1,priority,0.000500,180,15,hybrid,0.050000,4000.000000,6.087000,52.000000,500.000000,500.000000,2.000000,120.000000,0.000000,208,121,206,0,206,24,61,121,0,0,0,0,0,0,0,0,0.000000,0.000000,0.000000,clear-ocean,30.000000,60.000000,0.151000,1800,5016408,1286.258462,31.525943,118,31,2,85,0,280,73,1,206,0,0,0,0,0,0,0,0,0,0,0,0,0,0,0,24,63,121,24,61,121,14.033191,16.668798,37.944528,0.000000,3.174603,0.000000,0,0,0,11569.306641,22.890231,188.227692,10990.988718,386.230010,122.372740,10126.018558,0.000000,0.000000,10634.621308,11569.306641,934.685333,3.338402,1.057736,87.524852,0.000000,8.079009,14.902494,12.053515,3.633385,0.789461,7,0.000000,0,0,0,99.038462,4.614164,99.038462,28.858646,5965.003922,6730.256698,-0.000000,391.637334
4140.000000,pure-acoustic,none,hardware,1,0,0,1,priority,0.000500,180,15,hybrid,0.050000,4000.000000,6.087000,52.000000,500.000000,500.000000,2.000000,120.000000,0.000000,208,121,206,0,206,24,61,121,0,0,0,0,0,0,0,0,0.000000,0.000000,0.000000,clear-ocean,30.000000,60.000000,0.151000,1800,5016408,1286.258462,31.069045,118,31,2,85,0,280,73,1,206,0,0,0,0,0,0,0,0,0,0,0,0,0,0,0,24,63,121,24,61,121,14.033191,16.668798,37.944528,0.000000,3.174603,0.000000,0,0,0,11574.706641,22.890231,188.227692,10990.988718,390.366181,123.406782,10126.248345,0.000000,0.000000,10640.021308,11574.706641,934.685333,3.372579,1.066176,87.486004,0.000000,8.075240,14.902494,12.053515,3.633385,0.778019,7,0.000000,0,0,0,99.038462,4.614164,99.038462,28.858646,5878.554589,6816.363414,-0.000000,447.601131
4200.000000,pure-acoustic,none,hardware,1,0,0,1,priority,0.000500,180,15,hybrid,0.050000,4000.000000,6.087000,52.000000,500.000000,500.000000,2.000000,120.000000,0.000000,208,121,206,0,206,24,61,121,0,0,0,0,0,0,0,0,0.000000,0.000000,0.000000,clear-ocean,30.000000,60.000000,0.151000,1800,5016408,1286.258462,30.625201,118,31,2,85,0,280,73,1,206,0,0,0,0,0,0,0,0,0,0,0,0,0,0,0,24,63,121,24,61,121,14.033191,16.668798,37.944528,0.000000,3.174603,0.000000,0,0,0,11580.106641,22.890231,188.227692,10990.988718,394.502351,124.440825,10126.478132,0.000000,0.000000,10645.421308,11580.106641,934.685333,3.406725,1.074609,87.447192,0.000000,8.071474,14.902494,12.053515,3.633385,0.766905,7,0.000000,0,0,0,99.038462,4.614164,99.038462,28.858646,5794.575238,6902.470130,-0.000000,484.828565
4260.000000,pure-acoustic,none,hardware,1,0,0,1,priority,0.000500,180,15,hybrid,0.050000,4000.000000,6.087000,52.000000,500.000000,500.000000,2.000000,120.000000,0.000000,208,121,206,0,206,24,61,121,0,0,0,0,0,0,0,0,0.000000,0.000000,0.000000,clear-ocean,30.000000,60.000000,0.151000,1800,5016408,1286.258462,30.193861,118,31,2,85,0,280,73,1,206,0,0,0,0,0,0,0,0,0,0,0,0,0,0,0,24,63,121,24,61,121,14.033191,16.668798,37.944528,0.000000,3.174603,0.000000,0,0,0,11585.506641,22.890231,188.227692,10990.988718,398.638521,125.474867,10126.707919,0.000000,0.000000,10650.821308,11585.506641,934.685333,3.440838,1.083033,87.408417,0.000000,8.067712,14.902494,12.053515,3.633385,0.756103,7,0.000000,0,0,0,99.038462,4.614164,99.038462,28.858646,5712.961502,6988.576846,-0.000000,499.789765
4320.000000,pure-acoustic,none,hardware,1,0,0,1,priority,0.000500,180,15,hybrid,0.050000,4000.000000,6.087000,52.000000,500.000000,500.000000,2.000000,120.000000,0.000000,208,121,206,0,206,24,61,121,0,0,0,0,0,0,0,0,0.000000,0.000000,0.000000,clear-ocean,30.000000,60.000000,0.151000,1800,5016408,1286.258462,29.774501,118,31,2,85,0,280,73,1,206,0,0,0,0,0,0,0,0,0,0,0,0,0,0,0,24,63,121,24,61,121,14.033191,16.668798,37.944528,0.000000,3.174603,0.000000,0,0,0,11590.906641,22.890231,188.227692,10990.988718,402.774691,126.508910,10126.937706,0.000000,0.000000,10656.221308,11590.906641,934.685333,3.474920,1.091450,87.369677,0.000000,8.063954,14.902494,12.053515,3.633385,0.745602,7,0.000000,0,0,0,99.038462,4.614164,99.038462,28.858646,5633.614815,7074.683562,0.000000,491.066123
4380.000000,pure-acoustic,none,hardware,1,0,0,1,priority,0.000500,180,15,hybrid,0.050000,4000.000000,6.087000,52.000000,500.000000,500.000000,2.000000,120.000000,0.000000,208,121,206,0,206,24,61,121,0,0,0,0,0,0,0,0,0.000000,0.000000,0.000000,clear-ocean,30.000000,60.000000,0.151000,1800,5016408,1286.258462,29.366632,118,31,2,85,0,280,73,1,206,0,0,0,0,0,0,0,0,0,0,0,0,0,0,0,24,63,121,24,61,121,14.033191,16.668798,37.944528,0.000000,3.174603,0.000000,0,0,0,11596.306641,22.890231,188.227692,10990.988718,406.910861,127.542953,10127.167494,0.000000,0.000000,10661.621308,11596.306641,934.685333,3.508969,1.099858,87.330974,0.000000,8.060198,14.902494,12.053515,3.633385,0.735388,7,0.000000,0,0,0,99.038462,4.614164,99.038462,28.858646,5556.442009,7160.790279,0.000000,459.484807
4440.000000,pure-acoustic,none,hardware,1,0,0,1,priority,0.000500,180,15,hybrid,0.050000,4000.000000,6.087000,52.000000,500.000000,500.000000,2.000000,120.000000,0.000000,208,121,206,0,206,24,61,121,0,0,0,0,0,0,0,0,0.000000,0.000000,0.000000,clear-ocean,30.000000,60.000000,0.151000,1800,5016408,1286.258462,28.969785,118,31,2,85,0,280,73,1,206,0,0,0,0,0,0,0,0,0,0,0,0,0,0,0,24,63,121,24,61,121,14.033191,16.668798,37.944528,0.000000,3.174603,0.000000,0,0,0,11601.706641,22.890231,188.227692,10990.988718,411.047032,128.576995,10127.397281,0.000000,0.000000,10667.021308,11601.706641,934.685333,3.542988,1.108259,87.292306,0.000000,8.056447,14.902494,12.053515,3.633385,0.725450,7,0.000000,0,0,0,99.038462,4.614164,99.038462,28.858646,5481.354955,7246.896995,0.000000,408.040329
4500.000000,pure-acoustic,none,hardware,1,0,0,1,priority,0.000500,180,15,hybrid,0.050000,4000.000000,6.087000,52.000000,500.000000,500.000000,2.000000,120.000000,0.000000,208,121,206,0,206,24,61,121,0,0,0,0,0,0,0,0,0.000000,0.000000,0.000000,clear-ocean,30.000000,60.000000,0.151000,1800,5016408,1286.258462,28.583521,118,31,2,85,0,280,73,1,206,0,0,0,0,0,0,0,0,0,0,0,0,0,0,0,24,63,121,24,61,121,14.033191,16.668798,37.944528,0.000000,3.174603,0.000000,0,0,0,11607.106641,22.890231,188.227692,10990.988718,415.183202,129.611038,10127.627068,0.000000,0.000000,10672.421308,11607.106641,934.685333,3.576974,1.116652,87.253675,0.000000,8.052699,14.902494,12.053515,3.633385,0.715778,7,0.000000,0,0,0,99.038462,4.614164,99.038462,28.858646,5408.270222,7333.003711,0.000000,341.610608
4560.000000,pure-acoustic,none,hardware,1,0,0,1,priority,0.000500,180,15,hybrid,0.050000,4000.000000,6.087000,52.000000,500.000000,500.000000,2.000000,120.000000,0.000000,208,121,206,0,206,24,61,121,0,0,0,0,0,0,0,0,0.000000,0.000000,0.000000,clear-ocean,30.000000,60.000000,0.151000,1800,5016408,1286.258462,28.207422,118,31,2,85,0,280,73,1,206,0,0,0,0,0,0,0,0,0,0,0,0,0,0,0,24,63,121,24,61,121,14.033191,16.668798,37.944528,0.000000,3.174603,0.000000,0,0,0,11612.506641,22.890231,188.227692,10990.988718,419.319372,130.645080,10127.856855,0.000000,0.000000,10677.821308,11612.506641,934.685333,3.610929,1.125038,87.215079,0.000000,8.048954,14.902494,12.053515,3.633385,0.706360,7,0.000000,0,0,0,99.038462,4.614164,99.038462,28.858646,5337.108772,7419.110427,0.000000,266.494452
4620.000000,pure-acoustic,none,hardware,1,0,0,1,priority,0.000500,180,15,hybrid,0.050000,4000.000000,6.087000,52.000000,500.000000,500.000000,2.000000,120.000000,0.000000,208,121,206,0,206,24,61,121,0,0,0,0,0,0,0,0,0.000000,0.000000,0.000000,clear-ocean,30.000000,60.000000,0.151000,1800,5016408,1286.258462,27.841092,118,31,2,85,0,280,73,1,206,0,0,0,0,0,0,0,0,0,0,0,0,0,0,0,24,63,121,24,61,121,14.033191,16.668798,37.944528,0.000000,3.174603,0.000000,0,0,0,11617.906641,22.890231,188.227692,10990.988718,423.455542,131.679123,10128.086643,0.000000,0.000000,10683.221308,11617.906641,934.685333,3.644852,1.133415,87.176519,0.000000,8.045213,14.902494,12.053515,3.633385,0.697186,7,0.000000,0,0,0,99.038462,4.614164,99.038462,28.858646,5267.795671,7505.217143,0.000000,189.814306
4680.000000,pure-acoustic,none,hardware,1,0,0,1,priority,0.000500,180,15,hybrid,0.050000,4000.000000,6.087000,52.000000,500.000000,500.000000,2.000000,120.000000,0.000000,208,121,206,0,206,24,61,121,0,0,0,0,0,0,0,0,0.000000,0.000000,0.000000,clear-ocean,30.000000,60.000000,0.151000,1800,5016408,1286.258462,27.484155,118,31,2,85,0,280,73,1,206,0,0,0,0,0,0,0,0,0,0,0,0,0,0,0,24,63,121,24,61,121,14.033191,16.668798,37.944528,0.000000,3.174603,0.000000,0,0,0,11623.306641,22.890231,188.227692,10990.988718,427.591712,132.713165,10128.316430,0.000000,0.000000,10688.621308,11623.306641,934.685333,3.678744,1.141785,87.137996,0.000000,8.041475,14.902494,12.053515,3.633385,0.688248,7,0.000000,0,0,0,99.038462,4.614164,99.038462,28.858646,5200.259829,7591.323859,0.000000,118.840914
4740.000000,pure-acoustic,none,hardware,1,0,0,1,priority,0.000500,180,15,hybrid,0.050000,4000.000000,6.087000,52.000000,500.000000,500.000000,2.000000,120.000000,0.000000,208,121,206,0,206,24,61,121,0,0,0,0,0,0,0,0,0.000000,0.000000,0.000000,clear-ocean,30.000000,60.000000,0.151000,1800,5016408,1286.258462,27.136254,118,31,2,85,0,280,73,1,206,0,0,0,0,0,0,0,0,0,0,0,0,0,0,0,24,63,121,24,61,121,14.033191,16.668798,37.944528,0.000000,3.174603,0.000000,0,0,0,11628.706641,22.890231,188.227692,10990.988718,431.727883,133.747208,10128.546217,0.000000,0.000000,10694.021308,11628.706641,934.685333,3.712604,1.150147,87.099508,0.000000,8.037741,14.902494,12.053515,3.633385,0.679536,7,0.000000,0,0,0,99.038462,4.614164,99.038462,28.858646,5134.433755,7677.430575,0.000000,60.303909
4800.000000,pure-acoustic,none,hardware,1,0,0,1,priority,0.000500,180,15,hybrid,0.050000,4000.000000,6.087000,52.000000,500.000000,500.000000,2.000000,120.000000,0.000000,208,121,206,0,206,24,61,121,0,0,0,0,0,0,0,0,0.000000,0.000000,0.000000,clear-ocean,30.000000,60.000000,0.151000,1800,5016408,1286.258462,26.797051,118,31,2,85,0,280,73,1,206,0,0,0,0,0,0,0,0,0,0,0,0,0,0,0,24,63,121,24,61,121,14.033191,16.668798,37.944528,0.000000,3.174603,0.000000,0,0,0,11634.106641,22.890231,188.227692,10990.988718,435.864053,134.781250,10128.776004,0.000000,0.000000,10699.421308,11634.106641,934.685333,3.746433,1.158501,87.061055,0.000000,8.034010,14.902494,12.053515,3.633385,0.671042,7,0.000000,0,0,0,99.038462,4.614164,99.038462,28.858646,5070.253333,7763.537292,0.000000,19.753718
4860.000000,pure-acoustic,none,hardware,1,0,0,1,priority,0.000500,180,15,hybrid,0.050000,4000.000000,6.087000,52.000000,500.000000,500.000000,2.000000,120.000000,0.000000,208,121,206,0,206,24,61,121,0,0,0,0,0,0,0,0,0.000000,0.000000,0.000000,clear-ocean,30.000000,60.000000,0.151000,1800,5016408,1286.258462,26.466223,118,31,2,85,0,280,73,1,206,0,0,0,0,0,0,0,0,0,0,0,0,0,0,0,24,63,121,24,61,121,14.033191,16.668798,37.944528,0.000000,3.174603,0.000000,0,0,0,11639.506641,22.890231,188.227692,10990.988718,440.000223,135.815293,10129.005792,0.000000,0.000000,10704.821308,11639.506641,934.685333,3.780231,1.166848,87.022639,0.000000,8.030283,14.902494,12.053515,3.633385,0.662757,7,0.000000,0,0,0,99.038462,4.614164,99.038462,28.858646,5007.657613,7849.644008,0.000000,1.035273
4920.000000,pure-acoustic,none,hardware,1,0,0,1,priority,0.000500,180,15,hybrid,0.050000,4000.000000,6.087000,52.000000,500.000000,500.000000,2.000000,120.000000,0.000000,208,121,206,0,206,24,61,121,0,0,0,0,0,0,0,0,0.000000,0.000000,0.000000,clear-ocean,30.000000,60.000000,0.151000,1800,5016408,1286.258462,26.143465,118,31,2,85,0,280,73,1,206,0,0,0,0,0,0,0,0,0,0,0,0,0,0,0,24,63,121,24,61,121,14.033191,16.668798,37.944528,0.000000,3.174603,0.000000,0,0,0,11644.906641,22.890231,188.227692,10990.988718,444.136393,136.849336,10129.235579,0.000000,0.000000,10710.221308,11644.906641,934.685333,3.813997,1.175186,86.984258,0.000000,8.026559,14.902494,12.053515,3.633385,0.654675,7,0.000000,0,0,0,99.038462,4.614164,99.038462,28.858646,4946.588618,7935.750724,-0.000000,5.923441
4980.000000,pure-acoustic,none,hardware,1,0,0,1,priority,0.000500,180,15,hybrid,0.050000,4000.000000,6.087000,52.000000,500.000000,500.000000,2.000000,120.000000,0.000000,208,121,206,0,206,24,61,121,0,0,0,0,0,0,0,0,0.000000,0.000000,0.000000,clear-ocean,30.000000,60.000000,0.151000,1800,5016408,1286.258462,25.828483,118,31,2,85,0,280,73,1,206,0,0,0,0,0,0,0,0,0,0,0,0,0,0,0,24,63,121,24,61,121,14.033191,16.668798,37.944528,0.000000,3.174603,0.000000,0,0,0,11650.306641,22.890231,188.227692,10990.988718,448.272564,137.883378,10129.465366,0.000000,0.000000,10715.621308,11650.306641,934.685333,3.847732,1.183517,86.945912,0.000000,8.022839,14.902494,12.053515,3.633385,0.646787,7,0.000000,0,0,0,99.038462,4.614164,99.038462,28.858646,4886.991165,8021.857440,-0.000000,33.954730
5040.000000,pure-acoustic,none,hardware,1,0,0,1,priority,0.000500,180,15,hybrid,0.050000,4000.000000,6.087000,52.000000,500.000000,500.000000,2.000000,120.000000,0.000000,208,121,206,0,206,24,61,121,0,0,0,0,0,0,0,0,0.000000,0.000000,0.000000,clear-ocean,30.000000,60.000000,0.151000,1800,5016408,1286.258462,25.521001,118,31,2,85,0,280,73,1,206,0,0,0,0,0,0,0,0,0,0,0,0,0,0,0,24,63,121,24,61,121,14.033191,16.668798,37.944528,0.000000,3.174603,0.000000,0,0,0,11655.706641,22.890231,188.227692,10990.988718,452.408734,138.917421,10129.695153,0.000000,0.000000,10721.021308,11655.706641,934.685333,3.881435,1.191840,86.907602,0.000000,8.019122,14.902494,12.053515,3.633385,0.639087,7,0.000000,0,0,0,99.038462,4.614164,99.038462,28.858646,4828.812698,8107.964156,-0.000000,82.471238
5100.000000,pure-acoustic,none,hardware,1,0,0,1,priority,0.000500,180,15,hybrid,0.050000,4000.000000,6.087000,52.000000,500.000000,500.000000,2.000000,120.000000,0.000000,208,121,206,0,206,24,61,121,0,0,0,0,0,0,0,0,0.000000,0.000000,0.000000,clear-ocean,30.000000,60.000000,0.151000,1800,5016408,1286.258462,25.220754,118,31,2,85,0,280,73,1,206,0,0,0,0,0,0,0,0,0,0,0,0,0,0,0,24,63,121,24,61,121,14.033191,16.668798,37.944528,0.000000,3.174603,0.000000,0,0,0,11661.106641,22.890231,188.227692,10990.988718,456.544904,139.951463,10129.924941,0.000000,0.000000,10726.421308,11661.106641,934.685333,3.915108,1.200156,86.869328,0.000000,8.015409,14.902494,12.053515,3.633385,0.631569,7,0.000000,0,0,0,99.038462,4.614164,99.038462,28.858646,4772.003137,8194.070872,-0.000000,146.872673
5160.000000,pure-acoustic,none,hardware,1,0,0,1,priority,0.000500,180,15,hybrid,0.050000,4000.000000,6.087000,52.000000,500.000000,500.000000,2.000000,120.000000,0.000000,208,121,206,0,206,24,61,121,0,0,0,0,0,0,0,0,0.000000,0.000000,0.000000,clear-ocean,30.000000,60.000000,0.151000,1800,5016408,1286.258462,24.927490,118,31,2,85,0,280,73,1,206,0,0,0,0,0,0,0,0,0,0,0,0,0,0,0,24,63,121,24,61,121,14.033191,16.668798,37.944528,0.000000,3.174603,0.000000,0,0,0,11666.506641,22.890231,188.227692,10990.988718,460.681074,140.985506,10130.154728,0.000000,0.000000,10731.821308,11666.506641,934.685333,3.948749,1.208464,86.831089,0.000000,8.011698,14.902494,12.053515,3.633385,0.624225,7,0.000000,0,0,0,99.038462,4.614164,99.038462,28.858646,4716.514729,8280.177588,-0.000000,221.052549
5220.000000,pure-acoustic,none,hardware,1,0,0,1,priority,0.000500,180,15,hybrid,0.050000,4000.000000,6.087000,52.000000,500.000000,500.000000,2.000000,120.000000,0.000000,208,121,206,0,206,24,61,121,0,0,0,0,0,0,0,0,0.000000,0.000000,0.000000,clear-ocean,30.000000,60.000000,0.151000,1800,5016408,1286.258462,24.640967,118,31,2,85,0,280,73,1,206,0,0,0,0,0,0,0,0,0,0,0,0,0,0,0,24,63,121,24,61,121,14.033191,16.668798,37.944528,0.000000,3.174603,0.000000,0,0,0,11671.906641,22.890231,188.227692,10990.988718,464.817244,142.019548,10130.384515,0.000000,0.000000,10737.221308,11671.906641,934.685333,3.982359,1.216764,86.792885,0.000000,8.007992,14.902494,12.053515,3.633385,0.617050,7,0.000000,0,0,0,99.038462,4.614164,99.038462,28.858646,4662.301916,8366.284305,-0.000000,297.977197
5280.000000,pure-acoustic,none,hardware,1,0,0,1,priority,0.000500,180,15,hybrid,0.050000,4000.000000,6.087000,52.000000,500.000000,500.000000,2.000000,120.000000,0.000000,208,121,206,0,206,24,61,121,0,0,0,0,0,0,0,0,0.000000,0.000000,0.000000,clear-ocean,30.000000,60.000000,0.151000,1800,5016408,1286.258462,24.360956,118,31,2,85,0,280,73,1,206,0,0,0,0,0,0,0,0,0,0,0,0,0,0,0,24,63,121,24,61,121,14.033191,16.668798,37.944528,0.000000,3.174603,0.000000,0,0,0,11677.306641,22.890231,188.227692,10990.988718,468.953415,143.053591,10130.614302,0.000000,0.000000,10742.621308,11677.306641,934.685333,4.015938,1.225056,86.754717,0.000000,8.004289,14.902494,12.053515,3.633385,0.610038,7,0.000000,0,0,0,99.038462,4.614164,99.038462,28.858646,4609.321212,8452.391021,-0.000000,370.352689
5340.000000,pure-acoustic,none,hardware,1,0,0,1,priority,0.000500,180,15,hybrid,0.050000,4000.000000,6.087000,52.000000,500.000000,500.000000,2.000000,120.000000,0.000000,208,121,206,0,206,24,61,121,0,0,0,0,0,0,0,0,0.000000,0.000000,0.000000,clear-ocean,30.000000,60.000000,0.151000,1800,5016408,1286.258462,24.087237,118,31,2,85,0,280,73,1,206,0,0,0,0,0,0,0,0,0,0,0,0,0,0,0,24,63,121,24,61,121,14.033191,16.668798,37.944528,0.000000,3.174603,0.000000,0,0,0,11682.706641,22.890231,188.227692,10990.988718,473.089585,144.087633,10130.844089,0.000000,0.000000,10748.021308,11682.706641,934.685333,4.049486,1.233341,86.716584,0.000000,8.000589,14.902494,12.053515,3.633385,0.603184,7,0.000000,0,0,0,99.038462,4.614164,99.038462,28.858646,4557.531086,8538.497737,-0.000000,431.316448
5400.000000,pure-acoustic,none,hardware,1,0,0,1,priority,0.000500,180,15,hybrid,0.050000,4000.000000,6.087000,52.000000,500.000000,500.000000,2.000000,120.000000,0.000000,208,121,206,0,206,24,61,121,0,0,0,0,0,0,0,0,0.000000,0.000000,0.000000,clear-ocean,30.000000,60.000000,0.151000,1800,5016408,1286.258462,23.819601,118,31,2,85,0,280,73,1,206,0,0,0,0,0,0,0,0,0,0,0,0,0,0,0,24,63,121,24,61,121,14.033191,16.668798,37.944528,0.000000,3.174603,0.000000,0,0,0,11688.106641,22.890231,188.227692,10990.988718,477.225755,145.121676,10131.073877,0.000000,0.000000,10753.421308,11688.106641,934.685333,4.083003,1.241618,86.678486,0.000000,7.996893,14.902494,12.053515,3.633385,0.596481,7,0.000000,0,0,0,99.038462,4.614164,99.038462,28.858646,4506.891852,8624.604453,-0.000000,475.087943
5460.000000,pure-acoustic,none,hardware,1,0,0,1,priority,0.000500,180,15,hybrid,0.050000,4000.000000,6.087000,52.000000,500.000000,500.000000,2.000000,120.000000,0.000000,208,121,206,0,206,24,61,121,0,0,0,0,0,0,0,0,0.000000,0.000000,0.000000,clear-ocean,30.000000,60.000000,0.151000,1800,5016408,1286.258462,23.557847,118,31,2,85,0,280,73,1,206,0,0,0,0,0,0,0,0,0,0,0,0,0,0,0,24,63,121,24,61,121,14.033191,16.668798,37.944528,0.000000,3.174603,0.000000,0,0,0,11693.506641,22.890231,188.227692,10990.988718,481.361925,146.155718,10131.303664,0.000000,0.000000,10758.821308,11693.506641,934.685333,4.116489,1.249888,86.640423,0.000000,7.993200,14.902494,12.053515,3.633385,0.589927,7,0.000000,0,0,0,99.038462,4.614164,99.038462,28.858646,4457.365568,8710.711169,-0.000000,497.516801
5520.000000,pure-acoustic,none,hardware,1,0,0,1,priority,0.000500,180,15,hybrid,0.050000,4000.000000,6.087000,52.000000,500.000000,500.000000,2.000000,120.000000,0.000000,208,121,206,0,206,24,61,121,0,0,0,0,0,0,0,0,0.000000,0.000000,0.000000,clear-ocean,30.000000,60.000000,0.151000,1800,5016408,1286.258462,23.301784,118,31,2,85,0,280,73,1,206,0,0,0,0,0,0,0,0,0,0,0,0,0,0,0,24,63,121,24,61,121,14.033191,16.668798,37.944528,0.000000,3.174603,0.000000,0,0,0,11698.906641,22.890231,188.227692,10990.988718,485.498095,147.189761,10131.533451,0.000000,0.000000,10764.221308,11698.906641,934.685333,4.149944,1.258150,86.602396,0.000000,7.989510,14.902494,12.053515,3.633385,0.583514,7,0.000000,0,0,0,99.038462,4.614164,99.038462,28.858646,4408.915942,8796.817885,0.000000,496.476337
5580.000000,pure-acoustic,none,hardware,1,0,0,1,priority,0.000500,180,15,hybrid,0.050000,4000.000000,6.087000,52.000000,500.000000,500.000000,2.000000,120.000000,0.000000,208,121,206,0,206,24,61,121,0,0,0,0,0,0,0,0,0.000000,0.000000,0.000000,clear-ocean,30.000000,60.000000,0.151000,1800,5016408,1286.258462,23.051227,118,31,2,85,0,280,73,1,206,0,0,0,0,0,0,0,0,0,0,0,0,0,0,0,24,63,121,24,61,121,14.033191,16.668798,37.944528,0.000000,3.174603,0.000000,0,0,0,11704.306641,22.890231,188.227692,10990.988718,489.634266,148.223804,10131.763238,0.000000,0.000000,10769.621308,11704.306641,934.685333,4.183368,1.266404,86.564404,0.000000,7.985824,14.902494,12.053515,3.633385,0.577240,7,0.000000,0,0,0,99.038462,4.614164,99.038462,28.858646,4361.508244,8882.924601,0.000000,472.065207
5640.000000,pure-acoustic,none,hardware,1,0,0,1,priority,0.000500,180,15,hybrid,0.050000,4000.000000,6.087000,52.000000,500.000000,500.000000,2.000000,120.000000,0.000000,208,121,206,0,206,24,61,121,0,0,0,0,0,0,0,0,0.000000,0.000000,0.000000,clear-ocean,30.000000,60.000000,0.151000,1800,5016408,1286.258462,22.806001,118,31,2,85,0,280,73,1,206,0,0,0,0,0,0,0,0,0,0,0,0,0,0,0,24,63,121,24,61,121,14.033191,16.668798,37.944528,0.000000,3.174603,0.000000,0,0,0,11709.706641,22.890231,188.227692,10990.988718,493.770436,149.257846,10131.993026,0.000000,0.000000,10775.021308,11709.706641,934.685333,4.216762,1.274651,86.526446,0.000000,7.982141,14.902494,12.053515,3.633385,0.571099,7,0.000000,0,0,0,99.038462,4.614164,99.038462,28.858646,4315.109220,8969.031318,0.000000,426.598054
5700.000000,pure-acoustic,none,hardware,1,0,0,1,priority,0.000500,180,15,hybrid,0.050000,4000.000000,6.087000,52.000000,500.000000,500.000000,2.000000,120.000000,0.000000,208,121,206,0,206,24,61,121,0,0,0,0,0,0,0,0,0.000000,0.000000,0.000000,clear-ocean,30.000000,60.000000,0.151000,1800,5016408,1286.258462,22.565938,118,31,2,85,0,280,73,1,206,0,0,0,0,0,0,0,0,0,0,0,0,0,0,0,24,63,121,24,61,121,14.033191,16.668798,37.944528,0.000000,3.174603,0.000000,0,0,0,11715.106641,22.890231,188.227692,10990.988718,497.906606,150.291889,10132.222813,0.000000,0.000000,10780.421308,11715.106641,934.685333,4.250124,1.282890,86.488524,0.000000,7.978462,14.902494,12.053515,3.633385,0.565088,7,0.000000,0,0,0,99.038462,4.614164,99.038462,28.858646,4269.687018,9055.138034,0.000000,364.386030
5760.000000,pure-acoustic,none,hardware,1,0,0,1,priority,0.000500,180,15,hybrid,0.050000,4000.000000,6.087000,52.000000,500.000000,500.000000,2.000000,120.000000,0.000000,208,121,206,0,206,24,61,121,0,0,0,0,0,0,0,0,0.000000,0.000000,0.000000,clear-ocean,30.000000,60.000000,0.151000,1800,5016408,1286.258462,22.330876,118,31,2,85,0,280,73,1,206,0,0,0,0,0,0,0,0,0,0,0,0,0,0,0,24,63,121,24,61,121,14.033191,16.668798,37.944528,0.000000,3.174603,0.000000,0,0,0,11720.506641,22.890231,188.227692,10990.988718,502.042776,151.325931,10132.452600,0.000000,0.000000,10785.821308,11720.506641,934.685333,4.283456,1.291121,86.450637,0.000000,7.974786,14.902494,12.053515,3.633385,0.559201,7,0.000000,0,0,0,99.038462,4.614164,99.038462,28.858646,4225.211111,9141.244750,0.000000,291.328026
5820.000000,pure-acoustic,none,hardware,1,0,0,1,priority,0.000500,180,15,hybrid,0.050000,4000.000000,6.087000,52.000000,500.000000,500.000000,2.000000,120.000000,0.000000,208,121,206,0,206,24,61,121,0,0,0,0,0,0,0,0,0.000000,0.000000,0.000000,clear-ocean,30.000000,60.000000,0.151000,1800,5016408,1286.258462,22.100661,118,31,2,85,0,280,73,1,206,0,0,0,0,0,0,0,0,0,0,0,0,0,0,0,24,63,121,24,61,121,14.033191,16.668798,37.944528,0.000000,3.174603,0.000000,0,0,0,11725.906641,22.890231,188.227692,10990.988718,506.178947,152.359974,10132.682387,0.000000,0.000000,10791.221308,11725.906641,934.685333,4.316757,1.299345,86.412784,0.000000,7.971114,14.902494,12.053515,3.633385,0.553436,7,0.000000,0,0,0,99.038462,4.614164,99.038462,28.858646,4181.652234,9227.351466,0.000000,214.351336
5880.000000,pure-acoustic,none,hardware,1,0,0,1,priority,0.000500,180,15,hybrid,0.050000,4000.000000,6.087000,52.000000,500.000000,500.000000,2.000000,120.000000,0.000000,208,121,206,0,206,24,61,121,0,0,0,0,0,0,0,0,0.000000,0.000000,0.000000,clear-ocean,30.000000,60.000000,0.151000,1800,5016408,1286.258462,21.875144,118,31,2,85,0,280,73,1,206,0,0,0,0,0,0,0,0,0,0,0,0,0,0,0,24,63,121,24,61,121,14.033191,16.668798,37.944528,0.000000,3.174603,0.000000,0,0,0,11731.306641,22.890231,188.227692,10990.988718,510.315117,153.394016,10132.912175,0.000000,0.000000,10796.621308,11731.306641,934.685333,4.350028,1.307561,86.374966,0.000000,7.967444,14.902494,12.053515,3.633385,0.547789,7,0.000000,0,0,0,99.038462,4.614164,99.038462,28.858646,4138.982313,9313.458182,0.000000,140.754819
5940.000000,pure-acoustic,none,hardware,1,0,0,1,priority,0.000500,180,15,hybrid,0.050000,4000.000000,6.087000,52.000000,500.000000,500.000000,2.000000,120.000000,0.000000,208,121,206,0,206,24,61,121,0,0,0,0,0,0,0,0,0.000000,0.000000,0.000000,clear-ocean,30.000000,60.000000,0.151000,1800,5016408,1286.258462,21.654183,118,31,2,85,0,280,73,1,206,0,0,0,0,0,0,0,0,0,0,0,0,0,0,0,24,63,121,24,61,121,14.033191,16.668798,37.944528,0.000000,3.174603,0.000000,0,0,0,11736.706641,22.890231,188.227692,10990.988718,514.451287,154.428059,10133.141962,0.000000,0.000000,10802.021308,11736.706641,934.685333,4.383268,1.315770,86.337184,0.000000,7.963779,14.902494,12.053515,3.633385,0.542256,7,0.000000,0,0,0,99.038462,4.614164,99.038462,28.858646,4097.174411,9399.564898,0.000000,77.516833
6000.000000,pure-acoustic,none,hardware,1,0,0,1,priority,0.000500,180,15,hybrid,0.050000,4000.000000,6.087000,52.000000,500.000000,500.000000,2.000000,120.000000,0.000000,208,121,206,0,206,24,61,121,0,0,0,0,0,0,0,0,0.000000,0.000000,0.000000,clear-ocean,30.000000,60.000000,0.151000,1800,5016408,1286.258462,21.437641,118,31,2,85,0,280,73,1,206,0,0,0,0,0,0,0,0,0,0,0,0,0,0,0,24,63,121,24,61,121,14.033191,16.668798,37.944528,0.000000,3.174603,0.000000,0,0,0,11742.106641,22.890231,188.227692,10990.988718,518.587457,155.462101,10133.371749,0.000000,0.000000,10807.421308,11742.106641,934.685333,4.416477,1.323971,86.299436,0.000000,7.960116,14.902494,12.053515,3.633385,0.536833,7,0.000000,0,0,0,99.038462,4.614164,99.038462,28.858646,4056.202667,9485.671614,0.000000,30.633547
6060.000000,pure-acoustic,none,hardware,1,0,0,1,priority,0.000500,180,15,hybrid,0.050000,4000.000000,6.087000,52.000000,500.000000,500.000000,2.000000,120.000000,0.000000,208,121,206,0,206,24,61,121,0,0,0,0,0,0,0,0,0.000000,0.000000,0.000000,clear-ocean,30.000000,60.000000,0.151000,1800,5016408,1286.258462,21.225387,118,31,2,85,0,280,73,1,206,0,0,0,0,0,0,0,0,0,0,0,0,0,0,0,24,63,121,24,61,121,14.033191,16.668798,37.944528,0.000000,3.174603,0.000000,0,0,0,11747.506641,22.890231,188.227692,10990.988718,522.723627,156.496144,10133.601536,0.000000,0.000000,10812.821308,11747.506641,934.685333,4.449656,1.332165,86.261722,0.000000,7.956457,14.902494,12.053515,3.633385,0.531518,7,0.000000,0,0,0,99.038462,4.614164,99.038462,28.858646,4016.042244,9571.778331,0.000000,4.550391
6120.000000,pure-acoustic,none,hardware,1,0,0,1,priority,0.000500,180,15,hybrid,0.050000,4000.000000,6.087000,52.000000,500.000000,500.000000,2.000000,120.000000,0.000000,208,121,206,0,206,24,61,121,0,0,0,0,0,0,0,0,0.000000,0.000000,0.000000,clear-ocean,30.000000,60.000000,0.151000,1800,5016408,1286.258462,21.017295,118,31,2,85,0,280,73,1,206,0,0,0,0,0,0,0,0,0,0,0,0,0,0,0,24,63,121,24,61,121,14.033191,16.668798,37.944528,0.000000,3.174603,0.000000,0,0,0,11752.906641,22.890231,188.227692,10990.988718,526.859798,157.530187,10133.831324,0.000000,0.000000,10818.221308,11752.906641,934.685333,4.482804,1.340351,86.224043,0.000000,7.952801,14.902494,12.053515,3.633385,0.526307,7,0.000000,0,0,0,99.038462,4.614164,99.038462,28.858646,3976.669281,9657.885047,-0.000000,1.740548
6180.000000,pure-acoustic,none,hardware,1,0,0,1,priority,0.000500,180,15,hybrid,0.050000,4000.000000,6.087000,52.000000,500.000000,500.000000,2.000000,120.000000,0.000000,208,121,206,0,206,24,61,121,0,0,0,0,0,0,0,0,0.000000,0.000000,0.000000,clear-ocean,30.000000,60.000000,0.151000,1800,5016408,1286.258462,20.813244,118,31,2,85,0,280,73,1,206,0,0,0,0,0,0,0,0,0,0,0,0,0,0,0,24,63,121,24,61,121,14.033191,16.668798,37.944528,0.000000,3.174603,0.000000,0,0,0,11758.306641,22.890231,188.227692,10990.988718,530.995968,158.564229,10134.061111,0.000000,0.000000,10823.621308,11758.306641,934.685333,4.515922,1.348529,86.186399,0.000000,7.949149,14.902494,12.053515,3.633385,0.521197,7,0.000000,0,0,0,99.038462,4.614164,99.038462,28.858646,3938.060841,9743.991763,-0.000000,22.470444
6240.000000,pure-acoustic,none,hardware,1,0,0,1,priority,0.000500,180,15,hybrid,0.050000,4000.000000,6.087000,52.000000,500.000000,500.000000,2.000000,120.000000,0.000000,208,121,206,0,206,24,61,121,0,0,0,0,0,0,0,0,0.000000,0.000000,0.000000,clear-ocean,30.000000,60.000000,0.151000,1800,5016408,1286.258462,20.613116,118,31,2,85,0,280,73,1,206,0,0,0,0,0,0,0,0,0,0,0,0,0,0,0,24,63,121,24,61,121,14.033191,16.668798,37.944528,0.000000,3.174603,0.000000,0,0,0,11763.706641,22.890231,188.227692,10990.988718,535.132138,159.598272,10134.290898,0.000000,0.000000,10829.021308,11763.706641,934.685333,4.549010,1.356701,86.148790,0.000000,7.945500,14.902494,12.053515,3.633385,0.516186,7,0.000000,0,0,0,99.038462,4.614164,99.038462,28.858646,3900.194872,9830.098479,-0.000000,64.774488
6300.000000,pure-acoustic,none,hardware,1,0,0,1,priority,0.000500,180,15,hybrid,0.050000,4000.000000,6.087000,52.000000,500.000000,500.000000,2.000000,120.000000,0.000000,208,121,206,0,206,24,61,121,0,0,0,0,0,0,0,0,0.000000,0.000000,0.000000,clear-ocean,30.000000,60.000000,0.151000,1800,5016408,1286.258462,20.416801,118,31,2,85,0,280,73,1,206,0,0,0,0,0,0,0,0,0,0,0,0,0,0,0,24,63,121,24,61,121,14.033191,16.668798,37.944528,0.000000,3.174603,0.000000,0,0,0,11769.106641,22.890231,188.227692,10990.988718,539.268308,160.632314,10134.520685,0.000000,0.000000,10834.421308,11769.106641,934.685333,4.582067,1.364864,86.111215,0.000000,7.941855,14.902494,12.053515,3.633385,0.511270,7,0.000000,0,0,0,99.038462,4.614164,99.038462,28.858646,3863.050159,9916.205195,-0.000000,124.641450
6360.000000,pure-acoustic,none,hardware,1,0,0,1,priority,0.000500,180,15,hybrid,0.050000,4000.000000,6.087000,52.000000,500.000000,500.000000,2.000000,120.000000,0.000000,208,121,206,0,206,24,61,121,0,0,0,0,0,0,0,0,0.000000,0.000000,0.000000,clear-ocean,30.000000,60.000000,0.151000,1800,5016408,1286.258462,20.224190,118,31,2,85,0,280,73,1,206,0,0,0,0,0,0,0,0,0,0,0,0,0,0,0,24,63,121,24,61,121,14.033191,16.668798,37.944528,0.000000,3.174603,0.000000,0,0,0,11774.506641,22.890231,188.227692,10990.988718,543.404478,161.666357,10134.750472,0.000000,0.000000,10839.821308,11774.506641,934.685333,4.615093,1.373020,86.073674,0.000000,7.938212,14.902494,12.053515,3.633385,0.506447,7,0.000000,0,0,0,99.038462,4.614164,99.038462,28.858646,3826.606289,10002.311911,-0.000000,196.394798
6420.000000,pure-acoustic,none,hardware,1,0,0,1,priority,0.000500,180,15,hybrid,0.050000,4000.000000,6.087000,52.000000,500.000000,500.000000,2.000000,120.000000,0.000000,208,121,206,0,206,24,61,121,0,0,0,0,0,0,0,0,0.000000,0.000000,0.000000,clear-ocean,30.000000,60.000000,0.151000,1800,5016408,1286.258462,20.035179,118,31,2,85,0,280,73,1,206,0,0,0,0,0,0,0,0,0,0,0,0,0,0,0,24,63,121,24,61,121,14.033191,16.668798,37.944528,0.000000,3.174603,0.000000,0,0,0,11779.906641,22.890231,188.227692,10990.988718,547.540649,162.700399,10134.980260,0.000000,0.000000,10845.221308,11779.906641,934.685333,4.648090,1.381169,86.036168,0.000000,7.934573,14.902494,12.053515,3.633385,0.501713,7,0.000000,0,0,0,99.038462,4.614164,99.038462,28.858646,3790.843614,10088.418627,-0.000000,273.230942
6480.000000,pure-acoustic,none,hardware,1,0,0,1,priority,0.000500,180,15,hybrid,0.050000,4000.000000,6.087000,52.000000,500.000000,500.000000,2.000000,120.000000,0.000000,208,121,206,0,206,24,61,121,0,0,0,0,0,0,0,0,0.000000,0.000000,0.000000,clear-ocean,30.000000,60.000000,0.151000,1800,5016408,1286.258462,19.849668,118,31,2,85,0,280,73,1,206,0,0,0,0,0,0,0,0,0,0,0,0,0,0,0,24,63,121,24,61,121,14.033191,16.668798,37.944528,0.000000,3.174603,0.000000,0,0,0,11785.306641,22.890231,188.227692,10990.988718,551.676819,163.734442,10135.210047,0.000000,0.000000,10850.621308,11785.306641,934.685333,4.681056,1.389310,85.998696,0.000000,7.930938,14.902494,12.053515,3.633385,0.497068,7,0.000000,0,0,0,99.038462,4.614164,99.038462,28.858646,3755.743210,10174.525344,-0.000000,347.864350
6540.000000,pure-acoustic,none,hardware,1,0,0,1,priority,0.000500,180,15,hybrid,0.050000,4000.000000,6.087000,52.000000,500.000000,500.000000,2.000000,120.000000,0.000000,208,121,206,0,206,24,61,121,0,0,0,0,0,0,0,0,0.000000,0.000000,0.000000,clear-ocean,30.000000,60.000000,0.151000,1800,5016408,1286.258462,19.667561,118,31,2,85,0,280,73,1,206,0,0,0,0,0,0,0,0,0,0,0,0,0,0,0,24,63,121,24,61,121,14.033191,16.668798,37.944528,0.000000,3.174603,0.000000,0,0,0,11790.706641,22.890231,188.227692,10990.988718,555.812989,164.768484,10135.439834,0.000000,0.000000,10856.021308,11790.706641,934.685333,4.713992,1.397444,85.961259,0.000000,7.927305,14.902494,12.053515,3.633385,0.492508,7,0.000000,0,0,0,99.038462,4.614164,99.038462,28.858646,3721.286850,10260.632060,-0.000000,413.218348
6600.000000,pure-acoustic,none,hardware,1,0,0,1,priority,0.000500,180,15,hybrid,0.050000,4000.000000,6.087000,52.000000,500.000000,500.000000,2.000000,120.000000,0.000000,208,121,206,0,206,24,61,121,0,0,0,0,0,0,0,0,0.000000,0.000000,0.000000,clear-ocean,30.000000,60.000000,0.151000,1800,5016408,1286.258462,19.488765,118,31,2,85,0,280,73,1,206,0,0,0,0,0,0,0,0,0,0,0,0,0,0,0,24,63,121,24,61,121,14.033191,16.668798,37.944528,0.000000,3.174603,0.000000,0,0,0,11796.106641,22.890231,188.227692,10990.988718,559.949159,165.802527,10135.669621,0.000000,0.000000,10861.421308,11796.106641,934.685333,4.746898,1.405570,85.923855,0.000000,7.923677,14.902494,12.053515,3.633385,0.488030,7,0.000000,0,0,0,99.038462,4.614164,99.038462,28.858646,3687.456970,10346.738776,-0.000000,463.096127
6660.000000,pure-acoustic,none,hardware,1,0,0,1,priority,0.000500,180,15,hybrid,0.050000,4000.000000,6.087000,52.000000,500.000000,500.000000,2.000000,120.000000,0.000000,208,121,206,0,206,24,61,121,0,0,0,0,0,0,0,0,0.000000,0.000000,0.000000,clear-ocean,30.000000,60.000000,0.151000,1800,5016408,1286.258462,19.313190,118,31,2,85,0,280,73,1,206,0,0,0,0,0,0,0,0,0,0,0,0,0,0,0,24,63,121,24,61,121,14.033191,16.668798,37.944528,0.000000,3.174603,0.000000,0,0,0,11801.506641,22.890231,188.227692,10990.988718,564.085330,166.836570,10135.899409,0.000000,0.000000,10866.821308,11801.506641,934.685333,4.779774,1.413689,85.886487,0.000000,7.920051,14.902494,12.053515,3.633385,0.483634,7,0.000000,0,0,0,99.038462,4.614164,99.038462,28.858646,3654.236637,10432.845492,-0.000000,492.768323
6720.000000,pure-acoustic,none,hardware,1,0,0,1,priority,0.000500,180,15,hybrid,0.050000,4000.000000,6.087000,52.000000,500.000000,500.000000,2.000000,120.000000,0.000000,208,121,206,0,206,24,61,121,0,0,0,0,0,0,0,0,0.000000,0.000000,0.000000,clear-ocean,30.000000,60.000000,0.151000,1800,5016408,1286.258462,19.140751,118,31,2,85,0,280,73,1,206,0,0,0,0,0,0,0,0,0,0,0,0,0,0,0,24,63,121,24,61,121,14.033191,16.668798,37.944528,0.000000,3.174603,0.000000,0,0,0,11806.906641,22.890231,188.227692,10990.988718,568.221500,167.870612,10136.129196,0.000000,0.000000,10872.221308,11806.906641,934.685333,4.812620,1.421800,85.849152,0.000000,7.916429,14.902494,12.053515,3.633385,0.479315,7,0.000000,0,0,0,99.038462,4.614164,99.038462,28.858646,3621.609524,10518.952208,0.000000,499.421444
6780.000000,pure-acoustic,none,hardware,1,0,0,1,priority,0.000500,180,15,hybrid,0.050000,4000.000000,6.087000,52.000000,500.000000,500.000000,2.000000,120.000000,0.000000,208,121,206,0,206,24,61,121,0,0,0,0,0,0,0,0,0.000000,0.000000,0.000000,clear-ocean,30.000000,60.000000,0.151000,1800,5016408,1286.258462,18.971364,118,31,2,85,0,280,73,1,206,0,0,0,0,0,0,0,0,0,0,0,0,0,0,0,24,63,121,24,61,121,14.033191,16.668798,37.944528,0.000000,3.174603,0.000000,0,0,0,11812.306641,22.890231,188.227692,10990.988718,572.357670,168.904655,10136.358983,0.000000,0.000000,10877.621308,11812.306641,934.685333,4.845435,1.429904,85.811851,0.000000,7.912810,14.902494,12.053515,3.633385,0.475074,7,0.000000,0,0,0,99.038462,4.614164,99.038462,28.858646,3589.559882,10605.058924,0.000000,482.424646
6840.000000,pure-acoustic,none,hardware,1,0,0,1,priority,0.000500,180,15,hybrid,0.050000,4000.000000,6.087000,52.000000,500.000000,500.000000,2.000000,120.000000,0.000000,208,121,206,0,206,24,61,121,0,0,0,0,0,0,0,0,0.000000,0.000000,0.000000,clear-ocean,30.000000,60.000000,0.151000,1800,5016408,1286.258462,18.804948,118,31,2,85,0,280,73,1,206,0,0,0,0,0,0,0,0,0,0,0,0,0,0,0,24,63,121,24,61,121,14.033191,16.668798,37.944528,0.000000,3.174603,0.000000,0,0,0,11817.706641,22.890231,188.227692,10990.988718,576.493840,169.938697,10136.588770,0.000000,0.000000,10883.021308,11817.706641,934.685333,4.878221,1.438001,85.774585,0.000000,7.909194,14.902494,12.053515,3.633385,0.470906,7,0.000000,0,0,0,99.038462,4.614164,99.038462,28.858646,3558.072515,10691.165640,0.000000,443.389552
6900.000000,pure-acoustic,none,hardware,1,0,0,1,priority,0.000500,180,15,hybrid,0.050000,4000.000000,6.087000,52.000000,500.000000,500.000000,2.000000,120.000000,0.000000,208,121,206,0,206,24,61,121,0,0,0,0,0,0,0,0,0.000000,0.000000,0.000000,clear-ocean,30.000000,60.000000,0.151000,1800,5016408,1286.258462,18.641427,118,31,2,85,0,280,73,1,206,0,0,0,0,0,0,0,0,0,0,0,0,0,0,0,24,63,121,24,61,121,14.033191,16.668798,37.944528,0.000000,3.174603,0.000000,0,0,0,11823.106641,22.890231,188.227692,10990.988718,580.630010,170.972740,10136.818558,0.000000,0.000000,10888.421308,11823.106641,934.685333,4.910977,1.446090,85.737352,0.000000,7.905582,14.902494,12.053515,3.633385,0.466812,7,0.000000,0,0,0,99.038462,4.614164,99.038462,28.858646,3527.132754,10777.272357,0.000000,386.017433
6960.000000,pure-acoustic,none,hardware,1,0,0,1,priority,0.000500,180,15,hybrid,0.050000,4000.000000,6.087000,52.000000,500.000000,500.000000,2.000000,120.000000,0.000000,208,121,206,0,206,24,61,121,0,0,0,0,0,0,0,0,0.000000,0.000000,0.000000,clear-ocean,30.000000,60.000000,0.151000,1800,5016408,1286.258462,18.480725,118,31,2,85,0,280,73,1,206,0,0,0,0,0,0,0,0,0,0,0,0,0,0,0,24,63,121,24,61,121,14.033191,16.668798,37.944528,0.000000,3.174603,0.000000,0,0,0,11828.506641,22.890231,188.227692,10990.988718,584.766181,172.006782,10137.048345,0.000000,0.000000,10893.821308,11828.506641,934.685333,4.943703,1.454172,85.700153,0.000000,7.901972,14.902494,12.053515,3.633385,0.462787,7,0.000000,0,0,0,99.038462,4.614164,99.038462,28.858646,3496.726437,10863.379073,0.000000,315.748263
7020.000000,pure-acoustic,none,hardware,1,0,0,1,priority,0.000500,180,15,hybrid,0.050000,4000.000000,6.087000,52.000000,500.000000,500.000000,2.000000,120.000000,0.000000,208,121,206,0,206,24,61,121,0,0,0,0,0,0,0,0,0.000000,0.000000,0.000000,clear-ocean,30.000000,60.000000,0.151000,1800,5016408,1286.258462,18.322770,118,31,2,85,0,280,73,1,206,0,0,0,0,0,0,0,0,0,0,0,0,0,0,0,24,63,121,24,61,121,14.033191,16.668798,37.944528,0.000000,3.174603,0.000000,0,0,0,11833.906641,22.890231,188.227692,10990.988718,588.902351,173.040825,10137.278132,0.000000,0.000000,10899.221308,11833.906641,934.685333,4.976398,1.462246,85.662989,0.000000,7.898367,14.902494,12.053515,3.633385,0.458832,7,0.000000,0,0,0,99.038462,4.614164,99.038462,28.858646,3466.839886,10949.485789,0.000000,239.244901
7080.000000,pure-acoustic,none,hardware,1,0,0,1,priority,0.000500,180,15,hybrid,0.050000,4000.000000,6.087000,52.000000,500.000000,500.000000,2.000000,120.000000,0.000000,208,121,206,0,206,24,61,121,0,0,0,0,0,0,0,0,0.000000,0.000000,0.000000,clear-ocean,30.000000,60.000000,0.151000,1800,5016408,1286.258462,18.167492,118,31,2,85,0,280,73,1,206,0,0,0,0,0,0,0,0,0,0,0,0,0,0,0,24,63,121,24,61,121,14.033191,16.668798,37.944528,0.000000,3.174603,0.000000,0,0,0,11839.306641,22.890231,188.227692,10990.988718,593.038521,174.074867,10137.507919,0.000000,0.000000,10904.621308,11839.306641,934.685333,5.009065,1.470313,85.625858,0.000000,7.894764,14.902494,12.053515,3.633385,0.454944,7,0.000000,0,0,0,99.038462,4.614164,99.038462,28.858646,3437.459887,11035.592505,0.000000,163.761329
7140.000000,pure-acoustic,none,hardware,1,0,0,1,priority,0.000500,180,15,hybrid,0.050000,4000.000000,6.087000,52.000000,500.000000,500.000000,2.000000,120.000000,0.000000,208,121,206,0,206,24,61,121,0,0,0,0,0,0,0,0,0.000000,0.000000,0.000000,clear-ocean,30.000000,60.000000,0.151000,1800,5016408,1286.258462,18.014824,118,31,2,85,0,280,73,1,206,0,0,0,0,0,0,0,0,0,0,0,0,0,0,0,24,63,121,24,61,121,14.033191,16.668798,37.944528,0.000000,3.174603,0.000000,0,0,0,11844.706641,22.890231,188.227692,10990.988718,597.174691,175.108910,10137.737706,0.000000,0.000000,10910.021308,11844.706641,934.685333,5.041701,1.478373,85.588761,0.000000,7.891165,14.902494,12.053515,3.633385,0.451120,7,0.000000,0,0,0,99.038462,4.614164,99.038462,28.858646,3408.573669,11121.699221,0.000000,96.454830
7200.000000,pure-acoustic,none,hardware,1,0,0,1,priority,0.000500,180,15,hybrid,0.050000,4000.000000,6.087000,52.000000,500.000000,500.000000,2.000000,120.000000,0.000000,208,121,206,0,206,24,61,121,0,0,0,0,0,0,0,0,0.000000,0.000000,0.000000,clear-ocean,30.000000,60.000000,0.151000,1800,5016408,1286.258462,17.864701,118,31,2,85,0,280,73,1,206,0,0,0,0,0,0,0,0,0,0,0,0,0,0,0,24,63,121,24,61,121,14.033191,16.668798,37.944528,0.000000,3.174603,0.000000,0,0,0,11850.106641,22.890231,188.227692,10990.988718,601.310861,176.142953,10137.967494,0.000000,0.000000,10915.421308,11850.106641,934.685333,5.074308,1.486425,85.551698,0.000000,7.887569,14.902494,12.053515,3.633385,0.447361,7,0.000000,0,0,0,99.038462,4.614164,99.038462,28.858646,3380.168889,11207.805937,0.000000,43.707346
7260.000000,pure-acoustic,none,hardware,1,0,0,1,priority,0.000500,180,15,hybrid,0.050000,4000.000000,6.087000,52.000000,500.000000,500.000000,2.000000,120.000000,0.000000,208,121,206,0,206,24,61,121,0,0,0,0,0,0,0,0,0.000000,0.000000,0.000000,clear-ocean,30.000000,60.000000,0.151000,1800,5016408,1286.258462,17.717059,118,31,2,85,0,280,73,1,206,0,0,0,0,0,0,0,0,0,0,0,0,0,0,0,24,63,121,24,61,121,14.033191,16.668798,37.944528,0.000000,3.174603,0.000000,0,0,0,11855.506641,22.890231,188.227692,10990.988718,605.447032,177.176995,10138.197281,0.000000,0.000000,10920.821308,11855.506641,934.685333,5.106885,1.494470,85.514669,0.000000,7.883976,14.902494,12.053515,3.633385,0.443664,7,0.000000,0,0,0,99.038462,4.614164,99.038462,28.858646,3352.233609,11293.912653,0.000000,10.520348
7320.000000,pure-acoustic,none,hardware,1,0,0,1,priority,0.000500,180,15,hybrid,0.050000,4000.000000,6.087000,52.000000,500.000000,500.000000,2.000000,120.000000,0.000000,208,121,206,0,206,24,61,121,0,0,0,0,0,0,0,0,0.000000,0.000000,0.000000,clear-ocean,30.000000,60.000000,0.151000,1800,5016408,1286.258462,17.571837,118,31,2,85,0,280,73,1,206,0,0,0,0,0,0,0,0,0,0,0,0,0,0,0,24,63,121,24,61,121,14.033191,16.668798,37.944528,0.000000,3.174603,0.000000,0,0,0,11860.906641,22.890231,188.227692,10990.988718,609.583202,178.211038,10138.427068,0.000000,0.000000,10926.221308,11860.906641,934.685333,5.139432,1.502508,85.477674,0.000000,7.880387,14.902494,12.053515,3.633385,0.440027,7,0.000000,0,0,0,99.038462,4.614164,99.038462,28.858646,3324.756284,11380.019370,-0.000000,0.040596
7380.000000,pure-acoustic,none,hardware,1,0,0,1,priority,0.000500,180,15,hybrid,0.050000,4000.000000,6.087000,52.000000,500.000000,500.000000,2.000000,120.000000,0.000000,208,121,206,0,206,24,61,121,0,0,0,0,0,0,0,0,0.000000,0.000000,0.000000,clear-ocean,30.000000,60.000000,0.151000,1800,5016408,1286.258462,17.428976,118,31,2,85,0,280,73,1,206,0,0,0,0,0,0,0,0,0,0,0,0,0,0,0,24,63,121,24,61,121,14.033191,16.668798,37.944528,0.000000,3.174603,0.000000,0,0,0,11866.306641,22.890231,188.227692,10990.988718,613.719372,179.245080,10138.656855,0.000000,0.000000,10931.621308,11866.306641,934.685333,5.171949,1.510538,85.440712,0.000000,7.876801,14.902494,12.053515,3.633385,0.436450,7,0.000000,0,0,0,99.038462,4.614164,99.038462,28.858646,3297.725745,11466.126086,-0.000000,13.261771
7440.000000,pure-acoustic,none,hardware,1,0,0,1,priority,0.000500,180,15,hybrid,0.050000,4000.000000,6.087000,52.000000,500.000000,500.000000,2.000000,120.000000,0.000000,208,121,206,0,206,24,61,121,0,0,0,0,0,0,0,0,0.000000,0.000000,0.000000,clear-ocean,30.000000,60.000000,0.151000,1800,5016408,1286.258462,17.288420,118,31,2,85,0,280,73,1,206,0,0,0,0,0,0,0,0,0,0,0,0,0,0,0,24,63,121,24,61,121,14.033191,16.668798,37.944528,0.000000,3.174603,0.000000,0,0,0,11871.706641,22.890231,188.227692,10990.988718,617.855542,180.279123,10138.886643,0.000000,0.000000,10937.021308,11871.706641,934.685333,5.204437,1.518561,85.403784,0.000000,7.873218,14.902494,12.053515,3.633385,0.432930,7,0.000000,0,0,0,99.038462,4.614164,99.038462,28.858646,3271.131183,11552.232802,-0.000000,48.930253
7500.000000,pure-acoustic,none,hardware,1,0,0,1,priority,0.000500,180,15,hybrid,0.050000,4000.000000,6.087000,52.000000,500.000000,500.000000,2.000000,120.000000,0.000000,208,121,206,0,206,24,61,121,0,0,0,0,0,0,0,0,0.000000,0.000000,0.000000,clear-ocean,30.000000,60.000000,0.151000,1800,5016408,1286.258462,17.150113,118,31,2,85,0,280,73,1,206,0,0,0,0,0,0,0,0,0,0,0,0,0,0,0,24,63,121,24,61,121,14.033191,16.668798,37.944528,0.000000,3.174603,0.000000,0,0,0,11877.106641,22.890231,188.227692,10990.988718,621.991712,181.313165,10139.116430,0.000000,0.000000,10942.421308,11877.106641,934.685333,5.236896,1.526577,85.366889,0.000000,7.869638,14.902494,12.053515,3.633385,0.429467,7,0.000000,0,0,0,99.038462,4.614164,99.038462,28.858646,3244.962133,11638.339518,-0.000000,103.663988
7560.000000,pure-acoustic,none,hardware,1,0,0,1,priority,0.000500,180,15,hybrid,0.050000,4000.000000,6.087000,52.000000,500.000000,500.000000,2.000000,120.000000,0.000000,208,121,206,0,206,24,61,121,0,0,0,0,0,0,0,0,0.000000,0.000000,0.000000,clear-ocean,30.000000,60.000000,0.151000,1800,5016408,1286.258462,17.014001,118,31,2,85,0,280,73,1,206,0,0,0,0,0,0,0,0,0,0,0,0,0,0,0,24,63,121,24,61,121,14.033191,16.668798,37.944528,0.000000,3.174603,0.000000,0,0,0,11882.506641,22.890231,188.227692,10990.988718,626.127883,182.347208,10139.346217,0.000000,0.000000,10947.821308,11882.506641,934.685333,5.269325,1.534585,85.330028,0.000000,7.866062,14.902494,12.053515,3.633385,0.426058,7,0.000000,0,0,0,99.038462,4.614164,99.038462,28.858646,3219.208466,11724.446234,-0.000000,172.273173
7620.000000,pure-acoustic,none,hardware,1,0,0,1,priority,0.000500,180,15,hybrid,0.050000,4000.000000,6.087000,52.000000,500.000000,500.000000,2.000000,120.000000,0.000000,208,121,206,0,206,24,61,121,0,0,0,0,0,0,0,0,0.000000,0.000000,0.000000,clear-ocean,30.000000,60.000000,0.151000,1800,5016408,1286.258462,16.880032,118,31,2,85,0,280,73,1,206,0,0,0,0,0,0,0,0,0,0,0,0,0,0,0,24,63,121,24,61,121,14.033191,16.668798,37.944528,0.000000,3.174603,0.000000,0,0,0,11887.906641,22.890231,188.227692,10990.988718,630.264053,183.381250,10139.576004,0.000000,0.000000,10953.221308,11887.906641,934.685333,5.301724,1.542587,85.293200,0.000000,7.862489,14.902494,12.053515,3.633385,0.422703,7,0.000000,0,0,0,99.038462,4.614164,99.038462,28.858646,3193.860367,11810.552950,-0.000000,248.252347
7680.000000,pure-acoustic,none,hardware,1,0,0,1,priority,0.000500,180,15,hybrid,0.050000,4000.000000,6.087000,52.000000,500.000000,500.000000,2.000000,120.000000,0.000000,208,121,206,0,206,24,61,121,0,0,0,0,0,0,0,0,0.000000,0.000000,0.000000,clear-ocean,30.000000,60.000000,0.151000,1800,5016408,1286.258462,16.748157,118,31,2,85,0,280,73,1,206,0,0,0,0,0,0,0,0,0,0,0,0,0,0,0,24,63,121,24,61,121,14.033191,16.668798,37.944528,0.000000,3.174603,0.000000,0,0,0,11893.306641,22.890231,188.227692,10990.988718,634.400223,184.415293,10139.805792,0.000000,0.000000,10958.621308,11893.306641,934.685333,5.334095,1.550580,85.256406,0.000000,7.858919,14.902494,12.053515,3.633385,0.419401,7,0.000000,0,0,0,99.038462,4.614164,99.038462,28.858646,3168.908333,11896.659666,-0.000000,324.397231
7740.000000,pure-acoustic,none,hardware,1,0,0,1,priority,0.000500,180,15,hybrid,0.050000,4000.000000,6.087000,52.000000,500.000000,500.000000,2.000000,120.000000,0.000000,208,121,206,0,206,24,61,121,0,0,0,0,0,0,0,0,0.000000,0.000000,0.000000,clear-ocean,30.000000,60.000000,0.151000,1800,5016408,1286.258462,16.618326,118,31,2,85,0,280,73,1,206,0,0,0,0,0,0,0,0,0,0,0,0,0,0,0,24,63,121,24,61,121,14.033191,16.668798,37.944528,0.000000,3.174603,0.000000,0,0,0,11898.706641,22.890231,188.227692,10990.988718,638.536393,185.449336,10140.035579,0.000000,0.000000,10964.021308,11898.706641,934.685333,5.366435,1.558567,85.219645,0.000000,7.855352,14.902494,12.053515,3.633385,0.416150,7,0.000000,0,0,0,99.038462,4.614164,99.038462,28.858646,3144.343152,11982.766383,-0.000000,393.487836
7800.000000,pure-acoustic,none,hardware,1,0,0,1,priority,0.000500,180,15,hybrid,0.050000,4000.000000,6.087000,52.000000,500.000000,500.000000,2.000000,120.000000,0.000000,208,121,206,0,206,24,61,121,0,0,0,0,0,0,0,0,0.000000,0.000000,0.000000,clear-ocean,30.000000,60.000000,0.151000,1800,5016408,1286.258462,16.490493,118,31,2,85,0,280,73,1,206,0,0,0,0,0,0,0,0,0,0,0,0,0,0,0,24,63,121,24,61,121,14.033191,16.668798,37.944528,0.000000,3.174603,0.000000,0,0,0,11904.106641,22.890231,188.227692,10990.988718,642.672564,186.483378,10140.265366,0.000000,0.000000,10969.421308,11904.106641,934.685333,5.398747,1.566547,85.182918,0.000000,7.851789,14.902494,12.053515,3.633385,0.412949,7,0.000000,0,0,0,99.038462,4.614164,99.038462,28.858646,3120.155897,12068.873099,-0.000000,448.973053
7860.000000,pure-acoustic,none,hardware,1,0,0,1,priority,0.000500,180,15,hybrid,0.050000,4000.000000,6.087000,52.000000,500.000000,500.000000,2.000000,120.000000,0.000000,208,121,206,0,206,24,61,121,0,0,0,0,0,0,0,0,0.000000,0.000000,0.000000,clear-ocean,30.000000,60.000000,0.151000,1800,5016408,1286.258462,16.364611,118,31,2,85,0,280,73,1,206,0,0,0,0,0,0,0,0,0,0,0,0,0,0,0,24,63,121,24,61,121,14.033191,16.668798,37.944528,0.000000,3.174603,0.000000,0,0,0,11909.506641,22.890231,188.227692,10990.988718,646.808734,187.517421,10140.495153,0.000000,0.000000,10974.821308,11909.506641,934.685333,5.431029,1.574519,85.146224,0.000000,7.848229,14.902494,12.053515,3.633385,0.409796,7,0.000000,0,0,0,99.038462,4.614164,99.038462,28.858646,3096.337913,12154.979815,-0.000000,485.591824
7920.000000,pure-acoustic,none,hardware,1,0,0,1,priority,0.000500,180,15,hybrid,0.050000,4000.000000,6.087000,52.000000,500.000000,500.000000,2.000000,120.000000,0.000000,208,121,206,0,206,24,61,121,0,0,0,0,0,0,0,0,0.000000,0.000000,0.000000,clear-ocean,30.000000,60.000000,0.151000,1800,5016408,1286.258462,16.240637,118,31,2,85,0,280,73,1,206,0,0,0,0,0,0,0,0,0,0,0,0,0,0,0,24,63,121,24,61,121,14.033191,16.668798,37.944528,0.000000,3.174603,0.000000,0,0,0,11914.906641,22.890231,188.227692,10990.988718,650.944904,188.551463,10140.724941,0.000000,0.000000,10980.221308,11914.906641,934.685333,5.463282,1.582484,85.109563,0.000000,7.844672,14.902494,12.053515,3.633385,0.406692,7,0.000000,0,0,0,99.038462,4.614164,99.038462,28.858646,3072.880808,12241.086531,-0.000000,499.871988
7980.000000,pure-acoustic,none,hardware,1,0,0,1,priority,0.000500,180,15,hybrid,0.050000,4000.000000,6.087000,52.000000,500.000000,500.000000,2.000000,120.000000,0.000000,208,121,206,0,206,24,61,121,0,0,0,0,0,0,0,0,0.000000,0.000000,0.000000,clear-ocean,30.000000,60.000000,0.151000,1800,5016408,1286.258462,16.118527,118,31,2,85,0,280,73,1,206,0,0,0,0,0,0,0,0,0,0,0,0,0,0,0,24,63,121,24,61,121,14.033191,16.668798,37.944528,0.000000,3.174603,0.000000,0,0,0,11920.306641,22.890231,188.227692,10990.988718,655.081074,189.585506,10140.954728,0.000000,0.000000,10985.621308,11920.306641,934.685333,5.495505,1.590442,85.072935,0.000000,7.841118,14.902494,12.053515,3.633385,0.403634,7,0.000000,0,0,0,99.038462,4.614164,99.038462,28.858646,3049.776441,12327.193247,0.000000,490.459514
8040.000000,pure-acoustic,none,hardware,1,0,0,1,priority,0.000500,180,15,hybrid,0.050000,4000.000000,6.087000,52.000000,500.000000,500.000000,2.000000,120.000000,0.000000,208,121,206,0,206,24,61,121,0,0,0,0,0,0,0,0,0.000000,0.000000,0.000000,clear-ocean,30.000000,60.000000,0.151000,1800,5016408,1286.258462,15.998240,118,31,2,85,0,280,73,1,206,0,0,0,0,0,0,0,0,0,0,0,0,0,0,0,24,63,121,24,61,121,14.033191,16.668798,37.944528,0.000000,3.174603,0.000000,0,0,0,11925.706641,22.890231,188.227692,10990.988718,659.217244,190.619548,10141.184515,0.000000,0.000000,10991.021308,11925.706641,934.685333,5.527700,1.598392,85.036341,0.000000,7.837568,14.902494,12.053515,3.633385,0.400622,7,0.000000,0,0,0,99.038462,4.614164,99.038462,28.858646,3027.016915,12413.299963,0.000000,458.246884
8100.000000,pure-acoustic,none,hardware,1,0,0,1,priority,0.000500,180,15,hybrid,0.050000,4000.000000,6.087000,52.000000,500.000000,500.000000,2.000000,120.000000,0.000000,208,121,206,0,206,24,61,121,0,0,0,0,0,0,0,0,0.000000,0.000000,0.000000,clear-ocean,30.000000,60.000000,0.151000,1800,5016408,1286.258462,15.879734,118,31,2,85,0,280,73,1,206,0,0,0,0,0,0,0,0,0,0,0,0,0,0,0,24,63,121,24,61,121,14.033191,16.668798,37.944528,0.000000,3.174603,0.000000,0,0,0,11931.106641,22.890231,188.227692,10990.988718,663.353415,191.653591,10141.414302,0.000000,0.000000,10996.421308,11931.106641,934.685333,5.559865,1.606335,84.999779,0.000000,7.834020,14.902494,12.053515,3.633385,0.397654,7,0.000000,0,0,0,99.038462,4.614164,99.038462,28.858646,3004.594568,12499.406680,0.000000,406.288471
8160.000000,pure-acoustic,none,hardware,1,0,0,1,priority,0.000500,180,15,hybrid,0.050000,4000.000000,6.087000,52.000000,500.000000,500.000000,2.000000,120.000000,0.000000,208,121,206,0,206,24,61,121,0,0,0,0,0,0,0,0,0.000000,0.000000,0.000000,clear-ocean,30.000000,60.000000,0.151000,1800,5016408,1286.258462,15.762971,118,31,2,85,0,280,73,1,206,0,0,0,0,0,0,0,0,0,0,0,0,0,0,0,24,63,121,24,61,121,14.033191,16.668798,37.944528,0.000000,3.174603,0.000000,0,0,0,11936.506641,22.890231,188.227692,10990.988718,667.489585,192.687633,10141.644089,0.000000,0.000000,11001.821308,11936.506641,934.685333,5.592001,1.614272,84.963251,0.000000,7.830476,14.902494,12.053515,3.633385,0.394730,7,0.000000,0,0,0,99.038462,4.614164,99.038462,28.858646,2982.501961,12585.513396,0.000000,339.510925
8220.000000,pure-acoustic,none,hardware,1,0,0,1,priority,0.000500,180,15,hybrid,0.050000,4000.000000,6.087000,52.000000,500.000000,500.000000,2.000000,120.000000,0.000000,208,121,206,0,206,24,61,121,0,0,0,0,0,0,0,0,0.000000,0.000000,0.000000,clear-ocean,30.000000,60.000000,0.151000,1800,5016408,1286.258462,15.647913,118,31,2,85,0,280,73,1,206,0,0,0,0,0,0,0,0,0,0,0,0,0,0,0,24,63,121,24,61,121,14.033191,16.668798,37.944528,0.000000,3.174603,0.000000,0,0,0,11941.906641,22.890231,188.227692,10990.988718,671.625755,193.721676,10141.873877,0.000000,0.000000,11007.221308,11941.906641,934.685333,5.624108,1.622201,84.926756,0.000000,7.826936,14.902494,12.053515,3.633385,0.391849,7,0.000000,0,0,0,99.038462,4.614164,99.038462,28.858646,2960.731873,12528.379888,0.000000,385.182255
8280.000000,pure-acoustic,none,hardware,1,0,0,1,priority,0.000500,180,15,hybrid,0.050000,4000.000000,6.087000,52.000000,500.000000,500.000000,2.000000,120.000000,0.000000,208,121,206,0,206,24,61,121,0,0,0,0,0,0,0,0,0.000000,0.000000,0.000000,clear-ocean,30.000000,60.000000,0.151000,1800,5016408,1286.258462,15.534522,118,31,2,85,0,280,73,1,206,0,0,0,0,0,0,0,0,0,0,0,0,0,0,0,24,63,121,24,61,121,14.033191,16.668798,37.944528,0.000000,3.174603,0.000000,0,0,0,11947.306641,22.890231,188.227692,10990.988718,675.761925,194.755718,10142.103664,0.000000,0.000000,11012.621308,11947.306641,934.685333,5.656186,1.630122,84.890293,0.000000,7.823398,14.902494,12.053515,3.633385,0.389010,7,0.000000,0,0,0,99.038462,4.614164,99.038462,28.858646,2939.277295,12442.273172,0.000000,442.758027
8340.000000,pure-acoustic,none,hardware,1,0,0,1,priority,0.000500,180,15,hybrid,0.050000,4000.000000,6.087000,52.000000,500.000000,500.000000,2.000000,120.000000,0.000000,208,121,206,0,206,24,61,121,0,0,0,0,0,0,0,0,0.000000,0.000000,0.000000,clear-ocean,30.000000,60.000000,0.151000,1800,5016408,1286.258462,15.422763,118,31,2,85,0,280,73,1,206,0,0,0,0,0,0,0,0,0,0,0,0,0,0,0,24,63,121,24,61,121,14.033191,16.668798,37.944528,0.000000,3.174603,0.000000,0,0,0,11952.706641,22.890231,188.227692,10990.988718,679.898095,195.789761,10142.333451,0.000000,0.000000,11018.021308,11952.706641,934.685333,5.688235,1.638037,84.853864,0.000000,7.819863,14.902494,12.053515,3.633385,0.386211,7,0.000000,0,0,0,99.038462,4.614164,99.038462,28.858646,2918.131415,12356.166456,0.000000,482.056655
8400.000000,pure-acoustic,none,hardware,1,0,0,1,priority,0.000500,180,15,hybrid,0.050000,4000.000000,6.087000,52.000000,500.000000,500.000000,2.000000,120.000000,0.000000,208,121,206,0,206,24,61,121,0,0,0,0,0,0,0,0,0.000000,0.000000,0.000000,clear-ocean,30.000000,60.000000,0.151000,1800,5016408,1286.258462,15.312601,118,31,2,85,0,280,73,1,206,0,0,0,0,0,0,0,0,0,0,0,0,0,0,0,24,63,121,24,61,121,14.033191,16.668798,37.944528,0.000000,3.174603,0.000000,0,0,0,11958.106641,22.890231,188.227692,10990.988718,684.034266,196.823804,10142.563238,0.000000,0.000000,11023.421308,11958.106641,934.685333,5.720256,1.645945,84.817468,0.000000,7.816332,14.902494,12.053515,3.633385,0.383452,7,0.000000,0,0,0,99.038462,4.614164,99.038462,28.858646,2897.287619,12270.059740,0.000000,499.351878
8460.000000,pure-acoustic,none,hardware,1,0,0,1,priority,0.000500,180,15,hybrid,0.050000,4000.000000,6.087000,52.000000,500.000000,500.000000,2.000000,120.000000,0.000000,208,121,206,0,206,24,61,121,0,0,0,0,0,0,0,0,0.000000,0.000000,0.000000,clear-ocean,30.000000,60.000000,0.151000,1800,5016408,1286.258462,15.204001,118,31,2,85,0,280,73,1,206,0,0,0,0,0,0,0,0,0,0,0,0,0,0,0,24,63,121,24,61,121,14.033191,16.668798,37.944528,0.000000,3.174603,0.000000,0,0,0,11963.506641,22.890231,188.227692,10990.988718,688.170436,197.857846,10142.793026,0.000000,0.000000,11028.821308,11963.506641,934.685333,5.752247,1.653845,84.781104,0.000000,7.812804,14.902494,12.053515,3.633385,0.380733,7,0.000000,0,0,0,99.038462,4.614164,99.038462,28.858646,2876.739480,12183.953024,-0.000000,493.003780
8520.000000,pure-acoustic,none,hardware,1,0,0,1,priority,0.000500,180,15,hybrid,0.050000,4000.000000,6.087000,52.000000,500.000000,500.000000,2.000000,120.000000,0.000000,208,121,206,0,206,24,61,121,0,0,0,0,0,0,0,0,0.000000,0.000000,0.000000,clear-ocean,30.000000,60.000000,0.151000,1800,5016408,1286.258462,15.096930,118,31,2,85,0,280,73,1,206,0,0,0,0,0,0,0,0,0,0,0,0,0,0,0,24,63,121,24,61,121,14.033191,16.668798,37.944528,0.000000,3.174603,0.000000,0,0,0,11968.906641,22.890231,188.227692,10990.988718,692.306606,198.891889,10143.022813,0.000000,0.000000,11034.221308,11968.906641,934.685333,5.784209,1.661738,84.744773,0.000000,7.809279,14.902494,12.053515,3.633385,0.378052,7,0.000000,0,0,0,99.038462,4.614164,99.038462,28.858646,2856.480751,12097.846307,-0.000000,463.614281
8580.000000,pure-acoustic,none,hardware,1,0,0,1,priority,0.000500,180,15,hybrid,0.050000,4000.000000,6.087000,52.000000,500.000000,500.000000,2.000000,120.000000,0.000000,208,121,206,0,206,24,61,121,0,0,0,0,0,0,0,0,0.000000,0.000000,0.000000,clear-ocean,30.000000,60.000000,0.151000,1800,5016408,1286.258462,14.991357,118,31,2,85,0,280,73,1,206,0,0,0,0,0,0,0,0,0,0,0,0,0,0,0,24,63,121,24,61,121,14.033191,16.668798,37.944528,0.000000,3.174603,0.000000,0,0,0,11974.306641,22.890231,188.227692,10990.988718,696.442776,199.925931,10143.252600,0.000000,0.000000,11039.621308,11974.306641,934.685333,5.816143,1.669624,84.708475,0.000000,7.805757,14.902494,12.053515,3.633385,0.375408,7,0.000000,0,0,0,99.038462,4.614164,99.038462,28.858646,2836.505361,12011.739591,-0.000000,413.970067
8640.000000,pure-acoustic,none,hardware,1,0,0,1,priority,0.000500,180,15,hybrid,0.050000,4000.000000,6.087000,52.000000,500.000000,500.000000,2.000000,120.000000,0.000000,208,121,206,0,206,24,61,121,0,0,0,0,0,0,0,0,0.000000,0.000000,0.000000,clear-ocean,30.000000,60.000000,0.151000,1800,5016408,1286.258462,14.887251,118,31,2,85,0,280,73,1,206,0,0,0,0,0,0,0,0,0,0,0,0,0,0,0,24,63,121,24,61,121,14.033191,16.668798,37.944528,0.000000,3.174603,0.000000,0,0,0,11979.706641,22.890231,188.227692,10990.988718,700.578947,200.959974,10143.482387,0.000000,0.000000,11045.021308,11979.706641,934.685333,5.848048,1.677503,84.672210,0.000000,7.802239,14.902494,12.053515,3.633385,0.372801,7,0.000000,0,0,0,99.038462,4.614164,99.038462,28.858646,2816.807407,11925.632875,-0.000000,348.778358
8700.000000,pure-acoustic,none,hardware,1,0,0,1,priority,0.000500,180,15,hybrid,0.050000,4000.000000,6.087000,52.000000,500.000000,500.000000,2.000000,120.000000,0.000000,208,121,206,0,206,24,61,121,0,0,0,0,0,0,0,0,0.000000,0.000000,0.000000,clear-ocean,30.000000,60.000000,0.151000,1800,5016408,1286.258462,14.784580,118,31,2,85,0,280,73,1,206,0,0,0,0,0,0,0,0,0,0,0,0,0,0,0,24,63,121,24,61,121,14.033191,16.668798,37.944528,0.000000,3.174603,0.000000,0,0,0,11985.106641,22.890231,188.227692,10990.988718,704.715117,201.994016,10143.712175,0.000000,0.000000,11050.421308,11985.106641,934.685333,5.879924,1.685375,84.635978,0.000000,7.798724,14.902494,12.053515,3.633385,0.370230,7,0.000000,0,0,0,99.038462,4.614164,99.038462,28.858646,2797.381149,11839.526159,-0.000000,274.220573
8760.000000,pure-acoustic,none,hardware,1,0,0,1,priority,0.000500,180,15,hybrid,0.050000,4000.000000,6.087000,52.000000,500.000000,500.000000,2.000000,120.000000,0.000000,208,121,206,0,206,24,61,121,0,0,0,0,0,0,0,0,0.000000,0.000000,0.000000,clear-ocean,30.000000,60.000000,0.151000,1800,5016408,1286.258462,14.683316,118,31,2,85,0,280,73,1,206,0,0,0,0,0,0,0,0,0,0,0,0,0,0,0,24,63,121,24,61,121,14.033191,16.668798,37.944528,0.000000,3.174603,0.000000,0,0,0,11990.506641,22.890231,188.227692,10990.988718,708.851287,203.028059,10143.941962,0.000000,0.000000,11055.821308,11990.506641,934.685333,5.911771,1.693240,84.599778,0.000000,7.795211,14.902494,12.053515,3.633385,0.367694,7,0.000000,0,0,0,99.038462,4.614164,99.038462,28.858646,2778.221005,11753.419443,-0.000000,197.366215
8820.000000,pure-acoustic,none,hardware,1,0,0,1,priority,0.000500,180,15,hybrid,0.050000,4000.000000,6.087000,52.000000,500.000000,500.000000,2.000000,120.000000,0.000000,208,121,206,0,206,24,61,121,0,0,0,0,0,0,0,0,0.000000,0.000000,0.000000,clear-ocean,30.000000,60.000000,0.151000,1800,5016408,1286.258462,14.583429,118,31,2,85,0,280,73,1,206,0,0,0,0,0,0,0,0,0,0,0,0,0,0,0,24,63,121,24,61,121,14.033191,16.668798,37.944528,0.000000,3.174603,0.000000,0,0,0,11995.906641,22.890231,188.227692,10990.988718,712.987457,204.062101,10144.171749,0.000000,0.000000,11061.221308,11995.906641,934.685333,5.943590,1.701098,84.563610,0.000000,7.791702,14.902494,12.053515,3.633385,0.365193,7,0.000000,0,0,0,99.038462,4.614164,99.038462,28.858646,2759.321542,11667.312727,-0.000000,125.502546
8880.000000,pure-acoustic,none,hardware,1,0,0,1,priority,0.000500,180,15,hybrid,0.050000,4000.000000,6.087000,52.000000,500.000000,500.000000,2.000000,120.000000,0.000000,208,121,206,0,206,24,61,121,0,0,0,0,0,0,0,0,0.000000,0.000000,0.000000,clear-ocean,30.000000,60.000000,0.151000,1800,5016408,1286.258462,14.484893,118,31,2,85,0,280,73,1,206,0,0,0,0,0,0,0,0,0,0,0,0,0,0,0,24,63,121,24,61,121,14.033191,16.668798,37.944528,0.000000,3.174603,0.000000,0,0,0,12001.306641,22.890231,188.227692,10990.988718,717.123627,205.096144,10144.401536,0.000000,0.000000,11066.621308,12001.306641,934.685333,5.975380,1.708948,84.527476,0.000000,7.788196,14.902494,12.053515,3.633385,0.362725,7,0.000000,0,0,0,99.038462,4.614164,99.038462,28.858646,2740.677477,11581.206011,-0.000000,65.443614
8940.000000,pure-acoustic,none,hardware,1,0,0,1,priority,0.000500,180,15,hybrid,0.050000,4000.000000,6.087000,52.000000,500.000000,500.000000,2.000000,120.000000,0.000000,208,121,206,0,206,24,61,121,0,0,0,0,0,0,0,0,0.000000,0.000000,0.000000,clear-ocean,30.000000,60.000000,0.151000,1800,5016408,1286.258462,14.387679,118,31,2,85,0,280,73,1,206,0,0,0,0,0,0,0,0,0,0,0,0,0,0,0,24,63,121,24,61,121,14.033191,16.668798,37.944528,0.000000,3.174603,0.000000,0,0,0,12006.706641,22.890231,188.227692,10990.988718,721.259798,206.130187,10144.631324,0.000000,0.000000,11072.021308,12006.706641,934.685333,6.007141,1.716792,84.491373,0.000000,7.784694,14.902494,12.053515,3.633385,0.360291,7,0.000000,0,0,0,99.038462,4.614164,99.038462,28.858646,2722.283669,11495.099294,-0.000000,22.884153
9000.000000,pure-acoustic,none,hardware,1,0,0,1,priority,0.000500,180,15,hybrid,0.050000,4000.000000,6.087000,52.000000,500.000000,500.000000,2.000000,120.000000,0.000000,208,121,206,0,206,24,61,121,0,0,0,0,0,0,0,0,0.000000,0.000000,0.000000,clear-ocean,30.000000,60.000000,0.151000,1800,5016408,1286.258462,14.291761,118,31,2,85,0,280,73,1,206,0,0,0,0,0,0,0,0,0,0,0,0,0,0,0,24,63,121,24,61,121,14.033191,16.668798,37.944528,0.000000,3.174603,0.000000,0,0,0,12012.106641,22.890231,188.227692,10990.988718,725.395968,207.164229,10144.861111,0.000000,0.000000,11077.421308,12012.106641,934.685333,6.038874,1.724629,84.455303,0.000000,7.781194,14.902494,12.053515,3.633385,0.357889,7,0.000000,0,0,0,99.038462,4.614164,99.038462,28.858646,2704.135111,11408.992578,-0.000000,1.859614
9060.000000,pure-acoustic,none,hardware,1,0,0,1,priority,0.000500,180,15,hybrid,0.050000,4000.000000,6.087000,52.000000,500.000000,500.000000,2.000000,120.000000,0.000000,208,121,206,0,206,24,61,121,0,0,0,0,0,0,0,0,0.000000,0.000000,0.000000,clear-ocean,30.000000,60.000000,0.151000,1800,5016408,1286.258462,14.197113,118,31,2,85,0,280,73,1,206,0,0,0,0,0,0,0,0,0,0,0,0,0,0,0,24,63,121,24,61,121,14.033191,16.668798,37.944528,0.000000,3.174603,0.000000,0,0,0,12017.506641,22.890231,188.227692,10990.988718,729.532138,208.198272,10145.090898,0.000000,0.000000,11082.821308,12017.506641,934.685333,6.070578,1.732458,84.419266,0.000000,7.777698,14.902494,12.053515,3.633385,0.355519,7,0.000000,0,0,0,99.038462,4.614164,99.038462,28.858646,2686.226932,11322.885862,0.000000,4.363524
9120.000000,pure-acoustic,none,hardware,1,0,0,1,priority,0.000500,180,15,hybrid,0.050000,4000.000000,6.087000,52.000000,500.000000,500.000000,2.000000,120.000000,0.000000,208,121,206,0,206,24,61,121,0,0,0,0,0,0,0,0,0.000000,0.000000,0.000000,clear-ocean,30.000000,60.000000,0.151000,1800,5016408,1286.258462,14.103711,118,31,2,85,0,280,73,1,206,0,0,0,0,0,0,0,0,0,0,0,0,0,0,0,24,63,121,24,61,121,14.033191,16.668798,37.944528,0.000000,3.174603,0.000000,0,0,0,12022.906641,22.890231,188.227692,10990.988718,733.668308,209.232314,10145.320685,0.000000,0.000000,11088.221308,12022.906641,934.685333,6.102254,1.740281,84.383261,0.000000,7.774204,14.902494,12.053515,3.633385,0.353180,7,0.000000,0,0,0,99.038462,4.614164,99.038462,28.858646,2668.554386,11236.779146,0.000000,30.158465
9180.000000,pure-acoustic,none,hardware,1,0,0,1,priority,0.000500,180,15,hybrid,0.050000,4000.000000,6.087000,52.000000,500.000000,500.000000,2.000000,120.000000,0.000000,208,121,206,0,206,24,61,121,0,0,0,0,0,0,0,0,0.000000,0.000000,0.000000,clear-ocean,30.000000,60.000000,0.151000,1800,5016408,1286.258462,14.011530,118,31,2,85,0,280,73,1,206,0,0,0,0,0,0,0,0,0,0,0,0,0,0,0,24,63,121,24,61,121,14.033191,16.668798,37.944528,0.000000,3.174603,0.000000,0,0,0,12028.306641,22.890231,188.227692,10990.988718,737.804478,210.266357,10145.550472,0.000000,0.000000,11093.621308,12028.306641,934.685333,6.133901,1.748096,84.347288,0.000000,7.770714,14.902494,12.053515,3.633385,0.350871,7,0.000000,0,0,0,99.038462,4.614164,99.038462,28.858646,2651.112854,11150.672430,0.000000,76.798583
9240.000000,pure-acoustic,none,hardware,1,0,0,1,priority,0.000500,180,15,hybrid,0.050000,4000.000000,6.087000,52.000000,500.000000,500.000000,2.000000,120.000000,0.000000,208,121,206,0,206,24,61,121,0,0,0,0,0,0,0,0,0.000000,0.000000,0.000000,clear-ocean,30.000000,60.000000,0.151000,1800,5016408,1286.258462,13.920546,118,31,2,85,0,280,73,1,206,0,0,0,0,0,0,0,0,0,0,0,0,0,0,0,24,63,121,24,61,121,14.033191,16.668798,37.944528,0.000000,3.174603,0.000000,0,0,0,12033.706641,22.890231,188.227692,10990.988718,741.940649,211.300399,10145.780260,0.000000,0.000000,11099.021308,12033.706641,934.685333,6.165520,1.755905,84.311348,0.000000,7.767227,14.902494,12.053515,3.633385,0.348593,7,0.000000,0,0,0,99.038462,4.614164,99.038462,28.858646,2633.897835,11064.565714,0.000000,139.861505
9300.000000,pure-acoustic,none,hardware,1,0,0,1,priority,0.000500,180,15,hybrid,0.050000,4000.000000,6.087000,52.000000,500.000000,500.000000,2.000000,120.000000,0.000000,208,121,206,0,206,24,61,121,0,0,0,0,0,0,0,0,0.000000,0.000000,0.000000,clear-ocean,30.000000,60.000000,0.151000,1800,5016408,1286.258462,13.830736,118,31,2,85,0,280,73,1,206,0,0,0,0,0,0,0,0,0,0,0,0,0,0,0,24,63,121,24,61,121,14.033191,16.668798,37.944528,0.000000,3.174603,0.000000,0,0,0,12039.106641,22.890231,188.227692,10990.988718,746.076819,212.334442,10146.010047,0.000000,0.000000,11104.421308,12039.106641,934.685333,6.197111,1.763706,84.275440,0.000000,7.763743,14.902494,12.053515,3.633385,0.346344,7,0.000000,0,0,0,99.038462,4.614164,99.038462,28.858646,2616.904946,10978.458998,0.000000,213.367661
9360.000000,pure-acoustic,none,hardware,1,0,0,1,priority,0.000500,180,15,hybrid,0.050000,4000.000000,6.087000,52.000000,500.000000,500.000000,2.000000,120.000000,0.000000,208,121,206,0,206,24,61,121,0,0,0,0,0,0,0,0,0.000000,0.000000,0.000000,clear-ocean,30.000000,60.000000,0.151000,1800,5016408,1286.258462,13.742078,118,31,2,85,0,280,73,1,206,0,0,0,0,0,0,0,0,0,0,0,0,0,0,0,24,63,121,24,61,121,14.033191,16.668798,37.944528,0.000000,3.174603,0.000000,0,0,0,12044.506641,22.890231,188.227692,10990.988718,750.212989,213.368484,10146.239834,0.000000,0.000000,11109.821308,12044.506641,934.685333,6.228673,1.771500,84.239564,0.000000,7.760263,14.902494,12.053515,3.633385,0.344124,7,0.000000,0,0,0,99.038462,4.614164,99.038462,28.858646,2600.129915,10892.352281,0.000000,290.347262
9420.000000,pure-acoustic,none,hardware,1,0,0,1,priority,0.000500,180,15,hybrid,0.050000,4000.000000,6.087000,52.000000,500.000000,500.000000,2.000000,120.000000,0.000000,208,121,206,0,206,24,61,121,0,0,0,0,0,0,0,0,0.000000,0.000000,0.000000,clear-ocean,30.000000,60.000000,0.151000,1800,5016408,1286.258462,13.654548,118,31,2,85,0,280,73,1,206,0,0,0,0,0,0,0,0,0,0,0,0,0,0,0,24,63,121,24,61,121,14.033191,16.668798,37.944528,0.000000,3.174603,0.000000,0,0,0,12049.906641,22.890231,188.227692,10990.988718,754.349159,214.402527,10146.469621,0.000000,0.000000,11115.221308,12049.906641,934.685333,6.260208,1.779288,84.203720,0.000000,7.756785,14.902494,12.053515,3.633385,0.341932,7,0.000000,0,0,0,99.038462,4.614164,99.038462,28.858646,2583.568577,10806.245565,0.000000,363.501172
9480.000000,pure-acoustic,none,hardware,1,0,0,1,priority,0.000500,180,15,hybrid,0.050000,4000.000000,6.087000,52.000000,500.000000,500.000000,2.000000,120.000000,0.000000,208,121,206,0,206,24,61,121,0,0,0,0,0,0,0,0,0.000000,0.000000,0.000000,clear-ocean,30.000000,60.000000,0.151000,1800,5016408,1286.258462,13.568127,118,31,2,85,0,280,73,1,206,0,0,0,0,0,0,0,0,0,0,0,0,0,0,0,24,63,121,24,61,121,14.033191,16.668798,37.944528,0.000000,3.174603,0.000000,0,0,0,12055.306641,22.890231,188.227692,10990.988718,758.485330,215.436570,10146.699409,0.000000,0.000000,11120.621308,12055.306641,934.685333,6.291713,1.787068,84.167908,0.000000,7.753310,14.902494,12.053515,3.633385,0.339768,7,0.000000,0,0,0,99.038462,4.614164,99.038462,28.858646,2567.216878,10720.138849,0.000000,425.893002
9540.000000,pure-acoustic,none,hardware,1,0,0,1,priority,0.000500,180,15,hybrid,0.050000,4000.000000,6.087000,52.000000,500.000000,500.000000,2.000000,120.000000,0.000000,208,121,206,0,206,24,61,121,0,0,0,0,0,0,0,0,0.000000,0.000000,0.000000,clear-ocean,30.000000,60.000000,0.151000,1800,5016408,1286.258462,13.482793,118,31,2,85,0,280,73,1,206,0,0,0,0,0,0,0,0,0,0,0,0,0,0,0,24,63,121,24,61,121,14.033191,16.668798,37.944528,0.000000,3.174603,0.000000,0,0,0,12060.706641,22.890231,188.227692,10990.988718,762.621500,216.470612,10146.929196,0.000000,0.000000,11126.021308,12060.706641,934.685333,6.323191,1.794842,84.132128,0.000000,7.749839,14.902494,12.053515,3.633385,0.337631,7,0.000000,0,0,0,99.038462,4.614164,99.038462,28.858646,2551.070860,10634.032133,0.000000,471.606815
9600.000000,pure-acoustic,none,hardware,1,0,0,1,priority,0.000500,180,15,hybrid,0.050000,4000.000000,6.087000,52.000000,500.000000,500.000000,2.000000,120.000000,0.000000,208,121,206,0,206,24,61,121,0,0,0,0,0,0,0,0,0.000000,0.000000,0.000000,clear-ocean,30.000000,60.000000,0.151000,1800,5016408,1286.258462,13.398526,118,31,2,85,0,280,73,1,206,0,0,0,0,0,0,0,0,0,0,0,0,0,0,0,24,63,121,24,61,121,14.033191,16.668798,37.944528,0.000000,3.174603,0.000000,0,0,0,12066.106641,22.890231,188.227692,10990.988718,766.757670,217.504655,10147.158983,0.000000,0.000000,11131.421308,12066.106641,934.685333,6.354640,1.802608,84.096381,0.000000,7.746371,14.902494,12.053515,3.633385,0.335521,7,0.000000,0,0,0,99.038462,4.614164,99.038462,28.858646,2535.126667,10547.925417,0.000000,496.308069
9660.000000,pure-acoustic,none,hardware,1,0,0,1,priority,0.000500,180,15,hybrid,0.050000,4000.000000,6.087000,52.000000,500.000000,500.000000,2.000000,120.000000,0.000000,208,121,206,0,206,24,61,121,0,0,0,0,0,0,0,0,0.000000,0.000000,0.000000,clear-ocean,30.000000,60.000000,0.151000,1800,5016408,1286.258462,13.315305,118,31,2,85,0,280,73,1,206,0,0,0,0,0,0,0,0,0,0,0,0,0,0,0,24,63,121,24,61,121,14.033191,16.668798,37.944528,0.000000,3.174603,0.000000,0,0,0,12071.506641,22.890231,188.227692,10990.988718,770.893840,218.538697,10147.388770,0.000000,0.000000,11136.821308,12071.506641,934.685333,6.386062,1.810368,84.060665,0.000000,7.742905,14.902494,12.053515,3.633385,0.333437,7,0.000000,0,0,0,99.038462,4.614164,99.038462,28.858646,2519.380538,10461.818701,-0.000000,497.654611
9720.000000,pure-acoustic,none,hardware,1,0,0,1,priority,0.000500,180,15,hybrid,0.050000,4000.000000,6.087000,52.000000,500.000000,500.000000,2.000000,120.000000,0.000000,208,121,206,0,206,24,61,121,0,0,0,0,0,0,0,0,0.000000,0.000000,0.000000,clear-ocean,30.000000,60.000000,0.151000,1800,5016408,1286.258462,13.233112,118,31,2,85,0,280,73,1,206,0,0,0,0,0,0,0,0,0,0,0,0,0,0,0,24,63,121,24,61,121,14.033191,16.668798,37.944528,0.000000,3.174603,0.000000,0,0,0,12076.906641,22.890231,188.227692,10990.988718,775.030010,219.572740,10147.618558,0.000000,0.000000,11142.221308,12076.906641,934.685333,6.417455,1.818121,84.024981,0.000000,7.739443,14.902494,12.053515,3.633385,0.331379,7,0.000000,0,0,0,99.038462,4.614164,99.038462,28.858646,2503.828807,10375.711985,-0.000000,475.518765
9780.000000,pure-acoustic,none,hardware,1,0,0,1,priority,0.000500,180,15,hybrid,0.050000,4000.000000,6.087000,52.000000,500.000000,500.000000,2.000000,120.000000,0.000000,208,121,206,0,206,24,61,121,0,0,0,0,0,0,0,0,0.000000,0.000000,0.000000,clear-ocean,30.000000,60.000000,0.151000,1800,5016408,1286.258462,13.151927,118,31,2,85,0,280,73,1,206,0,0,0,0,0,0,0,0,0,0,0,0,0,0,0,24,63,121,24,61,121,14.033191,16.668798,37.944528,0.000000,3.174603,0.000000,0,0,0,12082.306641,22.890231,188.227692,10990.988718,779.166181,220.606782,10147.848345,0.000000,0.000000,11147.621308,12082.306641,934.685333,6.448820,1.825866,83.989330,0.000000,7.735984,14.902494,12.053515,3.633385,0.329346,7,0.000000,0,0,0,99.038462,4.614164,99.038462,28.858646,2488.467894,10289.605268,-0.000000,431.999432
9840.000000,pure-acoustic,none,hardware,1,0,0,1,priority,0.000500,180,15,hybrid,0.050000,4000.000000,6.087000,52.000000,500.000000,500.000000,2.000000,120.000000,0.000000,208,121,206,0,206,24,61,121,0,0,0,0,0,0,0,0,0.000000,0.000000,0.000000,clear-ocean,30.000000,60.000000,0.151000,1800,5016408,1286.258462,13.071732,118,31,2,85,0,280,73,1,206,0,0,0,0,0,0,0,0,0,0,0,0,0,0,0,24,63,121,24,61,121,14.033191,16.668798,37.944528,0.000000,3.174603,0.000000,0,0,0,12087.706641,22.890231,188.227692,10990.988718,783.302351,221.640825,10148.078132,0.000000,0.000000,11153.021308,12087.706641,934.685333,6.480157,1.833605,83.953710,0.000000,7.732528,14.902494,12.053515,3.633385,0.327337,7,0.000000,0,0,0,99.038462,4.614164,99.038462,28.858646,2473.294309,10203.498552,-0.000000,371.223075
9900.000000,pure-acoustic,none,hardware,1,0,0,1,priority,0.000500,180,15,hybrid,0.050000,4000.000000,6.087000,52.000000,500.000000,500.000000,2.000000,120.000000,0.000000,208,121,206,0,206,24,61,121,0,0,0,0,0,0,0,0,0.000000,0.000000,0.000000,clear-ocean,30.000000,60.000000,0.151000,1800,5016408,1286.258462,12.992510,118,31,2,85,0,280,73,1,206,0,0,0,0,0,0,0,0,0,0,0,0,0,0,0,24,63,121,24,61,121,14.033191,16.668798,37.944528,0.000000,3.174603,0.000000,0,0,0,12093.106641,22.890231,188.227692,10990.988718,787.438521,222.674867,10148.307919,0.000000,0.000000,11158.421308,12093.106641,934.685333,6.511466,1.841337,83.918121,0.000000,7.729075,14.902494,12.053515,3.633385,0.325354,7,0.000000,0,0,0,99.038462,4.614164,99.038462,28.858646,2458.304646,10117.391836,-0.000000,298.952455
9960.000000,pure-acoustic,none,hardware,1,0,0,1,priority,0.000500,180,15,hybrid,0.050000,4000.000000,6.087000,52.000000,500.000000,500.000000,2.000000,120.000000,0.000000,208,121,206,0,206,24,61,121,0,0,0,0,0,0,0,0,0.000000,0.000000,0.000000,clear-ocean,30.000000,60.000000,0.151000,1800,5016408,1286.258462,12.914242,118,31,2,85,0,280,73,1,206,0,0,0,0,0,0,0,0,0,0,0,0,0,0,0,24,63,121,24,61,121,14.033191,16.668798,37.944528,0.000000,3.174603,0.000000,0,0,0,12098.506641,22.890231,188.227692,10990.988718,791.574691,223.708910,10148.537706,0.000000,0.000000,11163.821308,12098.506641,934.685333,6.542747,1.849062,83.882565,0.000000,7.725626,14.902494,12.053515,3.633385,0.323394,7,0.000000,0,0,0,99.038462,4.614164,99.038462,28.858646,2443.495582,10031.285120,-0.000000,222.040207
10020.000000,pure-acoustic,none,hardware,1,0,0,1,priority,0.000500,180,15,hybrid,0.050000,4000.000000,6.087000,52.000000,500.000000,500.000000,2.000000,120.000000,0.000000,208,121,206,0,206,24,61,121,0,0,0,0,0,0,0,0,0.000000,0.000000,0.000000,clear-ocean,30.000000,60.000000,0.151000,1800,5016408,1286.258462,12.836911,118,31,2,85,0,280,73,1,206,0,0,0,0,0,0,0,0,0,0,0,0,0,0,0,24,63,121,24,61,121,14.033191,16.668798,37.944528,0.000000,3.174603,0.000000,0,0,0,12103.906641,22.890231,188.227692,10990.988718,795.710861,224.742953,10148.767494,0.000000,0.000000,11169.221308,12103.906641,934.685333,6.574000,1.856780,83.847040,0.000000,7.722179,14.902494,12.053515,3.633385,0.321457,7,0.000000,0,0,0,99.038462,4.614164,99.038462,28.858646,2428.863872,9945.178404,-0.000000,147.779081
10080.000000,pure-acoustic,none,hardware,1,0,0,1,priority,0.000500,180,15,hybrid,0.050000,4000.000000,6.087000,52.000000,500.000000,500.000000,2.000000,120.000000,0.000000,208,121,206,0,206,24,61,121,0,0,0,0,0,0,0,0,0.000000,0.000000,0.000000,clear-ocean,30.000000,60.000000,0.151000,1800,5016408,1286.258462,12.760501,118,31,2,85,0,280,73,1,206,0,0,0,0,0,0,0,0,0,0,0,0,0,0,0,24,63,121,24,61,121,14.033191,16.668798,37.944528,0.000000,3.174603,0.000000,0,0,0,12109.306641,22.890231,188.227692,10990.988718,799.847032,225.776995,10148.997281,0.000000,0.000000,11174.621308,12109.306641,934.685333,6.605226,1.864492,83.811547,0.000000,7.718735,14.902494,12.053515,3.633385,0.319544,7,0.000000,0,0,0,99.038462,4.614164,99.038462,28.858646,2414.406349,9859.071688,-0.000000,83.210451
10140.000000,pure-acoustic,none,hardware,1,0,0,1,priority,0.000500,180,15,hybrid,0.050000,4000.000000,6.087000,52.000000,500.000000,500.000000,2.000000,120.000000,0.000000,208,121,206,0,206,24,61,121,0,0,0,0,0,0,0,0,0.000000,0.000000,0.000000,clear-ocean,30.000000,60.000000,0.151000,1800,5016408,1286.258462,12.684995,118,31,2,85,0,280,73,1,206,0,0,0,0,0,0,0,0,0,0,0,0,0,0,0,24,63,121,24,61,121,14.033191,16.668798,37.944528,0.000000,3.174603,0.000000,0,0,0,12114.706641,22.890231,188.227692,10990.988718,803.983202,226.811038,10149.227068,0.000000,0.000000,11180.021308,12114.706641,934.685333,6.636423,1.872196,83.776086,0.000000,7.715295,14.902494,12.053515,3.633385,0.317653,7,0.000000,0,0,0,99.038462,4.614164,99.038462,28.858646,2400.119921,9772.964972,-0.000000,34.456658
10200.000000,pure-acoustic,none,hardware,1,0,0,1,priority,0.000500,180,15,hybrid,0.050000,4000.000000,6.087000,52.000000,500.000000,500.000000,2.000000,120.000000,0.000000,208,121,206,0,206,24,61,121,0,0,0,0,0,0,0,0,0.000000,0.000000,0.000000,clear-ocean,30.000000,60.000000,0.151000,1800,5016408,1286.258462,12.610377,118,31,2,85,0,280,73,1,206,0,0,0,0,0,0,0,0,0,0,0,0,0,0,0,24,63,121,24,61,121,14.033191,16.668798,37.944528,0.000000,3.174603,0.000000,0,0,0,12120.106641,22.890231,188.227692,10990.988718,808.119372,227.845080,10149.456855,0.000000,0.000000,11185.421308,12120.106641,934.685333,6.667593,1.879893,83.740656,0.000000,7.711857,14.902494,12.053515,3.633385,0.315784,7,0.000000,0,0,0,99.038462,4.614164,99.038462,28.858646,2386.001569,9686.858255,-0.000000,6.140491
10260.000000,pure-acoustic,none,hardware,1,0,0,1,priority,0.000500,180,15,hybrid,0.050000,4000.000000,6.087000,52.000000,500.000000,500.000000,2.000000,120.000000,0.000000,208,121,206,0,206,24,61,121,0,0,0,0,0,0,0,0,0.000000,0.000000,0.000000,clear-ocean,30.000000,60.000000,0.151000,1800,5016408,1286.258462,12.536632,118,31,2,85,0,280,73,1,206,0,0,0,0,0,0,0,0,0,0,0,0,0,0,0,24,63,121,24,61,121,14.033191,16.668798,37.944528,0.000000,3.174603,0.000000,0,0,0,12125.506641,22.890231,188.227692,10990.988718,812.255542,228.879123,10149.686643,0.000000,0.000000,11190.821308,12125.506641,934.685333,6.698735,1.887584,83.705258,0.000000,7.708423,14.902494,12.053515,3.633385,0.313938,7,0.000000,0,0,0,99.038462,4.614164,99.038462,28.858646,2372.048343,9600.751539,0.000000,0.946864
10320.000000,pure-acoustic,none,hardware,1,0,0,1,priority,0.000500,180,15,hybrid,0.050000,4000.000000,6.087000,52.000000,500.000000,500.000000,2.000000,120.000000,0.000000,208,121,206,0,206,24,61,121,0,0,0,0,0,0,0,0,0.000000,0.000000,0.000000,clear-ocean,30.000000,60.000000,0.151000,1800,5016408,1286.258462,12.463745,118,31,2,85,0,280,73,1,206,0,0,0,0,0,0,0,0,0,0,0,0,0,0,0,24,63,121,24,61,121,14.033191,16.668798,37.944528,0.000000,3.174603,0.000000,0,0,0,12130.906641,22.890231,188.227692,10990.988718,816.391712,229.913165,10149.916430,0.000000,0.000000,11196.221308,12130.906641,934.685333,6.729849,1.895268,83.669892,0.000000,7.704992,14.902494,12.053515,3.633385,0.312112,7,0.000000,0,0,0,99.038462,4.614164,99.038462,28.858646,2358.257364,9514.644823,0.000000,19.368233
10380.000000,pure-acoustic,none,hardware,1,0,0,1,priority,0.000500,180,15,hybrid,0.050000,4000.000000,6.087000,52.000000,500.000000,500.000000,2.000000,120.000000,0.000000,208,121,206,0,206,24,61,121,0,0,0,0,0,0,0,0,0.000000,0.000000,0.000000,clear-ocean,30.000000,60.000000,0.151000,1800,5016408,1286.258462,12.391700,118,31,2,85,0,280,73,1,206,0,0,0,0,0,0,0,0,0,0,0,0,0,0,0,24,63,121,24,61,121,14.033191,16.668798,37.944528,0.000000,3.174603,0.000000,0,0,0,12136.306641,22.890231,188.227692,10990.988718,820.527883,230.947208,10150.146217,0.000000,0.000000,11201.621308,12136.306641,934.685333,6.760936,1.902945,83.634556,0.000000,7.701563,14.902494,12.053515,3.633385,0.310308,7,0.000000,0,0,0,99.038462,4.614164,99.038462,28.858646,2344.625819,9428.538107,0.000000,59.657900
10440.000000,pure-acoustic,none,hardware,1,0,0,1,priority,0.000500,180,15,hybrid,0.050000,4000.000000,6.087000,52.000000,500.000000,500.000000,2.000000,120.000000,0.000000,208,121,206,0,206,24,61,121,0,0,0,0,0,0,0,0,0.000000,0.000000,0.000000,clear-ocean,30.000000,60.000000,0.151000,1800,5016408,1286.258462,12.320483,118,31,2,85,0,280,73,1,206,0,0,0,0,0,0,0,0,0,0,0,0,0,0,0,24,63,121,24,61,121,14.033191,16.668798,37.944528,0.000000,3.174603,0.000000,0,0,0,12141.706641,22.890231,188.227692,10990.988718,824.664053,231.981250,10150.376004,0.000000,0.000000,11207.021308,12141.706641,934.685333,6.791995,1.910615,83.599253,0.000000,7.698138,14.902494,12.053515,3.633385,0.308525,7,0.000000,0,0,0,99.038462,4.614164,99.038462,28.858646,2331.150958,9342.431391,0.000000,117.995634
10500.000000,pure-acoustic,none,hardware,1,0,0,1,priority,0.000500,180,15,hybrid,0.050000,4000.000000,6.087000,52.000000,500.000000,500.000000,2.000000,120.000000,0.000000,208,121,206,0,206,24,61,121,0,0,0,0,0,0,0,0,0.000000,0.000000,0.000000,clear-ocean,30.000000,60.000000,0.151000,1800,5016408,1286.258462,12.250081,118,31,2,85,0,280,73,1,206,0,0,0,0,0,0,0,0,0,0,0,0,0,0,0,24,63,121,24,61,121,14.033191,16.668798,37.944528,0.000000,3.174603,0.000000,0,0,0,12147.106641,22.890231,188.227692,10990.988718,828.800223,233.015293,10150.605792,0.000000,0.000000,11212.421308,12147.106641,934.685333,6.823026,1.918278,83.563980,0.000000,7.694716,14.902494,12.053515,3.633385,0.306762,7,0.000000,0,0,0,99.038462,4.614164,99.038462,28.858646,2317.830095,9256.324675,0.000000,188.849904
10560.000000,pure-acoustic,none,hardware,1,0,0,1,priority,0.000500,180,15,hybrid,0.050000,4000.000000,6.087000,52.000000,500.000000,500.000000,2.000000,120.000000,0.000000,208,121,206,0,206,24,61,121,0,0,0,0,0,0,0,0,0.000000,0.000000,0.000000,clear-ocean,30.000000,60.000000,0.151000,1800,5016408,1286.258462,12.180478,118,31,2,85,0,280,73,1,206,0,0,0,0,0,0,0,0,0,0,0,0,0,0,0,24,63,121,24,61,121,14.033191,16.668798,37.944528,0.000000,3.174603,0.000000,0,0,0,12152.506641,22.890231,188.227692,10990.988718,832.936393,234.049336,10150.835579,0.000000,0.000000,11217.821308,12152.506641,934.685333,6.854030,1.925935,83.528739,0.000000,7.691297,14.902494,12.053515,3.633385,0.305019,7,0.000000,0,0,0,99.038462,4.614164,99.038462,28.858646,2304.660606,9170.217959,0.000000,265.502372
10620.000000,pure-acoustic,none,hardware,1,0,0,1,priority,0.000500,180,15,hybrid,0.050000,4000.000000,6.087000,52.000000,500.000000,500.000000,2.000000,120.000000,0.000000,208,121,206,0,206,24,61,121,0,0,0,0,0,0,0,0,0.000000,0.000000,0.000000,clear-ocean,30.000000,60.000000,0.151000,1800,5016408,1286.258462,12.111662,118,31,2,85,0,280,73,1,206,0,0,0,0,0,0,0,0,0,0,0,0,0,0,0,24,63,121,24,61,121,14.033191,16.668798,37.944528,0.000000,3.174603,0.000000,0,0,0,12157.906641,22.890231,188.227692,10990.988718,837.072564,235.083378,10151.065366,0.000000,0.000000,11223.221308,12157.906641,934.685333,6.885006,1.933584,83.493529,0.000000,7.687880,14.902494,12.053515,3.633385,0.303296,7,0.000000,0,0,0,99.038462,4.614164,99.038462,28.858646,2291.639925,9084.111242,0.000000,340.684918
10680.000000,pure-acoustic,none,hardware,1,0,0,1,priority,0.000500,180,15,hybrid,0.050000,4000.000000,6.087000,52.000000,500.000000,500.000000,2.000000,120.000000,0.000000,208,121,206,0,206,24,61,121,0,0,0,0,0,0,0,0,0.000000,0.000000,0.000000,clear-ocean,30.000000,60.000000,0.151000,1800,5016408,1286.258462,12.043619,118,31,2,85,0,280,73,1,206,0,0,0,0,0,0,0,0,0,0,0,0,0,0,0,24,63,121,24,61,121,14.033191,16.668798,37.944528,0.000000,3.174603,0.000000,0,0,0,12163.306641,22.890231,188.227692,10990.988718,841.208734,236.117421,10151.295153,0.000000,0.000000,11228.621308,12163.306641,934.685333,6.915954,1.941227,83.458351,0.000000,7.684467,14.902494,12.053515,3.633385,0.301592,7,0.000000,0,0,0,99.038462,4.614164,99.038462,28.858646,2278.765543,8998.004526,0.000000,407.268802
10740.000000,pure-acoustic,none,hardware,1,0,0,1,priority,0.000500,180,15,hybrid,0.050000,4000.000000,6.087000,52.000000,500.000000,500.000000,2.000000,120.000000,0.000000,208,121,206,0,206,24,61,121,0,0,0,0,0,0,0,0,0.000000,0.000000,0.000000,clear-ocean,30.000000,60.000000,0.151000,1800,5016408,1286.258462,11.976336,118,31,2,85,0,280,73,1,206,0,0,0,0,0,0,0,0,0,0,0,0,0,0,0,24,63,121,24,61,121,14.033191,16.668798,37.944528,0.000000,3.174603,0.000000,0,0,0,12168.706641,22.890231,188.227692,10990.988718,845.344904,237.151463,10151.524941,0.000000,0.000000,11234.021308,12168.706641,934.685333,6.946876,1.948863,83.423204,0.000000,7.681057,14.902494,12.053515,3.633385,0.299907,7,0.000000,0,0,0,99.038462,4.614164,99.038462,28.858646,2266.035009,8911.897810,0.000000,458.940599
10800.000000,pure-acoustic,none,hardware,1,0,0,1,priority,0.000500,180,15,hybrid,0.050000,4000.000000,6.087000,52.000000,500.000000,500.000000,2.000000,120.000000,0.000000,208,121,206,0,206,24,61,121,0,0,0,0,0,0,0,0,0.000000,0.000000,0.000000,clear-ocean,30.000000,60.000000,0.151000,1800,5016408,1286.258462,11.909801,118,31,2,85,0,280,73,1,206,0,0,0,0,0,0,0,0,0,0,0,0,0,0,0,24,63,121,24,61,121,14.033191,16.668798,37.944528,0.000000,3.174603,0.000000,0,0,0,12174.106641,22.890231,188.227692,10990.988718,849.481074,238.185506,10151.754728,0.000000,0.000000,11239.421308,12174.106641,934.685333,6.977769,1.956493,83.388088,0.000000,7.677650,14.902494,12.053515,3.633385,0.298241,7,0.000000,0,0,0,99.038462,4.614164,99.038462,28.858646,2253.445926,8825.791094,0.000000,490.800835
10860.000000,pure-acoustic,none,hardware,1,0,0,1,priority,0.000500,180,15,hybrid,0.050000,4000.000000,6.087000,52.000000,500.000000,500.000000,2.000000,120.000000,0.000000,208,121,206,0,206,24,61,121,0,0,0,0,0,0,0,0,0.000000,0.000000,0.000000,clear-ocean,30.000000,60.000000,0.151000,1800,5016408,1286.258462,11.844001,118,31,2,85,0,280,73,1,206,0,0,0,0,0,0,0,0,0,0,0,0,0,0,0,24,63,121,24,61,121,14.033191,16.668798,37.944528,0.000000,3.174603,0.000000,0,0,0,12179.506641,22.890231,188.227692,10990.988718,853.617244,239.219548,10151.984515,0.000000,0.000000,11244.821308,12179.506641,934.685333,7.008636,1.964115,83.353003,0.000000,7.674246,14.902494,12.053515,3.633385,0.296593,7,0.000000,0,0,0,99.038462,4.614164,99.038462,28.858646,2240.995948,8739.684378,-0.000000,499.828551
10920.000000,pure-acoustic,none,hardware,1,0,0,1,priority,0.000500,180,15,hybrid,0.050000,4000.000000,6.087000,52.000000,500.000000,500.000000,2.000000,120.000000,0.000000,208,121,206,0,206,24,61,121,0,0,0,0,0,0,0,0,0.000000,0.000000,0.000000,clear-ocean,30.000000,60.000000,0.151000,1800,5016408,1286.258462,11.778924,118,31,2,85,0,280,73,1,206,0,0,0,0,0,0,0,0,0,0,0,0,0,0,0,24,63,121,24,61,121,14.033191,16.668798,37.944528,0.000000,3.174603,0.000000,0,0,0,12184.906641,22.890231,188.227692,10990.988718,857.753415,240.253591,10152.214302,0.000000,0.000000,11250.221308,12184.906641,934.685333,7.039475,1.971731,83.317949,0.000000,7.670845,14.902494,12.053515,3.633385,0.294963,7,0.000000,0,0,0,99.038462,4.614164,99.038462,28.858646,2228.682784,8653.577662,-0.000000,485.167748
10980.000000,pure-acoustic,none,hardware,1,0,0,1,priority,0.000500,180,15,hybrid,0.050000,4000.000000,6.087000,52.000000,500.000000,500.000000,2.000000,120.000000,0.000000,208,121,206,0,206,24,61,121,0,0,0,0,0,0,0,0,0.000000,0.000000,0.000000,clear-ocean,30.000000,60.000000,0.151000,1800,5016408,1286.258462,11.714558,118,31,2,85,0,280,73,1,206,0,0,0,0,0,0,0,0,0,0,0,0,0,0,0,24,63,121,24,61,121,14.033191,16.668798,37.944528,0.000000,3.174603,0.000000,0,0,0,12190.306641,22.890231,188.227692,10990.988718,861.889585,241.287633,10152.444089,0.000000,0.000000,11255.621308,12190.306641,934.685333,7.070286,1.979340,83.282926,0.000000,7.667447,14.902494,12.053515,3.633385,0.293352,7,0.000000,0,0,0,99.038462,4.614164,99.038462,28.858646,2216.504189,8567.470946,-0.000000,448.208549
11040.000000,pure-acoustic,none,hardware,1,0,0,1,priority,0.000500,180,15,hybrid,0.050000,4000.000000,6.087000,52.000000,500.000000,500.000000,2.000000,120.000000,0.000000,208,121,206,0,206,24,61,121,0,0,0,0,0,0,0,0,0.000000,0.000000,0.000000,clear-ocean,30.000000,60.000000,0.151000,1800,5016408,1286.258462,11.650892,118,31,2,85,0,280,73,1,206,0,0,0,0,0,0,0,0,0,0,0,0,0,0,0,24,63,121,24,61,121,14.033191,16.668798,37.944528,0.000000,3.174603,0.000000,0,0,0,12195.706641,22.890231,188.227692,10990.988718,866.025755,242.321676,10152.673877,0.000000,0.000000,11261.021308,12195.706641,934.685333,7.101071,1.986942,83.247935,0.000000,7.664052,14.902494,12.053515,3.633385,0.291757,7,0.000000,0,0,0,99.038462,4.614164,99.038462,28.858646,2204.457971,8481.364229,-0.000000,392.455393
11100.000000,pure-acoustic,none,hardware,1,0,0,1,priority,0.000500,180,15,hybrid,0.050000,4000.000000,6.087000,52.000000,500.000000,500.000000,2.000000,120.000000,0.000000,208,121,206,0,206,24,61,121,0,0,0,0,0,0,0,0,0.000000,0.000000,0.000000,clear-ocean,30.000000,60.000000,0.151000,1800,5016408,1286.258462,11.587914,118,31,2,85,0,280,73,1,206,0,0,0,0,0,0,0,0,0,0,0,0,0,0,0,24,63,121,24,61,121,14.033191,16.668798,37.944528,0.000000,3.174603,0.000000,0,0,0,12201.106641,22.890231,188.227692,10990.988718,870.161925,243.355718,10152.903664,0.000000,0.000000,11266.421308,12201.106641,934.685333,7.131828,1.994538,83.212974,0.000000,7.660660,14.902494,12.053515,3.633385,0.290180,7,0.000000,0,0,0,99.038462,4.614164,99.038462,28.858646,2192.541982,8395.257513,-0.000000,323.194744
11160.000000,pure-acoustic,none,hardware,1,0,0,1,priority,0.000500,180,15,hybrid,0.050000,4000.000000,6.087000,52.000000,500.000000,500.000000,2.000000,120.000000,0.000000,208,121,206,0,206,24,61,121,0,0,0,0,0,0,0,0,0.000000,0.000000,0.000000,clear-ocean,30.000000,60.000000,0.151000,1800,5016408,1286.258462,11.525613,118,31,2,85,0,280,73,1,206,0,0,0,0,0,0,0,0,0,0,0,0,0,0,0,24,63,121,24,61,121,14.033191,16.668798,37.944528,0.000000,3.174603,0.000000,0,0,0,12206.506641,22.890231,188.227692,10990.988718,874.298095,244.389761,10153.133451,0.000000,0.000000,11271.821308,12206.506641,934.685333,7.162558,2.002127,83.178044,0.000000,7.657271,14.902494,12.053515,3.633385,0.288620,7,0.000000,0,0,0,99.038462,4.614164,99.038462,28.858646,2180.754122,8309.150797,-0.000000,246.993835
11220.000000,pure-acoustic,none,hardware,1,0,0,1,priority,0.000500,180,15,hybrid,0.050000,4000.000000,6.087000,52.000000,500.000000,500.000000,2.000000,120.000000,0.000000,208,121,206,0,206,24,61,121,0,0,0,0,0,0,0,0,0.000000,0.000000,0.000000,clear-ocean,30.000000,60.000000,0.151000,1800,5016408,1286.258462,11.463979,118,31,2,85,0,280,73,1,206,0,0,0,0,0,0,0,0,0,0,0,0,0,0,0,24,63,121,24,61,121,14.033191,16.668798,37.944528,0.000000,3.174603,0.000000,0,0,0,12211.906641,22.890231,188.227692,10990.988718,878.434266,245.423804,10153.363238,0.000000,0.000000,11277.221308,12211.906641,934.685333,7.193261,2.009709,83.143145,0.000000,7.653885,14.902494,12.053515,3.633385,0.287077,7,0.000000,0,0,0,99.038462,4.614164,99.038462,28.858646,2169.092335,8223.044081,-0.000000,171.077968
11280.000000,pure-acoustic,none,hardware,1,0,0,1,priority,0.000500,180,15,hybrid,0.050000,4000.000000,6.087000,52.000000,500.000000,500.000000,2.000000,120.000000,0.000000,208,121,206,0,206,24,61,121,0,0,0,0,0,0,0,0,0.000000,0.000000,0.000000,clear-ocean,30.000000,60.000000,0.151000,1800,5016408,1286.258462,11.403001,118,31,2,85,0,280,73,1,206,0,0,0,0,0,0,0,0,0,0,0,0,0,0,0,24,63,121,24,61,121,14.033191,16.668798,37.944528,0.000000,3.174603,0.000000,0,0,0,12217.306641,22.890231,188.227692,10990.988718,882.570436,246.457846,10153.593026,0.000000,0.000000,11282.621308,12217.306641,934.685333,7.223936,2.017285,83.108277,0.000000,7.650502,14.902494,12.053515,3.633385,0.285550,7,0.000000,0,0,0,99.038462,4.614164,99.038462,28.858646,2157.554610,8136.937365,-0.000000,102.645417
11340.000000,pure-acoustic,none,hardware,1,0,0,1,priority,0.000500,180,15,hybrid,0.050000,4000.000000,6.087000,52.000000,500.000000,500.000000,2.000000,120.000000,0.000000,208,121,206,0,206,24,61,121,0,0,0,0,0,0,0,0,0.000000,0.000000,0.000000,clear-ocean,30.000000,60.000000,0.151000,1800,5016408,1286.258462,11.342667,118,31,2,85,0,280,73,1,206,0,0,0,0,0,0,0,0,0,0,0,0,0,0,0,24,63,121,24,61,121,14.033191,16.668798,37.944528,0.000000,3.174603,0.000000,0,0,0,12222.706641,22.890231,188.227692,10990.988718,886.706606,247.491889,10153.822813,0.000000,0.000000,11288.021308,12222.706641,934.685333,7.254585,2.024853,83.073440,0.000000,7.647122,14.902494,12.053515,3.633385,0.284039,7,0.000000,0,0,0,99.038462,4.614164,99.038462,28.858646,2146.138977,8050.830649,-0.000000,48.184896
11400.000000,pure-acoustic,none,hardware,1,0,0,1,priority,0.000500,180,15,hybrid,0.050000,4000.000000,6.087000,52.000000,500.000000,500.000000,2.000000,120.000000,0.000000,208,121,206,0,206,24,61,121,0,0,0,0,0,0,0,0,0.000000,0.000000,0.000000,clear-ocean,30.000000,60.000000,0.151000,1800,5016408,1286.258462,11.282969,118,31,2,85,0,280,73,1,206,0,0,0,0,0,0,0,0,0,0,0,0,0,0,0,24,63,121,24,61,121,14.033191,16.668798,37.944528,0.000000,3.174603,0.000000,0,0,0,12228.106641,22.890231,188.227692,10990.988718,890.842776,248.525931,10154.052600,0.000000,0.000000,11293.421308,12228.106641,934.685333,7.285206,2.032415,83.038633,0.000000,7.643745,14.902494,12.053515,3.633385,0.282544,7,0.000000,0,0,0,99.038462,4.614164,99.038462,28.858646,2134.843509,7964.723933,-0.000000,12.860303
11460.000000,pure-acoustic,none,hardware,1,0,0,1,priority,0.000500,180,15,hybrid,0.050000,4000.000000,6.087000,52.000000,500.000000,500.000000,2.000000,120.000000,0.000000,208,121,206,0,206,24,61,121,0,0,0,0,0,0,0,0,0.000000,0.000000,0.000000,clear-ocean,30.000000,60.000000,0.151000,1800,5016408,1286.258462,11.223896,118,31,2,85,0,280,73,1,206,0,0,0,0,0,0,0,0,0,0,0,0,0,0,0,24,63,121,24,61,121,14.033191,16.668798,37.944528,0.000000,3.174603,0.000000,0,0,0,12233.506641,22.890231,188.227692,10990.988718,894.978947,249.559974,10154.282387,0.000000,0.000000,11298.821308,12233.506641,934.685333,7.315801,2.039971,83.003857,0.000000,7.640371,14.902494,12.053515,3.633385,0.281065,7,0.000000,0,0,0,99.038462,4.614164,99.038462,28.858646,2123.666318,7878.617216,-0.000000,0.021083
11520.000000,pure-acoustic,none,hardware,1,0,0,1,priority,0.000500,180,15,hybrid,0.050000,4000.000000,6.087000,52.000000,500.000000,500.000000,2.000000,120.000000,0.000000,208,121,206,0,206,24,61,121,0,0,0,0,0,0,0,0,0.000000,0.000000,0.000000,clear-ocean,30.000000,60.000000,0.151000,1800,5016408,1286.258462,11.165438,118,31,2,85,0,280,73,1,206,0,0,0,0,0,0,0,0,0,0,0,0,0,0,0,24,63,121,24,61,121,14.033191,16.668798,37.944528,0.000000,3.174603,0.000000,0,0,0,12238.906641,22.890231,188.227692,10990.988718,899.115117,250.594016,10154.512175,0.000000,0.000000,11304.221308,12238.906641,934.685333,7.346368,2.047520,82.969112,0.000000,7.637000,14.902494,12.053515,3.633385,0.279601,7,0.000000,0,0,0,99.038462,4.614164,99.038462,28.858646,2112.605556,7792.510500,0.000000,10.884641
11580.000000,pure-acoustic,none,hardware,1,0,0,1,priority,0.000500,180,15,hybrid,0.050000,4000.000000,6.087000,52.000000,500.000000,500.000000,2.000000,120.000000,0.000000,208,121,206,0,206,24,61,121,0,0,0,0,0,0,0,0,0.000000,0.000000,0.000000,clear-ocean,30.000000,60.000000,0.151000,1800,5016408,1286.258462,11.107586,118,31,2,85,0,280,73,1,206,0,0,0,0,0,0,0,0,0,0,0,0,0,0,0,24,63,121,24,61,121,14.033191,16.668798,37.944528,0.000000,3.174603,0.000000,0,0,0,12244.306641,22.890231,188.227692,10990.988718,903.251287,251.628059,10154.741962,0.000000,0.000000,11309.621308,12244.306641,934.685333,7.376908,2.055062,82.934398,0.000000,7.633632,14.902494,12.053515,3.633385,0.278152,7,0.000000,0,0,0,99.038462,4.614164,99.038462,28.858646,2101.659413,7706.403784,0.000000,44.420903
11640.000000,pure-acoustic,none,hardware,1,0,0,1,priority,0.000500,180,15,hybrid,0.050000,4000.000000,6.087000,52.000000,500.000000,500.000000,2.000000,120.000000,0.000000,208,121,206,0,206,24,61,121,0,0,0,0,0,0,0,0,0.000000,0.000000,0.000000,clear-ocean,30.000000,60.000000,0.151000,1800,5016408,1286.258462,11.050330,118,31,2,85,0,280,73,1,206,0,0,0,0,0,0,0,0,0,0,0,0,0,0,0,24,63,121,24,61,121,14.033191,16.668798,37.944528,0.000000,3.174603,0.000000,0,0,0,12249.706641,22.890231,188.227692,10990.988718,907.387457,252.662101,10154.971749,0.000000,0.000000,11315.021308,12249.706641,934.685333,7.407422,2.062597,82.899714,0.000000,7.630267,14.902494,12.053515,3.633385,0.276718,7,0.000000,0,0,0,99.038462,4.614164,99.038462,28.858646,2090.826117,7620.297068,0.000000,97.449991
11700.000000,pure-acoustic,none,hardware,1,0,0,1,priority,0.000500,180,15,hybrid,0.050000,4000.000000,6.087000,52.000000,500.000000,500.000000,2.000000,120.000000,0.000000,208,121,206,0,206,24,61,121,0,0,0,0,0,0,0,0,0.000000,0.000000,0.000000,clear-ocean,30.000000,60.000000,0.151000,1800,5016408,1286.258462,10.993662,118,31,2,85,0,280,73,1,206,0,0,0,0,0,0,0,0,0,0,0,0,0,0,0,24,63,121,24,61,121,14.033191,16.668798,37.944528,0.000000,3.174603,0.000000,0,0,0,12255.106641,22.890231,188.227692,10990.988718,911.523627,253.696144,10155.201536,0.000000,0.000000,11320.421308,12255.106641,934.685333,7.437909,2.070126,82.865061,0.000000,7.626905,14.902494,12.053515,3.633385,0.275299,7,0.000000,0,0,0,99.038462,4.614164,99.038462,28.858646,2080.103932,7534.190352,0.000000,164.943734
11760.000000,pure-acoustic,none,hardware,1,0,0,1,priority,0.000500,180,15,hybrid,0.050000,4000.000000,6.087000,52.000000,500.000000,500.000000,2.000000,120.000000,0.000000,208,121,206,0,206,24,61,121,0,0,0,0,0,0,0,0,0.000000,0.000000,0.000000,clear-ocean,30.000000,60.000000,0.151000,1800,5016408,1286.258462,10.937572,118,31,2,85,0,280,73,1,206,0,0,0,0,0,0,0,0,0,0,0,0,0,0,0,24,63,121,24,61,121,14.033191,16.668798,37.944528,0.000000,3.174603,0.000000,0,0,0,12260.506641,22.890231,188.227692,10990.988718,915.659798,254.730187,10155.431324,0.000000,0.000000,11325.821308,12260.506641,934.685333,7.468368,2.077648,82.830438,0.000000,7.623546,14.902494,12.053515,3.633385,0.273895,7,0.000000,0,0,0,99.038462,4.614164,99.038462,28.858646,2069.491156,7448.083636,0.000000,240.502437
11820.000000,pure-acoustic,none,hardware,1,0,0,1,priority,0.000500,180,15,hybrid,0.050000,4000.000000,6.087000,52.000000,500.000000,500.000000,2.000000,120.000000,0.000000,208,121,206,0,206,24,61,121,0,0,0,0,0,0,0,0,0.000000,0.000000,0.000000,clear-ocean,30.000000,60.000000,0.151000,1800,5016408,1286.258462,10.882051,118,31,2,85,0,280,73,1,206,0,0,0,0,0,0,0,0,0,0,0,0,0,0,0,24,63,121,24,61,121,14.033191,16.668798,37.944528,0.000000,3.174603,0.000000,0,0,0,12265.906641,22.890231,188.227692,10990.988718,919.795968,255.764229,10155.661111,0.000000,0.000000,11331.221308,12265.906641,934.685333,7.498801,2.085164,82.795845,0.000000,7.620190,14.902494,12.053515,3.633385,0.272504,7,0.000000,0,0,0,99.038462,4.614164,99.038462,28.858646,2058.986125,7361.976920,0.000000,316.961690
11880.000000,pure-acoustic,none,hardware,1,0,0,1,priority,0.000500,180,15,hybrid,0.050000,4000.000000,6.087000,52.000000,500.000000,500.000000,2.000000,120.000000,0.000000,208,121,206,0,206,24,61,121,0,0,0,0,0,0,0,0,0.000000,0.000000,0.000000,clear-ocean,30.000000,60.000000,0.151000,1800,5016408,1286.258462,10.827091,118,31,2,85,0,280,73,1,206,0,0,0,0,0,0,0,0,0,0,0,0,0,0,0,24,63,121,24,61,121,14.033191,16.668798,37.944528,0.000000,3.174603,0.000000,0,0,0,12271.306641,22.890231,188.227692,10990.988718,923.932138,256.798272,10155.890898,0.000000,0.000000,11336.621308,12271.306641,934.685333,7.529207,2.092673,82.761284,0.000000,7.616836,14.902494,12.053515,3.633385,0.271128,7,0.000000,0,0,0,99.038462,4.614164,99.038462,28.858646,2048.587205,7275.870203,0.000000,387.071695
11940.000000,pure-acoustic,none,hardware,1,0,0,1,priority,0.000500,180,15,hybrid,0.050000,4000.000000,6.087000,52.000000,500.000000,500.000000,2.000000,120.000000,0.000000,208,121,206,0,206,24,61,121,0,0,0,0,0,0,0,0,0.000000,0.000000,0.000000,clear-ocean,30.000000,60.000000,0.151000,1800,5016408,1286.258462,10.772684,118,31,2,85,0,280,73,1,206,0,0,0,0,0,0,0,0,0,0,0,0,0,0,0,24,63,121,24,61,121,14.033191,16.668798,37.944528,0.000000,3.174603,0.000000,0,0,0,12276.706641,22.890231,188.227692,10990.988718,928.068308,257.832314,10156.120685,0.000000,0.000000,11342.021308,12276.706641,934.685333,7.559587,2.100175,82.726752,0.000000,7.613486,14.902494,12.053515,3.633385,0.269765,7,0.000000,0,0,0,99.038462,4.614164,99.038462,28.858646,2038.292797,7189.763487,0.000000,444.184685
12000.000000,pure-acoustic,none,hardware,1,0,0,1,priority,0.000500,180,15,hybrid,0.050000,4000.000000,6.087000,52.000000,500.000000,500.000000,2.000000,120.000000,0.000000,208,121,206,0,206,24,61,121,0,0,0,0,0,0,0,0,0.000000,0.000000,0.000000,clear-ocean,30.000000,60.000000,0.151000,1800,5016408,1286.258462,10.718821,118,31,2,85,0,280,73,1,206,0,0,0,0,0,0,0,0,0,0,0,0,0,0,0,24,63,121,24,61,121,14.033191,16.668798,37.944528,0.000000,3.174603,0.000000,0,0,0,12282.106641,22.890231,188.227692,10990.988718,932.204478,258.866357,10156.350472,0.000000,0.000000,11347.421308,12282.106641,934.685333,7.589940,2.107671,82.692251,0.000000,7.610139,14.902494,12.053515,3.633385,0.268417,7,0.000000,0,0,0,99.038462,4.614164,99.038462,28.858646,2028.101333,7103.656771,0.000000,482.885257
12060.000000,pure-acoustic,none,hardware,1,0,0,1,priority,0.000500,180,15,hybrid,0.050000,4000.000000,6.087000,52.000000,500.000000,500.000000,2.000000,120.000000,0.000000,208,121,206,0,206,24,61,121,0,0,0,0,0,0,0,0,0.000000,0.000000,0.000000,clear-ocean,30.000000,60.000000,0.151000,1800,5016408,1286.258462,10.665493,118,31,2,85,0,280,73,1,206,0,0,0,0,0,0,0,0,0,0,0,0,0,0,0,24,63,121,24,61,121,14.033191,16.668798,37.944528,0.000000,3.174603,0.000000,0,0,0,12287.506641,22.890231,188.227692,10990.988718,936.340649,259.900399,10156.580260,0.000000,0.000000,11352.821308,12287.506641,934.685333,7.620266,2.115160,82.657780,0.000000,7.606794,14.902494,12.053515,3.633385,0.267081,7,0.000000,0,0,0,99.038462,4.614164,99.038462,28.858646,2018.011277,7017.550055,0.000000,499.503857
12120.000000,pure-acoustic,none,hardware,1,0,0,1,priority,0.000500,180,15,hybrid,0.050000,4000.000000,6.087000,52.000000,500.000000,500.000000,2.000000,120.000000,0.000000,208,121,206,0,206,24,61,121,0,0,0,0,0,0,0,0,0.000000,0.000000,0.000000,clear-ocean,30.000000,60.000000,0.151000,1800,5016408,1286.258462,10.612694,118,31,2,85,0,280,73,1,206,0,0,0,0,0,0,0,0,0,0,0,0,0,0,0,24,63,121,24,61,121,14.033191,16.668798,37.944528,0.000000,3.174603,0.000000,0,0,0,12292.906641,22.890231,188.227692,10990.988718,940.476819,260.934442,10156.810047,0.000000,0.000000,11358.221308,12292.906641,934.685333,7.650565,2.122642,82.623340,0.000000,7.603453,14.902494,12.053515,3.633385,0.265759,7,0.000000,0,0,0,99.038462,4.614164,99.038462,28.858646,2008.021122,6931.443339,-0.000000,492.464725
12180.000000,pure-acoustic,none,hardware,1,0,0,1,priority,0.000500,180,15,hybrid,0.050000,4000.000000,6.087000,52.000000,500.000000,500.000000,2.000000,120.000000,0.000000,208,121,206,0,206,24,61,121,0,0,0,0,0,0,0,0,0.000000,0.000000,0.000000,clear-ocean,30.000000,60.000000,0.151000,1800,5016408,1286.258462,10.560414,118,31,2,85,0,280,73,1,206,0,0,0,0,0,0,0,0,0,0,0,0,0,0,0,24,63,121,24,61,121,14.033191,16.668798,37.944528,0.000000,3.174603,0.000000,0,0,0,12298.306641,22.890231,188.227692,10990.988718,944.612989,261.968484,10157.039834,0.000000,0.000000,11363.621308,12298.306641,934.685333,7.680838,2.130118,82.588930,0.000000,7.600114,14.902494,12.053515,3.633385,0.264450,7,0.000000,0,0,0,99.038462,4.614164,99.038462,28.858646,1998.129392,6845.336623,-0.000000,462.435304
12240.000000,pure-acoustic,none,hardware,1,0,0,1,priority,0.000500,180,15,hybrid,0.050000,4000.000000,6.087000,52.000000,500.000000,500.000000,2.000000,120.000000,0.000000,208,121,206,0,206,24,61,121,0,0,0,0,0,0,0,0,0.000000,0.000000,0.000000,clear-ocean,30.000000,60.000000,0.151000,1800,5016408,1286.258462,10.508648,118,31,2,85,0,280,73,1,206,0,0,0,0,0,0,0,0,0,0,0,0,0,0,0,24,63,121,24,61,121,14.033191,16.668798,37.944528,0.000000,3.174603,0.000000,0,0,0,12303.706641,22.890231,188.227692,10990.988718,948.749159,263.002527,10157.269621,0.000000,0.000000,11369.021308,12303.706641,934.685333,7.711084,2.137588,82.554550,0.000000,7.596778,14.902494,12.053515,3.633385,0.263154,7,0.000000,0,0,0,99.038462,4.614164,99.038462,28.858646,1988.334641,6759.229907,-0.000000,412.262958
12300.000000,pure-acoustic,none,hardware,1,0,0,1,priority,0.000500,180,15,hybrid,0.050000,4000.000000,6.087000,52.000000,500.000000,500.000000,2.000000,120.000000,0.000000,208,121,206,0,206,24,61,121,0,0,0,0,0,0,0,0,0.000000,0.000000,0.000000,clear-ocean,30.000000,60.000000,0.151000,1800,5016408,1286.258462,10.457386,118,31,2,85,0,280,73,1,206,0,0,0,0,0,0,0,0,0,0,0,0,0,0,0,24,63,121,24,61,121,14.033191,16.668798,37.944528,0.000000,3.174603,0.000000,0,0,0,12309.106641,22.890231,188.227692,10990.988718,952.885330,264.036570,10157.499409,0.000000,0.000000,11374.421308,12309.106641,934.685333,7.741304,2.145051,82.520200,0.000000,7.593446,14.902494,12.053515,3.633385,0.261870,7,0.000000,0,0,0,99.038462,4.614164,99.038462,28.858646,1978.635447,6673.123190,-0.000000,346.704984
12360.000000,pure-acoustic,none,hardware,1,0,0,1,priority,0.000500,180,15,hybrid,0.050000,4000.000000,6.087000,52.000000,500.000000,500.000000,2.000000,120.000000,0.000000,208,121,206,0,206,24,61,121,0,0,0,0,0,0,0,0,0.000000,0.000000,0.000000,clear-ocean,30.000000,60.000000,0.151000,1800,5016408,1286.258462,10.406622,118,31,2,85,0,280,73,1,206,0,0,0,0,0,0,0,0,0,0,0,0,0,0,0,24,63,121,24,61,121,14.033191,16.668798,37.944528,0.000000,3.174603,0.000000,0,0,0,12314.506641,22.890231,188.227692,10990.988718,957.021500,265.070612,10157.729196,0.000000,0.000000,11379.821308,12314.506641,934.685333,7.771497,2.152507,82.485880,0.000000,7.590116,14.902494,12.053515,3.633385,0.260599,7,0.000000,0,0,0,99.038462,4.614164,99.038462,28.858646,1969.030421,6587.016474,-0.000000,271.977529
12420.000000,pure-acoustic,none,hardware,1,0,0,1,priority,0.000500,180,15,hybrid,0.050000,4000.000000,6.087000,52.000000,500.000000,500.000000,2.000000,120.000000,0.000000,208,121,206,0,206,24,61,121,0,0,0,0,0,0,0,0,0.000000,0.000000,0.000000,clear-ocean,30.000000,60.000000,0.151000,1800,5016408,1286.258462,10.356348,118,31,2,85,0,280,73,1,206,0,0,0,0,0,0,0,0,0,0,0,0,0,0,0,24,63,121,24,61,121,14.033191,16.668798,37.944528,0.000000,3.174603,0.000000,0,0,0,12319.906641,22.890231,188.227692,10990.988718,961.157670,266.104655,10157.958983,0.000000,0.000000,11385.221308,12319.906641,934.685333,7.801664,2.159957,82.451591,0.000000,7.586789,14.902494,12.053515,3.633385,0.259340,7,0.000000,0,0,0,99.038462,4.614164,99.038462,28.858646,1959.518196,6500.909758,-0.000000,195.166185
12480.000000,pure-acoustic,none,hardware,1,0,0,1,priority,0.000500,180,15,hybrid,0.050000,4000.000000,6.087000,52.000000,500.000000,500.000000,2.000000,120.000000,0.000000,208,121,206,0,206,24,61,121,0,0,0,0,0,0,0,0,0.000000,0.000000,0.000000,clear-ocean,30.000000,60.000000,0.151000,1800,5016408,1286.258462,10.306558,118,31,2,85,0,280,73,1,206,0,0,0,0,0,0,0,0,0,0,0,0,0,0,0,24,63,121,24,61,121,14.033191,16.668798,37.944528,0.000000,3.174603,0.000000,0,0,0,12325.306641,22.890231,188.227692,10990.988718,965.293840,267.138697,10158.188770,0.000000,0.000000,11390.621308,12325.306641,934.685333,7.831804,2.167400,82.417331,0.000000,7.583465,14.902494,12.053515,3.633385,0.258093,7,0.000000,0,0,0,99.038462,4.614164,99.038462,28.858646,1950.097436,6414.803042,-0.000000,123.554134
12540.000000,pure-acoustic,none,hardware,1,0,0,1,priority,0.000500,180,15,hybrid,0.050000,4000.000000,6.087000,52.000000,500.000000,500.000000,2.000000,120.000000,0.000000,208,121,206,0,206,24,61,121,0,0,0,0,0,0,0,0,0.000000,0.000000,0.000000,clear-ocean,30.000000,60.000000,0.151000,1800,5016408,1286.258462,10.257245,118,31,2,85,0,280,73,1,206,0,0,0,0,0,0,0,0,0,0,0,0,0,0,0,24,63,121,24,61,121,14.033191,16.668798,37.944528,0.000000,3.174603,0.000000,0,0,0,12330.706641,22.890231,188.227692,10990.988718,969.430010,268.172740,10158.418558,0.000000,0.000000,11396.021308,12330.706641,934.685333,7.861918,2.174837,82.383101,0.000000,7.580144,14.902494,12.053515,3.633385,0.256858,7,0.000000,0,0,0,99.038462,4.614164,99.038462,28.858646,1940.766826,6328.696326,-0.000000,63.931567
12600.000000,pure-acoustic,none,hardware,1,0,0,1,priority,0.000500,180,15,hybrid,0.050000,4000.000000,6.087000,52.000000,500.000000,500.000000,2.000000,120.000000,0.000000,208,121,206,0,206,24,61,121,0,0,0,0,0,0,0,0,0.000000,0.000000,0.000000,clear-ocean,30.000000,60.000000,0.151000,1800,5016408,1286.258462,10.208400,118,31,2,85,0,280,73,1,206,0,0,0,0,0,0,0,0,0,0,0,0,0,0,0,24,63,121,24,61,121,14.033191,16.668798,37.944528,0.000000,3.174603,0.000000,0,0,0,12336.106641,22.890231,188.227692,10990.988718,973.566181,269.206782,10158.648345,0.000000,0.000000,11401.421308,12336.106641,934.685333,7.892005,2.182267,82.348902,0.000000,7.576826,14.902494,12.053515,3.633385,0.255635,7,0.000000,0,0,0,99.038462,4.614164,99.038462,28.858646,1931.525079,6242.589610,-0.000000,21.951842
12660.000000,pure-acoustic,none,hardware,1,0,0,1,priority,0.000500,180,15,hybrid,0.050000,4000.000000,6.087000,52.000000,500.000000,500.000000,2.000000,120.000000,0.000000,208,121,206,0,206,24,61,121,0,0,0,0,0,0,0,0,0.000000,0.000000,0.000000,clear-ocean,30.000000,60.000000,0.151000,1800,5016408,1286.258462,10.160019,118,31,2,85,0,280,73,1,206,0,0,0,0,0,0,0,0,0,0,0,0,0,0,0,24,63,121,24,61,121,14.033191,16.668798,37.944528,0.000000,3.174603,0.000000,0,0,0,12341.506641,22.890231,188.227692,10990.988718,977.702351,270.240825,10158.878132,0.000000,0.000000,11406.821308,12341.506641,934.685333,7.922066,2.189691,82.314732,0.000000,7.573511,14.902494,12.053515,3.633385,0.254423,7,0.000000,0,0,0,99.038462,4.614164,99.038462,28.858646,1922.370932,6156.482894,-0.000000,1.595440
12720.000000,pure-acoustic,none,hardware,1,0,0,1,priority,0.000500,180,15,hybrid,0.050000,4000.000000,6.087000,52.000000,500.000000,500.000000,2.000000,120.000000,0.000000,208,121,206,0,206,24,61,121,0,0,0,0,0,0,0,0,0.000000,0.000000,0.000000,clear-ocean,30.000000,60.000000,0.151000,1800,5016408,1286.258462,10.112095,118,31,2,85,0,280,73,1,206,0,0,0,0,0,0,0,0,0,0,0,0,0,0,0,24,63,121,24,61,121,14.033191,16.668798,37.944528,0.000000,3.174603,0.000000,0,0,0,12346.906641,22.890231,188.227692,10990.988718,981.838521,271.274867,10159.107919,0.000000,0.000000,11412.221308,12346.906641,934.685333,7.952101,2.197108,82.280592,0.000000,7.570198,14.902494,12.053515,3.633385,0.253223,7,0.000000,0,0,0,99.038462,4.614164,99.038462,28.858646,1913.303145,6070.376177,0.000000,4.792536
12780.000000,pure-acoustic,none,hardware,1,0,0,1,priority,0.000500,180,15,hybrid,0.050000,4000.000000,6.087000,52.000000,500.000000,500.000000,2.000000,120.000000,0.000000,208,121,206,0,206,24,61,121,0,0,0,0,0,0,0,0,0.000000,0.000000,0.000000,clear-ocean,30.000000,60.000000,0.151000,1800,5016408,1286.258462,10.064620,118,31,2,85,0,280,73,1,206,0,0,0,0,0,0,0,0,0,0,0,0,0,0,0,24,63,121,24,61,121,14.033191,16.668798,37.944528,0.000000,3.174603,0.000000,0,0,0,12352.306641,22.890231,188.227692,10990.988718,985.974691,272.308910,10159.337706,0.000000,0.000000,11417.621308,12352.306641,934.685333,7.982110,2.204519,82.246482,0.000000,7.566889,14.902494,12.053515,3.633385,0.252034,7,0.000000,0,0,0,99.038462,4.614164,99.038462,28.858646,1904.320501,5984.269461,0.000000,31.239984
12840.000000,pure-acoustic,none,hardware,1,0,0,1,priority,0.000500,180,15,hybrid,0.050000,4000.000000,6.087000,52.000000,500.000000,500.000000,2.000000,120.000000,0.000000,208,121,206,0,206,24,61,121,0,0,0,0,0,0,0,0,0.000000,0.000000,0.000000,clear-ocean,30.000000,60.000000,0.151000,1800,5016408,1286.258462,10.017589,118,31,2,85,0,280,73,1,206,0,0,0,0,0,0,0,0,0,0,0,0,0,0,0,24,63,121,24,61,121,14.033191,16.668798,37.944528,0.000000,3.174603,0.000000,0,0,0,12357.706641,22.890231,188.227692,10990.988718,990.110861,273.342953,10159.567494,0.000000,0.000000,11423.021308,12357.706641,934.685333,8.012092,2.211923,82.212402,0.000000,7.563582,14.902494,12.053515,3.633385,0.250857,7,0.000000,0,0,0,99.038462,4.614164,99.038462,28.858646,1895.421807,5898.162745,0.000000,78.430061
12900.000000,pure-acoustic,none,hardware,1,0,0,1,priority,0.000500,180,15,hybrid,0.050000,4000.000000,6.087000,52.000000,500.000000,500.000000,2.000000,120.000000,0.000000,208,121,206,0,206,24,61,121,0,0,0,0,0,0,0,0,0.000000,0.000000,0.000000,clear-ocean,30.000000,60.000000,0.151000,1800,5016408,1286.258462,9.970996,118,31,2,85,0,280,73,1,206,0,0,0,0,0,0,0,0,0,0,0,0,0,0,0,24,63,121,24,61,121,14.033191,16.668798,37.944528,0.000000,3.174603,0.000000,0,0,0,12363.106641,22.890231,188.227692,10990.988718,994.247032,274.376995,10159.797281,0.000000,0.000000,11428.421308,12363.106641,934.685333,8.042048,2.219321,82.178352,0.000000,7.560279,14.902494,12.053515,3.633385,0.249690,7,0.000000,0,0,0,99.038462,4.614164,99.038462,28.858646,1886.605891,5812.056029,0.000000,141.888246
12960.000000,pure-acoustic,none,hardware,1,0,0,1,priority,0.000500,180,15,hybrid,0.050000,4000.000000,6.087000,52.000000,500.000000,500.000000,2.000000,120.000000,0.000000,208,121,206,0,206,24,61,121,0,0,0,0,0,0,0,0,0.000000,0.000000,0.000000,clear-ocean,30.000000,60.000000,0.151000,1800,5016408,1286.258462,9.924834,118,31,2,85,0,280,73,1,206,0,0,0,0,0,0,0,0,0,0,0,0,0,0,0,24,63,121,24,61,121,14.033191,16.668798,37.944528,0.000000,3.174603,0.000000,0,0,0,12368.506641,22.890231,188.227692,10990.988718,998.383202,275.411038,10160.027068,0.000000,0.000000,11433.821308,12368.506641,934.685333,8.071979,2.226712,82.144331,0.000000,7.556978,14.902494,12.053515,3.633385,0.248534,7,0.000000,0,0,0,99.038462,4.614164,99.038462,28.858646,1877.871605,5725.949313,0.000000,215.597491
13020.000000,pure-acoustic,none,hardware,1,0,0,1,priority,0.000500,180,15,hybrid,0.050000,4000.000000,6.087000,52.000000,500.000000,500.000000,2.000000,120.000000,0.000000,208,121,206,0,206,24,61,121,0,0,0,0,0,0,0,0,0.000000,0.000000,0.000000,clear-ocean,30.000000,60.000000,0.151000,1800,5016408,1286.258462,9.879097,118,31,2,85,0,280,73,1,206,0,0,0,0,0,0,0,0,0,0,0,0,0,0,0,24,63,121,24,61,121,14.033191,16.668798,37.944528,0.000000,3.174603,0.000000,0,0,0,12373.906641,22.890231,188.227692,10990.988718,1002.519372,276.445080,10160.256855,0.000000,0.000000,11439.221308,12373.906641,934.685333,8.101882,2.234097,82.110340,0.000000,7.553680,14.902494,12.053515,3.633385,0.247389,7,0.000000,0,0,0,99.038462,4.614164,99.038462,28.858646,1869.217819,5639.842597,0.000000,292.568751
13080.000000,pure-acoustic,none,hardware,1,0,0,1,priority,0.000500,180,15,hybrid,0.050000,4000.000000,6.087000,52.000000,500.000000,500.000000,2.000000,120.000000,0.000000,208,121,206,0,206,24,61,121,0,0,0,0,0,0,0,0,0.000000,0.000000,0.000000,clear-ocean,30.000000,60.000000,0.151000,1800,5016408,1286.258462,9.833780,118,31,2,85,0,280,73,1,206,0,0,0,0,0,0,0,0,0,0,0,0,0,0,0,24,63,121,24,61,121,14.033191,16.668798,37.944528,0.000000,3.174603,0.000000,0,0,0,12379.306641,22.890231,188.227692,10990.988718,1006.655542,277.479123,10160.486643,0.000000,0.000000,11444.621308,12379.306641,934.685333,8.131760,2.241475,82.076379,0.000000,7.550385,14.902494,12.053515,3.633385,0.246254,7,0.000000,0,0,0,99.038462,4.614164,99.038462,28.858646,1860.643425,5553.735880,0.000000,365.503680
13140.000000,pure-acoustic,none,hardware,1,0,0,1,priority,0.000500,180,15,hybrid,0.050000,4000.000000,6.087000,52.000000,500.000000,500.000000,2.000000,120.000000,0.000000,208,121,206,0,206,24,61,121,0,0,0,0,0,0,0,0,0.000000,0.000000,0.000000,clear-ocean,30.000000,60.000000,0.151000,1800,5016408,1286.258462,9.788877,118,31,2,85,0,280,73,1,206,0,0,0,0,0,0,0,0,0,0,0,0,0,0,0,24,63,121,24,61,121,14.033191,16.668798,37.944528,0.000000,3.174603,0.000000,0,0,0,12384.706641,22.890231,188.227692,10990.988718,1010.791712,278.513165,10160.716430,0.000000,0.000000,11450.021308,12384.706641,934.685333,8.161612,2.248847,82.042447,0.000000,7.547093,14.902494,12.053515,3.633385,0.245129,7,0.000000,0,0,0,99.038462,4.614164,99.038462,28.858646,1852.147336,5467.629164,0.000000,427.486654
13200.000000,pure-acoustic,none,hardware,1,0,0,1,priority,0.000500,180,15,hybrid,0.050000,4000.000000,6.087000,52.000000,500.000000,500.000000,2.000000,120.000000,0.000000,208,121,206,0,206,24,61,121,0,0,0,0,0,0,0,0,0.000000,0.000000,0.000000,clear-ocean,30.000000,60.000000,0.151000,1800,5016408,1286.258462,9.744382,118,31,2,85,0,280,73,1,206,0,0,0,0,0,0,0,0,0,0,0,0,0,0,0,24,63,121,24,61,121,14.033191,16.668798,37.944528,0.000000,3.174603,0.000000,0,0,0,12390.106641,22.890231,188.227692,10990.988718,1014.927883,279.547208,10160.946217,0.000000,0.000000,11455.421308,12390.106641,934.685333,8.191438,2.256213,82.008545,0.000000,7.543804,14.902494,12.053515,3.633385,0.244015,7,0.000000,0,0,0,99.038462,4.614164,99.038462,28.858646,1843.728485,5381.522448,0.000000,472.640502
13260.000000,pure-acoustic,none,hardware,1,0,0,1,priority,0.000500,180,15,hybrid,0.050000,4000.000000,6.087000,52.000000,500.000000,500.000000,2.000000,120.000000,0.000000,208,121,206,0,206,24,61,121,0,0,0,0,0,0,0,0,0.000000,0.000000,0.000000,clear-ocean,30.000000,60.000000,0.151000,1800,5016408,1286.258462,9.700290,118,31,2,85,0,280,73,1,206,0,0,0,0,0,0,0,0,0,0,0,0,0,0,0,24,63,121,24,61,121,14.033191,16.668798,37.944528,0.000000,3.174603,0.000000,0,0,0,12395.506641,22.890231,188.227692,10990.988718,1019.064053,280.581250,10161.176004,0.000000,0.000000,11460.821308,12395.506641,934.685333,8.221238,2.263572,81.974673,0.000000,7.540517,14.902494,12.053515,3.633385,0.242911,7,0.000000,0,0,0,99.038462,4.614164,99.038462,28.858646,1835.385822,5295.415732,0.000000,496.683776
13320.000000,pure-acoustic,none,hardware,1,0,0,1,priority,0.000500,180,15,hybrid,0.050000,4000.000000,6.087000,52.000000,500.000000,500.000000,2.000000,120.000000,0.000000,208,121,206,0,206,24,61,121,0,0,0,0,0,0,0,0,0.000000,0.000000,0.000000,clear-ocean,30.000000,60.000000,0.151000,1800,5016408,1286.258462,9.656595,118,31,2,85,0,280,73,1,206,0,0,0,0,0,0,0,0,0,0,0,0,0,0,0,24,63,121,24,61,121,14.033191,16.668798,37.944528,0.000000,3.174603,0.000000,0,0,0,12400.906641,22.890231,188.227692,10990.988718,1023.200223,281.615293,10161.405792,0.000000,0.000000,11466.221308,12400.906641,934.685333,8.251011,2.270925,81.940830,0.000000,7.537234,14.902494,12.053515,3.633385,0.241817,7,0.000000,0,0,0,99.038462,4.614164,99.038462,28.858646,1827.118318,5209.309016,-0.000000,497.336716
13380.000000,pure-acoustic,none,hardware,1,0,0,1,priority,0.000500,180,15,hybrid,0.050000,4000.000000,6.087000,52.000000,500.000000,500.000000,2.000000,120.000000,0.000000,208,121,206,0,206,24,61,121,0,0,0,0,0,0,0,0,0.000000,0.000000,0.000000,clear-ocean,30.000000,60.000000,0.151000,1800,5016408,1286.258462,9.613292,118,31,2,85,0,280,73,1,206,0,0,0,0,0,0,0,0,0,0,0,0,0,0,0,24,63,121,24,61,121,14.033191,16.668798,37.944528,0.000000,3.174603,0.000000,0,0,0,12406.306641,22.890231,188.227692,10990.988718,1027.336393,282.649336,10161.635579,0.000000,0.000000,11471.621308,12406.306641,934.685333,8.280759,2.278271,81.907016,0.000000,7.533953,14.902494,12.053515,3.633385,0.240732,7,0.000000,0,0,0,99.038462,4.614164,99.038462,28.858646,1818.924963,5123.202300,-0.000000,474.537410
13440.000000,pure-acoustic,none,hardware,1,0,0,1,priority,0.000500,180,15,hybrid,0.050000,4000.000000,6.087000,52.000000,500.000000,500.000000,2.000000,120.000000,0.000000,208,121,206,0,206,24,61,121,0,0,0,0,0,0,0,0,0.000000,0.000000,0.000000,clear-ocean,30.000000,60.000000,0.151000,1800,5016408,1286.258462,9.570375,118,31,2,85,0,280,73,1,206,0,0,0,0,0,0,0,0,0,0,0,0,0,0,0,24,63,121,24,61,121,14.033191,16.668798,37.944528,0.000000,3.174603,0.000000,0,0,0,12411.706641,22.890231,188.227692,10990.988718,1031.472564,283.683378,10161.865366,0.000000,0.000000,11477.021308,12411.706641,934.685333,8.310481,2.285611,81.873232,0.000000,7.530675,14.902494,12.053515,3.633385,0.239658,7,0.000000,0,0,0,99.038462,4.614164,99.038462,28.858646,1810.804762,5037.095584,-0.000000,430.447668
13500.000000,pure-acoustic,none,hardware,1,0,0,1,priority,0.000500,180,15,hybrid,0.050000,4000.000000,6.087000,52.000000,500.000000,500.000000,2.000000,120.000000,0.000000,208,121,206,0,206,24,61,121,0,0,0,0,0,0,0,0,0.000000,0.000000,0.000000,clear-ocean,30.000000,60.000000,0.151000,1800,5016408,1286.258462,9.527840,118,31,2,85,0,280,73,1,206,0,0,0,0,0,0,0,0,0,0,0,0,0,0,0,24,63,121,24,61,121,14.033191,16.668798,37.944528,0.000000,3.174603,0.000000,0,0,0,12417.106641,22.890231,188.227692,10990.988718,1035.608734,284.717421,10162.095153,0.000000,0.000000,11482.421308,12417.106641,934.685333,8.340177,2.292945,81.839477,0.000000,7.527400,14.902494,12.053515,3.633385,0.238593,7,0.000000,0,0,0,99.038462,4.614164,99.038462,28.858646,1802.756741,4950.988867,-0.000000,369.248039
13560.000000,pure-acoustic,none,hardware,1,0,0,1,priority,0.000500,180,15,hybrid,0.050000,4000.000000,6.087000,52.000000,500.000000,500.000000,2.000000,120.000000,0.000000,208,121,206,0,206,24,61,121,0,0,0,0,0,0,0,0,0.000000,0.000000,0.000000,clear-ocean,30.000000,60.000000,0.151000,1800,5016408,1286.258462,9.485682,118,31,2,85,0,280,73,1,206,0,0,0,0,0,0,0,0,0,0,0,0,0,0,0,24,63,121,24,61,121,14.033191,16.668798,37.944528,0.000000,3.174603,0.000000,0,0,0,12422.506641,22.890231,188.227692,10990.988718,1039.744904,285.751463,10162.324941,0.000000,0.000000,11487.821308,12422.506641,934.685333,8.369848,2.300272,81.805752,0.000000,7.524128,14.902494,12.053515,3.633385,0.237537,7,0.000000,0,0,0,99.038462,4.614164,99.038462,28.858646,1794.779941,4864.882151,-0.000000,296.741417
13620.000000,pure-acoustic,none,hardware,1,0,0,1,priority,0.000500,180,15,hybrid,0.050000,4000.000000,6.087000,52.000000,500.000000,500.000000,2.000000,120.000000,0.000000,208,121,206,0,206,24,61,121,0,0,0,0,0,0,0,0,0.000000,0.000000,0.000000,clear-ocean,30.000000,60.000000,0.151000,1800,5016408,1286.258462,9.443895,118,31,2,85,0,280,73,1,206,0,0,0,0,0,0,0,0,0,0,0,0,0,0,0,24,63,121,24,61,121,14.033191,16.668798,37.944528,0.000000,3.174603,0.000000,0,0,0,12427.906641,22.890231,188.227692,10990.988718,1043.881074,286.785506,10162.554728,0.000000,0.000000,11493.221308,12427.906641,934.685333,8.399492,2.307593,81.772056,0.000000,7.520859,14.902494,12.053515,3.633385,0.236490,7,0.000000,0,0,0,99.038462,4.614164,99.038462,28.858646,1786.873421,4778.775435,-0.000000,219.802817
13680.000000,pure-acoustic,none,hardware,1,0,0,1,priority,0.000500,180,15,hybrid,0.050000,4000.000000,6.087000,52.000000,500.000000,500.000000,2.000000,120.000000,0.000000,208,121,206,0,206,24,61,121,0,0,0,0,0,0,0,0,0.000000,0.000000,0.000000,clear-ocean,30.000000,60.000000,0.151000,1800,5016408,1286.258462,9.402474,118,31,2,85,0,280,73,1,206,0,0,0,0,0,0,0,0,0,0,0,0,0,0,0,24,63,121,24,61,121,14.033191,16.668798,37.944528,0.000000,3.174603,0.000000,0,0,0,12433.306641,22.890231,188.227692,10990.988718,1048.017244,287.819548,10162.784515,0.000000,0.000000,11498.621308,12433.306641,934.685333,8.429111,2.314908,81.738389,0.000000,7.517593,14.902494,12.053515,3.633385,0.235453,7,0.000000,0,0,0,99.038462,4.614164,99.038462,28.858646,1779.036257,4692.668719,-0.000000,145.727486
13740.000000,pure-acoustic,none,hardware,1,0,0,1,priority,0.000500,180,15,hybrid,0.050000,4000.000000,6.087000,52.000000,500.000000,500.000000,2.000000,120.000000,0.000000,208,121,206,0,206,24,61,121,0,0,0,0,0,0,0,0,0.000000,0.000000,0.000000,clear-ocean,30.000000,60.000000,0.151000,1800,5016408,1286.258462,9.361415,118,31,2,85,0,280,73,1,206,0,0,0,0,0,0,0,0,0,0,0,0,0,0,0,24,63,121,24,61,121,14.033191,16.668798,37.944528,0.000000,3.174603,0.000000,0,0,0,12438.706641,22.890231,188.227692,10990.988718,1052.153415,288.853591,10163.014302,0.000000,0.000000,11504.021308,12438.706641,934.685333,8.458704,2.322216,81.704751,0.000000,7.514329,14.902494,12.053515,3.633385,0.234425,7,0.000000,0,0,0,99.038462,4.614164,99.038462,28.858646,1771.267540,4606.562003,-0.000000,81.539182
13800.000000,pure-acoustic,none,hardware,1,0,0,1,priority,0.000500,180,15,hybrid,0.050000,4000.000000,6.087000,52.000000,500.000000,500.000000,2.000000,120.000000,0.000000,208,121,206,0,206,24,61,121,0,0,0,0,0,0,0,0,0.000000,0.000000,0.000000,clear-ocean,30.000000,60.000000,0.151000,1800,5016408,1286.258462,9.320713,118,31,2,85,0,280,73,1,206,0,0,0,0,0,0,0,0,0,0,0,0,0,0,0,24,63,121,24,61,121,14.033191,16.668798,37.944528,0.000000,3.174603,0.000000,0,0,0,12444.106641,22.890231,188.227692,10990.988718,1056.289585,289.887633,10163.244089,0.000000,0.000000,11509.421308,12444.106641,934.685333,8.488272,2.329517,81.671143,0.000000,7.511068,14.902494,12.053515,3.633385,0.233406,7,0.000000,0,0,0,99.038462,4.614164,99.038462,28.858646,1763.566377,4520.455287,-0.000000,33.324182
13860.000000,pure-acoustic,none,hardware,1,0,0,1,priority,0.000500,180,15,hybrid,0.050000,4000.000000,6.087000,52.000000,500.000000,500.000000,2.000000,120.000000,0.000000,208,121,206,0,206,24,61,121,0,0,0,0,0,0,0,0,0.000000,0.000000,0.000000,clear-ocean,30.000000,60.000000,0.151000,1800,5016408,1286.258462,9.280364,118,31,2,85,0,280,73,1,206,0,0,0,0,0,0,0,0,0,0,0,0,0,0,0,24,63,121,24,61,121,14.033191,16.668798,37.944528,0.000000,3.174603,0.000000,0,0,0,12449.506641,22.890231,188.227692,10990.988718,1060.425755,290.921676,10163.473877,0.000000,0.000000,11514.821308,12449.506641,934.685333,8.517813,2.336813,81.637563,0.000000,7.507810,14.902494,12.053515,3.633385,0.232395,7,0.000000,0,0,0,99.038462,4.614164,99.038462,28.858646,1755.931890,4434.348571,-0.000000,5.654189
13920.000000,pure-acoustic,none,hardware,1,0,0,1,priority,0.000500,180,15,hybrid,0.050000,4000.000000,6.087000,52.000000,500.000000,500.000000,2.000000,120.000000,0.000000,208,121,206,0,206,24,61,121,0,0,0,0,0,0,0,0,0.000000,0.000000,0.000000,clear-ocean,30.000000,60.000000,0.151000,1800,5016408,1286.258462,9.240363,118,31,2,85,0,280,73,1,206,0,0,0,0,0,0,0,0,0,0,0,0,0,0,0,24,63,121,24,61,121,14.033191,16.668798,37.944528,0.000000,3.174603,0.000000,0,0,0,12454.906641,22.890231,188.227692,10990.988718,1064.561925,291.955718,10163.703664,0.000000,0.000000,11520.221308,12454.906641,934.685333,8.547330,2.344102,81.604013,0.000000,7.504555,14.902494,12.053515,3.633385,0.231394,7,0.000000,0,0,0,99.038462,4.614164,99.038462,28.858646,1748.363218,4348.241854,0.000000,1.152847
13980.000000,pure-acoustic,none,hardware,1,0,0,1,priority,0.000500,180,15,hybrid,0.050000,4000.000000,6.087000,52.000000,500.000000,500.000000,2.000000,120.000000,0.000000,208,121,206,0,206,24,61,121,0,0,0,0,0,0,0,0,0.000000,0.000000,0.000000,clear-ocean,30.000000,60.000000,0.151000,1800,5016408,1286.258462,9.200704,118,31,2,85,0,280,73,1,206,0,0,0,0,0,0,0,0,0,0,0,0,0,0,0,24,63,121,24,61,121,14.033191,16.668798,37.944528,0.000000,3.174603,0.000000,0,0,0,12460.306641,22.890231,188.227692,10990.988718,1068.698095,292.989761,10163.933451,0.000000,0.000000,11525.621308,12460.306641,934.685333,8.576820,2.351385,81.570492,0.000000,7.501303,14.902494,12.053515,3.633385,0.230401,7,0.000000,0,0,0,99.038462,4.614164,99.038462,28.858646,1740.859514,4262.135138,0.000000,20.246969
14040.000000,pure-acoustic,none,hardware,1,0,0,1,priority,0.000500,180,15,hybrid,0.050000,4000.000000,6.087000,52.000000,500.000000,500.000000,2.000000,120.000000,0.000000,208,121,206,0,206,24,61,121,0,0,0,0,0,0,0,0,0.000000,0.000000,0.000000,clear-ocean,30.000000,60.000000,0.151000,1800,5016408,1286.258462,9.161385,118,31,2,85,0,280,73,1,206,0,0,0,0,0,0,0,0,0,0,0,0,0,0,0,24,63,121,24,61,121,14.033191,16.668798,37.944528,0.000000,3.174603,0.000000,0,0,0,12465.706641,22.890231,188.227692,10990.988718,1072.834266,294.023804,10164.163238,0.000000,0.000000,11531.021308,12465.706641,934.685333,8.606285,2.358661,81.537000,0.000000,7.498053,14.902494,12.053515,3.633385,0.229416,7,0.000000,0,0,0,99.038462,4.614164,99.038462,28.858646,1733.419943,4176.028422,0.000000,61.126069
14100.000000,pure-acoustic,none,hardware,1,0,0,1,priority,0.000500,180,15,hybrid,0.050000,4000.000000,6.087000,52.000000,500.000000,500.000000,2.000000,120.000000,0.000000,208,121,206,0,206,24,61,121,0,0,0,0,0,0,0,0,0.000000,0.000000,0.000000,clear-ocean,30.000000,60.000000,0.151000,1800,5016408,1286.258462,9.122400,118,31,2,85,0,280,73,1,206,0,0,0,0,0,0,0,0,0,0,0,0,0,0,0,24,63,121,24,61,121,14.033191,16.668798,37.944528,0.000000,3.174603,0.000000,0,0,0,12471.106641,22.890231,188.227692,10990.988718,1076.970436,295.057846,10164.393026,0.000000,0.000000,11536.421308,12471.106641,934.685333,8.635725,2.365932,81.503537,0.000000,7.494807,14.902494,12.053515,3.633385,0.228440,7,0.000000,0,0,0,99.038462,4.614164,99.038462,28.858646,1726.043688,4089.921706,0.000000,119.914025
14160.000000,pure-acoustic,none,hardware,1,0,0,1,priority,0.000500,180,15,hybrid,0.050000,4000.000000,6.087000,52.000000,500.000000,500.000000,2.000000,120.000000,0.000000,208,121,206,0,206,24,61,121,0,0,0,0,0,0,0,0,0.000000,0.000000,0.000000,clear-ocean,30.000000,60.000000,0.151000,1800,5016408,1286.258462,9.083746,118,31,2,85,0,280,73,1,206,0,0,0,0,0,0,0,0,0,0,0,0,0,0,0,24,63,121,24,61,121,14.033191,16.668798,37.944528,0.000000,3.174603,0.000000,0,0,0,12476.506641,22.890231,188.227692,10990.988718,1081.106606,296.091889,10164.622813,0.000000,0.000000,11541.821308,12476.506641,934.685333,8.665139,2.373195,81.470103,0.000000,7.491563,14.902494,12.053515,3.633385,0.227472,7,0.000000,0,0,0,99.038462,4.614164,99.038462,28.858646,1718.729944,4003.814990,0.000000,191.036617
14220.000000,pure-acoustic,none,hardware,1,0,0,1,priority,0.000500,180,15,hybrid,0.050000,4000.000000,6.087000,52.000000,500.000000,500.000000,2.000000,120.000000,0.000000,208,121,206,0,206,24,61,121,0,0,0,0,0,0,0,0,0.000000,0.000000,0.000000,clear-ocean,30.000000,60.000000,0.151000,1800,5016408,1286.258462,9.045418,118,31,2,85,0,280,73,1,206,0,0,0,0,0,0,0,0,0,0,0,0,0,0,0,24,63,121,24,61,121,14.033191,16.668798,37.944528,0.000000,3.174603,0.000000,0,0,0,12481.906641,22.890231,188.227692,10990.988718,1085.242776,297.125931,10164.852600,0.000000,0.000000,11547.221308,12481.906641,934.685333,8.694527,2.380453,81.436698,0.000000,7.488322,14.902494,12.053515,3.633385,0.226512,7,0.000000,0,0,0,99.038462,4.614164,99.038462,28.858646,1711.477918,3917.708274,0.000000,267.750065
14280.000000,pure-acoustic,none,hardware,1,0,0,1,priority,0.000500,180,15,hybrid,0.050000,4000.000000,6.087000,52.000000,500.000000,500.000000,2.000000,120.000000,0.000000,208,121,206,0,206,24,61,121,0,0,0,0,0,0,0,0,0.000000,0.000000,0.000000,clear-ocean,30.000000,60.000000,0.151000,1800,5016408,1286.258462,9.007412,118,31,2,85,0,280,73,1,206,0,0,0,0,0,0,0,0,0,0,0,0,0,0,0,24,63,121,24,61,121,14.033191,16.668798,37.944528,0.000000,3.174603,0.000000,0,0,0,12487.306641,22.890231,188.227692,10990.988718,1089.378947,298.159974,10165.082387,0.000000,0.000000,11552.621308,12487.306641,934.685333,8.723890,2.387704,81.403322,0.000000,7.485084,14.902494,12.053515,3.633385,0.225560,7,0.000000,0,0,0,99.038462,4.614164,99.038462,28.858646,1704.286835,3831.601558,0.000000,342.780467
14340.000000,pure-acoustic,none,hardware,1,0,0,1,priority,0.000500,180,15,hybrid,0.050000,4000.000000,6.087000,52.000000,500.000000,500.000000,2.000000,120.000000,0.000000,208,121,206,0,206,24,61,121,0,0,0,0,0,0,0,0,0.000000,0.000000,0.000000,clear-ocean,30.000000,60.000000,0.151000,1800,5016408,1286.258462,8.969724,118,31,2,85,0,280,73,1,206,0,0,0,0,0,0,0,0,0,0,0,0,0,0,0,24,63,121,24,61,121,14.033191,16.668798,37.944528,0.000000,3.174603,0.000000,0,0,0,12492.706641,22.890231,188.227692,10990.988718,1093.515117,299.194016,10165.312175,0.000000,0.000000,11558.021308,12492.706641,934.685333,8.753228,2.394950,81.369974,0.000000,7.481848,14.902494,12.053515,3.633385,0.224616,7,0.000000,0,0,0,99.038462,4.614164,99.038462,28.858646,1697.155927,3745.494841,0.000000,409.013508
14400.000000,pure-acoustic,none,hardware,1,0,0,1,priority,0.000500,180,15,hybrid,0.050000,4000.000000,6.087000,52.000000,500.000000,500.000000,2.000000,120.000000,0.000000,208,121,206,0,206,24,61,121,0,0,0,0,0,0,0,0,0.000000,0.000000,0.000000,clear-ocean,30.000000,60.000000,0.151000,1800,5016408,1286.258462,8.932350,118,31,2,85,0,280,73,1,206,0,0,0,0,0,0,0,0,0,0,0,0,0,0,0,24,63,121,24,61,121,14.033191,16.668798,37.944528,0.000000,3.174603,0.000000,0,0,0,12498.106641,22.890231,188.227692,10990.988718,1097.651287,300.228059,10165.541962,0.000000,0.000000,11563.421308,12498.106641,934.685333,8.782541,2.402188,81.336656,0.000000,7.478615,14.902494,12.053515,3.633385,0.223681,7,0.000000,0,0,0,99.038462,4.614164,99.038462,28.858646,1690.084444,3659.388125,0.000000,460.169031
14460.000000,pure-acoustic,none,hardware,1,0,0,1,priority,0.000500,180,15,hybrid,0.050000,4000.000000,6.087000,52.000000,500.000000,500.000000,2.000000,120.000000,0.000000,208,121,206,0,206,24,61,121,0,0,0,0,0,0,0,0,0.000000,0.000000,0.000000,clear-ocean,30.000000,60.000000,0.151000,1800,5016408,1286.258462,8.895287,118,31,2,85,0,280,73,1,206,0,0,0,0,0,0,0,0,0,0,0,0,0,0,0,24,63,121,24,61,121,14.033191,16.668798,37.944528,0.000000,3.174603,0.000000,0,0,0,12503.506641,22.890231,188.227692,10990.988718,1101.787457,301.262101,10165.771749,0.000000,0.000000,11568.821308,12503.506641,934.685333,8.811828,2.409421,81.303366,0.000000,7.475386,14.902494,12.053515,3.633385,0.222752,7,0.000000,0,0,0,99.038462,4.614164,99.038462,28.858646,1683.071646,3573.281409,0.000000,491.396514
14520.000000,pure-acoustic,none,hardware,1,0,0,1,priority,0.000500,180,15,hybrid,0.050000,4000.000000,6.087000,52.000000,500.000000,500.000000,2.000000,120.000000,0.000000,208,121,206,0,206,24,61,121,0,0,0,0,0,0,0,0,0.000000,0.000000,0.000000,clear-ocean,30.000000,60.000000,0.151000,1800,5016408,1286.258462,8.858529,118,31,2,85,0,280,73,1,206,0,0,0,0,0,0,0,0,0,0,0,0,0,0,0,24,63,121,24,61,121,14.033191,16.668798,37.944528,0.000000,3.174603,0.000000,0,0,0,12508.906641,22.890231,188.227692,10990.988718,1105.923627,302.296144,10166.001536,0.000000,0.000000,11574.221308,12508.906641,934.685333,8.841089,2.416647,81.270105,0.000000,7.472159,14.902494,12.053515,3.633385,0.221832,7,0.000000,0,0,0,99.038462,4.614164,99.038462,28.858646,1676.116804,3487.174693,-0.000000,499.734996
14580.000000,pure-acoustic,none,hardware,1,0,0,1,priority,0.000500,180,15,hybrid,0.050000,4000.000000,6.087000,52.000000,500.000000,500.000000,2.000000,120.000000,0.000000,208,121,206,0,206,24,61,121,0,0,0,0,0,0,0,0,0.000000,0.000000,0.000000,clear-ocean,30.000000,60.000000,0.151000,1800,5016408,1286.258462,8.822074,118,31,2,85,0,280,73,1,206,0,0,0,0,0,0,0,0,0,0,0,0,0,0,0,24,63,121,24,61,121,14.033191,16.668798,37.944528,0.000000,3.174603,0.000000,0,0,0,12514.306641,22.890231,188.227692,10990.988718,1110.059798,303.330187,10166.231324,0.000000,0.000000,11579.621308,12514.306641,934.685333,8.870326,2.423867,81.236872,0.000000,7.468934,14.902494,12.053515,3.633385,0.220919,7,0.000000,0,0,0,99.038462,4.614164,99.038462,28.858646,1669.219204,3401.067977,-0.000000,484.393829
14640.000000,pure-acoustic,none,hardware,1,0,0,1,priority,0.000500,180,15,hybrid,0.050000,4000.000000,6.087000,52.000000,500.000000,500.000000,2.000000,120.000000,0.000000,208,121,206,0,206,24,61,121,0,0,0,0,0,0,0,0,0.000000,0.000000,0.000000,clear-ocean,30.000000,60.000000,0.151000,1800,5016408,1286.258462,8.785918,118,31,2,85,0,280,73,1,206,0,0,0,0,0,0,0,0,0,0,0,0,0,0,0,24,63,121,24,61,121,14.033191,16.668798,37.944528,0.000000,3.174603,0.000000,0,0,0,12519.706641,22.890231,188.227692,10990.988718,1114.195968,304.364229,10166.461111,0.000000,0.000000,11585.021308,12519.706641,934.685333,8.899537,2.431081,81.203669,0.000000,7.465713,14.902494,12.053515,3.633385,0.220014,7,0.000000,0,0,0,99.038462,4.614164,99.038462,28.858646,1662.378142,3314.961261,-0.000000,446.827649
14700.000000,pure-acoustic,none,hardware,1,0,0,1,priority,0.000500,180,15,hybrid,0.050000,4000.000000,6.087000,52.000000,500.000000,500.000000,2.000000,120.000000,0.000000,208,121,206,0,206,24,61,121,0,0,0,0,0,0,0,0,0.000000,0.000000,0.000000,clear-ocean,30.000000,60.000000,0.151000,1800,5016408,1286.258462,8.750058,118,31,2,85,0,280,73,1,206,0,0,0,0,0,0,0,0,0,0,0,0,0,0,0,24,63,121,24,61,121,14.033191,16.668798,37.944528,0.000000,3.174603,0.000000,0,0,0,12525.106641,22.890231,188.227692,10990.988718,1118.332138,305.398272,10166.690898,0.000000,0.000000,11590.421308,12525.106641,934.685333,8.928723,2.438289,81.170494,0.000000,7.462494,14.902494,12.053515,3.633385,0.219116,7,0.000000,0,0,0,99.038462,4.614164,99.038462,28.858646,1655.592925,3228.854545,-0.000000,390.598447
14760.000000,pure-acoustic,none,hardware,1,0,0,1,priority,0.000500,180,15,hybrid,0.050000,4000.000000,6.087000,52.000000,500.000000,500.000000,2.000000,120.000000,0.000000,208,121,206,0,206,24,61,121,0,0,0,0,0,0,0,0,0.000000,0.000000,0.000000,clear-ocean,30.000000,60.000000,0.151000,1800,5016408,1286.258462,8.714488,118,31,2,85,0,280,73,1,206,0,0,0,0,0,0,0,0,0,0,0,0,0,0,0,24,63,121,24,61,121,14.033191,16.668798,37.944528,0.000000,3.174603,0.000000,0,0,0,12530.506641,22.890231,188.227692,10990.988718,1122.468308,306.432314,10166.920685,0.000000,0.000000,11595.821308,12530.506641,934.685333,8.957884,2.445490,81.137347,0.000000,7.459278,14.902494,12.053515,3.633385,0.218225,7,0.000000,0,0,0,99.038462,4.614164,99.038462,28.858646,1648.862873,3142.747828,-0.000000,321.037826
14820.000000,pure-acoustic,none,hardware,1,0,0,1,priority,0.000500,180,15,hybrid,0.050000,4000.000000,6.087000,52.000000,500.000000,500.000000,2.000000,120.000000,0.000000,208,121,206,0,206,24,61,121,0,0,0,0,0,0,0,0,0.000000,0.000000,0.000000,clear-ocean,30.000000,60.000000,0.151000,1800,5016408,1286.258462,8.679207,118,31,2,85,0,280,73,1,206,0,0,0,0,0,0,0,0,0,0,0,0,0,0,0,24,63,121,24,61,121,14.033191,16.668798,37.944528,0.000000,3.174603,0.000000,0,0,0,12535.906641,22.890231,188.227692,10990.988718,1126.604478,307.466357,10167.150472,0.000000,0.000000,11601.221308,12535.906641,934.685333,8.987020,2.452685,81.104229,0.000000,7.456065,14.902494,12.053515,3.633385,0.217341,7,0.000000,0,0,0,99.038462,4.614164,99.038462,28.858646,1642.187314,3056.641112,-0.000000,244.741463
14880.000000,pure-acoustic,none,hardware,1,0,0,1,priority,0.000500,180,15,hybrid,0.050000,4000.000000,6.087000,52.000000,500.000000,500.000000,2.000000,120.000000,0.000000,208,121,206,0,206,24,61,121,0,0,0,0,0,0,0,0,0.000000,0.000000,0.000000,clear-ocean,30.000000,60.000000,0.151000,1800,5016408,1286.258462,8.644210,118,31,2,85,0,280,73,1,206,0,0,0,0,0,0,0,0,0,0,0,0,0,0,0,24,63,121,24,61,121,14.033191,16.668798,37.944528,0.000000,3.174603,0.000000,0,0,0,12541.306641,22.890231,188.227692,10990.988718,1130.740649,308.500399,10167.380260,0.000000,0.000000,11606.621308,12541.306641,934.685333,9.016131,2.459874,81.071140,0.000000,7.452854,14.902494,12.053515,3.633385,0.216465,7,0.000000,0,0,0,99.038462,4.614164,99.038462,28.858646,1635.565591,2970.534396,-0.000000,168.943709
14940.000000,pure-acoustic,none,hardware,1,0,0,1,priority,0.000500,180,15,hybrid,0.050000,4000.000000,6.087000,52.000000,500.000000,500.000000,2.000000,120.000000,0.000000,208,121,206,0,206,24,61,121,0,0,0,0,0,0,0,0,0.000000,0.000000,0.000000,clear-ocean,30.000000,60.000000,0.151000,1800,5016408,1286.258462,8.609494,118,31,2,85,0,280,73,1,206,0,0,0,0,0,0,0,0,0,0,0,0,0,0,0,24,63,121,24,61,121,14.033191,16.668798,37.944528,0.000000,3.174603,0.000000,0,0,0,12546.706641,22.890231,188.227692,10990.988718,1134.876819,309.534442,10167.610047,0.000000,0.000000,11612.021308,12546.706641,934.685333,9.045217,2.467057,81.038079,0.000000,7.449647,14.902494,12.053515,3.633385,0.215596,7,0.000000,0,0,0,99.038462,4.614164,99.038462,28.858646,1628.997055,2884.427680,-0.000000,100.831640
15000.000000,pure-acoustic,none,hardware,1,0,0,1,priority,0.000500,180,15,hybrid,0.050000,4000.000000,6.087000,52.000000,500.000000,500.000000,2.000000,120.000000,0.000000,208,121,206,0,206,24,61,121,0,0,0,0,0,0,0,0,0.000000,0.000000,0.000000,clear-ocean,30.000000,60.000000,0.151000,1800,5016408,1286.258462,8.575056,118,31,2,85,0,280,73,1,206,0,0,0,0,0,0,0,0,0,0,0,0,0,0,0,24,63,121,24,61,121,14.033191,16.668798,37.944528,0.000000,3.174603,0.000000,0,0,0,12552.106641,22.890231,188.227692,10990.988718,1139.012989,310.568484,10167.839834,0.000000,0.000000,11617.421308,12552.106641,934.685333,9.074278,2.474234,81.005047,0.000000,7.446442,14.902494,12.053515,3.633385,0.214733,7,0.000000,0,0,0,99.038462,4.614164,99.038462,28.858646,1622.481067,2798.320964,-0.000000,46.863581
15060.000000,pure-acoustic,none,hardware,1,0,0,1,priority,0.000500,180,15,hybrid,0.050000,4000.000000,6.087000,52.000000,500.000000,500.000000,2.000000,120.000000,0.000000,208,121,206,0,206,24,61,121,0,0,0,0,0,0,0,0,0.000000,0.000000,0.000000,clear-ocean,30.000000,60.000000,0.151000,1800,5016408,1286.258462,8.540893,118,31,2,85,0,280,73,1,206,0,0,0,0,0,0,0,0,0,0,0,0,0,0,0,24,63,121,24,61,121,14.033191,16.668798,37.944528,0.000000,3.174603,0.000000,0,0,0,12557.506641,22.890231,188.227692,10990.988718,1143.149159,311.602527,10168.069621,0.000000,0.000000,11622.821308,12557.506641,934.685333,9.103313,2.481404,80.972043,0.000000,7.443240,14.902494,12.053515,3.633385,0.213878,7,0.000000,0,0,0,99.038462,4.614164,99.038462,28.858646,1616.016999,2712.214248,-0.000000,12.156736
15120.000000,pure-acoustic,none,hardware,1,0,0,1,priority,0.000500,180,15,hybrid,0.050000,4000.000000,6.087000,52.000000,500.000000,500.000000,2.000000,120.000000,0.000000,208,121,206,0,206,24,61,121,0,0,0,0,0,0,0,0,0.000000,0.000000,0.000000,clear-ocean,30.000000,60.000000,0.151000,1800,5016408,1286.258462,8.507000,118,31,2,85,0,280,73,1,206,0,0,0,0,0,0,0,0,0,0,0,0,0,0,0,24,63,121,24,61,121,14.033191,16.668798,37.944528,0.000000,3.174603,0.000000,0,0,0,12562.906641,22.890231,188.227692,10990.988718,1147.285330,312.636570,10168.299409,0.000000,0.000000,11628.221308,12562.906641,934.685333,9.132324,2.488569,80.939067,0.000000,7.440040,14.902494,12.053515,3.633385,0.213029,7,0.000000,0,0,0,99.038462,4.614164,99.038462,28.858646,1609.604233,2626.107532,-0.000000,0.001977
15180.000000,pure-acoustic,none,hardware,1,0,0,1,priority,0.000500,180,15,hybrid,0.050000,4000.000000,6.087000,52.000000,500.000000,500.000000,2.000000,120.000000,0.000000,208,121,206,0,206,24,61,121,0,0,0,0,0,0,0,0,0.000000,0.000000,0.000000,clear-ocean,30.000000,60.000000,0.151000,1800,5016408,1286.258462,8.473376,118,31,2,85,0,280,73,1,206,0,0,0,0,0,0,0,0,0,0,0,0,0,0,0,24,63,121,24,61,121,14.033191,16.668798,37.944528,0.000000,3.174603,0.000000,0,0,0,12568.306641,22.890231,188.227692,10990.988718,1151.421500,313.670612,10168.529196,0.000000,0.000000,11633.621308,12568.306641,934.685333,9.161310,2.495727,80.906120,0.000000,7.436844,14.902494,12.053515,3.633385,0.212187,7,0.000000,0,0,0,99.038462,4.614164,99.038462,28.858646,1603.242161,2540.000815,0.000000,11.551806
15240.000000,pure-acoustic,none,hardware,1,0,0,1,priority,0.000500,180,15,hybrid,0.050000,4000.000000,6.087000,52.000000,500.000000,500.000000,2.000000,120.000000,0.000000,208,121,206,0,206,24,61,121,0,0,0,0,0,0,0,0,0.000000,0.000000,0.000000,clear-ocean,30.000000,60.000000,0.151000,1800,5016408,1286.258462,8.440016,118,31,2,85,0,280,73,1,206,0,0,0,0,0,0,0,0,0,0,0,0,0,0,0,24,63,121,24,61,121,14.033191,16.668798,37.944528,0.000000,3.174603,0.000000,0,0,0,12573.706641,22.890231,188.227692,10990.988718,1155.557670,314.704655,10168.758983,0.000000,0.000000,11639.021308,12573.706641,934.685333,9.190271,2.502879,80.873201,0.000000,7.433650,14.902494,12.053515,3.633385,0.211352,7,0.000000,0,0,0,99.038462,4.614164,99.038462,28.858646,1596.930184,2453.894099,0.000000,45.711080
15300.000000,pure-acoustic,none,hardware,1,0,0,1,priority,0.000500,180,15,hybrid,0.050000,4000.000000,6.087000,52.000000,500.000000,500.000000,2.000000,120.000000,0.000000,208,121,206,0,206,24,61,121,0,0,0,0,0,0,0,0,0.000000,0.000000,0.000000,clear-ocean,30.000000,60.000000,0.151000,1800,5016408,1286.258462,8.406918,118,31,2,85,0,280,73,1,206,0,0,0,0,0,0,0,0,0,0,0,0,0,0,0,24,63,121,24,61,121,14.033191,16.668798,37.944528,0.000000,3.174603,0.000000,0,0,0,12579.106641,22.890231,188.227692,10990.988718,1159.693840,315.738697,10168.988770,0.000000,0.000000,11644.421308,12579.106641,934.685333,9.219207,2.510025,80.840310,0.000000,7.430459,14.902494,12.053515,3.633385,0.210523,7,0.000000,0,0,0,99.038462,4.614164,99.038462,28.858646,1590.667712,2367.787383,0.000000,99.240846
15360.000000,pure-acoustic,none,hardware,1,0,0,1,priority,0.000500,180,15,hybrid,0.050000,4000.000000,6.087000,52.000000,500.000000,500.000000,2.000000,120.000000,0.000000,208,121,206,0,206,24,61,121,0,0,0,0,0,0,0,0,0.000000,0.000000,0.000000,clear-ocean,30.000000,60.000000,0.151000,1800,5016408,1286.258462,8.374079,118,31,2,85,0,280,73,1,206,0,0,0,0,0,0,0,0,0,0,0,0,0,0,0,24,63,121,24,61,121,14.033191,16.668798,37.944528,0.000000,3.174603,0.000000,0,0,0,12584.506641,22.890231,188.227692,10990.988718,1163.830010,316.772740,10169.218558,0.000000,0.000000,11649.821308,12584.506641,934.685333,9.248118,2.517165,80.807447,0.000000,7.427270,14.902494,12.053515,3.633385,0.209701,7,0.000000,0,0,0,99.038462,4.614164,99.038462,28.858646,1584.454167,2281.680667,0.000000,167.065460
15420.000000,pure-acoustic,none,hardware,1,0,0,1,priority,0.000500,180,15,hybrid,0.050000,4000.000000,6.087000,52.000000,500.000000,500.000000,2.000000,120.000000,0.000000,208,121,206,0,206,24,61,121,0,0,0,0,0,0,0,0,0.000000,0.000000,0.000000,clear-ocean,30.000000,60.000000,0.151000,1800,5016408,1286.258462,8.341495,118,31,2,85,0,280,73,1,206,0,0,0,0,0,0,0,0,0,0,0,0,0,0,0,24,63,121,24,61,121,14.033191,16.668798,37.944528,0.000000,3.174603,0.000000,0,0,0,12589.906641,22.890231,188.227692,10990.988718,1167.966181,317.806782,10169.448345,0.000000,0.000000,11655.221308,12589.906641,934.685333,9.277004,2.524298,80.774613,0.000000,7.424085,14.902494,12.053515,3.633385,0.208885,7,0.000000,0,0,0,99.038462,4.614164,99.038462,28.858646,1578.288975,2195.573951,0.000000,242.753854
15480.000000,pure-acoustic,none,hardware,1,0,0,1,priority,0.000500,180,15,hybrid,0.050000,4000.000000,6.087000,52.000000,500.000000,500.000000,2.000000,120.000000,0.000000,208,121,206,0,206,24,61,121,0,0,0,0,0,0,0,0,0.000000,0.000000,0.000000,clear-ocean,30.000000,60.000000,0.151000,1800,5016408,1286.258462,8.309163,118,31,2,85,0,280,73,1,206,0,0,0,0,0,0,0,0,0,0,0,0,0,0,0,24,63,121,24,61,121,14.033191,16.668798,37.944528,0.000000,3.174603,0.000000,0,0,0,12595.306641,22.890231,188.227692,10990.988718,1172.102351,318.840825,10169.678132,0.000000,0.000000,11660.621308,12595.306641,934.685333,9.305866,2.531426,80.741807,0.000000,7.420902,14.902494,12.053515,3.633385,0.208075,7,0.000000,0,0,0,99.038462,4.614164,99.038462,28.858646,1572.171576,2109.467235,0.000000,319.129320
15540.000000,pure-acoustic,none,hardware,1,0,0,1,priority,0.000500,180,15,hybrid,0.050000,4000.000000,6.087000,52.000000,500.000000,500.000000,2.000000,120.000000,0.000000,208,121,206,0,206,24,61,121,0,0,0,0,0,0,0,0,0.000000,0.000000,0.000000,clear-ocean,30.000000,60.000000,0.151000,1800,5016408,1286.258462,8.277081,118,31,2,85,0,280,73,1,206,0,0,0,0,0,0,0,0,0,0,0,0,0,0,0,24,63,121,24,61,121,14.033191,16.668798,37.944528,0.000000,3.174603,0.000000,0,0,0,12600.706641,22.890231,188.227692,10990.988718,1176.238521,319.874867,10169.907919,0.000000,0.000000,11666.021308,12600.706641,934.685333,9.334703,2.538547,80.709029,0.000000,7.417722,14.902494,12.053515,3.633385,0.207272,7,0.000000,0,0,0,99.038462,4.614164,99.038462,28.858646,1566.101416,2023.360519,0.000000,388.950006
15600.000000,pure-acoustic,none,hardware,1,0,0,1,priority,0.000500,180,15,hybrid,0.050000,4000.000000,6.087000,52.000000,500.000000,500.000000,2.000000,120.000000,0.000000,208,121,206,0,206,24,61,121,0,0,0,0,0,0,0,0,0.000000,0.000000,0.000000,clear-ocean,30.000000,60.000000,0.151000,1800,5016408,1286.258462,8.245247,118,31,2,85,0,280,73,1,206,0,0,0,0,0,0,0,0,0,0,0,0,0,0,0,24,63,121,24,61,121,14.033191,16.668798,37.944528,0.000000,3.174603,0.000000,0,0,0,12606.106641,22.890231,188.227692,10990.988718,1180.374691,320.908910,10170.137706,0.000000,0.000000,11671.421308,12606.106641,934.685333,9.363515,2.545662,80.676279,0.000000,7.414544,14.902494,12.053515,3.633385,0.206474,7,0.000000,0,0,0,99.038462,4.614164,99.038462,28.858646,1560.077949,1937.253802,0.000000,445.595577
15660.000000,pure-acoustic,none,hardware,1,0,0,1,priority,0.000500,180,15,hybrid,0.050000,4000.000000,6.087000,52.000000,500.000000,500.000000,2.000000,120.000000,0.000000,208,121,206,0,206,24,61,121,0,0,0,0,0,0,0,0,0.000000,0.000000,0.000000,clear-ocean,30.000000,60.000000,0.151000,1800,5016408,1286.258462,8.213656,118,31,2,85,0,280,73,1,206,0,0,0,0,0,0,0,0,0,0,0,0,0,0,0,24,63,121,24,61,121,14.033191,16.668798,37.944528,0.000000,3.174603,0.000000,0,0,0,12611.506641,22.890231,188.227692,10990.988718,1184.510861,321.942953,10170.367494,0.000000,0.000000,11676.821308,12611.506641,934.685333,9.392303,2.552772,80.643557,0.000000,7.411369,14.902494,12.053515,3.633385,0.205683,7,0.000000,0,0,0,99.038462,4.614164,99.038462,28.858646,1554.100639,1851.147086,0.000000,483.694950
15720.000000,pure-acoustic,none,hardware,1,0,0,1,priority,0.000500,180,15,hybrid,0.050000,4000.000000,6.087000,52.000000,500.000000,500.000000,2.000000,120.000000,0.000000,208,121,206,0,206,24,61,121,0,0,0,0,0,0,0,0,0.000000,0.000000,0.000000,clear-ocean,30.000000,60.000000,0.151000,1800,5016408,1286.258462,8.182306,118,31,2,85,0,280,73,1,206,0,0,0,0,0,0,0,0,0,0,0,0,0,0,0,24,63,121,24,61,121,14.033191,16.668798,37.944528,0.000000,3.174603,0.000000,0,0,0,12616.906641,22.890231,188.227692,10990.988718,1188.647032,322.976995,10170.597281,0.000000,0.000000,11682.221308,12616.906641,934.685333,9.421065,2.559875,80.610863,0.000000,7.408197,14.902494,12.053515,3.633385,0.204898,7,0.000000,0,0,0,99.038462,4.614164,99.038462,28.858646,1548.168957,1765.040370,0.000000,499.635578
15780.000000,pure-acoustic,none,hardware,1,0,0,1,priority,0.000500,180,15,hybrid,0.050000,4000.000000,6.087000,52.000000,500.000000,500.000000,2.000000,120.000000,0.000000,208,121,206,0,206,24,61,121,0,0,0,0,0,0,0,0,0.000000,0.000000,0.000000,clear-ocean,30.000000,60.000000,0.151000,1800,5016408,1286.258462,8.151194,118,31,2,85,0,280,73,1,206,0,0,0,0,0,0,0,0,0,0,0,0,0,0,0,24,63,121,24,61,121,14.033191,16.668798,37.944528,0.000000,3.174603,0.000000,0,0,0,12622.306641,22.890231,188.227692,10990.988718,1192.783202,324.011038,10170.827068,0.000000,0.000000,11687.621308,12622.306641,934.685333,9.449804,2.566972,80.578197,0.000000,7.405028,14.902494,12.053515,3.633385,0.204119,7,0.000000,0,0,0,99.038462,4.614164,99.038462,28.858646,1542.282383,1678.933654,-0.000000,491.905983
15840.000000,pure-acoustic,none,hardware,1,0,0,1,priority,0.000500,180,15,hybrid,0.050000,4000.000000,6.087000,52.000000,500.000000,500.000000,2.000000,120.000000,0.000000,208,121,206,0,206,24,61,121,0,0,0,0,0,0,0,0,0.000000,0.000000,0.000000,clear-ocean,30.000000,60.000000,0.151000,1800,5016408,1286.258462,8.120319,118,31,2,85,0,280,73,1,206,0,0,0,0,0,0,0,0,0,0,0,0,0,0,0,24,63,121,24,61,121,14.033191,16.668798,37.944528,0.000000,3.174603,0.000000,0,0,0,12627.706641,22.890231,188.227692,10990.988718,1196.919372,325.045080,10171.056855,0.000000,0.000000,11693.021308,12627.706641,934.685333,9.478517,2.574063,80.545559,0.000000,7.401861,14.902494,12.053515,3.633385,0.203346,7,0.000000,0,0,0,99.038462,4.614164,99.038462,28.858646,1536.440404,1592.826938,-0.000000,461.239079
15900.000000,pure-acoustic,none,hardware,1,0,0,1,priority,0.000500,180,15,hybrid,0.050000,4000.000000,6.087000,52.000000,500.000000,500.000000,2.000000,120.000000,0.000000,208,121,206,0,206,24,61,121,0,0,0,0,0,0,0,0,0.000000,0.000000,0.000000,clear-ocean,30.000000,60.000000,0.151000,1800,5016408,1286.258462,8.089676,118,31,2,85,0,280,73,1,206,0,0,0,0,0,0,0,0,0,0,0,0,0,0,0,24,63,121,24,61,121,14.033191,16.668798,37.944528,0.000000,3.174603,0.000000,0,0,0,12633.106641,22.890231,188.227692,10990.988718,1201.055542,326.079123,10171.286643,0.000000,0.000000,11698.421308,12633.106641,934.685333,9.507207,2.581148,80.512948,0.000000,7.398697,14.902494,12.053515,3.633385,0.202579,7,0.000000,0,0,0,99.038462,4.614164,99.038462,28.858646,1530.642516,1506.720222,-0.000000,410.542675
15960.000000,pure-acoustic,none,hardware,1,0,0,1,priority,0.000500,180,15,hybrid,0.050000,4000.000000,6.087000,52.000000,500.000000,500.000000,2.000000,120.000000,0.000000,208,121,206,0,206,24,61,121,0,0,0,0,0,0,0,0,0.000000,0.000000,0.000000,clear-ocean,30.000000,60.000000,0.151000,1800,5016408,1286.258462,8.059264,118,31,2,85,0,280,73,1,206,0,0,0,0,0,0,0,0,0,0,0,0,0,0,0,24,63,121,24,61,121,14.033191,16.668798,37.944528,0.000000,3.174603,0.000000,0,0,0,12638.506641,22.890231,188.227692,10990.988718,1205.191712,327.113165,10171.516430,0.000000,0.000000,11703.821308,12638.506641,934.685333,9.535871,2.588226,80.480366,0.000000,7.395536,14.902494,12.053515,3.633385,0.201817,7,0.000000,0,0,0,99.038462,4.614164,99.038462,28.858646,1524.888221,1420.613506,-0.000000,344.623758
16020.000000,pure-acoustic,none,hardware,1,0,0,1,priority,0.000500,180,15,hybrid,0.050000,4000.000000,6.087000,52.000000,500.000000,500.000000,2.000000,120.000000,0.000000,208,121,206,0,206,24,61,121,0,0,0,0,0,0,0,0,0.000000,0.000000,0.000000,clear-ocean,30.000000,60.000000,0.151000,1800,5016408,1286.258462,8.029079,118,31,2,85,0,280,73,1,206,0,0,0,0,0,0,0,0,0,0,0,0,0,0,0,24,63,121,24,61,121,14.033191,16.668798,37.944528,0.000000,3.174603,0.000000,0,0,0,12643.906641,22.890231,188.227692,10990.988718,1209.327883,328.147208,10171.746217,0.000000,0.000000,11709.221308,12643.906641,934.685333,9.564511,2.595299,80.447812,0.000000,7.392378,14.902494,12.053515,3.633385,0.201061,7,0.000000,0,0,0,99.038462,4.614164,99.038462,28.858646,1519.177029,1334.506789,-0.000000,269.732701
16080.000000,pure-acoustic,none,hardware,1,0,0,1,priority,0.000500,180,15,hybrid,0.050000,4000.000000,6.087000,52.000000,500.000000,500.000000,2.000000,120.000000,0.000000,208,121,206,0,206,24,61,121,0,0,0,0,0,0,0,0,0.000000,0.000000,0.000000,clear-ocean,30.000000,60.000000,0.151000,1800,5016408,1286.258462,7.999120,118,31,2,85,0,280,73,1,206,0,0,0,0,0,0,0,0,0,0,0,0,0,0,0,24,63,121,24,61,121,14.033191,16.668798,37.944528,0.000000,3.174603,0.000000,0,0,0,12649.306641,22.890231,188.227692,10990.988718,1213.464053,329.181250,10171.976004,0.000000,0.000000,11714.621308,12649.306641,934.685333,9.593127,2.602366,80.415285,0.000000,7.389222,14.902494,12.053515,3.633385,0.200311,7,0.000000,0,0,0,99.038462,4.614164,99.038462,28.858646,1513.508458,1248.400073,-0.000000,192.970607
16140.000000,pure-acoustic,none,hardware,1,0,0,1,priority,0.000500,180,15,hybrid,0.050000,4000.000000,6.087000,52.000000,500.000000,500.000000,2.000000,120.000000,0.000000,208,121,206,0,206,24,61,121,0,0,0,0,0,0,0,0,0.000000,0.000000,0.000000,clear-ocean,30.000000,60.000000,0.151000,1800,5016408,1286.258462,7.969383,118,31,2,85,0,280,73,1,206,0,0,0,0,0,0,0,0,0,0,0,0,0,0,0,24,63,121,24,61,121,14.033191,16.668798,37.944528,0.000000,3.174603,0.000000,0,0,0,12654.706641,22.890231,188.227692,10990.988718,1217.600223,330.215293,10172.205792,0.000000,0.000000,11720.021308,12654.706641,934.685333,9.621718,2.609427,80.382786,0.000000,7.386069,14.902494,12.053515,3.633385,0.199566,7,0.000000,0,0,0,99.038462,4.614164,99.038462,28.858646,1507.882032,1162.293357,-0.000000,121.615989
16200.000000,pure-acoustic,none,hardware,1,0,0,1,priority,0.000500,180,15,hybrid,0.050000,4000.000000,6.087000,52.000000,500.000000,500.000000,2.000000,120.000000,0.000000,208,121,206,0,206,24,61,121,0,0,0,0,0,0,0,0,0.000000,0.000000,0.000000,clear-ocean,30.000000,60.000000,0.151000,1800,5016408,1286.258462,7.939867,118,31,2,85,0,280,73,1,206,0,0,0,0,0,0,0,0,0,0,0,0,0,0,0,24,63,121,24,61,121,14.033191,16.668798,37.944528,0.000000,3.174603,0.000000,0,0,0,12660.106641,22.890231,188.227692,10990.988718,1221.736393,331.249336,10172.435579,0.000000,0.000000,11725.421308,12660.106641,934.685333,9.650285,2.616481,80.350315,0.000000,7.382918,14.902494,12.053515,3.633385,0.198827,7,0.000000,0,0,0,99.038462,4.614164,99.038462,28.858646,1502.297284,1076.186641,-0.000000,62.434628
16260.000000,pure-acoustic,none,hardware,1,0,0,1,priority,0.000500,180,15,hybrid,0.050000,4000.000000,6.087000,52.000000,500.000000,500.000000,2.000000,120.000000,0.000000,208,121,206,0,206,24,61,121,0,0,0,0,0,0,0,0,0.000000,0.000000,0.000000,clear-ocean,30.000000,60.000000,0.151000,1800,5016408,1286.258462,7.910569,118,31,2,85,0,280,73,1,206,0,0,0,0,0,0,0,0,0,0,0,0,0,0,0,24,63,121,24,61,121,14.033191,16.668798,37.944528,0.000000,3.174603,0.000000,0,0,0,12665.506641,22.890231,188.227692,10990.988718,1225.872564,332.283378,10172.665366,0.000000,0.000000,11730.821308,12665.506641,934.685333,9.678828,2.623530,80.317872,0.000000,7.379771,14.902494,12.053515,3.633385,0.198093,7,0.000000,0,0,0,99.038462,4.614164,99.038462,28.858646,1496.753752,990.079925,-0.000000,21.038048
16320.000000,pure-acoustic,none,hardware,1,0,0,1,priority,0.000500,180,15,hybrid,0.050000,4000.000000,6.087000,52.000000,500.000000,500.000000,2.000000,120.000000,0.000000,208,121,206,0,206,24,61,121,0,0,0,0,0,0,0,0,0.000000,0.000000,0.000000,clear-ocean,30.000000,60.000000,0.151000,1800,5016408,1286.258462,7.881486,118,31,2,85,0,280,73,1,206,0,0,0,0,0,0,0,0,0,0,0,0,0,0,0,24,63,121,24,61,121,14.033191,16.668798,37.944528,0.000000,3.174603,0.000000,0,0,0,12670.906641,22.890231,188.227692,10990.988718,1230.008734,333.317421,10172.895153,0.000000,0.000000,11736.221308,12670.906641,934.685333,9.707346,2.630573,80.285456,0.000000,7.376626,14.902494,12.053515,3.633385,0.197365,7,0.000000,0,0,0,99.038462,4.614164,99.038462,28.858646,1491.250980,903.973209,-0.000000,1.351435
16380.000000,pure-acoustic,none,hardware,1,0,0,1,priority,0.000500,180,15,hybrid,0.050000,4000.000000,6.087000,52.000000,500.000000,500.000000,2.000000,120.000000,0.000000,208,121,206,0,206,24,61,121,0,0,0,0,0,0,0,0,0.000000,0.000000,0.000000,clear-ocean,30.000000,60.000000,0.151000,1800,5016408,1286.258462,7.852616,118,31,2,85,0,280,73,1,206,0,0,0,0,0,0,0,0,0,0,0,0,0,0,0,24,63,121,24,61,121,14.033191,16.668798,37.944528,0.000000,3.174603,0.000000,0,0,0,12676.306641,22.890231,188.227692,10990.988718,1234.144904,334.351463,10173.124941,0.000000,0.000000,11741.621308,12676.306641,934.685333,9.735840,2.637609,80.253068,0.000000,7.373483,14.902494,12.053515,3.633385,0.196642,7,0.000000,0,0,0,99.038462,4.614164,99.038462,28.858646,1485.788523,817.866493,0.000000,5.241457
16440.000000,pure-acoustic,none,hardware,1,0,0,1,priority,0.000500,180,15,hybrid,0.050000,4000.000000,6.087000,52.000000,500.000000,500.000000,2.000000,120.000000,0.000000,208,121,206,0,206,24,61,121,0,0,0,0,0,0,0,0,0.000000,0.000000,0.000000,clear-ocean,30.000000,60.000000,0.151000,1800,5016408,1286.258462,7.823957,118,31,2,85,0,280,73,1,206,0,0,0,0,0,0,0,0,0,0,0,0,0,0,0,24,63,121,24,61,121,14.033191,16.668798,37.944528,0.000000,3.174603,0.000000,0,0,0,12681.706641,22.890231,188.227692,10990.988718,1238.281074,335.385506,10173.354728,0.000000,0.000000,11747.021308,12681.706641,934.685333,9.764309,2.644640,80.220707,0.000000,7.370343,14.902494,12.053515,3.633385,0.195925,7,0.000000,0,0,0,99.038462,4.614164,99.038462,28.858646,1480.365937,731.759776,0.000000,32.339264
16500.000000,pure-acoustic,none,hardware,1,0,0,1,priority,0.000500,180,15,hybrid,0.050000,4000.000000,6.087000,52.000000,500.000000,500.000000,2.000000,120.000000,0.000000,208,121,206,0,206,24,61,121,0,0,0,0,0,0,0,0,0.000000,0.000000,0.000000,clear-ocean,30.000000,60.000000,0.151000,1800,5016408,1286.258462,7.795506,118,31,2,85,0,280,73,1,206,0,0,0,0,0,0,0,0,0,0,0,0,0,0,0,24,63,121,24,61,121,14.033191,16.668798,37.944528,0.000000,3.174603,0.000000,0,0,0,12687.106641,22.890231,188.227692,10990.988718,1242.417244,336.419548,10173.584515,0.000000,0.000000,11752.421308,12687.106641,934.685333,9.792755,2.651665,80.188374,0.000000,7.367206,14.902494,12.053515,3.633385,0.195212,7,0.000000,0,0,0,99.038462,4.614164,99.038462,28.858646,1474.982788,645.653060,0.000000,80.075468
16560.000000,pure-acoustic,none,hardware,1,0,0,1,priority,0.000500,180,15,hybrid,0.050000,4000.000000,6.087000,52.000000,500.000000,500.000000,2.000000,120.000000,0.000000,208,121,206,0,206,24,61,121,0,0,0,0,0,0,0,0,0.000000,0.000000,0.000000,clear-ocean,30.000000,60.000000,0.151000,1800,5016408,1286.258462,7.767261,118,31,2,85,0,280,73,1,206,0,0,0,0,0,0,0,0,0,0,0,0,0,0,0,24,63,121,24,61,121,14.033191,16.668798,37.944528,0.000000,3.174603,0.000000,0,0,0,12692.506641,22.890231,188.227692,10990.988718,1246.553415,337.453591,10173.814302,0.000000,0.000000,11757.821308,12692.506641,934.685333,9.821176,2.658684,80.156068,0.000000,7.364072,14.902494,12.053515,3.633385,0.194505,7,0.000000,0,0,0,99.038462,4.614164,99.038462,28.858646,1469.638647,559.546344,0.000000,143.923764
16620.000000,pure-acoustic,none,hardware,1,0,0,1,priority,0.000500,180,15,hybrid,0.050000,4000.000000,6.087000,52.000000,500.000000,500.000000,2.000000,120.000000,0.000000,208,121,206,0,206,24,61,121,0,0,0,0,0,0,0,0,0.000000,0.000000,0.000000,clear-ocean,30.000000,60.000000,0.151000,1800,5016408,1286.258462,7.739221,118,31,2,85,0,280,73,1,206,0,0,0,0,0,0,0,0,0,0,0,0,0,0,0,24,63,121,24,61,121,14.033191,16.668798,37.944528,0.000000,3.174603,0.000000,0,0,0,12697.906641,22.890231,188.227692,10990.988718,1250.689585,338.487633,10174.044089,0.000000,0.000000,11763.221308,12697.906641,934.685333,9.849573,2.665696,80.123790,0.000000,7.360940,14.902494,12.053515,3.633385,0.193803,7,0.000000,0,0,0,99.038462,4.614164,99.038462,28.858646,1464.333093,473.439628,0.000000,217.830114
16680.000000,pure-acoustic,none,hardware,1,0,0,1,priority,0.000500,180,15,hybrid,0.050000,4000.000000,6.087000,52.000000,500.000000,500.000000,2.000000,120.000000,0.000000,208,121,206,0,206,24,61,121,0,0,0,0,0,0,0,0,0.000000,0.000000,0.000000,clear-ocean,30.000000,60.000000,0.151000,1800,5016408,1286.258462,7.711382,118,31,2,85,0,280,73,1,206,0,0,0,0,0,0,0,0,0,0,0,0,0,0,0,24,63,121,24,61,121,14.033191,16.668798,37.944528,0.000000,3.174603,0.000000,0,0,0,12703.306641,22.890231,188.227692,10990.988718,1254.825755,339.521676,10174.273877,0.000000,0.000000,11768.621308,12703.306641,934.685333,9.877946,2.672703,80.091540,0.000000,7.357811,14.902494,12.053515,3.633385,0.193106,7,0.000000,0,0,0,99.038462,4.614164,99.038462,28.858646,1459.065707,387.332912,0.000000,294.786783
16740.000000,pure-acoustic,none,hardware,1,0,0,1,priority,0.000500,180,15,hybrid,0.050000,4000.000000,6.087000,52.000000,500.000000,500.000000,2.000000,120.000000,0.000000,208,121,206,0,206,24,61,121,0,0,0,0,0,0,0,0,0.000000,0.000000,0.000000,clear-ocean,30.000000,60.000000,0.151000,1800,5016408,1286.258462,7.683742,118,31,2,85,0,280,73,1,206,0,0,0,0,0,0,0,0,0,0,0,0,0,0,0,24,63,121,24,61,121,14.033191,16.668798,37.944528,0.000000,3.174603,0.000000,0,0,0,12708.706641,22.890231,188.227692,10990.988718,1258.961925,340.555718,10174.503664,0.000000,0.000000,11774.021308,12708.706641,934.685333,9.906295,2.679704,80.059316,0.000000,7.354685,14.902494,12.053515,3.633385,0.192413,7,0.000000,0,0,0,99.038462,4.614164,99.038462,28.858646,1453.836081,301.226196,0.000000,367.496810
16800.000000,pure-acoustic,none,hardware,1,0,0,1,priority,0.000500,180,15,hybrid,0.050000,4000.000000,6.087000,52.000000,500.000000,500.000000,2.000000,120.000000,0.000000,208,121,206,0,206,24,61,121,0,0,0,0,0,0,0,0,0.000000,0.000000,0.000000,clear-ocean,30.000000,60.000000,0.151000,1800,5016408,1286.258462,7.656300,118,31,2,85,0,280,73,1,206,0,0,0,0,0,0,0,0,0,0,0,0,0,0,0,24,63,121,24,61,121,14.033191,16.668798,37.944528,0.000000,3.174603,0.000000,0,0,0,12714.106641,22.890231,188.227692,10990.988718,1263.098095,341.589761,10174.733451,0.000000,0.000000,11779.421308,12714.106641,934.685333,9.934619,2.686699,80.027121,0.000000,7.351561,14.902494,12.053515,3.633385,0.191726,7,0.000000,0,0,0,99.038462,4.614164,99.038462,28.858646,1448.643810,215.119480,0.000000,429.065895
16860.000000,pure-acoustic,none,hardware,1,0,0,1,priority,0.000500,180,15,hybrid,0.050000,4000.000000,6.087000,52.000000,500.000000,500.000000,2.000000,120.000000,0.000000,208,121,206,0,206,24,61,121,0,0,0,0,0,0,0,0,0.000000,0.000000,0.000000,clear-ocean,30.000000,60.000000,0.151000,1800,5016408,1286.258462,7.629054,118,31,2,85,0,280,73,1,206,0,0,0,0,0,0,0,0,0,0,0,0,0,0,0,24,63,121,24,61,121,14.033191,16.668798,37.944528,0.000000,3.174603,0.000000,0,0,0,12719.506641,22.890231,188.227692,10990.988718,1267.234266,342.623804,10174.963238,0.000000,0.000000,11784.821308,12719.506641,934.685333,9.962920,2.693688,79.994952,0.000000,7.348440,14.902494,12.053515,3.633385,0.191044,7,0.000000,0,0,0,99.038462,4.614164,99.038462,28.858646,1443.488493,129.012763,0.000000,473.656111
16920.000000,pure-acoustic,none,hardware,1,0,0,1,priority,0.000500,180,15,hybrid,0.050000,4000.000000,6.087000,52.000000,500.000000,500.000000,2.000000,120.000000,0.000000,208,121,206,0,206,24,61,121,0,0,0,0,0,0,0,0,0.000000,0.000000,0.000000,clear-ocean,30.000000,60.000000,0.151000,1800,5016408,1286.258462,7.602000,118,31,2,85,0,280,73,1,206,0,0,0,0,0,0,0,0,0,0,0,0,0,0,0,24,63,121,24,61,121,14.033191,16.668798,37.944528,0.000000,3.174603,0.000000,0,0,0,12724.906641,22.890231,188.227692,10990.988718,1271.370436,343.657846,10175.193026,0.000000,0.000000,11790.221308,12724.906641,934.685333,9.991197,2.700671,79.962811,0.000000,7.345322,14.902494,12.053515,3.633385,0.190366,7,0.000000,0,0,0,99.038462,4.614164,99.038462,28.858646,1438.369740,42.906047,0.000000,497.039455
16980.000000,pure-acoustic,none,hardware,1,0,0,1,priority,0.000500,180,15,hybrid,0.050000,4000.000000,6.087000,52.000000,500.000000,500.000000,2.000000,120.000000,0.000000,208,121,206,0,206,24,61,121,0,0,0,0,0,0,0,0,0.000000,0.000000,0.000000,clear-ocean,30.000000,60.000000,0.151000,1800,5016408,1286.258462,7.575138,118,31,2,85,0,280,73,1,206,0,0,0,0,0,0,0,0,0,0,0,0,0,0,0,24,63,121,24,61,121,14.033191,16.668798,37.944528,0.000000,3.174603,0.000000,0,0,0,12730.306641,22.890231,188.227692,10990.988718,1275.506606,344.691889,10175.422813,0.000000,0.000000,11795.621308,12730.306641,934.685333,10.019449,2.707648,79.930697,0.000000,7.342206,14.902494,12.053515,3.633385,0.189694,7,0.000000,0,0,0,99.038462,4.614164,99.038462,28.858646,1433.287161,43.200669,0.000000,496.998739
17040.000000,pure-acoustic,none,hardware,1,0,0,1,priority,0.000500,180,15,hybrid,0.050000,4000.000000,6.087000,52.000000,500.000000,500.000000,2.000000,120.000000,0.000000,208,121,206,0,206,24,61,121,0,0,0,0,0,0,0,0,0.000000,0.000000,0.000000,clear-ocean,30.000000,60.000000,0.151000,1800,5016408,1286.258462,7.548465,118,31,2,85,0,280,73,1,206,0,0,0,0,0,0,0,0,0,0,0,0,0,0,0,24,63,121,24,61,121,14.033191,16.668798,37.944528,0.000000,3.174603,0.000000,0,0,0,12735.706641,22.890231,188.227692,10990.988718,1279.642776,345.725931,10175.652600,0.000000,0.000000,11801.021308,12735.706641,934.685333,10.047678,2.714619,79.898610,0.000000,7.339093,14.902494,12.053515,3.633385,0.189026,7,0.000000,0,0,0,99.038462,4.614164,99.038462,28.858646,1428.240376,129.307385,0.000000,473.537824
17100.000000,pure-acoustic,none,hardware,1,0,0,1,priority,0.000500,180,15,hybrid,0.050000,4000.000000,6.087000,52.000000,500.000000,500.000000,2.000000,120.000000,0.000000,208,121,206,0,206,24,61,121,0,0,0,0,0,0,0,0,0.000000,0.000000,0.000000,clear-ocean,30.000000,60.000000,0.151000,1800,5016408,1286.258462,7.521979,118,31,2,85,0,280,73,1,206,0,0,0,0,0,0,0,0,0,0,0,0,0,0,0,24,63,121,24,61,121,14.033191,16.668798,37.944528,0.000000,3.174603,0.000000,0,0,0,12741.106641,22.890231,188.227692,10990.988718,1283.778947,346.759974,10175.882387,0.000000,0.000000,11806.421308,12741.106641,934.685333,10.075883,2.721584,79.866551,0.000000,7.335982,14.902494,12.053515,3.633385,0.188363,7,0.000000,0,0,0,99.038462,4.614164,99.038462,28.858646,1423.229006,215.414101,0.000000,428.881252
17160.000000,pure-acoustic,none,hardware,1,0,0,1,priority,0.000500,180,15,hybrid,0.050000,4000.000000,6.087000,52.000000,500.000000,500.000000,2.000000,120.000000,0.000000,208,121,206,0,206,24,61,121,0,0,0,0,0,0,0,0,0.000000,0.000000,0.000000,clear-ocean,30.000000,60.000000,0.151000,1800,5016408,1286.258462,7.495679,118,31,2,85,0,280,73,1,206,0,0,0,0,0,0,0,0,0,0,0,0,0,0,0,24,63,121,24,61,121,14.033191,16.668798,37.944528,0.000000,3.174603,0.000000,0,0,0,12746.506641,22.890231,188.227692,10990.988718,1287.915117,347.794016,10176.112175,0.000000,0.000000,11811.821308,12746.506641,934.685333,10.104063,2.728544,79.834518,0.000000,7.332874,14.902494,12.053515,3.633385,0.187704,7,0.000000,0,0,0,99.038462,4.614164,99.038462,28.858646,1418.252681,301.520817,0.000000,367.263320
17220.000000,pure-acoustic,none,hardware,1,0,0,1,priority,0.000500,180,15,hybrid,0.050000,4000.000000,6.087000,52.000000,500.000000,500.000000,2.000000,120.000000,0.000000,208,121,206,0,206,24,61,121,0,0,0,0,0,0,0,0,0.000000,0.000000,0.000000,clear-ocean,30.000000,60.000000,0.151000,1800,5016408,1286.258462,7.469561,118,31,2,85,0,280,73,1,206,0,0,0,0,0,0,0,0,0,0,0,0,0,0,0,24,63,121,24,61,121,14.033191,16.668798,37.944528,0.000000,3.174603,0.000000,0,0,0,12751.906641,22.890231,188.227692,10990.988718,1292.051287,348.828059,10176.341962,0.000000,0.000000,11817.221308,12751.906641,934.685333,10.132220,2.735497,79.802513,0.000000,7.329769,14.902494,12.053515,3.633385,0.187050,7,0.000000,0,0,0,99.038462,4.614164,99.038462,28.858646,1413.311034,387.627533,0.000000,294.526585
17280.000000,pure-acoustic,none,hardware,1,0,0,1,priority,0.000500,180,15,hybrid,0.050000,4000.000000,6.087000,52.000000,500.000000,500.000000,2.000000,120.000000,0.000000,208,121,206,0,206,24,61,121,0,0,0,0,0,0,0,0,0.000000,0.000000,0.000000,clear-ocean,30.000000,60.000000,0.151000,1800,5016408,1286.258462,7.443625,118,31,2,85,0,280,73,1,206,0,0,0,0,0,0,0,0,0,0,0,0,0,0,0,24,63,121,24,61,121,14.033191,16.668798,37.944528,0.000000,3.174603,0.000000,0,0,0,12757.306641,22.890231,188.227692,10990.988718,1296.187457,349.862101,10176.571749,0.000000,0.000000,11822.621308,12757.306641,934.685333,10.160354,2.742445,79.770535,0.000000,7.326667,14.902494,12.053515,3.633385,0.186400,7,0.000000,0,0,0,99.038462,4.614164,99.038462,28.858646,1408.403704,473.734250,0.000000,217.567879
17340.000000,pure-acoustic,none,hardware,1,0,0,1,priority,0.000500,180,15,hybrid,0.050000,4000.000000,6.087000,52.000000,500.000000,500.000000,2.000000,120.000000,0.000000,208,121,206,0,206,24,61,121,0,0,0,0,0,0,0,0,0.000000,0.000000,0.000000,clear-ocean,30.000000,60.000000,0.151000,1800,5016408,1286.258462,7.417869,118,31,2,85,0,280,73,1,206,0,0,0,0,0,0,0,0,0,0,0,0,0,0,0,24,63,121,24,61,121,14.033191,16.668798,37.944528,0.000000,3.174603,0.000000,0,0,0,12762.706641,22.890231,188.227692,10990.988718,1300.323627,350.896144,10176.801536,0.000000,0.000000,11828.021308,12762.706641,934.685333,10.188463,2.749387,79.738584,0.000000,7.323567,14.902494,12.053515,3.633385,0.185755,7,0.000000,0,0,0,99.038462,4.614164,99.038462,28.858646,1403.530334,559.840966,0.000000,143.684357
17400.000000,pure-acoustic,none,hardware,1,0,0,1,priority,0.000500,180,15,hybrid,0.050000,4000.000000,6.087000,52.000000,500.000000,500.000000,2.000000,120.000000,0.000000,208,121,206,0,206,24,61,121,0,0,0,0,0,0,0,0,0.000000,0.000000,0.000000,clear-ocean,30.000000,60.000000,0.151000,1800,5016408,1286.258462,7.392290,118,31,2,85,0,280,73,1,206,0,0,0,0,0,0,0,0,0,0,0,0,0,0,0,24,63,121,24,61,121,14.033191,16.668798,37.944528,0.000000,3.174603,0.000000,0,0,0,12768.106641,22.890231,188.227692,10990.988718,1304.459798,351.930187,10177.031324,0.000000,0.000000,11833.421308,12768.106641,934.685333,10.216548,2.756322,79.706660,0.000000,7.320469,14.902494,12.053515,3.633385,0.185115,7,0.000000,0,0,0,99.038462,4.614164,99.038462,28.858646,1398.690575,645.947682,0.000000,79.881590
17460.000000,pure-acoustic,none,hardware,1,0,0,1,priority,0.000500,180,15,hybrid,0.050000,4000.000000,6.087000,52.000000,500.000000,500.000000,2.000000,120.000000,0.000000,208,121,206,0,206,24,61,121,0,0,0,0,0,0,0,0,0.000000,0.000000,0.000000,clear-ocean,30.000000,60.000000,0.151000,1800,5016408,1286.258462,7.366887,118,31,2,85,0,280,73,1,206,0,0,0,0,0,0,0,0,0,0,0,0,0,0,0,24,63,121,24,61,121,14.033191,16.668798,37.944528,0.000000,3.174603,0.000000,0,0,0,12773.506641,22.890231,188.227692,10990.988718,1308.595968,352.964229,10177.261111,0.000000,0.000000,11838.821308,12773.506641,934.685333,10.244610,2.763252,79.674763,0.000000,7.317375,14.902494,12.053515,3.633385,0.184479,7,0.000000,0,0,0,99.038462,4.614164,99.038462,28.858646,1393.884078,732.054398,0.000000,32.209298
17520.000000,pure-acoustic,none,hardware,1,0,0,1,priority,0.000500,180,15,hybrid,0.050000,4000.000000,6.087000,52.000000,500.000000,500.000000,2.000000,120.000000,0.000000,208,121,206,0,206,24,61,121,0,0,0,0,0,0,0,0,0.000000,0.000000,0.000000,clear-ocean,30.000000,60.000000,0.151000,1800,5016408,1286.258462,7.341658,118,31,2,85,0,280,73,1,206,0,0,0,0,0,0,0,0,0,0,0,0,0,0,0,24,63,121,24,61,121,14.033191,16.668798,37.944528,0.000000,3.174603,0.000000,0,0,0,12778.906641,22.890231,188.227692,10990.988718,1312.732138,353.998272,10177.490898,0.000000,0.000000,11844.221308,12778.906641,934.685333,10.272648,2.770177,79.642893,0.000000,7.314283,14.902494,12.053515,3.633385,0.183847,7,0.000000,0,0,0,99.038462,4.614164,99.038462,28.858646,1389.110502,818.161114,0.000000,5.187726
17580.000000,pure-acoustic,none,hardware,1,0,0,1,priority,0.000500,180,15,hybrid,0.050000,4000.000000,6.087000,52.000000,500.000000,500.000000,2.000000,120.000000,0.000000,208,121,206,0,206,24,61,121,0,0,0,0,0,0,0,0,0.000000,0.000000,0.000000,clear-ocean,30.000000,60.000000,0.151000,1800,5016408,1286.258462,7.316601,118,31,2,85,0,280,73,1,206,0,0,0,0,0,0,0,0,0,0,0,0,0,0,0,24,63,121,24,61,121,14.033191,16.668798,37.944528,0.000000,3.174603,0.000000,0,0,0,12784.306641,22.890231,188.227692,10990.988718,1316.868308,355.032314,10177.720685,0.000000,0.000000,11849.621308,12784.306641,934.685333,10.300663,2.777095,79.611049,0.000000,7.311193,14.902494,12.053515,3.633385,0.183220,7,0.000000,0,0,0,99.038462,4.614164,99.038462,28.858646,1384.369511,904.267830,-0.000000,1.379034
17640.000000,pure-acoustic,none,hardware,1,0,0,1,priority,0.000500,180,15,hybrid,0.050000,4000.000000,6.087000,52.000000,500.000000,500.000000,2.000000,120.000000,0.000000,208,121,206,0,206,24,61,121,0,0,0,0,0,0,0,0,0.000000,0.000000,0.000000,clear-ocean,30.000000,60.000000,0.151000,1800,5016408,1286.258462,7.291715,118,31,2,85,0,280,73,1,206,0,0,0,0,0,0,0,0,0,0,0,0,0,0,0,24,63,121,24,61,121,14.033191,16.668798,37.944528,0.000000,3.174603,0.000000,0,0,0,12789.706641,22.890231,188.227692,10990.988718,1321.004478,356.066357,10177.950472,0.000000,0.000000,11855.021308,12789.706641,934.685333,10.328653,2.784007,79.579233,0.000000,7.308106,14.902494,12.053515,3.633385,0.182596,7,0.000000,0,0,0,99.038462,4.614164,99.038462,28.858646,1379.660771,990.374546,-0.000000,21.144360
17700.000000,pure-acoustic,none,hardware,1,0,0,1,priority,0.000500,180,15,hybrid,0.050000,4000.000000,6.087000,52.000000,500.000000,500.000000,2.000000,120.000000,0.000000,208,121,206,0,206,24,61,121,0,0,0,0,0,0,0,0,0.000000,0.000000,0.000000,clear-ocean,30.000000,60.000000,0.151000,1800,5016408,1286.258462,7.266997,118,31,2,85,0,280,73,1,206,0,0,0,0,0,0,0,0,0,0,0,0,0,0,0,24,63,121,24,61,121,14.033191,16.668798,37.944528,0.000000,3.174603,0.000000,0,0,0,12795.106641,22.890231,188.227692,10990.988718,1325.140649,357.100399,10178.180260,0.000000,0.000000,11860.421308,12795.106641,934.685333,10.356621,2.790914,79.547444,0.000000,7.305022,14.902494,12.053515,3.633385,0.181977,7,0.000000,0,0,0,99.038462,4.614164,99.038462,28.858646,1374.983955,1076.481263,-0.000000,62.609573
17760.000000,pure-acoustic,none,hardware,1,0,0,1,priority,0.000500,180,15,hybrid,0.050000,4000.000000,6.087000,52.000000,500.000000,500.000000,2.000000,120.000000,0.000000,208,121,206,0,206,24,61,121,0,0,0,0,0,0,0,0,0.000000,0.000000,0.000000,clear-ocean,30.000000,60.000000,0.151000,1800,5016408,1286.258462,7.242446,118,31,2,85,0,280,73,1,206,0,0,0,0,0,0,0,0,0,0,0,0,0,0,0,24,63,121,24,61,121,14.033191,16.668798,37.944528,0.000000,3.174603,0.000000,0,0,0,12800.506641,22.890231,188.227692,10990.988718,1329.276819,358.134442,10178.410047,0.000000,0.000000,11865.821308,12800.506641,934.685333,10.384564,2.797815,79.515681,0.000000,7.301940,14.902494,12.053515,3.633385,0.181363,7,0.000000,0,0,0,99.038462,4.614164,99.038462,28.858646,1370.338739,1162.587979,-0.000000,121.842978
17820.000000,pure-acoustic,none,hardware,1,0,0,1,priority,0.000500,180,15,hybrid,0.050000,4000.000000,6.087000,52.000000,500.000000,500.000000,2.000000,120.000000,0.000000,208,121,206,0,206,24,61,121,0,0,0,0,0,0,0,0,0.000000,0.000000,0.000000,clear-ocean,30.000000,60.000000,0.151000,1800,5016408,1286.258462,7.218061,118,31,2,85,0,280,73,1,206,0,0,0,0,0,0,0,0,0,0,0,0,0,0,0,24,63,121,24,61,121,14.033191,16.668798,37.944528,0.000000,3.174603,0.000000,0,0,0,12805.906641,22.890231,188.227692,10990.988718,1333.412989,359.168484,10178.639834,0.000000,0.000000,11871.221308,12805.906641,934.685333,10.412484,2.804710,79.483945,0.000000,7.298861,14.902494,12.053515,3.633385,0.180752,7,0.000000,0,0,0,99.038462,4.614164,99.038462,28.858646,1365.724804,1248.694695,-0.000000,193.228118
17880.000000,pure-acoustic,none,hardware,1,0,0,1,priority,0.000500,180,15,hybrid,0.050000,4000.000000,6.087000,52.000000,500.000000,500.000000,2.000000,120.000000,0.000000,208,121,206,0,206,24,61,121,0,0,0,0,0,0,0,0,0.000000,0.000000,0.000000,clear-ocean,30.000000,60.000000,0.151000,1800,5016408,1286.258462,7.193839,118,31,2,85,0,280,73,1,206,0,0,0,0,0,0,0,0,0,0,0,0,0,0,0,24,63,121,24,61,121,14.033191,16.668798,37.944528,0.000000,3.174603,0.000000,0,0,0,12811.306641,22.890231,188.227692,10990.988718,1337.549159,360.202527,10178.869621,0.000000,0.000000,11876.621308,12811.306641,934.685333,10.440380,2.811599,79.452236,0.000000,7.295785,14.902494,12.053515,3.633385,0.180145,7,0.000000,0,0,0,99.038462,4.614164,99.038462,28.858646,1361.141834,1334.801411,-0.000000,269.996317
17940.000000,pure-acoustic,none,hardware,1,0,0,1,priority,0.000500,180,15,hybrid,0.050000,4000.000000,6.087000,52.000000,500.000000,500.000000,2.000000,120.000000,0.000000,208,121,206,0,206,24,61,121,0,0,0,0,0,0,0,0,0.000000,0.000000,0.000000,clear-ocean,30.000000,60.000000,0.151000,1800,5016408,1286.258462,7.169780,118,31,2,85,0,280,73,1,206,0,0,0,0,0,0,0,0,0,0,0,0,0,0,0,24,63,121,24,61,121,14.033191,16.668798,37.944528,0.000000,3.174603,0.000000,0,0,0,12816.706641,22.890231,188.227692,10990.988718,1341.685330,361.236570,10179.099409,0.000000,0.000000,11882.021308,12816.706641,934.685333,10.468253,2.818482,79.420554,0.000000,7.292711,14.902494,12.053515,3.633385,0.179543,7,0.000000,0,0,0,99.038462,4.614164,99.038462,28.858646,1356.589521,1420.908127,-0.000000,344.868482
18000.000000,pure-acoustic,none,hardware,1,0,0,1,priority,0.000500,180,15,hybrid,0.050000,4000.000000,6.087000,52.000000,500.000000,500.000000,2.000000,120.000000,0.000000,208,121,206,0,206,24,61,121,0,0,0,0,0,0,0,0,0.000000,0.000000,0.000000,clear-ocean,30.000000,60.000000,0.151000,1800,5016408,1286.258462,7.145880,118,31,2,85,0,280,73,1,206,0,0,0,0,0,0,0,0,0,0,0,0,0,0,0,24,63,121,24,61,121,14.033191,16.668798,37.944528,0.000000,3.174603,0.000000,0,0,0,12822.106641,22.890231,188.227692,10990.988718,1345.821500,362.270612,10179.329196,0.000000,0.000000,11887.421308,12822.106641,934.685333,10.496103,2.825360,79.388898,0.000000,7.289639,14.902494,12.053515,3.633385,0.178944,7,0.000000,0,0,0,99.038462,4.614164,99.038462,28.858646,1352.067556,1507.014843,-0.000000,410.745304
18060.000000,pure-acoustic,none,hardware,1,0,0,1,priority,0.000500,180,15,hybrid,0.050000,4000.000000,6.087000,52.000000,500.000000,500.000000,2.000000,120.000000,0.000000,208,121,206,0,206,24,61,121,0,0,0,0,0,0,0,0,0.000000,0.000000,0.000000,clear-ocean,30.000000,60.000000,0.151000,1800,5016408,1286.258462,7.122140,118,31,2,85,0,280,73,1,206,0,0,0,0,0,0,0,0,0,0,0,0,0,0,0,24,63,121,24,61,121,14.033191,16.668798,37.944528,0.000000,3.174603,0.000000,0,0,0,12827.506641,22.890231,188.227692,10990.988718,1349.957670,363.304655,10179.558983,0.000000,0.000000,11892.821308,12827.506641,934.685333,10.523929,2.832231,79.357269,0.000000,7.286571,14.902494,12.053515,3.633385,0.178350,7,0.000000,0,0,0,99.038462,4.614164,99.038462,28.858646,1347.575637,1593.121559,-0.000000,461.380399
18120.000000,pure-acoustic,none,hardware,1,0,0,1,priority,0.000500,180,15,hybrid,0.050000,4000.000000,6.087000,52.000000,500.000000,500.000000,2.000000,120.000000,0.000000,208,121,206,0,206,24,61,121,0,0,0,0,0,0,0,0,0.000000,0.000000,0.000000,clear-ocean,30.000000,60.000000,0.151000,1800,5016408,1286.258462,7.098557,118,31,2,85,0,280,73,1,206,0,0,0,0,0,0,0,0,0,0,0,0,0,0,0,24,63,121,24,61,121,14.033191,16.668798,37.944528,0.000000,3.174603,0.000000,0,0,0,12832.906641,22.890231,188.227692,10990.988718,1354.093840,364.338697,10179.788770,0.000000,0.000000,11898.221308,12832.906641,934.685333,10.551731,2.839097,79.325667,0.000000,7.283505,14.902494,12.053515,3.633385,0.177759,7,0.000000,0,0,0,99.038462,4.614164,99.038462,28.858646,1343.113466,1679.228276,-0.000000,491.972594
18180.000000,pure-acoustic,none,hardware,1,0,0,1,priority,0.000500,180,15,hybrid,0.050000,4000.000000,6.087000,52.000000,500.000000,500.000000,2.000000,120.000000,0.000000,208,121,206,0,206,24,61,121,0,0,0,0,0,0,0,0,0.000000,0.000000,0.000000,clear-ocean,30.000000,60.000000,0.151000,1800,5016408,1286.258462,7.075129,118,31,2,85,0,280,73,1,206,0,0,0,0,0,0,0,0,0,0,0,0,0,0,0,24,63,121,24,61,121,14.033191,16.668798,37.944528,0.000000,3.174603,0.000000,0,0,0,12838.306641,22.890231,188.227692,10990.988718,1358.230010,365.372740,10180.018558,0.000000,0.000000,11903.621308,12838.306641,934.685333,10.579511,2.845957,79.294091,0.000000,7.280441,14.902494,12.053515,3.633385,0.177173,7,0.000000,0,0,0,99.038462,4.614164,99.038462,28.858646,1338.680748,1765.334992,0.000000,499.621164
18240.000000,pure-acoustic,none,hardware,1,0,0,1,priority,0.000500,180,15,hybrid,0.050000,4000.000000,6.087000,52.000000,500.000000,500.000000,2.000000,120.000000,0.000000,208,121,206,0,206,24,61,121,0,0,0,0,0,0,0,0,0.000000,0.000000,0.000000,clear-ocean,30.000000,60.000000,0.151000,1800,5016408,1286.258462,7.051856,118,31,2,85,0,280,73,1,206,0,0,0,0,0,0,0,0,0,0,0,0,0,0,0,24,63,121,24,61,121,14.033191,16.668798,37.944528,0.000000,3.174603,0.000000,0,0,0,12843.706641,22.890231,188.227692,10990.988718,1362.366181,366.406782,10180.248345,0.000000,0.000000,11909.021308,12843.706641,934.685333,10.607266,2.852812,79.262542,0.000000,7.277380,14.902494,12.053515,3.633385,0.176590,7,0.000000,0,0,0,99.038462,4.614164,99.038462,28.858646,1334.277193,1851.441708,0.000000,483.600879
18300.000000,pure-acoustic,none,hardware,1,0,0,1,priority,0.000500,180,15,hybrid,0.050000,4000.000000,6.087000,52.000000,500.000000,500.000000,2.000000,120.000000,0.000000,208,121,206,0,206,24,61,121,0,0,0,0,0,0,0,0,0.000000,0.000000,0.000000,clear-ocean,30.000000,60.000000,0.151000,1800,5016408,1286.258462,7.028735,118,31,2,85,0,280,73,1,206,0,0,0,0,0,0,0,0,0,0,0,0,0,0,0,24,63,121,24,61,121,14.033191,16.668798,37.944528,0.000000,3.174603,0.000000,0,0,0,12849.106641,22.890231,188.227692,10990.988718,1366.502351,367.440825,10180.478132,0.000000,0.000000,11914.421308,12849.106641,934.685333,10.634999,2.859660,79.231019,0.000000,7.274322,14.902494,12.053515,3.633385,0.176011,7,0.000000,0,0,0,99.038462,4.614164,99.038462,28.858646,1329.902514,1937.548424,0.000000,445.430767
18360.000000,pure-acoustic,none,hardware,1,0,0,1,priority,0.000500,180,15,hybrid,0.050000,4000.000000,6.087000,52.000000,500.000000,500.000000,2.000000,120.000000,0.000000,208,121,206,0,206,24,61,121,0,0,0,0,0,0,0,0,0.000000,0.000000,0.000000,clear-ocean,30.000000,60.000000,0.151000,1800,5016408,1286.258462,7.005765,118,31,2,85,0,280,73,1,206,0,0,0,0,0,0,0,0,0,0,0,0,0,0,0,24,63,121,24,61,121,14.033191,16.668798,37.944528,0.000000,3.174603,0.000000,0,0,0,12854.506641,22.890231,188.227692,10990.988718,1370.638521,368.474867,10180.707919,0.000000,0.000000,11919.821308,12854.506641,934.685333,10.662708,2.866503,79.199523,0.000000,7.271266,14.902494,12.053515,3.633385,0.175436,7,0.000000,0,0,0,99.038462,4.614164,99.038462,28.858646,1325.556427,2023.655140,0.000000,388.730085
18420.000000,pure-acoustic,none,hardware,1,0,0,1,priority,0.000500,180,15,hybrid,0.050000,4000.000000,6.087000,52.000000,500.000000,500.000000,2.000000,120.000000,0.000000,208,121,206,0,206,24,61,121,0,0,0,0,0,0,0,0,0.000000,0.000000,0.000000,clear-ocean,30.000000,60.000000,0.151000,1800,5016408,1286.258462,6.982945,118,31,2,85,0,280,73,1,206,0,0,0,0,0,0,0,0,0,0,0,0,0,0,0,24,63,121,24,61,121,14.033191,16.668798,37.944528,0.000000,3.174603,0.000000,0,0,0,12859.906641,22.890231,188.227692,10990.988718,1374.774691,369.508910,10180.937706,0.000000,0.000000,11925.221308,12859.906641,934.685333,10.690394,2.873341,79.168053,0.000000,7.268212,14.902494,12.053515,3.633385,0.174864,7,0.000000,0,0,0,99.038462,4.614164,99.038462,28.858646,1321.238654,2109.761856,0.000000,318.875141
18480.000000,pure-acoustic,none,hardware,1,0,0,1,priority,0.000500,180,15,hybrid,0.050000,4000.000000,6.087000,52.000000,500.000000,500.000000,2.000000,120.000000,0.000000,208,121,206,0,206,24,61,121,0,0,0,0,0,0,0,0,0.000000,0.000000,0.000000,clear-ocean,30.000000,60.000000,0.151000,1800,5016408,1286.258462,6.960273,118,31,2,85,0,280,73,1,206,0,0,0,0,0,0,0,0,0,0,0,0,0,0,0,24,63,121,24,61,121,14.033191,16.668798,37.944528,0.000000,3.174603,0.000000,0,0,0,12865.306641,22.890231,188.227692,10990.988718,1378.910861,370.542953,10181.167494,0.000000,0.000000,11930.621308,12865.306641,934.685333,10.718057,2.880172,79.136610,0.000000,7.265162,14.902494,12.053515,3.633385,0.174297,7,0.000000,0,0,0,99.038462,4.614164,99.038462,28.858646,1316.948918,2195.868573,0.000000,242.489517
18540.000000,pure-acoustic,none,hardware,1,0,0,1,priority,0.000500,180,15,hybrid,0.050000,4000.000000,6.087000,52.000000,500.000000,500.000000,2.000000,120.000000,0.000000,208,121,206,0,206,24,61,121,0,0,0,0,0,0,0,0,0.000000,0.000000,0.000000,clear-ocean,30.000000,60.000000,0.151000,1800,5016408,1286.258462,6.937748,118,31,2,85,0,280,73,1,206,0,0,0,0,0,0,0,0,0,0,0,0,0,0,0,24,63,121,24,61,121,14.033191,16.668798,37.944528,0.000000,3.174603,0.000000,0,0,0,12870.706641,22.890231,188.227692,10990.988718,1383.047032,371.576995,10181.397281,0.000000,0.000000,11936.021308,12870.706641,934.685333,10.745696,2.886998,79.105193,0.000000,7.262114,14.902494,12.053515,3.633385,0.173732,7,0.000000,0,0,0,99.038462,4.614164,99.038462,28.858646,1312.686947,2281.975289,0.000000,166.816031
18600.000000,pure-acoustic,none,hardware,1,0,0,1,priority,0.000500,180,15,hybrid,0.050000,4000.000000,6.087000,52.000000,500.000000,500.000000,2.000000,120.000000,0.000000,208,121,206,0,206,24,61,121,0,0,0,0,0,0,0,0,0.000000,0.000000,0.000000,clear-ocean,30.000000,60.000000,0.151000,1800,5016408,1286.258462,6.915368,118,31,2,85,0,280,73,1,206,0,0,0,0,0,0,0,0,0,0,0,0,0,0,0,24,63,121,24,61,121,14.033191,16.668798,37.944528,0.000000,3.174603,0.000000,0,0,0,12876.106641,22.890231,188.227692,10990.988718,1387.183202,372.611038,10181.627068,0.000000,0.000000,11941.421308,12876.106641,934.685333,10.773312,2.893818,79.073802,0.000000,7.259068,14.902494,12.053515,3.633385,0.173172,7,0.000000,0,0,0,99.038462,4.614164,99.038462,28.858646,1308.452473,2368.082005,0.000000,99.029974
18660.000000,pure-acoustic,none,hardware,1,0,0,1,priority,0.000500,180,15,hybrid,0.050000,4000.000000,6.087000,52.000000,500.000000,500.000000,2.000000,120.000000,0.000000,208,121,206,0,206,24,61,121,0,0,0,0,0,0,0,0,0.000000,0.000000,0.000000,clear-ocean,30.000000,60.000000,0.151000,1800,5016408,1286.258462,6.893132,118,31,2,85,0,280,73,1,206,0,0,0,0,0,0,0,0,0,0,0,0,0,0,0,24,63,121,24,61,121,14.033191,16.668798,37.944528,0.000000,3.174603,0.000000,0,0,0,12881.506641,22.890231,188.227692,10990.988718,1391.319372,373.645080,10181.856855,0.000000,0.000000,11946.821308,12881.506641,934.685333,10.800906,2.900632,79.042438,0.000000,7.256025,14.902494,12.053515,3.633385,0.172615,7,0.000000,0,0,0,99.038462,4.614164,99.038462,28.858646,1304.245230,2454.188721,0.000000,45.558759
18720.000000,pure-acoustic,none,hardware,1,0,0,1,priority,0.000500,180,15,hybrid,0.050000,4000.000000,6.087000,52.000000,500.000000,500.000000,2.000000,120.000000,0.000000,208,121,206,0,206,24,61,121,0,0,0,0,0,0,0,0,0.000000,0.000000,0.000000,clear-ocean,30.000000,60.000000,0.151000,1800,5016408,1286.258462,6.871039,118,31,2,85,0,280,73,1,206,0,0,0,0,0,0,0,0,0,0,0,0,0,0,0,24,63,121,24,61,121,14.033191,16.668798,37.944528,0.000000,3.174603,0.000000,0,0,0,12886.906641,22.890231,188.227692,10990.988718,1395.455542,374.679123,10182.086643,0.000000,0.000000,11952.221308,12886.906641,934.685333,10.828476,2.907440,79.011100,0.000000,7.252984,14.902494,12.053515,3.633385,0.172062,7,0.000000,0,0,0,99.038462,4.614164,99.038462,28.858646,1300.064957,2540.295437,0.000000,11.472481
18780.000000,pure-acoustic,none,hardware,1,0,0,1,priority,0.000500,180,15,hybrid,0.050000,4000.000000,6.087000,52.000000,500.000000,500.000000,2.000000,120.000000,0.000000,208,121,206,0,206,24,61,121,0,0,0,0,0,0,0,0,0.000000,0.000000,0.000000,clear-ocean,30.000000,60.000000,0.151000,1800,5016408,1286.258462,6.849087,118,31,2,85,0,280,73,1,206,0,0,0,0,0,0,0,0,0,0,0,0,0,0,0,24,63,121,24,61,121,14.033191,16.668798,37.944528,0.000000,3.174603,0.000000,0,0,0,12892.306641,22.890231,188.227692,10990.988718,1399.591712,375.713165,10182.316430,0.000000,0.000000,11957.621308,12892.306641,934.685333,10.856023,2.914243,78.979788,0.000000,7.249946,14.902494,12.053515,3.633385,0.171512,7,0.000000,0,0,0,99.038462,4.614164,99.038462,28.858646,1295.911395,2626.402153,-0.000000,0.003168
18840.000000,pure-acoustic,none,hardware,1,0,0,1,priority,0.000500,180,15,hybrid,0.050000,4000.000000,6.087000,52.000000,500.000000,500.000000,2.000000,120.000000,0.000000,208,121,206,0,206,24,61,121,0,0,0,0,0,0,0,0,0.000000,0.000000,0.000000,clear-ocean,30.000000,60.000000,0.151000,1800,5016408,1286.258462,6.827274,118,31,2,85,0,280,73,1,206,0,0,0,0,0,0,0,0,0,0,0,0,0,0,0,24,63,121,24,61,121,14.033191,16.668798,37.944528,0.000000,3.174603,0.000000,0,0,0,12897.706641,22.890231,188.227692,10990.988718,1403.727883,376.747208,10182.546217,0.000000,0.000000,11963.021308,12897.706641,934.685333,10.883546,2.921040,78.948502,0.000000,7.246911,14.902494,12.053515,3.633385,0.170966,7,0.000000,0,0,0,99.038462,4.614164,99.038462,28.858646,1291.784289,2712.508869,-0.000000,12.238331
18900.000000,pure-acoustic,none,hardware,1,0,0,1,priority,0.000500,180,15,hybrid,0.050000,4000.000000,6.087000,52.000000,500.000000,500.000000,2.000000,120.000000,0.000000,208,121,206,0,206,24,61,121,0,0,0,0,0,0,0,0,0.000000,0.000000,0.000000,clear-ocean,30.000000,60.000000,0.151000,1800,5016408,1286.258462,6.805600,118,31,2,85,0,280,73,1,206,0,0,0,0,0,0,0,0,0,0,0,0,0,0,0,24,63,121,24,61,121,14.033191,16.668798,37.944528,0.000000,3.174603,0.000000,0,0,0,12903.106641,22.890231,188.227692,10990.988718,1407.864053,377.781250,10182.776004,0.000000,0.000000,11968.421308,12903.106641,934.685333,10.911047,2.927832,78.917243,0.000000,7.243878,14.902494,12.053515,3.633385,0.170423,7,0.000000,0,0,0,99.038462,4.614164,99.038462,28.858646,1287.683386,2798.615586,-0.000000,47.017843
18960.000000,pure-acoustic,none,hardware,1,0,0,1,priority,0.000500,180,15,hybrid,0.050000,4000.000000,6.087000,52.000000,500.000000,500.000000,2.000000,120.000000,0.000000,208,121,206,0,206,24,61,121,0,0,0,0,0,0,0,0,0.000000,0.000000,0.000000,clear-ocean,30.000000,60.000000,0.151000,1800,5016408,1286.258462,6.784064,118,31,2,85,0,280,73,1,206,0,0,0,0,0,0,0,0,0,0,0,0,0,0,0,24,63,121,24,61,121,14.033191,16.668798,37.944528,0.000000,3.174603,0.000000,0,0,0,12908.506641,22.890231,188.227692,10990.988718,1412.000223,378.815293,10183.005792,0.000000,0.000000,11973.821308,12908.506641,934.685333,10.938525,2.934617,78.886010,0.000000,7.240848,14.902494,12.053515,3.633385,0.169884,7,0.000000,0,0,0,99.038462,4.614164,99.038462,28.858646,1283.608439,2884.722302,-0.000000,101.043941
19020.000000,pure-acoustic,none,hardware,1,0,0,1,priority,0.000500,180,15,hybrid,0.050000,4000.000000,6.087000,52.000000,500.000000,500.000000,2.000000,120.000000,0.000000,208,121,206,0,206,24,61,121,0,0,0,0,0,0,0,0,0.000000,0.000000,0.000000,clear-ocean,30.000000,60.000000,0.151000,1800,5016408,1286.258462,6.762663,118,31,2,85,0,280,73,1,206,0,0,0,0,0,0,0,0,0,0,0,0,0,0,0,24,63,121,24,61,121,14.033191,16.668798,37.944528,0.000000,3.174603,0.000000,0,0,0,12913.906641,22.890231,188.227692,10990.988718,1416.136393,379.849336,10183.235579,0.000000,0.000000,11979.221308,12913.906641,934.685333,10.965980,2.941398,78.854803,0.000000,7.237820,14.902494,12.053515,3.633385,0.169348,7,0.000000,0,0,0,99.038462,4.614164,99.038462,28.858646,1279.559201,2970.829018,-0.000000,169.193920
19080.000000,pure-acoustic,none,hardware,1,0,0,1,priority,0.000500,180,15,hybrid,0.050000,4000.000000,6.087000,52.000000,500.000000,500.000000,2.000000,120.000000,0.000000,208,121,206,0,206,24,61,121,0,0,0,0,0,0,0,0,0.000000,0.000000,0.000000,clear-ocean,30.000000,60.000000,0.151000,1800,5016408,1286.258462,6.741397,118,31,2,85,0,280,73,1,206,0,0,0,0,0,0,0,0,0,0,0,0,0,0,0,24,63,121,24,61,121,14.033191,16.668798,37.944528,0.000000,3.174603,0.000000,0,0,0,12919.306641,22.890231,188.227692,10990.988718,1420.272564,380.883378,10183.465366,0.000000,0.000000,11984.621308,12919.306641,934.685333,10.993412,2.948172,78.823621,0.000000,7.234795,14.902494,12.053515,3.633385,0.168816,7,0.000000,0,0,0,99.038462,4.614164,99.038462,28.858646,1275.535430,3056.935734,-0.000000,245.005859
19140.000000,pure-acoustic,none,hardware,1,0,0,1,priority,0.000500,180,15,hybrid,0.050000,4000.000000,6.087000,52.000000,500.000000,500.000000,2.000000,120.000000,0.000000,208,121,206,0,206,24,61,121,0,0,0,0,0,0,0,0,0.000000,0.000000,0.000000,clear-ocean,30.000000,60.000000,0.151000,1800,5016408,1286.258462,6.720264,118,31,2,85,0,280,73,1,206,0,0,0,0,0,0,0,0,0,0,0,0,0,0,0,24,63,121,24,61,121,14.033191,16.668798,37.944528,0.000000,3.174603,0.000000,0,0,0,12924.706641,22.890231,188.227692,10990.988718,1424.408734,381.917421,10183.695153,0.000000,0.000000,11990.021308,12924.706641,934.685333,11.020821,2.954941,78.792467,0.000000,7.231772,14.902494,12.053515,3.633385,0.168286,7,0.000000,0,0,0,99.038462,4.614164,99.038462,28.858646,1271.536886,3143.042450,-0.000000,321.291337
19200.000000,pure-acoustic,none,hardware,1,0,0,1,priority,0.000500,180,15,hybrid,0.050000,4000.000000,6.087000,52.000000,500.000000,500.000000,2.000000,120.000000,0.000000,208,121,206,0,206,24,61,121,0,0,0,0,0,0,0,0,0.000000,0.000000,0.000000,clear-ocean,30.000000,60.000000,0.151000,1800,5016408,1286.258462,6.699263,118,31,2,85,0,280,73,1,206,0,0,0,0,0,0,0,0,0,0,0,0,0,0,0,24,63,121,24,61,121,14.033191,16.668798,37.944528,0.000000,3.174603,0.000000,0,0,0,12930.106641,22.890231,188.227692,10990.988718,1428.544904,382.951463,10183.924941,0.000000,0.000000,11995.421308,12930.106641,934.685333,11.048207,2.961704,78.761338,0.000000,7.228752,14.902494,12.053515,3.633385,0.167760,7,0.000000,0,0,0,99.038462,4.614164,99.038462,28.858646,1267.563333,3229.149166,-0.000000,390.817035
19260.000000,pure-acoustic,none,hardware,1,0,0,1,priority,0.000500,180,15,hybrid,0.050000,4000.000000,6.087000,52.000000,500.000000,500.000000,2.000000,120.000000,0.000000,208,121,206,0,206,24,61,121,0,0,0,0,0,0,0,0,0.000000,0.000000,0.000000,clear-ocean,30.000000,60.000000,0.151000,1800,5016408,1286.258462,6.678393,118,31,2,85,0,280,73,1,206,0,0,0,0,0,0,0,0,0,0,0,0,0,0,0,24,63,121,24,61,121,14.033191,16.668798,37.944528,0.000000,3.174603,0.000000,0,0,0,12935.506641,22.890231,188.227692,10990.988718,1432.681074,383.985506,10184.154728,0.000000,0.000000,12000.821308,12935.506641,934.685333,11.075570,2.968461,78.730235,0.000000,7.225734,14.902494,12.053515,3.633385,0.167238,7,0.000000,0,0,0,99.038462,4.614164,99.038462,28.858646,1263.614538,3315.255882,-0.000000,446.990588
19320.000000,pure-acoustic,none,hardware,1,0,0,1,priority,0.000500,180,15,hybrid,0.050000,4000.000000,6.087000,52.000000,500.000000,500.000000,2.000000,120.000000,0.000000,208,121,206,0,206,24,61,121,0,0,0,0,0,0,0,0,0.000000,0.000000,0.000000,clear-ocean,30.000000,60.000000,0.151000,1800,5016408,1286.258462,6.657652,118,31,2,85,0,280,73,1,206,0,0,0,0,0,0,0,0,0,0,0,0,0,0,0,24,63,121,24,61,121,14.033191,16.668798,37.944528,0.000000,3.174603,0.000000,0,0,0,12940.906641,22.890231,188.227692,10990.988718,1436.817244,385.019548,10184.384515,0.000000,0.000000,12006.221308,12940.906641,934.685333,11.102910,2.975213,78.699158,0.000000,7.222719,14.902494,12.053515,3.633385,0.166718,7,0.000000,0,0,0,99.038462,4.614164,99.038462,28.858646,1259.690269,3401.362599,-0.000000,484.485669
19380.000000,pure-acoustic,none,hardware,1,0,0,1,priority,0.000500,180,15,hybrid,0.050000,4000.000000,6.087000,52.000000,500.000000,500.000000,2.000000,120.000000,0.000000,208,121,206,0,206,24,61,121,0,0,0,0,0,0,0,0,0.000000,0.000000,0.000000,clear-ocean,30.000000,60.000000,0.151000,1800,5016408,1286.258462,6.637041,118,31,2,85,0,280,73,1,206,0,0,0,0,0,0,0,0,0,0,0,0,0,0,0,24,63,121,24,61,121,14.033191,16.668798,37.944528,0.000000,3.174603,0.000000,0,0,0,12946.306641,22.890231,188.227692,10990.988718,1440.953415,386.053591,10184.614302,0.000000,0.000000,12011.621308,12946.306641,934.685333,11.130228,2.981959,78.668107,0.000000,7.219706,14.902494,12.053515,3.633385,0.166202,7,0.000000,0,0,0,99.038462,4.614164,99.038462,28.858646,1255.790299,3487.469315,-0.000000,499.747029
19440.000000,pure-acoustic,none,hardware,1,0,0,1,priority,0.000500,180,15,hybrid,0.050000,4000.000000,6.087000,52.000000,500.000000,500.000000,2.000000,120.000000,0.000000,208,121,206,0,206,24,61,121,0,0,0,0,0,0,0,0,0.000000,0.000000,0.000000,clear-ocean,30.000000,60.000000,0.151000,1800,5016408,1286.258462,6.616556,118,31,2,85,0,280,73,1,206,0,0,0,0,0,0,0,0,0,0,0,0,0,0,0,24,63,121,24,61,121,14.033191,16.668798,37.944528,0.000000,3.174603,0.000000,0,0,0,12951.706641,22.890231,188.227692,10990.988718,1445.089585,387.087633,10184.844089,0.000000,0.000000,12017.021308,12951.706641,934.685333,11.157523,2.988700,78.637081,0.000000,7.216696,14.902494,12.053515,3.633385,0.165689,7,0.000000,0,0,0,99.038462,4.614164,99.038462,28.858646,1251.914403,3573.576031,0.000000,491.327600
19500.000000,pure-acoustic,none,hardware,1,0,0,1,priority,0.000500,180,15,hybrid,0.050000,4000.000000,6.087000,52.000000,500.000000,500.000000,2.000000,120.000000,0.000000,208,121,206,0,206,24,61,121,0,0,0,0,0,0,0,0,0.000000,0.000000,0.000000,clear-ocean,30.000000,60.000000,0.151000,1800,5016408,1286.258462,6.596197,118,31,2,85,0,280,73,1,206,0,0,0,0,0,0,0,0,0,0,0,0,0,0,0,24,63,121,24,61,121,14.033191,16.668798,37.944528,0.000000,3.174603,0.000000,0,0,0,12957.106641,22.890231,188.227692,10990.988718,1449.225755,388.121676,10185.073877,0.000000,0.000000,12022.421308,12957.106641,934.685333,11.184795,2.995435,78.606082,0.000000,7.213689,14.902494,12.053515,3.633385,0.165179,7,0.000000,0,0,0,99.038462,4.614164,99.038462,28.858646,1248.062359,3659.682747,0.000000,460.025703
19560.000000,pure-acoustic,none,hardware,1,0,0,1,priority,0.000500,180,15,hybrid,0.050000,4000.000000,6.087000,52.000000,500.000000,500.000000,2.000000,120.000000,0.000000,208,121,206,0,206,24,61,121,0,0,0,0,0,0,0,0,0.000000,0.000000,0.000000,clear-ocean,30.000000,60.000000,0.151000,1800,5016408,1286.258462,6.575964,118,31,2,85,0,280,73,1,206,0,0,0,0,0,0,0,0,0,0,0,0,0,0,0,24,63,121,24,61,121,14.033191,16.668798,37.944528,0.000000,3.174603,0.000000,0,0,0,12962.506641,22.890231,188.227692,10990.988718,1453.361925,389.155718,10185.303664,0.000000,0.000000,12027.821308,12962.506641,934.685333,11.212044,3.002164,78.575109,0.000000,7.210684,14.902494,12.053515,3.633385,0.164673,7,0.000000,0,0,0,99.038462,4.614164,99.038462,28.858646,1244.233947,3745.789463,0.000000,408.809357
19620.000000,pure-acoustic,none,hardware,1,0,0,1,priority,0.000500,180,15,hybrid,0.050000,4000.000000,6.087000,52.000000,500.000000,500.000000,2.000000,120.000000,0.000000,208,121,206,0,206,24,61,121,0,0,0,0,0,0,0,0,0.000000,0.000000,0.000000,clear-ocean,30.000000,60.000000,0.151000,1800,5016408,1286.258462,6.555854,118,31,2,85,0,280,73,1,206,0,0,0,0,0,0,0,0,0,0,0,0,0,0,0,24,63,121,24,61,121,14.033191,16.668798,37.944528,0.000000,3.174603,0.000000,0,0,0,12967.906641,22.890231,188.227692,10990.988718,1457.498095,390.189761,10185.533451,0.000000,0.000000,12033.221308,12967.906641,934.685333,11.239270,3.008888,78.544161,0.000000,7.207681,14.902494,12.053515,3.633385,0.164169,7,0.000000,0,0,0,99.038462,4.614164,99.038462,28.858646,1240.428950,3831.896179,0.000000,342.534849
19680.000000,pure-acoustic,none,hardware,1,0,0,1,priority,0.000500,180,15,hybrid,0.050000,4000.000000,6.087000,52.000000,500.000000,500.000000,2.000000,120.000000,0.000000,208,121,206,0,206,24,61,121,0,0,0,0,0,0,0,0,0.000000,0.000000,0.000000,clear-ocean,30.000000,60.000000,0.151000,1800,5016408,1286.258462,6.535866,118,31,2,85,0,280,73,1,206,0,0,0,0,0,0,0,0,0,0,0,0,0,0,0,24,63,121,24,61,121,14.033191,16.668798,37.944528,0.000000,3.174603,0.000000,0,0,0,12973.306641,22.890231,188.227692,10990.988718,1461.634266,391.223804,10185.763238,0.000000,0.000000,12038.621308,12973.306641,934.685333,11.266474,3.015606,78.513239,0.000000,7.204681,14.902494,12.053515,3.633385,0.163669,7,0.000000,0,0,0,99.038462,4.614164,99.038462,28.858646,1236.647154,3918.002895,0.000000,267.486271
19740.000000,pure-acoustic,none,hardware,1,0,0,1,priority,0.000500,180,15,hybrid,0.050000,4000.000000,6.087000,52.000000,500.000000,500.000000,2.000000,120.000000,0.000000,208,121,206,0,206,24,61,121,0,0,0,0,0,0,0,0,0.000000,0.000000,0.000000,clear-ocean,30.000000,60.000000,0.151000,1800,5016408,1286.258462,6.516000,118,31,2,85,0,280,73,1,206,0,0,0,0,0,0,0,0,0,0,0,0,0,0,0,24,63,121,24,61,121,14.033191,16.668798,37.944528,0.000000,3.174603,0.000000,0,0,0,12978.706641,22.890231,188.227692,10990.988718,1465.770436,392.257846,10185.993026,0.000000,0.000000,12044.021308,12978.706641,934.685333,11.293656,3.022318,78.482343,0.000000,7.201683,14.902494,12.053515,3.633385,0.163171,7,0.000000,0,0,0,99.038462,4.614164,99.038462,28.858646,1232.888349,4004.109612,0.000000,190.779659
19800.000000,pure-acoustic,none,hardware,1,0,0,1,priority,0.000500,180,15,hybrid,0.050000,4000.000000,6.087000,52.000000,500.000000,500.000000,2.000000,120.000000,0.000000,208,121,206,0,206,24,61,121,0,0,0,0,0,0,0,0,0.000000,0.000000,0.000000,clear-ocean,30.000000,60.000000,0.151000,1800,5016408,1286.258462,6.496255,118,31,2,85,0,280,73,1,206,0,0,0,0,0,0,0,0,0,0,0,0,0,0,0,24,63,121,24,61,121,14.033191,16.668798,37.944528,0.000000,3.174603,0.000000,0,0,0,12984.106641,22.890231,188.227692,10990.988718,1469.906606,393.291889,10186.222813,0.000000,0.000000,12049.421308,12984.106641,934.685333,11.320814,3.029025,78.451472,0.000000,7.198688,14.902494,12.053515,3.633385,0.162677,7,0.000000,0,0,0,99.038462,4.614164,99.038462,28.858646,1229.152323,4090.216328,0.000000,119.688268
19860.000000,pure-acoustic,none,hardware,1,0,0,1,priority,0.000500,180,15,hybrid,0.050000,4000.000000,6.087000,52.000000,500.000000,500.000000,2.000000,120.000000,0.000000,208,121,206,0,206,24,61,121,0,0,0,0,0,0,0,0,0.000000,0.000000,0.000000,clear-ocean,30.000000,60.000000,0.151000,1800,5016408,1286.258462,6.476629,118,31,2,85,0,280,73,1,206,0,0,0,0,0,0,0,0,0,0,0,0,0,0,0,24,63,121,24,61,121,14.033191,16.668798,37.944528,0.000000,3.174603,0.000000,0,0,0,12989.506641,22.890231,188.227692,10990.988718,1474.042776,394.325931,10186.452600,0.000000,0.000000,12054.821308,12989.506641,934.685333,11.347950,3.035727,78.420627,0.000000,7.195695,14.902494,12.053515,3.633385,0.162185,7,0.000000,0,0,0,99.038462,4.614164,99.038462,28.858646,1225.438872,4176.323044,0.000000,60.952918
19920.000000,pure-acoustic,none,hardware,1,0,0,1,priority,0.000500,180,15,hybrid,0.050000,4000.000000,6.087000,52.000000,500.000000,500.000000,2.000000,120.000000,0.000000,208,121,206,0,206,24,61,121,0,0,0,0,0,0,0,0,0.000000,0.000000,0.000000,clear-ocean,30.000000,60.000000,0.151000,1800,5016408,1286.258462,6.457121,118,31,2,85,0,280,73,1,206,0,0,0,0,0,0,0,0,0,0,0,0,0,0,0,24,63,121,24,61,121,14.033191,16.668798,37.944528,0.000000,3.174603,0.000000,0,0,0,12994.906641,22.890231,188.227692,10990.988718,1478.178947,395.359974,10186.682387,0.000000,0.000000,12060.221308,12994.906641,934.685333,11.375064,3.042423,78.389808,0.000000,7.192705,14.902494,12.053515,3.633385,0.161697,7,0.000000,0,0,0,99.038462,4.614164,99.038462,28.858646,1221.747791,4262.429760,0.000000,20.142843
19980.000000,pure-acoustic,none,hardware,1,0,0,1,priority,0.000500,180,15,hybrid,0.050000,4000.000000,6.087000,52.000000,500.000000,500.000000,2.000000,120.000000,0.000000,208,121,206,0,206,24,61,121,0,0,0,0,0,0,0,0,0.000000,0.000000,0.000000,clear-ocean,30.000000,60.000000,0.151000,1800,5016408,1286.258462,6.437730,118,31,2,85,0,280,73,1,206,0,0,0,0,0,0,0,0,0,0,0,0,0,0,0,24,63,121,24,61,121,14.033191,16.668798,37.944528,0.000000,3.174603,0.000000,0,0,0,13000.306641,22.890231,188.227692,10990.988718,1482.315117,396.394016,10186.912175,0.000000,0.000000,12065.621308,13000.306641,934.685333,11.402155,3.049113,78.359015,0.000000,7.189718,14.902494,12.053515,3.633385,0.161211,7,0.000000,0,0,0,99.038462,4.614164,99.038462,28.858646,1218.078879,4348.536476,0.000000,1.127619
20040.000000,pure-acoustic,none,hardware,1,0,0,1,priority,0.000500,180,15,hybrid,0.050000,4000.000000,6.087000,52.000000,500.000000,500.000000,2.000000,120.000000,0.000000,208,121,206,0,206,24,61,121,0,0,0,0,0,0,0,0,0.000000,0.000000,0.000000,clear-ocean,30.000000,60.000000,0.151000,1800,5016408,1286.258462,6.418455,118,31,2,85,0,280,73,1,206,0,0,0,0,0,0,0,0,0,0,0,0,0,0,0,24,63,121,24,61,121,14.033191,16.668798,37.944528,0.000000,3.174603,0.000000,0,0,0,13005.706641,22.890231,188.227692,10990.988718,1486.451287,397.428059,10187.141962,0.000000,0.000000,12071.021308,13005.706641,934.685333,11.429224,3.055798,78.328247,0.000000,7.186732,14.902494,12.053515,3.633385,0.160729,7,0.000000,0,0,0,99.038462,4.614164,99.038462,28.858646,1214.431936,4434.643192,-0.000000,5.710250
20100.000000,pure-acoustic,none,hardware,1,0,0,1,priority,0.000500,180,15,hybrid,0.050000,4000.000000,6.087000,52.000000,500.000000,500.000000,2.000000,120.000000,0.000000,208,121,206,0,206,24,61,121,0,0,0,0,0,0,0,0,0.000000,0.000000,0.000000,clear-ocean,30.000000,60.000000,0.151000,1800,5016408,1286.258462,6.399296,118,31,2,85,0,280,73,1,206,0,0,0,0,0,0,0,0,0,0,0,0,0,0,0,24,63,121,24,61,121,14.033191,16.668798,37.944528,0.000000,3.174603,0.000000,0,0,0,13011.106641,22.890231,188.227692,10990.988718,1490.587457,398.462101,10187.371749,0.000000,0.000000,12076.421308,13011.106641,934.685333,11.456270,3.062477,78.297504,0.000000,7.183750,14.902494,12.053515,3.633385,0.160249,7,0.000000,0,0,0,99.038462,4.614164,99.038462,28.858646,1210.806766,4520.749908,-0.000000,33.456218
20160.000000,pure-acoustic,none,hardware,1,0,0,1,priority,0.000500,180,15,hybrid,0.050000,4000.000000,6.087000,52.000000,500.000000,500.000000,2.000000,120.000000,0.000000,208,121,206,0,206,24,61,121,0,0,0,0,0,0,0,0,0.000000,0.000000,0.000000,clear-ocean,30.000000,60.000000,0.151000,1800,5016408,1286.258462,6.380250,118,31,2,85,0,280,73,1,206,0,0,0,0,0,0,0,0,0,0,0,0,0,0,0,24,63,121,24,61,121,14.033191,16.668798,37.944528,0.000000,3.174603,0.000000,0,0,0,13016.506641,22.890231,188.227692,10990.988718,1494.723627,399.496144,10187.601536,0.000000,0.000000,12081.821308,13016.506641,934.685333,11.483293,3.069150,78.266787,0.000000,7.180769,14.902494,12.053515,3.633385,0.159772,7,0.000000,0,0,0,99.038462,4.614164,99.038462,28.858646,1207.203175,4606.856625,-0.000000,81.734673
20220.000000,pure-acoustic,none,hardware,1,0,0,1,priority,0.000500,180,15,hybrid,0.050000,4000.000000,6.087000,52.000000,500.000000,500.000000,2.000000,120.000000,0.000000,208,121,206,0,206,24,61,121,0,0,0,0,0,0,0,0,0.000000,0.000000,0.000000,clear-ocean,30.000000,60.000000,0.151000,1800,5016408,1286.258462,6.361318,118,31,2,85,0,280,73,1,206,0,0,0,0,0,0,0,0,0,0,0,0,0,0,0,24,63,121,24,61,121,14.033191,16.668798,37.944528,0.000000,3.174603,0.000000,0,0,0,13021.906641,22.890231,188.227692,10990.988718,1498.859798,400.530187,10187.831324,0.000000,0.000000,12087.221308,13021.906641,934.685333,11.510294,3.075818,78.236096,0.000000,7.177792,14.902494,12.053515,3.633385,0.159298,7,0.000000,0,0,0,99.038462,4.614164,99.038462,28.858646,1203.620969,4692.963341,-0.000000,145.967895
20280.000000,pure-acoustic,none,hardware,1,0,0,1,priority,0.000500,180,15,hybrid,0.050000,4000.000000,6.087000,52.000000,500.000000,500.000000,2.000000,120.000000,0.000000,208,121,206,0,206,24,61,121,0,0,0,0,0,0,0,0,0.000000,0.000000,0.000000,clear-ocean,30.000000,60.000000,0.151000,1800,5016408,1286.258462,6.342497,118,31,2,85,0,280,73,1,206,0,0,0,0,0,0,0,0,0,0,0,0,0,0,0,24,63,121,24,61,121,14.033191,16.668798,37.944528,0.000000,3.174603,0.000000,0,0,0,13027.306641,22.890231,188.227692,10990.988718,1502.995968,401.564229,10188.061111,0.000000,0.000000,12092.621308,13027.306641,934.685333,11.537273,3.082481,78.205429,0.000000,7.174816,14.902494,12.053515,3.633385,0.158826,7,0.000000,0,0,0,99.038462,4.614164,99.038462,28.858646,1200.059961,4779.070057,-0.000000,220.065349
20340.000000,pure-acoustic,none,hardware,1,0,0,1,priority,0.000500,180,15,hybrid,0.050000,4000.000000,6.087000,52.000000,500.000000,500.000000,2.000000,120.000000,0.000000,208,121,206,0,206,24,61,121,0,0,0,0,0,0,0,0,0.000000,0.000000,0.000000,clear-ocean,30.000000,60.000000,0.151000,1800,5016408,1286.258462,6.323788,118,31,2,85,0,280,73,1,206,0,0,0,0,0,0,0,0,0,0,0,0,0,0,0,24,63,121,24,61,121,14.033191,16.668798,37.944528,0.000000,3.174603,0.000000,0,0,0,13032.706641,22.890231,188.227692,10990.988718,1507.132138,402.598272,10188.290898,0.000000,0.000000,12098.021308,13032.706641,934.685333,11.564230,3.089138,78.174789,0.000000,7.171844,14.902494,12.053515,3.633385,0.158358,7,0.000000,0,0,0,99.038462,4.614164,99.038462,28.858646,1196.519961,4865.176773,-0.000000,297.001180
20400.000000,pure-acoustic,none,hardware,1,0,0,1,priority,0.000500,180,15,hybrid,0.050000,4000.000000,6.087000,52.000000,500.000000,500.000000,2.000000,120.000000,0.000000,208,121,206,0,206,24,61,121,0,0,0,0,0,0,0,0,0.000000,0.000000,0.000000,clear-ocean,30.000000,60.000000,0.151000,1800,5016408,1286.258462,6.305189,118,31,2,85,0,280,73,1,206,0,0,0,0,0,0,0,0,0,0,0,0,0,0,0,24,63,121,24,61,121,14.033191,16.668798,37.944528,0.000000,3.174603,0.000000,0,0,0,13038.106641,22.890231,188.227692,10990.988718,1511.268308,403.632314,10188.520685,0.000000,0.000000,12103.421308,13038.106641,934.685333,11.591164,3.095789,78.144174,0.000000,7.168873,14.902494,12.053515,3.633385,0.157892,7,0.000000,0,0,0,99.038462,4.614164,99.038462,28.858646,1193.000784,4951.283489,-0.000000,369.480401
20460.000000,pure-acoustic,none,hardware,1,0,0,1,priority,0.000500,180,15,hybrid,0.050000,4000.000000,6.087000,52.000000,500.000000,500.000000,2.000000,120.000000,0.000000,208,121,206,0,206,24,61,121,0,0,0,0,0,0,0,0,0.000000,0.000000,0.000000,clear-ocean,30.000000,60.000000,0.151000,1800,5016408,1286.258462,6.286698,118,31,2,85,0,280,73,1,206,0,0,0,0,0,0,0,0,0,0,0,0,0,0,0,24,63,121,24,61,121,14.033191,16.668798,37.944528,0.000000,3.174603,0.000000,0,0,0,13043.506641,22.890231,188.227692,10990.988718,1515.404478,404.666357,10188.750472,0.000000,0.000000,12108.821308,13043.506641,934.685333,11.618076,3.102435,78.113584,0.000000,7.165905,14.902494,12.053515,3.633385,0.157429,7,0.000000,0,0,0,99.038462,4.614164,99.038462,28.858646,1189.502248,5037.390205,-0.000000,430.630597
20520.000000,pure-acoustic,none,hardware,1,0,0,1,priority,0.000500,180,15,hybrid,0.050000,4000.000000,6.087000,52.000000,500.000000,500.000000,2.000000,120.000000,0.000000,208,121,206,0,206,24,61,121,0,0,0,0,0,0,0,0,0.000000,0.000000,0.000000,clear-ocean,30.000000,60.000000,0.151000,1800,5016408,1286.258462,6.268316,118,31,2,85,0,280,73,1,206,0,0,0,0,0,0,0,0,0,0,0,0,0,0,0,24,63,121,24,61,121,14.033191,16.668798,37.944528,0.000000,3.174603,0.000000,0,0,0,13048.906641,22.890231,188.227692,10990.988718,1519.540649,405.700399,10188.980260,0.000000,0.000000,12114.221308,13048.906641,934.685333,11.644965,3.109076,78.083019,0.000000,7.162940,14.902494,12.053515,3.633385,0.156969,7,0.000000,0,0,0,99.038462,4.614164,99.038462,28.858646,1186.024172,5123.496921,-0.000000,474.653561
20580.000000,pure-acoustic,none,hardware,1,0,0,1,priority,0.000500,180,15,hybrid,0.050000,4000.000000,6.087000,52.000000,500.000000,500.000000,2.000000,120.000000,0.000000,208,121,206,0,206,24,61,121,0,0,0,0,0,0,0,0,0.000000,0.000000,0.000000,clear-ocean,30.000000,60.000000,0.151000,1800,5016408,1286.258462,6.250041,118,31,2,85,0,280,73,1,206,0,0,0,0,0,0,0,0,0,0,0,0,0,0,0,24,63,121,24,61,121,14.033191,16.668798,37.944528,0.000000,3.174603,0.000000,0,0,0,13054.306641,22.890231,188.227692,10990.988718,1523.676819,406.734442,10189.210047,0.000000,0.000000,12119.621308,13054.306641,934.685333,11.671833,3.115711,78.052480,0.000000,7.159977,14.902494,12.053515,3.633385,0.156511,7,0.000000,0,0,0,99.038462,4.614164,99.038462,28.858646,1182.566375,5209.603638,-0.000000,497.375076
20640.000000,pure-acoustic,none,hardware,1,0,0,1,priority,0.000500,180,15,hybrid,0.050000,4000.000000,6.087000,52.000000,500.000000,500.000000,2.000000,120.000000,0.000000,208,121,206,0,206,24,61,121,0,0,0,0,0,0,0,0,0.000000,0.000000,0.000000,clear-ocean,30.000000,60.000000,0.151000,1800,5016408,1286.258462,6.231872,118,31,2,85,0,280,73,1,206,0,0,0,0,0,0,0,0,0,0,0,0,0,0,0,24,63,121,24,61,121,14.033191,16.668798,37.944528,0.000000,3.174603,0.000000,0,0,0,13059.706641,22.890231,188.227692,10990.988718,1527.812989,407.768484,10189.439834,0.000000,0.000000,12125.021308,13059.706641,934.685333,11.698678,3.122340,78.021966,0.000000,7.157016,14.902494,12.053515,3.633385,0.156056,7,0.000000,0,0,0,99.038462,4.614164,99.038462,28.858646,1179.128682,5295.710354,0.000000,496.640708
20700.000000,pure-acoustic,none,hardware,1,0,0,1,priority,0.000500,180,15,hybrid,0.050000,4000.000000,6.087000,52.000000,500.000000,500.000000,2.000000,120.000000,0.000000,208,121,206,0,206,24,61,121,0,0,0,0,0,0,0,0,0.000000,0.000000,0.000000,clear-ocean,30.000000,60.000000,0.151000,1800,5016408,1286.258462,6.213809,118,31,2,85,0,280,73,1,206,0,0,0,0,0,0,0,0,0,0,0,0,0,0,0,24,63,121,24,61,121,14.033191,16.668798,37.944528,0.000000,3.174603,0.000000,0,0,0,13065.106641,22.890231,188.227692,10990.988718,1531.949159,408.802527,10189.669621,0.000000,0.000000,12130.421308,13065.106641,934.685333,11.725501,3.128964,77.991477,0.000000,7.154058,14.902494,12.053515,3.633385,0.155604,7,0.000000,0,0,0,99.038462,4.614164,99.038462,28.858646,1175.710918,5381.817070,0.000000,472.520088
20760.000000,pure-acoustic,none,hardware,1,0,0,1,priority,0.000500,180,15,hybrid,0.050000,4000.000000,6.087000,52.000000,500.000000,500.000000,2.000000,120.000000,0.000000,208,121,206,0,206,24,61,121,0,0,0,0,0,0,0,0,0.000000,0.000000,0.000000,clear-ocean,30.000000,60.000000,0.151000,1800,5016408,1286.258462,6.195850,118,31,2,85,0,280,73,1,206,0,0,0,0,0,0,0,0,0,0,0,0,0,0,0,24,63,121,24,61,121,14.033191,16.668798,37.944528,0.000000,3.174603,0.000000,0,0,0,13070.506641,22.890231,188.227692,10990.988718,1536.085330,409.836570,10189.899409,0.000000,0.000000,12135.821308,13070.506641,934.685333,11.752301,3.135583,77.961013,0.000000,7.151103,14.902494,12.053515,3.633385,0.155154,7,0.000000,0,0,0,99.038462,4.614164,99.038462,28.858646,1172.312909,5467.923786,0.000000,427.300313
20820.000000,pure-acoustic,none,hardware,1,0,0,1,priority,0.000500,180,15,hybrid,0.050000,4000.000000,6.087000,52.000000,500.000000,500.000000,2.000000,120.000000,0.000000,208,121,206,0,206,24,61,121,0,0,0,0,0,0,0,0,0.000000,0.000000,0.000000,clear-ocean,30.000000,60.000000,0.151000,1800,5016408,1286.258462,6.177995,118,31,2,85,0,280,73,1,206,0,0,0,0,0,0,0,0,0,0,0,0,0,0,0,24,63,121,24,61,121,14.033191,16.668798,37.944528,0.000000,3.174603,0.000000,0,0,0,13075.906641,22.890231,188.227692,10990.988718,1540.221500,410.870612,10190.129196,0.000000,0.000000,12141.221308,13075.906641,934.685333,11.779080,3.142196,77.930575,0.000000,7.148149,14.902494,12.053515,3.633385,0.154707,7,0.000000,0,0,0,99.038462,4.614164,99.038462,28.858646,1168.934486,5554.030502,0.000000,365.269080
20880.000000,pure-acoustic,none,hardware,1,0,0,1,priority,0.000500,180,15,hybrid,0.050000,4000.000000,6.087000,52.000000,500.000000,500.000000,2.000000,120.000000,0.000000,208,121,206,0,206,24,61,121,0,0,0,0,0,0,0,0,0.000000,0.000000,0.000000,clear-ocean,30.000000,60.000000,0.151000,1800,5016408,1286.258462,6.160242,118,31,2,85,0,280,73,1,206,0,0,0,0,0,0,0,0,0,0,0,0,0,0,0,24,63,121,24,61,121,14.033191,16.668798,37.944528,0.000000,3.174603,0.000000,0,0,0,13081.306641,22.890231,188.227692,10990.988718,1544.357670,411.904655,10190.358983,0.000000,0.000000,12146.621308,13081.306641,934.685333,11.805836,3.148804,77.900161,0.000000,7.145199,14.902494,12.053515,3.633385,0.154262,7,0.000000,0,0,0,99.038462,4.614164,99.038462,28.858646,1165.575479,5640.137218,0.000000,292.308137
20940.000000,pure-acoustic,none,hardware,1,0,0,1,priority,0.000500,180,15,hybrid,0.050000,4000.000000,6.087000,52.000000,500.000000,500.000000,2.000000,120.000000,0.000000,208,121,206,0,206,24,61,121,0,0,0,0,0,0,0,0,0.000000,0.000000,0.000000,clear-ocean,30.000000,60.000000,0.151000,1800,5016408,1286.258462,6.142591,118,31,2,85,0,280,73,1,206,0,0,0,0,0,0,0,0,0,0,0,0,0,0,0,24,63,121,24,61,121,14.033191,16.668798,37.944528,0.000000,3.174603,0.000000,0,0,0,13086.706641,22.890231,188.227692,10990.988718,1548.493840,412.938697,10190.588770,0.000000,0.000000,12152.021308,13086.706641,934.685333,11.832571,3.155406,77.869773,0.000000,7.142250,14.902494,12.053515,3.633385,0.153820,7,0.000000,0,0,0,99.038462,4.614164,99.038462,28.858646,1162.235721,5726.243934,0.000000,215.335574
21000.000000,pure-acoustic,none,hardware,1,0,0,1,priority,0.000500,180,15,hybrid,0.050000,4000.000000,6.087000,52.000000,500.000000,500.000000,2.000000,120.000000,0.000000,208,121,206,0,206,24,61,121,0,0,0,0,0,0,0,0,0.000000,0.000000,0.000000,clear-ocean,30.000000,60.000000,0.151000,1800,5016408,1286.258462,6.125040,118,31,2,85,0,280,73,1,206,0,0,0,0,0,0,0,0,0,0,0,0,0,0,0,24,63,121,24,61,121,14.033191,16.668798,37.944528,0.000000,3.174603,0.000000,0,0,0,13092.106641,22.890231,188.227692,10990.988718,1552.630010,413.972740,10190.818558,0.000000,0.000000,12157.421308,13092.106641,934.685333,11.859283,3.162003,77.839410,0.000000,7.139304,14.902494,12.053515,3.633385,0.153381,7,0.000000,0,0,0,99.038462,4.614164,99.038462,28.858646,1158.915048,5812.350651,0.000000,141.649861
21060.000000,pure-acoustic,none,hardware,1,0,0,1,priority,0.000500,180,15,hybrid,0.050000,4000.000000,6.087000,52.000000,500.000000,500.000000,2.000000,120.000000,0.000000,208,121,206,0,206,24,61,121,0,0,0,0,0,0,0,0,0.000000,0.000000,0.000000,clear-ocean,30.000000,60.000000,0.151000,1800,5016408,1286.258462,6.107590,118,31,2,85,0,280,73,1,206,0,0,0,0,0,0,0,0,0,0,0,0,0,0,0,24,63,121,24,61,121,14.033191,16.668798,37.944528,0.000000,3.174603,0.000000,0,0,0,13097.506641,22.890231,188.227692,10990.988718,1556.766181,415.006782,10191.048345,0.000000,0.000000,12162.821308,13097.506641,934.685333,11.885974,3.168594,77.809072,0.000000,7.136361,14.902494,12.053515,3.633385,0.152944,7,0.000000,0,0,0,99.038462,4.614164,99.038462,28.858646,1155.613295,5898.457367,0.000000,78.237811
21120.000000,pure-acoustic,none,hardware,1,0,0,1,priority,0.000500,180,15,hybrid,0.050000,4000.000000,6.087000,52.000000,500.000000,500.000000,2.000000,120.000000,0.000000,208,121,206,0,206,24,61,121,0,0,0,0,0,0,0,0,0.000000,0.000000,0.000000,clear-ocean,30.000000,60.000000,0.151000,1800,5016408,1286.258462,6.090239,118,31,2,85,0,280,73,1,206,0,0,0,0,0,0,0,0,0,0,0,0,0,0,0,24,63,121,24,61,121,14.033191,16.668798,37.944528,0.000000,3.174603,0.000000,0,0,0,13102.906641,22.890231,188.227692,10990.988718,1560.902351,416.040825,10191.278132,0.000000,0.000000,12168.221308,13102.906641,934.685333,11.912642,3.175180,77.778759,0.000000,7.133420,14.902494,12.053515,3.633385,0.152509,7,0.000000,0,0,0,99.038462,4.614164,99.038462,28.858646,1152.330303,5984.564083,0.000000,31.112098
21180.000000,pure-acoustic,none,hardware,1,0,0,1,priority,0.000500,180,15,hybrid,0.050000,4000.000000,6.087000,52.000000,500.000000,500.000000,2.000000,120.000000,0.000000,208,121,206,0,206,24,61,121,0,0,0,0,0,0,0,0,0.000000,0.000000,0.000000,clear-ocean,30.000000,60.000000,0.151000,1800,5016408,1286.258462,6.072986,118,31,2,85,0,280,73,1,206,0,0,0,0,0,0,0,0,0,0,0,0,0,0,0,24,63,121,24,61,121,14.033191,16.668798,37.944528,0.000000,3.174603,0.000000,0,0,0,13108.306641,22.890231,188.227692,10990.988718,1565.038521,417.074867,10191.507919,0.000000,0.000000,12173.621308,13108.306641,934.685333,11.939288,3.181760,77.748470,0.000000,7.130481,14.902494,12.053515,3.633385,0.152077,7,0.000000,0,0,0,99.038462,4.614164,99.038462,28.858646,1149.065911,6070.670799,0.000000,4.741140
21240.000000,pure-acoustic,none,hardware,1,0,0,1,priority,0.000500,180,15,hybrid,0.050000,4000.000000,6.087000,52.000000,500.000000,500.000000,2.000000,120.000000,0.000000,208,121,206,0,206,24,61,121,0,0,0,0,0,0,0,0,0.000000,0.000000,0.000000,clear-ocean,30.000000,60.000000,0.151000,1800,5016408,1286.258462,6.055831,118,31,2,85,0,280,73,1,206,0,0,0,0,0,0,0,0,0,0,0,0,0,0,0,24,63,121,24,61,121,14.033191,16.668798,37.944528,0.000000,3.174603,0.000000,0,0,0,13113.706641,22.890231,188.227692,10990.988718,1569.174691,418.108910,10191.737706,0.000000,0.000000,12179.021308,13113.706641,934.685333,11.965913,3.188335,77.718207,0.000000,7.127545,14.902494,12.053515,3.633385,0.151648,7,0.000000,0,0,0,99.038462,4.614164,99.038462,28.858646,1145.819962,6156.777515,-0.000000,1.625408
21300.000000,pure-acoustic,none,hardware,1,0,0,1,priority,0.000500,180,15,hybrid,0.050000,4000.000000,6.087000,52.000000,500.000000,500.000000,2.000000,120.000000,0.000000,208,121,206,0,206,24,61,121,0,0,0,0,0,0,0,0,0.000000,0.000000,0.000000,clear-ocean,30.000000,60.000000,0.151000,1800,5016408,1286.258462,6.038772,118,31,2,85,0,280,73,1,206,0,0,0,0,0,0,0,0,0,0,0,0,0,0,0,24,63,121,24,61,121,14.033191,16.668798,37.944528,0.000000,3.174603,0.000000,0,0,0,13119.106641,22.890231,188.227692,10990.988718,1573.310861,419.142953,10191.967494,0.000000,0.000000,12184.421308,13119.106641,934.685333,11.992515,3.194905,77.687969,0.000000,7.124611,14.902494,12.053515,3.633385,0.151221,7,0.000000,0,0,0,99.038462,4.614164,99.038462,28.858646,1142.592300,6242.884231,-0.000000,22.060332
21360.000000,pure-acoustic,none,hardware,1,0,0,1,priority,0.000500,180,15,hybrid,0.050000,4000.000000,6.087000,52.000000,500.000000,500.000000,2.000000,120.000000,0.000000,208,121,206,0,206,24,61,121,0,0,0,0,0,0,0,0,0.000000,0.000000,0.000000,clear-ocean,30.000000,60.000000,0.151000,1800,5016408,1286.258462,6.021809,118,31,2,85,0,280,73,1,206,0,0,0,0,0,0,0,0,0,0,0,0,0,0,0,24,63,121,24,61,121,14.033191,16.668798,37.944528,0.000000,3.174603,0.000000,0,0,0,13124.506641,22.890231,188.227692,10990.988718,1577.447032,420.176995,10192.197281,0.000000,0.000000,12189.821308,13124.506641,934.685333,12.019096,3.201469,77.657756,0.000000,7.121680,14.902494,12.053515,3.633385,0.150796,7,0.000000,0,0,0,99.038462,4.614164,99.038462,28.858646,1139.382772,6328.990947,-0.000000,64.108292
21420.000000,pure-acoustic,none,hardware,1,0,0,1,priority,0.000500,180,15,hybrid,0.050000,4000.000000,6.087000,52.000000,500.000000,500.000000,2.000000,120.000000,0.000000,208,121,206,0,206,24,61,121,0,0,0,0,0,0,0,0,0.000000,0.000000,0.000000,clear-ocean,30.000000,60.000000,0.151000,1800,5016408,1286.258462,6.004941,118,31,2,85,0,280,73,1,206,0,0,0,0,0,0,0,0,0,0,0,0,0,0,0,24,63,121,24,61,121,14.033191,16.668798,37.944528,0.000000,3.174603,0.000000,0,0,0,13129.906641,22.890231,188.227692,10990.988718,1581.583202,421.211038,10192.427068,0.000000,0.000000,12195.221308,13129.906641,934.685333,12.045655,3.208028,77.627567,0.000000,7.118751,14.902494,12.053515,3.633385,0.150373,7,0.000000,0,0,0,99.038462,4.614164,99.038462,28.858646,1136.191223,6415.097664,-0.000000,123.782337
21480.000000,pure-acoustic,none,hardware,1,0,0,1,priority,0.000500,180,15,hybrid,0.050000,4000.000000,6.087000,52.000000,500.000000,500.000000,2.000000,120.000000,0.000000,208,121,206,0,206,24,61,121,0,0,0,0,0,0,0,0,0.000000,0.000000,0.000000,clear-ocean,30.000000,60.000000,0.151000,1800,5016408,1286.258462,5.988168,118,31,2,85,0,280,73,1,206,0,0,0,0,0,0,0,0,0,0,0,0,0,0,0,24,63,121,24,61,121,14.033191,16.668798,37.944528,0.000000,3.174603,0.000000,0,0,0,13135.306641,22.890231,188.227692,10990.988718,1585.719372,422.245080,10192.656855,0.000000,0.000000,12200.621308,13135.306641,934.685333,12.072192,3.214581,77.597403,0.000000,7.115824,14.902494,12.053515,3.633385,0.149953,7,0.000000,0,0,0,99.038462,4.614164,99.038462,28.858646,1133.017505,6501.204380,-0.000000,195.424228
21540.000000,pure-acoustic,none,hardware,1,0,0,1,priority,0.000500,180,15,hybrid,0.050000,4000.000000,6.087000,52.000000,500.000000,500.000000,2.000000,120.000000,0.000000,208,121,206,0,206,24,61,121,0,0,0,0,0,0,0,0,0.000000,0.000000,0.000000,clear-ocean,30.000000,60.000000,0.151000,1800,5016408,1286.258462,5.971488,118,31,2,85,0,280,73,1,206,0,0,0,0,0,0,0,0,0,0,0,0,0,0,0,24,63,121,24,61,121,14.033191,16.668798,37.944528,0.000000,3.174603,0.000000,0,0,0,13140.706641,22.890231,188.227692,10990.988718,1589.855542,423.279123,10192.886643,0.000000,0.000000,12206.021308,13140.706641,934.685333,12.098707,3.221129,77.567264,0.000000,7.112900,14.902494,12.053515,3.633385,0.149536,7,0.000000,0,0,0,99.038462,4.614164,99.038462,28.858646,1129.861467,6587.311096,-0.000000,272.240945
21600.000000,pure-acoustic,none,hardware,1,0,0,1,priority,0.000500,180,15,hybrid,0.050000,4000.000000,6.087000,52.000000,500.000000,500.000000,2.000000,120.000000,0.000000,208,121,206,0,206,24,61,121,0,0,0,0,0,0,0,0,0.000000,0.000000,0.000000,clear-ocean,30.000000,60.000000,0.151000,1800,5016408,1286.258462,5.954900,118,31,2,85,0,280,73,1,206,0,0,0,0,0,0,0,0,0,0,0,0,0,0,0,24,63,121,24,61,121,14.033191,16.668798,37.944528,0.000000,3.174603,0.000000,0,0,0,13146.106641,22.890231,188.227692,10990.988718,1593.991712,424.313165,10193.116430,0.000000,0.000000,12211.421308,13146.106641,934.685333,12.125200,3.227672,77.537150,0.000000,7.109978,14.902494,12.053515,3.633385,0.149120,7,0.000000,0,0,0,99.038462,4.614164,99.038462,28.858646,1126.722963,6673.417812,-0.000000,346.948795
21660.000000,pure-acoustic,none,hardware,1,0,0,1,priority,0.000500,180,15,hybrid,0.050000,4000.000000,6.087000,52.000000,500.000000,500.000000,2.000000,120.000000,0.000000,208,121,206,0,206,24,61,121,0,0,0,0,0,0,0,0,0.000000,0.000000,0.000000,clear-ocean,30.000000,60.000000,0.151000,1800,5016408,1286.258462,5.938405,118,31,2,85,0,280,73,1,206,0,0,0,0,0,0,0,0,0,0,0,0,0,0,0,24,63,121,24,61,121,14.033191,16.668798,37.944528,0.000000,3.174603,0.000000,0,0,0,13151.506641,22.890231,188.227692,10990.988718,1598.127883,425.347208,10193.346217,0.000000,0.000000,12216.821308,13151.506641,934.685333,12.151671,3.234209,77.507061,0.000000,7.107059,14.902494,12.053515,3.633385,0.148707,7,0.000000,0,0,0,99.038462,4.614164,99.038462,28.858646,1123.601847,6759.524528,-0.000000,412.464047
21720.000000,pure-acoustic,none,hardware,1,0,0,1,priority,0.000500,180,15,hybrid,0.050000,4000.000000,6.087000,52.000000,500.000000,500.000000,2.000000,120.000000,0.000000,208,121,206,0,206,24,61,121,0,0,0,0,0,0,0,0,0.000000,0.000000,0.000000,clear-ocean,30.000000,60.000000,0.151000,1800,5016408,1286.258462,5.922000,118,31,2,85,0,280,73,1,206,0,0,0,0,0,0,0,0,0,0,0,0,0,0,0,24,63,121,24,61,121,14.033191,16.668798,37.944528,0.000000,3.174603,0.000000,0,0,0,13156.906641,22.890231,188.227692,10990.988718,1602.264053,426.381250,10193.576004,0.000000,0.000000,12222.221308,13156.906641,934.685333,12.178121,3.240741,77.476996,0.000000,7.104142,14.902494,12.053515,3.633385,0.148297,7,0.000000,0,0,0,99.038462,4.614164,99.038462,28.858646,1120.497974,6845.631244,-0.000000,462.574604
21780.000000,pure-acoustic,none,hardware,1,0,0,1,priority,0.000500,180,15,hybrid,0.050000,4000.000000,6.087000,52.000000,500.000000,500.000000,2.000000,120.000000,0.000000,208,121,206,0,206,24,61,121,0,0,0,0,0,0,0,0,0.000000,0.000000,0.000000,clear-ocean,30.000000,60.000000,0.151000,1800,5016408,1286.258462,5.905686,118,31,2,85,0,280,73,1,206,0,0,0,0,0,0,0,0,0,0,0,0,0,0,0,24,63,121,24,61,121,14.033191,16.668798,37.944528,0.000000,3.174603,0.000000,0,0,0,13162.306641,22.890231,188.227692,10990.988718,1606.400223,427.415293,10193.805792,0.000000,0.000000,12227.621308,13162.306641,934.685333,12.204549,3.247267,77.446956,0.000000,7.101227,14.902494,12.053515,3.633385,0.147888,7,0.000000,0,0,0,99.038462,4.614164,99.038462,28.858646,1117.411203,6931.737960,-0.000000,492.529027
21840.000000,pure-acoustic,none,hardware,1,0,0,1,priority,0.000500,180,15,hybrid,0.050000,4000.000000,6.087000,52.000000,500.000000,500.000000,2.000000,120.000000,0.000000,208,121,206,0,206,24,61,121,0,0,0,0,0,0,0,0,0.000000,0.000000,0.000000,clear-ocean,30.000000,60.000000,0.151000,1800,5016408,1286.258462,5.889462,118,31,2,85,0,280,73,1,206,0,0,0,0,0,0,0,0,0,0,0,0,0,0,0,24,63,121,24,61,121,14.033191,16.668798,37.944528,0.000000,3.174603,0.000000,0,0,0,13167.706641,22.890231,188.227692,10990.988718,1610.536393,428.449336,10194.035579,0.000000,0.000000,12233.021308,13167.706641,934.685333,12.230956,3.253789,77.416940,0.000000,7.098315,14.902494,12.053515,3.633385,0.147482,7,0.000000,0,0,0,99.038462,4.614164,99.038462,28.858646,1114.341392,7017.844677,0.000000,499.487065
21900.000000,pure-acoustic,none,hardware,1,0,0,1,priority,0.000500,180,15,hybrid,0.050000,4000.000000,6.087000,52.000000,500.000000,500.000000,2.000000,120.000000,0.000000,208,121,206,0,206,24,61,121,0,0,0,0,0,0,0,0,0.000000,0.000000,0.000000,clear-ocean,30.000000,60.000000,0.151000,1800,5016408,1286.258462,5.873326,118,31,2,85,0,280,73,1,206,0,0,0,0,0,0,0,0,0,0,0,0,0,0,0,24,63,121,24,61,121,14.033191,16.668798,37.944528,0.000000,3.174603,0.000000,0,0,0,13173.106641,22.890231,188.227692,10990.988718,1614.672564,429.483378,10194.265366,0.000000,0.000000,12238.421308,13173.106641,934.685333,12.257341,3.260304,77.386949,0.000000,7.095406,14.902494,12.053515,3.633385,0.147078,7,0.000000,0,0,0,99.038462,4.614164,99.038462,28.858646,1111.288402,7103.951393,0.000000,482.788962
21960.000000,pure-acoustic,none,hardware,1,0,0,1,priority,0.000500,180,15,hybrid,0.050000,4000.000000,6.087000,52.000000,500.000000,500.000000,2.000000,120.000000,0.000000,208,121,206,0,206,24,61,121,0,0,0,0,0,0,0,0,0.000000,0.000000,0.000000,clear-ocean,30.000000,60.000000,0.151000,1800,5016408,1286.258462,5.857279,118,31,2,85,0,280,73,1,206,0,0,0,0,0,0,0,0,0,0,0,0,0,0,0,24,63,121,24,61,121,14.033191,16.668798,37.944528,0.000000,3.174603,0.000000,0,0,0,13178.506641,22.890231,188.227692,10990.988718,1618.808734,430.517421,10194.495153,0.000000,0.000000,12243.821308,13178.506641,934.685333,12.283704,3.266815,77.356983,0.000000,7.092498,14.902494,12.053515,3.633385,0.146676,7,0.000000,0,0,0,99.038462,4.614164,99.038462,28.858646,1108.252095,7190.058109,0.000000,444.018019
22020.000000,pure-acoustic,none,hardware,1,0,0,1,priority,0.000500,180,15,hybrid,0.050000,4000.000000,6.087000,52.000000,500.000000,500.000000,2.000000,120.000000,0.000000,208,121,206,0,206,24,61,121,0,0,0,0,0,0,0,0,0.000000,0.000000,0.000000,clear-ocean,30.000000,60.000000,0.151000,1800,5016408,1286.258462,5.841319,118,31,2,85,0,280,73,1,206,0,0,0,0,0,0,0,0,0,0,0,0,0,0,0,24,63,121,24,61,121,14.033191,16.668798,37.944528,0.000000,3.174603,0.000000,0,0,0,13183.906641,22.890231,188.227692,10990.988718,1622.944904,431.551463,10194.724941,0.000000,0.000000,12249.221308,13183.906641,934.685333,12.310045,3.273320,77.327041,0.000000,7.089593,14.902494,12.053515,3.633385,0.146276,7,0.000000,0,0,0,99.038462,4.614164,99.038462,28.858646,1105.232334,7276.164825,0.000000,386.850460
22080.000000,pure-acoustic,none,hardware,1,0,0,1,priority,0.000500,180,15,hybrid,0.050000,4000.000000,6.087000,52.000000,500.000000,500.000000,2.000000,120.000000,0.000000,208,121,206,0,206,24,61,121,0,0,0,0,0,0,0,0,0.000000,0.000000,0.000000,clear-ocean,30.000000,60.000000,0.151000,1800,5016408,1286.258462,5.825446,118,31,2,85,0,280,73,1,206,0,0,0,0,0,0,0,0,0,0,0,0,0,0,0,24,63,121,24,61,121,14.033191,16.668798,37.944528,0.000000,3.174603,0.000000,0,0,0,13189.306641,22.890231,188.227692,10990.988718,1627.081074,432.585506,10194.954728,0.000000,0.000000,12254.621308,13189.306641,934.685333,12.336366,3.279820,77.297124,0.000000,7.086690,14.902494,12.053515,3.633385,0.145879,7,0.000000,0,0,0,99.038462,4.614164,99.038462,28.858646,1102.228986,7362.271541,0.000000,316.706863
22140.000000,pure-acoustic,none,hardware,1,0,0,1,priority,0.000500,180,15,hybrid,0.050000,4000.000000,6.087000,52.000000,500.000000,500.000000,2.000000,120.000000,0.000000,208,121,206,0,206,24,61,121,0,0,0,0,0,0,0,0,0.000000,0.000000,0.000000,clear-ocean,30.000000,60.000000,0.151000,1800,5016408,1286.258462,5.809659,118,31,2,85,0,280,73,1,206,0,0,0,0,0,0,0,0,0,0,0,0,0,0,0,24,63,121,24,61,121,14.033191,16.668798,37.944528,0.000000,3.174603,0.000000,0,0,0,13194.706641,22.890231,188.227692,10990.988718,1631.217244,433.619548,10195.184515,0.000000,0.000000,12260.021308,13194.706641,934.685333,12.362664,3.286314,77.267231,0.000000,7.083790,14.902494,12.053515,3.633385,0.145483,7,0.000000,0,0,0,99.038462,4.614164,99.038462,28.858646,1099.241915,7448.378257,0.000000,240.238181
22200.000000,pure-acoustic,none,hardware,1,0,0,1,priority,0.000500,180,15,hybrid,0.050000,4000.000000,6.087000,52.000000,500.000000,500.000000,2.000000,120.000000,0.000000,208,121,206,0,206,24,61,121,0,0,0,0,0,0,0,0,0.000000,0.000000,0.000000,clear-ocean,30.000000,60.000000,0.151000,1800,5016408,1286.258462,5.793957,118,31,2,85,0,280,73,1,206,0,0,0,0,0,0,0,0,0,0,0,0,0,0,0,24,63,121,24,61,121,14.033191,16.668798,37.944528,0.000000,3.174603,0.000000,0,0,0,13200.106641,22.890231,188.227692,10990.988718,1635.353415,434.653591,10195.414302,0.000000,0.000000,12265.421308,13200.106641,934.685333,12.388941,3.292804,77.237363,0.000000,7.080892,14.902494,12.053515,3.633385,0.145090,7,0.000000,0,0,0,99.038462,4.614164,99.038462,28.858646,1096.270991,7534.484973,0.000000,164.695106
22260.000000,pure-acoustic,none,hardware,1,0,0,1,priority,0.000500,180,15,hybrid,0.050000,4000.000000,6.087000,52.000000,500.000000,500.000000,2.000000,120.000000,0.000000,208,121,206,0,206,24,61,121,0,0,0,0,0,0,0,0,0.000000,0.000000,0.000000,clear-ocean,30.000000,60.000000,0.151000,1800,5016408,1286.258462,5.778340,118,31,2,85,0,280,73,1,206,0,0,0,0,0,0,0,0,0,0,0,0,0,0,0,24,63,121,24,61,121,14.033191,16.668798,37.944528,0.000000,3.174603,0.000000,0,0,0,13205.506641,22.890231,188.227692,10990.988718,1639.489585,435.687633,10195.644089,0.000000,0.000000,12270.821308,13205.506641,934.685333,12.415196,3.299288,77.207519,0.000000,7.077997,14.902494,12.053515,3.633385,0.144699,7,0.000000,0,0,0,99.038462,4.614164,99.038462,28.858646,1093.316083,7620.591690,0.000000,97.240565
22320.000000,pure-acoustic,none,hardware,1,0,0,1,priority,0.000500,180,15,hybrid,0.050000,4000.000000,6.087000,52.000000,500.000000,500.000000,2.000000,120.000000,0.000000,208,121,206,0,206,24,61,121,0,0,0,0,0,0,0,0,0.000000,0.000000,0.000000,clear-ocean,30.000000,60.000000,0.151000,1800,5016408,1286.258462,5.762807,118,31,2,85,0,280,73,1,206,0,0,0,0,0,0,0,0,0,0,0,0,0,0,0,24,63,121,24,61,121,14.033191,16.668798,37.944528,0.000000,3.174603,0.000000,0,0,0,13210.906641,22.890231,188.227692,10990.988718,1643.625755,436.721676,10195.873877,0.000000,0.000000,12276.221308,13210.906641,934.685333,12.441430,3.305766,77.177700,0.000000,7.075104,14.902494,12.053515,3.633385,0.144310,7,0.000000,0,0,0,99.038462,4.614164,99.038462,28.858646,1090.377061,7706.698406,0.000000,44.270537
22380.000000,pure-acoustic,none,hardware,1,0,0,1,priority,0.000500,180,15,hybrid,0.050000,4000.000000,6.087000,52.000000,500.000000,500.000000,2.000000,120.000000,0.000000,208,121,206,0,206,24,61,121,0,0,0,0,0,0,0,0,0.000000,0.000000,0.000000,clear-ocean,30.000000,60.000000,0.151000,1800,5016408,1286.258462,5.747357,118,31,2,85,0,280,73,1,206,0,0,0,0,0,0,0,0,0,0,0,0,0,0,0,24,63,121,24,61,121,14.033191,16.668798,37.944528,0.000000,3.174603,0.000000,0,0,0,13216.306641,22.890231,188.227692,10990.988718,1647.761925,437.755718,10196.103664,0.000000,0.000000,12281.621308,13216.306641,934.685333,12.467643,3.312239,77.147905,0.000000,7.072213,14.902494,12.053515,3.633385,0.143923,7,0.000000,0,0,0,99.038462,4.614164,99.038462,28.858646,1087.453798,7792.805122,0.000000,10.807592
22440.000000,pure-acoustic,none,hardware,1,0,0,1,priority,0.000500,180,15,hybrid,0.050000,4000.000000,6.087000,52.000000,500.000000,500.000000,2.000000,120.000000,0.000000,208,121,206,0,206,24,61,121,0,0,0,0,0,0,0,0,0.000000,0.000000,0.000000,clear-ocean,30.000000,60.000000,0.151000,1800,5016408,1286.258462,5.731990,118,31,2,85,0,280,73,1,206,0,0,0,0,0,0,0,0,0,0,0,0,0,0,0,24,63,121,24,61,121,14.033191,16.668798,37.944528,0.000000,3.174603,0.000000,0,0,0,13221.706641,22.890231,188.227692,10990.988718,1651.898095,438.789761,10196.333451,0.000000,0.000000,12287.021308,13221.706641,934.685333,12.493834,3.318707,77.118134,0.000000,7.069324,14.902494,12.053515,3.633385,0.143538,7,0.000000,0,0,0,99.038462,4.614164,99.038462,28.858646,1084.546168,7878.911838,-0.000000,0.024657
22500.000000,pure-acoustic,none,hardware,1,0,0,1,priority,0.000500,180,15,hybrid,0.050000,4000.000000,6.087000,52.000000,500.000000,500.000000,2.000000,120.000000,0.000000,208,121,206,0,206,24,61,121,0,0,0,0,0,0,0,0,0.000000,0.000000,0.000000,clear-ocean,30.000000,60.000000,0.151000,1800,5016408,1286.258462,5.716704,118,31,2,85,0,280,73,1,206,0,0,0,0,0,0,0,0,0,0,0,0,0,0,0,24,63,121,24,61,121,14.033191,16.668798,37.944528,0.000000,3.174603,0.000000,0,0,0,13227.106641,22.890231,188.227692,10990.988718,1656.034266,439.823804,10196.563238,0.000000,0.000000,12292.421308,13227.106641,934.685333,12.520004,3.325170,77.088388,0.000000,7.066438,14.902494,12.053515,3.633385,0.143156,7,0.000000,0,0,0,99.038462,4.614164,99.038462,28.858646,1081.654044,7965.018554,-0.000000,12.944161
22560.000000,pure-acoustic,none,hardware,1,0,0,1,priority,0.000500,180,15,hybrid,0.050000,4000.000000,6.087000,52.000000,500.000000,500.000000,2.000000,120.000000,0.000000,208,121,206,0,206,24,61,121,0,0,0,0,0,0,0,0,0.000000,0.000000,0.000000,clear-ocean,30.000000,60.000000,0.151000,1800,5016408,1286.258462,5.701500,118,31,2,85,0,280,73,1,206,0,0,0,0,0,0,0,0,0,0,0,0,0,0,0,24,63,121,24,61,121,14.033191,16.668798,37.944528,0.000000,3.174603,0.000000,0,0,0,13232.506641,22.890231,188.227692,10990.988718,1660.170436,440.857846,10196.793026,0.000000,0.000000,12297.821308,13232.506641,934.685333,12.546152,3.331628,77.058665,0.000000,7.063555,14.902494,12.053515,3.633385,0.142775,7,0.000000,0,0,0,99.038462,4.614164,99.038462,28.858646,1078.777305,8051.125270,-0.000000,48.341087
22620.000000,pure-acoustic,none,hardware,1,0,0,1,priority,0.000500,180,15,hybrid,0.050000,4000.000000,6.087000,52.000000,500.000000,500.000000,2.000000,120.000000,0.000000,208,121,206,0,206,24,61,121,0,0,0,0,0,0,0,0,0.000000,0.000000,0.000000,clear-ocean,30.000000,60.000000,0.151000,1800,5016408,1286.258462,5.686377,118,31,2,85,0,280,73,1,206,0,0,0,0,0,0,0,0,0,0,0,0,0,0,0,24,63,121,24,61,121,14.033191,16.668798,37.944528,0.000000,3.174603,0.000000,0,0,0,13237.906641,22.890231,188.227692,10990.988718,1664.306606,441.891889,10197.022813,0.000000,0.000000,12303.221308,13237.906641,934.685333,12.572279,3.338080,77.028968,0.000000,7.060673,14.902494,12.053515,3.633385,0.142396,7,0.000000,0,0,0,99.038462,4.614164,99.038462,28.858646,1075.915827,8137.231986,-0.000000,102.859131
22680.000000,pure-acoustic,none,hardware,1,0,0,1,priority,0.000500,180,15,hybrid,0.050000,4000.000000,6.087000,52.000000,500.000000,500.000000,2.000000,120.000000,0.000000,208,121,206,0,206,24,61,121,0,0,0,0,0,0,0,0,0.000000,0.000000,0.000000,clear-ocean,30.000000,60.000000,0.151000,1800,5016408,1286.258462,5.671334,118,31,2,85,0,280,73,1,206,0,0,0,0,0,0,0,0,0,0,0,0,0,0,0,24,63,121,24,61,121,14.033191,16.668798,37.944528,0.000000,3.174603,0.000000,0,0,0,13243.306641,22.890231,188.227692,10990.988718,1668.442776,442.925931,10197.252600,0.000000,0.000000,12308.621308,13243.306641,934.685333,12.598385,3.344527,76.999294,0.000000,7.057794,14.902494,12.053515,3.633385,0.142019,7,0.000000,0,0,0,99.038462,4.614164,99.038462,28.858646,1073.069489,8223.338703,-0.000000,171.328940
22740.000000,pure-acoustic,none,hardware,1,0,0,1,priority,0.000500,180,15,hybrid,0.050000,4000.000000,6.087000,52.000000,500.000000,500.000000,2.000000,120.000000,0.000000,208,121,206,0,206,24,61,121,0,0,0,0,0,0,0,0,0.000000,0.000000,0.000000,clear-ocean,30.000000,60.000000,0.151000,1800,5016408,1286.258462,5.656370,118,31,2,85,0,280,73,1,206,0,0,0,0,0,0,0,0,0,0,0,0,0,0,0,24,63,121,24,61,121,14.033191,16.668798,37.944528,0.000000,3.174603,0.000000,0,0,0,13248.706641,22.890231,188.227692,10990.988718,1672.578947,443.959974,10197.482387,0.000000,0.000000,12314.021308,13248.706641,934.685333,12.624470,3.350968,76.969644,0.000000,7.054918,14.902494,12.053515,3.633385,0.141645,7,0.000000,0,0,0,99.038462,4.614164,99.038462,28.858646,1070.238171,8309.445419,-0.000000,247.258269
22800.000000,pure-acoustic,none,hardware,1,0,0,1,priority,0.000500,180,15,hybrid,0.050000,4000.000000,6.087000,52.000000,500.000000,500.000000,2.000000,120.000000,0.000000,208,121,206,0,206,24,61,121,0,0,0,0,0,0,0,0,0.000000,0.000000,0.000000,clear-ocean,30.000000,60.000000,0.151000,1800,5016408,1286.258462,5.641484,118,31,2,85,0,280,73,1,206,0,0,0,0,0,0,0,0,0,0,0,0,0,0,0,24,63,121,24,61,121,14.033191,16.668798,37.944528,0.000000,3.174603,0.000000,0,0,0,13254.106641,22.890231,188.227692,10990.988718,1676.715117,444.994016,10197.712175,0.000000,0.000000,12319.421308,13254.106641,934.685333,12.650533,3.357405,76.940019,0.000000,7.052043,14.902494,12.053515,3.633385,0.141272,7,0.000000,0,0,0,99.038462,4.614164,99.038462,28.858646,1067.421754,8395.552135,-0.000000,323.447567
22860.000000,pure-acoustic,none,hardware,1,0,0,1,priority,0.000500,180,15,hybrid,0.050000,4000.000000,6.087000,52.000000,500.000000,500.000000,2.000000,120.000000,0.000000,208,121,206,0,206,24,61,121,0,0,0,0,0,0,0,0,0.000000,0.000000,0.000000,clear-ocean,30.000000,60.000000,0.151000,1800,5016408,1286.258462,5.626677,118,31,2,85,0,280,73,1,206,0,0,0,0,0,0,0,0,0,0,0,0,0,0,0,24,63,121,24,61,121,14.033191,16.668798,37.944528,0.000000,3.174603,0.000000,0,0,0,13259.506641,22.890231,188.227692,10990.988718,1680.851287,446.028059,10197.941962,0.000000,0.000000,12324.821308,13259.506641,934.685333,12.676575,3.363836,76.910418,0.000000,7.049171,14.902494,12.053515,3.633385,0.140901,7,0.000000,0,0,0,99.038462,4.614164,99.038462,28.858646,1064.620122,8481.658851,-0.000000,392.672631
22920.000000,pure-acoustic,none,hardware,1,0,0,1,priority,0.000500,180,15,hybrid,0.050000,4000.000000,6.087000,52.000000,500.000000,500.000000,2.000000,120.000000,0.000000,208,121,206,0,206,24,61,121,0,0,0,0,0,0,0,0,0.000000,0.000000,0.000000,clear-ocean,30.000000,60.000000,0.151000,1800,5016408,1286.258462,5.611948,118,31,2,85,0,280,73,1,206,0,0,0,0,0,0,0,0,0,0,0,0,0,0,0,24,63,121,24,61,121,14.033191,16.668798,37.944528,0.000000,3.174603,0.000000,0,0,0,13264.906641,22.890231,188.227692,10990.988718,1684.987457,447.062101,10198.171749,0.000000,0.000000,12330.221308,13264.906641,934.685333,12.702596,3.370262,76.880841,0.000000,7.046302,14.902494,12.053515,3.633385,0.140532,7,0.000000,0,0,0,99.038462,4.614164,99.038462,28.858646,1061.833159,8567.765567,-0.000000,448.369605
22980.000000,pure-acoustic,none,hardware,1,0,0,1,priority,0.000500,180,15,hybrid,0.050000,4000.000000,6.087000,52.000000,500.000000,500.000000,2.000000,120.000000,0.000000,208,121,206,0,206,24,61,121,0,0,0,0,0,0,0,0,0.000000,0.000000,0.000000,clear-ocean,30.000000,60.000000,0.151000,1800,5016408,1286.258462,5.597295,118,31,2,85,0,280,73,1,206,0,0,0,0,0,0,0,0,0,0,0,0,0,0,0,24,63,121,24,61,121,14.033191,16.668798,37.944528,0.000000,3.174603,0.000000,0,0,0,13270.306641,22.890231,188.227692,10990.988718,1689.123627,448.096144,10198.401536,0.000000,0.000000,12335.621308,13270.306641,934.685333,12.728595,3.376683,76.851288,0.000000,7.043434,14.902494,12.053515,3.633385,0.140165,7,0.000000,0,0,0,99.038462,4.614164,99.038462,28.858646,1059.060748,8653.872283,-0.000000,485.257350
23040.000000,pure-acoustic,none,hardware,1,0,0,1,priority,0.000500,180,15,hybrid,0.050000,4000.000000,6.087000,52.000000,500.000000,500.000000,2.000000,120.000000,0.000000,208,121,206,0,206,24,61,121,0,0,0,0,0,0,0,0,0.000000,0.000000,0.000000,clear-ocean,30.000000,60.000000,0.151000,1800,5016408,1286.258462,5.582719,118,31,2,85,0,280,73,1,206,0,0,0,0,0,0,0,0,0,0,0,0,0,0,0,24,63,121,24,61,121,14.033191,16.668798,37.944528,0.000000,3.174603,0.000000,0,0,0,13275.706641,22.890231,188.227692,10990.988718,1693.259798,449.130187,10198.631324,0.000000,0.000000,12341.021308,13275.706641,934.685333,12.754574,3.383098,76.821759,0.000000,7.040569,14.902494,12.053515,3.633385,0.139800,7,0.000000,0,0,0,99.038462,4.614164,99.038462,28.858646,1056.302778,8739.978999,-0.000000,499.838204
23100.000000,pure-acoustic,none,hardware,1,0,0,1,priority,0.000500,180,15,hybrid,0.050000,4000.000000,6.087000,52.000000,500.000000,500.000000,2.000000,120.000000,0.000000,208,121,206,0,206,24,61,121,0,0,0,0,0,0,0,0,0.000000,0.000000,0.000000,clear-ocean,30.000000,60.000000,0.151000,1800,5016408,1286.258462,5.568218,118,31,2,85,0,280,73,1,206,0,0,0,0,0,0,0,0,0,0,0,0,0,0,0,24,63,121,24,61,121,14.033191,16.668798,37.944528,0.000000,3.174603,0.000000,0,0,0,13281.106641,22.890231,188.227692,10990.988718,1697.395968,450.164229,10198.861111,0.000000,0.000000,12346.421308,13281.106641,934.685333,12.780531,3.389508,76.792254,0.000000,7.037707,14.902494,12.053515,3.633385,0.139437,7,0.000000,0,0,0,99.038462,4.614164,99.038462,28.858646,1053.559134,8826.085716,0.000000,490.729622
23160.000000,pure-acoustic,none,hardware,1,0,0,1,priority,0.000500,180,15,hybrid,0.050000,4000.000000,6.087000,52.000000,500.000000,500.000000,2.000000,120.000000,0.000000,208,121,206,0,206,24,61,121,0,0,0,0,0,0,0,0,0.000000,0.000000,0.000000,clear-ocean,30.000000,60.000000,0.151000,1800,5016408,1286.258462,5.553793,118,31,2,85,0,280,73,1,206,0,0,0,0,0,0,0,0,0,0,0,0,0,0,0,24,63,121,24,61,121,14.033191,16.668798,37.944528,0.000000,3.174603,0.000000,0,0,0,13286.506641,22.890231,188.227692,10990.988718,1701.532138,451.198272,10199.090898,0.000000,0.000000,12351.821308,13286.506641,934.685333,12.806467,3.395913,76.762773,0.000000,7.034846,14.902494,12.053515,3.633385,0.139076,7,0.000000,0,0,0,99.038462,4.614164,99.038462,28.858646,1050.829706,8912.192432,0.000000,458.795274
23220.000000,pure-acoustic,none,hardware,1,0,0,1,priority,0.000500,180,15,hybrid,0.050000,4000.000000,6.087000,52.000000,500.000000,500.000000,2.000000,120.000000,0.000000,208,121,206,0,206,24,61,121,0,0,0,0,0,0,0,0,0.000000,0.000000,0.000000,clear-ocean,30.000000,60.000000,0.151000,1800,5016408,1286.258462,5.539442,118,31,2,85,0,280,73,1,206,0,0,0,0,0,0,0,0,0,0,0,0,0,0,0,24,63,121,24,61,121,14.033191,16.668798,37.944528,0.000000,3.174603,0.000000,0,0,0,13291.906641,22.890231,188.227692,10990.988718,1705.668308,452.232314,10199.320685,0.000000,0.000000,12357.221308,13291.906641,934.685333,12.832383,3.402313,76.733316,0.000000,7.031988,14.902494,12.053515,3.633385,0.138717,7,0.000000,0,0,0,99.038462,4.614164,99.038462,28.858646,1048.114384,8998.299148,0.000000,407.063144
23280.000000,pure-acoustic,none,hardware,1,0,0,1,priority,0.000500,180,15,hybrid,0.050000,4000.000000,6.087000,52.000000,500.000000,500.000000,2.000000,120.000000,0.000000,208,121,206,0,206,24,61,121,0,0,0,0,0,0,0,0,0.000000,0.000000,0.000000,clear-ocean,30.000000,60.000000,0.151000,1800,5016408,1286.258462,5.525165,118,31,2,85,0,280,73,1,206,0,0,0,0,0,0,0,0,0,0,0,0,0,0,0,24,63,121,24,61,121,14.033191,16.668798,37.944528,0.000000,3.174603,0.000000,0,0,0,13297.306641,22.890231,188.227692,10990.988718,1709.804478,453.266357,10199.550472,0.000000,0.000000,12362.621308,13297.306641,934.685333,12.858277,3.408708,76.703883,0.000000,7.029133,14.902494,12.053515,3.633385,0.138359,7,0.000000,0,0,0,99.038462,4.614164,99.038462,28.858646,1045.413058,9084.405864,0.000000,340.438428
23340.000000,pure-acoustic,none,hardware,1,0,0,1,priority,0.000500,180,15,hybrid,0.050000,4000.000000,6.087000,52.000000,500.000000,500.000000,2.000000,120.000000,0.000000,208,121,206,0,206,24,61,121,0,0,0,0,0,0,0,0,0.000000,0.000000,0.000000,clear-ocean,30.000000,60.000000,0.151000,1800,5016408,1286.258462,5.510962,118,31,2,85,0,280,73,1,206,0,0,0,0,0,0,0,0,0,0,0,0,0,0,0,24,63,121,24,61,121,14.033191,16.668798,37.944528,0.000000,3.174603,0.000000,0,0,0,13302.706641,22.890231,188.227692,10990.988718,1713.940649,454.300399,10199.780260,0.000000,0.000000,12368.021308,13302.706641,934.685333,12.884150,3.415097,76.674473,0.000000,7.026279,14.902494,12.053515,3.633385,0.138003,7,0.000000,0,0,0,99.038462,4.614164,99.038462,28.858646,1042.725621,9170.512580,0.000000,265.238421
23400.000000,pure-acoustic,none,hardware,1,0,0,1,priority,0.000500,180,15,hybrid,0.050000,4000.000000,6.087000,52.000000,500.000000,500.000000,2.000000,120.000000,0.000000,208,121,206,0,206,24,61,121,0,0,0,0,0,0,0,0,0.000000,0.000000,0.000000,clear-ocean,30.000000,60.000000,0.151000,1800,5016408,1286.258462,5.496831,118,31,2,85,0,280,73,1,206,0,0,0,0,0,0,0,0,0,0,0,0,0,0,0,24,63,121,24,61,121,14.033191,16.668798,37.944528,0.000000,3.174603,0.000000,0,0,0,13308.106641,22.890231,188.227692,10990.988718,1718.076819,455.334442,10200.010047,0.000000,0.000000,12373.421308,13308.106641,934.685333,12.910002,3.421482,76.645088,0.000000,7.023428,14.902494,12.053515,3.633385,0.137650,7,0.000000,0,0,0,99.038462,4.614164,99.038462,28.858646,1040.051966,9256.619296,0.000000,188.593520
23450.000000,pure-acoustic,none,hardware,1,0,0,1,priority,0.000500,180,15,hybrid,0.050000,4000.000000,6.087000,52.000000,500.000000,500.000000,2.000000,120.000000,0.000000,208,121,206,0,206,24,61,121,0,0,0,0,0,0,0,0,0.000000,0.000000,0.000000,clear-ocean,30.000000,60.000000,0.151000,1800,5016408,1286.258462,5.485111,118,31,2,85,0,280,73,1,206,0,0,0,0,0,0,0,0,0,0,0,0,0,0,0,24,63,121,24,61,121,14.033191,16.668798,37.944528,0.000000,3.174603,0.000000,0,0,0,13312.606641,22.890231,188.227692,10990.988718,1721.523627,456.196144,10200.201536,0.000000,0.000000,12377.921308,13312.606641,934.685333,12.931529,3.426798,76.620618,0.000000,7.021054,14.902494,12.053515,3.633385,0.137356,7,0.000000,0,0,0,99.038462,4.614164,99.038462,28.858646,1037.834371,9328.374893,0.000000,128.874011
