time,protocol,auvCollectionMedium,energyModel,lowPayloadAtGateway,enableHighFallback,enableMediumFallback,matchHybridQueues,ddnBufferPolicy,nodeIdlePowerW,nodes,sinks,sinkPlacement,trafficLoad,trafficStop,auvSpeedKmh,txPowerMarginDb,ddnEomOffset,ddnDepth,highFallbackTimeout,mediumFallbackTimeout,mediumFallbackRhoMax,generated,gatewayOriginated,reachedDdn,collectedByAuv,delivered,directCriticalToSink,directMediumToSink,directLowToSink,bufferDropped,bufferDroppedHigh,bufferDroppedMedium,bufferDroppedLow,opticalTransfers,opticalAttempted,opticalLost,opticalPending,opticalLossPct,opticalMeanPktSuccess,opticalMeanSnrDb,opticalWaterType,opticalRange,opticalPointingCoherenceSeconds,opticalExtCoeff,acousticTransfers,acousticTxBytes,acousticTxAirtimeS,acousticTxAirtimePct,acousticSourceAttempts,acousticRetransmissions,acousticRetryExhausted,acousticAcks,acousticPending,directSourceAttempts,directRetransmissions,directCyclesExhausted,directAcks,directPending,mobileSourceAttempts,mobileRetransmissions,mobileContactFailures,mobileAcks,mobilePending,auvSurfaceSourceAttempts,auvSurfaceRetransmissions,auvSurfaceContactFailures,auvSurfaceAcks,auvSurfacePending,deadlineExpired,deadlineExpiredHigh,deadlineExpiredMedium,deadlineExpiredLow,highGenerated,mediumGenerated,lowGenerated,highDelivered,mediumDelivered,lowDelivered,highAvgDelay,mediumAvgDelay,lowAvgDelay,highMissRatio,mediumMissRatio,lowMissRatio,highDeadlineMiss,mediumDeadlineMiss,lowDeadlineMiss,energyConsumedJ,highEnergyJ,mediumEnergyJ,lowEnergyJ,bsnEnergyJ,drnEnergyJ,ddnEnergyJ,auvEnergyJ,auvOperationalEnergyJ,submergedEnergyJ,incrementalMissionEnergyJ,sinkEnergyJ,bsnEnergyPct,drnEnergyPct,ddnEnergyPct,auvEnergyPct,sinkEnergyPct,highEnergyMjByte,mediumEnergyMjByte,lowEnergyMjByte,meanDdnBuffered,maxDdnBuffered,meanAuvBuffered,maxAuvBuffered,ddnBuffered,auvBuffered,upstreamPdr,avgDelayAcoustic,pdr,avgDelay,throughputBps,auvX,auvY,auvZ
0.000000,pure-acoustic,none,hardware,1,0,0,1,priority,0.000500,180,15,hybrid,0.050000,4000.000000,6.087000,52.000000,500.000000,500.000000,2.000000,120.000000,0.000000,0,0,0,0,0,0,0,0,0,0,0,0,0,0,0,0,0.000000,0.000000,0.000000,clear-ocean,30.000000,60.000000,0.151000,0,0,0.000000,0.000000,0,0,0,0,0,0,0,0,0,0,0,0,0,0,0,0,0,0,0,0,0,0,0,0,0,0,0,0,0,0,0.000000,0.000000,0.000000,0.000000,0.000000,0.000000,0,0,0,0.090000,0.000000,0.000000,0.000000,0.068936,0.017234,0.003830,0.000000,0.000000,0.090000,0.090000,0.000000,76.595745,19.148936,4.255319,0.000000,0.000000,0.000000,0.000000,0.000000,0.000000,0,0.000000,0,0,0,0.000000,0.000000,0.000000,0.000000,0.000000,875.000000,0.000000,0.000000
60.000000,pure-acoustic,none,hardware,1,0,0,1,priority,0.000500,180,15,hybrid,0.050000,4000.000000,6.087000,52.000000,500.000000,500.000000,2.000000,120.000000,0.000000,7,7,7,0,4,0,0,4,0,0,0,0,0,0,0,0,0.000000,0.000000,0.000000,clear-ocean,30.000000,60.000000,0.151000,35,126435,32.419231,54.032051,0,0,0,0,0,5,1,0,4,0,0,0,0,0,0,0,0,0,0,0,0,0,0,0,0,0,7,0,0,4,0.000000,0.000000,19.525748,0.000000,0.000000,42.857143,0,0,0,289.985026,0.000000,0.000000,284.585026,4.136170,1.034043,259.596762,0.000000,0.000000,264.766974,289.985026,25.218051,1.426339,0.356585,89.520747,0.000000,8.696329,0.000000,0.000000,2.845850,1.266667,3,0.000000,0,3,0,100.000000,0.000000,57.142857,19.525748,13333.333333,961.106716,-0.000000,11.852388
120.000000,pure-acoustic,none,hardware,1,0,0,1,priority,0.000500,180,15,hybrid,0.050000,4000.000000,6.087000,52.000000,500.000000,500.000000,2.000000,120.000000,0.000000,9,8,9,0,8,1,0,7,0,0,0,0,0,0,0,0,0.000000,0.000000,0.000000,clear-ocean,30.000000,60.000000,0.151000,76,253500,65.000000,54.166667,1,0,0,1,0,11,2,0,8,1,0,0,0,0,0,0,0,0,0,0,0,0,0,0,1,0,8,1,0,7,19.020492,0.000000,33.653439,0.000000,0.000000,12.500000,0,0,0,580.350872,1.265538,0.000000,568.285333,8.932546,2.326547,519.482754,0.000000,0.000000,530.741846,580.350872,49.609026,1.539163,0.400886,89.511842,0.000000,8.548109,19.774038,0.000000,3.247345,1.408333,3,0.000000,0,0,0,100.000000,0.835385,88.888889,31.824320,11670.933333,1047.213432,-0.000000,46.285720
180.000000,pure-acoustic,none,hardware,1,0,0,1,priority,0.000500,180,15,hybrid,0.050000,4000.000000,6.087000,52.000000,500.000000,500.000000,2.000000,120.000000,0.000000,10,9,10,0,10,1,0,9,0,0,0,0,0,0,0,0,0.000000,0.000000,0.000000,clear-ocean,30.000000,60.000000,0.151000,104,354648,90.935385,50.519658,1,0,0,1,0,15,5,0,10,0,0,0,0,0,0,0,0,0,0,0,0,0,0,0,1,0,9,1,0,9,19.020492,0.000000,39.875175,0.000000,0.000000,0.000000,0,0,0,812.357231,1.265538,0.000000,794.891692,13.068716,3.360589,727.202182,0.000000,0.000000,743.631487,812.357231,68.725744,1.608740,0.413684,89.517537,0.000000,8.460040,19.774038,0.000000,3.532852,1.183333,3,0.000000,0,0,0,100.000000,0.835385,100.000000,37.789707,10002.844444,1133.320148,-0.000000,100.035057
240.000000,pure-acoustic,none,hardware,1,0,0,1,priority,0.000500,180,15,hybrid,0.050000,4000.000000,6.087000,52.000000,500.000000,500.000000,2.000000,120.000000,0.000000,10,9,10,0,10,1,0,9,0,0,0,0,0,0,0,0,0.000000,0.000000,0.000000,clear-ocean,30.000000,60.000000,0.151000,104,354648,90.935385,37.889744,1,0,0,1,0,15,5,0,10,0,0,0,0,0,0,0,0,0,0,0,0,0,0,0,1,0,9,1,0,9,19.020492,0.000000,39.875175,0.000000,0.000000,0.000000,0,0,0,817.757231,1.265538,0.000000,794.891692,17.204886,4.394632,727.431969,0.000000,0.000000,749.031487,817.757231,68.725744,2.103911,0.537401,88.954514,0.000000,8.404174,19.774038,0.000000,3.532852,0.887500,3,0.000000,0,0,0,100.000000,0.835385,100.000000,37.789707,7502.133333,1219.426865,-0.000000,168.003936
300.000000,pure-acoustic,none,hardware,1,0,0,1,priority,0.000500,180,15,hybrid,0.050000,4000.000000,6.087000,52.000000,500.000000,500.000000,2.000000,120.000000,0.000000,10,9,10,0,10,1,0,9,0,0,0,0,0,0,0,0,0.000000,0.000000,0.000000,clear-ocean,30.000000,60.000000,0.151000,104,354648,90.935385,30.311795,1,0,0,1,0,15,5,0,10,0,0,0,0,0,0,0,0,0,0,0,0,0,0,0,1,0,9,1,0,9,19.020492,0.000000,39.875175,0.000000,0.000000,0.000000,0,0,0,823.157231,1.265538,0.000000,794.891692,21.341056,5.428674,727.661757,0.000000,0.000000,754.431487,823.157231,68.725744,2.592586,0.659494,88.398878,0.000000,8.349042,19.774038,0.000000,3.532852,0.710000,3,0.000000,0,0,0,100.000000,0.835385,100.000000,37.789707,6001.706667,1305.533581,-0.000000,243.747609
360.000000,pure-acoustic,none,hardware,1,0,0,1,priority,0.000500,180,15,hybrid,0.050000,4000.000000,6.087000,52.000000,500.000000,500.000000,2.000000,120.000000,0.000000,14,13,14,0,10,1,0,9,0,0,0,0,0,0,0,0,0.000000,0.000000,0.000000,clear-ocean,30.000000,60.000000,0.151000,119,409359,104.963846,29.156624,1,0,0,1,0,18,7,0,10,1,0,0,0,0,0,0,0,0,0,0,0,0,0,0,1,0,13,1,0,9,19.020492,0.000000,39.875175,0.000000,0.000000,30.769231,0,0,0,948.613231,1.265538,0.000000,914.947692,25.477226,6.462717,840.119236,0.000000,0.000000,872.059179,948.613231,76.554051,2.685734,0.681280,88.562884,0.000000,8.070102,19.774038,0.000000,4.066434,0.791667,3,0.000000,0,3,0,100.000000,0.835385,71.428571,37.789707,5001.422222,1391.640297,-0.000000,320.084127
420.000000,pure-acoustic,none,hardware,1,0,0,1,priority,0.000500,180,15,hybrid,0.050000,4000.000000,6.087000,52.000000,500.000000,500.000000,2.000000,120.000000,0.000000,18,16,18,0,15,1,0,14,0,0,0,0,0,0,0,0,0.000000,0.000000,0.000000,clear-ocean,30.000000,60.000000,0.151000,172,560508,143.720000,34.219048,5,3,0,2,0,23,8,0,15,0,0,0,0,0,0,0,0,0,0,0,0,0,0,0,1,1,16,1,0,14,19.020492,0.000000,43.272748,0.000000,100.000000,12.500000,0,0,0,1293.578154,1.265538,6.372103,1248.140513,33.211140,10.238298,1143.136716,0.000000,0.000000,1186.586154,1293.578154,106.992000,2.567386,0.791471,88.370132,0.000000,8.271012,19.774038,0.000000,3.566116,1.019048,4,0.000000,0,3,0,100.000000,20.395815,83.333333,41.655931,6667.885714,1477.747013,-0.000000,389.775332
480.000000,pure-acoustic,none,hardware,1,0,0,1,priority,0.000500,180,15,hybrid,0.050000,4000.000000,6.087000,52.000000,500.000000,500.000000,2.000000,120.000000,0.000000,21,18,21,0,20,2,1,17,0,0,0,0,0,0,0,0,0.000000,0.000000,0.000000,clear-ocean,30.000000,60.000000,0.151000,211,687555,176.296154,36.728365,6,3,0,3,0,30,9,0,20,1,0,0,0,0,0,0,0,0,0,0,0,0,0,0,2,1,18,2,1,17,23.735649,59.151951,44.110729,0.000000,0.000000,5.555556,0,0,0,1584.022821,1.903641,7.078359,1531.840821,37.668285,11.293879,1403.583939,0.000000,0.000000,1452.546103,1584.022821,131.476718,2.378014,0.712987,88.608821,0.000000,8.300178,14.872196,27.649840,3.604331,1.093750,4,0.000000,0,0,0,100.000000,13.683706,95.238095,42.825282,7089.733333,1563.853729,-0.000000,446.213164
540.000000,pure-acoustic,none,hardware,1,0,0,1,priority,0.000500,180,15,hybrid,0.050000,4000.000000,6.087000,52.000000,500.000000,500.000000,2.000000,120.000000,0.000000,22,18,22,0,22,2,2,18,0,0,0,0,0,0,0,0,0.000000,0.000000,0.000000,clear-ocean,30.000000,60.000000,0.151000,221,713733,183.008462,33.890456,7,3,0,4,0,32,10,0,22,0,0,0,0,0,0,0,0,0,0,0,0,0,0,0,2,2,18,2,2,18,23.735649,30.124369,43.788769,0.000000,0.000000,0.000000,0,0,0,1648.208410,1.903641,8.770000,1588.934769,42.706352,12.388845,1456.322854,0.000000,0.000000,1511.418051,1648.208410,136.790359,2.591077,0.751655,88.357931,0.000000,8.299336,14.872196,17.128906,3.530966,0.974074,4,0.000000,0,0,0,100.000000,10.376882,100.000000,40.723540,6676.148148,1649.960445,-0.000000,484.046240
600.000000,pure-acoustic,none,hardware,1,0,0,1,priority,0.000500,180,15,hybrid,0.050000,4000.000000,6.087000,52.000000,500.000000,500.000000,2.000000,120.000000,0.000000,24,20,24,0,24,2,2,20,0,0,0,0,0,0,0,0,0.000000,0.000000,0.000000,clear-ocean,30.000000,60.000000,0.151000,235,764307,195.976154,32.662692,7,3,0,4,0,34,10,0,24,0,0,0,0,0,0,0,0,0,0,0,0,0,0,0,2,2,20,2,2,20,23.735649,30.124369,40.254753,0.000000,0.000000,0.000000,0,0,0,1767.796308,1.903641,8.770000,1703.122667,46.842523,13.422887,1560.300744,0.000000,0.000000,1620.566154,1767.796308,147.230154,2.649769,0.759301,88.262473,0.000000,8.328457,14.872196,17.128906,3.406245,0.880000,4,0.000000,0,0,0,100.000000,10.376882,100.000000,38.033962,6675.200000,1736.067161,-0.000000,499.687261
660.000000,pure-acoustic,none,hardware,1,0,0,1,priority,0.000500,180,15,hybrid,0.050000,4000.000000,6.087000,52.000000,500.000000,500.000000,2.000000,120.000000,0.000000,24,20,24,0,24,2,2,20,0,0,0,0,0,0,0,0,0.000000,0.000000,0.000000,clear-ocean,30.000000,60.000000,0.151000,235,764307,195.976154,29.693357,7,3,0,4,0,34,10,0,24,0,0,0,0,0,0,0,0,0,0,0,0,0,0,0,2,2,20,2,2,20,23.735649,30.124369,40.254753,0.000000,0.000000,0.000000,0,0,0,1773.196308,1.903641,8.770000,1703.122667,50.978693,14.456930,1560.530531,0.000000,0.000000,1625.966154,1773.196308,147.230154,2.874960,0.815303,88.006642,0.000000,8.303094,14.872196,17.128906,3.406245,0.800000,4,0.000000,0,0,0,100.000000,10.376882,100.000000,38.033962,6068.363636,1822.173878,0.000000,491.653159
720.000000,pure-acoustic,none,hardware,1,0,0,1,priority,0.000500,180,15,hybrid,0.050000,4000.000000,6.087000,52.000000,500.000000,500.000000,2.000000,120.000000,0.000000,27,22,27,0,25,2,2,21,0,0,0,0,0,0,0,0,0.000000,0.000000,0.000000,clear-ocean,30.000000,60.000000,0.151000,256,828480,212.430769,29.504274,8,3,0,5,0,37,11,0,25,1,0,0,0,0,0,0,0,0,0,0,0,0,0,0,2,3,22,2,2,21,23.735649,30.124369,38.756276,0.000000,33.333333,4.545455,0,0,0,1919.544538,1.903641,10.956590,1841.884308,56.496530,16.222049,1690.037447,0.000000,0.000000,1762.756026,1919.544538,156.788513,2.943226,0.845099,88.043669,0.000000,8.168006,14.872196,21.399589,3.508351,0.754167,4,0.000000,0,1,0,100.000000,8.521403,92.592593,36.864073,5840.444444,1908.280594,0.000000,460.705721
780.000000,pure-acoustic,none,hardware,1,0,0,1,priority,0.000500,180,15,hybrid,0.050000,4000.000000,6.087000,52.000000,500.000000,500.000000,2.000000,120.000000,0.000000,29,24,29,0,27,2,3,22,0,0,0,0,0,0,0,0,0.000000,0.000000,0.000000,clear-ocean,30.000000,60.000000,0.151000,282,917514,235.260000,30.161538,8,3,0,5,0,41,13,0,27,1,0,0,0,0,0,0,0,0,0,0,0,0,0,0,2,3,24,2,3,22,23.735649,33.468199,39.152015,0.000000,0.000000,8.333333,0,0,0,2125.913974,1.903641,11.662846,2042.147487,60.632700,17.256092,1872.907644,0.000000,0.000000,1950.796436,2125.913974,175.117538,2.852077,0.811702,88.098938,0.000000,8.237282,14.872196,15.185998,3.712995,0.767949,4,0.000000,0,1,0,100.000000,8.521403,93.103448,37.378527,5650.215385,1994.387310,0.000000,409.779355
840.000000,pure-acoustic,none,hardware,1,0,0,1,priority,0.000500,180,15,hybrid,0.050000,4000.000000,6.087000,52.000000,500.000000,500.000000,2.000000,120.000000,0.000000,30,25,30,0,29,2,3,24,0,0,0,0,0,0,0,0,0.000000,0.000000,0.000000,clear-ocean,30.000000,60.000000,0.151000,303,993375,254.711538,30.322802,8,3,0,5,0,44,14,0,29,1,0,0,0,0,0,0,0,0,0,0,0,0,0,0,2,3,25,2,3,24,23.735649,33.468199,40.000184,0.000000,0.000000,4.000000,0,0,0,2301.711103,1.903641,11.662846,2212.544615,64.768870,18.290134,2028.756303,0.000000,0.000000,2111.815308,2301.711103,189.895795,2.813944,0.794632,88.141222,0.000000,8.250201,14.872196,15.185998,3.687574,0.733333,4,0.000000,0,0,0,100.000000,8.521403,96.666667,38.202770,5722.819048,2080.494026,0.000000,343.702853
900.000000,pure-acoustic,none,hardware,1,0,0,1,priority,0.000500,180,15,hybrid,0.050000,4000.000000,6.087000,52.000000,500.000000,500.000000,2.000000,120.000000,0.000000,34,28,33,0,32,2,3,27,0,0,0,0,0,0,0,0,0.000000,0.000000,0.000000,clear-ocean,30.000000,60.000000,0.151000,349,1146285,293.919231,32.657692,9,3,0,5,1,50,17,0,32,1,0,0,0,0,0,0,0,0,0,0,0,0,0,0,2,4,28,2,3,27,23.735649,33.468199,38.680685,0.000000,25.000000,3.571429,0,0,0,2649.069179,1.903641,13.711385,2552.454154,70.283425,19.994331,2340.220552,0.000000,0.000000,2430.498308,2649.069179,218.570872,2.653137,0.754768,88.341240,0.000000,8.250856,14.872196,17.853365,3.781414,0.704444,4,0.000000,0,0,0,97.058824,8.521403,94.117647,37.257950,6007.964444,2166.600742,0.000000,268.741531
960.000000,pure-acoustic,none,hardware,1,0,0,1,priority,0.000500,180,15,hybrid,0.050000,4000.000000,6.087000,52.000000,500.000000,500.000000,2.000000,120.000000,0.000000,39,30,39,0,38,2,7,29,0,0,0,0,0,0,0,0,0.000000,0.000000,0.000000,clear-ocean,30.000000,60.000000,0.151000,392,1220832,313.033846,32.607692,15,6,0,9,0,57,18,0,38,1,0,0,0,0,0,0,0,0,0,0,0,0,0,0,2,7,30,2,7,29,23.735649,22.908333,37.761825,0.000000,0.000000,3.333333,0,0,0,2816.974974,1.903641,27.236051,2701.435282,82.703031,23.282527,2480.755160,0.000000,0.000000,2586.740718,2816.974974,230.234256,2.935881,0.826508,88.064508,0.000000,8.173103,14.872196,15.198689,3.726118,0.678125,4,0.000000,0,0,0,100.000000,9.766021,97.435897,34.287435,6057.666667,2252.707458,0.000000,192.003154
1020.000000,pure-acoustic,none,hardware,1,0,0,1,priority,0.000500,180,15,hybrid,0.050000,4000.000000,6.087000,52.000000,500.000000,500.000000,2.000000,120.000000,0.000000,44,33,44,0,41,2,8,31,0,0,0,0,0,0,0,0,0.000000,0.000000,0.000000,clear-ocean,30.000000,60.000000,0.151000,428,1324356,339.578462,33.292006,18,7,0,11,0,62,20,0,41,1,0,0,0,0,0,0,0,0,0,0,0,0,0,0,2,9,33,2,8,31,23.735649,20.287229,36.828875,0.000000,11.111111,6.060606,0,0,0,3053.036744,1.903641,31.291462,2928.041641,90.021381,24.438416,2689.132229,0.000000,0.000000,2803.592026,3053.036744,249.444718,2.948585,0.800463,88.080572,0.000000,8.170380,14.872196,15.279034,3.778118,0.677451,4,0.000000,0,2,0,100.000000,9.304265,93.181818,32.962543,6095.498039,2338.814174,0.000000,120.763985
1080.000000,pure-acoustic,none,hardware,1,0,0,1,priority,0.000500,180,15,hybrid,0.050000,4000.000000,6.087000,52.000000,500.000000,500.000000,2.000000,120.000000,0.000000,46,34,46,0,43,2,10,31,0,0,0,0,0,0,0,0,0.000000,0.000000,0.000000,clear-ocean,30.000000,60.000000,0.151000,454,1401702,359.410769,33.278775,19,7,0,12,0,67,22,1,43,1,0,0,0,0,0,0,0,0,0,0,0,0,0,0,2,10,34,2,10,31,23.735649,26.276607,36.828875,0.000000,0.000000,8.823529,0,0,0,3227.596897,1.903641,34.369769,3094.123487,95.059448,26.203535,2846.232170,0.000000,0.000000,2967.495154,3227.596897,260.101744,2.945208,0.811859,88.184252,0.000000,8.058681,14.872196,13.425691,3.992417,0.814815,5,0.000000,0,2,0,100.000000,8.601517,93.478261,33.765872,5760.651852,2424.920891,0.000000,61.778860
1140.000000,pure-acoustic,none,hardware,1,0,0,1,priority,0.000500,180,15,hybrid,0.050000,4000.000000,6.087000,52.000000,500.000000,500.000000,2.000000,120.000000,0.000000,48,36,48,0,46,2,10,34,0,0,0,0,0,0,0,0,0.000000,0.000000,0.000000,clear-ocean,30.000000,60.000000,0.151000,487,1519863,389.708462,34.184953,19,7,0,12,0,72,24,1,46,1,0,0,0,0,0,0,0,0,0,0,0,0,0,0,2,10,36,2,10,34,23.735649,26.276607,40.752822,0.000000,0.000000,5.555556,0,0,0,3496.235051,1.903641,34.369769,3357.361641,99.195619,27.237578,3088.853342,0.000000,0.000000,3215.286538,3496.235051,280.948513,2.837213,0.779055,88.347989,0.000000,8.035744,14.872196,13.425691,3.949837,0.828947,5,0.000000,0,1,0,100.000000,8.601517,95.833333,36.865942,5983.775439,2511.027607,0.000000,20.640695
1200.000000,pure-acoustic,none,hardware,1,0,0,1,priority,0.000500,180,15,hybrid,0.050000,4000.000000,6.087000,52.000000,500.000000,500.000000,2.000000,120.000000,0.000000,50,37,49,0,48,2,10,36,0,0,0,0,0,0,0,0,0.000000,0.000000,0.000000,clear-ocean,30.000000,60.000000,0.151000,523,1637979,419.994615,34.999551,20,7,0,12,1,76,26,1,48,1,0,0,0,0,0,0,0,0,0,0,0,0,0,0,3,10,37,2,10,36,23.735649,26.276607,41.599908,33.333333,0.000000,2.702703,0,0,0,3766.372026,2.695179,34.369769,3621.307077,103.649481,28.745466,3330.517386,0.000000,0.000000,3462.912333,3766.372026,303.459692,2.751971,0.763214,88.427733,0.000000,8.057082,21.056090,13.425691,4.023675,0.806667,5,0.000000,0,0,0,98.000000,8.601517,96.000000,37.663209,6017.920000,2597.134323,0.000000,1.250174
1260.000000,pure-acoustic,none,hardware,1,0,0,1,priority,0.000500,180,15,hybrid,0.050000,4000.000000,6.087000,52.000000,500.000000,500.000000,2.000000,120.000000,0.000000,52,38,52,0,52,3,11,38,0,0,0,0,0,0,0,0,0.000000,0.000000,0.000000,clear-ocean,30.000000,60.000000,0.151000,548,1691028,433.596923,34.412454,22,8,0,14,0,80,27,1,52,0,0,0,0,0,0,0,0,0,0,0,0,0,0,0,3,11,38,3,11,38,20.586887,24.074917,41.769582,0.000000,0.000000,0.000000,0,0,0,3892.104231,3.858410,37.453000,3737.392821,109.008523,31.676124,3436.427993,0.000000,0.000000,3577.112641,3892.104231,314.991590,2.800761,0.813856,88.292291,0.000000,8.093092,20.095887,13.300071,3.934098,0.770635,5,0.000000,0,0,0,100.000000,8.428375,100.000000,36.804401,6050.844444,2683.241039,-0.000000,5.445889
1320.000000,pure-acoustic,none,hardware,1,0,0,1,priority,0.000500,180,15,hybrid,0.050000,4000.000000,6.087000,52.000000,500.000000,500.000000,2.000000,120.000000,0.000000,53,39,53,0,53,3,11,39,0,0,0,0,0,0,0,0,0.000000,0.000000,0.000000,clear-ocean,30.000000,60.000000,0.151000,555,1716315,440.080769,33.339452,22,8,0,14,0,81,27,1,53,0,0,0,0,0,0,0,0,0,0,0,0,0,0,0,3,11,39,3,11,39,20.586887,24.074917,40.912285,0.000000,0.000000,0.000000,0,0,0,3954.598179,3.858410,37.453000,3794.486769,113.144693,32.710167,3488.531832,0.000000,0.000000,3634.386692,3954.598179,320.211487,2.861092,0.827143,88.214571,0.000000,8.097194,20.095887,13.300071,3.891781,0.736364,5,0.000000,0,0,0,100.000000,8.428375,100.000000,36.267242,5927.321212,2769.347755,-0.000000,32.830006
1380.000000,pure-acoustic,none,hardware,1,0,0,1,priority,0.000500,180,15,hybrid,0.050000,4000.000000,6.087000,52.000000,500.000000,500.000000,2.000000,120.000000,0.000000,58,42,58,0,56,3,13,40,0,0,0,0,0,0,0,0,0.000000,0.000000,0.000000,clear-ocean,30.000000,60.000000,0.151000,576,1768968,453.581538,32.868227,24,8,0,16,0,85,27,1,56,1,0,0,0,0,0,0,0,0,0,0,0,0,0,0,3,13,42,3,13,40,20.586887,20.654719,40.108139,0.000000,0.000000,4.761905,0,0,0,4076.717077,3.858410,41.717333,3906.941333,118.604889,35.206363,3593.797106,0.000000,0.000000,3747.608359,4076.717077,329.108718,2.909324,0.863596,88.154195,0.000000,8.072886,20.095887,12.535256,3.906941,0.709420,5,0.000000,0,1,0,100.000000,7.469476,96.551724,34.546386,5817.507246,2855.454471,-0.000000,80.805987
1440.000000,pure-acoustic,none,hardware,1,0,0,1,priority,0.000500,180,15,hybrid,0.050000,4000.000000,6.087000,52.000000,500.000000,500.000000,2.000000,120.000000,0.000000,60,43,60,0,60,3,14,43,0,0,0,0,0,0,0,0,0.000000,0.000000,0.000000,clear-ocean,30.000000,60.000000,0.151000,600,1845720,473.261538,32.865385,25,8,0,17,0,89,28,1,60,0,0,0,0,0,0,0,0,0,0,0,0,0,0,0,3,14,43,3,14,43,20.586887,19.322147,38.665169,0.000000,0.000000,0.000000,0,0,0,4255.090564,3.858410,43.408974,4078.223179,123.642957,36.301329,3750.284124,0.000000,0.000000,3910.228410,4255.090564,344.862154,2.905766,0.853127,88.136411,0.000000,8.104696,20.095887,12.111879,3.793696,0.689583,5,0.000000,0,0,0,100.000000,7.056943,100.000000,33.247883,5993.200000,2941.561187,-0.000000,144.824794
1500.000000,pure-acoustic,none,hardware,1,0,0,1,priority,0.000500,180,15,hybrid,0.050000,4000.000000,6.087000,52.000000,500.000000,500.000000,2.000000,120.000000,0.000000,63,46,63,0,61,3,14,44,0,0,0,0,0,0,0,0,0.000000,0.000000,0.000000,clear-ocean,30.000000,60.000000,0.151000,614,1896294,486.229231,32.415282,25,8,0,17,0,91,29,1,61,0,0,0,0,0,0,0,0,0,0,0,0,0,0,0,3,14,46,3,14,44,20.586887,19.322147,38.410427,0.000000,0.000000,4.347826,0,0,0,4373.793744,3.858410,43.408974,4191.526359,127.779127,37.335372,3854.258732,0.000000,0.000000,4019.373231,4373.793744,354.420513,2.921471,0.853615,88.121639,0.000000,8.103274,20.095887,12.111879,3.810479,0.684000,5,0.000000,0,2,0,100.000000,7.056943,96.825397,33.152943,5886.805333,3027.667904,-0.000000,218.816219
1560.000000,pure-acoustic,none,hardware,1,0,0,1,priority,0.000500,180,15,hybrid,0.050000,4000.000000,6.087000,52.000000,500.000000,500.000000,2.000000,120.000000,0.000000,67,50,67,0,67,3,14,50,0,0,0,0,0,0,0,0,0.000000,0.000000,0.000000,clear-ocean,30.000000,60.000000,0.151000,656,2048016,525.132308,33.662327,25,8,0,17,0,97,29,1,67,0,0,0,0,0,0,0,0,0,0,0,0,0,0,0,3,14,50,3,14,50,20.586887,19.322147,37.426614,0.000000,0.000000,0.000000,0,0,0,4721.757436,3.858410,43.408974,4534.090051,131.915297,38.369414,4165.732827,0.000000,0.000000,4336.017538,4721.757436,385.739897,2.793775,0.812609,88.224202,0.000000,8.169414,20.095887,12.111879,3.627272,0.725641,5,0.000000,0,0,0,100.000000,7.056943,100.000000,32.889573,6429.620513,3113.774620,-0.000000,295.764462
1620.000000,pure-acoustic,none,hardware,1,0,0,1,priority,0.000500,180,15,hybrid,0.050000,4000.000000,6.087000,52.000000,500.000000,500.000000,2.000000,120.000000,0.000000,69,51,69,0,69,3,15,51,0,0,0,0,0,0,0,0,0.000000,0.000000,0.000000,clear-ocean,30.000000,60.000000,0.151000,669,2075085,532.073077,32.844017,26,8,0,18,0,99,29,1,69,0,0,0,0,0,0,0,0,0,0,0,0,0,0,0,3,15,51,3,15,51,20.586887,18.168394,36.864609,0.000000,0.000000,0.000000,0,0,0,4787.624000,3.858410,46.781590,4591.184000,137.912903,40.134534,4218.523025,0.000000,0.000000,4396.570462,4787.624000,391.053538,2.880613,0.838298,88.113081,0.000000,8.168009,20.095887,12.182706,3.600929,0.700000,5,0.000000,0,0,0,100.000000,6.738651,100.000000,32.092487,6316.207407,3199.881336,-0.000000,368.373360
1680.000000,pure-acoustic,none,hardware,1,0,0,1,priority,0.000500,180,15,hybrid,0.050000,4000.000000,6.087000,52.000000,500.000000,500.000000,2.000000,120.000000,0.000000,75,52,75,0,74,3,20,51,0,0,0,0,0,0,0,0,0.000000,0.000000,0.000000,clear-ocean,30.000000,60.000000,0.151000,696,2090784,536.098462,31.910623,31,8,0,23,0,105,29,1,74,1,0,0,0,0,0,0,0,0,0,0,0,0,0,0,3,20,52,3,20,51,20.586887,14.179066,36.864609,0.000000,0.000000,1.923077,0,0,0,4825.031692,3.858410,61.816974,4608.156308,147.518099,46.834422,4239.156914,0.000000,0.000000,4433.509436,4825.031692,391.522256,3.057350,0.970655,87.857597,0.000000,8.114398,20.095887,12.073628,3.614240,0.678571,5,0.000000,0,0,0,100.000000,5.537094,98.666667,30.073473,6096.723810,3285.988052,-0.000000,429.758202
1740.000000,pure-acoustic,none,hardware,1,0,0,1,priority,0.000500,180,15,hybrid,0.050000,4000.000000,6.087000,52.000000,500.000000,500.000000,2.000000,120.000000,0.000000,77,54,77,0,75,3,20,52,0,0,0,0,0,0,0,0,0.000000,0.000000,0.000000,clear-ocean,30.000000,60.000000,0.151000,707,2132619,546.825385,31.426746,31,8,0,23,0,106,29,1,75,1,0,0,0,0,0,0,0,0,0,0,0,0,0,0,3,20,54,3,20,52,20.586887,14.179066,36.325486,0.000000,0.000000,3.703704,0,0,0,4924.864718,3.858410,61.816974,4702.589333,151.654270,47.868465,4325.205368,0.000000,0.000000,4524.728103,4924.864718,400.136615,3.079359,0.971975,87.823841,0.000000,8.124825,20.095887,12.073628,3.617376,0.658621,5,0.000000,0,1,0,100.000000,5.537094,97.402597,29.790230,6001.434483,3372.094768,-0.000000,474.098532
1800.000000,pure-acoustic,none,hardware,1,0,0,1,priority,0.000500,180,15,hybrid,0.050000,4000.000000,6.087000,52.000000,500.000000,500.000000,2.000000,120.000000,0.000000,79,55,79,0,79,4,20,55,0,0,0,0,0,0,0,0,0.000000,0.000000,0.000000,clear-ocean,30.000000,60.000000,0.151000,734,2209470,566.530769,31.473932,33,9,0,24,0,110,30,1,79,0,0,0,0,0,0,0,0,0,0,0,0,0,0,0,4,20,55,4,20,55,18.952854,14.179066,35.271358,0.000000,0.000000,0.000000,0,0,0,5104.400205,4.814205,61.816974,4875.769026,156.429106,48.924046,4482.252386,0.000000,0.000000,4687.605538,5104.400205,416.794667,3.064593,0.958468,87.811539,0.000000,8.165399,18.805489,12.073628,3.546014,0.639444,5,0.000000,0,0,0,100.000000,5.872717,100.000000,29.105284,6135.004444,3458.201484,-0.000000,497.190040
1860.000000,pure-acoustic,none,hardware,1,0,0,1,priority,0.000500,180,15,hybrid,0.050000,4000.000000,6.087000,52.000000,500.000000,500.000000,2.000000,120.000000,0.000000,82,57,82,0,82,5,20,57,0,0,0,0,0,0,0,0,0.000000,0.000000,0.000000,clear-ocean,30.000000,60.000000,0.151000,758,2285646,586.063077,31.508768,34,9,0,25,0,114,31,1,82,0,0,0,0,0,0,0,0,0,0,0,0,0,0,0,5,20,57,5,20,57,18.523823,14.179066,34.710371,0.000000,0.000000,0.000000,0,0,0,5279.986821,5.452308,61.816974,5045.317538,160.886251,49.979627,4638.342276,0.000000,0.000000,4849.208154,5279.986821,430.778667,3.047096,0.946586,87.847611,0.000000,8.158707,17.038462,12.073628,3.540574,0.630108,5,0.000000,0,0,0,100.000000,5.648188,100.000000,28.715751,6152.430108,3544.308200,0.000000,496.843209
1920.000000,pure-acoustic,none,hardware,1,0,0,1,priority,0.000500,180,15,hybrid,0.050000,4000.000000,6.087000,52.000000,500.000000,500.000000,2.000000,120.000000,0.000000,84,59,84,0,84,5,20,59,0,0,0,0,0,0,0,0,0.000000,0.000000,0.000000,clear-ocean,30.000000,60.000000,0.151000,772,2336220,599.030769,31.199519,34,9,0,25,0,116,31,1,84,0,0,0,0,0,0,0,0,0,0,0,0,0,0,0,5,20,59,5,20,59,18.523823,14.179066,33.826101,0.000000,0.000000,0.000000,0,0,0,5399.574718,5.452308,61.816974,5159.505436,165.022421,51.013669,4742.320166,0.000000,0.000000,4958.356256,5399.574718,441.218462,3.056211,0.944772,87.827661,0.000000,8.171356,17.038462,12.073628,3.497970,0.611458,5,0.000000,0,0,0,100.000000,5.648188,100.000000,28.237385,6168.500000,3630.414917,0.000000,473.090927
1980.000000,pure-acoustic,none,hardware,1,0,0,1,priority,0.000500,180,15,hybrid,0.050000,4000.000000,6.087000,52.000000,500.000000,500.000000,2.000000,120.000000,0.000000,87,62,87,0,86,5,20,61,0,0,0,0,0,0,0,0,0.000000,0.000000,0.000000,clear-ocean,30.000000,60.000000,0.151000,792,2411616,618.363077,31.230458,34,9,0,25,0,119,31,1,86,1,0,0,0,0,0,0,0,0,0,0,0,0,0,0,5,20,62,5,20,61,18.523823,14.179066,33.002344,0.000000,0.000000,1.612903,0,0,0,5573.474000,5.452308,61.816974,5328.004718,169.158591,52.047712,4897.214979,0.000000,0.000000,5118.421282,5573.474000,455.052718,3.035066,0.933847,87.866472,0.000000,8.164615,17.038462,12.073628,3.493774,0.594444,5,0.000000,0,0,0,100.000000,5.648188,98.850575,27.783063,6183.595960,3716.521633,0.000000,428.185362
2040.000000,pure-acoustic,none,hardware,1,0,0,1,priority,0.000500,180,15,hybrid,0.050000,4000.000000,6.087000,52.000000,500.000000,500.000000,2.000000,120.000000,0.000000,88,62,88,0,88,5,21,62,0,0,0,0,0,0,0,0,0.000000,0.000000,0.000000,clear-ocean,30.000000,60.000000,0.151000,799,2413863,618.939231,30.340158,35,9,0,26,0,120,31,1,88,0,0,0,0,0,0,0,0,0,0,0,0,0,0,0,5,21,62,5,21,62,18.523823,13.631133,32.601470,0.000000,0.000000,0.000000,0,0,0,5585.029179,5.452308,65.189590,5330.787282,175.156197,53.812831,4899.088253,0.000000,0.000000,5128.057282,5585.029179,456.971897,3.136173,0.963519,87.718221,0.000000,8.182086,17.038462,12.126040,3.439218,0.577451,5,0.000000,0,0,0,100.000000,5.482015,100.000000,27.274591,6100.768627,3802.628349,0.000000,366.384420
2100.000000,pure-acoustic,none,hardware,1,0,0,1,priority,0.000500,180,15,hybrid,0.050000,4000.000000,6.087000,52.000000,500.000000,500.000000,2.000000,120.000000,0.000000,90,63,90,0,90,5,22,63,0,0,0,0,0,0,0,0,0.000000,0.000000,0.000000,clear-ocean,30.000000,60.000000,0.151000,811,2440635,625.803846,29.800183,36,9,0,27,0,122,31,1,90,0,0,0,0,0,0,0,0,0,0,0,0,0,0,0,5,22,63,5,22,63,18.523823,13.118713,32.210602,0.000000,0.000000,0.000000,0,0,0,5650.606359,5.452308,68.272821,5387.881231,180.194265,56.248105,4951.878451,0.000000,0.000000,5188.320821,5650.606359,462.285538,3.188937,0.995435,87.634461,0.000000,8.181167,17.038462,12.122305,3.420877,0.561905,5,0.000000,0,0,0,100.000000,5.326612,100.000000,26.783319,6022.674286,3888.735065,0.000000,293.548012
2160.000000,pure-acoustic,none,hardware,1,0,0,1,priority,0.000500,180,15,hybrid,0.050000,4000.000000,6.087000,52.000000,500.000000,500.000000,2.000000,120.000000,0.000000,91,64,91,0,91,5,22,64,0,0,0,0,0,0,0,0,0.000000,0.000000,0.000000,clear-ocean,30.000000,60.000000,0.151000,818,2465922,632.287692,29.272578,36,9,0,27,0,123,31,1,91,0,0,0,0,0,0,0,0,0,0,0,0,0,0,0,5,22,64,5,22,64,18.523823,13.118713,31.844391,0.000000,0.000000,0.000000,0,0,0,5713.100308,5.452308,68.272821,5444.975179,184.330435,57.282147,5003.982289,0.000000,0.000000,5245.594872,5713.100308,467.505436,3.226452,1.002646,87.587860,0.000000,8.183043,17.038462,12.122305,3.403109,0.546759,5,0.000000,0,0,0,100.000000,5.326612,100.000000,26.585405,5947.970370,3974.841781,0.000000,216.582421
2220.000000,pure-acoustic,none,hardware,1,0,0,1,priority,0.000500,180,15,hybrid,0.050000,4000.000000,6.087000,52.000000,500.000000,500.000000,2.000000,120.000000,0.000000,92,65,92,0,92,5,22,65,0,0,0,0,0,0,0,0,0.000000,0.000000,0.000000,clear-ocean,30.000000,60.000000,0.151000,825,2491209,638.771538,28.773493,36,9,0,27,0,124,31,1,92,0,0,0,0,0,0,0,0,0,0,0,0,0,0,0,5,22,65,5,22,65,18.523823,13.118713,31.490436,0.000000,0.000000,0.000000,0,0,0,5775.594256,5.452308,68.272821,5502.069128,188.466606,58.316190,5056.086128,0.000000,0.000000,5302.868923,5775.594256,472.725333,3.263155,1.009700,87.542267,0.000000,8.184878,17.038462,12.122305,3.385889,0.532432,5,0.000000,0,0,0,100.000000,5.326612,100.000000,26.392490,5877.304505,4060.948497,0.000000,142.785454
2280.000000,pure-acoustic,none,hardware,1,0,0,1,priority,0.000500,180,15,hybrid,0.050000,4000.000000,6.087000,52.000000,500.000000,500.000000,2.000000,120.000000,0.000000,93,66,93,0,92,5,22,65,0,0,0,0,0,0,0,0,0.000000,0.000000,0.000000,clear-ocean,30.000000,60.000000,0.151000,830,2511894,644.075385,28.248920,36,9,0,27,0,125,31,1,92,1,0,0,0,0,0,0,0,0,0,0,0,0,0,0,5,22,66,5,22,65,18.523823,13.118713,31.490436,0.000000,0.000000,1.515152,0,0,0,5825.970872,5.452308,68.272821,5547.045744,192.602776,59.350232,5098.746684,0.000000,0.000000,5350.699692,5825.970872,475.271179,3.305934,1.018718,87.517545,0.000000,8.157802,17.038462,12.122305,3.413567,0.518860,5,0.000000,0,0,0,100.000000,5.326612,98.924731,26.392490,5722.638596,4147.055213,0.000000,79.154475
2340.000000,pure-acoustic,none,hardware,1,0,0,1,priority,0.000500,180,15,hybrid,0.050000,4000.000000,6.087000,52.000000,500.000000,500.000000,2.000000,120.000000,0.000000,93,66,93,0,93,5,22,66,0,0,0,0,0,0,0,0,0.000000,0.000000,0.000000,clear-ocean,30.000000,60.000000,0.151000,832,2516496,645.255385,27.575016,36,9,0,27,0,125,31,1,93,0,0,0,0,0,0,0,0,0,0,0,0,0,0,0,5,22,66,5,22,66,18.523823,13.118713,31.135980,0.000000,0.000000,0.000000,0,0,0,5843.488205,5.452308,68.272821,5559.163077,196.738946,60.384275,5108.419753,0.000000,0.000000,5365.542974,5843.488205,477.945231,3.366807,1.033360,87.420725,0.000000,8.179108,17.038462,12.122305,3.369190,0.505556,5,0.000000,0,0,0,100.000000,5.326612,100.000000,26.195758,5661.374359,4233.161930,0.000000,31.722915
2400.000000,pure-acoustic,none,hardware,1,0,0,1,priority,0.000500,180,15,hybrid,0.050000,4000.000000,6.087000,52.000000,500.000000,500.000000,2.000000,120.000000,0.000000,97,69,97,0,96,5,23,68,0,0,0,0,0,0,0,0,0.000000,0.000000,0.000000,clear-ocean,30.000000,60.000000,0.151000,864,2618832,671.495385,27.978974,37,9,0,28,0,130,32,1,96,1,0,0,0,0,0,0,0,0,0,0,0,0,0,0,5,23,69,5,23,68,18.523823,13.249603,30.885693,0.000000,0.000000,1.449275,0,0,0,6077.771231,5.452308,70.644872,5785.674051,201.777014,62.149394,5316.784515,0.000000,0.000000,5580.710923,6077.771231,497.060308,3.319918,1.022569,87.479181,0.000000,8.178332,17.038462,11.998110,3.403338,0.509583,5,0.000000,0,0,0,100.000000,5.167493,98.969072,26.016533,5687.360000,4319.268646,0.000000,4.988194
2460.000000,pure-acoustic,none,hardware,1,0,0,1,priority,0.000500,180,15,hybrid,0.050000,4000.000000,6.087000,52.000000,500.000000,500.000000,2.000000,120.000000,0.000000,99,71,99,0,99,5,23,71,0,0,0,0,0,0,0,0,0.000000,0.000000,0.000000,clear-ocean,30.000000,60.000000,0.151000,885,2694693,690.946923,28.087273,37,9,0,28,0,133,33,1,99,0,0,0,0,0,0,0,0,0,0,0,0,0,0,0,5,23,71,5,23,71,18.523823,13.249603,30.511676,0.000000,0.000000,0.000000,0,0,0,6254.548462,5.452308,70.644872,5957.051282,205.913184,63.183437,5472.636456,0.000000,0.000000,5741.733077,6254.548462,512.815385,3.292215,1.010200,87.498506,0.000000,8.199079,17.038462,11.998110,3.356085,0.501220,5,0.000000,0,0,0,100.000000,5.167493,100.000000,25.895848,5792.546341,4405.375362,-0.000000,1.485272
2520.000000,pure-acoustic,none,hardware,1,0,0,1,priority,0.000500,180,15,hybrid,0.050000,4000.000000,6.087000,52.000000,500.000000,500.000000,2.000000,120.000000,0.000000,100,72,100,0,100,5,23,72,0,0,0,0,0,0,0,0,0.000000,0.000000,0.000000,clear-ocean,30.000000,60.000000,0.151000,892,2719980,697.430769,27.675824,37,9,0,28,0,134,33,1,100,0,0,0,0,0,0,0,0,0,0,0,0,0,0,0,5,23,72,5,23,72,18.523823,13.249603,30.200897,0.000000,0.000000,0.000000,0,0,0,6317.042410,5.452308,70.644872,6014.145231,210.049354,64.217480,5524.740295,0.000000,0.000000,5799.007128,6317.042410,518.035282,3.325122,1.016575,87.457705,0.000000,8.200598,17.038462,11.998110,3.341192,0.489683,5,0.000000,0,0,0,100.000000,5.167493,100.000000,25.718246,5733.993651,4491.482078,-0.000000,21.546295
2580.000000,pure-acoustic,none,hardware,1,0,0,1,priority,0.000500,180,15,hybrid,0.050000,4000.000000,6.087000,52.000000,500.000000,500.000000,2.000000,120.000000,0.000000,100,72,100,0,100,5,23,72,0,0,0,0,0,0,0,0,0.000000,0.000000,0.000000,clear-ocean,30.000000,60.000000,0.151000,892,2719980,697.430769,27.032200,37,9,0,28,0,134,33,1,100,0,0,0,0,0,0,0,0,0,0,0,0,0,0,0,5,23,72,5,23,72,18.523823,13.249603,30.200897,0.000000,0.000000,0.000000,0,0,0,6322.442410,5.452308,70.644872,6014.145231,214.185524,65.251522,5524.970082,0.000000,0.000000,5804.407128,6322.442410,518.035282,3.387702,1.032062,87.386641,0.000000,8.193594,17.038462,11.998110,3.341192,0.478295,5,0.000000,0,0,0,100.000000,5.167493,100.000000,25.718246,5600.644961,4577.588794,-0.000000,63.269094
2640.000000,pure-acoustic,none,hardware,1,0,0,1,priority,0.000500,180,15,hybrid,0.050000,4000.000000,6.087000,52.000000,500.000000,500.000000,2.000000,120.000000,0.000000,101,72,101,0,101,6,23,72,0,0,0,0,0,0,0,0,0.000000,0.000000,0.000000,clear-ocean,30.000000,60.000000,0.151000,894,2720190,697.484615,26.419872,38,9,0,29,0,135,33,1,101,0,0,0,0,0,0,0,0,0,0,0,0,0,0,0,6,23,72,6,23,72,15.561729,13.249603,30.200897,0.000000,0.000000,0.000000,0,0,0,6328.310897,5.920795,70.644872,6014.145231,218.473053,66.307103,5525.441100,0.000000,0.000000,5810.221256,6328.310897,518.089641,3.452312,1.047785,87.313048,0.000000,8.186855,15.418737,11.998110,3.341192,0.467803,5,0.000000,0,0,0,100.000000,4.993778,100.000000,25.471048,5473.551515,4663.695510,-0.000000,122.697550
2700.000000,pure-acoustic,none,hardware,1,0,0,1,priority,0.000500,180,15,hybrid,0.050000,4000.000000,6.087000,52.000000,500.000000,500.000000,2.000000,120.000000,0.000000,104,75,104,0,102,6,23,73,0,0,0,0,0,0,0,0,0.000000,0.000000,0.000000,clear-ocean,30.000000,60.000000,0.151000,906,2766162,709.272308,26.269345,38,9,0,29,0,137,33,1,102,1,0,0,0,0,0,0,0,0,0,0,0,0,0,0,6,23,75,6,23,73,15.561729,13.249603,29.901251,0.000000,0.000000,2.666667,0,0,0,6435.781462,5.920795,70.644872,6116.215795,222.609224,67.341146,5619.975708,0.000000,0.000000,5909.926077,6435.781462,525.855385,3.458931,1.046355,87.323905,0.000000,8.170809,15.418737,11.998110,3.351351,0.459630,5,0.000000,0,1,0,100.000000,4.993778,98.076923,25.302966,5425.991111,4749.802227,-0.000000,194.196710
2760.000000,pure-acoustic,none,hardware,1,0,0,1,priority,0.000500,180,15,hybrid,0.050000,4000.000000,6.087000,52.000000,500.000000,500.000000,2.000000,120.000000,0.000000,107,78,107,0,104,6,23,75,0,0,0,0,0,0,0,0,0.000000,0.000000,0.000000,clear-ocean,30.000000,60.000000,0.151000,924,2829612,725.541538,26.287737,38,9,0,29,0,140,34,1,104,1,0,0,0,0,0,0,0,0,0,0,0,0,0,0,6,23,78,6,23,75,15.561729,13.249603,29.418406,0.000000,0.000000,3.846154,0,0,0,6583.574282,5.920795,70.644872,6258.608615,226.745394,68.375188,5750.365905,0.000000,0.000000,6045.486487,6583.574282,538.087795,3.444108,1.038572,87.344133,0.000000,8.173186,15.418737,11.998110,3.337925,0.459783,5,0.000000,0,2,0,100.000000,4.993778,97.196262,25.043189,5452.962319,4835.908943,-0.000000,270.987089
2820.000000,pure-acoustic,none,hardware,1,0,0,1,priority,0.000500,180,15,hybrid,0.050000,4000.000000,6.087000,52.000000,500.000000,500.000000,2.000000,120.000000,0.000000,108,78,108,0,108,6,24,78,0,0,0,0,0,0,0,0,0.000000,0.000000,0.000000,clear-ocean,30.000000,60.000000,0.151000,956,2924268,749.812308,26.589089,39,9,0,30,0,144,35,1,108,0,0,0,0,0,0,0,0,0,0,0,0,0,0,0,6,24,78,6,24,78,15.561729,13.165114,30.199721,0.000000,0.000000,0.000000,0,0,0,6802.865667,5.920795,74.017487,6469.127385,232.743000,70.140308,5941.802667,0.000000,0.000000,6244.685974,6802.865667,558.179692,3.421249,1.031041,87.342643,0.000000,8.205067,15.418737,12.047117,3.317501,0.476241,5,0.000000,0,0,0,100.000000,4.871575,100.000000,25.601031,5550.434043,4922.015659,-0.000000,345.787490
2880.000000,pure-acoustic,none,hardware,1,0,0,1,priority,0.000500,180,15,hybrid,0.050000,4000.000000,6.087000,52.000000,500.000000,500.000000,2.000000,120.000000,0.000000,112,79,112,0,112,6,27,79,0,0,0,0,0,0,0,0,0.000000,0.000000,0.000000,clear-ocean,30.000000,60.000000,0.151000,977,2953713,757.362308,26.297302,42,9,0,33,0,148,35,1,112,0,0,0,0,0,0,0,0,0,0,0,0,0,0,0,6,27,79,6,27,79,15.561729,11.942695,29.929019,0.000000,0.000000,0.000000,0,0,0,6874.129538,5.920795,82.787410,6526.221333,239.105093,75.378043,5995.965582,0.000000,0.000000,6310.448718,6874.129538,563.680821,3.478333,1.096547,87.225089,0.000000,8.200032,15.418737,11.977345,3.304416,0.467708,5,0.000000,0,0,0,100.000000,4.538712,100.000000,24.823354,5506.377778,5008.122375,-0.000000,411.505408
2940.000000,pure-acoustic,none,hardware,1,0,0,1,priority,0.000500,180,15,hybrid,0.050000,4000.000000,6.087000,52.000000,500.000000,500.000000,2.000000,120.000000,0.000000,115,81,115,0,115,6,28,81,0,0,0,0,0,0,0,0,0.000000,0.000000,0.000000,clear-ocean,30.000000,60.000000,0.151000,996,3005772,770.710769,26.214652,43,9,0,34,0,151,35,1,115,0,0,0,0,0,0,0,0,0,0,0,0,0,0,0,6,28,81,6,28,81,15.561729,11.593510,29.401278,0.000000,0.000000,0.000000,0,0,0,6996.610282,5.920795,85.680256,6640.409231,244.622930,77.143162,6100.629831,0.000000,0.000000,6422.395923,6996.610282,574.214359,3.496306,1.102579,87.194078,0.000000,8.207036,15.418737,11.953161,3.279214,0.459184,5,0.000000,0,0,0,100.000000,4.437559,100.000000,24.343410,5530.753741,5094.229091,-0.000000,461.909527
3000.000000,pure-acoustic,none,hardware,1,0,0,1,priority,0.000500,180,15,hybrid,0.050000,4000.000000,6.087000,52.000000,500.000000,500.000000,2.000000,120.000000,0.000000,120,83,120,0,119,8,29,82,0,0,0,0,0,0,0,0,0.000000,0.000000,0.000000,clear-ocean,30.000000,60.000000,0.151000,1019,3049635,781.957692,26.065256,46,9,0,37,0,156,35,1,119,1,0,0,0,0,0,0,0,0,0,0,0,0,0,0,8,29,83,8,29,82,12.234451,11.259617,29.147789,0.000000,0.000000,1.204819,0,0,0,7098.620744,7.624051,87.851667,6733.145026,250.952331,78.518128,6187.816336,0.000000,0.000000,6517.286795,7098.620744,581.333949,3.535227,1.106104,87.169276,0.000000,8.189393,14.890725,11.833468,3.284461,0.452667,5,0.000000,0,0,0,100.000000,4.147532,99.166667,23.651456,5487.829333,5180.335807,-0.000000,492.220574
3060.000000,pure-acoustic,none,hardware,1,0,0,1,priority,0.000500,180,15,hybrid,0.050000,4000.000000,6.087000,52.000000,500.000000,500.000000,2.000000,120.000000,0.000000,123,84,123,0,123,8,31,84,0,0,0,0,0,0,0,0,0.000000,0.000000,0.000000,clear-ocean,30.000000,60.000000,0.151000,1035,3085443,791.139231,25.854223,48,9,0,39,0,159,35,1,123,0,0,0,0,0,0,0,0,0,0,0,0,0,0,0,8,31,84,8,31,84,12.234451,10.642920,28.700310,0.000000,0.000000,0.000000,0,0,0,7185.950077,7.624051,91.234949,6811.691077,256.892296,79.674016,6259.119764,0.000000,0.000000,6595.686077,7185.950077,590.264000,3.574925,1.108747,87.102188,0.000000,8.214140,14.890725,11.496339,3.243662,0.444771,5,0.000000,0,0,0,100.000000,3.958243,100.000000,23.078310,5512.282353,5266.442523,0.000000,499.564484
3120.000000,pure-acoustic,none,hardware,1,0,0,1,priority,0.000500,180,15,hybrid,0.050000,4000.000000,6.087000,52.000000,500.000000,500.000000,2.000000,120.000000,0.000000,123,84,123,0,123,8,31,84,0,0,0,0,0,0,0,0,0.000000,0.000000,0.000000,clear-ocean,30.000000,60.000000,0.151000,1035,3085443,791.139231,25.357027,48,9,0,39,0,159,35,1,123,0,0,0,0,0,0,0,0,0,0,0,0,0,0,0,8,31,84,8,31,84,12.234451,10.642920,28.700310,0.000000,0.000000,0.000000,0,0,0,7191.350077,7.624051,91.234949,6811.691077,261.028466,80.708059,6259.349552,0.000000,0.000000,6601.086077,7191.350077,590.264000,3.629756,1.122294,87.039978,0.000000,8.207972,14.890725,11.496339,3.243662,0.436218,5,0.000000,0,0,0,100.000000,3.958243,100.000000,23.078310,5406.276923,5352.549240,0.000000,483.244912
3180.000000,pure-acoustic,none,hardware,1,0,0,1,priority,0.000500,180,15,hybrid,0.050000,4000.000000,6.087000,52.000000,500.000000,500.000000,2.000000,120.000000,0.000000,126,85,126,0,126,8,33,85,0,0,0,0,0,0,0,0,0.000000,0.000000,0.000000,clear-ocean,30.000000,60.000000,0.151000,1058,3138690,804.792308,25.307934,51,10,0,41,0,163,36,1,126,0,0,0,0,0,0,0,0,0,0,0,0,0,0,0,8,33,85,8,33,85,12.234451,11.415052,28.694756,0.000000,0.000000,0.000000,0,0,0,7315.406590,7.624051,96.588282,6924.994256,266.907508,83.874409,6364.614826,0.000000,0.000000,6715.396744,7315.406590,600.009846,3.648567,1.146545,87.002886,0.000000,8.202003,14.890725,11.433272,3.258821,0.438365,5,0.000000,0,0,0,100.000000,4.124247,100.000000,23.124020,5368.452830,5438.655956,0.000000,444.809266
3240.000000,pure-acoustic,none,hardware,1,0,0,1,priority,0.000500,180,15,hybrid,0.050000,4000.000000,6.087000,52.000000,500.000000,500.000000,2.000000,120.000000,0.000000,130,88,130,0,128,8,34,86,0,0,0,0,0,0,0,0,0.000000,0.000000,0.000000,clear-ocean,30.000000,60.000000,0.151000,1096,3242640,831.446154,25.661918,53,11,0,42,0,168,38,1,128,1,0,0,0,0,0,0,0,0,0,0,0,0,0,0,8,34,88,8,34,86,12.234451,12.417623,28.902779,0.000000,0.000000,2.272727,0,0,0,7548.834077,7.624051,102.489205,7147.120821,274.763268,86.309682,6572.063485,0.000000,0.000000,6933.136436,7548.834077,615.697641,3.639811,1.143351,87.060643,0.000000,8.156195,14.890725,11.774955,3.324242,0.458025,5,0.000000,0,1,0,100.000000,4.362594,98.461538,23.482139,5331.397531,5524.762672,0.000000,387.901981
3300.000000,pure-acoustic,none,hardware,1,0,0,1,priority,0.000500,180,15,hybrid,0.050000,4000.000000,6.087000,52.000000,500.000000,500.000000,2.000000,120.000000,0.000000,133,90,133,0,132,9,34,89,0,0,0,0,0,0,0,0,0.000000,0.000000,0.000000,clear-ocean,30.000000,60.000000,0.151000,1115,3294099,844.640769,25.595175,54,11,0,43,0,171,38,1,132,0,0,0,0,0,0,0,0,0,0,0,0,0,0,0,9,34,90,9,34,89,11.078999,12.417623,28.865322,0.000000,0.000000,1.111111,0,0,0,7672.198154,8.617667,102.489205,7264.091282,279.050798,87.839110,6677.291016,0.000000,0.000000,7044.180923,7672.198154,628.017231,3.637169,1.144901,87.032307,0.000000,8.185623,14.961227,11.774955,3.264760,0.451212,5,0.000000,0,1,0,100.000000,4.278873,99.248120,23.416090,5416.436364,5610.869388,0.000000,317.918952
3360.000000,pure-acoustic,none,hardware,1,0,0,1,priority,0.000500,180,15,hybrid,0.050000,4000.000000,6.087000,52.000000,500.000000,500.000000,2.000000,120.000000,0.000000,136,92,136,0,134,9,35,90,0,0,0,0,0,0,0,0,0.000000,0.000000,0.000000,clear-ocean,30.000000,60.000000,0.151000,1147,3396435,870.880769,25.919071,55,11,0,44,0,176,40,1,134,1,0,0,0,0,0,0,0,0,0,0,0,0,0,0,9,35,92,9,35,90,11.078999,12.525592,29.066390,0.000000,0.000000,2.173913,0,0,0,7905.691846,8.617667,104.861256,7489.812923,284.088865,89.604229,6885.652495,0.000000,0.000000,7259.345590,7905.691846,646.346256,3.593473,1.133414,87.097406,0.000000,8.175708,14.961227,11.703265,3.328806,0.462500,5,0.000000,0,1,0,100.000000,4.201427,98.529412,23.537924,5379.847619,5696.976104,0.000000,241.495910
3420.000000,pure-acoustic,none,hardware,1,0,0,1,priority,0.000500,180,15,hybrid,0.050000,4000.000000,6.087000,52.000000,500.000000,500.000000,2.000000,120.000000,0.000000,138,94,138,0,136,9,35,92,0,0,0,0,0,0,0,0,0.000000,0.000000,0.000000,clear-ocean,30.000000,60.000000,0.151000,1175,3497583,896.816154,26.222695,55,11,0,44,0,180,42,1,136,1,0,0,0,0,0,0,0,0,0,0,0,0,0,0,9,35,94,9,35,92,11.078999,12.525592,29.947516,0.000000,0.000000,2.127660,0,0,0,8137.698205,8.617667,104.861256,7716.419282,288.225035,90.638272,7093.371924,0.000000,0.000000,7472.235231,8137.698205,665.462974,3.541850,1.113807,87.166810,0.000000,8.177533,14.961227,11.703265,3.354965,0.480117,5,0.000000,0,1,0,100.000000,4.201427,98.550725,24.215280,5402.423392,5783.082820,0.000000,165.879217
3480.000000,pure-acoustic,none,hardware,1,0,0,1,priority,0.000500,180,15,hybrid,0.050000,4000.000000,6.087000,52.000000,500.000000,500.000000,2.000000,120.000000,0.000000,138,94,138,0,138,9,35,94,0,0,0,0,0,0,0,0,0.000000,0.000000,0.000000,clear-ocean,30.000000,60.000000,0.151000,1189,3548157,909.783846,26.143214,55,11,0,44,0,182,43,1,138,0,0,0,0,0,0,0,0,0,0,0,0,0,0,0,9,35,94,9,35,94,11.078999,12.525592,30.349834,0.000000,0.000000,0.000000,0,0,0,8257.286103,8.617667,104.861256,7830.607179,292.361206,91.672314,7197.349813,0.000000,0.000000,7581.383333,8257.286103,675.902769,3.540645,1.110199,87.163624,0.000000,8.185532,14.961227,11.703265,3.332173,0.475575,5,0.000000,0,0,0,100.000000,4.201427,100.000000,24.572400,5424.220690,5869.189536,0.000000,98.238782
3540.000000,pure-acoustic,none,hardware,1,0,0,1,priority,0.000500,180,15,hybrid,0.050000,4000.000000,6.087000,52.000000,500.000000,500.000000,2.000000,120.000000,0.000000,140,95,140,0,139,9,36,94,0,0,0,0,0,0,0,0,0.000000,0.000000,0.000000,clear-ocean,30.000000,60.000000,0.151000,1199,3574335,916.496154,25.889722,56,11,0,45,0,184,43,1,139,1,0,0,0,0,0,0,0,0,0,0,0,0,0,0,9,36,95,9,36,94,11.078999,12.225066,30.349834,0.000000,0.000000,1.052632,0,0,0,8320.586974,8.617667,106.552897,7886.816410,297.399273,92.767280,7250.085447,0.000000,0.000000,7640.252000,8320.586974,680.334974,3.574258,1.114913,87.134303,0.000000,8.176526,14.961227,11.561729,3.356092,0.468079,5,0.000000,0,0,0,100.000000,4.118205,99.285714,24.407898,5332.863277,5955.296253,0.000000,44.988210
3600.000000,pure-acoustic,none,hardware,1,0,0,1,priority,0.000500,180,15,hybrid,0.050000,4000.000000,6.087000,52.000000,500.000000,500.000000,2.000000,120.000000,0.000000,142,97,142,0,142,9,36,97,0,0,0,0,0,0,0,0,0.000000,0.000000,0.000000,clear-ocean,30.000000,60.000000,0.151000,1227,3675483,942.431538,26.178654,56,11,0,45,0,188,45,1,142,0,0,0,0,0,0,0,0,0,0,0,0,0,0,0,9,36,97,9,36,97,11.078999,12.225066,30.506448,0.000000,0.000000,0.000000,0,0,0,8553.478051,8.617667,106.552897,8114.307487,301.535444,93.801322,7457.808157,0.000000,0.000000,7853.144923,8553.478051,700.333128,3.525296,1.096645,87.190358,0.000000,8.187700,14.961227,11.561729,3.346106,0.472778,5,0.000000,0,0,0,100.000000,4.118205,100.000000,24.640414,5410.648889,6041.402969,0.000000,11.176673
3660.000000,pure-acoustic,none,hardware,1,0,0,1,priority,0.000500,180,15,hybrid,0.050000,4000.000000,6.087000,52.000000,500.000000,500.000000,2.000000,120.000000,0.000000,146,100,146,0,145,9,37,99,0,0,0,0,0,0,0,0,0.000000,0.000000,0.000000,clear-ocean,30.000000,60.000000,0.151000,1253,3756669,963.248462,26.318264,57,11,0,46,0,193,46,1,145,1,0,0,0,0,0,0,0,0,0,0,0,0,0,0,9,37,100,9,37,99,11.078999,11.944513,30.270780,0.000000,0.000000,1.000000,0,0,0,8739.932744,8.617667,108.724308,8293.190769,307.053280,94.896288,7622.778047,0.000000,0.000000,8024.727615,8739.932744,715.205128,3.513222,1.085778,87.217811,0.000000,8.183188,14.961227,11.478495,3.350784,0.470492,5,0.000000,0,0,0,100.000000,4.043562,99.315068,24.403208,5431.798907,6127.509685,-0.000000,0.010149
3720.000000,pure-acoustic,none,hardware,1,0,0,1,priority,0.000500,180,15,hybrid,0.050000,4000.000000,6.087000,52.000000,500.000000,500.000000,2.000000,120.000000,0.000000,148,101,148,0,147,9,38,100,0,0,0,0,0,0,0,0,0.000000,0.000000,0.000000,clear-ocean,30.000000,60.000000,0.151000,1266,3791418,972.158462,26.133292,58,11,0,47,0,195,46,1,147,1,0,0,0,0,0,0,0,0,0,0,0,0,0,0,9,38,101,9,38,100,11.078999,11.678982,30.205067,0.000000,0.000000,0.990099,0,0,0,8822.419026,8.617667,110.895718,8368.105641,312.571117,95.991254,7692.489270,0.000000,0.000000,8101.051641,8822.419026,721.367385,3.542919,1.088038,87.192518,0.000000,8.176526,14.961227,11.399642,3.347242,0.463441,5,0.000000,0,0,0,100.000000,3.972095,99.324324,24.245027,5398.503226,6213.616401,-0.000000,12.547440
3780.000000,pure-acoustic,none,hardware,1,0,0,1,priority,0.000500,180,15,hybrid,0.050000,4000.000000,6.087000,52.000000,500.000000,500.000000,2.000000,120.000000,0.000000,150,102,150,0,150,10,38,102,0,0,0,0,0,0,0,0,0.000000,0.000000,0.000000,clear-ocean,30.000000,60.000000,0.151000,1288,3855288,988.535385,26.151730,59,11,0,48,0,198,47,1,150,0,0,0,0,0,0,0,0,0,0,0,0,0,0,0,10,38,102,10,38,102,10.134802,11.678982,30.117496,0.000000,0.000000,0.000000,0,0,0,8972.794359,9.502949,110.895718,8512.195692,317.028262,97.283758,7823.130955,0.000000,0.000000,8237.442974,8972.794359,735.351385,3.533217,1.084208,87.187231,0.000000,8.195344,14.848357,11.399642,3.338116,0.460582,5,0.000000,0,0,0,100.000000,3.901341,100.000000,24.114226,5418.768254,6299.723117,-0.000000,47.599769
3840.000000,pure-acoustic,none,hardware,1,0,0,1,priority,0.000500,180,15,hybrid,0.050000,4000.000000,6.087000,52.000000,500.000000,500.000000,2.000000,120.000000,0.000000,152,103,152,0,152,10,39,103,0,0,0,0,0,0,0,0,0.000000,0.000000,0.000000,clear-ocean,30.000000,60.000000,0.151000,1307,3907347,1001.883846,26.090725,60,11,0,49,0,201,48,1,152,0,0,0,0,0,0,0,0,0,0,0,0,0,0,0,10,39,103,10,39,103,10.134802,11.430793,30.091513,0.000000,0.000000,0.000000,0,0,0,9093.541769,9.502949,113.788564,8624.650256,322.546099,99.048877,7927.791921,0.000000,0.000000,8349.386897,9093.541769,744.154872,3.546980,1.089222,87.180464,0.000000,8.183334,14.848357,11.397092,3.349379,0.453906,5,0.000000,0,0,0,100.000000,3.844160,100.000000,23.990624,5386.716667,6385.829833,-0.000000,101.843508
3900.000000,pure-acoustic,none,hardware,1,0,0,1,priority,0.000500,180,15,hybrid,0.050000,4000.000000,6.087000,52.000000,500.000000,500.000000,2.000000,120.000000,0.000000,156,106,156,0,153,10,39,104,0,0,0,0,0,0,0,0,0.000000,0.000000,0.000000,clear-ocean,30.000000,60.000000,0.151000,1351,4047975,1037.942308,26.613905,62,12,0,50,0,207,51,1,153,2,0,0,0,0,0,0,0,0,0,0,0,0,0,0,10,40,106,10,39,104,10.134802,11.430793,30.070845,0.000000,2.500000,1.886792,0,0,0,9408.290231,9.502949,117.444923,8930.342359,327.523243,102.824458,8212.911145,0.000000,0.000000,8643.258846,9408.290231,765.031385,3.481220,1.092913,87.294407,0.000000,8.131460,14.848357,11.763314,3.434747,0.454359,5,0.000000,0,1,0,100.000000,4.048565,98.076923,24.016450,5355.126154,6471.936549,-0.000000,170.135312
3960.000000,pure-acoustic,none,hardware,1,0,0,1,priority,0.000500,180,15,hybrid,0.050000,4000.000000,6.087000,52.000000,500.000000,500.000000,2.000000,120.000000,0.000000,159,107,159,0,159,10,42,107,0,0,0,0,0,0,0,0,0.000000,0.000000,0.000000,clear-ocean,30.000000,60.000000,0.151000,1386,4139682,1061.456923,26.804468,64,12,0,52,0,213,53,1,159,0,0,0,0,0,0,0,0,0,0,0,0,0,0,0,10,42,107,10,42,107,10.134802,11.847898,30.289084,0.000000,0.000000,0.000000,0,0,0,9621.694000,9.502949,123.416077,9132.374974,333.942978,105.320655,8397.119598,0.000000,0.000000,8836.383231,9621.694000,785.310769,3.470730,1.094617,87.272778,0.000000,8.161876,14.848357,11.478430,3.413972,0.452778,5,0.000000,0,0,0,100.000000,3.930751,100.000000,24.150262,5427.054545,6558.043266,-0.000000,245.999815
4020.000000,pure-acoustic,none,hardware,1,0,0,1,priority,0.000500,180,15,hybrid,0.050000,4000.000000,6.087000,52.000000,500.000000,500.000000,2.000000,120.000000,0.000000,161,108,161,0,161,10,43,108,0,0,0,0,0,0,0,0,0.000000,0.000000,0.000000,clear-ocean,30.000000,60.000000,0.151000,1396,4165860,1068.169231,26.571374,65,12,0,53,0,215,53,1,161,0,0,0,0,0,0,0,0,0,0,0,0,0,0,0,10,43,108,10,43,108,10.134802,11.617074,30.083461,0.000000,0.000000,0.000000,0,0,0,9686.080231,9.502949,125.308359,9189.468923,338.501276,107.085774,8449.868770,0.000000,0.000000,8895.455821,9686.080231,790.624410,3.494719,1.105564,87.237237,0.000000,8.162481,14.848357,11.383390,3.403507,0.446517,5,0.000000,0,0,0,100.000000,3.868719,100.000000,23.912397,5396.314428,6644.149982,-0.000000,322.243612
4080.000000,pure-acoustic,none,hardware,1,0,0,1,priority,0.000500,180,15,hybrid,0.050000,4000.000000,6.087000,52.000000,500.000000,500.000000,2.000000,120.000000,0.000000,161,108,161,0,161,10,43,108,0,0,0,0,0,0,0,0,0.000000,0.000000,0.000000,clear-ocean,30.000000,60.000000,0.151000,1396,4165860,1068.169231,26.180618,65,12,0,53,0,215,53,1,161,0,0,0,0,0,0,0,0,0,0,0,0,0,0,0,10,43,108,10,43,108,10.134802,11.617074,30.083461,0.000000,0.000000,0.000000,0,0,0,9691.480231,9.502949,125.308359,9189.468923,342.637446,108.119817,8450.098558,0.000000,0.000000,8900.855821,9691.480231,790.624410,3.535450,1.115617,87.191000,0.000000,8.157932,14.848357,11.383390,3.403507,0.439951,5,0.000000,0,0,0,100.000000,3.868719,100.000000,23.912397,5316.956863,6730.256698,-0.000000,391.637334
4140.000000,pure-acoustic,none,hardware,1,0,0,1,priority,0.000500,180,15,hybrid,0.050000,4000.000000,6.087000,52.000000,500.000000,500.000000,2.000000,120.000000,0.000000,161,108,161,0,161,10,43,108,0,0,0,0,0,0,0,0,0.000000,0.000000,0.000000,clear-ocean,30.000000,60.000000,0.151000,1396,4165860,1068.169231,25.801189,65,12,0,53,0,215,53,1,161,0,0,0,0,0,0,0,0,0,0,0,0,0,0,0,10,43,108,10,43,108,10.134802,11.617074,30.083461,0.000000,0.000000,0.000000,0,0,0,9696.880231,9.502949,125.308359,9189.468923,346.773616,109.153859,8450.328345,0.000000,0.000000,8906.255821,9696.880231,790.624410,3.576136,1.125660,87.144815,0.000000,8.153389,14.848357,11.383390,3.403507,0.433575,5,0.000000,0,0,0,100.000000,3.868719,100.000000,23.912397,5239.899517,6816.363414,-0.000000,447.601131
4200.000000,pure-acoustic,none,hardware,1,0,0,1,priority,0.000500,180,15,hybrid,0.050000,4000.000000,6.087000,52.000000,500.000000,500.000000,2.000000,120.000000,0.000000,161,108,161,0,161,10,43,108,0,0,0,0,0,0,0,0,0.000000,0.000000,0.000000,clear-ocean,30.000000,60.000000,0.151000,1396,4165860,1068.169231,25.432601,65,12,0,53,0,215,53,1,161,0,0,0,0,0,0,0,0,0,0,0,0,0,0,0,10,43,108,10,43,108,10.134802,11.617074,30.083461,0.000000,0.000000,0.000000,0,0,0,9702.280231,9.502949,125.308359,9189.468923,350.909787,110.187902,8450.558132,0.000000,0.000000,8911.655821,9702.280231,790.624410,3.616776,1.135691,87.098681,0.000000,8.148852,14.848357,11.383390,3.403507,0.427381,5,0.000000,0,0,0,100.000000,3.868719,100.000000,23.912397,5165.043810,6902.470130,-0.000000,484.828565
4260.000000,pure-acoustic,none,hardware,1,0,0,1,priority,0.000500,180,15,hybrid,0.050000,4000.000000,6.087000,52.000000,500.000000,500.000000,2.000000,120.000000,0.000000,161,108,161,0,161,10,43,108,0,0,0,0,0,0,0,0,0.000000,0.000000,0.000000,clear-ocean,30.000000,60.000000,0.151000,1396,4165860,1068.169231,25.074395,65,12,0,53,0,215,53,1,161,0,0,0,0,0,0,0,0,0,0,0,0,0,0,0,10,43,108,10,43,108,10.134802,11.617074,30.083461,0.000000,0.000000,0.000000,0,0,0,9707.680231,9.502949,125.308359,9189.468923,355.045957,111.221944,8450.787919,0.000000,0.000000,8917.055821,9707.680231,790.624410,3.657372,1.145711,87.052599,0.000000,8.144319,14.848357,11.383390,3.403507,0.421362,5,0.000000,0,0,0,100.000000,3.868719,100.000000,23.912397,5092.296714,6988.576846,-0.000000,499.789765
4320.000000,pure-acoustic,none,hardware,1,0,0,1,priority,0.000500,180,15,hybrid,0.050000,4000.000000,6.087000,52.000000,500.000000,500.000000,2.000000,120.000000,0.000000,161,108,161,0,161,10,43,108,0,0,0,0,0,0,0,0,0.000000,0.000000,0.000000,clear-ocean,30.000000,60.000000,0.151000,1396,4165860,1068.169231,24.726140,65,12,0,53,0,215,53,1,161,0,0,0,0,0,0,0,0,0,0,0,0,0,0,0,10,43,108,10,43,108,10.134802,11.617074,30.083461,0.000000,0.000000,0.000000,0,0,0,9713.080231,9.502949,125.308359,9189.468923,359.182127,112.255987,8451.017706,0.000000,0.000000,8922.455821,9713.080231,790.624410,3.697922,1.155720,87.006567,0.000000,8.139791,14.848357,11.383390,3.403507,0.415509,5,0.000000,0,0,0,100.000000,3.868719,100.000000,23.912397,5021.570370,7074.683562,0.000000,491.066123
4380.000000,pure-acoustic,none,hardware,1,0,0,1,priority,0.000500,180,15,hybrid,0.050000,4000.000000,6.087000,52.000000,500.000000,500.000000,2.000000,120.000000,0.000000,161,108,161,0,161,10,43,108,0,0,0,0,0,0,0,0,0.000000,0.000000,0.000000,clear-ocean,30.000000,60.000000,0.151000,1396,4165860,1068.169231,24.387425,65,12,0,53,0,215,53,1,161,0,0,0,0,0,0,0,0,0,0,0,0,0,0,0,10,43,108,10,43,108,10.134802,11.617074,30.083461,0.000000,0.000000,0.000000,0,0,0,9718.480231,9.502949,125.308359,9189.468923,363.318297,113.290029,8451.247494,0.000000,0.000000,8927.855821,9718.480231,790.624410,3.738427,1.165718,86.960587,0.000000,8.135268,14.848357,11.383390,3.403507,0.409817,5,0.000000,0,0,0,100.000000,3.868719,100.000000,23.912397,4952.781735,7160.790279,0.000000,459.484807
4440.000000,pure-acoustic,none,hardware,1,0,0,1,priority,0.000500,180,15,hybrid,0.050000,4000.000000,6.087000,52.000000,500.000000,500.000000,2.000000,120.000000,0.000000,161,108,161,0,161,10,43,108,0,0,0,0,0,0,0,0,0.000000,0.000000,0.000000,clear-ocean,30.000000,60.000000,0.151000,1396,4165860,1068.169231,24.057866,65,12,0,53,0,215,53,1,161,0,0,0,0,0,0,0,0,0,0,0,0,0,0,0,10,43,108,10,43,108,10.134802,11.617074,30.083461,0.000000,0.000000,0.000000,0,0,0,9723.880231,9.502949,125.308359,9189.468923,367.454468,114.324072,8451.477281,0.000000,0.000000,8933.255821,9723.880231,790.624410,3.778887,1.175704,86.914658,0.000000,8.130750,14.848357,11.383390,3.403507,0.404279,5,0.000000,0,0,0,100.000000,3.868719,100.000000,23.912397,4885.852252,7246.896995,0.000000,408.040329
4500.000000,pure-acoustic,none,hardware,1,0,0,1,priority,0.000500,180,15,hybrid,0.050000,4000.000000,6.087000,52.000000,500.000000,500.000000,2.000000,120.000000,0.000000,161,108,161,0,161,10,43,108,0,0,0,0,0,0,0,0,0.000000,0.000000,0.000000,clear-ocean,30.000000,60.000000,0.151000,1396,4165860,1068.169231,23.737094,65,12,0,53,0,215,53,1,161,0,0,0,0,0,0,0,0,0,0,0,0,0,0,0,10,43,108,10,43,108,10.134802,11.617074,30.083461,0.000000,0.000000,0.000000,0,0,0,9729.280231,9.502949,125.308359,9189.468923,371.590638,115.358115,8451.707068,0.000000,0.000000,8938.655821,9729.280231,790.624410,3.819302,1.185680,86.868780,0.000000,8.126237,14.848357,11.383390,3.403507,0.398889,5,0.000000,0,0,0,100.000000,3.868719,100.000000,23.912397,4820.707556,7333.003711,0.000000,341.610608
4560.000000,pure-acoustic,none,hardware,1,0,0,1,priority,0.000500,180,15,hybrid,0.050000,4000.000000,6.087000,52.000000,500.000000,500.000000,2.000000,120.000000,0.000000,161,108,161,0,161,10,43,108,0,0,0,0,0,0,0,0,0.000000,0.000000,0.000000,clear-ocean,30.000000,60.000000,0.151000,1396,4165860,1068.169231,23.424764,65,12,0,53,0,215,53,1,161,0,0,0,0,0,0,0,0,0,0,0,0,0,0,0,10,43,108,10,43,108,10.134802,11.617074,30.083461,0.000000,0.000000,0.000000,0,0,0,9734.680231,9.502949,125.308359,9189.468923,375.726808,116.392157,8451.936855,0.000000,0.000000,8944.055821,9734.680231,790.624410,3.859673,1.195644,86.822953,0.000000,8.121730,14.848357,11.383390,3.403507,0.393640,5,0.000000,0,0,0,100.000000,3.868719,100.000000,23.912397,4757.277193,7419.110427,0.000000,266.494452
4620.000000,pure-acoustic,none,hardware,1,0,0,1,priority,0.000500,180,15,hybrid,0.050000,4000.000000,6.087000,52.000000,500.000000,500.000000,2.000000,120.000000,0.000000,161,108,161,0,161,10,43,108,0,0,0,0,0,0,0,0,0.000000,0.000000,0.000000,clear-ocean,30.000000,60.000000,0.151000,1396,4165860,1068.169231,23.120546,65,12,0,53,0,215,53,1,161,0,0,0,0,0,0,0,0,0,0,0,0,0,0,0,10,43,108,10,43,108,10.134802,11.617074,30.083461,0.000000,0.000000,0.000000,0,0,0,9740.080231,9.502949,125.308359,9189.468923,379.862978,117.426200,8452.166643,0.000000,0.000000,8949.455821,9740.080231,790.624410,3.899998,1.205598,86.777177,0.000000,8.117227,14.848357,11.383390,3.403507,0.388528,5,0.000000,0,0,0,100.000000,3.868719,100.000000,23.912397,4695.494372,7505.217143,0.000000,189.814306
4680.000000,pure-acoustic,none,hardware,1,0,0,1,priority,0.000500,180,15,hybrid,0.050000,4000.000000,6.087000,52.000000,500.000000,500.000000,2.000000,120.000000,0.000000,161,108,161,0,161,10,43,108,0,0,0,0,0,0,0,0,0.000000,0.000000,0.000000,clear-ocean,30.000000,60.000000,0.151000,1396,4165860,1068.169231,22.824129,65,12,0,53,0,215,53,1,161,0,0,0,0,0,0,0,0,0,0,0,0,0,0,0,10,43,108,10,43,108,10.134802,11.617074,30.083461,0.000000,0.000000,0.000000,0,0,0,9745.480231,9.502949,125.308359,9189.468923,383.999148,118.460242,8452.396430,0.000000,0.000000,8954.855821,9745.480231,790.624410,3.940279,1.215540,86.731451,0.000000,8.112729,14.848357,11.383390,3.403507,0.383547,5,0.000000,0,0,0,100.000000,3.868719,100.000000,23.912397,4635.295726,7591.323859,0.000000,118.840914
4740.000000,pure-acoustic,none,hardware,1,0,0,1,priority,0.000500,180,15,hybrid,0.050000,4000.000000,6.087000,52.000000,500.000000,500.000000,2.000000,120.000000,0.000000,161,108,161,0,161,10,43,108,0,0,0,0,0,0,0,0,0.000000,0.000000,0.000000,clear-ocean,30.000000,60.000000,0.151000,1396,4165860,1068.169231,22.535216,65,12,0,53,0,215,53,1,161,0,0,0,0,0,0,0,0,0,0,0,0,0,0,0,10,43,108,10,43,108,10.134802,11.617074,30.083461,0.000000,0.000000,0.000000,0,0,0,9750.880231,9.502949,125.308359,9189.468923,388.135319,119.494285,8452.626217,0.000000,0.000000,8960.255821,9750.880231,790.624410,3.980516,1.225472,86.685776,0.000000,8.108236,14.848357,11.383390,3.403507,0.378692,5,0.000000,0,0,0,100.000000,3.868719,100.000000,23.912397,4576.621097,7677.430575,0.000000,60.303909
4800.000000,pure-acoustic,none,hardware,1,0,0,1,priority,0.000500,180,15,hybrid,0.050000,4000.000000,6.087000,52.000000,500.000000,500.000000,2.000000,120.000000,0.000000,161,108,161,0,161,10,43,108,0,0,0,0,0,0,0,0,0.000000,0.000000,0.000000,clear-ocean,30.000000,60.000000,0.151000,1396,4165860,1068.169231,22.253526,65,12,0,53,0,215,53,1,161,0,0,0,0,0,0,0,0,0,0,0,0,0,0,0,10,43,108,10,43,108,10.134802,11.617074,30.083461,0.000000,0.000000,0.000000,0,0,0,9756.280231,9.502949,125.308359,9189.468923,392.271489,120.528327,8452.856004,0.000000,0.000000,8965.655821,9756.280231,790.624410,4.020707,1.235392,86.640152,0.000000,8.103748,14.848357,11.383390,3.403507,0.373958,5,0.000000,0,0,0,100.000000,3.868719,100.000000,23.912397,4519.413333,7763.537292,0.000000,19.753718
4860.000000,pure-acoustic,none,hardware,1,0,0,1,priority,0.000500,180,15,hybrid,0.050000,4000.000000,6.087000,52.000000,500.000000,500.000000,2.000000,120.000000,0.000000,161,108,161,0,161,10,43,108,0,0,0,0,0,0,0,0,0.000000,0.000000,0.000000,clear-ocean,30.000000,60.000000,0.151000,1396,4165860,1068.169231,21.978791,65,12,0,53,0,215,53,1,161,0,0,0,0,0,0,0,0,0,0,0,0,0,0,0,10,43,108,10,43,108,10.134802,11.617074,30.083461,0.000000,0.000000,0.000000,0,0,0,9761.680231,9.502949,125.308359,9189.468923,396.407659,121.562370,8453.085792,0.000000,0.000000,8971.055821,9761.680231,790.624410,4.060855,1.245302,86.594578,0.000000,8.099266,14.848357,11.383390,3.403507,0.369342,5,0.000000,0,0,0,100.000000,3.868719,100.000000,23.912397,4463.618107,7849.644008,0.000000,1.035273
4920.000000,pure-acoustic,none,hardware,1,0,0,1,priority,0.000500,180,15,hybrid,0.050000,4000.000000,6.087000,52.000000,500.000000,500.000000,2.000000,120.000000,0.000000,161,108,161,0,161,10,43,108,0,0,0,0,0,0,0,0,0.000000,0.000000,0.000000,clear-ocean,30.000000,60.000000,0.151000,1396,4165860,1068.169231,21.710757,65,12,0,53,0,215,53,1,161,0,0,0,0,0,0,0,0,0,0,0,0,0,0,0,10,43,108,10,43,108,10.134802,11.617074,30.083461,0.000000,0.000000,0.000000,0,0,0,9767.080231,9.502949,125.308359,9189.468923,400.543829,122.596412,8453.315579,0.000000,0.000000,8976.455821,9767.080231,790.624410,4.100958,1.255200,86.549054,0.000000,8.094788,14.848357,11.383390,3.403507,0.364837,5,0.000000,0,0,0,100.000000,3.868719,100.000000,23.912397,4409.183740,7935.750724,-0.000000,5.923441
4980.000000,pure-acoustic,none,hardware,1,0,0,1,priority,0.000500,180,15,hybrid,0.050000,4000.000000,6.087000,52.000000,500.000000,500.000000,2.000000,120.000000,0.000000,161,108,161,0,161,10,43,108,0,0,0,0,0,0,0,0,0.000000,0.000000,0.000000,clear-ocean,30.000000,60.000000,0.151000,1396,4165860,1068.169231,21.449181,65,12,0,53,0,215,53,1,161,0,0,0,0,0,0,0,0,0,0,0,0,0,0,0,10,43,108,10,43,108,10.134802,11.617074,30.083461,0.000000,0.000000,0.000000,0,0,0,9772.480231,9.502949,125.308359,9189.468923,404.679999,123.630455,8453.545366,0.000000,0.000000,8981.855821,9772.480231,790.624410,4.141016,1.265088,86.503581,0.000000,8.090315,14.848357,11.383390,3.403507,0.360442,5,0.000000,0,0,0,100.000000,3.868719,100.000000,23.912397,4356.061044,8021.857440,-0.000000,33.954730
5040.000000,pure-acoustic,none,hardware,1,0,0,1,priority,0.000500,180,15,hybrid,0.050000,4000.000000,6.087000,52.000000,500.000000,500.000000,2.000000,120.000000,0.000000,161,108,161,0,161,10,43,108,0,0,0,0,0,0,0,0,0.000000,0.000000,0.000000,clear-ocean,30.000000,60.000000,0.151000,1396,4165860,1068.169231,21.193834,65,12,0,53,0,215,53,1,161,0,0,0,0,0,0,0,0,0,0,0,0,0,0,0,10,43,108,10,43,108,10.134802,11.617074,30.083461,0.000000,0.000000,0.000000,0,0,0,9777.880231,9.502949,125.308359,9189.468923,408.816170,124.664498,8453.775153,0.000000,0.000000,8987.255821,9777.880231,790.624410,4.181031,1.274964,86.458158,0.000000,8.085847,14.848357,11.383390,3.403507,0.356151,5,0.000000,0,0,0,100.000000,3.868719,100.000000,23.912397,4304.203175,8107.964156,-0.000000,82.471238
5100.000000,pure-acoustic,none,hardware,1,0,0,1,priority,0.000500,180,15,hybrid,0.050000,4000.000000,6.087000,52.000000,500.000000,500.000000,2.000000,120.000000,0.000000,161,108,161,0,161,10,43,108,0,0,0,0,0,0,0,0,0.000000,0.000000,0.000000,clear-ocean,30.000000,60.000000,0.151000,1396,4165860,1068.169231,20.944495,65,12,0,53,0,215,53,1,161,0,0,0,0,0,0,0,0,0,0,0,0,0,0,0,10,43,108,10,43,108,10.134802,11.617074,30.083461,0.000000,0.000000,0.000000,0,0,0,9783.280231,9.502949,125.308359,9189.468923,412.952340,125.698540,8454.004941,0.000000,0.000000,8992.655821,9783.280231,790.624410,4.221001,1.284830,86.412785,0.000000,8.081384,14.848357,11.383390,3.403507,0.351961,5,0.000000,0,0,0,100.000000,3.868719,100.000000,23.912397,4253.565490,8194.070872,-0.000000,146.872673
5160.000000,pure-acoustic,none,hardware,1,0,0,1,priority,0.000500,180,15,hybrid,0.050000,4000.000000,6.087000,52.000000,500.000000,500.000000,2.000000,120.000000,0.000000,161,108,161,0,161,10,43,108,0,0,0,0,0,0,0,0,0.000000,0.000000,0.000000,clear-ocean,30.000000,60.000000,0.151000,1396,4165860,1068.169231,20.700954,65,12,0,53,0,215,53,1,161,0,0,0,0,0,0,0,0,0,0,0,0,0,0,0,10,43,108,10,43,108,10.134802,11.617074,30.083461,0.000000,0.000000,0.000000,0,0,0,9788.680231,9.502949,125.308359,9189.468923,417.088510,126.732583,8454.234728,0.000000,0.000000,8998.055821,9788.680231,790.624410,4.260927,1.294685,86.367463,0.000000,8.076926,14.848357,11.383390,3.403507,0.347868,5,0.000000,0,0,0,100.000000,3.868719,100.000000,23.912397,4204.105426,8280.177588,-0.000000,221.052549
5220.000000,pure-acoustic,none,hardware,1,0,0,1,priority,0.000500,180,15,hybrid,0.050000,4000.000000,6.087000,52.000000,500.000000,500.000000,2.000000,120.000000,0.000000,161,108,161,0,161,10,43,108,0,0,0,0,0,0,0,0,0.000000,0.000000,0.000000,clear-ocean,30.000000,60.000000,0.151000,1396,4165860,1068.169231,20.463012,65,12,0,53,0,215,53,1,161,0,0,0,0,0,0,0,0,0,0,0,0,0,0,0,10,43,108,10,43,108,10.134802,11.617074,30.083461,0.000000,0.000000,0.000000,0,0,0,9794.080231,9.502949,125.308359,9189.468923,421.224680,127.766625,8454.464515,0.000000,0.000000,9003.455821,9794.080231,790.624410,4.300809,1.304529,86.322190,0.000000,8.072472,14.848357,11.383390,3.403507,0.343870,5,0.000000,0,0,0,100.000000,3.868719,100.000000,23.912397,4155.782375,8366.284305,-0.000000,297.977197
5280.000000,pure-acoustic,none,hardware,1,0,0,1,priority,0.000500,180,15,hybrid,0.050000,4000.000000,6.087000,52.000000,500.000000,500.000000,2.000000,120.000000,0.000000,161,108,161,0,161,10,43,108,0,0,0,0,0,0,0,0,0.000000,0.000000,0.000000,clear-ocean,30.000000,60.000000,0.151000,1396,4165860,1068.169231,20.230478,65,12,0,53,0,215,53,1,161,0,0,0,0,0,0,0,0,0,0,0,0,0,0,0,10,43,108,10,43,108,10.134802,11.617074,30.083461,0.000000,0.000000,0.000000,0,0,0,9799.480231,9.502949,125.308359,9189.468923,425.360851,128.800668,8454.694302,0.000000,0.000000,9008.855821,9799.480231,790.624410,4.340647,1.314362,86.276967,0.000000,8.068024,14.848357,11.383390,3.403507,0.339962,5,0.000000,0,0,0,100.000000,3.868719,100.000000,23.912397,4108.557576,8452.391021,-0.000000,370.352689
5340.000000,pure-acoustic,none,hardware,1,0,0,1,priority,0.000500,180,15,hybrid,0.050000,4000.000000,6.087000,52.000000,500.000000,500.000000,2.000000,120.000000,0.000000,161,108,161,0,161,10,43,108,0,0,0,0,0,0,0,0,0.000000,0.000000,0.000000,clear-ocean,30.000000,60.000000,0.151000,1396,4165860,1068.169231,20.003169,65,12,0,53,0,215,53,1,161,0,0,0,0,0,0,0,0,0,0,0,0,0,0,0,10,43,108,10,43,108,10.134802,11.617074,30.083461,0.000000,0.000000,0.000000,0,0,0,9804.880231,9.502949,125.308359,9189.468923,429.497021,129.834710,8454.924089,0.000000,0.000000,9014.255821,9804.880231,790.624410,4.380441,1.324185,86.231794,0.000000,8.063580,14.848357,11.383390,3.403507,0.336142,5,0.000000,0,0,0,100.000000,3.868719,100.000000,23.912397,4062.394007,8538.497737,-0.000000,431.316448
5400.000000,pure-acoustic,none,hardware,1,0,0,1,priority,0.000500,180,15,hybrid,0.050000,4000.000000,6.087000,52.000000,500.000000,500.000000,2.000000,120.000000,0.000000,161,108,161,0,161,10,43,108,0,0,0,0,0,0,0,0,0.000000,0.000000,0.000000,clear-ocean,30.000000,60.000000,0.151000,1396,4165860,1068.169231,19.780912,65,12,0,53,0,215,53,1,161,0,0,0,0,0,0,0,0,0,0,0,0,0,0,0,10,43,108,10,43,108,10.134802,11.617074,30.083461,0.000000,0.000000,0.000000,0,0,0,9810.280231,9.502949,125.308359,9189.468923,433.633191,130.868753,8455.153877,0.000000,0.000000,9019.655821,9810.280231,790.624410,4.420192,1.333996,86.186670,0.000000,8.059142,14.848357,11.383390,3.403507,0.332407,5,0.000000,0,0,0,100.000000,3.868719,100.000000,23.912397,4017.256296,8624.604453,-0.000000,475.087943
5460.000000,pure-acoustic,none,hardware,1,0,0,1,priority,0.000500,180,15,hybrid,0.050000,4000.000000,6.087000,52.000000,500.000000,500.000000,2.000000,120.000000,0.000000,161,108,161,0,161,10,43,108,0,0,0,0,0,0,0,0,0.000000,0.000000,0.000000,clear-ocean,30.000000,60.000000,0.151000,1396,4165860,1068.169231,19.563539,65,12,0,53,0,215,53,1,161,0,0,0,0,0,0,0,0,0,0,0,0,0,0,0,10,43,108,10,43,108,10.134802,11.617074,30.083461,0.000000,0.000000,0.000000,0,0,0,9815.680231,9.502949,125.308359,9189.468923,437.769361,131.902795,8455.383664,0.000000,0.000000,9025.055821,9815.680231,790.624410,4.459898,1.343797,86.141597,0.000000,8.054708,14.848357,11.383390,3.403507,0.328755,5,0.000000,0,0,0,100.000000,3.868719,100.000000,23.912397,3973.110623,8710.711169,-0.000000,497.516801
5520.000000,pure-acoustic,none,hardware,1,0,0,1,priority,0.000500,180,15,hybrid,0.050000,4000.000000,6.087000,52.000000,500.000000,500.000000,2.000000,120.000000,0.000000,161,108,161,0,161,10,43,108,0,0,0,0,0,0,0,0,0.000000,0.000000,0.000000,clear-ocean,30.000000,60.000000,0.151000,1396,4165860,1068.169231,19.350892,65,12,0,53,0,215,53,1,161,0,0,0,0,0,0,0,0,0,0,0,0,0,0,0,10,43,108,10,43,108,10.134802,11.617074,30.083461,0.000000,0.000000,0.000000,0,0,0,9821.080231,9.502949,125.308359,9189.468923,441.905531,132.936838,8455.613451,0.000000,0.000000,9030.455821,9821.080231,790.624410,4.499561,1.353587,86.096572,0.000000,8.050280,14.848357,11.383390,3.403507,0.325181,5,0.000000,0,0,0,100.000000,3.868719,100.000000,23.912397,3929.924638,8796.817885,0.000000,496.476337
5580.000000,pure-acoustic,none,hardware,1,0,0,1,priority,0.000500,180,15,hybrid,0.050000,4000.000000,6.087000,52.000000,500.000000,500.000000,2.000000,120.000000,0.000000,161,108,161,0,161,10,43,108,0,0,0,0,0,0,0,0,0.000000,0.000000,0.000000,clear-ocean,30.000000,60.000000,0.151000,1396,4165860,1068.169231,19.142818,65,12,0,53,0,215,53,1,161,0,0,0,0,0,0,0,0,0,0,0,0,0,0,0,10,43,108,10,43,108,10.134802,11.617074,30.083461,0.000000,0.000000,0.000000,0,0,0,9826.480231,9.502949,125.308359,9189.468923,446.041702,133.970881,8455.843238,0.000000,0.000000,9035.855821,9826.480231,790.624410,4.539181,1.363366,86.051598,0.000000,8.045856,14.848357,11.383390,3.403507,0.321685,5,0.000000,0,0,0,100.000000,3.868719,100.000000,23.912397,3887.667384,8882.924601,0.000000,472.065207
5640.000000,pure-acoustic,none,hardware,1,0,0,1,priority,0.000500,180,15,hybrid,0.050000,4000.000000,6.087000,52.000000,500.000000,500.000000,2.000000,120.000000,0.000000,161,108,161,0,161,10,43,108,0,0,0,0,0,0,0,0,0.000000,0.000000,0.000000,clear-ocean,30.000000,60.000000,0.151000,1396,4165860,1068.169231,18.939171,65,12,0,53,0,215,53,1,161,0,0,0,0,0,0,0,0,0,0,0,0,0,0,0,10,43,108,10,43,108,10.134802,11.617074,30.083461,0.000000,0.000000,0.000000,0,0,0,9831.880231,9.502949,125.308359,9189.468923,450.177872,135.004923,8456.073026,0.000000,0.000000,9041.255821,9831.880231,790.624410,4.578757,1.373134,86.006672,0.000000,8.041437,14.848357,11.383390,3.403507,0.318262,5,0.000000,0,0,0,100.000000,3.868719,100.000000,23.912397,3846.309220,8969.031318,0.000000,426.598054
5700.000000,pure-acoustic,none,hardware,1,0,0,1,priority,0.000500,180,15,hybrid,0.050000,4000.000000,6.087000,52.000000,500.000000,500.000000,2.000000,120.000000,0.000000,161,108,161,0,161,10,43,108,0,0,0,0,0,0,0,0,0.000000,0.000000,0.000000,clear-ocean,30.000000,60.000000,0.151000,1396,4165860,1068.169231,18.739811,65,12,0,53,0,215,53,1,161,0,0,0,0,0,0,0,0,0,0,0,0,0,0,0,10,43,108,10,43,108,10.134802,11.617074,30.083461,0.000000,0.000000,0.000000,0,0,0,9837.280231,9.502949,125.308359,9189.468923,454.314042,136.038966,8456.302813,0.000000,0.000000,9046.655821,9837.280231,790.624410,4.618289,1.382892,85.961796,0.000000,8.037022,14.848357,11.383390,3.403507,0.314912,5,0.000000,0,0,0,100.000000,3.868719,100.000000,23.912397,3805.821754,9055.138034,0.000000,364.386030
5760.000000,pure-acoustic,none,hardware,1,0,0,1,priority,0.000500,180,15,hybrid,0.050000,4000.000000,6.087000,52.000000,500.000000,500.000000,2.000000,120.000000,0.000000,161,108,161,0,161,10,43,108,0,0,0,0,0,0,0,0,0.000000,0.000000,0.000000,clear-ocean,30.000000,60.000000,0.151000,1396,4165860,1068.169231,18.544605,65,12,0,53,0,215,53,1,161,0,0,0,0,0,0,0,0,0,0,0,0,0,0,0,10,43,108,10,43,108,10.134802,11.617074,30.083461,0.000000,0.000000,0.000000,0,0,0,9842.680231,9.502949,125.308359,9189.468923,458.450212,137.073008,8456.532600,0.000000,0.000000,9052.055821,9842.680231,790.624410,4.657778,1.392639,85.916970,0.000000,8.032613,14.848357,11.383390,3.403507,0.311632,5,0.000000,0,0,0,100.000000,3.868719,100.000000,23.912397,3766.177778,9141.244750,0.000000,291.328026
5820.000000,pure-acoustic,none,hardware,1,0,0,1,priority,0.000500,180,15,hybrid,0.050000,4000.000000,6.087000,52.000000,500.000000,500.000000,2.000000,120.000000,0.000000,161,108,161,0,161,10,43,108,0,0,0,0,0,0,0,0,0.000000,0.000000,0.000000,clear-ocean,30.000000,60.000000,0.151000,1396,4165860,1068.169231,18.353423,65,12,0,53,0,215,53,1,161,0,0,0,0,0,0,0,0,0,0,0,0,0,0,0,10,43,108,10,43,108,10.134802,11.617074,30.083461,0.000000,0.000000,0.000000,0,0,0,9848.080231,9.502949,125.308359,9189.468923,462.586382,138.107051,8456.762387,0.000000,0.000000,9057.455821,9848.080231,790.624410,4.697224,1.402375,85.872192,0.000000,8.028208,14.848357,11.383390,3.403507,0.308419,5,0.000000,0,0,0,100.000000,3.868719,100.000000,23.912397,3727.351203,9227.351466,0.000000,214.351336
5880.000000,pure-acoustic,none,hardware,1,0,0,1,priority,0.000500,180,15,hybrid,0.050000,4000.000000,6.087000,52.000000,500.000000,500.000000,2.000000,120.000000,0.000000,161,108,161,0,161,10,43,108,0,0,0,0,0,0,0,0,0.000000,0.000000,0.000000,clear-ocean,30.000000,60.000000,0.151000,1396,4165860,1068.169231,18.166143,65,12,0,53,0,215,53,1,161,0,0,0,0,0,0,0,0,0,0,0,0,0,0,0,10,43,108,10,43,108,10.134802,11.617074,30.083461,0.000000,0.000000,0.000000,0,0,0,9853.480231,9.502949,125.308359,9189.468923,466.722553,139.141093,8456.992175,0.000000,0.000000,9062.855821,9853.480231,790.624410,4.736626,1.412101,85.827464,0.000000,8.023809,14.848357,11.383390,3.403507,0.305272,5,0.000000,0,0,0,100.000000,3.868719,100.000000,23.912397,3689.317007,9313.458182,0.000000,140.754819
5940.000000,pure-acoustic,none,hardware,1,0,0,1,priority,0.000500,180,15,hybrid,0.050000,4000.000000,6.087000,52.000000,500.000000,500.000000,2.000000,120.000000,0.000000,161,108,161,0,161,10,43,108,0,0,0,0,0,0,0,0,0.000000,0.000000,0.000000,clear-ocean,30.000000,60.000000,0.151000,1396,4165860,1068.169231,17.982647,65,12,0,53,0,215,53,1,161,0,0,0,0,0,0,0,0,0,0,0,0,0,0,0,10,43,108,10,43,108,10.134802,11.617074,30.083461,0.000000,0.000000,0.000000,0,0,0,9858.880231,9.502949,125.308359,9189.468923,470.858723,140.175136,8457.221962,0.000000,0.000000,9068.255821,9858.880231,790.624410,4.775986,1.421816,85.782784,0.000000,8.019414,14.848357,11.383390,3.403507,0.302189,5,0.000000,0,0,0,100.000000,3.868719,100.000000,23.912397,3652.051178,9399.564898,0.000000,77.516833
6000.000000,pure-acoustic,none,hardware,1,0,0,1,priority,0.000500,180,15,hybrid,0.050000,4000.000000,6.087000,52.000000,500.000000,500.000000,2.000000,120.000000,0.000000,161,108,161,0,161,10,43,108,0,0,0,0,0,0,0,0,0.000000,0.000000,0.000000,clear-ocean,30.000000,60.000000,0.151000,1396,4165860,1068.169231,17.802821,65,12,0,53,0,215,53,1,161,0,0,0,0,0,0,0,0,0,0,0,0,0,0,0,10,43,108,10,43,108,10.134802,11.617074,30.083461,0.000000,0.000000,0.000000,0,0,0,9864.280231,9.502949,125.308359,9189.468923,474.994893,141.209178,8457.451749,0.000000,0.000000,9073.655821,9864.280231,790.624410,4.815302,1.431520,85.738154,0.000000,8.015024,14.848357,11.383390,3.403507,0.299167,5,0.000000,0,0,0,100.000000,3.868719,100.000000,23.912397,3615.530667,9485.671614,0.000000,30.633547
6060.000000,pure-acoustic,none,hardware,1,0,0,1,priority,0.000500,180,15,hybrid,0.050000,4000.000000,6.087000,52.000000,500.000000,500.000000,2.000000,120.000000,0.000000,161,108,161,0,161,10,43,108,0,0,0,0,0,0,0,0,0.000000,0.000000,0.000000,clear-ocean,30.000000,60.000000,0.151000,1396,4165860,1068.169231,17.626555,65,12,0,53,0,215,53,1,161,0,0,0,0,0,0,0,0,0,0,0,0,0,0,0,10,43,108,10,43,108,10.134802,11.617074,30.083461,0.000000,0.000000,0.000000,0,0,0,9869.680231,9.502949,125.308359,9189.468923,479.131063,142.243221,8457.681536,0.000000,0.000000,9079.055821,9869.680231,790.624410,4.854575,1.441214,85.693572,0.000000,8.010639,14.848357,11.383390,3.403507,0.296205,5,0.000000,0,0,0,100.000000,3.868719,100.000000,23.912397,3579.733333,9571.778331,0.000000,4.550391
6120.000000,pure-acoustic,none,hardware,1,0,0,1,priority,0.000500,180,15,hybrid,0.050000,4000.000000,6.087000,52.000000,500.000000,500.000000,2.000000,120.000000,0.000000,161,108,161,0,161,10,43,108,0,0,0,0,0,0,0,0,0.000000,0.000000,0.000000,clear-ocean,30.000000,60.000000,0.151000,1396,4165860,1068.169231,17.453746,65,12,0,53,0,215,53,1,161,0,0,0,0,0,0,0,0,0,0,0,0,0,0,0,10,43,108,10,43,108,10.134802,11.617074,30.083461,0.000000,0.000000,0.000000,0,0,0,9875.080231,9.502949,125.308359,9189.468923,483.267233,143.277264,8457.911324,0.000000,0.000000,9084.455821,9875.080231,790.624410,4.893806,1.450897,85.649039,0.000000,8.006258,14.848357,11.383390,3.403507,0.293301,5,0.000000,0,0,0,100.000000,3.868719,100.000000,23.912397,3544.637908,9657.885047,-0.000000,1.740548
6180.000000,pure-acoustic,none,hardware,1,0,0,1,priority,0.000500,180,15,hybrid,0.050000,4000.000000,6.087000,52.000000,500.000000,500.000000,2.000000,120.000000,0.000000,161,108,161,0,161,10,43,108,0,0,0,0,0,0,0,0,0.000000,0.000000,0.000000,clear-ocean,30.000000,60.000000,0.151000,1396,4165860,1068.169231,17.284292,65,12,0,53,0,215,53,1,161,0,0,0,0,0,0,0,0,0,0,0,0,0,0,0,10,43,108,10,43,108,10.134802,11.617074,30.083461,0.000000,0.000000,0.000000,0,0,0,9880.480231,9.502949,125.308359,9189.468923,487.403404,144.311306,8458.141111,0.000000,0.000000,9089.855821,9880.480231,790.624410,4.932993,1.460570,85.604555,0.000000,8.001882,14.848357,11.383390,3.403507,0.290453,5,0.000000,0,0,0,100.000000,3.868719,100.000000,23.912397,3510.223948,9743.991763,-0.000000,22.470444
6240.000000,pure-acoustic,none,hardware,1,0,0,1,priority,0.000500,180,15,hybrid,0.050000,4000.000000,6.087000,52.000000,500.000000,500.000000,2.000000,120.000000,0.000000,161,108,161,0,161,10,43,108,0,0,0,0,0,0,0,0,0.000000,0.000000,0.000000,clear-ocean,30.000000,60.000000,0.151000,1396,4165860,1068.169231,17.118097,65,12,0,53,0,215,53,1,161,0,0,0,0,0,0,0,0,0,0,0,0,0,0,0,10,43,108,10,43,108,10.134802,11.617074,30.083461,0.000000,0.000000,0.000000,0,0,0,9885.880231,9.502949,125.308359,9189.468923,491.539574,145.345349,8458.370898,0.000000,0.000000,9095.255821,9885.880231,790.624410,4.972138,1.470232,85.560119,0.000000,7.997512,14.848357,11.383390,3.403507,0.287660,5,0.000000,0,0,0,100.000000,3.868719,100.000000,23.912397,3476.471795,9830.098479,-0.000000,64.774488
6300.000000,pure-acoustic,none,hardware,1,0,0,1,priority,0.000500,180,15,hybrid,0.050000,4000.000000,6.087000,52.000000,500.000000,500.000000,2.000000,120.000000,0.000000,161,108,161,0,161,10,43,108,0,0,0,0,0,0,0,0,0.000000,0.000000,0.000000,clear-ocean,30.000000,60.000000,0.151000,1396,4165860,1068.169231,16.955067,65,12,0,53,0,215,53,1,161,0,0,0,0,0,0,0,0,0,0,0,0,0,0,0,10,43,108,10,43,108,10.134802,11.617074,30.083461,0.000000,0.000000,0.000000,0,0,0,9891.280231,9.502949,125.308359,9189.468923,495.675744,146.379391,8458.600685,0.000000,0.000000,9100.655821,9891.280231,790.624410,5.011240,1.479883,85.515732,0.000000,7.993145,14.848357,11.383390,3.403507,0.284921,5,0.000000,0,0,0,100.000000,3.868719,100.000000,23.912397,3443.362540,9916.205195,-0.000000,124.641450
6360.000000,pure-acoustic,none,hardware,1,0,0,1,priority,0.000500,180,15,hybrid,0.050000,4000.000000,6.087000,52.000000,500.000000,500.000000,2.000000,120.000000,0.000000,161,108,161,0,161,10,43,108,0,0,0,0,0,0,0,0,0.000000,0.000000,0.000000,clear-ocean,30.000000,60.000000,0.151000,1396,4165860,1068.169231,16.795114,65,12,0,53,0,215,53,1,161,0,0,0,0,0,0,0,0,0,0,0,0,0,0,0,10,43,108,10,43,108,10.134802,11.617074,30.083461,0.000000,0.000000,0.000000,0,0,0,9896.680231,9.502949,125.308359,9189.468923,499.811914,147.413434,8458.830472,0.000000,0.000000,9106.055821,9896.680231,790.624410,5.050299,1.489524,85.471393,0.000000,7.988784,14.848357,11.383390,3.403507,0.282233,5,0.000000,0,0,0,100.000000,3.868719,100.000000,23.912397,3410.877987,10002.311911,-0.000000,196.394798
6420.000000,pure-acoustic,none,hardware,1,0,0,1,priority,0.000500,180,15,hybrid,0.050000,4000.000000,6.087000,52.000000,500.000000,500.000000,2.000000,120.000000,0.000000,161,108,161,0,161,10,43,108,0,0,0,0,0,0,0,0,0.000000,0.000000,0.000000,clear-ocean,30.000000,60.000000,0.151000,1396,4165860,1068.169231,16.638150,65,12,0,53,0,215,53,1,161,0,0,0,0,0,0,0,0,0,0,0,0,0,0,0,10,43,108,10,43,108,10.134802,11.617074,30.083461,0.000000,0.000000,0.000000,0,0,0,9902.080231,9.502949,125.308359,9189.468923,503.948085,148.447476,8459.060260,0.000000,0.000000,9111.455821,9902.080231,790.624410,5.089315,1.499154,85.427103,0.000000,7.984427,14.848357,11.383390,3.403507,0.279595,5,0.000000,0,0,0,100.000000,3.868719,100.000000,23.912397,3379.000623,10088.418627,-0.000000,273.230942
6480.000000,pure-acoustic,none,hardware,1,0,0,1,priority,0.000500,180,15,hybrid,0.050000,4000.000000,6.087000,52.000000,500.000000,500.000000,2.000000,120.000000,0.000000,161,108,161,0,161,10,43,108,0,0,0,0,0,0,0,0,0.000000,0.000000,0.000000,clear-ocean,30.000000,60.000000,0.151000,1396,4165860,1068.169231,16.484093,65,12,0,53,0,215,53,1,161,0,0,0,0,0,0,0,0,0,0,0,0,0,0,0,10,43,108,10,43,108,10.134802,11.617074,30.083461,0.000000,0.000000,0.000000,0,0,0,9907.480231,9.502949,125.308359,9189.468923,508.084255,149.481519,8459.290047,0.000000,0.000000,9116.855821,9907.480231,790.624410,5.128289,1.508774,85.382861,0.000000,7.980076,14.848357,11.383390,3.403507,0.277006,5,0.000000,0,0,0,100.000000,3.868719,100.000000,23.912397,3347.713580,10174.525344,-0.000000,347.864350
6540.000000,pure-acoustic,none,hardware,1,0,0,1,priority,0.000500,180,15,hybrid,0.050000,4000.000000,6.087000,52.000000,500.000000,500.000000,2.000000,120.000000,0.000000,161,108,161,0,161,10,43,108,0,0,0,0,0,0,0,0,0.000000,0.000000,0.000000,clear-ocean,30.000000,60.000000,0.151000,1396,4165860,1068.169231,16.332863,65,12,0,53,0,215,53,1,161,0,0,0,0,0,0,0,0,0,0,0,0,0,0,0,10,43,108,10,43,108,10.134802,11.617074,30.083461,0.000000,0.000000,0.000000,0,0,0,9912.880231,9.502949,125.308359,9189.468923,512.220425,150.515561,8459.519834,0.000000,0.000000,9122.255821,9912.880231,790.624410,5.167221,1.518384,85.338667,0.000000,7.975728,14.848357,11.383390,3.403507,0.274465,5,0.000000,0,0,0,100.000000,3.868719,100.000000,23.912397,3317.000612,10260.632060,-0.000000,413.218348
6600.000000,pure-acoustic,none,hardware,1,0,0,1,priority,0.000500,180,15,hybrid,0.050000,4000.000000,6.087000,52.000000,500.000000,500.000000,2.000000,120.000000,0.000000,161,108,161,0,161,10,43,108,0,0,0,0,0,0,0,0,0.000000,0.000000,0.000000,clear-ocean,30.000000,60.000000,0.151000,1396,4165860,1068.169231,16.184382,65,12,0,53,0,215,53,1,161,0,0,0,0,0,0,0,0,0,0,0,0,0,0,0,10,43,108,10,43,108,10.134802,11.617074,30.083461,0.000000,0.000000,0.000000,0,0,0,9918.280231,9.502949,125.308359,9189.468923,516.356595,151.549604,8459.749621,0.000000,0.000000,9127.655821,9918.280231,790.624410,5.206110,1.527983,85.294521,0.000000,7.971386,14.848357,11.383390,3.403507,0.271970,5,0.000000,0,0,0,100.000000,3.868719,100.000000,23.912397,3286.846061,10346.738776,-0.000000,463.096127
6660.000000,pure-acoustic,none,hardware,1,0,0,1,priority,0.000500,180,15,hybrid,0.050000,4000.000000,6.087000,52.000000,500.000000,500.000000,2.000000,120.000000,0.000000,161,108,161,0,161,10,43,108,0,0,0,0,0,0,0,0,0.000000,0.000000,0.000000,clear-ocean,30.000000,60.000000,0.151000,1396,4165860,1068.169231,16.038577,65,12,0,53,0,215,53,1,161,0,0,0,0,0,0,0,0,0,0,0,0,0,0,0,10,43,108,10,43,108,10.134802,11.617074,30.083461,0.000000,0.000000,0.000000,0,0,0,9923.680231,9.502949,125.308359,9189.468923,520.492765,152.583646,8459.979409,0.000000,0.000000,9133.055821,9923.680231,790.624410,5.244957,1.537571,85.250423,0.000000,7.967048,14.848357,11.383390,3.403507,0.269520,5,0.000000,0,0,0,100.000000,3.868719,100.000000,23.912397,3257.234835,10432.845492,-0.000000,492.768323
6720.000000,pure-acoustic,none,hardware,1,0,0,1,priority,0.000500,180,15,hybrid,0.050000,4000.000000,6.087000,52.000000,500.000000,500.000000,2.000000,120.000000,0.000000,161,108,161,0,161,10,43,108,0,0,0,0,0,0,0,0,0.000000,0.000000,0.000000,clear-ocean,30.000000,60.000000,0.151000,1396,4165860,1068.169231,15.895375,65,12,0,53,0,215,53,1,161,0,0,0,0,0,0,0,0,0,0,0,0,0,0,0,10,43,108,10,43,108,10.134802,11.617074,30.083461,0.000000,0.000000,0.000000,0,0,0,9929.080231,9.502949,125.308359,9189.468923,524.628936,153.617689,8460.209196,0.000000,0.000000,9138.455821,9929.080231,790.624410,5.283762,1.547149,85.206374,0.000000,7.962715,14.848357,11.383390,3.403507,0.267113,5,0.000000,0,0,0,100.000000,3.868719,100.000000,23.912397,3228.152381,10518.952208,0.000000,499.421444
6780.000000,pure-acoustic,none,hardware,1,0,0,1,priority,0.000500,180,15,hybrid,0.050000,4000.000000,6.087000,52.000000,500.000000,500.000000,2.000000,120.000000,0.000000,161,108,161,0,161,10,43,108,0,0,0,0,0,0,0,0,0.000000,0.000000,0.000000,clear-ocean,30.000000,60.000000,0.151000,1396,4165860,1068.169231,15.754708,65,12,0,53,0,215,53,1,161,0,0,0,0,0,0,0,0,0,0,0,0,0,0,0,10,43,108,10,43,108,10.134802,11.617074,30.083461,0.000000,0.000000,0.000000,0,0,0,9934.480231,9.502949,125.308359,9189.468923,528.765106,154.651732,8460.438983,0.000000,0.000000,9143.855821,9934.480231,790.624410,5.322524,1.556717,85.162372,0.000000,7.958387,14.848357,11.383390,3.403507,0.264749,5,0.000000,0,0,0,100.000000,3.868719,100.000000,23.912397,3199.584661,10605.058924,0.000000,482.424646
6840.000000,pure-acoustic,none,hardware,1,0,0,1,priority,0.000500,180,15,hybrid,0.050000,4000.000000,6.087000,52.000000,500.000000,500.000000,2.000000,120.000000,0.000000,161,108,161,0,161,10,43,108,0,0,0,0,0,0,0,0,0.000000,0.000000,0.000000,clear-ocean,30.000000,60.000000,0.151000,1396,4165860,1068.169231,15.616509,65,12,0,53,0,215,53,1,161,0,0,0,0,0,0,0,0,0,0,0,0,0,0,0,10,43,108,10,43,108,10.134802,11.617074,30.083461,0.000000,0.000000,0.000000,0,0,0,9939.880231,9.502949,125.308359,9189.468923,532.901276,155.685774,8460.668770,0.000000,0.000000,9149.255821,9939.880231,790.624410,5.361244,1.566274,85.118418,0.000000,7.954064,14.848357,11.383390,3.403507,0.262427,5,0.000000,0,0,0,100.000000,3.868719,100.000000,23.912397,3171.518129,10691.165640,0.000000,443.389552
6900.000000,pure-acoustic,none,hardware,1,0,0,1,priority,0.000500,180,15,hybrid,0.050000,4000.000000,6.087000,52.000000,500.000000,500.000000,2.000000,120.000000,0.000000,161,108,161,0,161,10,43,108,0,0,0,0,0,0,0,0,0.000000,0.000000,0.000000,clear-ocean,30.000000,60.000000,0.151000,1396,4165860,1068.169231,15.480713,65,12,0,53,0,215,53,1,161,0,0,0,0,0,0,0,0,0,0,0,0,0,0,0,10,43,108,10,43,108,10.134802,11.617074,30.083461,0.000000,0.000000,0.000000,0,0,0,9945.280231,9.502949,125.308359,9189.468923,537.037446,156.719817,8460.898558,0.000000,0.000000,9154.655821,9945.280231,790.624410,5.399923,1.575821,85.074511,0.000000,7.949745,14.848357,11.383390,3.403507,0.260145,5,0.000000,0,0,0,100.000000,3.868719,100.000000,23.912397,3143.939710,10777.272357,0.000000,386.017433
6960.000000,pure-acoustic,none,hardware,1,0,0,1,priority,0.000500,180,15,hybrid,0.050000,4000.000000,6.087000,52.000000,500.000000,500.000000,2.000000,120.000000,0.000000,161,108,161,0,161,10,43,108,0,0,0,0,0,0,0,0,0.000000,0.000000,0.000000,clear-ocean,30.000000,60.000000,0.151000,1396,4165860,1068.169231,15.347259,65,12,0,53,0,215,53,1,161,0,0,0,0,0,0,0,0,0,0,0,0,0,0,0,10,43,108,10,43,108,10.134802,11.617074,30.083461,0.000000,0.000000,0.000000,0,0,0,9950.680231,9.502949,125.308359,9189.468923,541.173616,157.753859,8461.128345,0.000000,0.000000,9160.055821,9950.680231,790.624410,5.438559,1.585358,85.030653,0.000000,7.945431,14.848357,11.383390,3.403507,0.257902,5,0.000000,0,0,0,100.000000,3.868719,100.000000,23.912397,3116.836782,10863.379073,0.000000,315.748263
7020.000000,pure-acoustic,none,hardware,1,0,0,1,priority,0.000500,180,15,hybrid,0.050000,4000.000000,6.087000,52.000000,500.000000,500.000000,2.000000,120.000000,0.000000,161,108,161,0,161,10,43,108,0,0,0,0,0,0,0,0,0.000000,0.000000,0.000000,clear-ocean,30.000000,60.000000,0.151000,1396,4165860,1068.169231,15.216086,65,12,0,53,0,215,53,1,161,0,0,0,0,0,0,0,0,0,0,0,0,0,0,0,10,43,108,10,43,108,10.134802,11.617074,30.083461,0.000000,0.000000,0.000000,0,0,0,9956.080231,9.502949,125.308359,9189.468923,545.309787,158.787902,8461.358132,0.000000,0.000000,9165.455821,9956.080231,790.624410,5.477153,1.594884,84.986842,0.000000,7.941121,14.848357,11.383390,3.403507,0.255698,5,0.000000,0,0,0,100.000000,3.868719,100.000000,23.912397,3090.197151,10949.485789,0.000000,239.244901
7080.000000,pure-acoustic,none,hardware,1,0,0,1,priority,0.000500,180,15,hybrid,0.050000,4000.000000,6.087000,52.000000,500.000000,500.000000,2.000000,120.000000,0.000000,161,108,161,0,161,10,43,108,0,0,0,0,0,0,0,0,0.000000,0.000000,0.000000,clear-ocean,30.000000,60.000000,0.151000,1396,4165860,1068.169231,15.087136,65,12,0,53,0,215,53,1,161,0,0,0,0,0,0,0,0,0,0,0,0,0,0,0,10,43,108,10,43,108,10.134802,11.617074,30.083461,0.000000,0.000000,0.000000,0,0,0,9961.480231,9.502949,125.308359,9189.468923,549.445957,159.821944,8461.587919,0.000000,0.000000,9170.855821,9961.480231,790.624410,5.515706,1.604400,84.943078,0.000000,7.936817,14.848357,11.383390,3.403507,0.253531,5,0.000000,0,0,0,100.000000,3.868719,100.000000,23.912397,3064.009040,11035.592505,0.000000,163.761329
7140.000000,pure-acoustic,none,hardware,1,0,0,1,priority,0.000500,180,15,hybrid,0.050000,4000.000000,6.087000,52.000000,500.000000,500.000000,2.000000,120.000000,0.000000,161,108,161,0,161,10,43,108,0,0,0,0,0,0,0,0,0.000000,0.000000,0.000000,clear-ocean,30.000000,60.000000,0.151000,1396,4165860,1068.169231,14.960353,65,12,0,53,0,215,53,1,161,0,0,0,0,0,0,0,0,0,0,0,0,0,0,0,10,43,108,10,43,108,10.134802,11.617074,30.083461,0.000000,0.000000,0.000000,0,0,0,9966.880231,9.502949,125.308359,9189.468923,553.582127,160.855987,8461.817706,0.000000,0.000000,9176.255821,9966.880231,790.624410,5.554217,1.613905,84.899362,0.000000,7.932516,14.848357,11.383390,3.403507,0.251401,5,0.000000,0,0,0,100.000000,3.868719,100.000000,23.912397,3038.261064,11121.699221,0.000000,96.454830
7200.000000,pure-acoustic,none,hardware,1,0,0,1,priority,0.000500,180,15,hybrid,0.050000,4000.000000,6.087000,52.000000,500.000000,500.000000,2.000000,120.000000,0.000000,161,108,161,0,161,10,43,108,0,0,0,0,0,0,0,0,0.000000,0.000000,0.000000,clear-ocean,30.000000,60.000000,0.151000,1396,4165860,1068.169231,14.835684,65,12,0,53,0,215,53,1,161,0,0,0,0,0,0,0,0,0,0,0,0,0,0,0,10,43,108,10,43,108,10.134802,11.617074,30.083461,0.000000,0.000000,0.000000,0,0,0,9972.280231,9.502949,125.308359,9189.468923,557.718297,161.890029,8462.047494,0.000000,0.000000,9181.655821,9972.280231,790.624410,5.592686,1.623400,84.855693,0.000000,7.928221,14.848357,11.383390,3.403507,0.249306,5,0.000000,0,0,0,100.000000,3.868719,100.000000,23.912397,3012.942222,11207.805937,0.000000,43.707346
7260.000000,pure-acoustic,none,hardware,1,0,0,1,priority,0.000500,180,15,hybrid,0.050000,4000.000000,6.087000,52.000000,500.000000,500.000000,2.000000,120.000000,0.000000,161,108,161,0,161,10,43,108,0,0,0,0,0,0,0,0,0.000000,0.000000,0.000000,clear-ocean,30.000000,60.000000,0.151000,1396,4165860,1068.169231,14.713075,65,12,0,53,0,215,53,1,161,0,0,0,0,0,0,0,0,0,0,0,0,0,0,0,10,43,108,10,43,108,10.134802,11.617074,30.083461,0.000000,0.000000,0.000000,0,0,0,9977.680231,9.502949,125.308359,9189.468923,561.854468,162.924072,8462.277281,0.000000,0.000000,9187.055821,9977.680231,790.624410,5.631113,1.632885,84.812071,0.000000,7.923930,14.848357,11.383390,3.403507,0.247245,5,0.000000,0,0,0,100.000000,3.868719,100.000000,23.912397,2988.041873,11293.912653,0.000000,10.520348
7320.000000,pure-acoustic,none,hardware,1,0,0,1,priority,0.000500,180,15,hybrid,0.050000,4000.000000,6.087000,52.000000,500.000000,500.000000,2.000000,120.000000,0.000000,161,108,161,0,161,10,43,108,0,0,0,0,0,0,0,0,0.000000,0.000000,0.000000,clear-ocean,30.000000,60.000000,0.151000,1396,4165860,1068.169231,14.592476,65,12,0,53,0,215,53,1,161,0,0,0,0,0,0,0,0,0,0,0,0,0,0,0,10,43,108,10,43,108,10.134802,11.617074,30.083461,0.000000,0.000000,0.000000,0,0,0,9983.080231,9.502949,125.308359,9189.468923,565.990638,163.958115,8462.507068,0.000000,0.000000,9192.455821,9983.080231,790.624410,5.669499,1.642360,84.768497,0.000000,7.919644,14.848357,11.383390,3.403507,0.245219,5,0.000000,0,0,0,100.000000,3.868719,100.000000,23.912397,2963.549727,11380.019370,-0.000000,0.040596
7380.000000,pure-acoustic,none,hardware,1,0,0,1,priority,0.000500,180,15,hybrid,0.050000,4000.000000,6.087000,52.000000,500.000000,500.000000,2.000000,120.000000,0.000000,161,108,161,0,161,10,43,108,0,0,0,0,0,0,0,0,0.000000,0.000000,0.000000,clear-ocean,30.000000,60.000000,0.151000,1396,4165860,1068.169231,14.473838,65,12,0,53,0,215,53,1,161,0,0,0,0,0,0,0,0,0,0,0,0,0,0,0,10,43,108,10,43,108,10.134802,11.617074,30.083461,0.000000,0.000000,0.000000,0,0,0,9988.480231,9.502949,125.308359,9189.468923,570.126808,164.992157,8462.736855,0.000000,0.000000,9197.855821,9988.480231,790.624410,5.707843,1.651824,84.724970,0.000000,7.915362,14.848357,11.383390,3.403507,0.243225,5,0.000000,0,0,0,100.000000,3.868719,100.000000,23.912397,2939.455827,11466.126086,-0.000000,13.261771
7440.000000,pure-acoustic,none,hardware,1,0,0,1,priority,0.000500,180,15,hybrid,0.050000,4000.000000,6.087000,52.000000,500.000000,500.000000,2.000000,120.000000,0.000000,161,108,161,0,161,10,43,108,0,0,0,0,0,0,0,0,0.000000,0.000000,0.000000,clear-ocean,30.000000,60.000000,0.151000,1396,4165860,1068.169231,14.357113,65,12,0,53,0,215,53,1,161,0,0,0,0,0,0,0,0,0,0,0,0,0,0,0,10,43,108,10,43,108,10.134802,11.617074,30.083461,0.000000,0.000000,0.000000,0,0,0,9993.880231,9.502949,125.308359,9189.468923,574.262978,166.026200,8462.966643,0.000000,0.000000,9203.255821,9993.880231,790.624410,5.746146,1.661279,84.681490,0.000000,7.911086,14.848357,11.383390,3.403507,0.241263,5,0.000000,0,0,0,100.000000,3.868719,100.000000,23.912397,2915.750538,11552.232802,-0.000000,48.930253
7500.000000,pure-acoustic,none,hardware,1,0,0,1,priority,0.000500,180,15,hybrid,0.050000,4000.000000,6.087000,52.000000,500.000000,500.000000,2.000000,120.000000,0.000000,161,108,161,0,161,10,43,108,0,0,0,0,0,0,0,0,0.000000,0.000000,0.000000,clear-ocean,30.000000,60.000000,0.151000,1396,4165860,1068.169231,14.242256,65,12,0,53,0,215,53,1,161,0,0,0,0,0,0,0,0,0,0,0,0,0,0,0,10,43,108,10,43,108,10.134802,11.617074,30.083461,0.000000,0.000000,0.000000,0,0,0,9999.280231,9.502949,125.308359,9189.468923,578.399148,167.060242,8463.196430,0.000000,0.000000,9208.655821,9999.280231,790.624410,5.784408,1.670723,84.638056,0.000000,7.906813,14.848357,11.383390,3.403507,0.239333,5,0.000000,0,0,0,100.000000,3.868719,100.000000,23.912397,2892.424533,11638.339518,-0.000000,103.663988
7560.000000,pure-acoustic,none,hardware,1,0,0,1,priority,0.000500,180,15,hybrid,0.050000,4000.000000,6.087000,52.000000,500.000000,500.000000,2.000000,120.000000,0.000000,161,108,161,0,161,10,43,108,0,0,0,0,0,0,0,0,0.000000,0.000000,0.000000,clear-ocean,30.000000,60.000000,0.151000,1396,4165860,1068.169231,14.129223,65,12,0,53,0,215,53,1,161,0,0,0,0,0,0,0,0,0,0,0,0,0,0,0,10,43,108,10,43,108,10.134802,11.617074,30.083461,0.000000,0.000000,0.000000,0,0,0,10004.680231,9.502949,125.308359,9189.468923,582.535319,168.094285,8463.426217,0.000000,0.000000,9214.055821,10004.680231,790.624410,5.822628,1.680156,84.594670,0.000000,7.902546,14.848357,11.383390,3.403507,0.237434,5,0.000000,0,0,0,100.000000,3.868719,100.000000,23.912397,2869.468783,11724.446234,-0.000000,172.273173
7620.000000,pure-acoustic,none,hardware,1,0,0,1,priority,0.000500,180,15,hybrid,0.050000,4000.000000,6.087000,52.000000,500.000000,500.000000,2.000000,120.000000,0.000000,161,108,161,0,161,10,43,108,0,0,0,0,0,0,0,0,0.000000,0.000000,0.000000,clear-ocean,30.000000,60.000000,0.151000,1396,4165860,1068.169231,14.017969,65,12,0,53,0,215,53,1,161,0,0,0,0,0,0,0,0,0,0,0,0,0,0,0,10,43,108,10,43,108,10.134802,11.617074,30.083461,0.000000,0.000000,0.000000,0,0,0,10010.080231,9.502949,125.308359,9189.468923,586.671489,169.128327,8463.656004,0.000000,0.000000,9219.455821,10010.080231,790.624410,5.860807,1.689580,84.551330,0.000000,7.898282,14.848357,11.383390,3.403507,0.235564,5,0.000000,0,0,0,100.000000,3.868719,100.000000,23.912397,2846.874541,11810.552950,-0.000000,248.252347
7680.000000,pure-acoustic,none,hardware,1,0,0,1,priority,0.000500,180,15,hybrid,0.050000,4000.000000,6.087000,52.000000,500.000000,500.000000,2.000000,120.000000,0.000000,161,108,161,0,161,10,43,108,0,0,0,0,0,0,0,0,0.000000,0.000000,0.000000,clear-ocean,30.000000,60.000000,0.151000,1396,4165860,1068.169231,13.908454,65,12,0,53,0,215,53,1,161,0,0,0,0,0,0,0,0,0,0,0,0,0,0,0,10,43,108,10,43,108,10.134802,11.617074,30.083461,0.000000,0.000000,0.000000,0,0,0,10015.480231,9.502949,125.308359,9189.468923,590.807659,170.162370,8463.885792,0.000000,0.000000,9224.855821,10015.480231,790.624410,5.898945,1.698994,84.508038,0.000000,7.894024,14.848357,11.383390,3.403507,0.233724,5,0.000000,0,0,0,100.000000,3.868719,100.000000,23.912397,2824.633333,11896.659666,-0.000000,324.397231
7740.000000,pure-acoustic,none,hardware,1,0,0,1,priority,0.000500,180,15,hybrid,0.050000,4000.000000,6.087000,52.000000,500.000000,500.000000,2.000000,120.000000,0.000000,161,108,161,0,161,10,43,108,0,0,0,0,0,0,0,0,0.000000,0.000000,0.000000,clear-ocean,30.000000,60.000000,0.151000,1396,4165860,1068.169231,13.800636,65,12,0,53,0,215,53,1,161,0,0,0,0,0,0,0,0,0,0,0,0,0,0,0,10,43,108,10,43,108,10.134802,11.617074,30.083461,0.000000,0.000000,0.000000,0,0,0,10020.880231,9.502949,125.308359,9189.468923,594.943829,171.196412,8464.115579,0.000000,0.000000,9230.255821,10020.880231,790.624410,5.937042,1.708397,84.464791,0.000000,7.889770,14.848357,11.383390,3.403507,0.231912,5,0.000000,0,0,0,100.000000,3.868719,100.000000,23.912397,2802.736951,11982.766383,-0.000000,393.487836
7800.000000,pure-acoustic,none,hardware,1,0,0,1,priority,0.000500,180,15,hybrid,0.050000,4000.000000,6.087000,52.000000,500.000000,500.000000,2.000000,120.000000,0.000000,161,108,161,0,161,10,43,108,0,0,0,0,0,0,0,0,0.000000,0.000000,0.000000,clear-ocean,30.000000,60.000000,0.151000,1396,4165860,1068.169231,13.694477,65,12,0,53,0,215,53,1,161,0,0,0,0,0,0,0,0,0,0,0,0,0,0,0,10,43,108,10,43,108,10.134802,11.617074,30.083461,0.000000,0.000000,0.000000,0,0,0,10026.280231,9.502949,125.308359,9189.468923,599.079999,172.230455,8464.345366,0.000000,0.000000,9235.655821,10026.280231,790.624410,5.975097,1.717790,84.421592,0.000000,7.885521,14.848357,11.383390,3.403507,0.230128,5,0.000000,0,0,0,100.000000,3.868719,100.000000,23.912397,2781.177436,12068.873099,-0.000000,448.973053
7860.000000,pure-acoustic,none,hardware,1,0,0,1,priority,0.000500,180,15,hybrid,0.050000,4000.000000,6.087000,52.000000,500.000000,500.000000,2.000000,120.000000,0.000000,161,108,161,0,161,10,43,108,0,0,0,0,0,0,0,0,0.000000,0.000000,0.000000,clear-ocean,30.000000,60.000000,0.151000,1396,4165860,1068.169231,13.589939,65,12,0,53,0,215,53,1,161,0,0,0,0,0,0,0,0,0,0,0,0,0,0,0,10,43,108,10,43,108,10.134802,11.617074,30.083461,0.000000,0.000000,0.000000,0,0,0,10031.680231,9.502949,125.308359,9189.468923,603.216170,173.264498,8464.575153,0.000000,0.000000,9241.055821,10031.680231,790.624410,6.013112,1.727173,84.378439,0.000000,7.881276,14.848357,11.383390,3.403507,0.228372,5,0.000000,0,0,0,100.000000,3.868719,100.000000,23.912397,2759.947074,12154.979815,-0.000000,485.591824
7920.000000,pure-acoustic,none,hardware,1,0,0,1,priority,0.000500,180,15,hybrid,0.050000,4000.000000,6.087000,52.000000,500.000000,500.000000,2.000000,120.000000,0.000000,161,108,161,0,161,10,43,108,0,0,0,0,0,0,0,0,0.000000,0.000000,0.000000,clear-ocean,30.000000,60.000000,0.151000,1396,4165860,1068.169231,13.486985,65,12,0,53,0,215,53,1,161,0,0,0,0,0,0,0,0,0,0,0,0,0,0,0,10,43,108,10,43,108,10.134802,11.617074,30.083461,0.000000,0.000000,0.000000,0,0,0,10037.080231,9.502949,125.308359,9189.468923,607.352340,174.298540,8464.804941,0.000000,0.000000,9246.455821,10037.080231,790.624410,6.051086,1.736546,84.335332,0.000000,7.877036,14.848357,11.383390,3.403507,0.226641,5,0.000000,0,0,0,100.000000,3.868719,100.000000,23.912397,2739.038384,12241.086531,-0.000000,499.871988
7980.000000,pure-acoustic,none,hardware,1,0,0,1,priority,0.000500,180,15,hybrid,0.050000,4000.000000,6.087000,52.000000,500.000000,500.000000,2.000000,120.000000,0.000000,161,108,161,0,161,10,43,108,0,0,0,0,0,0,0,0,0.000000,0.000000,0.000000,clear-ocean,30.000000,60.000000,0.151000,1396,4165860,1068.169231,13.385579,65,12,0,53,0,215,53,1,161,0,0,0,0,0,0,0,0,0,0,0,0,0,0,0,10,43,108,10,43,108,10.134802,11.617074,30.083461,0.000000,0.000000,0.000000,0,0,0,10042.480231,9.502949,125.308359,9189.468923,611.488510,175.332583,8465.034728,0.000000,0.000000,9251.855821,10042.480231,790.624410,6.089019,1.745909,84.292272,0.000000,7.872800,14.848357,11.383390,3.403507,0.224937,5,0.000000,0,0,0,100.000000,3.868719,100.000000,23.912397,2718.444110,12327.193247,0.000000,490.459514
8040.000000,pure-acoustic,none,hardware,1,0,0,1,priority,0.000500,180,15,hybrid,0.050000,4000.000000,6.087000,52.000000,500.000000,500.000000,2.000000,120.000000,0.000000,161,108,161,0,161,10,43,108,0,0,0,0,0,0,0,0,0.000000,0.000000,0.000000,clear-ocean,30.000000,60.000000,0.151000,1396,4165860,1068.169231,13.285687,65,12,0,53,0,215,53,1,161,0,0,0,0,0,0,0,0,0,0,0,0,0,0,0,10,43,108,10,43,108,10.134802,11.617074,30.083461,0.000000,0.000000,0.000000,0,0,0,10047.880231,9.502949,125.308359,9189.468923,615.624680,176.366625,8465.264515,0.000000,0.000000,9257.255821,10047.880231,790.624410,6.126911,1.755262,84.249258,0.000000,7.868569,14.848357,11.383390,3.403507,0.223259,5,0.000000,0,0,0,100.000000,3.868719,100.000000,23.912397,2698.157214,12413.299963,0.000000,458.246884
8100.000000,pure-acoustic,none,hardware,1,0,0,1,priority,0.000500,180,15,hybrid,0.050000,4000.000000,6.087000,52.000000,500.000000,500.000000,2.000000,120.000000,0.000000,161,108,161,0,161,10,43,108,0,0,0,0,0,0,0,0,0.000000,0.000000,0.000000,clear-ocean,30.000000,60.000000,0.151000,1396,4165860,1068.169231,13.187274,65,12,0,53,0,215,53,1,161,0,0,0,0,0,0,0,0,0,0,0,0,0,0,0,10,43,108,10,43,108,10.134802,11.617074,30.083461,0.000000,0.000000,0.000000,0,0,0,10053.280231,9.502949,125.308359,9189.468923,619.760851,177.400668,8465.494302,0.000000,0.000000,9262.655821,10053.280231,790.624410,6.164763,1.764605,84.206290,0.000000,7.864343,14.848357,11.383390,3.403507,0.221605,5,0.000000,0,0,0,100.000000,3.868719,100.000000,23.912397,2678.170864,12499.406680,0.000000,406.288471
8160.000000,pure-acoustic,none,hardware,1,0,0,1,priority,0.000500,180,15,hybrid,0.050000,4000.000000,6.087000,52.000000,500.000000,500.000000,2.000000,120.000000,0.000000,161,108,161,0,161,10,43,108,0,0,0,0,0,0,0,0,0.000000,0.000000,0.000000,clear-ocean,30.000000,60.000000,0.151000,1396,4165860,1068.169231,13.090309,65,12,0,53,0,215,53,1,161,0,0,0,0,0,0,0,0,0,0,0,0,0,0,0,10,43,108,10,43,108,10.134802,11.617074,30.083461,0.000000,0.000000,0.000000,0,0,0,10058.680231,9.502949,125.308359,9189.468923,623.897021,178.434710,8465.724089,0.000000,0.000000,9268.055821,10058.680231,790.624410,6.202573,1.773938,84.163368,0.000000,7.860121,14.848357,11.383390,3.403507,0.219975,5,0.000000,0,0,0,100.000000,3.868719,100.000000,23.912397,2658.478431,12585.513396,0.000000,339.510925
8220.000000,pure-acoustic,none,hardware,1,0,0,1,priority,0.000500,180,15,hybrid,0.050000,4000.000000,6.087000,52.000000,500.000000,500.000000,2.000000,120.000000,0.000000,161,108,161,0,161,10,43,108,0,0,0,0,0,0,0,0,0.000000,0.000000,0.000000,clear-ocean,30.000000,60.000000,0.151000,1396,4165860,1068.169231,12.994759,65,12,0,53,0,215,53,1,161,0,0,0,0,0,0,0,0,0,0,0,0,0,0,0,10,43,108,10,43,108,10.134802,11.617074,30.083461,0.000000,0.000000,0.000000,0,0,0,10064.080231,9.502949,125.308359,9189.468923,628.033191,179.468753,8465.953877,0.000000,0.000000,9273.455821,10064.080231,790.624410,6.240344,1.783260,84.120493,0.000000,7.855903,14.848357,11.383390,3.403507,0.218370,5,0.000000,0,0,0,100.000000,3.868719,100.000000,23.912397,2639.073479,12528.379888,0.000000,385.182255
8280.000000,pure-acoustic,none,hardware,1,0,0,1,priority,0.000500,180,15,hybrid,0.050000,4000.000000,6.087000,52.000000,500.000000,500.000000,2.000000,120.000000,0.000000,161,108,161,0,161,10,43,108,0,0,0,0,0,0,0,0,0.000000,0.000000,0.000000,clear-ocean,30.000000,60.000000,0.151000,1396,4165860,1068.169231,12.900595,65,12,0,53,0,215,53,1,161,0,0,0,0,0,0,0,0,0,0,0,0,0,0,0,10,43,108,10,43,108,10.134802,11.617074,30.083461,0.000000,0.000000,0.000000,0,0,0,10069.480231,9.502949,125.308359,9189.468923,632.169361,180.502795,8466.183664,0.000000,0.000000,9278.855821,10069.480231,790.624410,6.278073,1.792573,84.077663,0.000000,7.851690,14.848357,11.383390,3.403507,0.216787,5,0.000000,0,0,0,100.000000,3.868719,100.000000,23.912397,2619.949758,12442.273172,0.000000,442.758027
8340.000000,pure-acoustic,none,hardware,1,0,0,1,priority,0.000500,180,15,hybrid,0.050000,4000.000000,6.087000,52.000000,500.000000,500.000000,2.000000,120.000000,0.000000,161,108,161,0,161,10,43,108,0,0,0,0,0,0,0,0,0.000000,0.000000,0.000000,clear-ocean,30.000000,60.000000,0.151000,1396,4165860,1068.169231,12.807785,65,12,0,53,0,215,53,1,161,0,0,0,0,0,0,0,0,0,0,0,0,0,0,0,10,43,108,10,43,108,10.134802,11.617074,30.083461,0.000000,0.000000,0.000000,0,0,0,10074.880231,9.502949,125.308359,9189.468923,636.305531,181.536838,8466.413451,0.000000,0.000000,9284.255821,10074.880231,790.624410,6.315763,1.801876,84.034879,0.000000,7.847482,14.848357,11.383390,3.403507,0.215228,5,0.000000,0,0,0,100.000000,3.868719,100.000000,23.912397,2601.101199,12356.166456,0.000000,482.056655
8400.000000,pure-acoustic,none,hardware,1,0,0,1,priority,0.000500,180,15,hybrid,0.050000,4000.000000,6.087000,52.000000,500.000000,500.000000,2.000000,120.000000,0.000000,161,108,161,0,161,10,43,108,0,0,0,0,0,0,0,0,0.000000,0.000000,0.000000,clear-ocean,30.000000,60.000000,0.151000,1396,4165860,1068.169231,12.716300,65,12,0,53,0,215,53,1,161,0,0,0,0,0,0,0,0,0,0,0,0,0,0,0,10,43,108,10,43,108,10.134802,11.617074,30.083461,0.000000,0.000000,0.000000,0,0,0,10080.280231,9.502949,125.308359,9189.468923,640.441702,182.570881,8466.643238,0.000000,0.000000,9289.655821,10080.280231,790.624410,6.353412,1.811169,83.992142,0.000000,7.843278,14.848357,11.383390,3.403507,0.213690,5,0.000000,0,0,0,100.000000,3.868719,100.000000,23.912397,2582.521905,12270.059740,0.000000,499.351878
8460.000000,pure-acoustic,none,hardware,1,0,0,1,priority,0.000500,180,15,hybrid,0.050000,4000.000000,6.087000,52.000000,500.000000,500.000000,2.000000,120.000000,0.000000,161,108,161,0,161,10,43,108,0,0,0,0,0,0,0,0,0.000000,0.000000,0.000000,clear-ocean,30.000000,60.000000,0.151000,1396,4165860,1068.169231,12.626114,65,12,0,53,0,215,53,1,161,0,0,0,0,0,0,0,0,0,0,0,0,0,0,0,10,43,108,10,43,108,10.134802,11.617074,30.083461,0.000000,0.000000,0.000000,0,0,0,10085.680231,9.502949,125.308359,9189.468923,644.577872,183.604923,8466.873026,0.000000,0.000000,9295.055821,10085.680231,790.624410,6.391020,1.820452,83.949449,0.000000,7.839079,14.848357,11.383390,3.403507,0.212175,5,0.000000,0,0,0,100.000000,3.868719,100.000000,23.912397,2564.206147,12183.953024,-0.000000,493.003780
8520.000000,pure-acoustic,none,hardware,1,0,0,1,priority,0.000500,180,15,hybrid,0.050000,4000.000000,6.087000,52.000000,500.000000,500.000000,2.000000,120.000000,0.000000,161,108,161,0,161,10,43,108,0,0,0,0,0,0,0,0,0.000000,0.000000,0.000000,clear-ocean,30.000000,60.000000,0.151000,1396,4165860,1068.169231,12.537198,65,12,0,53,0,215,53,1,161,0,0,0,0,0,0,0,0,0,0,0,0,0,0,0,10,43,108,10,43,108,10.134802,11.617074,30.083461,0.000000,0.000000,0.000000,0,0,0,10091.080231,9.502949,125.308359,9189.468923,648.714042,184.638966,8467.102813,0.000000,0.000000,9300.455821,10091.080231,790.624410,6.428589,1.829724,83.906803,0.000000,7.834884,14.848357,11.383390,3.403507,0.210681,5,0.000000,0,0,0,100.000000,3.868719,100.000000,23.912397,2546.148357,12097.846307,-0.000000,463.614281
8580.000000,pure-acoustic,none,hardware,1,0,0,1,priority,0.000500,180,15,hybrid,0.050000,4000.000000,6.087000,52.000000,500.000000,500.000000,2.000000,120.000000,0.000000,161,108,161,0,161,10,43,108,0,0,0,0,0,0,0,0,0.000000,0.000000,0.000000,clear-ocean,30.000000,60.000000,0.151000,1396,4165860,1068.169231,12.449525,65,12,0,53,0,215,53,1,161,0,0,0,0,0,0,0,0,0,0,0,0,0,0,0,10,43,108,10,43,108,10.134802,11.617074,30.083461,0.000000,0.000000,0.000000,0,0,0,10096.480231,9.502949,125.308359,9189.468923,652.850212,185.673008,8467.332600,0.000000,0.000000,9305.855821,10096.480231,790.624410,6.466117,1.838987,83.864202,0.000000,7.830693,14.848357,11.383390,3.403507,0.209207,5,0.000000,0,0,0,100.000000,3.868719,100.000000,23.912397,2528.343124,12011.739591,-0.000000,413.970067
8640.000000,pure-acoustic,none,hardware,1,0,0,1,priority,0.000500,180,15,hybrid,0.050000,4000.000000,6.087000,52.000000,500.000000,500.000000,2.000000,120.000000,0.000000,161,108,161,0,161,10,43,108,0,0,0,0,0,0,0,0,0.000000,0.000000,0.000000,clear-ocean,30.000000,60.000000,0.151000,1396,4165860,1068.169231,12.363070,65,12,0,53,0,215,53,1,161,0,0,0,0,0,0,0,0,0,0,0,0,0,0,0,10,43,108,10,43,108,10.134802,11.617074,30.083461,0.000000,0.000000,0.000000,0,0,0,10101.880231,9.502949,125.308359,9189.468923,656.986382,186.707051,8467.562387,0.000000,0.000000,9311.255821,10101.880231,790.624410,6.503605,1.848241,83.821647,0.000000,7.826507,14.848357,11.383390,3.403507,0.207755,5,0.000000,0,0,0,100.000000,3.868719,100.000000,23.912397,2510.785185,11925.632875,-0.000000,348.778358
8700.000000,pure-acoustic,none,hardware,1,0,0,1,priority,0.000500,180,15,hybrid,0.050000,4000.000000,6.087000,52.000000,500.000000,500.000000,2.000000,120.000000,0.000000,161,108,161,0,161,10,43,108,0,0,0,0,0,0,0,0,0.000000,0.000000,0.000000,clear-ocean,30.000000,60.000000,0.151000,1396,4165860,1068.169231,12.277807,65,12,0,53,0,215,53,1,161,0,0,0,0,0,0,0,0,0,0,0,0,0,0,0,10,43,108,10,43,108,10.134802,11.617074,30.083461,0.000000,0.000000,0.000000,0,0,0,10107.280231,9.502949,125.308359,9189.468923,661.122553,187.741093,8467.792175,0.000000,0.000000,9316.655821,10107.280231,790.624410,6.541053,1.857484,83.779137,0.000000,7.822326,14.848357,11.383390,3.403507,0.206322,5,0.000000,0,0,0,100.000000,3.868719,100.000000,23.912397,2493.469425,11839.526159,-0.000000,274.220573
8760.000000,pure-acoustic,none,hardware,1,0,0,1,priority,0.000500,180,15,hybrid,0.050000,4000.000000,6.087000,52.000000,500.000000,500.000000,2.000000,120.000000,0.000000,161,108,161,0,161,10,43,108,0,0,0,0,0,0,0,0,0.000000,0.000000,0.000000,clear-ocean,30.000000,60.000000,0.151000,1396,4165860,1068.169231,12.193713,65,12,0,53,0,215,53,1,161,0,0,0,0,0,0,0,0,0,0,0,0,0,0,0,10,43,108,10,43,108,10.134802,11.617074,30.083461,0.000000,0.000000,0.000000,0,0,0,10112.680231,9.502949,125.308359,9189.468923,665.258723,188.775136,8468.021962,0.000000,0.000000,9322.055821,10112.680231,790.624410,6.578461,1.866717,83.736673,0.000000,7.818149,14.848357,11.383390,3.403507,0.204909,5,0.000000,0,0,0,100.000000,3.868719,100.000000,23.912397,2476.390868,11753.419443,-0.000000,197.366215
8820.000000,pure-acoustic,none,hardware,1,0,0,1,priority,0.000500,180,15,hybrid,0.050000,4000.000000,6.087000,52.000000,500.000000,500.000000,2.000000,120.000000,0.000000,161,108,161,0,161,10,43,108,0,0,0,0,0,0,0,0,0.000000,0.000000,0.000000,clear-ocean,30.000000,60.000000,0.151000,1396,4165860,1068.169231,12.110762,65,12,0,53,0,215,53,1,161,0,0,0,0,0,0,0,0,0,0,0,0,0,0,0,10,43,108,10,43,108,10.134802,11.617074,30.083461,0.000000,0.000000,0.000000,0,0,0,10118.080231,9.502949,125.308359,9189.468923,669.394893,189.809178,8468.251749,0.000000,0.000000,9327.455821,10118.080231,790.624410,6.615829,1.875941,83.694254,0.000000,7.813976,14.848357,11.383390,3.403507,0.203515,5,0.000000,0,0,0,100.000000,3.868719,100.000000,23.912397,2459.544671,11667.312727,-0.000000,125.502546
8880.000000,pure-acoustic,none,hardware,1,0,0,1,priority,0.000500,180,15,hybrid,0.050000,4000.000000,6.087000,52.000000,500.000000,500.000000,2.000000,120.000000,0.000000,161,108,161,0,161,10,43,108,0,0,0,0,0,0,0,0,0.000000,0.000000,0.000000,clear-ocean,30.000000,60.000000,0.151000,1396,4165860,1068.169231,12.028933,65,12,0,53,0,215,53,1,161,0,0,0,0,0,0,0,0,0,0,0,0,0,0,0,10,43,108,10,43,108,10.134802,11.617074,30.083461,0.000000,0.000000,0.000000,0,0,0,10123.480231,9.502949,125.308359,9189.468923,673.531063,190.843221,8468.481536,0.000000,0.000000,9332.855821,10123.480231,790.624410,6.653157,1.885154,83.651880,0.000000,7.809808,14.848357,11.383390,3.403507,0.202140,5,0.000000,0,0,0,100.000000,3.868719,100.000000,23.912397,2442.926126,11581.206011,-0.000000,65.443614
8940.000000,pure-acoustic,none,hardware,1,0,0,1,priority,0.000500,180,15,hybrid,0.050000,4000.000000,6.087000,52.000000,500.000000,500.000000,2.000000,120.000000,0.000000,161,108,161,0,161,10,43,108,0,0,0,0,0,0,0,0,0.000000,0.000000,0.000000,clear-ocean,30.000000,60.000000,0.151000,1396,4165860,1068.169231,11.948202,65,12,0,53,0,215,53,1,161,0,0,0,0,0,0,0,0,0,0,0,0,0,0,0,10,43,108,10,43,108,10.134802,11.617074,30.083461,0.000000,0.000000,0.000000,0,0,0,10128.880231,9.502949,125.308359,9189.468923,677.667233,191.877264,8468.711324,0.000000,0.000000,9338.255821,10128.880231,790.624410,6.690446,1.894358,83.609551,0.000000,7.805645,14.848357,11.383390,3.403507,0.200783,5,0.000000,0,0,0,100.000000,3.868719,100.000000,23.912397,2426.530649,11495.099294,-0.000000,22.884153
9000.000000,pure-acoustic,none,hardware,1,0,0,1,priority,0.000500,180,15,hybrid,0.050000,4000.000000,6.087000,52.000000,500.000000,500.000000,2.000000,120.000000,0.000000,161,108,161,0,161,10,43,108,0,0,0,0,0,0,0,0,0.000000,0.000000,0.000000,clear-ocean,30.000000,60.000000,0.151000,1396,4165860,1068.169231,11.868547,65,12,0,53,0,215,53,1,161,0,0,0,0,0,0,0,0,0,0,0,0,0,0,0,10,43,108,10,43,108,10.134802,11.617074,30.083461,0.000000,0.000000,0.000000,0,0,0,10134.280231,9.502949,125.308359,9189.468923,681.803404,192.911306,8468.941111,0.000000,0.000000,9343.655821,10134.280231,790.624410,6.727694,1.903552,83.567268,0.000000,7.801486,14.848357,11.383390,3.403507,0.199444,5,0.000000,0,0,0,100.000000,3.868719,100.000000,23.912397,2410.353778,11408.992578,-0.000000,1.859614
9060.000000,pure-acoustic,none,hardware,1,0,0,1,priority,0.000500,180,15,hybrid,0.050000,4000.000000,6.087000,52.000000,500.000000,500.000000,2.000000,120.000000,0.000000,161,108,161,0,161,10,43,108,0,0,0,0,0,0,0,0,0.000000,0.000000,0.000000,clear-ocean,30.000000,60.000000,0.151000,1396,4165860,1068.169231,11.789947,65,12,0,53,0,215,53,1,161,0,0,0,0,0,0,0,0,0,0,0,0,0,0,0,10,43,108,10,43,108,10.134802,11.617074,30.083461,0.000000,0.000000,0.000000,0,0,0,10139.680231,9.502949,125.308359,9189.468923,685.939574,193.945349,8469.170898,0.000000,0.000000,9349.055821,10139.680231,790.624410,6.764903,1.912736,83.525029,0.000000,7.797331,14.848357,11.383390,3.403507,0.198124,5,0.000000,0,0,0,100.000000,3.868719,100.000000,23.912397,2394.391170,11322.885862,0.000000,4.363524
9120.000000,pure-acoustic,none,hardware,1,0,0,1,priority,0.000500,180,15,hybrid,0.050000,4000.000000,6.087000,52.000000,500.000000,500.000000,2.000000,120.000000,0.000000,161,108,161,0,161,10,43,108,0,0,0,0,0,0,0,0,0.000000,0.000000,0.000000,clear-ocean,30.000000,60.000000,0.151000,1396,4165860,1068.169231,11.712382,65,12,0,53,0,215,53,1,161,0,0,0,0,0,0,0,0,0,0,0,0,0,0,0,10,43,108,10,43,108,10.134802,11.617074,30.083461,0.000000,0.000000,0.000000,0,0,0,10145.080231,9.502949,125.308359,9189.468923,690.075744,194.979391,8469.400685,0.000000,0.000000,9354.455821,10145.080231,790.624410,6.802073,1.921911,83.482836,0.000000,7.793180,14.848357,11.383390,3.403507,0.196820,5,0.000000,0,0,0,100.000000,3.868719,100.000000,23.912397,2378.638596,11236.779146,0.000000,30.158465
9180.000000,pure-acoustic,none,hardware,1,0,0,1,priority,0.000500,180,15,hybrid,0.050000,4000.000000,6.087000,52.000000,500.000000,500.000000,2.000000,120.000000,0.000000,161,108,161,0,161,10,43,108,0,0,0,0,0,0,0,0,0.000000,0.000000,0.000000,clear-ocean,30.000000,60.000000,0.151000,1396,4165860,1068.169231,11.635830,65,12,0,53,0,215,53,1,161,0,0,0,0,0,0,0,0,0,0,0,0,0,0,0,10,43,108,10,43,108,10.134802,11.617074,30.083461,0.000000,0.000000,0.000000,0,0,0,10150.480231,9.502949,125.308359,9189.468923,694.211914,196.013434,8469.630472,0.000000,0.000000,9359.855821,10150.480231,790.624410,6.839203,1.931075,83.440687,0.000000,7.789035,14.848357,11.383390,3.403507,0.195534,5,0.000000,0,0,0,100.000000,3.868719,100.000000,23.912397,2363.091939,11150.672430,0.000000,76.798583
9240.000000,pure-acoustic,none,hardware,1,0,0,1,priority,0.000500,180,15,hybrid,0.050000,4000.000000,6.087000,52.000000,500.000000,500.000000,2.000000,120.000000,0.000000,161,108,161,0,161,10,43,108,0,0,0,0,0,0,0,0,0.000000,0.000000,0.000000,clear-ocean,30.000000,60.000000,0.151000,1396,4165860,1068.169231,11.560273,65,12,0,53,0,215,53,1,161,0,0,0,0,0,0,0,0,0,0,0,0,0,0,0,10,43,108,10,43,108,10.134802,11.617074,30.083461,0.000000,0.000000,0.000000,0,0,0,10155.880231,9.502949,125.308359,9189.468923,698.348085,197.047476,8469.860260,0.000000,0.000000,9365.255821,10155.880231,790.624410,6.876293,1.940230,83.398584,0.000000,7.784893,14.848357,11.383390,3.403507,0.194264,5,0.000000,0,0,0,100.000000,3.868719,100.000000,23.912397,2347.747186,11064.565714,0.000000,139.861505
9300.000000,pure-acoustic,none,hardware,1,0,0,1,priority,0.000500,180,15,hybrid,0.050000,4000.000000,6.087000,52.000000,500.000000,500.000000,2.000000,120.000000,0.000000,161,108,161,0,161,10,43,108,0,0,0,0,0,0,0,0,0.000000,0.000000,0.000000,clear-ocean,30.000000,60.000000,0.151000,1396,4165860,1068.169231,11.485691,65,12,0,53,0,215,53,1,161,0,0,0,0,0,0,0,0,0,0,0,0,0,0,0,10,43,108,10,43,108,10.134802,11.617074,30.083461,0.000000,0.000000,0.000000,0,0,0,10161.280231,9.502949,125.308359,9189.468923,702.484255,198.081519,8470.090047,0.000000,0.000000,9370.655821,10161.280231,790.624410,6.913344,1.949376,83.356525,0.000000,7.780756,14.848357,11.383390,3.403507,0.193011,5,0.000000,0,0,0,100.000000,3.868719,100.000000,23.912397,2332.600430,10978.458998,0.000000,213.367661
9360.000000,pure-acoustic,none,hardware,1,0,0,1,priority,0.000500,180,15,hybrid,0.050000,4000.000000,6.087000,52.000000,500.000000,500.000000,2.000000,120.000000,0.000000,161,108,161,0,161,10,43,108,0,0,0,0,0,0,0,0,0.000000,0.000000,0.000000,clear-ocean,30.000000,60.000000,0.151000,1396,4165860,1068.169231,11.412064,65,12,0,53,0,215,53,1,161,0,0,0,0,0,0,0,0,0,0,0,0,0,0,0,10,43,108,10,43,108,10.134802,11.617074,30.083461,0.000000,0.000000,0.000000,0,0,0,10166.680231,9.502949,125.308359,9189.468923,706.620425,199.115561,8470.319834,0.000000,0.000000,9376.055821,10166.680231,790.624410,6.950356,1.958511,83.314510,0.000000,7.776623,14.848357,11.383390,3.403507,0.191774,5,0.000000,0,0,0,100.000000,3.868719,100.000000,23.912397,2317.647863,10892.352281,0.000000,290.347262
9420.000000,pure-acoustic,none,hardware,1,0,0,1,priority,0.000500,180,15,hybrid,0.050000,4000.000000,6.087000,52.000000,500.000000,500.000000,2.000000,120.000000,0.000000,161,108,161,0,161,10,43,108,0,0,0,0,0,0,0,0,0.000000,0.000000,0.000000,clear-ocean,30.000000,60.000000,0.151000,1396,4165860,1068.169231,11.339376,65,12,0,53,0,215,53,1,161,0,0,0,0,0,0,0,0,0,0,0,0,0,0,0,10,43,108,10,43,108,10.134802,11.617074,30.083461,0.000000,0.000000,0.000000,0,0,0,10172.080231,9.502949,125.308359,9189.468923,710.756595,200.149604,8470.549621,0.000000,0.000000,9381.455821,10172.080231,790.624410,6.987328,1.967637,83.272540,0.000000,7.772495,14.848357,11.383390,3.403507,0.190552,5,0.000000,0,0,0,100.000000,3.868719,100.000000,23.912397,2302.885775,10806.245565,0.000000,363.501172
9480.000000,pure-acoustic,none,hardware,1,0,0,1,priority,0.000500,180,15,hybrid,0.050000,4000.000000,6.087000,52.000000,500.000000,500.000000,2.000000,120.000000,0.000000,161,108,161,0,161,10,43,108,0,0,0,0,0,0,0,0,0.000000,0.000000,0.000000,clear-ocean,30.000000,60.000000,0.151000,1396,4165860,1068.169231,11.267608,65,12,0,53,0,215,53,1,161,0,0,0,0,0,0,0,0,0,0,0,0,0,0,0,10,43,108,10,43,108,10.134802,11.617074,30.083461,0.000000,0.000000,0.000000,0,0,0,10177.480231,9.502949,125.308359,9189.468923,714.892765,201.183646,8470.779409,0.000000,0.000000,9386.855821,10177.480231,790.624410,7.024261,1.976753,83.230615,0.000000,7.768371,14.848357,11.383390,3.403507,0.189346,5,0.000000,0,0,0,100.000000,3.868719,100.000000,23.912397,2288.310549,10720.138849,0.000000,425.893002
9540.000000,pure-acoustic,none,hardware,1,0,0,1,priority,0.000500,180,15,hybrid,0.050000,4000.000000,6.087000,52.000000,500.000000,500.000000,2.000000,120.000000,0.000000,161,108,161,0,161,10,43,108,0,0,0,0,0,0,0,0,0.000000,0.000000,0.000000,clear-ocean,30.000000,60.000000,0.151000,1396,4165860,1068.169231,11.196742,65,12,0,53,0,215,53,1,161,0,0,0,0,0,0,0,0,0,0,0,0,0,0,0,10,43,108,10,43,108,10.134802,11.617074,30.083461,0.000000,0.000000,0.000000,0,0,0,10182.880231,9.502949,125.308359,9189.468923,719.028936,202.217689,8471.009196,0.000000,0.000000,9392.255821,10182.880231,790.624410,7.061155,1.985859,83.188734,0.000000,7.764251,14.848357,11.383390,3.403507,0.188155,5,0.000000,0,0,0,100.000000,3.868719,100.000000,23.912397,2273.918658,10634.032133,0.000000,471.606815
9600.000000,pure-acoustic,none,hardware,1,0,0,1,priority,0.000500,180,15,hybrid,0.050000,4000.000000,6.087000,52.000000,500.000000,500.000000,2.000000,120.000000,0.000000,161,108,161,0,161,10,43,108,0,0,0,0,0,0,0,0,0.000000,0.000000,0.000000,clear-ocean,30.000000,60.000000,0.151000,1396,4165860,1068.169231,11.126763,65,12,0,53,0,215,53,1,161,0,0,0,0,0,0,0,0,0,0,0,0,0,0,0,10,43,108,10,43,108,10.134802,11.617074,30.083461,0.000000,0.000000,0.000000,0,0,0,10188.280231,9.502949,125.308359,9189.468923,723.165106,203.251732,8471.238983,0.000000,0.000000,9397.655821,10188.280231,790.624410,7.098010,1.994956,83.146898,0.000000,7.760136,14.848357,11.383390,3.403507,0.186979,5,0.000000,0,0,0,100.000000,3.868719,100.000000,23.912397,2259.706667,10547.925417,0.000000,496.308069
9660.000000,pure-acoustic,none,hardware,1,0,0,1,priority,0.000500,180,15,hybrid,0.050000,4000.000000,6.087000,52.000000,500.000000,500.000000,2.000000,120.000000,0.000000,161,108,161,0,161,10,43,108,0,0,0,0,0,0,0,0,0.000000,0.000000,0.000000,clear-ocean,30.000000,60.000000,0.151000,1396,4165860,1068.169231,11.057652,65,12,0,53,0,215,53,1,161,0,0,0,0,0,0,0,0,0,0,0,0,0,0,0,10,43,108,10,43,108,10.134802,11.617074,30.083461,0.000000,0.000000,0.000000,0,0,0,10193.680231,9.502949,125.308359,9189.468923,727.301276,204.285774,8471.468770,0.000000,0.000000,9403.055821,10193.680231,790.624410,7.134825,2.004043,83.105106,0.000000,7.756025,14.848357,11.383390,3.403507,0.185818,5,0.000000,0,0,0,100.000000,3.868719,100.000000,23.912397,2245.671222,10461.818701,-0.000000,497.654611
9720.000000,pure-acoustic,none,hardware,1,0,0,1,priority,0.000500,180,15,hybrid,0.050000,4000.000000,6.087000,52.000000,500.000000,500.000000,2.000000,120.000000,0.000000,161,108,161,0,161,10,43,108,0,0,0,0,0,0,0,0,0.000000,0.000000,0.000000,clear-ocean,30.000000,60.000000,0.151000,1396,4165860,1068.169231,10.989395,65,12,0,53,0,215,53,1,161,0,0,0,0,0,0,0,0,0,0,0,0,0,0,0,10,43,108,10,43,108,10.134802,11.617074,30.083461,0.000000,0.000000,0.000000,0,0,0,10199.080231,9.502949,125.308359,9189.468923,731.437446,205.319817,8471.698558,0.000000,0.000000,9408.455821,10199.080231,790.624410,7.171602,2.013121,83.063358,0.000000,7.751919,14.848357,11.383390,3.403507,0.184671,5,0.000000,0,0,0,100.000000,3.868719,100.000000,23.912397,2231.809053,10375.711985,-0.000000,475.518765
9780.000000,pure-acoustic,none,hardware,1,0,0,1,priority,0.000500,180,15,hybrid,0.050000,4000.000000,6.087000,52.000000,500.000000,500.000000,2.000000,120.000000,0.000000,161,108,161,0,161,10,43,108,0,0,0,0,0,0,0,0,0.000000,0.000000,0.000000,clear-ocean,30.000000,60.000000,0.151000,1396,4165860,1068.169231,10.921976,65,12,0,53,0,215,53,1,161,0,0,0,0,0,0,0,0,0,0,0,0,0,0,0,10,43,108,10,43,108,10.134802,11.617074,30.083461,0.000000,0.000000,0.000000,0,0,0,10204.480231,9.502949,125.308359,9189.468923,735.573616,206.353859,8471.928345,0.000000,0.000000,9413.855821,10204.480231,790.624410,7.208340,2.022189,83.021655,0.000000,7.747817,14.848357,11.383390,3.403507,0.183538,5,0.000000,0,0,0,100.000000,3.868719,100.000000,23.912397,2218.116973,10289.605268,-0.000000,431.999432
9840.000000,pure-acoustic,none,hardware,1,0,0,1,priority,0.000500,180,15,hybrid,0.050000,4000.000000,6.087000,52.000000,500.000000,500.000000,2.000000,120.000000,0.000000,161,108,161,0,161,10,43,108,0,0,0,0,0,0,0,0,0.000000,0.000000,0.000000,clear-ocean,30.000000,60.000000,0.151000,1396,4165860,1068.169231,10.855378,65,12,0,53,0,215,53,1,161,0,0,0,0,0,0,0,0,0,0,0,0,0,0,0,10,43,108,10,43,108,10.134802,11.617074,30.083461,0.000000,0.000000,0.000000,0,0,0,10209.880231,9.502949,125.308359,9189.468923,739.709787,207.387902,8472.158132,0.000000,0.000000,9419.255821,10209.880231,790.624410,7.245039,2.031247,82.979995,0.000000,7.743719,14.848357,11.383390,3.403507,0.182419,5,0.000000,0,0,0,100.000000,3.868719,100.000000,23.912397,2204.591870,10203.498552,-0.000000,371.223075
9900.000000,pure-acoustic,none,hardware,1,0,0,1,priority,0.000500,180,15,hybrid,0.050000,4000.000000,6.087000,52.000000,500.000000,500.000000,2.000000,120.000000,0.000000,161,108,161,0,161,10,43,108,0,0,0,0,0,0,0,0,0.000000,0.000000,0.000000,clear-ocean,30.000000,60.000000,0.151000,1396,4165860,1068.169231,10.789588,65,12,0,53,0,215,53,1,161,0,0,0,0,0,0,0,0,0,0,0,0,0,0,0,10,43,108,10,43,108,10.134802,11.617074,30.083461,0.000000,0.000000,0.000000,0,0,0,10215.280231,9.502949,125.308359,9189.468923,743.845957,208.421944,8472.387919,0.000000,0.000000,9424.655821,10215.280231,790.624410,7.281699,2.040296,82.938380,0.000000,7.739625,14.848357,11.383390,3.403507,0.181313,5,0.000000,0,0,0,100.000000,3.868719,100.000000,23.912397,2191.230707,10117.391836,-0.000000,298.952455
9960.000000,pure-acoustic,none,hardware,1,0,0,1,priority,0.000500,180,15,hybrid,0.050000,4000.000000,6.087000,52.000000,500.000000,500.000000,2.000000,120.000000,0.000000,161,108,161,0,161,10,43,108,0,0,0,0,0,0,0,0,0.000000,0.000000,0.000000,clear-ocean,30.000000,60.000000,0.151000,1396,4165860,1068.169231,10.724591,65,12,0,53,0,215,53,1,161,0,0,0,0,0,0,0,0,0,0,0,0,0,0,0,10,43,108,10,43,108,10.134802,11.617074,30.083461,0.000000,0.000000,0.000000,0,0,0,10220.680231,9.502949,125.308359,9189.468923,747.982127,209.455987,8472.617706,0.000000,0.000000,9430.055821,10220.680231,790.624410,7.318320,2.049335,82.896808,0.000000,7.735536,14.848357,11.383390,3.403507,0.180221,5,0.000000,0,0,0,100.000000,3.868719,100.000000,23.912397,2178.030522,10031.285120,-0.000000,222.040207
10020.000000,pure-acoustic,none,hardware,1,0,0,1,priority,0.000500,180,15,hybrid,0.050000,4000.000000,6.087000,52.000000,500.000000,500.000000,2.000000,120.000000,0.000000,161,108,161,0,161,10,43,108,0,0,0,0,0,0,0,0,0.000000,0.000000,0.000000,clear-ocean,30.000000,60.000000,0.151000,1396,4165860,1068.169231,10.660372,65,12,0,53,0,215,53,1,161,0,0,0,0,0,0,0,0,0,0,0,0,0,0,0,10,43,108,10,43,108,10.134802,11.617074,30.083461,0.000000,0.000000,0.000000,0,0,0,10226.080231,9.502949,125.308359,9189.468923,752.118297,210.490029,8472.847494,0.000000,0.000000,9435.455821,10226.080231,790.624410,7.354903,2.058365,82.855281,0.000000,7.731451,14.848357,11.383390,3.403507,0.179142,5,0.000000,0,0,0,100.000000,3.868719,100.000000,23.912397,2164.988423,9945.178404,-0.000000,147.779081
10080.000000,pure-acoustic,none,hardware,1,0,0,1,priority,0.000500,180,15,hybrid,0.050000,4000.000000,6.087000,52.000000,500.000000,500.000000,2.000000,120.000000,0.000000,161,108,161,0,161,10,43,108,0,0,0,0,0,0,0,0,0.000000,0.000000,0.000000,clear-ocean,30.000000,60.000000,0.151000,1396,4165860,1068.169231,10.596917,65,12,0,53,0,215,53,1,161,0,0,0,0,0,0,0,0,0,0,0,0,0,0,0,10,43,108,10,43,108,10.134802,11.617074,30.083461,0.000000,0.000000,0.000000,0,0,0,10231.480231,9.502949,125.308359,9189.468923,756.254468,211.524072,8473.077281,0.000000,0.000000,9440.855821,10231.480231,790.624410,7.391447,2.067385,82.813797,0.000000,7.727371,14.848357,11.383390,3.403507,0.178075,5,0.000000,0,0,0,100.000000,3.868719,100.000000,23.912397,2152.101587,9859.071688,-0.000000,83.210451
10140.000000,pure-acoustic,none,hardware,1,0,0,1,priority,0.000500,180,15,hybrid,0.050000,4000.000000,6.087000,52.000000,500.000000,500.000000,2.000000,120.000000,0.000000,161,108,161,0,161,10,43,108,0,0,0,0,0,0,0,0,0.000000,0.000000,0.000000,clear-ocean,30.000000,60.000000,0.151000,1396,4165860,1068.169231,10.534213,65,12,0,53,0,215,53,1,161,0,0,0,0,0,0,0,0,0,0,0,0,0,0,0,10,43,108,10,43,108,10.134802,11.617074,30.083461,0.000000,0.000000,0.000000,0,0,0,10236.880231,9.502949,125.308359,9189.468923,760.390638,212.558115,8473.307068,0.000000,0.000000,9446.255821,10236.880231,790.624410,7.427953,2.076395,82.772357,0.000000,7.723295,14.848357,11.383390,3.403507,0.177022,5,0.000000,0,0,0,100.000000,3.868719,100.000000,23.912397,2139.367258,9772.964972,-0.000000,34.456658
10200.000000,pure-acoustic,none,hardware,1,0,0,1,priority,0.000500,180,15,hybrid,0.050000,4000.000000,6.087000,52.000000,500.000000,500.000000,2.000000,120.000000,0.000000,161,108,161,0,161,10,43,108,0,0,0,0,0,0,0,0,0.000000,0.000000,0.000000,clear-ocean,30.000000,60.000000,0.151000,1396,4165860,1068.169231,10.472247,65,12,0,53,0,215,53,1,161,0,0,0,0,0,0,0,0,0,0,0,0,0,0,0,10,43,108,10,43,108,10.134802,11.617074,30.083461,0.000000,0.000000,0.000000,0,0,0,10242.280231,9.502949,125.308359,9189.468923,764.526808,213.592157,8473.536855,0.000000,0.000000,9451.655821,10242.280231,790.624410,7.464420,2.085397,82.730961,0.000000,7.719223,14.848357,11.383390,3.403507,0.175980,5,0.000000,0,0,0,100.000000,3.868719,100.000000,23.912397,2126.782745,9686.858255,-0.000000,6.140491
10260.000000,pure-acoustic,none,hardware,1,0,0,1,priority,0.000500,180,15,hybrid,0.050000,4000.000000,6.087000,52.000000,500.000000,500.000000,2.000000,120.000000,0.000000,161,108,161,0,161,10,43,108,0,0,0,0,0,0,0,0,0.000000,0.000000,0.000000,clear-ocean,30.000000,60.000000,0.151000,1396,4165860,1068.169231,10.411006,65,12,0,53,0,215,53,1,161,0,0,0,0,0,0,0,0,0,0,0,0,0,0,0,10,43,108,10,43,108,10.134802,11.617074,30.083461,0.000000,0.000000,0.000000,0,0,0,10247.680231,9.502949,125.308359,9189.468923,768.662978,214.626200,8473.766643,0.000000,0.000000,9457.055821,10247.680231,790.624410,7.500849,2.094388,82.689608,0.000000,7.715155,14.848357,11.383390,3.403507,0.174951,5,0.000000,0,0,0,100.000000,3.868719,100.000000,23.912397,2114.345419,9600.751539,0.000000,0.946864
10320.000000,pure-acoustic,none,hardware,1,0,0,1,priority,0.000500,180,15,hybrid,0.050000,4000.000000,6.087000,52.000000,500.000000,500.000000,2.000000,120.000000,0.000000,161,108,161,0,161,10,43,108,0,0,0,0,0,0,0,0,0.000000,0.000000,0.000000,clear-ocean,30.000000,60.000000,0.151000,1396,4165860,1068.169231,10.350477,65,12,0,53,0,215,53,1,161,0,0,0,0,0,0,0,0,0,0,0,0,0,0,0,10,43,108,10,43,108,10.134802,11.617074,30.083461,0.000000,0.000000,0.000000,0,0,0,10253.080231,9.502949,125.308359,9189.468923,772.799148,215.660242,8473.996430,0.000000,0.000000,9462.455821,10253.080231,790.624410,7.537239,2.103370,82.648299,0.000000,7.711092,14.848357,11.383390,3.403507,0.173934,5,0.000000,0,0,0,100.000000,3.868719,100.000000,23.912397,2102.052713,9514.644823,0.000000,19.368233
10380.000000,pure-acoustic,none,hardware,1,0,0,1,priority,0.000500,180,15,hybrid,0.050000,4000.000000,6.087000,52.000000,500.000000,500.000000,2.000000,120.000000,0.000000,161,108,161,0,161,10,43,108,0,0,0,0,0,0,0,0,0.000000,0.000000,0.000000,clear-ocean,30.000000,60.000000,0.151000,1396,4165860,1068.169231,10.290648,65,12,0,53,0,215,53,1,161,0,0,0,0,0,0,0,0,0,0,0,0,0,0,0,10,43,108,10,43,108,10.134802,11.617074,30.083461,0.000000,0.000000,0.000000,0,0,0,10258.480231,9.502949,125.308359,9189.468923,776.935319,216.694285,8474.226217,0.000000,0.000000,9467.855821,10258.480231,790.624410,7.573591,2.112343,82.607034,0.000000,7.707033,14.848357,11.383390,3.403507,0.172929,5,0.000000,0,0,0,100.000000,3.868719,100.000000,23.912397,2089.902119,9428.538107,0.000000,59.657900
10440.000000,pure-acoustic,none,hardware,1,0,0,1,priority,0.000500,180,15,hybrid,0.050000,4000.000000,6.087000,52.000000,500.000000,500.000000,2.000000,120.000000,0.000000,161,108,161,0,161,10,43,108,0,0,0,0,0,0,0,0,0.000000,0.000000,0.000000,clear-ocean,30.000000,60.000000,0.151000,1396,4165860,1068.169231,10.231506,65,12,0,53,0,215,53,1,161,0,0,0,0,0,0,0,0,0,0,0,0,0,0,0,10,43,108,10,43,108,10.134802,11.617074,30.083461,0.000000,0.000000,0.000000,0,0,0,10263.880231,9.502949,125.308359,9189.468923,781.071489,217.728327,8474.456004,0.000000,0.000000,9473.255821,10263.880231,790.624410,7.609905,2.121306,82.565812,0.000000,7.702978,14.848357,11.383390,3.403507,0.171935,5,0.000000,0,0,0,100.000000,3.868719,100.000000,23.912397,2077.891188,9342.431391,0.000000,117.995634
10500.000000,pure-acoustic,none,hardware,1,0,0,1,priority,0.000500,180,15,hybrid,0.050000,4000.000000,6.087000,52.000000,500.000000,500.000000,2.000000,120.000000,0.000000,161,108,161,0,161,10,43,108,0,0,0,0,0,0,0,0,0.000000,0.000000,0.000000,clear-ocean,30.000000,60.000000,0.151000,1396,4165860,1068.169231,10.173040,65,12,0,53,0,215,53,1,161,0,0,0,0,0,0,0,0,0,0,0,0,0,0,0,10,43,108,10,43,108,10.134802,11.617074,30.083461,0.000000,0.000000,0.000000,0,0,0,10269.280231,9.502949,125.308359,9189.468923,785.207659,218.762370,8474.685792,0.000000,0.000000,9478.655821,10269.280231,790.624410,7.646180,2.130260,82.524633,0.000000,7.698927,14.848357,11.383390,3.403507,0.170952,5,0.000000,0,0,0,100.000000,3.868719,100.000000,23.912397,2066.017524,9256.324675,0.000000,188.849904
10560.000000,pure-acoustic,none,hardware,1,0,0,1,priority,0.000500,180,15,hybrid,0.050000,4000.000000,6.087000,52.000000,500.000000,500.000000,2.000000,120.000000,0.000000,161,108,161,0,161,10,43,108,0,0,0,0,0,0,0,0,0.000000,0.000000,0.000000,clear-ocean,30.000000,60.000000,0.151000,1396,4165860,1068.169231,10.115239,65,12,0,53,0,215,53,1,161,0,0,0,0,0,0,0,0,0,0,0,0,0,0,0,10,43,108,10,43,108,10.134802,11.617074,30.083461,0.000000,0.000000,0.000000,0,0,0,10274.680231,9.502949,125.308359,9189.468923,789.343829,219.796412,8474.915579,0.000000,0.000000,9484.055821,10274.680231,790.624410,7.682417,2.139204,82.483497,0.000000,7.694881,14.848357,11.383390,3.403507,0.169981,5,0.000000,0,0,0,100.000000,3.868719,100.000000,23.912397,2054.278788,9170.217959,0.000000,265.502372
10620.000000,pure-acoustic,none,hardware,1,0,0,1,priority,0.000500,180,15,hybrid,0.050000,4000.000000,6.087000,52.000000,500.000000,500.000000,2.000000,120.000000,0.000000,161,108,161,0,161,10,43,108,0,0,0,0,0,0,0,0,0.000000,0.000000,0.000000,clear-ocean,30.000000,60.000000,0.151000,1396,4165860,1068.169231,10.058091,65,12,0,53,0,215,53,1,161,0,0,0,0,0,0,0,0,0,0,0,0,0,0,0,10,43,108,10,43,108,10.134802,11.617074,30.083461,0.000000,0.000000,0.000000,0,0,0,10280.080231,9.502949,125.308359,9189.468923,793.479999,220.830455,8475.145366,0.000000,0.000000,9489.455821,10280.080231,790.624410,7.718617,2.148139,82.442405,0.000000,7.690839,14.848357,11.383390,3.403507,0.169021,5,0.000000,0,0,0,100.000000,3.868719,100.000000,23.912397,2042.672693,9084.111242,0.000000,340.684918
10680.000000,pure-acoustic,none,hardware,1,0,0,1,priority,0.000500,180,15,hybrid,0.050000,4000.000000,6.087000,52.000000,500.000000,500.000000,2.000000,120.000000,0.000000,161,108,161,0,161,10,43,108,0,0,0,0,0,0,0,0,0.000000,0.000000,0.000000,clear-ocean,30.000000,60.000000,0.151000,1396,4165860,1068.169231,10.001585,65,12,0,53,0,215,53,1,161,0,0,0,0,0,0,0,0,0,0,0,0,0,0,0,10,43,108,10,43,108,10.134802,11.617074,30.083461,0.000000,0.000000,0.000000,0,0,0,10285.480231,9.502949,125.308359,9189.468923,797.616170,221.864498,8475.375153,0.000000,0.000000,9494.855821,10285.480231,790.624410,7.754778,2.157065,82.401356,0.000000,7.686801,14.848357,11.383390,3.403507,0.168071,5,0.000000,0,0,0,100.000000,3.868719,100.000000,23.912397,2031.197004,8998.004526,0.000000,407.268802
10740.000000,pure-acoustic,none,hardware,1,0,0,1,priority,0.000500,180,15,hybrid,0.050000,4000.000000,6.087000,52.000000,500.000000,500.000000,2.000000,120.000000,0.000000,161,108,161,0,161,10,43,108,0,0,0,0,0,0,0,0,0.000000,0.000000,0.000000,clear-ocean,30.000000,60.000000,0.151000,1396,4165860,1068.169231,9.945710,65,12,0,53,0,215,53,1,161,0,0,0,0,0,0,0,0,0,0,0,0,0,0,0,10,43,108,10,43,108,10.134802,11.617074,30.083461,0.000000,0.000000,0.000000,0,0,0,10290.880231,9.502949,125.308359,9189.468923,801.752340,222.898540,8475.604941,0.000000,0.000000,9500.255821,10290.880231,790.624410,7.790901,2.165981,82.360350,0.000000,7.682768,14.848357,11.383390,3.403507,0.167132,5,0.000000,0,0,0,100.000000,3.868719,100.000000,23.912397,2019.849534,8911.897810,0.000000,458.940599
10800.000000,pure-acoustic,none,hardware,1,0,0,1,priority,0.000500,180,15,hybrid,0.050000,4000.000000,6.087000,52.000000,500.000000,500.000000,2.000000,120.000000,0.000000,161,108,161,0,161,10,43,108,0,0,0,0,0,0,0,0,0.000000,0.000000,0.000000,clear-ocean,30.000000,60.000000,0.151000,1396,4165860,1068.169231,9.890456,65,12,0,53,0,215,53,1,161,0,0,0,0,0,0,0,0,0,0,0,0,0,0,0,10,43,108,10,43,108,10.134802,11.617074,30.083461,0.000000,0.000000,0.000000,0,0,0,10296.280231,9.502949,125.308359,9189.468923,805.888510,223.932583,8475.834728,0.000000,0.000000,9505.655821,10296.280231,790.624410,7.826987,2.174888,82.319387,0.000000,7.678738,14.848357,11.383390,3.403507,0.166204,5,0.000000,0,0,0,100.000000,3.868719,100.000000,23.912397,2008.628148,8825.791094,0.000000,490.800835
10860.000000,pure-acoustic,none,hardware,1,0,0,1,priority,0.000500,180,15,hybrid,0.050000,4000.000000,6.087000,52.000000,500.000000,500.000000,2.000000,120.000000,0.000000,161,108,161,0,161,10,43,108,0,0,0,0,0,0,0,0,0.000000,0.000000,0.000000,clear-ocean,30.000000,60.000000,0.151000,1396,4165860,1068.169231,9.835812,65,12,0,53,0,215,53,1,161,0,0,0,0,0,0,0,0,0,0,0,0,0,0,0,10,43,108,10,43,108,10.134802,11.617074,30.083461,0.000000,0.000000,0.000000,0,0,0,10301.680231,9.502949,125.308359,9189.468923,810.024680,224.966625,8476.064515,0.000000,0.000000,9511.055821,10301.680231,790.624410,7.863035,2.183786,82.278466,0.000000,7.674713,14.848357,11.383390,3.403507,0.165285,5,0.000000,0,0,0,100.000000,3.868719,100.000000,23.912397,1997.530755,8739.684378,-0.000000,499.828551
10920.000000,pure-acoustic,none,hardware,1,0,0,1,priority,0.000500,180,15,hybrid,0.050000,4000.000000,6.087000,52.000000,500.000000,500.000000,2.000000,120.000000,0.000000,161,108,161,0,161,10,43,108,0,0,0,0,0,0,0,0,0.000000,0.000000,0.000000,clear-ocean,30.000000,60.000000,0.151000,1396,4165860,1068.169231,9.781770,65,12,0,53,0,215,53,1,161,0,0,0,0,0,0,0,0,0,0,0,0,0,0,0,10,43,108,10,43,108,10.134802,11.617074,30.083461,0.000000,0.000000,0.000000,0,0,0,10307.080231,9.502949,125.308359,9189.468923,814.160851,226.000668,8476.294302,0.000000,0.000000,9516.455821,10307.080231,790.624410,7.899044,2.192674,82.237589,0.000000,7.670692,14.848357,11.383390,3.403507,0.164377,5,0.000000,0,0,0,100.000000,3.868719,100.000000,23.912397,1986.555311,8653.577662,-0.000000,485.167748
10980.000000,pure-acoustic,none,hardware,1,0,0,1,priority,0.000500,180,15,hybrid,0.050000,4000.000000,6.087000,52.000000,500.000000,500.000000,2.000000,120.000000,0.000000,161,108,161,0,161,10,43,108,0,0,0,0,0,0,0,0,0.000000,0.000000,0.000000,clear-ocean,30.000000,60.000000,0.151000,1396,4165860,1068.169231,9.728317,65,12,0,53,0,215,53,1,161,0,0,0,0,0,0,0,0,0,0,0,0,0,0,0,10,43,108,10,43,108,10.134802,11.617074,30.083461,0.000000,0.000000,0.000000,0,0,0,10312.480231,9.502949,125.308359,9189.468923,818.297021,227.034710,8476.524089,0.000000,0.000000,9521.855821,10312.480231,790.624410,7.935017,2.201553,82.196755,0.000000,7.666676,14.848357,11.383390,3.403507,0.163479,5,0.000000,0,0,0,100.000000,3.868719,100.000000,23.912397,1975.699818,8567.470946,-0.000000,448.208549
11040.000000,pure-acoustic,none,hardware,1,0,0,1,priority,0.000500,180,15,hybrid,0.050000,4000.000000,6.087000,52.000000,500.000000,500.000000,2.000000,120.000000,0.000000,161,108,161,0,161,10,43,108,0,0,0,0,0,0,0,0,0.000000,0.000000,0.000000,clear-ocean,30.000000,60.000000,0.151000,1396,4165860,1068.169231,9.675446,65,12,0,53,0,215,53,1,161,0,0,0,0,0,0,0,0,0,0,0,0,0,0,0,10,43,108,10,43,108,10.134802,11.617074,30.083461,0.000000,0.000000,0.000000,0,0,0,10317.880231,9.502949,125.308359,9189.468923,822.433191,228.068753,8476.753877,0.000000,0.000000,9527.255821,10317.880231,790.624410,7.970951,2.210423,82.155963,0.000000,7.662663,14.848357,11.383390,3.403507,0.162591,5,0.000000,0,0,0,100.000000,3.868719,100.000000,23.912397,1964.962319,8481.364229,-0.000000,392.455393
11100.000000,pure-acoustic,none,hardware,1,0,0,1,priority,0.000500,180,15,hybrid,0.050000,4000.000000,6.087000,52.000000,500.000000,500.000000,2.000000,120.000000,0.000000,161,108,161,0,161,10,43,108,0,0,0,0,0,0,0,0,0.000000,0.000000,0.000000,clear-ocean,30.000000,60.000000,0.151000,1396,4165860,1068.169231,9.623146,65,12,0,53,0,215,53,1,161,0,0,0,0,0,0,0,0,0,0,0,0,0,0,0,10,43,108,10,43,108,10.134802,11.617074,30.083461,0.000000,0.000000,0.000000,0,0,0,10323.280231,9.502949,125.308359,9189.468923,826.569361,229.102795,8476.983664,0.000000,0.000000,9532.655821,10323.280231,790.624410,8.006848,2.219283,82.115214,0.000000,7.658655,14.848357,11.383390,3.403507,0.161712,5,0.000000,0,0,0,100.000000,3.868719,100.000000,23.912397,1954.340901,8395.257513,-0.000000,323.194744
11160.000000,pure-acoustic,none,hardware,1,0,0,1,priority,0.000500,180,15,hybrid,0.050000,4000.000000,6.087000,52.000000,500.000000,500.000000,2.000000,120.000000,0.000000,161,108,161,0,161,10,43,108,0,0,0,0,0,0,0,0,0.000000,0.000000,0.000000,clear-ocean,30.000000,60.000000,0.151000,1396,4165860,1068.169231,9.571409,65,12,0,53,0,215,53,1,161,0,0,0,0,0,0,0,0,0,0,0,0,0,0,0,10,43,108,10,43,108,10.134802,11.617074,30.083461,0.000000,0.000000,0.000000,0,0,0,10328.680231,9.502949,125.308359,9189.468923,830.705531,230.136838,8477.213451,0.000000,0.000000,9538.055821,10328.680231,790.624410,8.042707,2.228134,82.074508,0.000000,7.654651,14.848357,11.383390,3.403507,0.160842,5,0.000000,0,0,0,100.000000,3.868719,100.000000,23.912397,1943.833692,8309.150797,-0.000000,246.993835
11220.000000,pure-acoustic,none,hardware,1,0,0,1,priority,0.000500,180,15,hybrid,0.050000,4000.000000,6.087000,52.000000,500.000000,500.000000,2.000000,120.000000,0.000000,161,108,161,0,161,10,43,108,0,0,0,0,0,0,0,0,0.000000,0.000000,0.000000,clear-ocean,30.000000,60.000000,0.151000,1396,4165860,1068.169231,9.520225,65,12,0,53,0,215,53,1,161,0,0,0,0,0,0,0,0,0,0,0,0,0,0,0,10,43,108,10,43,108,10.134802,11.617074,30.083461,0.000000,0.000000,0.000000,0,0,0,10334.080231,9.502949,125.308359,9189.468923,834.841702,231.170881,8477.443238,0.000000,0.000000,9543.455821,10334.080231,790.624410,8.078529,2.236976,82.033844,0.000000,7.650651,14.848357,11.383390,3.403507,0.159982,5,0.000000,0,0,0,100.000000,3.868719,100.000000,23.912397,1933.438859,8223.044081,-0.000000,171.077968
11280.000000,pure-acoustic,none,hardware,1,0,0,1,priority,0.000500,180,15,hybrid,0.050000,4000.000000,6.087000,52.000000,500.000000,500.000000,2.000000,120.000000,0.000000,161,108,161,0,161,10,43,108,0,0,0,0,0,0,0,0,0.000000,0.000000,0.000000,clear-ocean,30.000000,60.000000,0.151000,1396,4165860,1068.169231,9.469585,65,12,0,53,0,215,53,1,161,0,0,0,0,0,0,0,0,0,0,0,0,0,0,0,10,43,108,10,43,108,10.134802,11.617074,30.083461,0.000000,0.000000,0.000000,0,0,0,10339.480231,9.502949,125.308359,9189.468923,838.977872,232.204923,8477.673026,0.000000,0.000000,9548.855821,10339.480231,790.624410,8.114314,2.245808,81.993222,0.000000,7.646655,14.848357,11.383390,3.403507,0.159131,5,0.000000,0,0,0,100.000000,3.868719,100.000000,23.912397,1923.154610,8136.937365,-0.000000,102.645417
11340.000000,pure-acoustic,none,hardware,1,0,0,1,priority,0.000500,180,15,hybrid,0.050000,4000.000000,6.087000,52.000000,500.000000,500.000000,2.000000,120.000000,0.000000,161,108,161,0,161,10,43,108,0,0,0,0,0,0,0,0,0.000000,0.000000,0.000000,clear-ocean,30.000000,60.000000,0.151000,1396,4165860,1068.169231,9.419482,65,12,0,53,0,215,53,1,161,0,0,0,0,0,0,0,0,0,0,0,0,0,0,0,10,43,108,10,43,108,10.134802,11.617074,30.083461,0.000000,0.000000,0.000000,0,0,0,10344.880231,9.502949,125.308359,9189.468923,843.114042,233.238966,8477.902813,0.000000,0.000000,9554.255821,10344.880231,790.624410,8.150061,2.254632,81.952643,0.000000,7.642664,14.848357,11.383390,3.403507,0.158289,5,0.000000,0,0,0,100.000000,3.868719,100.000000,23.912397,1912.979189,8050.830649,-0.000000,48.184896
11400.000000,pure-acoustic,none,hardware,1,0,0,1,priority,0.000500,180,15,hybrid,0.050000,4000.000000,6.087000,52.000000,500.000000,500.000000,2.000000,120.000000,0.000000,161,108,161,0,161,10,43,108,0,0,0,0,0,0,0,0,0.000000,0.000000,0.000000,clear-ocean,30.000000,60.000000,0.151000,1396,4165860,1068.169231,9.369906,65,12,0,53,0,215,53,1,161,0,0,0,0,0,0,0,0,0,0,0,0,0,0,0,10,43,108,10,43,108,10.134802,11.617074,30.083461,0.000000,0.000000,0.000000,0,0,0,10350.280231,9.502949,125.308359,9189.468923,847.250212,234.273008,8478.132600,0.000000,0.000000,9559.655821,10350.280231,790.624410,8.185771,2.263446,81.912107,0.000000,7.638676,14.848357,11.383390,3.403507,0.157456,5,0.000000,0,0,0,100.000000,3.868719,100.000000,23.912397,1902.910877,7964.723933,-0.000000,12.860303
11460.000000,pure-acoustic,none,hardware,1,0,0,1,priority,0.000500,180,15,hybrid,0.050000,4000.000000,6.087000,52.000000,500.000000,500.000000,2.000000,120.000000,0.000000,161,108,161,0,161,10,43,108,0,0,0,0,0,0,0,0,0.000000,0.000000,0.000000,clear-ocean,30.000000,60.000000,0.151000,1396,4165860,1068.169231,9.320848,65,12,0,53,0,215,53,1,161,0,0,0,0,0,0,0,0,0,0,0,0,0,0,0,10,43,108,10,43,108,10.134802,11.617074,30.083461,0.000000,0.000000,0.000000,0,0,0,10355.680231,9.502949,125.308359,9189.468923,851.386382,235.307051,8478.362387,0.000000,0.000000,9565.055821,10355.680231,790.624410,8.221443,2.272251,81.871612,0.000000,7.634693,14.848357,11.383390,3.403507,0.156632,5,0.000000,0,0,0,100.000000,3.868719,100.000000,23.912397,1892.947993,7878.617216,-0.000000,0.021083
11520.000000,pure-acoustic,none,hardware,1,0,0,1,priority,0.000500,180,15,hybrid,0.050000,4000.000000,6.087000,52.000000,500.000000,500.000000,2.000000,120.000000,0.000000,161,108,161,0,161,10,43,108,0,0,0,0,0,0,0,0,0.000000,0.000000,0.000000,clear-ocean,30.000000,60.000000,0.151000,1396,4165860,1068.169231,9.272302,65,12,0,53,0,215,53,1,161,0,0,0,0,0,0,0,0,0,0,0,0,0,0,0,10,43,108,10,43,108,10.134802,11.617074,30.083461,0.000000,0.000000,0.000000,0,0,0,10361.080231,9.502949,125.308359,9189.468923,855.522553,236.341093,8478.592175,0.000000,0.000000,9570.455821,10361.080231,790.624410,8.257079,2.281047,81.831160,0.000000,7.630714,14.848357,11.383390,3.403507,0.155816,5,0.000000,0,0,0,100.000000,3.868719,100.000000,23.912397,1883.088889,7792.510500,0.000000,10.884641
11580.000000,pure-acoustic,none,hardware,1,0,0,1,priority,0.000500,180,15,hybrid,0.050000,4000.000000,6.087000,52.000000,500.000000,500.000000,2.000000,120.000000,0.000000,161,108,161,0,161,10,43,108,0,0,0,0,0,0,0,0,0.000000,0.000000,0.000000,clear-ocean,30.000000,60.000000,0.151000,1396,4165860,1068.169231,9.224259,65,12,0,53,0,215,53,1,161,0,0,0,0,0,0,0,0,0,0,0,0,0,0,0,10,43,108,10,43,108,10.134802,11.617074,30.083461,0.000000,0.000000,0.000000,0,0,0,10366.480231,9.502949,125.308359,9189.468923,859.658723,237.375136,8478.821962,0.000000,0.000000,9575.855821,10366.480231,790.624410,8.292677,2.289833,81.790750,0.000000,7.626739,14.848357,11.383390,3.403507,0.155009,5,0.000000,0,0,0,100.000000,3.868719,100.000000,23.912397,1873.331952,7706.403784,0.000000,44.420903
11640.000000,pure-acoustic,none,hardware,1,0,0,1,priority,0.000500,180,15,hybrid,0.050000,4000.000000,6.087000,52.000000,500.000000,500.000000,2.000000,120.000000,0.000000,161,108,161,0,161,10,43,108,0,0,0,0,0,0,0,0,0.000000,0.000000,0.000000,clear-ocean,30.000000,60.000000,0.151000,1396,4165860,1068.169231,9.176712,65,12,0,53,0,215,53,1,161,0,0,0,0,0,0,0,0,0,0,0,0,0,0,0,10,43,108,10,43,108,10.134802,11.617074,30.083461,0.000000,0.000000,0.000000,0,0,0,10371.880231,9.502949,125.308359,9189.468923,863.794893,238.409178,8479.051749,0.000000,0.000000,9581.255821,10371.880231,790.624410,8.328238,2.298611,81.750382,0.000000,7.622768,14.848357,11.383390,3.403507,0.154210,5,0.000000,0,0,0,100.000000,3.868719,100.000000,23.912397,1863.675601,7620.297068,0.000000,97.449991
11700.000000,pure-acoustic,none,hardware,1,0,0,1,priority,0.000500,180,15,hybrid,0.050000,4000.000000,6.087000,52.000000,500.000000,500.000000,2.000000,120.000000,0.000000,161,108,161,0,161,10,43,108,0,0,0,0,0,0,0,0,0.000000,0.000000,0.000000,clear-ocean,30.000000,60.000000,0.151000,1396,4165860,1068.169231,9.129652,65,12,0,53,0,215,53,1,161,0,0,0,0,0,0,0,0,0,0,0,0,0,0,0,10,43,108,10,43,108,10.134802,11.617074,30.083461,0.000000,0.000000,0.000000,0,0,0,10377.280231,9.502949,125.308359,9189.468923,867.931063,239.443221,8479.281536,0.000000,0.000000,9586.655821,10377.280231,790.624410,8.363762,2.307379,81.710056,0.000000,7.618802,14.848357,11.383390,3.403507,0.153419,5,0.000000,0,0,0,100.000000,3.868719,100.000000,23.912397,1854.118291,7534.190352,0.000000,164.943734
11760.000000,pure-acoustic,none,hardware,1,0,0,1,priority,0.000500,180,15,hybrid,0.050000,4000.000000,6.087000,52.000000,500.000000,500.000000,2.000000,120.000000,0.000000,161,108,161,0,161,10,43,108,0,0,0,0,0,0,0,0,0.000000,0.000000,0.000000,clear-ocean,30.000000,60.000000,0.151000,1396,4165860,1068.169231,9.083072,65,12,0,53,0,215,53,1,161,0,0,0,0,0,0,0,0,0,0,0,0,0,0,0,10,43,108,10,43,108,10.134802,11.617074,30.083461,0.000000,0.000000,0.000000,0,0,0,10382.680231,9.502949,125.308359,9189.468923,872.067233,240.477264,8479.511324,0.000000,0.000000,9592.055821,10382.680231,790.624410,8.399250,2.316139,81.669772,0.000000,7.614839,14.848357,11.383390,3.403507,0.152636,5,0.000000,0,0,0,100.000000,3.868719,100.000000,23.912397,1844.658503,7448.083636,0.000000,240.502437
11820.000000,pure-acoustic,none,hardware,1,0,0,1,priority,0.000500,180,15,hybrid,0.050000,4000.000000,6.087000,52.000000,500.000000,500.000000,2.000000,120.000000,0.000000,161,108,161,0,161,10,43,108,0,0,0,0,0,0,0,0,0.000000,0.000000,0.000000,clear-ocean,30.000000,60.000000,0.151000,1396,4165860,1068.169231,9.036965,65,12,0,53,0,215,53,1,161,0,0,0,0,0,0,0,0,0,0,0,0,0,0,0,10,43,108,10,43,108,10.134802,11.617074,30.083461,0.000000,0.000000,0.000000,0,0,0,10388.080231,9.502949,125.308359,9189.468923,876.203404,241.511306,8479.741111,0.000000,0.000000,9597.455821,10388.080231,790.624410,8.434700,2.324889,81.629530,0.000000,7.610881,14.848357,11.383390,3.403507,0.151861,5,0.000000,0,0,0,100.000000,3.868719,100.000000,23.912397,1835.294755,7361.976920,0.000000,316.961690
11880.000000,pure-acoustic,none,hardware,1,0,0,1,priority,0.000500,180,15,hybrid,0.050000,4000.000000,6.087000,52.000000,500.000000,500.000000,2.000000,120.000000,0.000000,161,108,161,0,161,10,43,108,0,0,0,0,0,0,0,0,0.000000,0.000000,0.000000,clear-ocean,30.000000,60.000000,0.151000,1396,4165860,1068.169231,8.991323,65,12,0,53,0,215,53,1,161,0,0,0,0,0,0,0,0,0,0,0,0,0,0,0,10,43,108,10,43,108,10.134802,11.617074,30.083461,0.000000,0.000000,0.000000,0,0,0,10393.480231,9.502949,125.308359,9189.468923,880.339574,242.545349,8479.970898,0.000000,0.000000,9602.855821,10393.480231,790.624410,8.470114,2.333630,81.589330,0.000000,7.606927,14.848357,11.383390,3.403507,0.151094,5,0.000000,0,0,0,100.000000,3.868719,100.000000,23.912397,1826.025589,7275.870203,0.000000,387.071695
11940.000000,pure-acoustic,none,hardware,1,0,0,1,priority,0.000500,180,15,hybrid,0.050000,4000.000000,6.087000,52.000000,500.000000,500.000000,2.000000,120.000000,0.000000,161,108,161,0,161,10,43,108,0,0,0,0,0,0,0,0,0.000000,0.000000,0.000000,clear-ocean,30.000000,60.000000,0.151000,1396,4165860,1068.169231,8.946141,65,12,0,53,0,215,53,1,161,0,0,0,0,0,0,0,0,0,0,0,0,0,0,0,10,43,108,10,43,108,10.134802,11.617074,30.083461,0.000000,0.000000,0.000000,0,0,0,10398.880231,9.502949,125.308359,9189.468923,884.475744,243.579391,8480.200685,0.000000,0.000000,9608.255821,10398.880231,790.624410,8.505490,2.342362,81.549172,0.000000,7.602976,14.848357,11.383390,3.403507,0.150335,5,0.000000,0,0,0,100.000000,3.868719,100.000000,23.912397,1816.849581,7189.763487,0.000000,444.184685
12000.000000,pure-acoustic,none,hardware,1,0,0,1,priority,0.000500,180,15,hybrid,0.050000,4000.000000,6.087000,52.000000,500.000000,500.000000,2.000000,120.000000,0.000000,161,108,161,0,161,10,43,108,0,0,0,0,0,0,0,0,0.000000,0.000000,0.000000,clear-ocean,30.000000,60.000000,0.151000,1396,4165860,1068.169231,8.901410,65,12,0,53,0,215,53,1,161,0,0,0,0,0,0,0,0,0,0,0,0,0,0,0,10,43,108,10,43,108,10.134802,11.617074,30.083461,0.000000,0.000000,0.000000,0,0,0,10404.280231,9.502949,125.308359,9189.468923,888.611914,244.613434,8480.430472,0.000000,0.000000,9613.655821,10404.280231,790.624410,8.540830,2.351085,81.509055,0.000000,7.599030,14.848357,11.383390,3.403507,0.149583,5,0.000000,0,0,0,100.000000,3.868719,100.000000,23.912397,1807.765333,7103.656771,0.000000,482.885257
12060.000000,pure-acoustic,none,hardware,1,0,0,1,priority,0.000500,180,15,hybrid,0.050000,4000.000000,6.087000,52.000000,500.000000,500.000000,2.000000,120.000000,0.000000,161,108,161,0,161,10,43,108,0,0,0,0,0,0,0,0,0.000000,0.000000,0.000000,clear-ocean,30.000000,60.000000,0.151000,1396,4165860,1068.169231,8.857125,65,12,0,53,0,215,53,1,161,0,0,0,0,0,0,0,0,0,0,0,0,0,0,0,10,43,108,10,43,108,10.134802,11.617074,30.083461,0.000000,0.000000,0.000000,0,0,0,10409.680231,9.502949,125.308359,9189.468923,892.748085,245.647476,8480.660260,0.000000,0.000000,9619.055821,10409.680231,790.624410,8.576134,2.359798,81.468980,0.000000,7.595088,14.848357,11.383390,3.403507,0.148839,5,0.000000,0,0,0,100.000000,3.868719,100.000000,23.912397,1798.771476,7017.550055,0.000000,499.503857
12120.000000,pure-acoustic,none,hardware,1,0,0,1,priority,0.000500,180,15,hybrid,0.050000,4000.000000,6.087000,52.000000,500.000000,500.000000,2.000000,120.000000,0.000000,161,108,161,0,161,10,43,108,0,0,0,0,0,0,0,0,0.000000,0.000000,0.000000,clear-ocean,30.000000,60.000000,0.151000,1396,4165860,1068.169231,8.813277,65,12,0,53,0,215,53,1,161,0,0,0,0,0,0,0,0,0,0,0,0,0,0,0,10,43,108,10,43,108,10.134802,11.617074,30.083461,0.000000,0.000000,0.000000,0,0,0,10415.080231,9.502949,125.308359,9189.468923,896.884255,246.681519,8480.890047,0.000000,0.000000,9624.455821,10415.080231,790.624410,8.611400,2.368503,81.428946,0.000000,7.591150,14.848357,11.383390,3.403507,0.148102,5,0.000000,0,0,0,100.000000,3.868719,100.000000,23.912397,1789.866667,6931.443339,-0.000000,492.464725
12180.000000,pure-acoustic,none,hardware,1,0,0,1,priority,0.000500,180,15,hybrid,0.050000,4000.000000,6.087000,52.000000,500.000000,500.000000,2.000000,120.000000,0.000000,161,108,161,0,161,10,43,108,0,0,0,0,0,0,0,0,0.000000,0.000000,0.000000,clear-ocean,30.000000,60.000000,0.151000,1396,4165860,1068.169231,8.769862,65,12,0,53,0,215,53,1,161,0,0,0,0,0,0,0,0,0,0,0,0,0,0,0,10,43,108,10,43,108,10.134802,11.617074,30.083461,0.000000,0.000000,0.000000,0,0,0,10420.480231,9.502949,125.308359,9189.468923,901.020425,247.715561,8481.119834,0.000000,0.000000,9629.855821,10420.480231,790.624410,8.646631,2.377199,81.388954,0.000000,7.587217,14.848357,11.383390,3.403507,0.147373,5,0.000000,0,0,0,100.000000,3.868719,100.000000,23.912397,1781.049589,6845.336623,-0.000000,462.435304
12240.000000,pure-acoustic,none,hardware,1,0,0,1,priority,0.000500,180,15,hybrid,0.050000,4000.000000,6.087000,52.000000,500.000000,500.000000,2.000000,120.000000,0.000000,161,108,161,0,161,10,43,108,0,0,0,0,0,0,0,0,0.000000,0.000000,0.000000,clear-ocean,30.000000,60.000000,0.151000,1396,4165860,1068.169231,8.726873,65,12,0,53,0,215,53,1,161,0,0,0,0,0,0,0,0,0,0,0,0,0,0,0,10,43,108,10,43,108,10.134802,11.617074,30.083461,0.000000,0.000000,0.000000,0,0,0,10425.880231,9.502949,125.308359,9189.468923,905.156595,248.749604,8481.349621,0.000000,0.000000,9635.255821,10425.880231,790.624410,8.681824,2.385886,81.349003,0.000000,7.583287,14.848357,11.383390,3.403507,0.146650,5,0.000000,0,0,0,100.000000,3.868719,100.000000,23.912397,1772.318954,6759.229907,-0.000000,412.262958
12300.000000,pure-acoustic,none,hardware,1,0,0,1,priority,0.000500,180,15,hybrid,0.050000,4000.000000,6.087000,52.000000,500.000000,500.000000,2.000000,120.000000,0.000000,161,108,161,0,161,10,43,108,0,0,0,0,0,0,0,0,0.000000,0.000000,0.000000,clear-ocean,30.000000,60.000000,0.151000,1396,4165860,1068.169231,8.684303,65,12,0,53,0,215,53,1,161,0,0,0,0,0,0,0,0,0,0,0,0,0,0,0,10,43,108,10,43,108,10.134802,11.617074,30.083461,0.000000,0.000000,0.000000,0,0,0,10431.280231,9.502949,125.308359,9189.468923,909.292765,249.783646,8481.579409,0.000000,0.000000,9640.655821,10431.280231,790.624410,8.716981,2.394564,81.309094,0.000000,7.579361,14.848357,11.383390,3.403507,0.145935,5,0.000000,0,0,0,100.000000,3.868719,100.000000,23.912397,1763.673496,6673.123190,-0.000000,346.704984
12360.000000,pure-acoustic,none,hardware,1,0,0,1,priority,0.000500,180,15,hybrid,0.050000,4000.000000,6.087000,52.000000,500.000000,500.000000,2.000000,120.000000,0.000000,161,108,161,0,161,10,43,108,0,0,0,0,0,0,0,0,0.000000,0.000000,0.000000,clear-ocean,30.000000,60.000000,0.151000,1396,4165860,1068.169231,8.642146,65,12,0,53,0,215,53,1,161,0,0,0,0,0,0,0,0,0,0,0,0,0,0,0,10,43,108,10,43,108,10.134802,11.617074,30.083461,0.000000,0.000000,0.000000,0,0,0,10436.680231,9.502949,125.308359,9189.468923,913.428936,250.817689,8481.809196,0.000000,0.000000,9646.055821,10436.680231,790.624410,8.752102,2.403232,81.269226,0.000000,7.575440,14.848357,11.383390,3.403507,0.145227,5,0.000000,0,0,0,100.000000,3.868719,100.000000,23.912397,1755.111974,6587.016474,-0.000000,271.977529
12420.000000,pure-acoustic,none,hardware,1,0,0,1,priority,0.000500,180,15,hybrid,0.050000,4000.000000,6.087000,52.000000,500.000000,500.000000,2.000000,120.000000,0.000000,161,108,161,0,161,10,43,108,0,0,0,0,0,0,0,0,0.000000,0.000000,0.000000,clear-ocean,30.000000,60.000000,0.151000,1396,4165860,1068.169231,8.600396,65,12,0,53,0,215,53,1,161,0,0,0,0,0,0,0,0,0,0,0,0,0,0,0,10,43,108,10,43,108,10.134802,11.617074,30.083461,0.000000,0.000000,0.000000,0,0,0,10442.080231,9.502949,125.308359,9189.468923,917.565106,251.851732,8482.038983,0.000000,0.000000,9651.455821,10442.080231,790.624410,8.787187,2.411892,81.229399,0.000000,7.571522,14.848357,11.383390,3.403507,0.144525,5,0.000000,0,0,0,100.000000,3.868719,100.000000,23.912397,1746.633172,6500.909758,-0.000000,195.166185
12480.000000,pure-acoustic,none,hardware,1,0,0,1,priority,0.000500,180,15,hybrid,0.050000,4000.000000,6.087000,52.000000,500.000000,500.000000,2.000000,120.000000,0.000000,161,108,161,0,161,10,43,108,0,0,0,0,0,0,0,0,0.000000,0.000000,0.000000,clear-ocean,30.000000,60.000000,0.151000,1396,4165860,1068.169231,8.559048,65,12,0,53,0,215,53,1,161,0,0,0,0,0,0,0,0,0,0,0,0,0,0,0,10,43,108,10,43,108,10.134802,11.617074,30.083461,0.000000,0.000000,0.000000,0,0,0,10447.480231,9.502949,125.308359,9189.468923,921.701276,252.885774,8482.268770,0.000000,0.000000,9656.855821,10447.480231,790.624410,8.822235,2.420543,81.189613,0.000000,7.567609,14.848357,11.383390,3.403507,0.143830,5,0.000000,0,0,0,100.000000,3.868719,100.000000,23.912397,1738.235897,6414.803042,-0.000000,123.554134
12540.000000,pure-acoustic,none,hardware,1,0,0,1,priority,0.000500,180,15,hybrid,0.050000,4000.000000,6.087000,52.000000,500.000000,500.000000,2.000000,120.000000,0.000000,161,108,161,0,161,10,43,108,0,0,0,0,0,0,0,0,0.000000,0.000000,0.000000,clear-ocean,30.000000,60.000000,0.151000,1396,4165860,1068.169231,8.518096,65,12,0,53,0,215,53,1,161,0,0,0,0,0,0,0,0,0,0,0,0,0,0,0,10,43,108,10,43,108,10.134802,11.617074,30.083461,0.000000,0.000000,0.000000,0,0,0,10452.880231,9.502949,125.308359,9189.468923,925.837446,253.919817,8482.498558,0.000000,0.000000,9662.255821,10452.880231,790.624410,8.857247,2.429185,81.149868,0.000000,7.563699,14.848357,11.383390,3.403507,0.143142,5,0.000000,0,0,0,100.000000,3.868719,100.000000,23.912397,1729.918979,6328.696326,-0.000000,63.931567
12600.000000,pure-acoustic,none,hardware,1,0,0,1,priority,0.000500,180,15,hybrid,0.050000,4000.000000,6.087000,52.000000,500.000000,500.000000,2.000000,120.000000,0.000000,161,108,161,0,161,10,43,108,0,0,0,0,0,0,0,0,0.000000,0.000000,0.000000,clear-ocean,30.000000,60.000000,0.151000,1396,4165860,1068.169231,8.477534,65,12,0,53,0,215,53,1,161,0,0,0,0,0,0,0,0,0,0,0,0,0,0,0,10,43,108,10,43,108,10.134802,11.617074,30.083461,0.000000,0.000000,0.000000,0,0,0,10458.280231,9.502949,125.308359,9189.468923,929.973616,254.953859,8482.728345,0.000000,0.000000,9667.655821,10458.280231,790.624410,8.892223,2.437818,81.110165,0.000000,7.559794,14.848357,11.383390,3.403507,0.142460,5,0.000000,0,0,0,100.000000,3.868719,100.000000,23.912397,1721.681270,6242.589610,-0.000000,21.951842
12660.000000,pure-acoustic,none,hardware,1,0,0,1,priority,0.000500,180,15,hybrid,0.050000,4000.000000,6.087000,52.000000,500.000000,500.000000,2.000000,120.000000,0.000000,161,108,161,0,161,10,43,108,0,0,0,0,0,0,0,0,0.000000,0.000000,0.000000,clear-ocean,30.000000,60.000000,0.151000,1396,4165860,1068.169231,8.437356,65,12,0,53,0,215,53,1,161,0,0,0,0,0,0,0,0,0,0,0,0,0,0,0,10,43,108,10,43,108,10.134802,11.617074,30.083461,0.000000,0.000000,0.000000,0,0,0,10463.680231,9.502949,125.308359,9189.468923,934.109787,255.987902,8482.958132,0.000000,0.000000,9673.055821,10463.680231,790.624410,8.927163,2.446442,81.070502,0.000000,7.555892,14.848357,11.383390,3.403507,0.141785,5,0.000000,0,0,0,100.000000,3.868719,100.000000,23.912397,1713.521643,6156.482894,-0.000000,1.595440
12720.000000,pure-acoustic,none,hardware,1,0,0,1,priority,0.000500,180,15,hybrid,0.050000,4000.000000,6.087000,52.000000,500.000000,500.000000,2.000000,120.000000,0.000000,161,108,161,0,161,10,43,108,0,0,0,0,0,0,0,0,0.000000,0.000000,0.000000,clear-ocean,30.000000,60.000000,0.151000,1396,4165860,1068.169231,8.397557,65,12,0,53,0,215,53,1,161,0,0,0,0,0,0,0,0,0,0,0,0,0,0,0,10,43,108,10,43,108,10.134802,11.617074,30.083461,0.000000,0.000000,0.000000,0,0,0,10469.080231,9.502949,125.308359,9189.468923,938.245957,257.021944,8483.187919,0.000000,0.000000,9678.455821,10469.080231,790.624410,8.962067,2.455058,81.030881,0.000000,7.551995,14.848357,11.383390,3.403507,0.141116,5,0.000000,0,0,0,100.000000,3.868719,100.000000,23.912397,1705.438994,6070.376177,0.000000,4.792536
12780.000000,pure-acoustic,none,hardware,1,0,0,1,priority,0.000500,180,15,hybrid,0.050000,4000.000000,6.087000,52.000000,500.000000,500.000000,2.000000,120.000000,0.000000,161,108,161,0,161,10,43,108,0,0,0,0,0,0,0,0,0.000000,0.000000,0.000000,clear-ocean,30.000000,60.000000,0.151000,1396,4165860,1068.169231,8.358132,65,12,0,53,0,215,53,1,161,0,0,0,0,0,0,0,0,0,0,0,0,0,0,0,10,43,108,10,43,108,10.134802,11.617074,30.083461,0.000000,0.000000,0.000000,0,0,0,10474.480231,9.502949,125.308359,9189.468923,942.382127,258.055987,8483.417706,0.000000,0.000000,9683.855821,10474.480231,790.624410,8.996935,2.463664,80.991300,0.000000,7.548102,14.848357,11.383390,3.403507,0.140454,5,0.000000,0,0,0,100.000000,3.868719,100.000000,23.912397,1697.432238,5984.269461,0.000000,31.239984
12840.000000,pure-acoustic,none,hardware,1,0,0,1,priority,0.000500,180,15,hybrid,0.050000,4000.000000,6.087000,52.000000,500.000000,500.000000,2.000000,120.000000,0.000000,161,108,161,0,161,10,43,108,0,0,0,0,0,0,0,0,0.000000,0.000000,0.000000,clear-ocean,30.000000,60.000000,0.151000,1396,4165860,1068.169231,8.319075,65,12,0,53,0,215,53,1,161,0,0,0,0,0,0,0,0,0,0,0,0,0,0,0,10,43,108,10,43,108,10.134802,11.617074,30.083461,0.000000,0.000000,0.000000,0,0,0,10479.880231,9.502949,125.308359,9189.468923,946.518297,259.090029,8483.647494,0.000000,0.000000,9689.255821,10479.880231,790.624410,9.031766,2.472261,80.951760,0.000000,7.544212,14.848357,11.383390,3.403507,0.139798,5,0.000000,0,0,0,100.000000,3.868719,100.000000,23.912397,1689.500312,5898.162745,0.000000,78.430061
12900.000000,pure-acoustic,none,hardware,1,0,0,1,priority,0.000500,180,15,hybrid,0.050000,4000.000000,6.087000,52.000000,500.000000,500.000000,2.000000,120.000000,0.000000,161,108,161,0,161,10,43,108,0,0,0,0,0,0,0,0,0.000000,0.000000,0.000000,clear-ocean,30.000000,60.000000,0.151000,1396,4165860,1068.169231,8.280382,65,12,0,53,0,215,53,1,161,0,0,0,0,0,0,0,0,0,0,0,0,0,0,0,10,43,108,10,43,108,10.134802,11.617074,30.083461,0.000000,0.000000,0.000000,0,0,0,10485.280231,9.502949,125.308359,9189.468923,950.654468,260.124072,8483.877281,0.000000,0.000000,9694.655821,10485.280231,790.624410,9.066562,2.480850,80.912261,0.000000,7.540327,14.848357,11.383390,3.403507,0.139147,5,0.000000,0,0,0,100.000000,3.868719,100.000000,23.912397,1681.642171,5812.056029,0.000000,141.888246
12960.000000,pure-acoustic,none,hardware,1,0,0,1,priority,0.000500,180,15,hybrid,0.050000,4000.000000,6.087000,52.000000,500.000000,500.000000,2.000000,120.000000,0.000000,161,108,161,0,161,10,43,108,0,0,0,0,0,0,0,0,0.000000,0.000000,0.000000,clear-ocean,30.000000,60.000000,0.151000,1396,4165860,1068.169231,8.242047,65,12,0,53,0,215,53,1,161,0,0,0,0,0,0,0,0,0,0,0,0,0,0,0,10,43,108,10,43,108,10.134802,11.617074,30.083461,0.000000,0.000000,0.000000,0,0,0,10490.680231,9.502949,125.308359,9189.468923,954.790638,261.158115,8484.107068,0.000000,0.000000,9700.055821,10490.680231,790.624410,9.101322,2.489430,80.872802,0.000000,7.536446,14.848357,11.383390,3.403507,0.138503,5,0.000000,0,0,0,100.000000,3.868719,100.000000,23.912397,1673.856790,5725.949313,0.000000,215.597491
13020.000000,pure-acoustic,none,hardware,1,0,0,1,priority,0.000500,180,15,hybrid,0.050000,4000.000000,6.087000,52.000000,500.000000,500.000000,2.000000,120.000000,0.000000,161,108,161,0,161,10,43,108,0,0,0,0,0,0,0,0,0.000000,0.000000,0.000000,clear-ocean,30.000000,60.000000,0.151000,1396,4165860,1068.169231,8.204065,65,12,0,53,0,215,53,1,161,0,0,0,0,0,0,0,0,0,0,0,0,0,0,0,10,43,108,10,43,108,10.134802,11.617074,30.083461,0.000000,0.000000,0.000000,0,0,0,10496.080231,9.502949,125.308359,9189.468923,958.926808,262.192157,8484.336855,0.000000,0.000000,9705.455821,10496.080231,790.624410,9.136047,2.498001,80.833384,0.000000,7.532568,14.848357,11.383390,3.403507,0.137865,5,0.000000,0,0,0,100.000000,3.868719,100.000000,23.912397,1666.143164,5639.842597,0.000000,292.568751
13080.000000,pure-acoustic,none,hardware,1,0,0,1,priority,0.000500,180,15,hybrid,0.050000,4000.000000,6.087000,52.000000,500.000000,500.000000,2.000000,120.000000,0.000000,161,108,161,0,161,10,43,108,0,0,0,0,0,0,0,0,0.000000,0.000000,0.000000,clear-ocean,30.000000,60.000000,0.151000,1396,4165860,1068.169231,8.166431,65,12,0,53,0,215,53,1,161,0,0,0,0,0,0,0,0,0,0,0,0,0,0,0,10,43,108,10,43,108,10.134802,11.617074,30.083461,0.000000,0.000000,0.000000,0,0,0,10501.480231,9.502949,125.308359,9189.468923,963.062978,263.226200,8484.566643,0.000000,0.000000,9710.855821,10501.480231,790.624410,9.170736,2.506563,80.794007,0.000000,7.528695,14.848357,11.383390,3.403507,0.137232,5,0.000000,0,0,0,100.000000,3.868719,100.000000,23.912397,1658.500306,5553.735880,0.000000,365.503680
13140.000000,pure-acoustic,none,hardware,1,0,0,1,priority,0.000500,180,15,hybrid,0.050000,4000.000000,6.087000,52.000000,500.000000,500.000000,2.000000,120.000000,0.000000,161,108,161,0,161,10,43,108,0,0,0,0,0,0,0,0,0.000000,0.000000,0.000000,clear-ocean,30.000000,60.000000,0.151000,1396,4165860,1068.169231,8.129142,65,12,0,53,0,215,53,1,161,0,0,0,0,0,0,0,0,0,0,0,0,0,0,0,10,43,108,10,43,108,10.134802,11.617074,30.083461,0.000000,0.000000,0.000000,0,0,0,10506.880231,9.502949,125.308359,9189.468923,967.199148,264.260242,8484.796430,0.000000,0.000000,9716.255821,10506.880231,790.624410,9.205389,2.515116,80.754670,0.000000,7.524826,14.848357,11.383390,3.403507,0.136606,5,0.000000,0,0,0,100.000000,3.868719,100.000000,23.912397,1650.927245,5467.629164,0.000000,427.486654
13200.000000,pure-acoustic,none,hardware,1,0,0,1,priority,0.000500,180,15,hybrid,0.050000,4000.000000,6.087000,52.000000,500.000000,500.000000,2.000000,120.000000,0.000000,161,108,161,0,161,10,43,108,0,0,0,0,0,0,0,0,0.000000,0.000000,0.000000,clear-ocean,30.000000,60.000000,0.151000,1396,4165860,1068.169231,8.092191,65,12,0,53,0,215,53,1,161,0,0,0,0,0,0,0,0,0,0,0,0,0,0,0,10,43,108,10,43,108,10.134802,11.617074,30.083461,0.000000,0.000000,0.000000,0,0,0,10512.280231,9.502949,125.308359,9189.468923,971.335319,265.294285,8485.026217,0.000000,0.000000,9721.655821,10512.280231,790.624410,9.240006,2.523661,80.715373,0.000000,7.520960,14.848357,11.383390,3.403507,0.135985,5,0.000000,0,0,0,100.000000,3.868719,100.000000,23.912397,1643.423030,5381.522448,0.000000,472.640502
13260.000000,pure-acoustic,none,hardware,1,0,0,1,priority,0.000500,180,15,hybrid,0.050000,4000.000000,6.087000,52.000000,500.000000,500.000000,2.000000,120.000000,0.000000,161,108,161,0,161,10,43,108,0,0,0,0,0,0,0,0,0.000000,0.000000,0.000000,clear-ocean,30.000000,60.000000,0.151000,1396,4165860,1068.169231,8.055575,65,12,0,53,0,215,53,1,161,0,0,0,0,0,0,0,0,0,0,0,0,0,0,0,10,43,108,10,43,108,10.134802,11.617074,30.083461,0.000000,0.000000,0.000000,0,0,0,10517.680231,9.502949,125.308359,9189.468923,975.471489,266.328327,8485.256004,0.000000,0.000000,9727.055821,10517.680231,790.624410,9.274588,2.532196,80.676117,0.000000,7.517099,14.848357,11.383390,3.403507,0.135370,5,0.000000,0,0,0,100.000000,3.868719,100.000000,23.912397,1635.986727,5295.415732,0.000000,496.683776
13320.000000,pure-acoustic,none,hardware,1,0,0,1,priority,0.000500,180,15,hybrid,0.050000,4000.000000,6.087000,52.000000,500.000000,500.000000,2.000000,120.000000,0.000000,161,108,161,0,161,10,43,108,0,0,0,0,0,0,0,0,0.000000,0.000000,0.000000,clear-ocean,30.000000,60.000000,0.151000,1396,4165860,1068.169231,8.019289,65,12,0,53,0,215,53,1,161,0,0,0,0,0,0,0,0,0,0,0,0,0,0,0,10,43,108,10,43,108,10.134802,11.617074,30.083461,0.000000,0.000000,0.000000,0,0,0,10523.080231,9.502949,125.308359,9189.468923,979.607659,267.362370,8485.485792,0.000000,0.000000,9732.455821,10523.080231,790.624410,9.309134,2.540723,80.636901,0.000000,7.513241,14.848357,11.383390,3.403507,0.134760,5,0.000000,0,0,0,100.000000,3.868719,100.000000,23.912397,1628.617417,5209.309016,-0.000000,497.336716
13380.000000,pure-acoustic,none,hardware,1,0,0,1,priority,0.000500,180,15,hybrid,0.050000,4000.000000,6.087000,52.000000,500.000000,500.000000,2.000000,120.000000,0.000000,161,108,161,0,161,10,43,108,0,0,0,0,0,0,0,0,0.000000,0.000000,0.000000,clear-ocean,30.000000,60.000000,0.151000,1396,4165860,1068.169231,7.983328,65,12,0,53,0,215,53,1,161,0,0,0,0,0,0,0,0,0,0,0,0,0,0,0,10,43,108,10,43,108,10.134802,11.617074,30.083461,0.000000,0.000000,0.000000,0,0,0,10528.480231,9.502949,125.308359,9189.468923,983.743829,268.396412,8485.715579,0.000000,0.000000,9737.855821,10528.480231,790.624410,9.343645,2.549242,80.597725,0.000000,7.509388,14.848357,11.383390,3.403507,0.134155,5,0.000000,0,0,0,100.000000,3.868719,100.000000,23.912397,1621.314200,5123.202300,-0.000000,474.537410
13440.000000,pure-acoustic,none,hardware,1,0,0,1,priority,0.000500,180,15,hybrid,0.050000,4000.000000,6.087000,52.000000,500.000000,500.000000,2.000000,120.000000,0.000000,161,108,161,0,161,10,43,108,0,0,0,0,0,0,0,0,0.000000,0.000000,0.000000,clear-ocean,30.000000,60.000000,0.151000,1396,4165860,1068.169231,7.947688,65,12,0,53,0,215,53,1,161,0,0,0,0,0,0,0,0,0,0,0,0,0,0,0,10,43,108,10,43,108,10.134802,11.617074,30.083461,0.000000,0.000000,0.000000,0,0,0,10533.880231,9.502949,125.308359,9189.468923,987.879999,269.430455,8485.945366,0.000000,0.000000,9743.255821,10533.880231,790.624410,9.378121,2.557751,80.558590,0.000000,7.505538,14.848357,11.383390,3.403507,0.133557,5,0.000000,0,0,0,100.000000,3.868719,100.000000,23.912397,1614.076190,5037.095584,-0.000000,430.447668
13500.000000,pure-acoustic,none,hardware,1,0,0,1,priority,0.000500,180,15,hybrid,0.050000,4000.000000,6.087000,52.000000,500.000000,500.000000,2.000000,120.000000,0.000000,161,108,161,0,161,10,43,108,0,0,0,0,0,0,0,0,0.000000,0.000000,0.000000,clear-ocean,30.000000,60.000000,0.151000,1396,4165860,1068.169231,7.912365,65,12,0,53,0,215,53,1,161,0,0,0,0,0,0,0,0,0,0,0,0,0,0,0,10,43,108,10,43,108,10.134802,11.617074,30.083461,0.000000,0.000000,0.000000,0,0,0,10539.280231,9.502949,125.308359,9189.468923,992.016170,270.464498,8486.175153,0.000000,0.000000,9748.655821,10539.280231,790.624410,9.412561,2.566252,80.519494,0.000000,7.501693,14.848357,11.383390,3.403507,0.132963,5,0.000000,0,0,0,100.000000,3.868719,100.000000,23.912397,1606.902519,4950.988867,-0.000000,369.248039
13560.000000,pure-acoustic,none,hardware,1,0,0,1,priority,0.000500,180,15,hybrid,0.050000,4000.000000,6.087000,52.000000,500.000000,500.000000,2.000000,120.000000,0.000000,161,108,161,0,161,10,43,108,0,0,0,0,0,0,0,0,0.000000,0.000000,0.000000,clear-ocean,30.000000,60.000000,0.151000,1396,4165860,1068.169231,7.877354,65,12,0,53,0,215,53,1,161,0,0,0,0,0,0,0,0,0,0,0,0,0,0,0,10,43,108,10,43,108,10.134802,11.617074,30.083461,0.000000,0.000000,0.000000,0,0,0,10544.680231,9.502949,125.308359,9189.468923,996.152340,271.498540,8486.404941,0.000000,0.000000,9754.055821,10544.680231,790.624410,9.446966,2.574744,80.480439,0.000000,7.497851,14.848357,11.383390,3.403507,0.132375,5,0.000000,0,0,0,100.000000,3.868719,100.000000,23.912397,1599.792330,4864.882151,-0.000000,296.741417
13620.000000,pure-acoustic,none,hardware,1,0,0,1,priority,0.000500,180,15,hybrid,0.050000,4000.000000,6.087000,52.000000,500.000000,500.000000,2.000000,120.000000,0.000000,161,108,161,0,161,10,43,108,0,0,0,0,0,0,0,0,0.000000,0.000000,0.000000,clear-ocean,30.000000,60.000000,0.151000,1396,4165860,1068.169231,7.842652,65,12,0,53,0,215,53,1,161,0,0,0,0,0,0,0,0,0,0,0,0,0,0,0,10,43,108,10,43,108,10.134802,11.617074,30.083461,0.000000,0.000000,0.000000,0,0,0,10550.080231,9.502949,125.308359,9189.468923,1000.288510,272.532583,8486.634728,0.000000,0.000000,9759.455821,10550.080231,790.624410,9.481336,2.583228,80.441424,0.000000,7.494013,14.848357,11.383390,3.403507,0.131791,5,0.000000,0,0,0,100.000000,3.868719,100.000000,23.912397,1592.744787,4778.775435,-0.000000,219.802817
13680.000000,pure-acoustic,none,hardware,1,0,0,1,priority,0.000500,180,15,hybrid,0.050000,4000.000000,6.087000,52.000000,500.000000,500.000000,2.000000,120.000000,0.000000,161,108,161,0,161,10,43,108,0,0,0,0,0,0,0,0,0.000000,0.000000,0.000000,clear-ocean,30.000000,60.000000,0.151000,1396,4165860,1068.169231,7.808255,65,12,0,53,0,215,53,1,161,0,0,0,0,0,0,0,0,0,0,0,0,0,0,0,10,43,108,10,43,108,10.134802,11.617074,30.083461,0.000000,0.000000,0.000000,0,0,0,10555.480231,9.502949,125.308359,9189.468923,1004.424680,273.566625,8486.864515,0.000000,0.000000,9764.855821,10555.480231,790.624410,9.515670,2.591702,80.402448,0.000000,7.490179,14.848357,11.383390,3.403507,0.131213,5,0.000000,0,0,0,100.000000,3.868719,100.000000,23.912397,1585.759064,4692.668719,-0.000000,145.727486
13740.000000,pure-acoustic,none,hardware,1,0,0,1,priority,0.000500,180,15,hybrid,0.050000,4000.000000,6.087000,52.000000,500.000000,500.000000,2.000000,120.000000,0.000000,161,108,161,0,161,10,43,108,0,0,0,0,0,0,0,0,0.000000,0.000000,0.000000,clear-ocean,30.000000,60.000000,0.151000,1396,4165860,1068.169231,7.774157,65,12,0,53,0,215,53,1,161,0,0,0,0,0,0,0,0,0,0,0,0,0,0,0,10,43,108,10,43,108,10.134802,11.617074,30.083461,0.000000,0.000000,0.000000,0,0,0,10560.880231,9.502949,125.308359,9189.468923,1008.560851,274.600668,8487.094302,0.000000,0.000000,9770.255821,10560.880231,790.624410,9.549970,2.600168,80.363512,0.000000,7.486350,14.848357,11.383390,3.403507,0.130640,5,0.000000,0,0,0,100.000000,3.868719,100.000000,23.912397,1578.834352,4606.562003,-0.000000,81.539182
13800.000000,pure-acoustic,none,hardware,1,0,0,1,priority,0.000500,180,15,hybrid,0.050000,4000.000000,6.087000,52.000000,500.000000,500.000000,2.000000,120.000000,0.000000,161,108,161,0,161,10,43,108,0,0,0,0,0,0,0,0,0.000000,0.000000,0.000000,clear-ocean,30.000000,60.000000,0.151000,1396,4165860,1068.169231,7.740357,65,12,0,53,0,215,53,1,161,0,0,0,0,0,0,0,0,0,0,0,0,0,0,0,10,43,108,10,43,108,10.134802,11.617074,30.083461,0.000000,0.000000,0.000000,0,0,0,10566.280231,9.502949,125.308359,9189.468923,1012.697021,275.634710,8487.324089,0.000000,0.000000,9775.655821,10566.280231,790.624410,9.584234,2.608626,80.324617,0.000000,7.482524,14.848357,11.383390,3.403507,0.130072,5,0.000000,0,0,0,100.000000,3.868719,100.000000,23.912397,1571.969855,4520.455287,-0.000000,33.324182
13860.000000,pure-acoustic,none,hardware,1,0,0,1,priority,0.000500,180,15,hybrid,0.050000,4000.000000,6.087000,52.000000,500.000000,500.000000,2.000000,120.000000,0.000000,161,108,161,0,161,10,43,108,0,0,0,0,0,0,0,0,0.000000,0.000000,0.000000,clear-ocean,30.000000,60.000000,0.151000,1396,4165860,1068.169231,7.706849,65,12,0,53,0,215,53,1,161,0,0,0,0,0,0,0,0,0,0,0,0,0,0,0,10,43,108,10,43,108,10.134802,11.617074,30.083461,0.000000,0.000000,0.000000,0,0,0,10571.680231,9.502949,125.308359,9189.468923,1016.833191,276.668753,8487.553877,0.000000,0.000000,9781.055821,10571.680231,790.624410,9.618463,2.617075,80.285761,0.000000,7.478702,14.848357,11.383390,3.403507,0.129509,5,0.000000,0,0,0,100.000000,3.868719,100.000000,23.912397,1565.164791,4434.348571,-0.000000,5.654189
13920.000000,pure-acoustic,none,hardware,1,0,0,1,priority,0.000500,180,15,hybrid,0.050000,4000.000000,6.087000,52.000000,500.000000,500.000000,2.000000,120.000000,0.000000,161,108,161,0,161,10,43,108,0,0,0,0,0,0,0,0,0.000000,0.000000,0.000000,clear-ocean,30.000000,60.000000,0.151000,1396,4165860,1068.169231,7.673630,65,12,0,53,0,215,53,1,161,0,0,0,0,0,0,0,0,0,0,0,0,0,0,0,10,43,108,10,43,108,10.134802,11.617074,30.083461,0.000000,0.000000,0.000000,0,0,0,10577.080231,9.502949,125.308359,9189.468923,1020.969361,277.702795,8487.783664,0.000000,0.000000,9786.455821,10577.080231,790.624410,9.652658,2.625515,80.246944,0.000000,7.474883,14.848357,11.383390,3.403507,0.128951,5,0.000000,0,0,0,100.000000,3.868719,100.000000,23.912397,1558.418391,4348.241854,0.000000,1.152847
13980.000000,pure-acoustic,none,hardware,1,0,0,1,priority,0.000500,180,15,hybrid,0.050000,4000.000000,6.087000,52.000000,500.000000,500.000000,2.000000,120.000000,0.000000,161,108,161,0,161,10,43,108,0,0,0,0,0,0,0,0,0.000000,0.000000,0.000000,clear-ocean,30.000000,60.000000,0.151000,1396,4165860,1068.169231,7.640695,65,12,0,53,0,215,53,1,161,0,0,0,0,0,0,0,0,0,0,0,0,0,0,0,10,43,108,10,43,108,10.134802,11.617074,30.083461,0.000000,0.000000,0.000000,0,0,0,10582.480231,9.502949,125.308359,9189.468923,1025.105531,278.736838,8488.013451,0.000000,0.000000,9791.855821,10582.480231,790.624410,9.686817,2.633946,80.208167,0.000000,7.471069,14.848357,11.383390,3.403507,0.128398,5,0.000000,0,0,0,100.000000,3.868719,100.000000,23.912397,1551.729900,4262.135138,0.000000,20.246969
14040.000000,pure-acoustic,none,hardware,1,0,0,1,priority,0.000500,180,15,hybrid,0.050000,4000.000000,6.087000,52.000000,500.000000,500.000000,2.000000,120.000000,0.000000,161,108,161,0,161,10,43,108,0,0,0,0,0,0,0,0,0.000000,0.000000,0.000000,clear-ocean,30.000000,60.000000,0.151000,1396,4165860,1068.169231,7.608043,65,12,0,53,0,215,53,1,161,0,0,0,0,0,0,0,0,0,0,0,0,0,0,0,10,43,108,10,43,108,10.134802,11.617074,30.083461,0.000000,0.000000,0.000000,0,0,0,10587.880231,9.502949,125.308359,9189.468923,1029.241702,279.770881,8488.243238,0.000000,0.000000,9797.255821,10587.880231,790.624410,9.720942,2.642369,80.169430,0.000000,7.467259,14.848357,11.383390,3.403507,0.127849,5,0.000000,0,0,0,100.000000,3.868719,100.000000,23.912397,1545.098575,4176.028422,0.000000,61.126069
14100.000000,pure-acoustic,none,hardware,1,0,0,1,priority,0.000500,180,15,hybrid,0.050000,4000.000000,6.087000,52.000000,500.000000,500.000000,2.000000,120.000000,0.000000,161,108,161,0,161,10,43,108,0,0,0,0,0,0,0,0,0.000000,0.000000,0.000000,clear-ocean,30.000000,60.000000,0.151000,1396,4165860,1068.169231,7.575668,65,12,0,53,0,215,53,1,161,0,0,0,0,0,0,0,0,0,0,0,0,0,0,0,10,43,108,10,43,108,10.134802,11.617074,30.083461,0.000000,0.000000,0.000000,0,0,0,10593.280231,9.502949,125.308359,9189.468923,1033.377872,280.804923,8488.473026,0.000000,0.000000,9802.655821,10593.280231,790.624410,9.755032,2.650783,80.130732,0.000000,7.463452,14.848357,11.383390,3.403507,0.127305,5,0.000000,0,0,0,100.000000,3.868719,100.000000,23.912397,1538.523688,4089.921706,0.000000,119.914025
14160.000000,pure-acoustic,none,hardware,1,0,0,1,priority,0.000500,180,15,hybrid,0.050000,4000.000000,6.087000,52.000000,500.000000,500.000000,2.000000,120.000000,0.000000,161,108,161,0,161,10,43,108,0,0,0,0,0,0,0,0,0.000000,0.000000,0.000000,clear-ocean,30.000000,60.000000,0.151000,1396,4165860,1068.169231,7.543568,65,12,0,53,0,215,53,1,161,0,0,0,0,0,0,0,0,0,0,0,0,0,0,0,10,43,108,10,43,108,10.134802,11.617074,30.083461,0.000000,0.000000,0.000000,0,0,0,10598.680231,9.502949,125.308359,9189.468923,1037.514042,281.838966,8488.702813,0.000000,0.000000,9808.055821,10598.680231,790.624410,9.789087,2.659189,80.092074,0.000000,7.459650,14.848357,11.383390,3.403507,0.126766,5,0.000000,0,0,0,100.000000,3.868719,100.000000,23.912397,1532.004520,4003.814990,0.000000,191.036617
14220.000000,pure-acoustic,none,hardware,1,0,0,1,priority,0.000500,180,15,hybrid,0.050000,4000.000000,6.087000,52.000000,500.000000,500.000000,2.000000,120.000000,0.000000,161,108,161,0,161,10,43,108,0,0,0,0,0,0,0,0,0.000000,0.000000,0.000000,clear-ocean,30.000000,60.000000,0.151000,1396,4165860,1068.169231,7.511739,65,12,0,53,0,215,53,1,161,0,0,0,0,0,0,0,0,0,0,0,0,0,0,0,10,43,108,10,43,108,10.134802,11.617074,30.083461,0.000000,0.000000,0.000000,0,0,0,10604.080231,9.502949,125.308359,9189.468923,1041.650212,282.873008,8488.932600,0.000000,0.000000,9813.455821,10604.080231,790.624410,9.823108,2.667586,80.053455,0.000000,7.455851,14.848357,11.383390,3.403507,0.126231,5,0.000000,0,0,0,100.000000,3.868719,100.000000,23.912397,1525.540366,3917.708274,0.000000,267.750065
14280.000000,pure-acoustic,none,hardware,1,0,0,1,priority,0.000500,180,15,hybrid,0.050000,4000.000000,6.087000,52.000000,500.000000,500.000000,2.000000,120.000000,0.000000,161,108,161,0,161,10,43,108,0,0,0,0,0,0,0,0,0.000000,0.000000,0.000000,clear-ocean,30.000000,60.000000,0.151000,1396,4165860,1068.169231,7.480177,65,12,0,53,0,215,53,1,161,0,0,0,0,0,0,0,0,0,0,0,0,0,0,0,10,43,108,10,43,108,10.134802,11.617074,30.083461,0.000000,0.000000,0.000000,0,0,0,10609.480231,9.502949,125.308359,9189.468923,1045.786382,283.907051,8489.162387,0.000000,0.000000,9818.855821,10609.480231,790.624410,9.857093,2.675975,80.014875,0.000000,7.452056,14.848357,11.383390,3.403507,0.125700,5,0.000000,0,0,0,100.000000,3.868719,100.000000,23.912397,1519.130532,3831.601558,0.000000,342.780467
14340.000000,pure-acoustic,none,hardware,1,0,0,1,priority,0.000500,180,15,hybrid,0.050000,4000.000000,6.087000,52.000000,500.000000,500.000000,2.000000,120.000000,0.000000,161,108,161,0,161,10,43,108,0,0,0,0,0,0,0,0,0.000000,0.000000,0.000000,clear-ocean,30.000000,60.000000,0.151000,1396,4165860,1068.169231,7.448879,65,12,0,53,0,215,53,1,161,0,0,0,0,0,0,0,0,0,0,0,0,0,0,0,10,43,108,10,43,108,10.134802,11.617074,30.083461,0.000000,0.000000,0.000000,0,0,0,10614.880231,9.502949,125.308359,9189.468923,1049.922553,284.941093,8489.392175,0.000000,0.000000,9824.255821,10614.880231,790.624410,9.891045,2.684355,79.976335,0.000000,7.448265,14.848357,11.383390,3.403507,0.125174,5,0.000000,0,0,0,100.000000,3.868719,100.000000,23.912397,1512.774338,3745.494841,0.000000,409.013508
14400.000000,pure-acoustic,none,hardware,1,0,0,1,priority,0.000500,180,15,hybrid,0.050000,4000.000000,6.087000,52.000000,500.000000,500.000000,2.000000,120.000000,0.000000,161,108,161,0,161,10,43,108,0,0,0,0,0,0,0,0,0.000000,0.000000,0.000000,clear-ocean,30.000000,60.000000,0.151000,1396,4165860,1068.169231,7.417842,65,12,0,53,0,215,53,1,161,0,0,0,0,0,0,0,0,0,0,0,0,0,0,0,10,43,108,10,43,108,10.134802,11.617074,30.083461,0.000000,0.000000,0.000000,0,0,0,10620.280231,9.502949,125.308359,9189.468923,1054.058723,285.975136,8489.621962,0.000000,0.000000,9829.655821,10620.280231,790.624410,9.924961,2.692727,79.937834,0.000000,7.444478,14.848357,11.383390,3.403507,0.124653,5,0.000000,0,0,0,100.000000,3.868719,100.000000,23.912397,1506.471111,3659.388125,0.000000,460.169031
14460.000000,pure-acoustic,none,hardware,1,0,0,1,priority,0.000500,180,15,hybrid,0.050000,4000.000000,6.087000,52.000000,500.000000,500.000000,2.000000,120.000000,0.000000,161,108,161,0,161,10,43,108,0,0,0,0,0,0,0,0,0.000000,0.000000,0.000000,clear-ocean,30.000000,60.000000,0.151000,1396,4165860,1068.169231,7.387062,65,12,0,53,0,215,53,1,161,0,0,0,0,0,0,0,0,0,0,0,0,0,0,0,10,43,108,10,43,108,10.134802,11.617074,30.083461,0.000000,0.000000,0.000000,0,0,0,10625.680231,9.502949,125.308359,9189.468923,1058.194893,287.009178,8489.851749,0.000000,0.000000,9835.055821,10625.680231,790.624410,9.958844,2.701090,79.899372,0.000000,7.440695,14.848357,11.383390,3.403507,0.124136,5,0.000000,0,0,0,100.000000,3.868719,100.000000,23.912397,1500.220194,3573.281409,0.000000,491.396514
14520.000000,pure-acoustic,none,hardware,1,0,0,1,priority,0.000500,180,15,hybrid,0.050000,4000.000000,6.087000,52.000000,500.000000,500.000000,2.000000,120.000000,0.000000,161,108,161,0,161,10,43,108,0,0,0,0,0,0,0,0,0.000000,0.000000,0.000000,clear-ocean,30.000000,60.000000,0.151000,1396,4165860,1068.169231,7.356537,65,12,0,53,0,215,53,1,161,0,0,0,0,0,0,0,0,0,0,0,0,0,0,0,10,43,108,10,43,108,10.134802,11.617074,30.083461,0.000000,0.000000,0.000000,0,0,0,10631.080231,9.502949,125.308359,9189.468923,1062.331063,288.043221,8490.081536,0.000000,0.000000,9840.455821,10631.080231,790.624410,9.992692,2.709445,79.860949,0.000000,7.436915,14.848357,11.383390,3.403507,0.123623,5,0.000000,0,0,0,100.000000,3.868719,100.000000,23.912397,1494.020937,3487.174693,-0.000000,499.734996
14580.000000,pure-acoustic,none,hardware,1,0,0,1,priority,0.000500,180,15,hybrid,0.050000,4000.000000,6.087000,52.000000,500.000000,500.000000,2.000000,120.000000,0.000000,161,108,161,0,161,10,43,108,0,0,0,0,0,0,0,0,0.000000,0.000000,0.000000,clear-ocean,30.000000,60.000000,0.151000,1396,4165860,1068.169231,7.326264,65,12,0,53,0,215,53,1,161,0,0,0,0,0,0,0,0,0,0,0,0,0,0,0,10,43,108,10,43,108,10.134802,11.617074,30.083461,0.000000,0.000000,0.000000,0,0,0,10636.480231,9.502949,125.308359,9189.468923,1066.467233,289.077264,8490.311324,0.000000,0.000000,9845.855821,10636.480231,790.624410,10.026505,2.717791,79.822565,0.000000,7.433139,14.848357,11.383390,3.403507,0.123114,5,0.000000,0,0,0,100.000000,3.868719,100.000000,23.912397,1487.872702,3401.067977,-0.000000,484.393829
14640.000000,pure-acoustic,none,hardware,1,0,0,1,priority,0.000500,180,15,hybrid,0.050000,4000.000000,6.087000,52.000000,500.000000,500.000000,2.000000,120.000000,0.000000,161,108,161,0,161,10,43,108,0,0,0,0,0,0,0,0,0.000000,0.000000,0.000000,clear-ocean,30.000000,60.000000,0.151000,1396,4165860,1068.169231,7.296238,65,12,0,53,0,215,53,1,161,0,0,0,0,0,0,0,0,0,0,0,0,0,0,0,10,43,108,10,43,108,10.134802,11.617074,30.083461,0.000000,0.000000,0.000000,0,0,0,10641.880231,9.502949,125.308359,9189.468923,1070.603404,290.111306,8490.541111,0.000000,0.000000,9851.255821,10641.880231,790.624410,10.060284,2.726128,79.784220,0.000000,7.429368,14.848357,11.383390,3.403507,0.122609,5,0.000000,0,0,0,100.000000,3.868719,100.000000,23.912397,1481.774863,3314.961261,-0.000000,446.827649
14700.000000,pure-acoustic,none,hardware,1,0,0,1,priority,0.000500,180,15,hybrid,0.050000,4000.000000,6.087000,52.000000,500.000000,500.000000,2.000000,120.000000,0.000000,161,108,161,0,161,10,43,108,0,0,0,0,0,0,0,0,0.000000,0.000000,0.000000,clear-ocean,30.000000,60.000000,0.151000,1396,4165860,1068.169231,7.266457,65,12,0,53,0,215,53,1,161,0,0,0,0,0,0,0,0,0,0,0,0,0,0,0,10,43,108,10,43,108,10.134802,11.617074,30.083461,0.000000,0.000000,0.000000,0,0,0,10647.280231,9.502949,125.308359,9189.468923,1074.739574,291.145349,8490.770898,0.000000,0.000000,9856.655821,10647.280231,790.624410,10.094029,2.734457,79.745914,0.000000,7.425600,14.848357,11.383390,3.403507,0.122109,5,0.000000,0,0,0,100.000000,3.868719,100.000000,23.912397,1475.726803,3228.854545,-0.000000,390.598447
14760.000000,pure-acoustic,none,hardware,1,0,0,1,priority,0.000500,180,15,hybrid,0.050000,4000.000000,6.087000,52.000000,500.000000,500.000000,2.000000,120.000000,0.000000,161,108,161,0,161,10,43,108,0,0,0,0,0,0,0,0,0.000000,0.000000,0.000000,clear-ocean,30.000000,60.000000,0.151000,1396,4165860,1068.169231,7.236919,65,12,0,53,0,215,53,1,161,0,0,0,0,0,0,0,0,0,0,0,0,0,0,0,10,43,108,10,43,108,10.134802,11.617074,30.083461,0.000000,0.000000,0.000000,0,0,0,10652.680231,9.502949,125.308359,9189.468923,1078.875744,292.179391,8491.000685,0.000000,0.000000,9862.055821,10652.680231,790.624410,10.127740,2.742778,79.707646,0.000000,7.421836,14.848357,11.383390,3.403507,0.121612,5,0.000000,0,0,0,100.000000,3.868719,100.000000,23.912397,1469.727913,3142.747828,-0.000000,321.037826
14820.000000,pure-acoustic,none,hardware,1,0,0,1,priority,0.000500,180,15,hybrid,0.050000,4000.000000,6.087000,52.000000,500.000000,500.000000,2.000000,120.000000,0.000000,161,108,161,0,161,10,43,108,0,0,0,0,0,0,0,0,0.000000,0.000000,0.000000,clear-ocean,30.000000,60.000000,0.151000,1396,4165860,1068.169231,7.207620,65,12,0,53,0,215,53,1,161,0,0,0,0,0,0,0,0,0,0,0,0,0,0,0,10,43,108,10,43,108,10.134802,11.617074,30.083461,0.000000,0.000000,0.000000,0,0,0,10658.080231,9.502949,125.308359,9189.468923,1083.011914,293.213434,8491.230472,0.000000,0.000000,9867.455821,10658.080231,790.624410,10.161416,2.751091,79.669418,0.000000,7.418075,14.848357,11.383390,3.403507,0.121120,5,0.000000,0,0,0,100.000000,3.868719,100.000000,23.912397,1463.777598,3056.641112,-0.000000,244.741463
14880.000000,pure-acoustic,none,hardware,1,0,0,1,priority,0.000500,180,15,hybrid,0.050000,4000.000000,6.087000,52.000000,500.000000,500.000000,2.000000,120.000000,0.000000,161,108,161,0,161,10,43,108,0,0,0,0,0,0,0,0,0.000000,0.000000,0.000000,clear-ocean,30.000000,60.000000,0.151000,1396,4165860,1068.169231,7.178557,65,12,0,53,0,215,53,1,161,0,0,0,0,0,0,0,0,0,0,0,0,0,0,0,10,43,108,10,43,108,10.134802,11.617074,30.083461,0.000000,0.000000,0.000000,0,0,0,10663.480231,9.502949,125.308359,9189.468923,1087.148085,294.247476,8491.460260,0.000000,0.000000,9872.855821,10663.480231,790.624410,10.195059,2.759394,79.631228,0.000000,7.414319,14.848357,11.383390,3.403507,0.120632,5,0.000000,0,0,0,100.000000,3.868719,100.000000,23.912397,1457.875269,2970.534396,-0.000000,168.943709
14940.000000,pure-acoustic,none,hardware,1,0,0,1,priority,0.000500,180,15,hybrid,0.050000,4000.000000,6.087000,52.000000,500.000000,500.000000,2.000000,120.000000,0.000000,161,108,161,0,161,10,43,108,0,0,0,0,0,0,0,0,0.000000,0.000000,0.000000,clear-ocean,30.000000,60.000000,0.151000,1396,4165860,1068.169231,7.149727,65,12,0,53,0,215,53,1,161,0,0,0,0,0,0,0,0,0,0,0,0,0,0,0,10,43,108,10,43,108,10.134802,11.617074,30.083461,0.000000,0.000000,0.000000,0,0,0,10668.880231,9.502949,125.308359,9189.468923,1091.284255,295.281519,8491.690047,0.000000,0.000000,9878.255821,10668.880231,790.624410,10.228667,2.767690,79.593077,0.000000,7.410566,14.848357,11.383390,3.403507,0.120147,5,0.000000,0,0,0,100.000000,3.868719,100.000000,23.912397,1452.020348,2884.427680,-0.000000,100.831640
15000.000000,pure-acoustic,none,hardware,1,0,0,1,priority,0.000500,180,15,hybrid,0.050000,4000.000000,6.087000,52.000000,500.000000,500.000000,2.000000,120.000000,0.000000,161,108,161,0,161,10,43,108,0,0,0,0,0,0,0,0,0.000000,0.000000,0.000000,clear-ocean,30.000000,60.000000,0.151000,1396,4165860,1068.169231,7.121128,65,12,0,53,0,215,53,1,161,0,0,0,0,0,0,0,0,0,0,0,0,0,0,0,10,43,108,10,43,108,10.134802,11.617074,30.083461,0.000000,0.000000,0.000000,0,0,0,10674.280231,9.502949,125.308359,9189.468923,1095.420425,296.315561,8491.919834,0.000000,0.000000,9883.655821,10674.280231,790.624410,10.262242,2.775977,79.554964,0.000000,7.406817,14.848357,11.383390,3.403507,0.119667,5,0.000000,0,0,0,100.000000,3.868719,100.000000,23.912397,1446.212267,2798.320964,-0.000000,46.863581
15060.000000,pure-acoustic,none,hardware,1,0,0,1,priority,0.000500,180,15,hybrid,0.050000,4000.000000,6.087000,52.000000,500.000000,500.000000,2.000000,120.000000,0.000000,161,108,161,0,161,10,43,108,0,0,0,0,0,0,0,0,0.000000,0.000000,0.000000,clear-ocean,30.000000,60.000000,0.151000,1396,4165860,1068.169231,7.092757,65,12,0,53,0,215,53,1,161,0,0,0,0,0,0,0,0,0,0,0,0,0,0,0,10,43,108,10,43,108,10.134802,11.617074,30.083461,0.000000,0.000000,0.000000,0,0,0,10679.680231,9.502949,125.308359,9189.468923,1099.556595,297.349604,8492.149621,0.000000,0.000000,9889.055821,10679.680231,790.624410,10.295782,2.784256,79.516890,0.000000,7.403072,14.848357,11.383390,3.403507,0.119190,5,0.000000,0,0,0,100.000000,3.868719,100.000000,23.912397,1440.450465,2712.214248,-0.000000,12.156736
15120.000000,pure-acoustic,none,hardware,1,0,0,1,priority,0.000500,180,15,hybrid,0.050000,4000.000000,6.087000,52.000000,500.000000,500.000000,2.000000,120.000000,0.000000,161,108,161,0,161,10,43,108,0,0,0,0,0,0,0,0,0.000000,0.000000,0.000000,clear-ocean,30.000000,60.000000,0.151000,1396,4165860,1068.169231,7.064611,65,12,0,53,0,215,53,1,161,0,0,0,0,0,0,0,0,0,0,0,0,0,0,0,10,43,108,10,43,108,10.134802,11.617074,30.083461,0.000000,0.000000,0.000000,0,0,0,10685.080231,9.502949,125.308359,9189.468923,1103.692765,298.383646,8492.379409,0.000000,0.000000,9894.455821,10685.080231,790.624410,10.329289,2.792526,79.478855,0.000000,7.399331,14.848357,11.383390,3.403507,0.118717,5,0.000000,0,0,0,100.000000,3.868719,100.000000,23.912397,1434.734392,2626.107532,-0.000000,0.001977
15180.000000,pure-acoustic,none,hardware,1,0,0,1,priority,0.000500,180,15,hybrid,0.050000,4000.000000,6.087000,52.000000,500.000000,500.000000,2.000000,120.000000,0.000000,161,108,161,0,161,10,43,108,0,0,0,0,0,0,0,0,0.000000,0.000000,0.000000,clear-ocean,30.000000,60.000000,0.151000,1396,4165860,1068.169231,7.036688,65,12,0,53,0,215,53,1,161,0,0,0,0,0,0,0,0,0,0,0,0,0,0,0,10,43,108,10,43,108,10.134802,11.617074,30.083461,0.000000,0.000000,0.000000,0,0,0,10690.480231,9.502949,125.308359,9189.468923,1107.828936,299.417689,8492.609196,0.000000,0.000000,9899.855821,10690.480231,790.624410,10.362761,2.800788,79.440858,0.000000,7.395593,14.848357,11.383390,3.403507,0.118248,5,0.000000,0,0,0,100.000000,3.868719,100.000000,23.912397,1429.063505,2540.000815,0.000000,11.551806
15240.000000,pure-acoustic,none,hardware,1,0,0,1,priority,0.000500,180,15,hybrid,0.050000,4000.000000,6.087000,52.000000,500.000000,500.000000,2.000000,120.000000,0.000000,161,108,161,0,161,10,43,108,0,0,0,0,0,0,0,0,0.000000,0.000000,0.000000,clear-ocean,30.000000,60.000000,0.151000,1396,4165860,1068.169231,7.008984,65,12,0,53,0,215,53,1,161,0,0,0,0,0,0,0,0,0,0,0,0,0,0,0,10,43,108,10,43,108,10.134802,11.617074,30.083461,0.000000,0.000000,0.000000,0,0,0,10695.880231,9.502949,125.308359,9189.468923,1111.965106,300.451732,8492.838983,0.000000,0.000000,9905.255821,10695.880231,790.624410,10.396200,2.809042,79.402899,0.000000,7.391859,14.848357,11.383390,3.403507,0.117782,5,0.000000,0,0,0,100.000000,3.868719,100.000000,23.912397,1423.437270,2453.894099,0.000000,45.711080
15300.000000,pure-acoustic,none,hardware,1,0,0,1,priority,0.000500,180,15,hybrid,0.050000,4000.000000,6.087000,52.000000,500.000000,500.000000,2.000000,120.000000,0.000000,161,108,161,0,161,10,43,108,0,0,0,0,0,0,0,0,0.000000,0.000000,0.000000,clear-ocean,30.000000,60.000000,0.151000,1396,4165860,1068.169231,6.981498,65,12,0,53,0,215,53,1,161,0,0,0,0,0,0,0,0,0,0,0,0,0,0,0,10,43,108,10,43,108,10.134802,11.617074,30.083461,0.000000,0.000000,0.000000,0,0,0,10701.280231,9.502949,125.308359,9189.468923,1116.101276,301.485774,8493.068770,0.000000,0.000000,9910.655821,10701.280231,790.624410,10.429605,2.817287,79.364979,0.000000,7.388129,14.848357,11.383390,3.403507,0.117320,5,0.000000,0,0,0,100.000000,3.868719,100.000000,23.912397,1417.855163,2367.787383,0.000000,99.240846
15360.000000,pure-acoustic,none,hardware,1,0,0,1,priority,0.000500,180,15,hybrid,0.050000,4000.000000,6.087000,52.000000,500.000000,500.000000,2.000000,120.000000,0.000000,161,108,161,0,161,10,43,108,0,0,0,0,0,0,0,0,0.000000,0.000000,0.000000,clear-ocean,30.000000,60.000000,0.151000,1396,4165860,1068.169231,6.954227,65,12,0,53,0,215,53,1,161,0,0,0,0,0,0,0,0,0,0,0,0,0,0,0,10,43,108,10,43,108,10.134802,11.617074,30.083461,0.000000,0.000000,0.000000,0,0,0,10706.680231,9.502949,125.308359,9189.468923,1120.237446,302.519817,8493.298558,0.000000,0.000000,9916.055821,10706.680231,790.624410,10.462977,2.825524,79.327096,0.000000,7.384403,14.848357,11.383390,3.403507,0.116862,5,0.000000,0,0,0,100.000000,3.868719,100.000000,23.912397,1412.316667,2281.680667,0.000000,167.065460
15420.000000,pure-acoustic,none,hardware,1,0,0,1,priority,0.000500,180,15,hybrid,0.050000,4000.000000,6.087000,52.000000,500.000000,500.000000,2.000000,120.000000,0.000000,161,108,161,0,161,10,43,108,0,0,0,0,0,0,0,0,0.000000,0.000000,0.000000,clear-ocean,30.000000,60.000000,0.151000,1396,4165860,1068.169231,6.927168,65,12,0,53,0,215,53,1,161,0,0,0,0,0,0,0,0,0,0,0,0,0,0,0,10,43,108,10,43,108,10.134802,11.617074,30.083461,0.000000,0.000000,0.000000,0,0,0,10712.080231,9.502949,125.308359,9189.468923,1124.373616,303.553859,8493.528345,0.000000,0.000000,9921.455821,10712.080231,790.624410,10.496314,2.833753,79.289253,0.000000,7.380680,14.848357,11.383390,3.403507,0.116407,5,0.000000,0,0,0,100.000000,3.868719,100.000000,23.912397,1406.821271,2195.573951,0.000000,242.753854
15480.000000,pure-acoustic,none,hardware,1,0,0,1,priority,0.000500,180,15,hybrid,0.050000,4000.000000,6.087000,52.000000,500.000000,500.000000,2.000000,120.000000,0.000000,161,108,161,0,161,10,43,108,0,0,0,0,0,0,0,0,0.000000,0.000000,0.000000,clear-ocean,30.000000,60.000000,0.151000,1396,4165860,1068.169231,6.900318,65,12,0,53,0,215,53,1,161,0,0,0,0,0,0,0,0,0,0,0,0,0,0,0,10,43,108,10,43,108,10.134802,11.617074,30.083461,0.000000,0.000000,0.000000,0,0,0,10717.480231,9.502949,125.308359,9189.468923,1128.509787,304.587902,8493.758132,0.000000,0.000000,9926.855821,10717.480231,790.624410,10.529619,2.841973,79.251447,0.000000,7.376962,14.848357,11.383390,3.403507,0.115956,5,0.000000,0,0,0,100.000000,3.868719,100.000000,23.912397,1401.368475,2109.467235,0.000000,319.129320
15540.000000,pure-acoustic,none,hardware,1,0,0,1,priority,0.000500,180,15,hybrid,0.050000,4000.000000,6.087000,52.000000,500.000000,500.000000,2.000000,120.000000,0.000000,161,108,161,0,161,10,43,108,0,0,0,0,0,0,0,0,0.000000,0.000000,0.000000,clear-ocean,30.000000,60.000000,0.151000,1396,4165860,1068.169231,6.873676,65,12,0,53,0,215,53,1,161,0,0,0,0,0,0,0,0,0,0,0,0,0,0,0,10,43,108,10,43,108,10.134802,11.617074,30.083461,0.000000,0.000000,0.000000,0,0,0,10722.880231,9.502949,125.308359,9189.468923,1132.645957,305.621944,8493.987919,0.000000,0.000000,9932.255821,10722.880231,790.624410,10.562889,2.850185,79.213679,0.000000,7.373247,14.848357,11.383390,3.403507,0.115508,5,0.000000,0,0,0,100.000000,3.868719,100.000000,23.912397,1395.957786,2023.360519,0.000000,388.950006
15600.000000,pure-acoustic,none,hardware,1,0,0,1,priority,0.000500,180,15,hybrid,0.050000,4000.000000,6.087000,52.000000,500.000000,500.000000,2.000000,120.000000,0.000000,161,108,161,0,161,10,43,108,0,0,0,0,0,0,0,0,0.000000,0.000000,0.000000,clear-ocean,30.000000,60.000000,0.151000,1396,4165860,1068.169231,6.847239,65,12,0,53,0,215,53,1,161,0,0,0,0,0,0,0,0,0,0,0,0,0,0,0,10,43,108,10,43,108,10.134802,11.617074,30.083461,0.000000,0.000000,0.000000,0,0,0,10728.280231,9.502949,125.308359,9189.468923,1136.782127,306.655987,8494.217706,0.000000,0.000000,9937.655821,10728.280231,790.624410,10.596126,2.858389,79.175949,0.000000,7.369535,14.848357,11.383390,3.403507,0.115064,5,0.000000,0,0,0,100.000000,3.868719,100.000000,23.912397,1390.588718,1937.253802,0.000000,445.595577
15660.000000,pure-acoustic,none,hardware,1,0,0,1,priority,0.000500,180,15,hybrid,0.050000,4000.000000,6.087000,52.000000,500.000000,500.000000,2.000000,120.000000,0.000000,161,108,161,0,161,10,43,108,0,0,0,0,0,0,0,0,0.000000,0.000000,0.000000,clear-ocean,30.000000,60.000000,0.151000,1396,4165860,1068.169231,6.821004,65,12,0,53,0,215,53,1,161,0,0,0,0,0,0,0,0,0,0,0,0,0,0,0,10,43,108,10,43,108,10.134802,11.617074,30.083461,0.000000,0.000000,0.000000,0,0,0,10733.680231,9.502949,125.308359,9189.468923,1140.918297,307.690029,8494.447494,0.000000,0.000000,9943.055821,10733.680231,790.624410,10.629330,2.866585,79.138257,0.000000,7.365828,14.848357,11.383390,3.403507,0.114623,5,0.000000,0,0,0,100.000000,3.868719,100.000000,23.912397,1385.260792,1851.147086,0.000000,483.694950
15720.000000,pure-acoustic,none,hardware,1,0,0,1,priority,0.000500,180,15,hybrid,0.050000,4000.000000,6.087000,52.000000,500.000000,500.000000,2.000000,120.000000,0.000000,161,108,161,0,161,10,43,108,0,0,0,0,0,0,0,0,0.000000,0.000000,0.000000,clear-ocean,30.000000,60.000000,0.151000,1396,4165860,1068.169231,6.794970,65,12,0,53,0,215,53,1,161,0,0,0,0,0,0,0,0,0,0,0,0,0,0,0,10,43,108,10,43,108,10.134802,11.617074,30.083461,0.000000,0.000000,0.000000,0,0,0,10739.080231,9.502949,125.308359,9189.468923,1145.054468,308.724072,8494.677281,0.000000,0.000000,9948.455821,10739.080231,790.624410,10.662500,2.874772,79.100604,0.000000,7.362124,14.848357,11.383390,3.403507,0.114186,5,0.000000,0,0,0,100.000000,3.868719,100.000000,23.912397,1379.973537,1765.040370,0.000000,499.635578
15780.000000,pure-acoustic,none,hardware,1,0,0,1,priority,0.000500,180,15,hybrid,0.050000,4000.000000,6.087000,52.000000,500.000000,500.000000,2.000000,120.000000,0.000000,161,108,161,0,161,10,43,108,0,0,0,0,0,0,0,0,0.000000,0.000000,0.000000,clear-ocean,30.000000,60.000000,0.151000,1396,4165860,1068.169231,6.769133,65,12,0,53,0,215,53,1,161,0,0,0,0,0,0,0,0,0,0,0,0,0,0,0,10,43,108,10,43,108,10.134802,11.617074,30.083461,0.000000,0.000000,0.000000,0,0,0,10744.480231,9.502949,125.308359,9189.468923,1149.190638,309.758115,8494.907068,0.000000,0.000000,9953.855821,10744.480231,790.624410,10.695637,2.882951,79.062988,0.000000,7.358424,14.848357,11.383390,3.403507,0.113752,5,0.000000,0,0,0,100.000000,3.868719,100.000000,23.912397,1374.726489,1678.933654,-0.000000,491.905983
15840.000000,pure-acoustic,none,hardware,1,0,0,1,priority,0.000500,180,15,hybrid,0.050000,4000.000000,6.087000,52.000000,500.000000,500.000000,2.000000,120.000000,0.000000,161,108,161,0,161,10,43,108,0,0,0,0,0,0,0,0,0.000000,0.000000,0.000000,clear-ocean,30.000000,60.000000,0.151000,1396,4165860,1068.169231,6.743493,65,12,0,53,0,215,53,1,161,0,0,0,0,0,0,0,0,0,0,0,0,0,0,0,10,43,108,10,43,108,10.134802,11.617074,30.083461,0.000000,0.000000,0.000000,0,0,0,10749.880231,9.502949,125.308359,9189.468923,1153.326808,310.792157,8495.136855,0.000000,0.000000,9959.255821,10749.880231,790.624410,10.728741,2.891122,79.025409,0.000000,7.354728,14.848357,11.383390,3.403507,0.113321,5,0.000000,0,0,0,100.000000,3.868719,100.000000,23.912397,1369.519192,1592.826938,-0.000000,461.239079
15900.000000,pure-acoustic,none,hardware,1,0,0,1,priority,0.000500,180,15,hybrid,0.050000,4000.000000,6.087000,52.000000,500.000000,500.000000,2.000000,120.000000,0.000000,161,108,161,0,161,10,43,108,0,0,0,0,0,0,0,0,0.000000,0.000000,0.000000,clear-ocean,30.000000,60.000000,0.151000,1396,4165860,1068.169231,6.718045,65,12,0,53,0,215,53,1,161,0,0,0,0,0,0,0,0,0,0,0,0,0,0,0,10,43,108,10,43,108,10.134802,11.617074,30.083461,0.000000,0.000000,0.000000,0,0,0,10755.280231,9.502949,125.308359,9189.468923,1157.462978,311.826200,8495.366643,0.000000,0.000000,9964.655821,10755.280231,790.624410,10.761811,2.899285,78.987869,0.000000,7.351035,14.848357,11.383390,3.403507,0.112893,5,0.000000,0,0,0,100.000000,3.868719,100.000000,23.912397,1364.351195,1506.720222,-0.000000,410.542675
15960.000000,pure-acoustic,none,hardware,1,0,0,1,priority,0.000500,180,15,hybrid,0.050000,4000.000000,6.087000,52.000000,500.000000,500.000000,2.000000,120.000000,0.000000,161,108,161,0,161,10,43,108,0,0,0,0,0,0,0,0,0.000000,0.000000,0.000000,clear-ocean,30.000000,60.000000,0.151000,1396,4165860,1068.169231,6.692790,65,12,0,53,0,215,53,1,161,0,0,0,0,0,0,0,0,0,0,0,0,0,0,0,10,43,108,10,43,108,10.134802,11.617074,30.083461,0.000000,0.000000,0.000000,0,0,0,10760.680231,9.502949,125.308359,9189.468923,1161.599148,312.860242,8495.596430,0.000000,0.000000,9970.055821,10760.680231,790.624410,10.794849,2.907439,78.950366,0.000000,7.347346,14.848357,11.383390,3.403507,0.112469,5,0.000000,0,0,0,100.000000,3.868719,100.000000,23.912397,1359.222055,1420.613506,-0.000000,344.623758
16020.000000,pure-acoustic,none,hardware,1,0,0,1,priority,0.000500,180,15,hybrid,0.050000,4000.000000,6.087000,52.000000,500.000000,500.000000,2.000000,120.000000,0.000000,161,108,161,0,161,10,43,108,0,0,0,0,0,0,0,0,0.000000,0.000000,0.000000,clear-ocean,30.000000,60.000000,0.151000,1396,4165860,1068.169231,6.667723,65,12,0,53,0,215,53,1,161,0,0,0,0,0,0,0,0,0,0,0,0,0,0,0,10,43,108,10,43,108,10.134802,11.617074,30.083461,0.000000,0.000000,0.000000,0,0,0,10766.080231,9.502949,125.308359,9189.468923,1165.735319,313.894285,8495.826217,0.000000,0.000000,9975.455821,10766.080231,790.624410,10.827853,2.915586,78.912901,0.000000,7.343661,14.848357,11.383390,3.403507,0.112047,5,0.000000,0,0,0,100.000000,3.868719,100.000000,23.912397,1354.131336,1334.506789,-0.000000,269.732701
16080.000000,pure-acoustic,none,hardware,1,0,0,1,priority,0.000500,180,15,hybrid,0.050000,4000.000000,6.087000,52.000000,500.000000,500.000000,2.000000,120.000000,0.000000,161,108,161,0,161,10,43,108,0,0,0,0,0,0,0,0,0.000000,0.000000,0.000000,clear-ocean,30.000000,60.000000,0.151000,1396,4165860,1068.169231,6.642843,65,12,0,53,0,215,53,1,161,0,0,0,0,0,0,0,0,0,0,0,0,0,0,0,10,43,108,10,43,108,10.134802,11.617074,30.083461,0.000000,0.000000,0.000000,0,0,0,10771.480231,9.502949,125.308359,9189.468923,1169.871489,314.928327,8496.056004,0.000000,0.000000,9980.855821,10771.480231,790.624410,10.860824,2.923724,78.875473,0.000000,7.339979,14.848357,11.383390,3.403507,0.111629,5,0.000000,0,0,0,100.000000,3.868719,100.000000,23.912397,1349.078607,1248.400073,-0.000000,192.970607
16140.000000,pure-acoustic,none,hardware,1,0,0,1,priority,0.000500,180,15,hybrid,0.050000,4000.000000,6.087000,52.000000,500.000000,500.000000,2.000000,120.000000,0.000000,161,108,161,0,161,10,43,108,0,0,0,0,0,0,0,0,0.000000,0.000000,0.000000,clear-ocean,30.000000,60.000000,0.151000,1396,4165860,1068.169231,6.618149,65,12,0,53,0,215,53,1,161,0,0,0,0,0,0,0,0,0,0,0,0,0,0,0,10,43,108,10,43,108,10.134802,11.617074,30.083461,0.000000,0.000000,0.000000,0,0,0,10776.880231,9.502949,125.308359,9189.468923,1174.007659,315.962370,8496.285792,0.000000,0.000000,9986.255821,10776.880231,790.624410,10.893762,2.931854,78.838083,0.000000,7.336301,14.848357,11.383390,3.403507,0.111214,5,0.000000,0,0,0,100.000000,3.868719,100.000000,23.912397,1344.063445,1162.293357,-0.000000,121.615989
16200.000000,pure-acoustic,none,hardware,1,0,0,1,priority,0.000500,180,15,hybrid,0.050000,4000.000000,6.087000,52.000000,500.000000,500.000000,2.000000,120.000000,0.000000,161,108,161,0,161,10,43,108,0,0,0,0,0,0,0,0,0.000000,0.000000,0.000000,clear-ocean,30.000000,60.000000,0.151000,1396,4165860,1068.169231,6.593637,65,12,0,53,0,215,53,1,161,0,0,0,0,0,0,0,0,0,0,0,0,0,0,0,10,43,108,10,43,108,10.134802,11.617074,30.083461,0.000000,0.000000,0.000000,0,0,0,10782.280231,9.502949,125.308359,9189.468923,1178.143829,316.996412,8496.515579,0.000000,0.000000,9991.655821,10782.280231,790.624410,10.926667,2.939976,78.800730,0.000000,7.332627,14.848357,11.383390,3.403507,0.110802,5,0.000000,0,0,0,100.000000,3.868719,100.000000,23.912397,1339.085432,1076.186641,-0.000000,62.434628
16260.000000,pure-acoustic,none,hardware,1,0,0,1,priority,0.000500,180,15,hybrid,0.050000,4000.000000,6.087000,52.000000,500.000000,500.000000,2.000000,120.000000,0.000000,161,108,161,0,161,10,43,108,0,0,0,0,0,0,0,0,0.000000,0.000000,0.000000,clear-ocean,30.000000,60.000000,0.151000,1396,4165860,1068.169231,6.569306,65,12,0,53,0,215,53,1,161,0,0,0,0,0,0,0,0,0,0,0,0,0,0,0,10,43,108,10,43,108,10.134802,11.617074,30.083461,0.000000,0.000000,0.000000,0,0,0,10787.680231,9.502949,125.308359,9189.468923,1182.279999,318.030455,8496.745366,0.000000,0.000000,9997.055821,10787.680231,790.624410,10.959539,2.948089,78.763415,0.000000,7.328957,14.848357,11.383390,3.403507,0.110394,5,0.000000,0,0,0,100.000000,3.868719,100.000000,23.912397,1334.144157,990.079925,-0.000000,21.038048
16320.000000,pure-acoustic,none,hardware,1,0,0,1,priority,0.000500,180,15,hybrid,0.050000,4000.000000,6.087000,52.000000,500.000000,500.000000,2.000000,120.000000,0.000000,161,108,161,0,161,10,43,108,0,0,0,0,0,0,0,0,0.000000,0.000000,0.000000,clear-ocean,30.000000,60.000000,0.151000,1396,4165860,1068.169231,6.545155,65,12,0,53,0,215,53,1,161,0,0,0,0,0,0,0,0,0,0,0,0,0,0,0,10,43,108,10,43,108,10.134802,11.617074,30.083461,0.000000,0.000000,0.000000,0,0,0,10793.080231,9.502949,125.308359,9189.468923,1186.416170,319.064498,8496.975153,0.000000,0.000000,10002.455821,10793.080231,790.624410,10.992378,2.956195,78.726137,0.000000,7.325290,14.848357,11.383390,3.403507,0.109988,5,0.000000,0,0,0,100.000000,3.868719,100.000000,23.912397,1329.239216,903.973209,-0.000000,1.351435
16380.000000,pure-acoustic,none,hardware,1,0,0,1,priority,0.000500,180,15,hybrid,0.050000,4000.000000,6.087000,52.000000,500.000000,500.000000,2.000000,120.000000,0.000000,161,108,161,0,161,10,43,108,0,0,0,0,0,0,0,0,0.000000,0.000000,0.000000,clear-ocean,30.000000,60.000000,0.151000,1396,4165860,1068.169231,6.521180,65,12,0,53,0,215,53,1,161,0,0,0,0,0,0,0,0,0,0,0,0,0,0,0,10,43,108,10,43,108,10.134802,11.617074,30.083461,0.000000,0.000000,0.000000,0,0,0,10798.480231,9.502949,125.308359,9189.468923,1190.552340,320.098540,8497.204941,0.000000,0.000000,10007.855821,10798.480231,790.624410,11.025184,2.964293,78.688897,0.000000,7.321627,14.848357,11.383390,3.403507,0.109585,5,0.000000,0,0,0,100.000000,3.868719,100.000000,23.912397,1324.370208,817.866493,0.000000,5.241457
16440.000000,pure-acoustic,none,hardware,1,0,0,1,priority,0.000500,180,15,hybrid,0.050000,4000.000000,6.087000,52.000000,500.000000,500.000000,2.000000,120.000000,0.000000,161,108,161,0,161,10,43,108,0,0,0,0,0,0,0,0,0.000000,0.000000,0.000000,clear-ocean,30.000000,60.000000,0.151000,1396,4165860,1068.169231,6.497380,65,12,0,53,0,215,53,1,161,0,0,0,0,0,0,0,0,0,0,0,0,0,0,0,10,43,108,10,43,108,10.134802,11.617074,30.083461,0.000000,0.000000,0.000000,0,0,0,10803.880231,9.502949,125.308359,9189.468923,1194.688510,321.132583,8497.434728,0.000000,0.000000,10013.255821,10803.880231,790.624410,11.057958,2.972382,78.651693,0.000000,7.317967,14.848357,11.383390,3.403507,0.109185,5,0.000000,0,0,0,100.000000,3.868719,100.000000,23.912397,1319.536740,731.759776,0.000000,32.339264
16500.000000,pure-acoustic,none,hardware,1,0,0,1,priority,0.000500,180,15,hybrid,0.050000,4000.000000,6.087000,52.000000,500.000000,500.000000,2.000000,120.000000,0.000000,161,108,161,0,161,10,43,108,0,0,0,0,0,0,0,0,0.000000,0.000000,0.000000,clear-ocean,30.000000,60.000000,0.151000,1396,4165860,1068.169231,6.473753,65,12,0,53,0,215,53,1,161,0,0,0,0,0,0,0,0,0,0,0,0,0,0,0,10,43,108,10,43,108,10.134802,11.617074,30.083461,0.000000,0.000000,0.000000,0,0,0,10809.280231,9.502949,125.308359,9189.468923,1198.824680,322.166625,8497.664515,0.000000,0.000000,10018.655821,10809.280231,790.624410,11.090698,2.980463,78.614527,0.000000,7.314311,14.848357,11.383390,3.403507,0.108788,5,0.000000,0,0,0,100.000000,3.868719,100.000000,23.912397,1314.738424,645.653060,0.000000,80.075468
16560.000000,pure-acoustic,none,hardware,1,0,0,1,priority,0.000500,180,15,hybrid,0.050000,4000.000000,6.087000,52.000000,500.000000,500.000000,2.000000,120.000000,0.000000,161,108,161,0,161,10,43,108,0,0,0,0,0,0,0,0,0.000000,0.000000,0.000000,clear-ocean,30.000000,60.000000,0.151000,1396,4165860,1068.169231,6.450297,65,12,0,53,0,215,53,1,161,0,0,0,0,0,0,0,0,0,0,0,0,0,0,0,10,43,108,10,43,108,10.134802,11.617074,30.083461,0.000000,0.000000,0.000000,0,0,0,10814.680231,9.502949,125.308359,9189.468923,1202.960851,323.200668,8497.894302,0.000000,0.000000,10024.055821,10814.680231,790.624410,11.123407,2.988537,78.577398,0.000000,7.310659,14.848357,11.383390,3.403507,0.108394,5,0.000000,0,0,0,100.000000,3.868719,100.000000,23.912397,1309.974879,559.546344,0.000000,143.923764
16620.000000,pure-acoustic,none,hardware,1,0,0,1,priority,0.000500,180,15,hybrid,0.050000,4000.000000,6.087000,52.000000,500.000000,500.000000,2.000000,120.000000,0.000000,161,108,161,0,161,10,43,108,0,0,0,0,0,0,0,0,0.000000,0.000000,0.000000,clear-ocean,30.000000,60.000000,0.151000,1396,4165860,1068.169231,6.427011,65,12,0,53,0,215,53,1,161,0,0,0,0,0,0,0,0,0,0,0,0,0,0,0,10,43,108,10,43,108,10.134802,11.617074,30.083461,0.000000,0.000000,0.000000,0,0,0,10820.080231,9.502949,125.308359,9189.468923,1207.097021,324.234710,8498.124089,0.000000,0.000000,10029.455821,10820.080231,790.624410,11.156082,2.996602,78.540306,0.000000,7.307011,14.848357,11.383390,3.403507,0.108002,5,0.000000,0,0,0,100.000000,3.868719,100.000000,23.912397,1305.245728,473.439628,0.000000,217.830114
16680.000000,pure-acoustic,none,hardware,1,0,0,1,priority,0.000500,180,15,hybrid,0.050000,4000.000000,6.087000,52.000000,500.000000,500.000000,2.000000,120.000000,0.000000,161,108,161,0,161,10,43,108,0,0,0,0,0,0,0,0,0.000000,0.000000,0.000000,clear-ocean,30.000000,60.000000,0.151000,1396,4165860,1068.169231,6.403892,65,12,0,53,0,215,53,1,161,0,0,0,0,0,0,0,0,0,0,0,0,0,0,0,10,43,108,10,43,108,10.134802,11.617074,30.083461,0.000000,0.000000,0.000000,0,0,0,10825.480231,9.502949,125.308359,9189.468923,1211.233191,325.268753,8498.353877,0.000000,0.000000,10034.855821,10825.480231,790.624410,11.188725,3.004659,78.503251,0.000000,7.303366,14.848357,11.383390,3.403507,0.107614,5,0.000000,0,0,0,100.000000,3.868719,100.000000,23.912397,1300.550600,387.332912,0.000000,294.786783
16740.000000,pure-acoustic,none,hardware,1,0,0,1,priority,0.000500,180,15,hybrid,0.050000,4000.000000,6.087000,52.000000,500.000000,500.000000,2.000000,120.000000,0.000000,161,108,161,0,161,10,43,108,0,0,0,0,0,0,0,0,0.000000,0.000000,0.000000,clear-ocean,30.000000,60.000000,0.151000,1396,4165860,1068.169231,6.380939,65,12,0,53,0,215,53,1,161,0,0,0,0,0,0,0,0,0,0,0,0,0,0,0,10,43,108,10,43,108,10.134802,11.617074,30.083461,0.000000,0.000000,0.000000,0,0,0,10830.880231,9.502949,125.308359,9189.468923,1215.369361,326.302795,8498.583664,0.000000,0.000000,10040.255821,10830.880231,790.624410,11.221335,3.012708,78.466233,0.000000,7.299724,14.848357,11.383390,3.403507,0.107228,5,0.000000,0,0,0,100.000000,3.868719,100.000000,23.912397,1295.889128,301.226196,0.000000,367.496810
16800.000000,pure-acoustic,none,hardware,1,0,0,1,priority,0.000500,180,15,hybrid,0.050000,4000.000000,6.087000,52.000000,500.000000,500.000000,2.000000,120.000000,0.000000,161,108,161,0,161,10,43,108,0,0,0,0,0,0,0,0,0.000000,0.000000,0.000000,clear-ocean,30.000000,60.000000,0.151000,1396,4165860,1068.169231,6.358150,65,12,0,53,0,215,53,1,161,0,0,0,0,0,0,0,0,0,0,0,0,0,0,0,10,43,108,10,43,108,10.134802,11.617074,30.083461,0.000000,0.000000,0.000000,0,0,0,10836.280231,9.502949,125.308359,9189.468923,1219.505531,327.336838,8498.813451,0.000000,0.000000,10045.655821,10836.280231,790.624410,11.253913,3.020749,78.429251,0.000000,7.296087,14.848357,11.383390,3.403507,0.106845,5,0.000000,0,0,0,100.000000,3.868719,100.000000,23.912397,1291.260952,215.119480,0.000000,429.065895
16860.000000,pure-acoustic,none,hardware,1,0,0,1,priority,0.000500,180,15,hybrid,0.050000,4000.000000,6.087000,52.000000,500.000000,500.000000,2.000000,120.000000,0.000000,161,108,161,0,161,10,43,108,0,0,0,0,0,0,0,0,0.000000,0.000000,0.000000,clear-ocean,30.000000,60.000000,0.151000,1396,4165860,1068.169231,6.335523,65,12,0,53,0,215,53,1,161,0,0,0,0,0,0,0,0,0,0,0,0,0,0,0,10,43,108,10,43,108,10.134802,11.617074,30.083461,0.000000,0.000000,0.000000,0,0,0,10841.680231,9.502949,125.308359,9189.468923,1223.641702,328.370881,8499.043238,0.000000,0.000000,10051.055821,10841.680231,790.624410,11.286458,3.028782,78.392307,0.000000,7.292453,14.848357,11.383390,3.403507,0.106465,5,0.000000,0,0,0,100.000000,3.868719,100.000000,23.912397,1286.665718,129.012763,0.000000,473.656111
16920.000000,pure-acoustic,none,hardware,1,0,0,1,priority,0.000500,180,15,hybrid,0.050000,4000.000000,6.087000,52.000000,500.000000,500.000000,2.000000,120.000000,0.000000,161,108,161,0,161,10,43,108,0,0,0,0,0,0,0,0,0.000000,0.000000,0.000000,clear-ocean,30.000000,60.000000,0.151000,1396,4165860,1068.169231,6.313057,65,12,0,53,0,215,53,1,161,0,0,0,0,0,0,0,0,0,0,0,0,0,0,0,10,43,108,10,43,108,10.134802,11.617074,30.083461,0.000000,0.000000,0.000000,0,0,0,10847.080231,9.502949,125.308359,9189.468923,1227.777872,329.404923,8499.273026,0.000000,0.000000,10056.455821,10847.080231,790.624410,11.318971,3.036807,78.355399,0.000000,7.288822,14.848357,11.383390,3.403507,0.106087,5,0.000000,0,0,0,100.000000,3.868719,100.000000,23.912397,1282.103073,42.906047,0.000000,497.039455
16980.000000,pure-acoustic,none,hardware,1,0,0,1,priority,0.000500,180,15,hybrid,0.050000,4000.000000,6.087000,52.000000,500.000000,500.000000,2.000000,120.000000,0.000000,161,108,161,0,161,10,43,108,0,0,0,0,0,0,0,0,0.000000,0.000000,0.000000,clear-ocean,30.000000,60.000000,0.151000,1396,4165860,1068.169231,6.290749,65,12,0,53,0,215,53,1,161,0,0,0,0,0,0,0,0,0,0,0,0,0,0,0,10,43,108,10,43,108,10.134802,11.617074,30.083461,0.000000,0.000000,0.000000,0,0,0,10852.480231,9.502949,125.308359,9189.468923,1231.914042,330.438966,8499.502813,0.000000,0.000000,10061.855821,10852.480231,790.624410,11.351452,3.044824,78.318528,0.000000,7.285196,14.848357,11.383390,3.403507,0.105713,5,0.000000,0,0,0,100.000000,3.868719,100.000000,23.912397,1277.572674,43.200669,0.000000,496.998739
17040.000000,pure-acoustic,none,hardware,1,0,0,1,priority,0.000500,180,15,hybrid,0.050000,4000.000000,6.087000,52.000000,500.000000,500.000000,2.000000,120.000000,0.000000,161,108,161,0,161,10,43,108,0,0,0,0,0,0,0,0,0.000000,0.000000,0.000000,clear-ocean,30.000000,60.000000,0.151000,1396,4165860,1068.169231,6.268599,65,12,0,53,0,215,53,1,161,0,0,0,0,0,0,0,0,0,0,0,0,0,0,0,10,43,108,10,43,108,10.134802,11.617074,30.083461,0.000000,0.000000,0.000000,0,0,0,10857.880231,9.502949,125.308359,9189.468923,1236.050212,331.473008,8499.732600,0.000000,0.000000,10067.255821,10857.880231,790.624410,11.383900,3.052834,78.281694,0.000000,7.281572,14.848357,11.383390,3.403507,0.105340,5,0.000000,0,0,0,100.000000,3.868719,100.000000,23.912397,1273.074178,129.307385,0.000000,473.537824
17100.000000,pure-acoustic,none,hardware,1,0,0,1,priority,0.000500,180,15,hybrid,0.050000,4000.000000,6.087000,52.000000,500.000000,500.000000,2.000000,120.000000,0.000000,161,108,161,0,161,10,43,108,0,0,0,0,0,0,0,0,0.000000,0.000000,0.000000,clear-ocean,30.000000,60.000000,0.151000,1396,4165860,1068.169231,6.246604,65,12,0,53,0,215,53,1,161,0,0,0,0,0,0,0,0,0,0,0,0,0,0,0,10,43,108,10,43,108,10.134802,11.617074,30.083461,0.000000,0.000000,0.000000,0,0,0,10863.280231,9.502949,125.308359,9189.468923,1240.186382,332.507051,8499.962387,0.000000,0.000000,10072.655821,10863.280231,790.624410,11.416316,3.060835,78.244897,0.000000,7.277953,14.848357,11.383390,3.403507,0.104971,5,0.000000,0,0,0,100.000000,3.868719,100.000000,23.912397,1268.607251,215.414101,0.000000,428.881252
17160.000000,pure-acoustic,none,hardware,1,0,0,1,priority,0.000500,180,15,hybrid,0.050000,4000.000000,6.087000,52.000000,500.000000,500.000000,2.000000,120.000000,0.000000,161,108,161,0,161,10,43,108,0,0,0,0,0,0,0,0,0.000000,0.000000,0.000000,clear-ocean,30.000000,60.000000,0.151000,1396,4165860,1068.169231,6.224762,65,12,0,53,0,215,53,1,161,0,0,0,0,0,0,0,0,0,0,0,0,0,0,0,10,43,108,10,43,108,10.134802,11.617074,30.083461,0.000000,0.000000,0.000000,0,0,0,10868.680231,9.502949,125.308359,9189.468923,1244.322553,333.541093,8500.192175,0.000000,0.000000,10078.055821,10868.680231,790.624410,11.448700,3.068828,78.208136,0.000000,7.274337,14.848357,11.383390,3.403507,0.104604,5,0.000000,0,0,0,100.000000,3.868719,100.000000,23.912397,1264.171562,301.520817,0.000000,367.263320
17220.000000,pure-acoustic,none,hardware,1,0,0,1,priority,0.000500,180,15,hybrid,0.050000,4000.000000,6.087000,52.000000,500.000000,500.000000,2.000000,120.000000,0.000000,161,108,161,0,161,10,43,108,0,0,0,0,0,0,0,0,0.000000,0.000000,0.000000,clear-ocean,30.000000,60.000000,0.151000,1396,4165860,1068.169231,6.203073,65,12,0,53,0,215,53,1,161,0,0,0,0,0,0,0,0,0,0,0,0,0,0,0,10,43,108,10,43,108,10.134802,11.617074,30.083461,0.000000,0.000000,0.000000,0,0,0,10874.080231,9.502949,125.308359,9189.468923,1248.458723,334.575136,8500.421962,0.000000,0.000000,10083.455821,10874.080231,790.624410,11.481051,3.076813,78.171411,0.000000,7.270724,14.848357,11.383390,3.403507,0.104239,5,0.000000,0,0,0,100.000000,3.868719,100.000000,23.912397,1259.766783,387.627533,0.000000,294.526585
17280.000000,pure-acoustic,none,hardware,1,0,0,1,priority,0.000500,180,15,hybrid,0.050000,4000.000000,6.087000,52.000000,500.000000,500.000000,2.000000,120.000000,0.000000,161,108,161,0,161,10,43,108,0,0,0,0,0,0,0,0,0.000000,0.000000,0.000000,clear-ocean,30.000000,60.000000,0.151000,1396,4165860,1068.169231,6.181535,65,12,0,53,0,215,53,1,161,0,0,0,0,0,0,0,0,0,0,0,0,0,0,0,10,43,108,10,43,108,10.134802,11.617074,30.083461,0.000000,0.000000,0.000000,0,0,0,10879.480231,9.502949,125.308359,9189.468923,1252.594893,335.609178,8500.651749,0.000000,0.000000,10088.855821,10879.480231,790.624410,11.513371,3.084791,78.134723,0.000000,7.267116,14.848357,11.383390,3.403507,0.103877,5,0.000000,0,0,0,100.000000,3.868719,100.000000,23.912397,1255.392593,473.734250,0.000000,217.567879
17340.000000,pure-acoustic,none,hardware,1,0,0,1,priority,0.000500,180,15,hybrid,0.050000,4000.000000,6.087000,52.000000,500.000000,500.000000,2.000000,120.000000,0.000000,161,108,161,0,161,10,43,108,0,0,0,0,0,0,0,0,0.000000,0.000000,0.000000,clear-ocean,30.000000,60.000000,0.151000,1396,4165860,1068.169231,6.160146,65,12,0,53,0,215,53,1,161,0,0,0,0,0,0,0,0,0,0,0,0,0,0,0,10,43,108,10,43,108,10.134802,11.617074,30.083461,0.000000,0.000000,0.000000,0,0,0,10884.880231,9.502949,125.308359,9189.468923,1256.731063,336.643221,8500.881536,0.000000,0.000000,10094.255821,10884.880231,790.624410,11.545658,3.092760,78.098071,0.000000,7.263510,14.848357,11.383390,3.403507,0.103518,5,0.000000,0,0,0,100.000000,3.868719,100.000000,23.912397,1251.048674,559.840966,0.000000,143.684357
17400.000000,pure-acoustic,none,hardware,1,0,0,1,priority,0.000500,180,15,hybrid,0.050000,4000.000000,6.087000,52.000000,500.000000,500.000000,2.000000,120.000000,0.000000,161,108,161,0,161,10,43,108,0,0,0,0,0,0,0,0,0.000000,0.000000,0.000000,clear-ocean,30.000000,60.000000,0.151000,1396,4165860,1068.169231,6.138904,65,12,0,53,0,215,53,1,161,0,0,0,0,0,0,0,0,0,0,0,0,0,0,0,10,43,108,10,43,108,10.134802,11.617074,30.083461,0.000000,0.000000,0.000000,0,0,0,10890.280231,9.502949,125.308359,9189.468923,1260.867233,337.677264,8501.111324,0.000000,0.000000,10099.655821,10890.280231,790.624410,11.577914,3.100722,78.061456,0.000000,7.259909,14.848357,11.383390,3.403507,0.103161,5,0.000000,0,0,0,100.000000,3.868719,100.000000,23.912397,1246.734713,645.947682,0.000000,79.881590
17460.000000,pure-acoustic,none,hardware,1,0,0,1,priority,0.000500,180,15,hybrid,0.050000,4000.000000,6.087000,52.000000,500.000000,500.000000,2.000000,120.000000,0.000000,161,108,161,0,161,10,43,108,0,0,0,0,0,0,0,0,0.000000,0.000000,0.000000,clear-ocean,30.000000,60.000000,0.151000,1396,4165860,1068.169231,6.117808,65,12,0,53,0,215,53,1,161,0,0,0,0,0,0,0,0,0,0,0,0,0,0,0,10,43,108,10,43,108,10.134802,11.617074,30.083461,0.000000,0.000000,0.000000,0,0,0,10895.680231,9.502949,125.308359,9189.468923,1265.003404,338.711306,8501.341111,0.000000,0.000000,10105.055821,10895.680231,790.624410,11.610137,3.108675,78.024877,0.000000,7.256311,14.848357,11.383390,3.403507,0.102806,5,0.000000,0,0,0,100.000000,3.868719,100.000000,23.912397,1242.450401,732.054398,0.000000,32.209298
17520.000000,pure-acoustic,none,hardware,1,0,0,1,priority,0.000500,180,15,hybrid,0.050000,4000.000000,6.087000,52.000000,500.000000,500.000000,2.000000,120.000000,0.000000,161,108,161,0,161,10,43,108,0,0,0,0,0,0,0,0,0.000000,0.000000,0.000000,clear-ocean,30.000000,60.000000,0.151000,1396,4165860,1068.169231,6.096856,65,12,0,53,0,215,53,1,161,0,0,0,0,0,0,0,0,0,0,0,0,0,0,0,10,43,108,10,43,108,10.134802,11.617074,30.083461,0.000000,0.000000,0.000000,0,0,0,10901.080231,9.502949,125.308359,9189.468923,1269.139574,339.745349,8501.570898,0.000000,0.000000,10110.455821,10901.080231,790.624410,11.642329,3.116621,77.988334,0.000000,7.252716,14.848357,11.383390,3.403507,0.102454,5,0.000000,0,0,0,100.000000,3.868719,100.000000,23.912397,1238.195434,818.161114,0.000000,5.187726
17580.000000,pure-acoustic,none,hardware,1,0,0,1,priority,0.000500,180,15,hybrid,0.050000,4000.000000,6.087000,52.000000,500.000000,500.000000,2.000000,120.000000,0.000000,161,108,161,0,161,10,43,108,0,0,0,0,0,0,0,0,0.000000,0.000000,0.000000,clear-ocean,30.000000,60.000000,0.151000,1396,4165860,1068.169231,6.076048,65,12,0,53,0,215,53,1,161,0,0,0,0,0,0,0,0,0,0,0,0,0,0,0,10,43,108,10,43,108,10.134802,11.617074,30.083461,0.000000,0.000000,0.000000,0,0,0,10906.480231,9.502949,125.308359,9189.468923,1273.275744,340.779391,8501.800685,0.000000,0.000000,10115.855821,10906.480231,790.624410,11.674488,3.124559,77.951828,0.000000,7.249125,14.848357,11.383390,3.403507,0.102105,5,0.000000,0,0,0,100.000000,3.868719,100.000000,23.912397,1233.969511,904.267830,-0.000000,1.379034
17640.000000,pure-acoustic,none,hardware,1,0,0,1,priority,0.000500,180,15,hybrid,0.050000,4000.000000,6.087000,52.000000,500.000000,500.000000,2.000000,120.000000,0.000000,161,108,161,0,161,10,43,108,0,0,0,0,0,0,0,0,0.000000,0.000000,0.000000,clear-ocean,30.000000,60.000000,0.151000,1396,4165860,1068.169231,6.055381,65,12,0,53,0,215,53,1,161,0,0,0,0,0,0,0,0,0,0,0,0,0,0,0,10,43,108,10,43,108,10.134802,11.617074,30.083461,0.000000,0.000000,0.000000,0,0,0,10911.880231,9.502949,125.308359,9189.468923,1277.411914,341.813434,8502.030472,0.000000,0.000000,10121.255821,10911.880231,790.624410,11.706616,3.132489,77.915357,0.000000,7.245538,14.848357,11.383390,3.403507,0.101757,5,0.000000,0,0,0,100.000000,3.868719,100.000000,23.912397,1229.772336,990.374546,-0.000000,21.144360
17700.000000,pure-acoustic,none,hardware,1,0,0,1,priority,0.000500,180,15,hybrid,0.050000,4000.000000,6.087000,52.000000,500.000000,500.000000,2.000000,120.000000,0.000000,161,108,161,0,161,10,43,108,0,0,0,0,0,0,0,0,0.000000,0.000000,0.000000,clear-ocean,30.000000,60.000000,0.151000,1396,4165860,1068.169231,6.034854,65,12,0,53,0,215,53,1,161,0,0,0,0,0,0,0,0,0,0,0,0,0,0,0,10,43,108,10,43,108,10.134802,11.617074,30.083461,0.000000,0.000000,0.000000,0,0,0,10917.280231,9.502949,125.308359,9189.468923,1281.548085,342.847476,8502.260260,0.000000,0.000000,10126.655821,10917.280231,790.624410,11.738712,3.140411,77.878923,0.000000,7.241954,14.848357,11.383390,3.403507,0.101412,5,0.000000,0,0,0,100.000000,3.868719,100.000000,23.912397,1225.603616,1076.481263,-0.000000,62.609573
17760.000000,pure-acoustic,none,hardware,1,0,0,1,priority,0.000500,180,15,hybrid,0.050000,4000.000000,6.087000,52.000000,500.000000,500.000000,2.000000,120.000000,0.000000,161,108,161,0,161,10,43,108,0,0,0,0,0,0,0,0,0.000000,0.000000,0.000000,clear-ocean,30.000000,60.000000,0.151000,1396,4165860,1068.169231,6.014466,65,12,0,53,0,215,53,1,161,0,0,0,0,0,0,0,0,0,0,0,0,0,0,0,10,43,108,10,43,108,10.134802,11.617074,30.083461,0.000000,0.000000,0.000000,0,0,0,10922.680231,9.502949,125.308359,9189.468923,1285.684255,343.881519,8502.490047,0.000000,0.000000,10132.055821,10922.680231,790.624410,11.770776,3.148325,77.842525,0.000000,7.238374,14.848357,11.383390,3.403507,0.101070,5,0.000000,0,0,0,100.000000,3.868719,100.000000,23.912397,1221.463063,1162.587979,-0.000000,121.842978
17820.000000,pure-acoustic,none,hardware,1,0,0,1,priority,0.000500,180,15,hybrid,0.050000,4000.000000,6.087000,52.000000,500.000000,500.000000,2.000000,120.000000,0.000000,161,108,161,0,161,10,43,108,0,0,0,0,0,0,0,0,0.000000,0.000000,0.000000,clear-ocean,30.000000,60.000000,0.151000,1396,4165860,1068.169231,5.994216,65,12,0,53,0,215,53,1,161,0,0,0,0,0,0,0,0,0,0,0,0,0,0,0,10,43,108,10,43,108,10.134802,11.617074,30.083461,0.000000,0.000000,0.000000,0,0,0,10928.080231,9.502949,125.308359,9189.468923,1289.820425,344.915561,8502.719834,0.000000,0.000000,10137.455821,10928.080231,790.624410,11.802809,3.156232,77.806162,0.000000,7.234797,14.848357,11.383390,3.403507,0.100730,5,0.000000,0,0,0,100.000000,3.868719,100.000000,23.912397,1217.350393,1248.694695,-0.000000,193.228118
17880.000000,pure-acoustic,none,hardware,1,0,0,1,priority,0.000500,180,15,hybrid,0.050000,4000.000000,6.087000,52.000000,500.000000,500.000000,2.000000,120.000000,0.000000,161,108,161,0,161,10,43,108,0,0,0,0,0,0,0,0,0.000000,0.000000,0.000000,clear-ocean,30.000000,60.000000,0.151000,1396,4165860,1068.169231,5.974101,65,12,0,53,0,215,53,1,161,0,0,0,0,0,0,0,0,0,0,0,0,0,0,0,10,43,108,10,43,108,10.134802,11.617074,30.083461,0.000000,0.000000,0.000000,0,0,0,10933.480231,9.502949,125.308359,9189.468923,1293.956595,345.949604,8502.949621,0.000000,0.000000,10142.855821,10933.480231,790.624410,11.834810,3.164131,77.769836,0.000000,7.231224,14.848357,11.383390,3.403507,0.100391,5,0.000000,0,0,0,100.000000,3.868719,100.000000,23.912397,1213.265324,1334.801411,-0.000000,269.996317
17940.000000,pure-acoustic,none,hardware,1,0,0,1,priority,0.000500,180,15,hybrid,0.050000,4000.000000,6.087000,52.000000,500.000000,500.000000,2.000000,120.000000,0.000000,161,108,161,0,161,10,43,108,0,0,0,0,0,0,0,0,0.000000,0.000000,0.000000,clear-ocean,30.000000,60.000000,0.151000,1396,4165860,1068.169231,5.954121,65,12,0,53,0,215,53,1,161,0,0,0,0,0,0,0,0,0,0,0,0,0,0,0,10,43,108,10,43,108,10.134802,11.617074,30.083461,0.000000,0.000000,0.000000,0,0,0,10938.880231,9.502949,125.308359,9189.468923,1298.092765,346.983646,8503.179409,0.000000,0.000000,10148.255821,10938.880231,790.624410,11.866779,3.172022,77.733545,0.000000,7.227654,14.848357,11.383390,3.403507,0.100056,5,0.000000,0,0,0,100.000000,3.868719,100.000000,23.912397,1209.207581,1420.908127,-0.000000,344.868482
18000.000000,pure-acoustic,none,hardware,1,0,0,1,priority,0.000500,180,15,hybrid,0.050000,4000.000000,6.087000,52.000000,500.000000,500.000000,2.000000,120.000000,0.000000,161,108,161,0,161,10,43,108,0,0,0,0,0,0,0,0,0.000000,0.000000,0.000000,clear-ocean,30.000000,60.000000,0.151000,1396,4165860,1068.169231,5.934274,65,12,0,53,0,215,53,1,161,0,0,0,0,0,0,0,0,0,0,0,0,0,0,0,10,43,108,10,43,108,10.134802,11.617074,30.083461,0.000000,0.000000,0.000000,0,0,0,10944.280231,9.502949,125.308359,9189.468923,1302.228936,348.017689,8503.409196,0.000000,0.000000,10153.655821,10944.280231,790.624410,11.898717,3.179905,77.697290,0.000000,7.224088,14.848357,11.383390,3.403507,0.099722,5,0.000000,0,0,0,100.000000,3.868719,100.000000,23.912397,1205.176889,1507.014843,-0.000000,410.745304
18060.000000,pure-acoustic,none,hardware,1,0,0,1,priority,0.000500,180,15,hybrid,0.050000,4000.000000,6.087000,52.000000,500.000000,500.000000,2.000000,120.000000,0.000000,161,108,161,0,161,10,43,108,0,0,0,0,0,0,0,0,0.000000,0.000000,0.000000,clear-ocean,30.000000,60.000000,0.151000,1396,4165860,1068.169231,5.914558,65,12,0,53,0,215,53,1,161,0,0,0,0,0,0,0,0,0,0,0,0,0,0,0,10,43,108,10,43,108,10.134802,11.617074,30.083461,0.000000,0.000000,0.000000,0,0,0,10949.680231,9.502949,125.308359,9189.468923,1306.365106,349.051732,8503.638983,0.000000,0.000000,10159.055821,10949.680231,790.624410,11.930623,3.187780,77.661071,0.000000,7.220525,14.848357,11.383390,3.403507,0.099391,5,0.000000,0,0,0,100.000000,3.868719,100.000000,23.912397,1201.172979,1593.121559,-0.000000,461.380399
18120.000000,pure-acoustic,none,hardware,1,0,0,1,priority,0.000500,180,15,hybrid,0.050000,4000.000000,6.087000,52.000000,500.000000,500.000000,2.000000,120.000000,0.000000,161,108,161,0,161,10,43,108,0,0,0,0,0,0,0,0,0.000000,0.000000,0.000000,clear-ocean,30.000000,60.000000,0.151000,1396,4165860,1068.169231,5.894974,65,12,0,53,0,215,53,1,161,0,0,0,0,0,0,0,0,0,0,0,0,0,0,0,10,43,108,10,43,108,10.134802,11.617074,30.083461,0.000000,0.000000,0.000000,0,0,0,10955.080231,9.502949,125.308359,9189.468923,1310.501276,350.085774,8503.868770,0.000000,0.000000,10164.455821,10955.080231,790.624410,11.962498,3.195648,77.624888,0.000000,7.216966,14.848357,11.383390,3.403507,0.099062,5,0.000000,0,0,0,100.000000,3.868719,100.000000,23.912397,1197.195585,1679.228276,-0.000000,491.972594
18180.000000,pure-acoustic,none,hardware,1,0,0,1,priority,0.000500,180,15,hybrid,0.050000,4000.000000,6.087000,52.000000,500.000000,500.000000,2.000000,120.000000,0.000000,161,108,161,0,161,10,43,108,0,0,0,0,0,0,0,0,0.000000,0.000000,0.000000,clear-ocean,30.000000,60.000000,0.151000,1396,4165860,1068.169231,5.875518,65,12,0,53,0,215,53,1,161,0,0,0,0,0,0,0,0,0,0,0,0,0,0,0,10,43,108,10,43,108,10.134802,11.617074,30.083461,0.000000,0.000000,0.000000,0,0,0,10960.480231,9.502949,125.308359,9189.468923,1314.637446,351.119817,8504.098558,0.000000,0.000000,10169.855821,10960.480231,790.624410,11.994342,3.203508,77.588740,0.000000,7.213410,14.848357,11.383390,3.403507,0.098735,5,0.000000,0,0,0,100.000000,3.868719,100.000000,23.912397,1193.244444,1765.334992,0.000000,499.621164
18240.000000,pure-acoustic,none,hardware,1,0,0,1,priority,0.000500,180,15,hybrid,0.050000,4000.000000,6.087000,52.000000,500.000000,500.000000,2.000000,120.000000,0.000000,161,108,161,0,161,10,43,108,0,0,0,0,0,0,0,0,0.000000,0.000000,0.000000,clear-ocean,30.000000,60.000000,0.151000,1396,4165860,1068.169231,5.856191,65,12,0,53,0,215,53,1,161,0,0,0,0,0,0,0,0,0,0,0,0,0,0,0,10,43,108,10,43,108,10.134802,11.617074,30.083461,0.000000,0.000000,0.000000,0,0,0,10965.880231,9.502949,125.308359,9189.468923,1318.773616,352.153859,8504.328345,0.000000,0.000000,10175.255821,10965.880231,790.624410,12.026154,3.211360,77.552628,0.000000,7.209858,14.848357,11.383390,3.403507,0.098410,5,0.000000,0,0,0,100.000000,3.868719,100.000000,23.912397,1189.319298,1851.441708,0.000000,483.600879
18300.000000,pure-acoustic,none,hardware,1,0,0,1,priority,0.000500,180,15,hybrid,0.050000,4000.000000,6.087000,52.000000,500.000000,500.000000,2.000000,120.000000,0.000000,161,108,161,0,161,10,43,108,0,0,0,0,0,0,0,0,0.000000,0.000000,0.000000,clear-ocean,30.000000,60.000000,0.151000,1396,4165860,1068.169231,5.836990,65,12,0,53,0,215,53,1,161,0,0,0,0,0,0,0,0,0,0,0,0,0,0,0,10,43,108,10,43,108,10.134802,11.617074,30.083461,0.000000,0.000000,0.000000,0,0,0,10971.280231,9.502949,125.308359,9189.468923,1322.909787,353.187902,8504.558132,0.000000,0.000000,10180.655821,10971.280231,790.624410,12.057935,3.219204,77.516552,0.000000,7.206310,14.848357,11.383390,3.403507,0.098087,5,0.000000,0,0,0,100.000000,3.868719,100.000000,23.912397,1185.419891,1937.548424,0.000000,445.430767
18360.000000,pure-acoustic,none,hardware,1,0,0,1,priority,0.000500,180,15,hybrid,0.050000,4000.000000,6.087000,52.000000,500.000000,500.000000,2.000000,120.000000,0.000000,161,108,161,0,161,10,43,108,0,0,0,0,0,0,0,0,0.000000,0.000000,0.000000,clear-ocean,30.000000,60.000000,0.151000,1396,4165860,1068.169231,5.817915,65,12,0,53,0,215,53,1,161,0,0,0,0,0,0,0,0,0,0,0,0,0,0,0,10,43,108,10,43,108,10.134802,11.617074,30.083461,0.000000,0.000000,0.000000,0,0,0,10976.680231,9.502949,125.308359,9189.468923,1327.045957,354.221944,8504.787919,0.000000,0.000000,10186.055821,10976.680231,790.624410,12.089684,3.227041,77.480511,0.000000,7.202764,14.848357,11.383390,3.403507,0.097767,5,0.000000,0,0,0,100.000000,3.868719,100.000000,23.912397,1181.545969,2023.655140,0.000000,388.730085
18420.000000,pure-acoustic,none,hardware,1,0,0,1,priority,0.000500,180,15,hybrid,0.050000,4000.000000,6.087000,52.000000,500.000000,500.000000,2.000000,120.000000,0.000000,161,108,161,0,161,10,43,108,0,0,0,0,0,0,0,0,0.000000,0.000000,0.000000,clear-ocean,30.000000,60.000000,0.151000,1396,4165860,1068.169231,5.798964,65,12,0,53,0,215,53,1,161,0,0,0,0,0,0,0,0,0,0,0,0,0,0,0,10,43,108,10,43,108,10.134802,11.617074,30.083461,0.000000,0.000000,0.000000,0,0,0,10982.080231,9.502949,125.308359,9189.468923,1331.182127,355.255987,8505.017706,0.000000,0.000000,10191.455821,10982.080231,790.624410,12.121402,3.234870,77.444505,0.000000,7.199223,14.848357,11.383390,3.403507,0.097448,5,0.000000,0,0,0,100.000000,3.868719,100.000000,23.912397,1177.697286,2109.761856,0.000000,318.875141
18480.000000,pure-acoustic,none,hardware,1,0,0,1,priority,0.000500,180,15,hybrid,0.050000,4000.000000,6.087000,52.000000,500.000000,500.000000,2.000000,120.000000,0.000000,161,108,161,0,161,10,43,108,0,0,0,0,0,0,0,0,0.000000,0.000000,0.000000,clear-ocean,30.000000,60.000000,0.151000,1396,4165860,1068.169231,5.780137,65,12,0,53,0,215,53,1,161,0,0,0,0,0,0,0,0,0,0,0,0,0,0,0,10,43,108,10,43,108,10.134802,11.617074,30.083461,0.000000,0.000000,0.000000,0,0,0,10987.480231,9.502949,125.308359,9189.468923,1335.318297,356.290029,8505.247494,0.000000,0.000000,10196.855821,10987.480231,790.624410,12.153089,3.242691,77.408535,0.000000,7.195684,14.848357,11.383390,3.403507,0.097132,5,0.000000,0,0,0,100.000000,3.868719,100.000000,23.912397,1173.873593,2195.868573,0.000000,242.489517
18540.000000,pure-acoustic,none,hardware,1,0,0,1,priority,0.000500,180,15,hybrid,0.050000,4000.000000,6.087000,52.000000,500.000000,500.000000,2.000000,120.000000,0.000000,161,108,161,0,161,10,43,108,0,0,0,0,0,0,0,0,0.000000,0.000000,0.000000,clear-ocean,30.000000,60.000000,0.151000,1396,4165860,1068.169231,5.761431,65,12,0,53,0,215,53,1,161,0,0,0,0,0,0,0,0,0,0,0,0,0,0,0,10,43,108,10,43,108,10.134802,11.617074,30.083461,0.000000,0.000000,0.000000,0,0,0,10992.880231,9.502949,125.308359,9189.468923,1339.454468,357.324072,8505.477281,0.000000,0.000000,10202.255821,10992.880231,790.624410,12.184745,3.250505,77.372600,0.000000,7.192150,14.848357,11.383390,3.403507,0.096818,5,0.000000,0,0,0,100.000000,3.868719,100.000000,23.912397,1170.074649,2281.975289,0.000000,166.816031
18600.000000,pure-acoustic,none,hardware,1,0,0,1,priority,0.000500,180,15,hybrid,0.050000,4000.000000,6.087000,52.000000,500.000000,500.000000,2.000000,120.000000,0.000000,161,108,161,0,161,10,43,108,0,0,0,0,0,0,0,0,0.000000,0.000000,0.000000,clear-ocean,30.000000,60.000000,0.151000,1396,4165860,1068.169231,5.742845,65,12,0,53,0,215,53,1,161,0,0,0,0,0,0,0,0,0,0,0,0,0,0,0,10,43,108,10,43,108,10.134802,11.617074,30.083461,0.000000,0.000000,0.000000,0,0,0,10998.280231,9.502949,125.308359,9189.468923,1343.590638,358.358115,8505.707068,0.000000,0.000000,10207.655821,10998.280231,790.624410,12.216370,3.258310,77.336701,0.000000,7.188619,14.848357,11.383390,3.403507,0.096505,5,0.000000,0,0,0,100.000000,3.868719,100.000000,23.912397,1166.300215,2368.082005,0.000000,99.029974
18660.000000,pure-acoustic,none,hardware,1,0,0,1,priority,0.000500,180,15,hybrid,0.050000,4000.000000,6.087000,52.000000,500.000000,500.000000,2.000000,120.000000,0.000000,161,108,161,0,161,10,43,108,0,0,0,0,0,0,0,0,0.000000,0.000000,0.000000,clear-ocean,30.000000,60.000000,0.151000,1396,4165860,1068.169231,5.724380,65,12,0,53,0,215,53,1,161,0,0,0,0,0,0,0,0,0,0,0,0,0,0,0,10,43,108,10,43,108,10.134802,11.617074,30.083461,0.000000,0.000000,0.000000,0,0,0,11003.680231,9.502949,125.308359,9189.468923,1347.726808,359.392157,8505.936855,0.000000,0.000000,10213.055821,11003.680231,790.624410,12.247964,3.266109,77.300836,0.000000,7.185091,14.848357,11.383390,3.403507,0.096195,5,0.000000,0,0,0,100.000000,3.868719,100.000000,23.912397,1162.550054,2454.188721,0.000000,45.558759
18720.000000,pure-acoustic,none,hardware,1,0,0,1,priority,0.000500,180,15,hybrid,0.050000,4000.000000,6.087000,52.000000,500.000000,500.000000,2.000000,120.000000,0.000000,161,108,161,0,161,10,43,108,0,0,0,0,0,0,0,0,0.000000,0.000000,0.000000,clear-ocean,30.000000,60.000000,0.151000,1396,4165860,1068.169231,5.706032,65,12,0,53,0,215,53,1,161,0,0,0,0,0,0,0,0,0,0,0,0,0,0,0,10,43,108,10,43,108,10.134802,11.617074,30.083461,0.000000,0.000000,0.000000,0,0,0,11009.080231,9.502949,125.308359,9189.468923,1351.862978,360.426200,8506.166643,0.000000,0.000000,10218.455821,11009.080231,790.624410,12.279527,3.273899,77.265007,0.000000,7.181566,14.848357,11.383390,3.403507,0.095887,5,0.000000,0,0,0,100.000000,3.868719,100.000000,23.912397,1158.823932,2540.295437,0.000000,11.472481
18780.000000,pure-acoustic,none,hardware,1,0,0,1,priority,0.000500,180,15,hybrid,0.050000,4000.000000,6.087000,52.000000,500.000000,500.000000,2.000000,120.000000,0.000000,161,108,161,0,161,10,43,108,0,0,0,0,0,0,0,0,0.000000,0.000000,0.000000,clear-ocean,30.000000,60.000000,0.151000,1396,4165860,1068.169231,5.687802,65,12,0,53,0,215,53,1,161,0,0,0,0,0,0,0,0,0,0,0,0,0,0,0,10,43,108,10,43,108,10.134802,11.617074,30.083461,0.000000,0.000000,0.000000,0,0,0,11014.480231,9.502949,125.308359,9189.468923,1355.999148,361.460242,8506.396430,0.000000,0.000000,10223.855821,11014.480231,790.624410,12.311059,3.281682,77.229213,0.000000,7.178046,14.848357,11.383390,3.403507,0.095580,5,0.000000,0,0,0,100.000000,3.868719,100.000000,23.912397,1155.121619,2626.402153,-0.000000,0.003168
18840.000000,pure-acoustic,none,hardware,1,0,0,1,priority,0.000500,180,15,hybrid,0.050000,4000.000000,6.087000,52.000000,500.000000,500.000000,2.000000,120.000000,0.000000,161,108,161,0,161,10,43,108,0,0,0,0,0,0,0,0,0.000000,0.000000,0.000000,clear-ocean,30.000000,60.000000,0.151000,1396,4165860,1068.169231,5.669688,65,12,0,53,0,215,53,1,161,0,0,0,0,0,0,0,0,0,0,0,0,0,0,0,10,43,108,10,43,108,10.134802,11.617074,30.083461,0.000000,0.000000,0.000000,0,0,0,11019.880231,9.502949,125.308359,9189.468923,1360.135319,362.494285,8506.626217,0.000000,0.000000,10229.255821,11019.880231,790.624410,12.342560,3.289458,77.193454,0.000000,7.174528,14.848357,11.383390,3.403507,0.095276,5,0.000000,0,0,0,100.000000,3.868719,100.000000,23.912397,1151.442887,2712.508869,-0.000000,12.238331
18900.000000,pure-acoustic,none,hardware,1,0,0,1,priority,0.000500,180,15,hybrid,0.050000,4000.000000,6.087000,52.000000,500.000000,500.000000,2.000000,120.000000,0.000000,161,108,161,0,161,10,43,108,0,0,0,0,0,0,0,0,0.000000,0.000000,0.000000,clear-ocean,30.000000,60.000000,0.151000,1396,4165860,1068.169231,5.651689,65,12,0,53,0,215,53,1,161,0,0,0,0,0,0,0,0,0,0,0,0,0,0,0,10,43,108,10,43,108,10.134802,11.617074,30.083461,0.000000,0.000000,0.000000,0,0,0,11025.280231,9.502949,125.308359,9189.468923,1364.271489,363.528327,8506.856004,0.000000,0.000000,10234.655821,11025.280231,790.624410,12.374030,3.297225,77.157730,0.000000,7.171014,14.848357,11.383390,3.403507,0.094974,5,0.000000,0,0,0,100.000000,3.868719,100.000000,23.912397,1147.787513,2798.615586,-0.000000,47.017843
18960.000000,pure-acoustic,none,hardware,1,0,0,1,priority,0.000500,180,15,hybrid,0.050000,4000.000000,6.087000,52.000000,500.000000,500.000000,2.000000,120.000000,0.000000,161,108,161,0,161,10,43,108,0,0,0,0,0,0,0,0,0.000000,0.000000,0.000000,clear-ocean,30.000000,60.000000,0.151000,1396,4165860,1068.169231,5.633804,65,12,0,53,0,215,53,1,161,0,0,0,0,0,0,0,0,0,0,0,0,0,0,0,10,43,108,10,43,108,10.134802,11.617074,30.083461,0.000000,0.000000,0.000000,0,0,0,11030.680231,9.502949,125.308359,9189.468923,1368.407659,364.562370,8507.085792,0.000000,0.000000,10240.055821,11030.680231,790.624410,12.405469,3.304985,77.122042,0.000000,7.167504,14.848357,11.383390,3.403507,0.094673,5,0.000000,0,0,0,100.000000,3.868719,100.000000,23.912397,1144.155274,2884.722302,-0.000000,101.043941
19020.000000,pure-acoustic,none,hardware,1,0,0,1,priority,0.000500,180,15,hybrid,0.050000,4000.000000,6.087000,52.000000,500.000000,500.000000,2.000000,120.000000,0.000000,161,108,161,0,161,10,43,108,0,0,0,0,0,0,0,0,0.000000,0.000000,0.000000,clear-ocean,30.000000,60.000000,0.151000,1396,4165860,1068.169231,5.616032,65,12,0,53,0,215,53,1,161,0,0,0,0,0,0,0,0,0,0,0,0,0,0,0,10,43,108,10,43,108,10.134802,11.617074,30.083461,0.000000,0.000000,0.000000,0,0,0,11036.080231,9.502949,125.308359,9189.468923,1372.543829,365.596412,8507.315579,0.000000,0.000000,10245.455821,11036.080231,790.624410,12.436878,3.312738,77.086388,0.000000,7.163997,14.848357,11.383390,3.403507,0.094374,5,0.000000,0,0,0,100.000000,3.868719,100.000000,23.912397,1140.545952,2970.829018,-0.000000,169.193920
19080.000000,pure-acoustic,none,hardware,1,0,0,1,priority,0.000500,180,15,hybrid,0.050000,4000.000000,6.087000,52.000000,500.000000,500.000000,2.000000,120.000000,0.000000,161,108,161,0,161,10,43,108,0,0,0,0,0,0,0,0,0.000000,0.000000,0.000000,clear-ocean,30.000000,60.000000,0.151000,1396,4165860,1068.169231,5.598371,65,12,0,53,0,215,53,1,161,0,0,0,0,0,0,0,0,0,0,0,0,0,0,0,10,43,108,10,43,108,10.134802,11.617074,30.083461,0.000000,0.000000,0.000000,0,0,0,11041.480231,9.502949,125.308359,9189.468923,1376.679999,366.630455,8507.545366,0.000000,0.000000,10250.855821,11041.480231,790.624410,12.468256,3.320483,77.050768,0.000000,7.160493,14.848357,11.383390,3.403507,0.094078,5,0.000000,0,0,0,100.000000,3.868719,100.000000,23.912397,1136.959329,3056.935734,-0.000000,245.005859
19140.000000,pure-acoustic,none,hardware,1,0,0,1,priority,0.000500,180,15,hybrid,0.050000,4000.000000,6.087000,52.000000,500.000000,500.000000,2.000000,120.000000,0.000000,161,108,161,0,161,10,43,108,0,0,0,0,0,0,0,0,0.000000,0.000000,0.000000,clear-ocean,30.000000,60.000000,0.151000,1396,4165860,1068.169231,5.580821,65,12,0,53,0,215,53,1,161,0,0,0,0,0,0,0,0,0,0,0,0,0,0,0,10,43,108,10,43,108,10.134802,11.617074,30.083461,0.000000,0.000000,0.000000,0,0,0,11046.880231,9.502949,125.308359,9189.468923,1380.816170,367.664498,8507.775153,0.000000,0.000000,10256.255821,11046.880231,790.624410,12.499603,3.328220,77.015184,0.000000,7.156993,14.848357,11.383390,3.403507,0.093783,5,0.000000,0,0,0,100.000000,3.868719,100.000000,23.912397,1133.395193,3143.042450,-0.000000,321.291337
19200.000000,pure-acoustic,none,hardware,1,0,0,1,priority,0.000500,180,15,hybrid,0.050000,4000.000000,6.087000,52.000000,500.000000,500.000000,2.000000,120.000000,0.000000,161,108,161,0,161,10,43,108,0,0,0,0,0,0,0,0,0.000000,0.000000,0.000000,clear-ocean,30.000000,60.000000,0.151000,1396,4165860,1068.169231,5.563381,65,12,0,53,0,215,53,1,161,0,0,0,0,0,0,0,0,0,0,0,0,0,0,0,10,43,108,10,43,108,10.134802,11.617074,30.083461,0.000000,0.000000,0.000000,0,0,0,11052.280231,9.502949,125.308359,9189.468923,1384.952340,368.698540,8508.004941,0.000000,0.000000,10261.655821,11052.280231,790.624410,12.530920,3.335950,76.979635,0.000000,7.153496,14.848357,11.383390,3.403507,0.093490,5,0.000000,0,0,0,100.000000,3.868719,100.000000,23.912397,1129.853333,3229.149166,-0.000000,390.817035
19260.000000,pure-acoustic,none,hardware,1,0,0,1,priority,0.000500,180,15,hybrid,0.050000,4000.000000,6.087000,52.000000,500.000000,500.000000,2.000000,120.000000,0.000000,161,108,161,0,161,10,43,108,0,0,0,0,0,0,0,0,0.000000,0.000000,0.000000,clear-ocean,30.000000,60.000000,0.151000,1396,4165860,1068.169231,5.546050,65,12,0,53,0,215,53,1,161,0,0,0,0,0,0,0,0,0,0,0,0,0,0,0,10,43,108,10,43,108,10.134802,11.617074,30.083461,0.000000,0.000000,0.000000,0,0,0,11057.680231,9.502949,125.308359,9189.468923,1389.088510,369.732583,8508.234728,0.000000,0.000000,10267.055821,11057.680231,790.624410,12.562205,3.343672,76.944120,0.000000,7.150002,14.848357,11.383390,3.403507,0.093198,5,0.000000,0,0,0,100.000000,3.868719,100.000000,23.912397,1126.333541,3315.255882,-0.000000,446.990588
19320.000000,pure-acoustic,none,hardware,1,0,0,1,priority,0.000500,180,15,hybrid,0.050000,4000.000000,6.087000,52.000000,500.000000,500.000000,2.000000,120.000000,0.000000,161,108,161,0,161,10,43,108,0,0,0,0,0,0,0,0,0.000000,0.000000,0.000000,clear-ocean,30.000000,60.000000,0.151000,1396,4165860,1068.169231,5.528826,65,12,0,53,0,215,53,1,161,0,0,0,0,0,0,0,0,0,0,0,0,0,0,0,10,43,108,10,43,108,10.134802,11.617074,30.083461,0.000000,0.000000,0.000000,0,0,0,11063.080231,9.502949,125.308359,9189.468923,1393.224680,370.766625,8508.464515,0.000000,0.000000,10272.455821,11063.080231,790.624410,12.593461,3.351387,76.908640,0.000000,7.146512,14.848357,11.383390,3.403507,0.092909,5,0.000000,0,0,0,100.000000,3.868719,100.000000,23.912397,1122.835611,3401.362599,-0.000000,484.485669
19380.000000,pure-acoustic,none,hardware,1,0,0,1,priority,0.000500,180,15,hybrid,0.050000,4000.000000,6.087000,52.000000,500.000000,500.000000,2.000000,120.000000,0.000000,161,108,161,0,161,10,43,108,0,0,0,0,0,0,0,0,0.000000,0.000000,0.000000,clear-ocean,30.000000,60.000000,0.151000,1396,4165860,1068.169231,5.511709,65,12,0,53,0,215,53,1,161,0,0,0,0,0,0,0,0,0,0,0,0,0,0,0,10,43,108,10,43,108,10.134802,11.617074,30.083461,0.000000,0.000000,0.000000,0,0,0,11068.480231,9.502949,125.308359,9189.468923,1397.360851,371.800668,8508.694302,0.000000,0.000000,10277.855821,11068.480231,790.624410,12.624686,3.359094,76.873194,0.000000,7.143026,14.848357,11.383390,3.403507,0.092621,5,0.000000,0,0,0,100.000000,3.868719,100.000000,23.912397,1119.359340,3487.469315,-0.000000,499.747029
19440.000000,pure-acoustic,none,hardware,1,0,0,1,priority,0.000500,180,15,hybrid,0.050000,4000.000000,6.087000,52.000000,500.000000,500.000000,2.000000,120.000000,0.000000,161,108,161,0,161,10,43,108,0,0,0,0,0,0,0,0,0.000000,0.000000,0.000000,clear-ocean,30.000000,60.000000,0.151000,1396,4165860,1068.169231,5.494698,65,12,0,53,0,215,53,1,161,0,0,0,0,0,0,0,0,0,0,0,0,0,0,0,10,43,108,10,43,108,10.134802,11.617074,30.083461,0.000000,0.000000,0.000000,0,0,0,11073.880231,9.502949,125.308359,9189.468923,1401.497021,372.834710,8508.924089,0.000000,0.000000,10283.255821,11073.880231,790.624410,12.655880,3.366794,76.837783,0.000000,7.139543,14.848357,11.383390,3.403507,0.092335,5,0.000000,0,0,0,100.000000,3.868719,100.000000,23.912397,1115.904527,3573.576031,0.000000,491.327600
19500.000000,pure-acoustic,none,hardware,1,0,0,1,priority,0.000500,180,15,hybrid,0.050000,4000.000000,6.087000,52.000000,500.000000,500.000000,2.000000,120.000000,0.000000,161,108,161,0,161,10,43,108,0,0,0,0,0,0,0,0,0.000000,0.000000,0.000000,clear-ocean,30.000000,60.000000,0.151000,1396,4165860,1068.169231,5.477791,65,12,0,53,0,215,53,1,161,0,0,0,0,0,0,0,0,0,0,0,0,0,0,0,10,43,108,10,43,108,10.134802,11.617074,30.083461,0.000000,0.000000,0.000000,0,0,0,11079.280231,9.502949,125.308359,9189.468923,1405.633191,373.868753,8509.153877,0.000000,0.000000,10288.655821,11079.280231,790.624410,12.687044,3.374486,76.802407,0.000000,7.136063,14.848357,11.383390,3.403507,0.092051,5,0.000000,0,0,0,100.000000,3.868719,100.000000,23.912397,1112.470974,3659.682747,0.000000,460.025703
19560.000000,pure-acoustic,none,hardware,1,0,0,1,priority,0.000500,180,15,hybrid,0.050000,4000.000000,6.087000,52.000000,500.000000,500.000000,2.000000,120.000000,0.000000,161,108,161,0,161,10,43,108,0,0,0,0,0,0,0,0,0.000000,0.000000,0.000000,clear-ocean,30.000000,60.000000,0.151000,1396,4165860,1068.169231,5.460988,65,12,0,53,0,215,53,1,161,0,0,0,0,0,0,0,0,0,0,0,0,0,0,0,10,43,108,10,43,108,10.134802,11.617074,30.083461,0.000000,0.000000,0.000000,0,0,0,11084.680231,9.502949,125.308359,9189.468923,1409.769361,374.902795,8509.383664,0.000000,0.000000,10294.055821,11084.680231,790.624410,12.718178,3.382171,76.767065,0.000000,7.132587,14.848357,11.383390,3.403507,0.091769,5,0.000000,0,0,0,100.000000,3.868719,100.000000,23.912397,1109.058487,3745.789463,0.000000,408.809357
19620.000000,pure-acoustic,none,hardware,1,0,0,1,priority,0.000500,180,15,hybrid,0.050000,4000.000000,6.087000,52.000000,500.000000,500.000000,2.000000,120.000000,0.000000,161,108,161,0,161,10,43,108,0,0,0,0,0,0,0,0,0.000000,0.000000,0.000000,clear-ocean,30.000000,60.000000,0.151000,1396,4165860,1068.169231,5.444288,65,12,0,53,0,215,53,1,161,0,0,0,0,0,0,0,0,0,0,0,0,0,0,0,10,43,108,10,43,108,10.134802,11.617074,30.083461,0.000000,0.000000,0.000000,0,0,0,11090.080231,9.502949,125.308359,9189.468923,1413.905531,375.936838,8509.613451,0.000000,0.000000,10299.455821,11090.080231,790.624410,12.749281,3.389848,76.731757,0.000000,7.129114,14.848357,11.383390,3.403507,0.091488,5,0.000000,0,0,0,100.000000,3.868719,100.000000,23.912397,1105.666871,3831.896179,0.000000,342.534849
19680.000000,pure-acoustic,none,hardware,1,0,0,1,priority,0.000500,180,15,hybrid,0.050000,4000.000000,6.087000,52.000000,500.000000,500.000000,2.000000,120.000000,0.000000,161,108,161,0,161,10,43,108,0,0,0,0,0,0,0,0,0.000000,0.000000,0.000000,clear-ocean,30.000000,60.000000,0.151000,1396,4165860,1068.169231,5.427689,65,12,0,53,0,215,53,1,161,0,0,0,0,0,0,0,0,0,0,0,0,0,0,0,10,43,108,10,43,108,10.134802,11.617074,30.083461,0.000000,0.000000,0.000000,0,0,0,11095.480231,9.502949,125.308359,9189.468923,1418.041702,376.970881,8509.843238,0.000000,0.000000,10304.855821,11095.480231,790.624410,12.780354,3.397517,76.696484,0.000000,7.125644,14.848357,11.383390,3.403507,0.091209,5,0.000000,0,0,0,100.000000,3.868719,100.000000,23.912397,1102.295935,3918.002895,0.000000,267.486271
19740.000000,pure-acoustic,none,hardware,1,0,0,1,priority,0.000500,180,15,hybrid,0.050000,4000.000000,6.087000,52.000000,500.000000,500.000000,2.000000,120.000000,0.000000,161,108,161,0,161,10,43,108,0,0,0,0,0,0,0,0,0.000000,0.000000,0.000000,clear-ocean,30.000000,60.000000,0.151000,1396,4165860,1068.169231,5.411192,65,12,0,53,0,215,53,1,161,0,0,0,0,0,0,0,0,0,0,0,0,0,0,0,10,43,108,10,43,108,10.134802,11.617074,30.083461,0.000000,0.000000,0.000000,0,0,0,11100.880231,9.502949,125.308359,9189.468923,1422.177872,378.004923,8510.073026,0.000000,0.000000,10310.255821,11100.880231,790.624410,12.811397,3.405180,76.661245,0.000000,7.122178,14.848357,11.383390,3.403507,0.090932,5,0.000000,0,0,0,100.000000,3.868719,100.000000,23.912397,1098.945491,4004.109612,0.000000,190.779659
19800.000000,pure-acoustic,none,hardware,1,0,0,1,priority,0.000500,180,15,hybrid,0.050000,4000.000000,6.087000,52.000000,500.000000,500.000000,2.000000,120.000000,0.000000,161,108,161,0,161,10,43,108,0,0,0,0,0,0,0,0,0.000000,0.000000,0.000000,clear-ocean,30.000000,60.000000,0.151000,1396,4165860,1068.169231,5.394794,65,12,0,53,0,215,53,1,161,0,0,0,0,0,0,0,0,0,0,0,0,0,0,0,10,43,108,10,43,108,10.134802,11.617074,30.083461,0.000000,0.000000,0.000000,0,0,0,11106.280231,9.502949,125.308359,9189.468923,1426.314042,379.038966,8510.302813,0.000000,0.000000,10315.655821,11106.280231,790.624410,12.842410,3.412835,76.626041,0.000000,7.118715,14.848357,11.383390,3.403507,0.090657,5,0.000000,0,0,0,100.000000,3.868719,100.000000,23.912397,1095.615354,4090.216328,0.000000,119.688268
19860.000000,pure-acoustic,none,hardware,1,0,0,1,priority,0.000500,180,15,hybrid,0.050000,4000.000000,6.087000,52.000000,500.000000,500.000000,2.000000,120.000000,0.000000,161,108,161,0,161,10,43,108,0,0,0,0,0,0,0,0,0.000000,0.000000,0.000000,clear-ocean,30.000000,60.000000,0.151000,1396,4165860,1068.169231,5.378496,65,12,0,53,0,215,53,1,161,0,0,0,0,0,0,0,0,0,0,0,0,0,0,0,10,43,108,10,43,108,10.134802,11.617074,30.083461,0.000000,0.000000,0.000000,0,0,0,11111.680231,9.502949,125.308359,9189.468923,1430.450212,380.073008,8510.532600,0.000000,0.000000,10321.055821,11111.680231,790.624410,12.873393,3.420482,76.590870,0.000000,7.115255,14.848357,11.383390,3.403507,0.090383,5,0.000000,0,0,0,100.000000,3.868719,100.000000,23.912397,1092.305337,4176.323044,0.000000,60.952918
19920.000000,pure-acoustic,none,hardware,1,0,0,1,priority,0.000500,180,15,hybrid,0.050000,4000.000000,6.087000,52.000000,500.000000,500.000000,2.000000,120.000000,0.000000,161,108,161,0,161,10,43,108,0,0,0,0,0,0,0,0,0.000000,0.000000,0.000000,clear-ocean,30.000000,60.000000,0.151000,1396,4165860,1068.169231,5.362295,65,12,0,53,0,215,53,1,161,0,0,0,0,0,0,0,0,0,0,0,0,0,0,0,10,43,108,10,43,108,10.134802,11.617074,30.083461,0.000000,0.000000,0.000000,0,0,0,11117.080231,9.502949,125.308359,9189.468923,1434.586382,381.107051,8510.762387,0.000000,0.000000,10326.455821,11117.080231,790.624410,12.904345,3.428122,76.555734,0.000000,7.111799,14.848357,11.383390,3.403507,0.090110,5,0.000000,0,0,0,100.000000,3.868719,100.000000,23.912397,1089.015261,4262.429760,0.000000,20.142843
19980.000000,pure-acoustic,none,hardware,1,0,0,1,priority,0.000500,180,15,hybrid,0.050000,4000.000000,6.087000,52.000000,500.000000,500.000000,2.000000,120.000000,0.000000,161,108,161,0,161,10,43,108,0,0,0,0,0,0,0,0,0.000000,0.000000,0.000000,clear-ocean,30.000000,60.000000,0.151000,1396,4165860,1068.169231,5.346192,65,12,0,53,0,215,53,1,161,0,0,0,0,0,0,0,0,0,0,0,0,0,0,0,10,43,108,10,43,108,10.134802,11.617074,30.083461,0.000000,0.000000,0.000000,0,0,0,11122.480231,9.502949,125.308359,9189.468923,1438.722553,382.141093,8510.992175,0.000000,0.000000,10331.855821,11122.480231,790.624410,12.935267,3.435754,76.520632,0.000000,7.108346,14.848357,11.383390,3.403507,0.089840,5,0.000000,0,0,0,100.000000,3.868719,100.000000,23.912397,1085.744945,4348.536476,0.000000,1.127619
20040.000000,pure-acoustic,none,hardware,1,0,0,1,priority,0.000500,180,15,hybrid,0.050000,4000.000000,6.087000,52.000000,500.000000,500.000000,2.000000,120.000000,0.000000,161,108,161,0,161,10,43,108,0,0,0,0,0,0,0,0,0.000000,0.000000,0.000000,clear-ocean,30.000000,60.000000,0.151000,1396,4165860,1068.169231,5.330186,65,12,0,53,0,215,53,1,161,0,0,0,0,0,0,0,0,0,0,0,0,0,0,0,10,43,108,10,43,108,10.134802,11.617074,30.083461,0.000000,0.000000,0.000000,0,0,0,11127.880231,9.502949,125.308359,9189.468923,1442.858723,383.175136,8511.221962,0.000000,0.000000,10337.255821,11127.880231,790.624410,12.966160,3.443379,76.485564,0.000000,7.104897,14.848357,11.383390,3.403507,0.089571,5,0.000000,0,0,0,100.000000,3.868719,100.000000,23.912397,1082.494212,4434.643192,-0.000000,5.710250
20100.000000,pure-acoustic,none,hardware,1,0,0,1,priority,0.000500,180,15,hybrid,0.050000,4000.000000,6.087000,52.000000,500.000000,500.000000,2.000000,120.000000,0.000000,161,108,161,0,161,10,43,108,0,0,0,0,0,0,0,0,0.000000,0.000000,0.000000,clear-ocean,30.000000,60.000000,0.151000,1396,4165860,1068.169231,5.314275,65,12,0,53,0,215,53,1,161,0,0,0,0,0,0,0,0,0,0,0,0,0,0,0,10,43,108,10,43,108,10.134802,11.617074,30.083461,0.000000,0.000000,0.000000,0,0,0,11133.280231,9.502949,125.308359,9189.468923,1446.994893,384.209178,8511.451749,0.000000,0.000000,10342.655821,11133.280231,790.624410,12.997022,3.450997,76.450530,0.000000,7.101451,14.848357,11.383390,3.403507,0.089303,5,0.000000,0,0,0,100.000000,3.868719,100.000000,23.912397,1079.262886,4520.749908,-0.000000,33.456218
20160.000000,pure-acoustic,none,hardware,1,0,0,1,priority,0.000500,180,15,hybrid,0.050000,4000.000000,6.087000,52.000000,500.000000,500.000000,2.000000,120.000000,0.000000,161,108,161,0,161,10,43,108,0,0,0,0,0,0,0,0,0.000000,0.000000,0.000000,clear-ocean,30.000000,60.000000,0.151000,1396,4165860,1068.169231,5.298458,65,12,0,53,0,215,53,1,161,0,0,0,0,0,0,0,0,0,0,0,0,0,0,0,10,43,108,10,43,108,10.134802,11.617074,30.083461,0.000000,0.000000,0.000000,0,0,0,11138.680231,9.502949,125.308359,9189.468923,1451.131063,385.243221,8511.681536,0.000000,0.000000,10348.055821,11138.680231,790.624410,13.027855,3.458607,76.415530,0.000000,7.098008,14.848357,11.383390,3.403507,0.089038,5,0.000000,0,0,0,100.000000,3.868719,100.000000,23.912397,1076.050794,4606.856625,-0.000000,81.734673
20220.000000,pure-acoustic,none,hardware,1,0,0,1,priority,0.000500,180,15,hybrid,0.050000,4000.000000,6.087000,52.000000,500.000000,500.000000,2.000000,120.000000,0.000000,161,108,161,0,161,10,43,108,0,0,0,0,0,0,0,0,0.000000,0.000000,0.000000,clear-ocean,30.000000,60.000000,0.151000,1396,4165860,1068.169231,5.282736,65,12,0,53,0,215,53,1,161,0,0,0,0,0,0,0,0,0,0,0,0,0,0,0,10,43,108,10,43,108,10.134802,11.617074,30.083461,0.000000,0.000000,0.000000,0,0,0,11144.080231,9.502949,125.308359,9189.468923,1455.267233,386.277264,8511.911324,0.000000,0.000000,10353.455821,11144.080231,790.624410,13.058657,3.466210,76.380564,0.000000,7.094569,14.848357,11.383390,3.403507,0.088773,5,0.000000,0,0,0,100.000000,3.868719,100.000000,23.912397,1072.857765,4692.963341,-0.000000,145.967895
20280.000000,pure-acoustic,none,hardware,1,0,0,1,priority,0.000500,180,15,hybrid,0.050000,4000.000000,6.087000,52.000000,500.000000,500.000000,2.000000,120.000000,0.000000,161,108,161,0,161,10,43,108,0,0,0,0,0,0,0,0,0.000000,0.000000,0.000000,clear-ocean,30.000000,60.000000,0.151000,1396,4165860,1068.169231,5.267107,65,12,0,53,0,215,53,1,161,0,0,0,0,0,0,0,0,0,0,0,0,0,0,0,10,43,108,10,43,108,10.134802,11.617074,30.083461,0.000000,0.000000,0.000000,0,0,0,11149.480231,9.502949,125.308359,9189.468923,1459.403404,387.311306,8512.141111,0.000000,0.000000,10358.855821,11149.480231,790.624410,13.089430,3.473806,76.345632,0.000000,7.091132,14.848357,11.383390,3.403507,0.088511,5,0.000000,0,0,0,100.000000,3.868719,100.000000,23.912397,1069.683629,4779.070057,-0.000000,220.065349
20340.000000,pure-acoustic,none,hardware,1,0,0,1,priority,0.000500,180,15,hybrid,0.050000,4000.000000,6.087000,52.000000,500.000000,500.000000,2.000000,120.000000,0.000000,161,108,161,0,161,10,43,108,0,0,0,0,0,0,0,0,0.000000,0.000000,0.000000,clear-ocean,30.000000,60.000000,0.151000,1396,4165860,1068.169231,5.251569,65,12,0,53,0,215,53,1,161,0,0,0,0,0,0,0,0,0,0,0,0,0,0,0,10,43,108,10,43,108,10.134802,11.617074,30.083461,0.000000,0.000000,0.000000,0,0,0,11154.880231,9.502949,125.308359,9189.468923,1463.539574,388.345349,8512.370898,0.000000,0.000000,10364.255821,11154.880231,790.624410,13.120173,3.481394,76.310733,0.000000,7.087700,14.848357,11.383390,3.403507,0.088250,5,0.000000,0,0,0,100.000000,3.868719,100.000000,23.912397,1066.528220,4865.176773,-0.000000,297.001180
20400.000000,pure-acoustic,none,hardware,1,0,0,1,priority,0.000500,180,15,hybrid,0.050000,4000.000000,6.087000,52.000000,500.000000,500.000000,2.000000,120.000000,0.000000,161,108,161,0,161,10,43,108,0,0,0,0,0,0,0,0,0.000000,0.000000,0.000000,clear-ocean,30.000000,60.000000,0.151000,1396,4165860,1068.169231,5.236124,65,12,0,53,0,215,53,1,161,0,0,0,0,0,0,0,0,0,0,0,0,0,0,0,10,43,108,10,43,108,10.134802,11.617074,30.083461,0.000000,0.000000,0.000000,0,0,0,11160.280231,9.502949,125.308359,9189.468923,1467.675744,389.379391,8512.600685,0.000000,0.000000,10369.655821,11160.280231,790.624410,13.150886,3.488975,76.275869,0.000000,7.084270,14.848357,11.383390,3.403507,0.087990,5,0.000000,0,0,0,100.000000,3.868719,100.000000,23.912397,1063.391373,4951.283489,-0.000000,369.480401
20460.000000,pure-acoustic,none,hardware,1,0,0,1,priority,0.000500,180,15,hybrid,0.050000,4000.000000,6.087000,52.000000,500.000000,500.000000,2.000000,120.000000,0.000000,161,108,161,0,161,10,43,108,0,0,0,0,0,0,0,0,0.000000,0.000000,0.000000,clear-ocean,30.000000,60.000000,0.151000,1396,4165860,1068.169231,5.220768,65,12,0,53,0,215,53,1,161,0,0,0,0,0,0,0,0,0,0,0,0,0,0,0,10,43,108,10,43,108,10.134802,11.617074,30.083461,0.000000,0.000000,0.000000,0,0,0,11165.680231,9.502949,125.308359,9189.468923,1471.811914,390.413434,8512.830472,0.000000,0.000000,10375.055821,11165.680231,790.624410,13.181570,3.496549,76.241038,0.000000,7.080844,14.848357,11.383390,3.403507,0.087732,5,0.000000,0,0,0,100.000000,3.868719,100.000000,23.912397,1060.272923,5037.390205,-0.000000,430.630597
20520.000000,pure-acoustic,none,hardware,1,0,0,1,priority,0.000500,180,15,hybrid,0.050000,4000.000000,6.087000,52.000000,500.000000,500.000000,2.000000,120.000000,0.000000,161,108,161,0,161,10,43,108,0,0,0,0,0,0,0,0,0.000000,0.000000,0.000000,clear-ocean,30.000000,60.000000,0.151000,1396,4165860,1068.169231,5.205503,65,12,0,53,0,215,53,1,161,0,0,0,0,0,0,0,0,0,0,0,0,0,0,0,10,43,108,10,43,108,10.134802,11.617074,30.083461,0.000000,0.000000,0.000000,0,0,0,11171.080231,9.502949,125.308359,9189.468923,1475.948085,391.447476,8513.060260,0.000000,0.000000,10380.455821,11171.080231,790.624410,13.212223,3.504115,76.206240,0.000000,7.077421,14.848357,11.383390,3.403507,0.087476,5,0.000000,0,0,0,100.000000,3.868719,100.000000,23.912397,1057.172710,5123.496921,-0.000000,474.653561
20580.000000,pure-acoustic,none,hardware,1,0,0,1,priority,0.000500,180,15,hybrid,0.050000,4000.000000,6.087000,52.000000,500.000000,500.000000,2.000000,120.000000,0.000000,161,108,161,0,161,10,43,108,0,0,0,0,0,0,0,0,0.000000,0.000000,0.000000,clear-ocean,30.000000,60.000000,0.151000,1396,4165860,1068.169231,5.190327,65,12,0,53,0,215,53,1,161,0,0,0,0,0,0,0,0,0,0,0,0,0,0,0,10,43,108,10,43,108,10.134802,11.617074,30.083461,0.000000,0.000000,0.000000,0,0,0,11176.480231,9.502949,125.308359,9189.468923,1480.084255,392.481519,8513.290047,0.000000,0.000000,10385.855821,11176.480231,790.624410,13.242848,3.511674,76.171477,0.000000,7.074002,14.848357,11.383390,3.403507,0.087221,5,0.000000,0,0,0,100.000000,3.868719,100.000000,23.912397,1054.090573,5209.603638,-0.000000,497.375076
20640.000000,pure-acoustic,none,hardware,1,0,0,1,priority,0.000500,180,15,hybrid,0.050000,4000.000000,6.087000,52.000000,500.000000,500.000000,2.000000,120.000000,0.000000,161,108,161,0,161,10,43,108,0,0,0,0,0,0,0,0,0.000000,0.000000,0.000000,clear-ocean,30.000000,60.000000,0.151000,1396,4165860,1068.169231,5.175239,65,12,0,53,0,215,53,1,161,0,0,0,0,0,0,0,0,0,0,0,0,0,0,0,10,43,108,10,43,108,10.134802,11.617074,30.083461,0.000000,0.000000,0.000000,0,0,0,11181.880231,9.502949,125.308359,9189.468923,1484.220425,393.515561,8513.519834,0.000000,0.000000,10391.255821,11181.880231,790.624410,13.273442,3.519225,76.136747,0.000000,7.070586,14.848357,11.383390,3.403507,0.086967,5,0.000000,0,0,0,100.000000,3.868719,100.000000,23.912397,1051.026357,5295.710354,0.000000,496.640708
20700.000000,pure-acoustic,none,hardware,1,0,0,1,priority,0.000500,180,15,hybrid,0.050000,4000.000000,6.087000,52.000000,500.000000,500.000000,2.000000,120.000000,0.000000,161,108,161,0,161,10,43,108,0,0,0,0,0,0,0,0,0.000000,0.000000,0.000000,clear-ocean,30.000000,60.000000,0.151000,1396,4165860,1068.169231,5.160238,65,12,0,53,0,215,53,1,161,0,0,0,0,0,0,0,0,0,0,0,0,0,0,0,10,43,108,10,43,108,10.134802,11.617074,30.083461,0.000000,0.000000,0.000000,0,0,0,11187.280231,9.502949,125.308359,9189.468923,1488.356595,394.549604,8513.749621,0.000000,0.000000,10396.655821,11187.280231,790.624410,13.304007,3.526770,76.102050,0.000000,7.067173,14.848357,11.383390,3.403507,0.086715,5,0.000000,0,0,0,100.000000,3.868719,100.000000,23.912397,1047.979903,5381.817070,0.000000,472.520088
20760.000000,pure-acoustic,none,hardware,1,0,0,1,priority,0.000500,180,15,hybrid,0.050000,4000.000000,6.087000,52.000000,500.000000,500.000000,2.000000,120.000000,0.000000,161,108,161,0,161,10,43,108,0,0,0,0,0,0,0,0,0.000000,0.000000,0.000000,clear-ocean,30.000000,60.000000,0.151000,1396,4165860,1068.169231,5.145324,65,12,0,53,0,215,53,1,161,0,0,0,0,0,0,0,0,0,0,0,0,0,0,0,10,43,108,10,43,108,10.134802,11.617074,30.083461,0.000000,0.000000,0.000000,0,0,0,11192.680231,9.502949,125.308359,9189.468923,1492.492765,395.583646,8513.979409,0.000000,0.000000,10402.055821,11192.680231,790.624410,13.334543,3.534307,76.067387,0.000000,7.063763,14.848357,11.383390,3.403507,0.086464,5,0.000000,0,0,0,100.000000,3.868719,100.000000,23.912397,1044.951060,5467.923786,0.000000,427.300313
20820.000000,pure-acoustic,none,hardware,1,0,0,1,priority,0.000500,180,15,hybrid,0.050000,4000.000000,6.087000,52.000000,500.000000,500.000000,2.000000,120.000000,0.000000,161,108,161,0,161,10,43,108,0,0,0,0,0,0,0,0,0.000000,0.000000,0.000000,clear-ocean,30.000000,60.000000,0.151000,1396,4165860,1068.169231,5.130496,65,12,0,53,0,215,53,1,161,0,0,0,0,0,0,0,0,0,0,0,0,0,0,0,10,43,108,10,43,108,10.134802,11.617074,30.083461,0.000000,0.000000,0.000000,0,0,0,11198.080231,9.502949,125.308359,9189.468923,1496.628936,396.617689,8514.209196,0.000000,0.000000,10407.455821,11198.080231,790.624410,13.365049,3.541836,76.032758,0.000000,7.060357,14.848357,11.383390,3.403507,0.086215,5,0.000000,0,0,0,100.000000,3.868719,100.000000,23.912397,1041.939673,5554.030502,0.000000,365.269080
20880.000000,pure-acoustic,none,hardware,1,0,0,1,priority,0.000500,180,15,hybrid,0.050000,4000.000000,6.087000,52.000000,500.000000,500.000000,2.000000,120.000000,0.000000,161,108,161,0,161,10,43,108,0,0,0,0,0,0,0,0,0.000000,0.000000,0.000000,clear-ocean,30.000000,60.000000,0.151000,1396,4165860,1068.169231,5.115753,65,12,0,53,0,215,53,1,161,0,0,0,0,0,0,0,0,0,0,0,0,0,0,0,10,43,108,10,43,108,10.134802,11.617074,30.083461,0.000000,0.000000,0.000000,0,0,0,11203.480231,9.502949,125.308359,9189.468923,1500.765106,397.651732,8514.438983,0.000000,0.000000,10412.855821,11203.480231,790.624410,13.395526,3.549359,75.998161,0.000000,7.056954,14.848357,11.383390,3.403507,0.085967,5,0.000000,0,0,0,100.000000,3.868719,100.000000,23.912397,1038.945594,5640.137218,0.000000,292.308137
20940.000000,pure-acoustic,none,hardware,1,0,0,1,priority,0.000500,180,15,hybrid,0.050000,4000.000000,6.087000,52.000000,500.000000,500.000000,2.000000,120.000000,0.000000,161,108,161,0,161,10,43,108,0,0,0,0,0,0,0,0,0.000000,0.000000,0.000000,clear-ocean,30.000000,60.000000,0.151000,1396,4165860,1068.169231,5.101095,65,12,0,53,0,215,53,1,161,0,0,0,0,0,0,0,0,0,0,0,0,0,0,0,10,43,108,10,43,108,10.134802,11.617074,30.083461,0.000000,0.000000,0.000000,0,0,0,11208.880231,9.502949,125.308359,9189.468923,1504.901276,398.685774,8514.668770,0.000000,0.000000,10418.255821,11208.880231,790.624410,13.425973,3.556874,75.963598,0.000000,7.053554,14.848357,11.383390,3.403507,0.085721,5,0.000000,0,0,0,100.000000,3.868719,100.000000,23.912397,1035.968672,5726.243934,0.000000,215.335574
21000.000000,pure-acoustic,none,hardware,1,0,0,1,priority,0.000500,180,15,hybrid,0.050000,4000.000000,6.087000,52.000000,500.000000,500.000000,2.000000,120.000000,0.000000,161,108,161,0,161,10,43,108,0,0,0,0,0,0,0,0,0.000000,0.000000,0.000000,clear-ocean,30.000000,60.000000,0.151000,1396,4165860,1068.169231,5.086520,65,12,0,53,0,215,53,1,161,0,0,0,0,0,0,0,0,0,0,0,0,0,0,0,10,43,108,10,43,108,10.134802,11.617074,30.083461,0.000000,0.000000,0.000000,0,0,0,11214.280231,9.502949,125.308359,9189.468923,1509.037446,399.719817,8514.898558,0.000000,0.000000,10423.655821,11214.280231,790.624410,13.456391,3.564382,75.929069,0.000000,7.050157,14.848357,11.383390,3.403507,0.085476,5,0.000000,0,0,0,100.000000,3.868719,100.000000,23.912397,1033.008762,5812.350651,0.000000,141.649861
21060.000000,pure-acoustic,none,hardware,1,0,0,1,priority,0.000500,180,15,hybrid,0.050000,4000.000000,6.087000,52.000000,500.000000,500.000000,2.000000,120.000000,0.000000,161,108,161,0,161,10,43,108,0,0,0,0,0,0,0,0,0.000000,0.000000,0.000000,clear-ocean,30.000000,60.000000,0.151000,1396,4165860,1068.169231,5.072029,65,12,0,53,0,215,53,1,161,0,0,0,0,0,0,0,0,0,0,0,0,0,0,0,10,43,108,10,43,108,10.134802,11.617074,30.083461,0.000000,0.000000,0.000000,0,0,0,11219.680231,9.502949,125.308359,9189.468923,1513.173616,400.753859,8515.128345,0.000000,0.000000,10429.055821,11219.680231,790.624410,13.486780,3.571883,75.894572,0.000000,7.046764,14.848357,11.383390,3.403507,0.085233,5,0.000000,0,0,0,100.000000,3.868719,100.000000,23.912397,1030.065717,5898.457367,0.000000,78.237811
21120.000000,pure-acoustic,none,hardware,1,0,0,1,priority,0.000500,180,15,hybrid,0.050000,4000.000000,6.087000,52.000000,500.000000,500.000000,2.000000,120.000000,0.000000,161,108,161,0,161,10,43,108,0,0,0,0,0,0,0,0,0.000000,0.000000,0.000000,clear-ocean,30.000000,60.000000,0.151000,1396,4165860,1068.169231,5.057619,65,12,0,53,0,215,53,1,161,0,0,0,0,0,0,0,0,0,0,0,0,0,0,0,10,43,108,10,43,108,10.134802,11.617074,30.083461,0.000000,0.000000,0.000000,0,0,0,11225.080231,9.502949,125.308359,9189.468923,1517.309787,401.787902,8515.358132,0.000000,0.000000,10434.455821,11225.080231,790.624410,13.517140,3.579377,75.860109,0.000000,7.043374,14.848357,11.383390,3.403507,0.084991,5,0.000000,0,0,0,100.000000,3.868719,100.000000,23.912397,1027.139394,5984.564083,0.000000,31.112098
21180.000000,pure-acoustic,none,hardware,1,0,0,1,priority,0.000500,180,15,hybrid,0.050000,4000.000000,6.087000,52.000000,500.000000,500.000000,2.000000,120.000000,0.000000,161,108,161,0,161,10,43,108,0,0,0,0,0,0,0,0,0.000000,0.000000,0.000000,clear-ocean,30.000000,60.000000,0.151000,1396,4165860,1068.169231,5.043292,65,12,0,53,0,215,53,1,161,0,0,0,0,0,0,0,0,0,0,0,0,0,0,0,10,43,108,10,43,108,10.134802,11.617074,30.083461,0.000000,0.000000,0.000000,0,0,0,11230.480231,9.502949,125.308359,9189.468923,1521.445957,402.821944,8515.587919,0.000000,0.000000,10439.855821,11230.480231,790.624410,13.547470,3.586863,75.825679,0.000000,7.039988,14.848357,11.383390,3.403507,0.084750,5,0.000000,0,0,0,100.000000,3.868719,100.000000,23.912397,1024.229651,6070.670799,0.000000,4.741140
21240.000000,pure-acoustic,none,hardware,1,0,0,1,priority,0.000500,180,15,hybrid,0.050000,4000.000000,6.087000,52.000000,500.000000,500.000000,2.000000,120.000000,0.000000,161,108,161,0,161,10,43,108,0,0,0,0,0,0,0,0,0.000000,0.000000,0.000000,clear-ocean,30.000000,60.000000,0.151000,1396,4165860,1068.169231,5.029045,65,12,0,53,0,215,53,1,161,0,0,0,0,0,0,0,0,0,0,0,0,0,0,0,10,43,108,10,43,108,10.134802,11.617074,30.083461,0.000000,0.000000,0.000000,0,0,0,11235.880231,9.502949,125.308359,9189.468923,1525.582127,403.855987,8515.817706,0.000000,0.000000,10445.255821,11235.880231,790.624410,13.577771,3.594342,75.791282,0.000000,7.036604,14.848357,11.383390,3.403507,0.084510,5,0.000000,0,0,0,100.000000,3.868719,100.000000,23.912397,1021.336347,6156.777515,-0.000000,1.625408
21300.000000,pure-acoustic,none,hardware,1,0,0,1,priority,0.000500,180,15,hybrid,0.050000,4000.000000,6.087000,52.000000,500.000000,500.000000,2.000000,120.000000,0.000000,161,108,161,0,161,10,43,108,0,0,0,0,0,0,0,0,0.000000,0.000000,0.000000,clear-ocean,30.000000,60.000000,0.151000,1396,4165860,1068.169231,5.014879,65,12,0,53,0,215,53,1,161,0,0,0,0,0,0,0,0,0,0,0,0,0,0,0,10,43,108,10,43,108,10.134802,11.617074,30.083461,0.000000,0.000000,0.000000,0,0,0,11241.280231,9.502949,125.308359,9189.468923,1529.718297,404.890029,8516.047494,0.000000,0.000000,10450.655821,11241.280231,790.624410,13.608043,3.601814,75.756918,0.000000,7.033224,14.848357,11.383390,3.403507,0.084272,5,0.000000,0,0,0,100.000000,3.868719,100.000000,23.912397,1018.459343,6242.884231,-0.000000,22.060332
21360.000000,pure-acoustic,none,hardware,1,0,0,1,priority,0.000500,180,15,hybrid,0.050000,4000.000000,6.087000,52.000000,500.000000,500.000000,2.000000,120.000000,0.000000,161,108,161,0,161,10,43,108,0,0,0,0,0,0,0,0,0.000000,0.000000,0.000000,clear-ocean,30.000000,60.000000,0.151000,1396,4165860,1068.169231,5.000792,65,12,0,53,0,215,53,1,161,0,0,0,0,0,0,0,0,0,0,0,0,0,0,0,10,43,108,10,43,108,10.134802,11.617074,30.083461,0.000000,0.000000,0.000000,0,0,0,11246.680231,9.502949,125.308359,9189.468923,1533.854468,405.924072,8516.277281,0.000000,0.000000,10456.055821,11246.680231,790.624410,13.638286,3.609279,75.722588,0.000000,7.029847,14.848357,11.383390,3.403507,0.084036,5,0.000000,0,0,0,100.000000,3.868719,100.000000,23.912397,1015.598502,6328.990947,-0.000000,64.108292
21420.000000,pure-acoustic,none,hardware,1,0,0,1,priority,0.000500,180,15,hybrid,0.050000,4000.000000,6.087000,52.000000,500.000000,500.000000,2.000000,120.000000,0.000000,161,108,161,0,161,10,43,108,0,0,0,0,0,0,0,0,0.000000,0.000000,0.000000,clear-ocean,30.000000,60.000000,0.151000,1396,4165860,1068.169231,4.986784,65,12,0,53,0,215,53,1,161,0,0,0,0,0,0,0,0,0,0,0,0,0,0,0,10,43,108,10,43,108,10.134802,11.617074,30.083461,0.000000,0.000000,0.000000,0,0,0,11252.080231,9.502949,125.308359,9189.468923,1537.990638,406.958115,8516.507068,0.000000,0.000000,10461.455821,11252.080231,790.624410,13.668500,3.616737,75.688290,0.000000,7.026473,14.848357,11.383390,3.403507,0.083800,5,0.000000,0,0,0,100.000000,3.868719,100.000000,23.912397,1012.753688,6415.097664,-0.000000,123.782337
21480.000000,pure-acoustic,none,hardware,1,0,0,1,priority,0.000500,180,15,hybrid,0.050000,4000.000000,6.087000,52.000000,500.000000,500.000000,2.000000,120.000000,0.000000,161,108,161,0,161,10,43,108,0,0,0,0,0,0,0,0,0.000000,0.000000,0.000000,clear-ocean,30.000000,60.000000,0.151000,1396,4165860,1068.169231,4.972855,65,12,0,53,0,215,53,1,161,0,0,0,0,0,0,0,0,0,0,0,0,0,0,0,10,43,108,10,43,108,10.134802,11.617074,30.083461,0.000000,0.000000,0.000000,0,0,0,11257.480231,9.502949,125.308359,9189.468923,1542.126808,407.992157,8516.736855,0.000000,0.000000,10466.855821,11257.480231,790.624410,13.698685,3.624187,75.654025,0.000000,7.023103,14.848357,11.383390,3.403507,0.083566,5,0.000000,0,0,0,100.000000,3.868719,100.000000,23.912397,1009.924767,6501.204380,-0.000000,195.424228
21540.000000,pure-acoustic,none,hardware,1,0,0,1,priority,0.000500,180,15,hybrid,0.050000,4000.000000,6.087000,52.000000,500.000000,500.000000,2.000000,120.000000,0.000000,161,108,161,0,161,10,43,108,0,0,0,0,0,0,0,0,0.000000,0.000000,0.000000,clear-ocean,30.000000,60.000000,0.151000,1396,4165860,1068.169231,4.959003,65,12,0,53,0,215,53,1,161,0,0,0,0,0,0,0,0,0,0,0,0,0,0,0,10,43,108,10,43,108,10.134802,11.617074,30.083461,0.000000,0.000000,0.000000,0,0,0,11262.880231,9.502949,125.308359,9189.468923,1546.262978,409.026200,8516.966643,0.000000,0.000000,10472.255821,11262.880231,790.624410,13.728842,3.631631,75.619792,0.000000,7.019736,14.848357,11.383390,3.403507,0.083333,5,0.000000,0,0,0,100.000000,3.868719,100.000000,23.912397,1007.111606,6587.311096,-0.000000,272.240945
21600.000000,pure-acoustic,none,hardware,1,0,0,1,priority,0.000500,180,15,hybrid,0.050000,4000.000000,6.087000,52.000000,500.000000,500.000000,2.000000,120.000000,0.000000,161,108,161,0,161,10,43,108,0,0,0,0,0,0,0,0,0.000000,0.000000,0.000000,clear-ocean,30.000000,60.000000,0.151000,1396,4165860,1068.169231,4.945228,65,12,0,53,0,215,53,1,161,0,0,0,0,0,0,0,0,0,0,0,0,0,0,0,10,43,108,10,43,108,10.134802,11.617074,30.083461,0.000000,0.000000,0.000000,0,0,0,11268.280231,9.502949,125.308359,9189.468923,1550.399148,410.060242,8517.196430,0.000000,0.000000,10477.655821,11268.280231,790.624410,13.758969,3.639067,75.585593,0.000000,7.016372,14.848357,11.383390,3.403507,0.083102,5,0.000000,0,0,0,100.000000,3.868719,100.000000,23.912397,1004.314074,6673.417812,-0.000000,346.948795
21660.000000,pure-acoustic,none,hardware,1,0,0,1,priority,0.000500,180,15,hybrid,0.050000,4000.000000,6.087000,52.000000,500.000000,500.000000,2.000000,120.000000,0.000000,161,108,161,0,161,10,43,108,0,0,0,0,0,0,0,0,0.000000,0.000000,0.000000,clear-ocean,30.000000,60.000000,0.151000,1396,4165860,1068.169231,4.931529,65,12,0,53,0,215,53,1,161,0,0,0,0,0,0,0,0,0,0,0,0,0,0,0,10,43,108,10,43,108,10.134802,11.617074,30.083461,0.000000,0.000000,0.000000,0,0,0,11273.680231,9.502949,125.308359,9189.468923,1554.535319,411.094285,8517.426217,0.000000,0.000000,10483.055821,11273.680231,790.624410,13.789067,3.646496,75.551426,0.000000,7.013011,14.848357,11.383390,3.403507,0.082872,5,0.000000,0,0,0,100.000000,3.868719,100.000000,23.912397,1001.532041,6759.524528,-0.000000,412.464047
21720.000000,pure-acoustic,none,hardware,1,0,0,1,priority,0.000500,180,15,hybrid,0.050000,4000.000000,6.087000,52.000000,500.000000,500.000000,2.000000,120.000000,0.000000,161,108,161,0,161,10,43,108,0,0,0,0,0,0,0,0,0.000000,0.000000,0.000000,clear-ocean,30.000000,60.000000,0.151000,1396,4165860,1068.169231,4.917906,65,12,0,53,0,215,53,1,161,0,0,0,0,0,0,0,0,0,0,0,0,0,0,0,10,43,108,10,43,108,10.134802,11.617074,30.083461,0.000000,0.000000,0.000000,0,0,0,11279.080231,9.502949,125.308359,9189.468923,1558.671489,412.128327,8517.656004,0.000000,0.000000,10488.455821,11279.080231,790.624410,13.819136,3.653918,75.517292,0.000000,7.009653,14.848357,11.383390,3.403507,0.082643,5,0.000000,0,0,0,100.000000,3.868719,100.000000,23.912397,998.765378,6845.631244,-0.000000,462.574604
21780.000000,pure-acoustic,none,hardware,1,0,0,1,priority,0.000500,180,15,hybrid,0.050000,4000.000000,6.087000,52.000000,500.000000,500.000000,2.000000,120.000000,0.000000,161,108,161,0,161,10,43,108,0,0,0,0,0,0,0,0,0.000000,0.000000,0.000000,clear-ocean,30.000000,60.000000,0.151000,1396,4165860,1068.169231,4.904358,65,12,0,53,0,215,53,1,161,0,0,0,0,0,0,0,0,0,0,0,0,0,0,0,10,43,108,10,43,108,10.134802,11.617074,30.083461,0.000000,0.000000,0.000000,0,0,0,11284.480231,9.502949,125.308359,9189.468923,1562.807659,413.162370,8517.885792,0.000000,0.000000,10493.855821,11284.480231,790.624410,13.849177,3.661333,75.483191,0.000000,7.006299,14.848357,11.383390,3.403507,0.082415,5,0.000000,0,0,0,100.000000,3.868719,100.000000,23.912397,996.013958,6931.737960,-0.000000,492.529027
21840.000000,pure-acoustic,none,hardware,1,0,0,1,priority,0.000500,180,15,hybrid,0.050000,4000.000000,6.087000,52.000000,500.000000,500.000000,2.000000,120.000000,0.000000,161,108,161,0,161,10,43,108,0,0,0,0,0,0,0,0,0.000000,0.000000,0.000000,clear-ocean,30.000000,60.000000,0.151000,1396,4165860,1068.169231,4.890885,65,12,0,53,0,215,53,1,161,0,0,0,0,0,0,0,0,0,0,0,0,0,0,0,10,43,108,10,43,108,10.134802,11.617074,30.083461,0.000000,0.000000,0.000000,0,0,0,11289.880231,9.502949,125.308359,9189.468923,1566.943829,414.196412,8518.115579,0.000000,0.000000,10499.255821,11289.880231,790.624410,13.879189,3.668741,75.449123,0.000000,7.002948,14.848357,11.383390,3.403507,0.082189,5,0.000000,0,0,0,100.000000,3.868719,100.000000,23.912397,993.277656,7017.844677,0.000000,499.487065
21900.000000,pure-acoustic,none,hardware,1,0,0,1,priority,0.000500,180,15,hybrid,0.050000,4000.000000,6.087000,52.000000,500.000000,500.000000,2.000000,120.000000,0.000000,161,108,161,0,161,10,43,108,0,0,0,0,0,0,0,0,0.000000,0.000000,0.000000,clear-ocean,30.000000,60.000000,0.151000,1396,4165860,1068.169231,4.877485,65,12,0,53,0,215,53,1,161,0,0,0,0,0,0,0,0,0,0,0,0,0,0,0,10,43,108,10,43,108,10.134802,11.617074,30.083461,0.000000,0.000000,0.000000,0,0,0,11295.280231,9.502949,125.308359,9189.468923,1571.079999,415.230455,8518.345366,0.000000,0.000000,10504.655821,11295.280231,790.624410,13.909172,3.676141,75.415087,0.000000,6.999600,14.848357,11.383390,3.403507,0.081963,5,0.000000,0,0,0,100.000000,3.868719,100.000000,23.912397,990.556347,7103.951393,0.000000,482.788962
21960.000000,pure-acoustic,none,hardware,1,0,0,1,priority,0.000500,180,15,hybrid,0.050000,4000.000000,6.087000,52.000000,500.000000,500.000000,2.000000,120.000000,0.000000,161,108,161,0,161,10,43,108,0,0,0,0,0,0,0,0,0.000000,0.000000,0.000000,clear-ocean,30.000000,60.000000,0.151000,1396,4165860,1068.169231,4.864159,65,12,0,53,0,215,53,1,161,0,0,0,0,0,0,0,0,0,0,0,0,0,0,0,10,43,108,10,43,108,10.134802,11.617074,30.083461,0.000000,0.000000,0.000000,0,0,0,11300.680231,9.502949,125.308359,9189.468923,1575.216170,416.264498,8518.575153,0.000000,0.000000,10510.055821,11300.680231,790.624410,13.939127,3.683535,75.381083,0.000000,6.996255,14.848357,11.383390,3.403507,0.081740,5,0.000000,0,0,0,100.000000,3.868719,100.000000,23.912397,987.849909,7190.058109,0.000000,444.018019
22020.000000,pure-acoustic,none,hardware,1,0,0,1,priority,0.000500,180,15,hybrid,0.050000,4000.000000,6.087000,52.000000,500.000000,500.000000,2.000000,120.000000,0.000000,161,108,161,0,161,10,43,108,0,0,0,0,0,0,0,0,0.000000,0.000000,0.000000,clear-ocean,30.000000,60.000000,0.151000,1396,4165860,1068.169231,4.850905,65,12,0,53,0,215,53,1,161,0,0,0,0,0,0,0,0,0,0,0,0,0,0,0,10,43,108,10,43,108,10.134802,11.617074,30.083461,0.000000,0.000000,0.000000,0,0,0,11306.080231,9.502949,125.308359,9189.468923,1579.352340,417.298540,8518.804941,0.000000,0.000000,10515.455821,11306.080231,790.624410,13.969053,3.690921,75.347112,0.000000,6.992913,14.848357,11.383390,3.403507,0.081517,5,0.000000,0,0,0,100.000000,3.868719,100.000000,23.912397,985.158220,7276.164825,0.000000,386.850460
22080.000000,pure-acoustic,none,hardware,1,0,0,1,priority,0.000500,180,15,hybrid,0.050000,4000.000000,6.087000,52.000000,500.000000,500.000000,2.000000,120.000000,0.000000,161,108,161,0,161,10,43,108,0,0,0,0,0,0,0,0,0.000000,0.000000,0.000000,clear-ocean,30.000000,60.000000,0.151000,1396,4165860,1068.169231,4.837723,65,12,0,53,0,215,53,1,161,0,0,0,0,0,0,0,0,0,0,0,0,0,0,0,10,43,108,10,43,108,10.134802,11.617074,30.083461,0.000000,0.000000,0.000000,0,0,0,11311.480231,9.502949,125.308359,9189.468923,1583.488510,418.332583,8519.034728,0.000000,0.000000,10520.855821,11311.480231,790.624410,13.998950,3.698301,75.313173,0.000000,6.989575,14.848357,11.383390,3.403507,0.081295,5,0.000000,0,0,0,100.000000,3.868719,100.000000,23.912397,982.481159,7362.271541,0.000000,316.706863
22140.000000,pure-acoustic,none,hardware,1,0,0,1,priority,0.000500,180,15,hybrid,0.050000,4000.000000,6.087000,52.000000,500.000000,500.000000,2.000000,120.000000,0.000000,161,108,161,0,161,10,43,108,0,0,0,0,0,0,0,0,0.000000,0.000000,0.000000,clear-ocean,30.000000,60.000000,0.151000,1396,4165860,1068.169231,4.824613,65,12,0,53,0,215,53,1,161,0,0,0,0,0,0,0,0,0,0,0,0,0,0,0,10,43,108,10,43,108,10.134802,11.617074,30.083461,0.000000,0.000000,0.000000,0,0,0,11316.880231,9.502949,125.308359,9189.468923,1587.624680,419.366625,8519.264515,0.000000,0.000000,10526.255821,11316.880231,790.624410,14.028819,3.705673,75.279267,0.000000,6.986240,14.848357,11.383390,3.403507,0.081075,5,0.000000,0,0,0,100.000000,3.868719,100.000000,23.912397,979.818609,7448.378257,0.000000,240.238181
22200.000000,pure-acoustic,none,hardware,1,0,0,1,priority,0.000500,180,15,hybrid,0.050000,4000.000000,6.087000,52.000000,500.000000,500.000000,2.000000,120.000000,0.000000,161,108,161,0,161,10,43,108,0,0,0,0,0,0,0,0,0.000000,0.000000,0.000000,clear-ocean,30.000000,60.000000,0.151000,1396,4165860,1068.169231,4.811573,65,12,0,53,0,215,53,1,161,0,0,0,0,0,0,0,0,0,0,0,0,0,0,0,10,43,108,10,43,108,10.134802,11.617074,30.083461,0.000000,0.000000,0.000000,0,0,0,11322.280231,9.502949,125.308359,9189.468923,1591.760851,420.400668,8519.494302,0.000000,0.000000,10531.655821,11322.280231,790.624410,14.058660,3.713039,75.245393,0.000000,6.982908,14.848357,11.383390,3.403507,0.080856,5,0.000000,0,0,0,100.000000,3.868719,100.000000,23.912397,977.170450,7534.484973,0.000000,164.695106
22260.000000,pure-acoustic,none,hardware,1,0,0,1,priority,0.000500,180,15,hybrid,0.050000,4000.000000,6.087000,52.000000,500.000000,500.000000,2.000000,120.000000,0.000000,161,108,161,0,161,10,43,108,0,0,0,0,0,0,0,0,0.000000,0.000000,0.000000,clear-ocean,30.000000,60.000000,0.151000,1396,4165860,1068.169231,4.798604,65,12,0,53,0,215,53,1,161,0,0,0,0,0,0,0,0,0,0,0,0,0,0,0,10,43,108,10,43,108,10.134802,11.617074,30.083461,0.000000,0.000000,0.000000,0,0,0,11327.680231,9.502949,125.308359,9189.468923,1595.897021,421.434710,8519.724089,0.000000,0.000000,10537.055821,11327.680231,790.624410,14.088472,3.720397,75.211552,0.000000,6.979579,14.848357,11.383390,3.403507,0.080638,5,0.000000,0,0,0,100.000000,3.868719,100.000000,23.912397,974.536568,7620.591690,0.000000,97.240565
22320.000000,pure-acoustic,none,hardware,1,0,0,1,priority,0.000500,180,15,hybrid,0.050000,4000.000000,6.087000,52.000000,500.000000,500.000000,2.000000,120.000000,0.000000,161,108,161,0,161,10,43,108,0,0,0,0,0,0,0,0,0.000000,0.000000,0.000000,clear-ocean,30.000000,60.000000,0.151000,1396,4165860,1068.169231,4.785704,65,12,0,53,0,215,53,1,161,0,0,0,0,0,0,0,0,0,0,0,0,0,0,0,10,43,108,10,43,108,10.134802,11.617074,30.083461,0.000000,0.000000,0.000000,0,0,0,11333.080231,9.502949,125.308359,9189.468923,1600.033191,422.468753,8519.953877,0.000000,0.000000,10542.455821,11333.080231,790.624410,14.118255,3.727749,75.177743,0.000000,6.976254,14.848357,11.383390,3.403507,0.080421,5,0.000000,0,0,0,100.000000,3.868719,100.000000,23.912397,971.916846,7706.698406,0.000000,44.270537
22380.000000,pure-acoustic,none,hardware,1,0,0,1,priority,0.000500,180,15,hybrid,0.050000,4000.000000,6.087000,52.000000,500.000000,500.000000,2.000000,120.000000,0.000000,161,108,161,0,161,10,43,108,0,0,0,0,0,0,0,0,0.000000,0.000000,0.000000,clear-ocean,30.000000,60.000000,0.151000,1396,4165860,1068.169231,4.772874,65,12,0,53,0,215,53,1,161,0,0,0,0,0,0,0,0,0,0,0,0,0,0,0,10,43,108,10,43,108,10.134802,11.617074,30.083461,0.000000,0.000000,0.000000,0,0,0,11338.480231,9.502949,125.308359,9189.468923,1604.169361,423.502795,8520.183664,0.000000,0.000000,10547.855821,11338.480231,790.624410,14.148010,3.735093,75.143965,0.000000,6.972931,14.848357,11.383390,3.403507,0.080206,5,0.000000,0,0,0,100.000000,3.868719,100.000000,23.912397,969.311171,7792.805122,0.000000,10.807592
22440.000000,pure-acoustic,none,hardware,1,0,0,1,priority,0.000500,180,15,hybrid,0.050000,4000.000000,6.087000,52.000000,500.000000,500.000000,2.000000,120.000000,0.000000,161,108,161,0,161,10,43,108,0,0,0,0,0,0,0,0,0.000000,0.000000,0.000000,clear-ocean,30.000000,60.000000,0.151000,1396,4165860,1068.169231,4.760112,65,12,0,53,0,215,53,1,161,0,0,0,0,0,0,0,0,0,0,0,0,0,0,0,10,43,108,10,43,108,10.134802,11.617074,30.083461,0.000000,0.000000,0.000000,0,0,0,11343.880231,9.502949,125.308359,9189.468923,1608.305531,424.536838,8520.413451,0.000000,0.000000,10553.255821,11343.880231,790.624410,14.177737,3.742431,75.110220,0.000000,6.969612,14.848357,11.383390,3.403507,0.079991,5,0.000000,0,0,0,100.000000,3.868719,100.000000,23.912397,966.719430,7878.911838,-0.000000,0.024657
22500.000000,pure-acoustic,none,hardware,1,0,0,1,priority,0.000500,180,15,hybrid,0.050000,4000.000000,6.087000,52.000000,500.000000,500.000000,2.000000,120.000000,0.000000,161,108,161,0,161,10,43,108,0,0,0,0,0,0,0,0,0.000000,0.000000,0.000000,clear-ocean,30.000000,60.000000,0.151000,1396,4165860,1068.169231,4.747419,65,12,0,53,0,215,53,1,161,0,0,0,0,0,0,0,0,0,0,0,0,0,0,0,10,43,108,10,43,108,10.134802,11.617074,30.083461,0.000000,0.000000,0.000000,0,0,0,11349.280231,9.502949,125.308359,9189.468923,1612.441702,425.570881,8520.643238,0.000000,0.000000,10558.655821,11349.280231,790.624410,14.207436,3.749761,75.076508,0.000000,6.966296,14.848357,11.383390,3.403507,0.079778,5,0.000000,0,0,0,100.000000,3.868719,100.000000,23.912397,964.141511,7965.018554,-0.000000,12.944161
22560.000000,pure-acoustic,none,hardware,1,0,0,1,priority,0.000500,180,15,hybrid,0.050000,4000.000000,6.087000,52.000000,500.000000,500.000000,2.000000,120.000000,0.000000,161,108,161,0,161,10,43,108,0,0,0,0,0,0,0,0,0.000000,0.000000,0.000000,clear-ocean,30.000000,60.000000,0.151000,1396,4165860,1068.169231,4.734793,65,12,0,53,0,215,53,1,161,0,0,0,0,0,0,0,0,0,0,0,0,0,0,0,10,43,108,10,43,108,10.134802,11.617074,30.083461,0.000000,0.000000,0.000000,0,0,0,11354.680231,9.502949,125.308359,9189.468923,1616.577872,426.604923,8520.873026,0.000000,0.000000,10564.055821,11354.680231,790.624410,14.237106,3.757084,75.042827,0.000000,6.962983,14.848357,11.383390,3.403507,0.079566,5,0.000000,0,0,0,100.000000,3.868719,100.000000,23.912397,961.577305,8051.125270,-0.000000,48.341087
22620.000000,pure-acoustic,none,hardware,1,0,0,1,priority,0.000500,180,15,hybrid,0.050000,4000.000000,6.087000,52.000000,500.000000,500.000000,2.000000,120.000000,0.000000,161,108,161,0,161,10,43,108,0,0,0,0,0,0,0,0,0.000000,0.000000,0.000000,clear-ocean,30.000000,60.000000,0.151000,1396,4165860,1068.169231,4.722234,65,12,0,53,0,215,53,1,161,0,0,0,0,0,0,0,0,0,0,0,0,0,0,0,10,43,108,10,43,108,10.134802,11.617074,30.083461,0.000000,0.000000,0.000000,0,0,0,11360.080231,9.502949,125.308359,9189.468923,1620.714042,427.638966,8521.102813,0.000000,0.000000,10569.455821,11360.080231,790.624410,14.266748,3.764401,75.009178,0.000000,6.959673,14.848357,11.383390,3.403507,0.079355,5,0.000000,0,0,0,100.000000,3.868719,100.000000,23.912397,959.026702,8137.231986,-0.000000,102.859131
22680.000000,pure-acoustic,none,hardware,1,0,0,1,priority,0.000500,180,15,hybrid,0.050000,4000.000000,6.087000,52.000000,500.000000,500.000000,2.000000,120.000000,0.000000,161,108,161,0,161,10,43,108,0,0,0,0,0,0,0,0,0.000000,0.000000,0.000000,clear-ocean,30.000000,60.000000,0.151000,1396,4165860,1068.169231,4.709741,65,12,0,53,0,215,53,1,161,0,0,0,0,0,0,0,0,0,0,0,0,0,0,0,10,43,108,10,43,108,10.134802,11.617074,30.083461,0.000000,0.000000,0.000000,0,0,0,11365.480231,9.502949,125.308359,9189.468923,1624.850212,428.673008,8521.332600,0.000000,0.000000,10574.855821,11365.480231,790.624410,14.296362,3.771710,74.975561,0.000000,6.956366,14.848357,11.383390,3.403507,0.079145,5,0.000000,0,0,0,100.000000,3.868719,100.000000,23.912397,956.489594,8223.338703,-0.000000,171.328940
22740.000000,pure-acoustic,none,hardware,1,0,0,1,priority,0.000500,180,15,hybrid,0.050000,4000.000000,6.087000,52.000000,500.000000,500.000000,2.000000,120.000000,0.000000,161,108,161,0,161,10,43,108,0,0,0,0,0,0,0,0,0.000000,0.000000,0.000000,clear-ocean,30.000000,60.000000,0.151000,1396,4165860,1068.169231,4.697314,65,12,0,53,0,215,53,1,161,0,0,0,0,0,0,0,0,0,0,0,0,0,0,0,10,43,108,10,43,108,10.134802,11.617074,30.083461,0.000000,0.000000,0.000000,0,0,0,11370.880231,9.502949,125.308359,9189.468923,1628.986382,429.707051,8521.562387,0.000000,0.000000,10580.255821,11370.880231,790.624410,14.325948,3.779013,74.941976,0.000000,6.953063,14.848357,11.383390,3.403507,0.078936,5,0.000000,0,0,0,100.000000,3.868719,100.000000,23.912397,953.965875,8309.445419,-0.000000,247.258269
22800.000000,pure-acoustic,none,hardware,1,0,0,1,priority,0.000500,180,15,hybrid,0.050000,4000.000000,6.087000,52.000000,500.000000,500.000000,2.000000,120.000000,0.000000,161,108,161,0,161,10,43,108,0,0,0,0,0,0,0,0,0.000000,0.000000,0.000000,clear-ocean,30.000000,60.000000,0.151000,1396,4165860,1068.169231,4.684953,65,12,0,53,0,215,53,1,161,0,0,0,0,0,0,0,0,0,0,0,0,0,0,0,10,43,108,10,43,108,10.134802,11.617074,30.083461,0.000000,0.000000,0.000000,0,0,0,11376.280231,9.502949,125.308359,9189.468923,1633.122553,430.741093,8521.792175,0.000000,0.000000,10585.655821,11376.280231,790.624410,14.355506,3.786309,74.908424,0.000000,6.949762,14.848357,11.383390,3.403507,0.078728,5,0.000000,0,0,0,100.000000,3.868719,100.000000,23.912397,951.455439,8395.552135,-0.000000,323.447567
22860.000000,pure-acoustic,none,hardware,1,0,0,1,priority,0.000500,180,15,hybrid,0.050000,4000.000000,6.087000,52.000000,500.000000,500.000000,2.000000,120.000000,0.000000,161,108,161,0,161,10,43,108,0,0,0,0,0,0,0,0,0.000000,0.000000,0.000000,clear-ocean,30.000000,60.000000,0.151000,1396,4165860,1068.169231,4.672656,65,12,0,53,0,215,53,1,161,0,0,0,0,0,0,0,0,0,0,0,0,0,0,0,10,43,108,10,43,108,10.134802,11.617074,30.083461,0.000000,0.000000,0.000000,0,0,0,11381.680231,9.502949,125.308359,9189.468923,1637.258723,431.775136,8522.021962,0.000000,0.000000,10591.055821,11381.680231,790.624410,14.385035,3.793597,74.874902,0.000000,6.946465,14.848357,11.383390,3.403507,0.078521,5,0.000000,0,0,0,100.000000,3.868719,100.000000,23.912397,948.958180,8481.658851,-0.000000,392.672631
22920.000000,pure-acoustic,none,hardware,1,0,0,1,priority,0.000500,180,15,hybrid,0.050000,4000.000000,6.087000,52.000000,500.000000,500.000000,2.000000,120.000000,0.000000,161,108,161,0,161,10,43,108,0,0,0,0,0,0,0,0,0.000000,0.000000,0.000000,clear-ocean,30.000000,60.000000,0.151000,1396,4165860,1068.169231,4.660424,65,12,0,53,0,215,53,1,161,0,0,0,0,0,0,0,0,0,0,0,0,0,0,0,10,43,108,10,43,108,10.134802,11.617074,30.083461,0.000000,0.000000,0.000000,0,0,0,11387.080231,9.502949,125.308359,9189.468923,1641.394893,432.809178,8522.251749,0.000000,0.000000,10596.455821,11387.080231,790.624410,14.414537,3.800879,74.841413,0.000000,6.943171,14.848357,11.383390,3.403507,0.078316,5,0.000000,0,0,0,100.000000,3.868719,100.000000,23.912397,946.473997,8567.765567,-0.000000,448.369605
22980.000000,pure-acoustic,none,hardware,1,0,0,1,priority,0.000500,180,15,hybrid,0.050000,4000.000000,6.087000,52.000000,500.000000,500.000000,2.000000,120.000000,0.000000,161,108,161,0,161,10,43,108,0,0,0,0,0,0,0,0,0.000000,0.000000,0.000000,clear-ocean,30.000000,60.000000,0.151000,1396,4165860,1068.169231,4.648256,65,12,0,53,0,215,53,1,161,0,0,0,0,0,0,0,0,0,0,0,0,0,0,0,10,43,108,10,43,108,10.134802,11.617074,30.083461,0.000000,0.000000,0.000000,0,0,0,11392.480231,9.502949,125.308359,9189.468923,1645.531063,433.843221,8522.481536,0.000000,0.000000,10601.855821,11392.480231,790.624410,14.444011,3.808154,74.807955,0.000000,6.939880,14.848357,11.383390,3.403507,0.078111,5,0.000000,0,0,0,100.000000,3.868719,100.000000,23.912397,944.002785,8653.872283,-0.000000,485.257350
23040.000000,pure-acoustic,none,hardware,1,0,0,1,priority,0.000500,180,15,hybrid,0.050000,4000.000000,6.087000,52.000000,500.000000,500.000000,2.000000,120.000000,0.000000,161,108,161,0,161,10,43,108,0,0,0,0,0,0,0,0,0.000000,0.000000,0.000000,clear-ocean,30.000000,60.000000,0.151000,1396,4165860,1068.169231,4.636151,65,12,0,53,0,215,53,1,161,0,0,0,0,0,0,0,0,0,0,0,0,0,0,0,10,43,108,10,43,108,10.134802,11.617074,30.083461,0.000000,0.000000,0.000000,0,0,0,11397.880231,9.502949,125.308359,9189.468923,1649.667233,434.877264,8522.711324,0.000000,0.000000,10607.255821,11397.880231,790.624410,14.473456,3.815422,74.774530,0.000000,6.936592,14.848357,11.383390,3.403507,0.077908,5,0.000000,0,0,0,100.000000,3.868719,100.000000,23.912397,941.544444,8739.978999,-0.000000,499.838204
23100.000000,pure-acoustic,none,hardware,1,0,0,1,priority,0.000500,180,15,hybrid,0.050000,4000.000000,6.087000,52.000000,500.000000,500.000000,2.000000,120.000000,0.000000,161,108,161,0,161,10,43,108,0,0,0,0,0,0,0,0,0.000000,0.000000,0.000000,clear-ocean,30.000000,60.000000,0.151000,1396,4165860,1068.169231,4.624109,65,12,0,53,0,215,53,1,161,0,0,0,0,0,0,0,0,0,0,0,0,0,0,0,10,43,108,10,43,108,10.134802,11.617074,30.083461,0.000000,0.000000,0.000000,0,0,0,11403.280231,9.502949,125.308359,9189.468923,1653.803404,435.911306,8522.941111,0.000000,0.000000,10612.655821,11403.280231,790.624410,14.502874,3.822683,74.741135,0.000000,6.933307,14.848357,11.383390,3.403507,0.077706,5,0.000000,0,0,0,100.000000,3.868719,100.000000,23.912397,939.098874,8826.085716,0.000000,490.729622
23160.000000,pure-acoustic,none,hardware,1,0,0,1,priority,0.000500,180,15,hybrid,0.050000,4000.000000,6.087000,52.000000,500.000000,500.000000,2.000000,120.000000,0.000000,161,108,161,0,161,10,43,108,0,0,0,0,0,0,0,0,0.000000,0.000000,0.000000,clear-ocean,30.000000,60.000000,0.151000,1396,4165860,1068.169231,4.612130,65,12,0,53,0,215,53,1,161,0,0,0,0,0,0,0,0,0,0,0,0,0,0,0,10,43,108,10,43,108,10.134802,11.617074,30.083461,0.000000,0.000000,0.000000,0,0,0,11408.680231,9.502949,125.308359,9189.468923,1657.939574,436.945349,8523.170898,0.000000,0.000000,10618.055821,11408.680231,790.624410,14.532264,3.829938,74.707773,0.000000,6.930025,14.848357,11.383390,3.403507,0.077504,5,0.000000,0,0,0,100.000000,3.868719,100.000000,23.912397,936.665976,8912.192432,0.000000,458.795274
23220.000000,pure-acoustic,none,hardware,1,0,0,1,priority,0.000500,180,15,hybrid,0.050000,4000.000000,6.087000,52.000000,500.000000,500.000000,2.000000,120.000000,0.000000,161,108,161,0,161,10,43,108,0,0,0,0,0,0,0,0,0.000000,0.000000,0.000000,clear-ocean,30.000000,60.000000,0.151000,1396,4165860,1068.169231,4.600212,65,12,0,53,0,215,53,1,161,0,0,0,0,0,0,0,0,0,0,0,0,0,0,0,10,43,108,10,43,108,10.134802,11.617074,30.083461,0.000000,0.000000,0.000000,0,0,0,11414.080231,9.502949,125.308359,9189.468923,1662.075744,437.979391,8523.400685,0.000000,0.000000,10623.455821,11414.080231,790.624410,14.561627,3.837185,74.674442,0.000000,6.926747,14.848357,11.383390,3.403507,0.077304,5,0.000000,0,0,0,100.000000,3.868719,100.000000,23.912397,934.245650,8998.299148,0.000000,407.063144
23280.000000,pure-acoustic,none,hardware,1,0,0,1,priority,0.000500,180,15,hybrid,0.050000,4000.000000,6.087000,52.000000,500.000000,500.000000,2.000000,120.000000,0.000000,161,108,161,0,161,10,43,108,0,0,0,0,0,0,0,0,0.000000,0.000000,0.000000,clear-ocean,30.000000,60.000000,0.151000,1396,4165860,1068.169231,4.588356,65,12,0,53,0,215,53,1,161,0,0,0,0,0,0,0,0,0,0,0,0,0,0,0,10,43,108,10,43,108,10.134802,11.617074,30.083461,0.000000,0.000000,0.000000,0,0,0,11419.480231,9.502949,125.308359,9189.468923,1666.211914,439.013434,8523.630472,0.000000,0.000000,10628.855821,11419.480231,790.624410,14.590961,3.844426,74.641142,0.000000,6.923471,14.848357,11.383390,3.403507,0.077105,5,0.000000,0,0,0,100.000000,3.868719,100.000000,23.912397,931.837801,9084.405864,0.000000,340.438428
23340.000000,pure-acoustic,none,hardware,1,0,0,1,priority,0.000500,180,15,hybrid,0.050000,4000.000000,6.087000,52.000000,500.000000,500.000000,2.000000,120.000000,0.000000,161,108,161,0,161,10,43,108,0,0,0,0,0,0,0,0,0.000000,0.000000,0.000000,clear-ocean,30.000000,60.000000,0.151000,1396,4165860,1068.169231,4.576561,65,12,0,53,0,215,53,1,161,0,0,0,0,0,0,0,0,0,0,0,0,0,0,0,10,43,108,10,43,108,10.134802,11.617074,30.083461,0.000000,0.000000,0.000000,0,0,0,11424.880231,9.502949,125.308359,9189.468923,1670.348085,440.047476,8523.860260,0.000000,0.000000,10634.255821,11424.880231,790.624410,14.620268,3.851659,74.607874,0.000000,6.920199,14.848357,11.383390,3.403507,0.076907,5,0.000000,0,0,0,100.000000,3.868719,100.000000,23.912397,929.442331,9170.512580,0.000000,265.238421
23400.000000,pure-acoustic,none,hardware,1,0,0,1,priority,0.000500,180,15,hybrid,0.050000,4000.000000,6.087000,52.000000,500.000000,500.000000,2.000000,120.000000,0.000000,161,108,161,0,161,10,43,108,0,0,0,0,0,0,0,0,0.000000,0.000000,0.000000,clear-ocean,30.000000,60.000000,0.151000,1396,4165860,1068.169231,4.564826,65,12,0,53,0,215,53,1,161,0,0,0,0,0,0,0,0,0,0,0,0,0,0,0,10,43,108,10,43,108,10.134802,11.617074,30.083461,0.000000,0.000000,0.000000,0,0,0,11430.280231,9.502949,125.308359,9189.468923,1674.484255,441.081519,8524.090047,0.000000,0.000000,10639.655821,11430.280231,790.624410,14.649547,3.858886,74.574637,0.000000,6.916929,14.848357,11.383390,3.403507,0.076709,5,0.000000,0,0,0,100.000000,3.868719,100.000000,23.912397,927.059145,9256.619296,0.000000,188.593520
23450.000000,pure-acoustic,none,hardware,1,0,0,1,priority,0.000500,180,15,hybrid,0.050000,4000.000000,6.087000,52.000000,500.000000,500.000000,2.000000,120.000000,0.000000,161,108,161,0,161,10,43,108,0,0,0,0,0,0,0,0,0.000000,0.000000,0.000000,clear-ocean,30.000000,60.000000,0.151000,1396,4165860,1068.169231,4.555093,65,12,0,53,0,215,53,1,161,0,0,0,0,0,0,0,0,0,0,0,0,0,0,0,10,43,108,10,43,108,10.134802,11.617074,30.083461,0.000000,0.000000,0.000000,0,0,0,11434.780231,9.502949,125.308359,9189.468923,1677.931063,441.943221,8524.281536,0.000000,0.000000,10644.155821,11434.780231,790.624410,14.673925,3.864903,74.546964,0.000000,6.914207,14.848357,11.383390,3.403507,0.076546,5,0.000000,0,0,0,100.000000,3.868719,100.000000,23.912397,925.082473,9328.374893,0.000000,128.874011
