time,protocol,auvCollectionMedium,energyModel,lowPayloadAtGateway,enableHighFallback,enableMediumFallback,matchHybridQueues,ddnBufferPolicy,nodeIdlePowerW,nodes,sinks,sinkPlacement,trafficLoad,trafficStop,auvSpeedKmh,txPowerMarginDb,ddnEomOffset,ddnDepth,highFallbackTimeout,mediumFallbackTimeout,mediumFallbackRhoMax,generated,gatewayOriginated,reachedDdn,collectedByAuv,delivered,directCriticalToSink,directMediumToSink,directLowToSink,bufferDropped,bufferDroppedHigh,bufferDroppedMedium,bufferDroppedLow,opticalTransfers,opticalAttempted,opticalLost,opticalPending,opticalLossPct,opticalMeanPktSuccess,opticalMeanSnrDb,opticalWaterType,opticalRange,opticalPointingCoherenceSeconds,opticalExtCoeff,acousticTransfers,acousticTxBytes,acousticTxAirtimeS,acousticTxAirtimePct,acousticSourceAttempts,acousticRetransmissions,acousticRetryExhausted,acousticAcks,acousticPending,directSourceAttempts,directRetransmissions,directCyclesExhausted,directAcks,directPending,mobileSourceAttempts,mobileRetransmissions,mobileContactFailures,mobileAcks,mobilePending,auvSurfaceSourceAttempts,auvSurfaceRetransmissions,auvSurfaceContactFailures,auvSurfaceAcks,auvSurfacePending,deadlineExpired,deadlineExpiredHigh,deadlineExpiredMedium,deadlineExpiredLow,highGenerated,mediumGenerated,lowGenerated,highDelivered,mediumDelivered,lowDelivered,highAvgDelay,mediumAvgDelay,lowAvgDelay,highMissRatio,mediumMissRatio,lowMissRatio,highDeadlineMiss,mediumDeadlineMiss,lowDeadlineMiss,energyConsumedJ,highEnergyJ,mediumEnergyJ,lowEnergyJ,bsnEnergyJ,drnEnergyJ,ddnEnergyJ,auvEnergyJ,auvOperationalEnergyJ,submergedEnergyJ,incrementalMissionEnergyJ,sinkEnergyJ,bsnEnergyPct,drnEnergyPct,ddnEnergyPct,auvEnergyPct,sinkEnergyPct,highEnergyMjByte,mediumEnergyMjByte,lowEnergyMjByte,meanDdnBuffered,maxDdnBuffered,meanAuvBuffered,maxAuvBuffered,ddnBuffered,auvBuffered,upstreamPdr,avgDelayAcoustic,pdr,avgDelay,throughputBps,auvX,auvY,auvZ
0.000000,contribution,optical,hardware,1,1,1,0,priority,0.000500,180,15,hybrid,0.050000,4000.000000,6.087000,52.000000,500.000000,500.000000,2.000000,120.000000,0.400000,0,0,0,0,0,0,0,0,0,0,0,0,0,0,0,0,0.000000,0.000000,0.000000,clear-ocean,30.000000,60.000000,0.151000,0,0,0.000000,0.000000,0,0,0,0,0,0,0,0,0,0,0,0,0,0,0,0,0,0,0,0,0,0,0,0,0,0,0,0,0,0,0.000000,0.000000,0.000000,0.000000,0.000000,0.000000,0,0,0,226.618358,0.000000,0.000000,0.000000,0.068936,0.017234,0.003830,226.528358,226.528358,0.090000,0.090000,0.000000,0.030419,0.007605,0.001690,99.960286,0.000000,0.000000,0.000000,0.000000,0.000000,0,0.000000,0,0,0,0.000000,0.000000,0.000000,0.000000,0.000000,875.000000,0.000000,0.000000
60.000000,contribution,optical,hardware,1,1,1,0,priority,0.000500,180,15,hybrid,0.050000,4000.000000,6.087000,52.000000,500.000000,500.000000,2.000000,120.000000,0.400000,4,3,4,0,0,0,0,0,0,0,0,0,0,0,0,0,0.000000,0.000000,0.000000,clear-ocean,30.000000,60.000000,0.151000,2,594,0.152308,0.253846,1,0,0,1,0,0,0,0,0,0,0,0,0,0,0,0,0,0,0,0,0,0,0,0,0,1,3,0,0,0,0.000000,0.000000,0.000000,0.000000,100.000000,100.000000,0,0,0,13598.086857,0.000000,0.985385,0.000000,5.038068,1.094966,0.252351,13591.701473,13591.701473,6.385385,6.385385,0.000000,0.037050,0.008052,0.001856,99.953042,0.000000,0.000000,0.000000,0.000000,1.550000,4,0.000000,0,4,0,100.000000,0.456410,0.000000,0.000000,0.000000,961.106716,-0.000000,11.852388
120.000000,contribution,optical,hardware,1,1,1,0,priority,0.000500,180,15,hybrid,0.050000,4000.000000,6.087000,52.000000,500.000000,500.000000,2.000000,120.000000,0.400000,5,4,5,0,0,0,0,0,0,0,0,0,0,0,0,0,0.000000,0.000000,0.000000,clear-ocean,30.000000,60.000000,0.151000,2,594,0.152308,0.126923,1,0,0,1,0,0,0,0,0,0,0,0,0,0,0,0,0,0,0,0,0,0,0,0,0,1,4,0,0,0,0.000000,0.000000,0.000000,0.000000,100.000000,100.000000,0,0,0,27195.188330,0.000000,0.985385,0.000000,9.174238,2.129008,0.482139,27183.402945,27183.402945,11.785385,11.785385,0.000000,0.033735,0.007829,0.001773,99.956664,0.000000,0.000000,0.000000,0.000000,3.125000,5,0.000000,0,5,0,100.000000,0.456410,0.000000,0.000000,0.000000,1047.213432,-0.000000,46.285720
180.000000,contribution,optical,hardware,1,1,1,0,priority,0.000500,180,15,hybrid,0.050000,4000.000000,6.087000,52.000000,500.000000,500.000000,2.000000,120.000000,0.400000,5,4,5,0,1,0,1,0,0,0,0,0,0,0,0,0,0.000000,0.000000,0.000000,clear-ocean,30.000000,60.000000,0.151000,3,891,0.228462,0.126923,1,0,0,1,0,1,0,0,1,0,0,0,0,0,0,0,0,0,0,0,0,0,0,0,0,1,4,0,1,0,0.000000,121.094589,0.000000,0.000000,0.000000,100.000000,0,0,0,40792.996059,0.000000,1.691641,0.000000,13.310408,3.163051,1.324439,40775.104418,40775.104418,17.797897,17.891641,0.093744,0.032629,0.007754,0.003247,99.956140,0.000230,0.000000,6.607973,0.000000,3.616667,5,0.000000,0,4,0,100.000000,0.456410,20.000000,121.094589,11.377778,1133.320148,-0.000000,100.035057
240.000000,contribution,optical,hardware,1,1,1,0,priority,0.000500,180,15,hybrid,0.050000,4000.000000,6.087000,52.000000,500.000000,500.000000,2.000000,120.000000,0.400000,5,4,5,0,1,0,1,0,0,0,0,0,0,0,0,0,0.000000,0.000000,0.000000,clear-ocean,30.000000,60.000000,0.151000,3,891,0.228462,0.095192,1,0,0,1,0,1,0,0,1,0,0,0,0,0,0,0,0,0,0,0,0,0,0,0,0,1,4,0,1,0,0.000000,121.094589,0.000000,0.000000,0.000000,100.000000,0,0,0,54390.097531,0.000000,1.691641,0.000000,17.446578,4.197093,1.554226,54366.805890,54366.805890,23.197897,23.291641,0.093744,0.032077,0.007717,0.002858,99.957177,0.000172,0.000000,6.607973,0.000000,3.712500,5,0.000000,0,4,0,100.000000,0.456410,20.000000,121.094589,8.533333,1219.426865,-0.000000,168.003936
300.000000,contribution,optical,hardware,1,1,1,0,priority,0.000500,180,15,hybrid,0.050000,4000.000000,6.087000,52.000000,500.000000,500.000000,2.000000,120.000000,0.400000,6,5,6,0,1,0,1,0,0,0,0,0,0,0,0,0,0.000000,0.000000,0.000000,clear-ocean,30.000000,60.000000,0.151000,3,891,0.228462,0.076154,1,0,0,1,0,1,0,0,1,0,0,0,0,0,0,0,0,0,0,0,0,0,0,0,0,1,5,0,1,0,0.000000,121.094589,0.000000,0.000000,0.000000,100.000000,0,0,0,67987.199004,0.000000,1.691641,0.000000,21.582748,5.231136,1.784013,67958.507363,67958.507363,28.597897,28.691641,0.093744,0.031745,0.007694,0.002624,99.957798,0.000138,0.000000,6.607973,0.000000,3.773333,5,0.000000,0,5,0,100.000000,0.456410,16.666667,121.094589,6.826667,1305.533581,-0.000000,243.747609
360.000000,contribution,optical,hardware,1,1,1,0,priority,0.000500,180,15,hybrid,0.050000,4000.000000,6.087000,52.000000,500.000000,500.000000,2.000000,120.000000,0.400000,7,5,7,0,1,0,1,0,0,0,0,0,0,0,0,0,0.000000,0.000000,0.000000,clear-ocean,30.000000,60.000000,0.151000,7,2079,0.533077,0.148077,2,0,0,2,0,1,0,0,1,0,0,0,0,0,0,0,0,0,0,0,0,0,0,0,0,2,5,0,1,0,0.000000,121.094589,0.000000,0.000000,50.000000,100.000000,0,0,0,81586.487066,0.000000,3.878231,0.000000,27.100585,6.996255,2.087646,81550.208835,81550.208835,36.184487,36.278231,0.093744,0.033217,0.008575,0.002559,99.955534,0.000115,0.000000,15.149339,0.000000,4.069444,6,0.000000,0,6,0,100.000000,0.777949,14.285714,121.094589,5.688889,1391.640297,-0.000000,320.084127
420.000000,contribution,optical,hardware,1,1,1,0,priority,0.000500,180,15,hybrid,0.050000,4000.000000,6.087000,52.000000,500.000000,500.000000,2.000000,120.000000,0.400000,9,7,9,0,1,0,1,0,0,0,0,0,0,0,0,0,0.000000,0.000000,0.000000,clear-ocean,30.000000,60.000000,0.151000,7,2079,0.533077,0.126923,2,0,0,2,0,1,0,0,1,0,0,0,0,0,0,0,0,0,0,0,0,0,0,0,0,2,7,0,1,0,0.000000,121.094589,0.000000,0.000000,50.000000,100.000000,0,0,0,95183.588538,0.000000,3.878231,0.000000,31.236756,8.030298,2.317434,95141.910308,95141.910308,41.584487,41.678231,0.093744,0.032817,0.008437,0.002435,99.956213,0.000098,0.000000,15.149339,0.000000,4.383333,8,0.000000,0,8,0,100.000000,0.777949,11.111111,121.094589,4.876190,1477.747013,-0.000000,389.775332
480.000000,contribution,optical,hardware,1,1,1,0,priority,0.000500,180,15,hybrid,0.050000,4000.000000,6.087000,52.000000,500.000000,500.000000,2.000000,120.000000,0.400000,15,12,15,0,2,0,2,0,0,0,0,0,0,0,0,0,0.000000,0.000000,0.000000,clear-ocean,30.000000,60.000000,0.151000,12,3564,0.913846,0.190385,3,0,0,3,0,2,0,0,2,0,0,0,0,0,0,0,0,0,0,0,0,0,0,0,0,3,12,0,2,0,0.000000,121.134220,0.000000,0.000000,33.333333,100.000000,0,0,0,108783.773242,0.000000,6.961462,0.000000,36.274823,10.465571,3.233580,108733.611780,108733.611780,49.973974,50.161462,0.187487,0.033346,0.009621,0.002972,99.953889,0.000172,0.000000,13.596605,0.000000,5.125000,13,0.000000,0,13,0,100.000000,0.947350,13.333333,121.134220,8.533333,1563.853729,-0.000000,446.213164
540.000000,contribution,optical,hardware,1,1,1,0,priority,0.000500,180,15,hybrid,0.050000,4000.000000,6.087000,52.000000,500.000000,500.000000,2.000000,120.000000,0.400000,16,13,16,0,2,0,2,0,0,0,0,0,0,0,0,0,0.000000,0.000000,0.000000,clear-ocean,30.000000,60.000000,0.151000,12,3564,0.913846,0.169231,3,0,0,3,0,2,0,0,2,0,0,0,0,0,0,0,0,0,0,0,0,0,0,0,0,3,13,0,2,0,0.000000,121.134220,0.000000,0.000000,33.333333,100.000000,0,0,0,122380.874714,0.000000,6.961462,0.000000,40.410993,11.499614,3.463367,122325.313253,122325.313253,55.373974,55.561462,0.187487,0.033021,0.009397,0.002830,99.954600,0.000153,0.000000,13.596605,0.000000,6.027778,14,0.000000,0,14,0,100.000000,0.947350,12.500000,121.134220,7.585185,1649.960445,-0.000000,484.046240
600.000000,contribution,optical,hardware,1,1,1,0,priority,0.000500,180,15,hybrid,0.050000,4000.000000,6.087000,52.000000,500.000000,500.000000,2.000000,120.000000,0.400000,22,18,22,12,5,0,3,0,0,0,0,0,12,12,0,0,0.000000,1.000000,42.569875,clear-ocean,30.000000,60.000000,0.151000,26,34770,8.915385,1.485897,4,0,0,4,0,3,0,0,3,0,0,0,0,0,0,3,0,0,2,1,0,0,0,0,0,4,18,0,4,1,0.000000,103.116749,174.564485,0.000000,0.000000,94.444444,0,0,0,136068.944462,0.000000,10.349634,87.580103,46.408600,12.594579,17.550776,135986.795635,135917.014725,76.553955,151.929736,5.594872,0.034107,0.009256,0.012898,99.939627,0.004112,0.000000,10.107064,3.503204,6.830000,19,0.171667,12,7,9,100.000000,0.938718,22.727273,117.406296,346.986667,1736.067161,-0.000000,499.687261
660.000000,contribution,optical,hardware,1,1,1,0,priority,0.000500,180,15,hybrid,0.050000,4000.000000,6.087000,52.000000,500.000000,500.000000,2.000000,120.000000,0.400000,26,21,26,15,9,0,3,0,0,0,0,0,15,15,0,0,0.000000,1.000000,44.138944,clear-ocean,30.000000,60.000000,0.151000,69,182949,46.910000,7.107576,5,0,0,5,0,3,0,0,3,0,0,0,0,0,0,8,1,0,6,1,0,0,0,0,0,5,21,0,4,5,0.000000,103.116749,170.480435,0.000000,20.000000,76.190476,0,0,0,150003.560542,0.000000,11.556139,423.888205,50.966898,14.359699,20.225671,149882.856889,149508.716198,85.552268,494.844345,35.151385,0.033977,0.009573,0.013483,99.919533,0.023434,0.000000,11.285292,3.391106,6.869697,19,1.001515,12,8,8,100.000000,0.879590,34.615385,140.541019,1527.563636,1822.173878,0.000000,491.653159
720.000000,contribution,optical,hardware,1,1,1,0,priority,0.000500,180,15,hybrid,0.050000,4000.000000,6.087000,52.000000,500.000000,500.000000,2.000000,120.000000,0.400000,29,23,29,15,15,1,3,0,0,0,0,0,15,15,0,0,0.000000,1.000000,44.138944,clear-ocean,30.000000,60.000000,0.151000,115,335091,85.920769,11.933440,6,0,0,6,0,4,0,0,4,0,0,0,0,0,0,14,2,0,11,1,0,0,0,0,1,5,23,1,4,10,4.473298,103.116749,151.570674,0.000000,20.000000,56.521739,0,0,0,163943.334605,0.993615,11.556139,765.567179,55.254427,15.889126,20.747972,163785.799388,163100.417670,91.891525,842.916934,65.643692,0.033703,0.009692,0.012656,99.903909,0.040040,15.525240,11.285292,3.062269,7.113889,19,1.418056,12,10,3,100.000000,0.860085,51.724138,128.843135,2789.866667,1908.280594,0.000000,460.705721
780.000000,contribution,optical,hardware,1,1,1,0,priority,0.000500,180,15,hybrid,0.050000,4000.000000,6.087000,52.000000,500.000000,500.000000,2.000000,120.000000,0.400000,34,27,34,15,19,1,3,0,0,0,0,0,15,15,0,0,0.000000,1.000000,44.138944,clear-ocean,30.000000,60.000000,0.151000,149,438021,112.313077,14.399112,7,0,0,7,0,4,0,0,4,0,0,0,0,0,0,19,4,0,15,0,0,0,0,0,1,6,27,1,5,13,4.473298,111.870348,153.505231,0.000000,16.666667,51.851852,0,0,0,177771.299769,0.993615,14.928755,993.058256,61.252033,17.654245,21.051605,177585.606296,176692.119143,99.957884,1079.180627,85.735590,0.034456,0.009931,0.011842,99.895544,0.048228,15.525240,11.663090,3.055564,7.564103,19,1.489744,12,15,0,100.000000,0.926886,55.882353,134.704897,3347.117949,1994.387310,0.000000,409.779355
840.000000,contribution,optical,hardware,1,1,1,0,priority,0.000500,180,15,hybrid,0.050000,4000.000000,6.087000,52.000000,500.000000,500.000000,2.000000,120.000000,0.400000,37,27,37,15,19,1,3,0,0,0,0,0,15,15,0,0,0.000000,1.000000,44.138944,clear-ocean,30.000000,60.000000,0.151000,158,440694,112.998462,13.452198,10,0,0,10,0,4,0,0,4,0,0,0,0,0,0,19,4,0,15,0,0,0,0,0,1,9,27,1,5,13,4.473298,111.870348,153.505231,0.000000,44.444444,51.851852,0,0,0,191373.208242,0.993615,19.735755,993.058256,68.573665,20.211365,21.379854,191177.307768,190283.820615,110.164884,1089.387627,85.735590,0.035832,0.010561,0.011172,99.897634,0.044800,15.525240,15.418558,3.055564,8.214286,19,1.383333,12,18,0,100.000000,0.891538,51.351351,134.704897,3108.038095,2080.494026,0.000000,343.702853
900.000000,contribution,optical,hardware,1,1,1,0,priority,0.000500,180,15,hybrid,0.050000,4000.000000,6.087000,52.000000,500.000000,500.000000,2.000000,120.000000,0.400000,43,31,43,15,20,1,4,0,0,0,0,0,15,15,0,0,0.000000,1.000000,44.138944,clear-ocean,30.000000,60.000000,0.151000,164,442476,113.455385,12.606154,12,0,0,12,0,5,0,0,5,0,0,0,0,0,0,19,4,0,15,0,0,0,0,0,1,11,31,1,6,13,4.473298,113.407619,153.505231,0.000000,45.454545,58.064516,0,0,0,204973.466509,0.993615,22.892550,993.058256,74.993399,21.367254,22.267282,204769.009241,203875.522088,118.627935,1097.944422,85.829333,0.036587,0.010424,0.010863,99.900252,0.041873,15.525240,14.904004,3.055564,8.988889,23,1.291111,12,23,0,100.000000,0.838034,46.511628,134.024351,2903.111111,2166.600742,0.000000,268.741531
960.000000,contribution,optical,hardware,1,1,1,0,priority,0.000500,180,15,hybrid,0.050000,4000.000000,6.087000,52.000000,500.000000,500.000000,2.000000,120.000000,0.400000,46,33,46,15,22,2,5,0,0,0,0,0,15,15,0,0,0.000000,1.000000,44.138944,clear-ocean,30.000000,60.000000,0.151000,169,443193,113.639231,11.837420,13,0,0,13,0,7,0,0,7,0,0,0,0,0,0,19,4,0,15,0,0,0,0,0,2,11,33,2,7,13,3.524461,118.736751,153.505231,0.000000,36.363636,60.606061,0,0,0,218572.159520,1.878897,23.598806,993.058256,79.450544,22.659758,23.361069,218360.710713,217467.223560,125.471371,1104.935960,85.977436,0.036350,0.010367,0.010688,99.903259,0.039336,14.678886,13.168977,3.055564,9.929167,26,1.210417,12,24,0,100.000000,0.817870,47.826087,128.807917,2724.333333,2252.707458,0.000000,192.003154
1020.000000,contribution,optical,hardware,1,1,1,0,priority,0.000500,180,15,hybrid,0.050000,4000.000000,6.087000,52.000000,500.000000,500.000000,2.000000,120.000000,0.400000,50,36,50,15,24,3,6,0,0,0,0,0,15,15,0,0,0.000000,1.000000,44.138944,clear-ocean,30.000000,60.000000,0.151000,174,443910,113.823077,11.159125,14,0,0,14,0,9,0,0,9,0,0,0,0,0,0,19,4,0,15,0,0,0,0,0,3,11,36,3,8,13,3.215976,128.772797,153.505231,0.000000,27.272727,63.888889,0,0,0,232170.960865,2.872513,24.305063,993.058256,83.738073,24.189185,24.495882,231952.412186,231058.925033,132.423140,1112.035832,86.125538,0.036067,0.010419,0.010551,99.905867,0.037096,14.961004,11.867706,3.055564,10.850980,27,1.139216,12,26,0,100.000000,0.813919,48.000000,126.474929,2566.588235,2338.814174,0.000000,120.763985
1080.000000,contribution,optical,hardware,1,1,1,0,priority,0.000500,180,15,hybrid,0.050000,4000.000000,6.087000,52.000000,500.000000,500.000000,2.000000,120.000000,0.400000,53,36,53,15,26,4,7,0,0,0,0,0,15,15,0,0,0.000000,1.000000,44.138944,clear-ocean,30.000000,60.000000,0.151000,188,446148,114.396923,10.592308,17,0,0,17,0,11,0,0,11,0,0,0,0,0,0,19,4,0,15,0,0,0,0,0,5,12,36,4,9,13,3.148273,142.359792,153.505231,20.000000,25.000000,63.888889,0,0,0,245772.821542,5.028256,26.908524,993.058256,89.277551,27.378304,25.778387,245544.113658,244650.626505,142.434243,1122.195037,86.273641,0.036325,0.011140,0.010489,99.906943,0.035103,19.641627,11.679047,3.055564,11.700926,27,1.075926,12,27,0,100.000000,0.834148,49.056604,126.515355,2426.370370,2424.920891,0.000000,61.778860
1140.000000,contribution,optical,hardware,1,1,1,0,priority,0.000500,180,15,hybrid,0.050000,4000.000000,6.087000,52.000000,500.000000,500.000000,2.000000,120.000000,0.400000,58,39,58,15,28,5,8,0,0,0,0,0,15,15,0,0,0.000000,1.000000,44.138944,clear-ocean,30.000000,60.000000,0.151000,196,448332,114.956923,10.083941,19,0,0,19,0,13,0,0,13,0,0,0,0,0,0,19,4,0,15,0,0,0,0,0,5,14,39,5,10,13,3.019196,153.133540,153.505231,0.000000,28.571429,66.666667,0,0,0,259374.043502,5.301282,30.755986,993.058256,95.697285,29.204347,26.904995,259135.815131,258242.327978,151.806627,1131.715524,86.421744,0.036895,0.011260,0.010373,99.908153,0.033319,16.566506,12.014057,3.055564,12.618421,31,1.019298,12,30,0,100.000000,0.828232,48.275862,126.499978,2300.912281,2511.027607,0.000000,20.640695
1200.000000,contribution,optical,hardware,1,1,1,0,priority,0.000500,180,15,hybrid,0.050000,4000.000000,6.087000,52.000000,500.000000,500.000000,2.000000,120.000000,0.400000,61,41,61,15,28,5,8,0,0,0,0,0,15,15,0,0,0.000000,1.000000,44.138944,clear-ocean,30.000000,60.000000,0.151000,198,448926,115.109231,9.592436,20,0,0,20,0,13,0,0,13,0,0,0,0,0,0,19,4,0,15,0,0,0,0,0,5,15,41,5,10,13,3.019196,153.133540,153.505231,0.000000,33.333333,68.292683,0,0,0,272972.130359,5.301282,31.741370,993.058256,100.735353,30.299313,27.157346,272727.516604,271834.029450,158.192012,1138.100909,86.421744,0.036903,0.011100,0.009949,99.910389,0.031660,16.566506,12.398973,3.055564,13.512500,32,0.968333,12,33,0,100.000000,0.809641,45.901639,126.499978,2185.866667,2597.134323,0.000000,1.250174
1260.000000,contribution,optical,hardware,1,1,1,0,priority,0.000500,180,15,hybrid,0.050000,4000.000000,6.087000,52.000000,500.000000,500.000000,2.000000,120.000000,0.400000,65,43,65,15,30,6,9,0,0,0,0,0,15,15,0,0,0.000000,1.000000,44.138944,clear-ocean,30.000000,60.000000,0.151000,204,450132,115.418462,9.160195,22,0,0,22,0,15,0,0,15,0,0,0,0,0,0,19,4,0,15,0,0,0,0,0,6,16,43,6,11,13,2.937616,152.174359,153.505231,0.000000,31.250000,69.767442,0,0,0,286571.762216,5.939385,33.633652,993.058256,105.614626,32.085971,28.273698,286319.218076,285425.730923,165.974294,1146.031293,86.569846,0.036855,0.011196,0.009866,99.911874,0.030209,15.467147,11.943769,3.055564,14.478571,35,0.922222,12,35,0,100.000000,0.777063,46.153846,122.903721,2083.809524,2683.241039,-0.000000,5.445889
1320.000000,contribution,optical,hardware,1,1,1,0,priority,0.000500,180,15,hybrid,0.050000,4000.000000,6.087000,52.000000,500.000000,500.000000,2.000000,120.000000,0.400000,68,46,68,15,31,6,10,0,0,0,0,0,15,15,0,0,0.000000,1.000000,44.138944,clear-ocean,30.000000,60.000000,0.151000,205,450429,115.494615,8.749592,22,0,0,22,0,16,0,0,16,0,0,0,0,0,0,19,4,0,15,0,0,0,0,0,6,16,46,6,12,13,2.937616,171.493831,153.505231,0.000000,25.000000,71.739130,0,0,0,300169.569945,5.939385,34.339909,993.058256,109.750796,33.120013,29.115998,299910.919549,299017.432395,171.986807,1152.137550,86.663590,0.036563,0.011034,0.009700,99.913832,0.028872,15.467147,11.178356,3.055564,15.457576,37,0.880303,12,37,0,100.000000,0.777063,45.588235,131.326441,1990.642424,2769.347755,-0.000000,32.830006
1380.000000,contribution,optical,hardware,1,1,1,0,priority,0.000500,180,15,hybrid,0.050000,4000.000000,6.087000,52.000000,500.000000,500.000000,2.000000,120.000000,0.400000,74,48,74,15,33,7,11,0,0,0,0,0,15,15,0,0,0.000000,1.000000,44.138944,clear-ocean,30.000000,60.000000,0.151000,222,454710,116.592308,8.448718,26,0,0,26,0,18,0,0,18,0,0,0,0,0,0,19,4,0,15,0,0,0,0,0,7,19,48,7,13,13,2.967244,176.856178,153.505231,0.000000,31.578947,72.916667,0,0,0,313775.121443,6.933000,41.796319,993.058256,117.703556,37.512825,30.472349,313502.621021,312609.133868,185.688730,1165.987575,86.811692,0.037512,0.011955,0.009712,99.913154,0.027667,15.475446,12.558990,3.055564,16.452174,40,0.842029,12,41,0,100.000000,0.820888,44.594595,130.771789,1905.947826,2855.454471,-0.000000,80.805987
1440.000000,contribution,optical,hardware,1,1,1,0,priority,0.000500,180,15,hybrid,0.050000,4000.000000,6.087000,52.000000,500.000000,500.000000,2.000000,120.000000,0.400000,77,49,77,15,36,9,12,0,0,0,0,0,15,15,0,0,0.000000,1.000000,44.138944,clear-ocean,30.000000,60.000000,0.151000,232,455952,116.910769,8.118803,28,0,0,28,0,21,0,0,21,0,0,0,0,0,0,19,4,0,15,0,0,0,0,0,9,19,49,9,14,13,3.017384,185.908951,153.505231,0.000000,26.315789,73.469388,0,0,0,327374.802044,8.805872,42.502575,993.058256,122.820906,38.826867,31.817623,327094.322494,326200.835340,193.465397,1173.966704,87.014154,0.037517,0.011860,0.009719,99.914325,0.026579,15.287972,11.858978,3.055564,17.478472,42,0.806944,12,41,0,100.000000,0.801355,46.753247,128.484716,1828.666667,2941.561187,-0.000000,144.824794
1500.000000,contribution,optical,hardware,1,1,1,0,priority,0.000500,180,15,hybrid,0.050000,4000.000000,6.087000,52.000000,500.000000,500.000000,2.000000,120.000000,0.400000,81,52,81,15,38,10,13,0,0,0,0,0,15,15,0,0,0.000000,1.000000,44.138944,clear-ocean,30.000000,60.000000,0.151000,235,456459,117.040769,7.802718,29,0,0,29,0,23,0,0,23,0,0,0,0,0,0,19,4,0,15,0,0,0,0,0,10,19,52,10,15,13,3.041448,193.228991,153.505231,0.000000,21.052632,75.000000,0,0,0,340973.078260,9.274359,43.208832,993.058256,127.108435,39.882448,32.901154,340686.023966,339792.536813,199.892038,1180.541447,87.162256,0.037278,0.011697,0.009649,99.915813,0.025563,14.491186,11.252300,3.055564,18.476667,43,0.774667,12,43,0,100.000000,0.778196,46.913580,129.589930,1757.226667,3027.667904,-0.000000,218.816219
1560.000000,contribution,optical,hardware,1,1,1,0,priority,0.000500,180,15,hybrid,0.050000,4000.000000,6.087000,52.000000,500.000000,500.000000,2.000000,120.000000,0.400000,84,54,84,15,39,10,14,0,0,0,0,0,15,15,0,0,0.000000,1.000000,44.138944,clear-ocean,30.000000,60.000000,0.151000,240,457944,117.421538,7.527022,30,0,0,30,0,24,0,0,24,0,0,0,0,0,0,19,4,0,15,0,0,0,0,0,10,20,54,10,16,13,3.041448,199.217356,153.505231,0.000000,20.000000,75.925926,0,0,0,354572.841168,9.274359,45.870268,993.058256,133.106041,40.977414,33.776275,354277.725439,353384.238285,207.859730,1188.602883,87.256000,0.037540,0.011557,0.009526,99.916769,0.024609,14.491186,11.198796,3.055564,19.455128,45,0.744872,12,45,0,100.000000,0.782684,46.428571,133.678466,1690.953846,3113.774620,-0.000000,295.764462
1620.000000,contribution,optical,hardware,1,1,1,0,priority,0.000500,180,15,hybrid,0.050000,4000.000000,6.087000,52.000000,500.000000,500.000000,2.000000,120.000000,0.400000,86,56,86,15,40,10,15,0,0,0,0,0,15,15,0,0,0.000000,1.000000,44.138944,clear-ocean,30.000000,60.000000,0.151000,241,458241,117.497692,7.252944,30,0,0,30,0,25,0,0,25,0,0,0,0,0,0,19,4,0,15,0,0,0,0,0,10,20,56,10,17,13,3.041448,203.729864,153.505231,0.000000,15.000000,76.785714,0,0,0,368170.648897,9.274359,46.576524,993.058256,137.242211,42.011457,34.618575,367869.426911,366975.939758,213.872243,1194.709139,87.349744,0.037277,0.011411,0.009403,99.918184,0.023725,14.491186,10.702326,3.055564,20.416049,47,0.717284,12,46,0,100.000000,0.782684,46.511628,137.234754,1629.590123,3199.881336,-0.000000,368.373360
1680.000000,contribution,optical,hardware,1,1,1,0,priority,0.000500,180,15,hybrid,0.050000,4000.000000,6.087000,52.000000,500.000000,500.000000,2.000000,120.000000,0.400000,87,56,87,15,42,11,16,0,0,0,0,0,15,15,0,0,0.000000,1.000000,44.138944,clear-ocean,30.000000,60.000000,0.151000,247,459063,117.708462,7.006456,31,0,0,31,0,27,0,0,27,0,0,0,0,0,0,19,4,0,15,0,0,0,0,0,11,20,56,11,18,13,3.047200,209.320166,153.505231,0.000000,10.000000,76.785714,0,0,0,381769.552549,10.370282,47.282781,993.058256,141.868971,43.303961,35.753388,381461.128384,380567.641230,220.926320,1201.911319,87.497846,0.037161,0.011343,0.009365,99.919212,0.022919,14.730514,10.261020,3.055564,21.329167,47,0.691667,12,45,0,100.000000,0.780199,48.275862,138.020243,1572.914286,3285.988052,-0.000000,429.758202
1740.000000,contribution,optical,hardware,1,1,1,0,priority,0.000500,180,15,hybrid,0.050000,4000.000000,6.087000,52.000000,500.000000,500.000000,2.000000,120.000000,0.400000,89,57,89,15,42,11,16,0,0,0,0,0,15,15,0,0,0.000000,1.000000,44.138944,clear-ocean,30.000000,60.000000,0.151000,250,459954,117.936923,6.777984,32,0,0,32,0,27,0,0,27,0,0,0,0,0,0,19,4,0,15,0,0,0,0,0,11,21,57,11,18,13,3.047200,209.320166,153.505231,0.000000,14.285714,77.192982,0,0,0,395368.551227,10.370282,49.179986,993.058256,146.427270,45.739234,36.057021,395052.829856,394159.342703,228.223525,1209.208524,87.497846,0.037036,0.011569,0.009120,99.920145,0.022131,14.730514,10.672740,3.055564,22.162069,47,0.667816,12,47,0,100.000000,0.788878,47.191011,138.020243,1518.675862,3372.094768,-0.000000,474.098532
1800.000000,contribution,optical,hardware,1,1,1,0,priority,0.000500,180,15,hybrid,0.050000,4000.000000,6.087000,52.000000,500.000000,500.000000,2.000000,120.000000,0.400000,91,58,91,15,43,11,17,0,0,0,0,0,15,15,0,0,0.000000,1.000000,44.138944,clear-ocean,30.000000,60.000000,0.151000,255,461439,118.317692,6.573205,33,0,0,33,0,28,0,0,28,0,0,0,0,0,0,19,4,0,15,0,0,0,0,0,11,22,58,11,19,13,3.047200,217.497119,153.505231,0.000000,13.636364,77.586207,0,0,0,408968.735930,10.370282,52.263216,993.058256,151.465337,48.174507,36.973167,408644.531329,407751.044175,236.613012,1217.691755,87.591590,0.037036,0.011780,0.009041,99.920726,0.021418,14.730514,10.744905,3.055564,22.986667,48,0.645556,12,48,0,100.000000,0.803947,47.252747,143.291453,1469.191111,3458.201484,-0.000000,497.190040
1860.000000,contribution,optical,hardware,1,1,1,0,priority,0.000500,180,15,hybrid,0.050000,4000.000000,6.087000,52.000000,500.000000,500.000000,2.000000,120.000000,0.400000,94,59,94,27,47,11,18,0,0,0,0,0,27,27,0,0,0.000000,1.000000,43.843284,clear-ocean,30.000000,60.000000,0.151000,297,589785,151.226923,8.130480,35,0,0,35,0,29,0,0,29,0,0,0,0,0,0,24,5,0,18,1,0,0,0,0,11,24,59,11,20,16,3.047200,219.342952,327.941884,0.000000,16.666667,72.881356,0,0,0,422876.429916,10.370282,57.053268,1298.860718,157.405302,51.340858,52.363160,422504.242647,421342.745648,261.109320,1533.684268,111.077949,0.037223,0.012141,0.012383,99.911987,0.026267,14.730514,11.143216,3.247152,23.498925,48,0.878495,12,38,8,100.000000,0.819648,50.000000,205.690391,1745.479570,3544.308200,0.000000,496.843209
1920.000000,contribution,optical,hardware,1,1,1,0,priority,0.000500,180,15,hybrid,0.050000,4000.000000,6.087000,52.000000,500.000000,500.000000,2.000000,120.000000,0.400000,95,60,95,27,56,11,19,0,0,0,0,0,27,27,0,0,0.000000,1.000000,43.843284,clear-ocean,30.000000,60.000000,0.151000,350,775830,198.930769,10.360978,35,0,0,35,0,30,0,0,30,0,0,0,0,0,0,32,5,0,26,1,0,0,0,0,11,24,60,11,21,24,3.047200,215.853766,546.499191,0.000000,12.500000,60.000000,0,0,0,436893.650157,10.370282,57.759524,1718.273231,161.541472,52.374900,53.205460,436476.991915,434934.447120,267.121832,1959.203037,149.536410,0.036975,0.011988,0.012178,99.904632,0.034227,14.730514,10.743959,2.863789,23.942708,48,0.980208,12,38,0,100.000000,0.819648,58.947368,315.757659,2525.333333,3630.414917,0.000000,473.090927
1980.000000,contribution,optical,hardware,1,1,1,0,priority,0.000500,180,15,hybrid,0.050000,4000.000000,6.087000,52.000000,500.000000,500.000000,2.000000,120.000000,0.400000,100,65,100,27,58,11,20,0,0,0,0,0,27,27,0,0,0.000000,1.000000,43.843284,clear-ocean,30.000000,60.000000,0.151000,356,793140,203.369231,10.271173,35,0,0,35,0,31,0,0,31,0,0,0,0,0,0,32,5,0,27,0,0,0,0,0,11,24,65,11,22,25,3.047200,213.499939,561.022268,0.000000,8.333333,61.538462,0,0,0,450531.579527,10.370282,58.465781,1758.394872,165.677643,53.408943,54.047760,450103.595131,448526.148593,273.134345,2005.430934,154.850051,0.036774,0.011855,0.011996,99.905005,0.034371,14.730514,10.380998,2.813432,24.442424,48,0.950505,12,42,0,100.000000,0.819648,58.000000,323.380596,2550.852525,3716.521633,0.000000,428.185362
2040.000000,contribution,optical,hardware,1,1,1,0,priority,0.000500,180,15,hybrid,0.050000,4000.000000,6.087000,52.000000,500.000000,500.000000,2.000000,120.000000,0.400000,103,67,103,27,59,11,21,0,0,0,0,0,27,27,0,0,0.000000,1.000000,43.843284,clear-ocean,30.000000,60.000000,0.151000,360,794328,203.673846,9.984012,36,0,0,36,0,32,0,0,32,0,0,0,0,0,0,32,5,0,27,0,0,0,0,0,11,25,67,11,23,25,3.047200,212.769736,561.022268,0.000000,8.000000,62.686567,0,0,0,464130.852410,10.370282,60.637191,1758.394872,171.195480,54.503908,54.912624,463695.296603,462117.850065,280.612012,2013.002345,154.943795,0.036885,0.011743,0.011831,99.906157,0.033384,14.730514,10.298436,2.813432,24.992647,48,0.922549,12,44,0,100.000000,0.815897,57.281553,321.233557,2476.831373,3802.628349,0.000000,366.384420
2100.000000,contribution,optical,hardware,1,1,1,0,priority,0.000500,180,15,hybrid,0.050000,4000.000000,6.087000,52.000000,500.000000,500.000000,2.000000,120.000000,0.400000,106,68,106,27,60,11,22,0,0,0,0,0,27,27,0,0,0.000000,1.000000,43.843284,clear-ocean,30.000000,60.000000,0.151000,366,796110,204.130769,9.720513,38,0,0,38,0,33,0,0,33,0,0,0,0,0,0,32,5,0,27,0,0,0,0,0,11,27,68,11,24,25,3.047200,213.740827,561.022268,0.000000,11.111111,63.235294,0,0,0,477731.511960,10.370282,64.195268,1758.394872,176.655675,57.000105,55.820565,477286.998076,475709.551538,289.476345,2021.960422,155.037538,0.036978,0.011931,0.011685,99.906953,0.032453,14.730514,10.448449,2.813432,25.562381,48,0.896190,12,46,0,100.000000,0.812807,56.603774,319.814263,2407.040000,3888.735065,0.000000,293.548012
2160.000000,contribution,optical,hardware,1,1,1,0,priority,0.000500,180,15,hybrid,0.050000,4000.000000,6.087000,52.000000,500.000000,500.000000,2.000000,120.000000,0.400000,109,69,109,27,61,11,23,0,0,0,0,0,27,27,0,0,0.000000,1.000000,43.843284,clear-ocean,30.000000,60.000000,0.151000,374,798486,204.740000,9.478704,40,0,0,40,0,34,0,0,34,0,0,0,0,0,0,32,5,0,27,0,0,0,0,0,11,29,69,11,25,25,3.047200,210.030203,561.022268,0.000000,13.793103,63.768116,0,0,0,491333.403483,10.370282,68.985319,1758.394872,182.595640,60.166455,56.810557,490878.699548,489301.253011,299.572653,2032.150473,155.131282,0.037163,0.012246,0.011563,99.907455,0.031574,14.730514,10.778956,2.813432,26.156944,49,0.871296,12,48,0,100.000000,0.826103,55.963303,316.554606,2341.125926,3974.841781,0.000000,216.582421
2220.000000,contribution,optical,hardware,1,1,1,0,priority,0.000500,180,15,hybrid,0.050000,4000.000000,6.087000,52.000000,500.000000,500.000000,2.000000,120.000000,0.400000,111,71,111,27,62,11,24,0,0,0,0,0,27,27,0,0,0.000000,1.000000,43.843284,clear-ocean,30.000000,60.000000,0.151000,375,798783,204.816154,9.225953,40,0,0,40,0,35,0,0,35,0,0,0,0,0,0,32,5,0,27,0,0,0,0,0,11,29,71,11,26,25,3.047200,207.485208,561.022268,0.000000,10.344828,64.788732,0,0,0,504931.211212,10.370282,69.691575,1758.394872,186.731811,61.200498,57.652858,504470.401021,502892.954483,305.585166,2038.256729,155.225026,0.036982,0.012121,0.011418,99.908738,0.030742,14.730514,10.470489,2.813432,26.770270,50,0.847748,12,49,0,100.000000,0.826103,55.855856,313.769215,2278.774775,4060.948497,0.000000,142.785454
2280.000000,contribution,optical,hardware,1,1,1,0,priority,0.000500,180,15,hybrid,0.050000,4000.000000,6.087000,52.000000,500.000000,500.000000,2.000000,120.000000,0.400000,114,73,114,27,63,11,25,0,0,0,0,0,27,27,0,0,0.000000,1.000000,43.843284,clear-ocean,30.000000,60.000000,0.151000,381,800565,205.273077,9.003205,41,0,0,41,0,36,0,0,36,0,0,0,0,0,0,32,5,0,27,0,0,0,0,0,11,30,73,11,27,25,3.047200,206.651825,561.022268,0.000000,10.000000,65.753425,0,0,0,518531.685300,10.370282,73.064191,1758.394872,192.729417,62.965617,58.569004,518062.102493,516484.655956,314.264038,2047.029345,155.318769,0.037168,0.012143,0.011295,99.909440,0.029954,14.730514,10.570629,2.813432,27.383333,51,0.825439,12,51,0,100.000000,0.838336,55.263158,311.725003,2219.705263,4147.055213,0.000000,79.154475
2340.000000,contribution,optical,hardware,1,1,1,0,priority,0.000500,180,15,hybrid,0.050000,4000.000000,6.087000,52.000000,500.000000,500.000000,2.000000,120.000000,0.400000,115,74,115,27,63,11,25,0,0,0,0,0,27,27,0,0,0.000000,1.000000,43.843284,clear-ocean,30.000000,60.000000,0.151000,381,800565,205.273077,8.772354,41,0,0,41,0,36,0,0,36,0,0,0,0,0,0,32,5,0,27,0,0,0,0,0,11,30,74,11,27,25,3.047200,206.651825,561.022268,0.000000,10.000000,66.216216,0,0,0,532128.786773,10.370282,73.064191,1758.394872,196.865587,63.999660,58.798791,531653.803966,530076.357428,319.664038,2052.429345,155.318769,0.036996,0.012027,0.011050,99.910739,0.029188,14.730514,10.570629,2.813432,28.013675,52,0.804274,12,52,0,100.000000,0.838336,54.782609,311.725003,2162.789744,4233.161930,0.000000,31.722915
2400.000000,contribution,optical,hardware,1,1,1,0,priority,0.000500,180,15,hybrid,0.050000,4000.000000,6.087000,52.000000,500.000000,500.000000,2.000000,120.000000,0.400000,117,74,117,27,64,11,26,0,0,0,0,0,27,27,0,0,0.000000,1.000000,43.843284,clear-ocean,30.000000,60.000000,0.151000,388,802644,205.806154,8.575256,43,0,0,43,0,37,0,0,37,0,0,0,0,0,0,32,5,0,27,0,0,0,0,0,11,32,74,11,28,25,3.047200,207.031675,561.022268,0.000000,12.500000,66.216216,0,0,0,545729.735707,10.370282,76.911652,1758.394872,203.285321,65.825702,59.706732,545245.505438,543668.058901,328.817755,2061.676806,155.412513,0.037250,0.012062,0.010941,99.911269,0.028478,14.730514,10.729862,2.813432,28.635000,53,0.784167,12,53,0,100.000000,0.835528,54.700855,310.249419,2109.573333,4319.268646,0.000000,4.988194
2460.000000,contribution,optical,hardware,1,1,1,0,priority,0.000500,180,15,hybrid,0.050000,4000.000000,6.087000,52.000000,500.000000,500.000000,2.000000,120.000000,0.400000,118,75,118,27,65,11,27,0,0,0,0,0,27,27,0,0,0.000000,1.000000,43.843284,clear-ocean,30.000000,60.000000,0.151000,389,802941,205.882308,8.369199,43,0,0,43,0,38,0,0,38,0,0,0,0,0,0,32,5,0,27,0,0,0,0,0,11,32,75,11,29,25,3.047200,209.368874,561.022268,0.000000,9.375000,66.666667,0,0,0,559327.543436,10.370282,77.617909,1758.394872,207.421492,66.859745,60.549032,558837.206911,557259.760373,334.830268,2067.783063,155.506256,0.037084,0.011954,0.010825,99.912335,0.027802,14.730514,10.454998,2.813432,29.215447,53,0.765041,12,53,0,100.000000,0.835528,55.084746,309.704204,2058.952846,4405.375362,-0.000000,1.485272
2520.000000,contribution,optical,hardware,1,1,1,0,priority,0.000500,180,15,hybrid,0.050000,4000.000000,6.087000,52.000000,500.000000,500.000000,2.000000,120.000000,0.400000,124,79,124,27,66,11,28,0,0,0,0,0,27,27,0,0,0.000000,1.000000,43.843284,clear-ocean,30.000000,60.000000,0.151000,396,804252,206.218462,8.183272,45,0,0,45,0,39,0,0,39,0,0,0,0,0,0,32,5,0,27,0,0,0,0,0,12,33,79,11,30,25,3.047200,209.777178,561.022268,8.333333,9.090909,68.354430,0,0,0,572927.051113,11.084846,79.309550,1758.394872,213.119764,67.976249,61.446717,572428.908383,570851.461846,342.542730,2075.589268,155.600000,0.037198,0.011865,0.010725,99.913053,0.027159,15.745520,10.326764,2.813432,29.858333,57,0.746825,12,58,0,100.000000,0.820068,53.225806,308.369565,2010.742857,4491.482078,-0.000000,21.546295
2580.000000,contribution,optical,hardware,1,1,1,0,priority,0.000500,180,15,hybrid,0.050000,4000.000000,6.087000,52.000000,500.000000,500.000000,2.000000,120.000000,0.400000,126,79,126,27,69,13,29,0,0,0,0,0,27,27,0,0,0.000000,1.000000,43.843284,clear-ocean,30.000000,60.000000,0.151000,404,805668,206.581538,8.007036,47,0,0,47,0,42,0,0,42,0,0,0,0,0,0,32,5,0,27,0,0,0,0,0,13,34,79,13,31,25,3.037686,209.516304,561.022268,0.000000,8.823529,68.354430,0,0,0,586527.203176,12.243154,81.201832,1758.394872,217.999037,69.999830,62.791991,586020.609856,584443.163318,350.790858,2084.039857,155.802462,0.037168,0.011935,0.010706,99.913628,0.026564,14.715329,10.232086,2.813432,30.500775,59,0.729457,12,57,0,100.000000,0.811107,54.761905,297.971769,1965.172093,4577.588794,-0.000000,63.269094
2640.000000,contribution,optical,hardware,1,1,1,0,priority,0.000500,180,15,hybrid,0.050000,4000.000000,6.087000,52.000000,500.000000,500.000000,2.000000,120.000000,0.400000,131,82,131,27,71,14,30,0,0,0,0,0,27,27,0,0,0.000000,1.000000,43.843284,clear-ocean,30.000000,60.000000,0.151000,414,807678,207.096923,7.844580,49,0,0,49,0,44,0,0,44,0,0,0,0,0,0,32,5,0,27,0,0,0,0,0,14,35,82,14,32,25,3.000475,211.344069,561.022268,0.000000,8.571429,69.512195,0,0,0,600128.551110,13.406385,84.285063,1758.394872,223.358079,72.930488,64.000650,599612.311329,598034.864791,360.289217,2093.686319,155.950564,0.037218,0.012152,0.010664,99.913978,0.025986,14.962483,10.288704,2.813432,31.133333,60,0.712879,12,60,0,100.000000,0.822459,54.198473,293.388360,1921.478788,4663.695510,-0.000000,122.697550
2700.000000,contribution,optical,hardware,1,1,1,0,priority,0.000500,180,15,hybrid,0.050000,4000.000000,6.087000,52.000000,500.000000,500.000000,2.000000,120.000000,0.400000,134,85,134,27,72,14,31,0,0,0,0,0,27,27,0,0,0.000000,1.000000,43.843284,clear-ocean,30.000000,60.000000,0.151000,415,807975,207.173077,7.673077,49,0,0,49,0,45,0,0,45,0,0,0,0,0,0,32,5,0,27,0,0,0,0,0,14,35,85,14,33,25,3.000475,211.251349,561.022268,0.000000,5.714286,70.588235,0,0,0,613726.358839,13.406385,84.991319,1758.394872,227.494249,73.964530,64.842950,613204.012801,611626.566263,366.301730,2099.792575,156.044308,0.037068,0.012052,0.010565,99.914889,0.025426,14.962483,10.060525,2.813432,31.801852,62,0.697037,12,62,0,100.000000,0.822459,53.731343,292.206359,1879.537778,4749.802227,-0.000000,194.196710
2760.000000,contribution,optical,hardware,1,1,1,0,priority,0.000500,180,15,hybrid,0.050000,4000.000000,6.087000,52.000000,500.000000,500.000000,2.000000,120.000000,0.400000,135,86,135,27,73,14,32,0,0,0,0,0,27,27,0,0,0.000000,1.000000,43.843284,clear-ocean,30.000000,60.000000,0.151000,416,808272,207.249231,7.509030,49,0,0,49,0,46,0,0,46,0,0,0,0,0,0,32,5,0,27,0,0,0,0,0,14,35,86,14,34,25,3.000475,211.671432,561.022268,0.000000,2.857143,70.930233,0,0,0,627324.166567,13.406385,85.697575,1758.394872,231.630420,74.998573,65.685250,626795.714274,625218.267736,372.314243,2105.898832,156.138051,0.036924,0.011955,0.010471,99.915761,0.024890,14.962483,9.845769,2.813432,32.472464,63,0.681884,12,62,0,100.000000,0.822459,54.074074,291.293042,1839.420290,4835.908943,-0.000000,270.987089
2820.000000,contribution,optical,hardware,1,1,1,0,priority,0.000500,180,15,hybrid,0.050000,4000.000000,6.087000,52.000000,500.000000,500.000000,2.000000,120.000000,0.400000,138,87,138,27,74,14,33,0,0,0,0,0,27,27,0,0,0.000000,1.000000,43.843284,clear-ocean,30.000000,60.000000,0.151000,423,810351,207.782308,7.368167,51,0,0,51,0,47,0,0,47,0,0,0,0,0,0,32,5,0,27,0,0,0,0,0,14,37,87,14,35,25,3.000475,211.058966,561.022268,0.000000,5.405405,71.264368,0,0,0,640925.115502,13.406385,89.545037,1758.394872,238.050154,76.824615,66.593191,640387.415746,638809.969208,381.467961,2115.146293,156.231795,0.037142,0.011987,0.010390,99.916106,0.024376,14.962483,9.993866,2.813432,33.133688,65,0.667376,12,64,0,100.000000,0.820714,53.623188,289.927394,1801.009929,4922.015659,-0.000000,345.787490
2880.000000,contribution,optical,hardware,1,1,1,0,priority,0.000500,180,15,hybrid,0.050000,4000.000000,6.087000,52.000000,500.000000,500.000000,2.000000,120.000000,0.400000,139,88,139,27,74,14,33,0,0,0,0,0,27,27,0,0,0.000000,1.000000,43.843284,clear-ocean,30.000000,60.000000,0.151000,423,810351,207.782308,7.214663,51,0,0,51,0,47,0,0,47,0,0,0,0,0,0,32,5,0,27,0,0,0,0,0,14,37,88,14,35,25,3.000475,211.058966,561.022268,0.000000,5.405405,71.590909,0,0,0,654522.216974,13.406385,89.545037,1758.394872,242.186324,77.858658,66.822979,653979.117219,652401.670681,386.867961,2120.546293,156.231795,0.037002,0.011895,0.010209,99.917023,0.023870,14.962483,9.993866,2.813432,33.789931,65,0.653472,12,65,0,100.000000,0.820714,53.237410,289.927394,1763.488889,5008.122375,-0.000000,411.505408
2940.000000,contribution,optical,hardware,1,1,1,0,priority,0.000500,180,15,hybrid,0.050000,4000.000000,6.087000,52.000000,500.000000,500.000000,2.000000,120.000000,0.400000,140,88,140,27,75,14,34,0,0,0,0,0,27,27,0,0,0.000000,1.000000,43.843284,clear-ocean,30.000000,60.000000,0.151000,425,810945,207.934615,7.072606,52,0,0,52,0,48,0,0,48,0,0,0,0,0,0,32,5,0,27,0,0,0,0,0,14,38,88,14,36,25,3.000475,208.568016,561.022268,0.000000,5.263158,71.590909,0,0,0,668120.530318,13.406385,90.756909,1758.394872,246.744622,78.953624,67.687843,667570.818691,665993.372153,393.386089,2127.158165,156.325538,0.036931,0.011817,0.010131,99.917723,0.023398,14.962483,9.847755,2.813432,34.420408,65,0.640136,12,65,0,100.000000,0.809320,53.571429,287.680159,1728.195918,5094.229091,-0.000000,461.909527
3000.000000,contribution,optical,hardware,1,1,1,0,priority,0.000500,180,15,hybrid,0.050000,4000.000000,6.087000,52.000000,500.000000,500.000000,2.000000,120.000000,0.400000,144,90,144,27,76,14,35,0,0,0,0,0,27,27,0,0,0.000000,1.000000,43.843284,clear-ocean,30.000000,60.000000,0.151000,431,812727,208.391538,6.946385,54,0,0,54,0,49,0,0,49,0,0,0,0,0,0,32,5,0,27,0,0,0,0,0,14,40,90,14,37,25,3.000475,207.915261,561.022268,0.000000,7.500000,72.222222,0,0,0,681720.788586,13.406385,93.913704,1758.394872,253.164357,80.109512,68.575271,681162.520164,679585.073626,401.849140,2135.714960,156.419282,0.037136,0.011751,0.010059,99.918109,0.022945,14.962483,9.914876,2.813432,35.067667,68,0.627333,12,68,0,100.000000,0.800475,52.777778,286.321421,1694.314667,5180.335807,-0.000000,492.220574
3060.000000,contribution,optical,hardware,1,1,1,0,priority,0.000500,180,15,hybrid,0.050000,4000.000000,6.087000,52.000000,500.000000,500.000000,2.000000,120.000000,0.400000,149,94,149,38,78,14,36,0,0,0,0,0,38,38,0,0,0.000000,1.000000,43.593493,clear-ocean,30.000000,60.000000,0.151000,450,876306,224.693846,7.342936,55,0,0,55,0,50,0,0,50,0,0,0,0,0,0,35,6,0,28,1,0,0,0,0,14,41,94,14,38,26,3.000475,205.637308,615.405325,0.000000,7.317073,72.340426,0,0,0,695480.712186,13.406385,95.125575,1920.005128,257.722655,81.204478,82.640135,694892.224918,693176.775098,421.567268,2303.937088,166.920000,0.037057,0.011676,0.011882,99.915384,0.024001,14.962483,9.778534,2.953854,35.639869,71,0.716013,12,61,9,100.000000,0.790070,52.348993,305.855933,1727.121569,5266.442523,0.000000,499.564484
3120.000000,contribution,optical,hardware,1,1,1,0,priority,0.000500,180,15,hybrid,0.050000,4000.000000,6.087000,52.000000,500.000000,500.000000,2.000000,120.000000,0.400000,150,94,150,38,85,14,37,0,0,0,0,0,38,38,0,0,0.000000,1.000000,43.593493,clear-ocean,30.000000,60.000000,0.151000,500,1042092,267.203077,8.564201,56,0,0,56,0,51,0,0,51,0,0,0,0,0,0,41,6,0,34,1,0,0,0,0,14,42,94,14,39,32,3.000475,204.324741,858.540074,0.000000,7.142857,65.957447,0,0,0,709452.651556,13.406385,97.497627,2292.470974,262.760723,82.969597,83.515256,708821.583006,706768.476571,429.245576,2684.174986,201.822974,0.037037,0.011695,0.011772,99.911049,0.028448,14.962483,9.765387,2.865589,36.133654,71,0.809936,12,61,3,100.000000,0.791520,56.666667,417.458282,2079.179487,5352.549240,0.000000,483.244912
3180.000000,contribution,optical,hardware,1,1,1,0,priority,0.000500,180,15,hybrid,0.050000,4000.000000,6.087000,52.000000,500.000000,500.000000,2.000000,120.000000,0.400000,156,99,156,38,90,14,38,0,0,0,0,0,38,38,0,0,0.000000,1.000000,43.593493,clear-ocean,30.000000,60.000000,0.151000,540,1170012,300.003077,9.434059,57,0,0,57,0,52,0,0,52,0,0,0,0,0,0,46,8,0,38,0,0,0,0,0,14,43,99,14,40,36,3.000475,202.939568,968.840061,0.000000,6.976744,63.636364,0,0,0,723337.421285,13.406385,100.580857,2577.056000,267.798791,85.404871,84.431402,722672.651453,720360.178043,437.635063,2977.243242,227.134769,0.037023,0.011807,0.011672,99.908097,0.031401,14.962483,9.822349,2.863396,36.651258,71,0.814465,12,66,0,100.000000,0.800198,57.692308,478.198128,2292.166038,5438.655956,0.000000,444.809266
3240.000000,contribution,optical,hardware,1,1,1,0,priority,0.000500,180,15,hybrid,0.050000,4000.000000,6.087000,52.000000,500.000000,500.000000,2.000000,120.000000,0.400000,158,101,158,38,91,14,39,0,0,0,0,0,38,38,0,0,0.000000,1.000000,43.593493,clear-ocean,30.000000,60.000000,0.151000,541,1170309,300.079231,9.261705,57,0,0,57,0,53,0,0,53,0,0,0,0,0,0,46,8,0,38,0,0,0,0,0,14,43,101,14,41,36,3.000475,201.735400,968.840061,0.000000,4.651163,64.356436,0,0,0,736935.229014,13.406385,101.287114,2577.056000,271.934961,86.438913,85.273702,736264.352925,733951.879516,443.647576,2983.349498,227.228513,0.036901,0.011730,0.011571,99.908964,0.030834,14.962483,9.650068,2.863396,37.220679,71,0.799383,12,67,0,100.000000,0.800198,57.594937,474.630772,2250.350617,5524.762672,0.000000,387.901981
3300.000000,contribution,optical,hardware,1,1,1,0,priority,0.000500,180,15,hybrid,0.050000,4000.000000,6.087000,52.000000,500.000000,500.000000,2.000000,120.000000,0.400000,162,103,162,38,91,14,39,0,0,0,0,0,38,38,0,0,0.000000,1.000000,43.593493,clear-ocean,30.000000,60.000000,0.151000,548,1172388,300.612308,9.109464,59,0,0,59,0,53,0,0,53,0,0,0,0,0,0,46,8,0,38,0,0,0,0,0,14,45,103,14,41,36,3.000475,201.735400,968.840061,0.000000,8.888889,65.048544,0,0,0,750535.750820,13.406385,104.707447,2577.056000,279.314233,87.594802,85.558874,749856.054398,747543.580988,452.467909,2992.169832,227.228513,0.037215,0.011671,0.011400,99.909439,0.030276,14.962483,9.975938,2.863396,37.802121,71,0.784848,12,71,0,100.000000,0.800148,56.172840,474.630772,2209.435152,5610.869388,0.000000,317.918952
3360.000000,contribution,optical,hardware,1,1,1,0,priority,0.000500,180,15,hybrid,0.050000,4000.000000,6.087000,52.000000,500.000000,500.000000,2.000000,120.000000,0.400000,165,106,165,38,92,14,40,0,0,0,0,0,38,38,0,0,0.000000,1.000000,43.593493,clear-ocean,30.000000,60.000000,0.151000,549,1172685,300.688462,8.949061,59,0,0,59,0,54,0,0,54,0,0,0,0,0,0,46,8,0,38,0,0,0,0,0,14,45,106,14,42,36,3.000475,200.325098,968.840061,0.000000,6.666667,66.037736,0,0,0,764133.558549,13.406385,105.413704,2577.056000,283.450404,88.628845,86.401174,763447.755871,761135.282461,458.480422,2998.276088,227.322256,0.037094,0.011599,0.011307,99.910251,0.029749,14.962483,9.804102,2.863396,38.404167,73,0.770833,12,73,0,100.000000,0.800148,55.757576,471.020684,2170.590476,5696.976104,0.000000,241.495910
3420.000000,contribution,optical,hardware,1,1,1,0,priority,0.000500,180,15,hybrid,0.050000,4000.000000,6.087000,52.000000,500.000000,500.000000,2.000000,120.000000,0.400000,170,110,170,38,93,14,41,0,0,0,0,0,38,38,0,0,0.000000,1.000000,43.593493,clear-ocean,30.000000,60.000000,0.151000,552,1173576,300.916923,8.798740,60,0,0,60,0,55,0,0,55,0,0,0,0,0,0,46,8,0,38,0,0,0,0,0,14,46,110,14,43,36,3.000475,204.789889,968.840061,0.000000,6.521739,67.272727,0,0,0,777732.351663,13.406385,107.105345,2577.056000,288.488471,89.723810,87.266038,777039.457343,774726.983933,465.478320,3005.367729,227.416000,0.037094,0.011537,0.011221,99.910908,0.029241,14.962483,9.729773,2.863396,39.024561,77,0.757310,12,77,0,100.000000,0.794419,54.705882,470.174345,2133.108772,5783.082820,0.000000,165.879217
3480.000000,contribution,optical,hardware,1,1,1,0,priority,0.000500,180,15,hybrid,0.050000,4000.000000,6.087000,52.000000,500.000000,500.000000,2.000000,120.000000,0.400000,176,112,176,38,94,14,42,0,0,0,0,0,38,38,0,0,0.000000,1.000000,43.593493,clear-ocean,30.000000,60.000000,0.151000,570,1178922,302.287692,8.686428,64,0,0,64,0,56,0,0,56,0,0,0,0,0,0,46,8,0,38,0,0,0,0,0,14,50,112,14,44,36,3.000475,203.918634,968.840061,0.000000,12.000000,67.857143,0,0,0,791339.766289,13.406385,117.418498,2577.056000,297.671539,95.022468,88.403723,790631.158816,788318.685406,481.097730,3021.080883,227.509744,0.037616,0.012008,0.011171,99.910455,0.028750,14.962483,10.424227,2.863396,39.721552,82,0.744253,12,82,0,100.000000,0.822885,53.409091,466.943284,2096.919540,5869.189536,0.000000,98.238782
3540.000000,contribution,optical,hardware,1,1,1,0,priority,0.000500,180,15,hybrid,0.050000,4000.000000,6.087000,52.000000,500.000000,500.000000,2.000000,120.000000,0.400000,179,115,179,38,95,14,43,0,0,0,0,0,38,38,0,0,0.000000,1.000000,43.593493,clear-ocean,30.000000,60.000000,0.151000,571,1179219,302.363846,8.541352,64,0,0,64,0,57,0,0,57,0,0,0,0,0,0,46,8,0,38,0,0,0,0,0,14,50,115,14,45,36,3.000475,203.997184,968.840061,0.000000,10.000000,68.695652,0,0,0,804937.574018,13.406385,118.124755,2577.056000,301.807709,96.056511,89.246023,804222.860288,801910.386878,487.110243,3027.187139,227.603487,0.037495,0.011933,0.011087,99.911209,0.028276,14.962483,10.253885,2.863396,40.449718,84,0.731638,12,84,0,100.000000,0.822885,53.072626,464.211812,2061.957062,5955.296253,0.000000,44.988210
3600.000000,contribution,optical,hardware,1,1,1,0,priority,0.000500,180,15,hybrid,0.050000,4000.000000,6.087000,52.000000,500.000000,500.000000,2.000000,120.000000,0.400000,181,116,181,38,97,15,44,0,0,0,0,0,38,38,0,0,0.000000,1.000000,43.593493,clear-ocean,30.000000,60.000000,0.151000,575,1179831,302.520769,8.403355,65,0,0,65,0,59,0,0,59,0,0,0,0,0,0,46,8,0,38,0,0,0,0,0,15,50,116,15,46,36,3.012679,203.869234,968.840061,0.000000,8.000000,68.965517,0,0,0,818536.097413,14.122051,118.831011,2577.056000,306.095238,97.349015,90.339810,817814.561761,815502.088351,493.784063,3034.009063,227.751590,0.037395,0.011893,0.011037,99.911850,0.027824,14.710470,10.090949,2.863396,41.176667,85,0.719444,12,84,0,100.000000,0.817089,53.591160,456.715641,2028.302222,6041.402969,0.000000,11.176673
3660.000000,contribution,optical,hardware,1,1,1,0,priority,0.000500,180,15,hybrid,0.050000,4000.000000,6.087000,52.000000,500.000000,500.000000,2.000000,120.000000,0.400000,186,120,186,38,98,15,45,0,0,0,0,0,38,38,0,0,0.000000,1.000000,43.593493,clear-ocean,30.000000,60.000000,0.151000,578,1180722,302.749231,8.271837,66,0,0,66,0,60,0,0,60,0,0,0,0,0,0,46,8,0,38,0,0,0,0,0,15,51,120,15,47,36,3.012679,204.103682,968.840061,0.000000,7.843137,70.000000,0,0,0,832134.890527,14.122051,120.522652,2577.056000,311.133306,98.443980,91.204674,831406.263233,829093.789823,500.781961,3041.100704,227.845333,0.037390,0.011830,0.010960,99.912439,0.027381,14.710470,10.016843,2.863396,41.901913,87,0.707650,12,88,0,100.000000,0.811624,52.688172,454.248015,1995.610929,6127.509685,-0.000000,0.010149
3720.000000,contribution,optical,hardware,1,1,1,0,priority,0.000500,180,15,hybrid,0.050000,4000.000000,6.087000,52.000000,500.000000,500.000000,2.000000,120.000000,0.400000,190,122,190,38,100,16,46,0,0,0,0,0,38,38,0,0,0.000000,1.000000,43.593493,clear-ocean,30.000000,60.000000,0.151000,585,1182033,303.085385,8.147457,68,0,0,68,0,62,0,0,62,0,0,0,0,0,0,46,8,0,38,0,0,0,0,0,16,52,122,16,48,36,3.027065,205.634708,968.840061,0.000000,7.692308,70.491803,0,0,0,845734.769564,15.007333,122.414934,2577.056000,316.012579,100.467561,92.331282,844997.964706,842685.491296,508.811422,3049.278268,227.993436,0.037365,0.011879,0.010917,99.912880,0.026958,14.655599,9.962153,2.863396,42.672043,91,0.696237,12,90,0,100.000000,0.805679,52.631579,447.971412,1964.111828,6213.616401,-0.000000,12.547440
3780.000000,contribution,optical,hardware,1,1,1,0,priority,0.000500,180,15,hybrid,0.050000,4000.000000,6.087000,52.000000,500.000000,500.000000,2.000000,120.000000,0.400000,192,123,192,38,101,16,47,0,0,0,0,0,38,38,0,0,0.000000,1.000000,43.593493,clear-ocean,30.000000,60.000000,0.151000,591,1183815,303.542308,8.030220,69,0,0,69,0,63,0,0,63,0,0,0,0,0,0,46,8,0,38,0,0,0,0,0,16,53,123,16,49,36,3.027065,207.964304,968.840061,0.000000,7.547170,70.731707,0,0,0,859335.243652,15.007333,125.787550,2577.056000,322.010185,102.232681,93.247428,858589.666178,856277.192769,517.490294,3058.050883,228.087179,0.037472,0.011897,0.010851,99.913238,0.026542,14.655599,10.027706,2.863396,43.433598,91,0.685185,12,91,0,100.000000,0.813244,52.604167,446.702239,1933.477249,6299.723117,-0.000000,47.599769
3840.000000,contribution,optical,hardware,1,1,1,0,priority,0.000500,180,15,hybrid,0.050000,4000.000000,6.087000,52.000000,500.000000,500.000000,2.000000,120.000000,0.400000,195,125,195,38,101,16,47,0,0,0,0,0,38,38,0,0,0.000000,1.000000,43.593493,clear-ocean,30.000000,60.000000,0.151000,595,1184235,303.650000,7.907552,70,0,0,70,0,63,0,0,63,0,0,0,0,0,0,46,8,0,38,0,0,0,0,0,17,53,125,16,49,36,3.027065,207.964304,968.840061,5.882353,7.547170,71.200000,0,0,0,872933.235329,15.897538,125.787550,2577.056000,326.467330,103.762108,93.551062,872181.367651,869868.894241,523.780499,3064.341088,228.087179,0.037399,0.011887,0.010717,99.913869,0.026129,15.524940,10.027706,2.863396,44.184115,94,0.674479,12,94,0,100.000000,0.814374,51.794872,446.702239,1903.266667,6385.829833,-0.000000,101.843508
3900.000000,contribution,optical,hardware,1,1,1,0,priority,0.000500,180,15,hybrid,0.050000,4000.000000,6.087000,52.000000,500.000000,500.000000,2.000000,120.000000,0.400000,195,125,195,38,103,17,48,0,0,0,0,0,38,38,0,0,0.000000,1.000000,43.593493,clear-ocean,30.000000,60.000000,0.151000,597,1184637,303.753077,7.788540,70,0,0,70,0,65,0,0,65,0,0,0,0,0,0,46,8,0,38,0,0,0,0,0,17,53,125,17,50,36,3.045988,211.521148,968.840061,0.000000,5.660377,71.200000,0,0,0,886531.316084,16.170564,126.493806,2577.056000,330.603500,104.796151,94.612028,885773.069123,883460.595714,530.011679,3070.720370,228.235282,0.037292,0.011821,0.010672,99.914470,0.025745,14.862651,9.882329,2.863396,44.921026,94,0.664103,12,92,0,100.000000,0.814374,52.820513,441.806615,1874.642051,6471.936549,-0.000000,170.135312
3960.000000,contribution,optical,hardware,1,1,1,0,priority,0.000500,180,15,hybrid,0.050000,4000.000000,6.087000,52.000000,500.000000,500.000000,2.000000,120.000000,0.400000,197,126,197,38,104,17,49,0,0,0,0,0,38,38,0,0,0.000000,1.000000,43.593493,clear-ocean,30.000000,60.000000,0.151000,603,1186419,304.210000,7.682071,71,0,0,71,0,66,0,0,66,0,0,0,0,0,0,46,8,0,38,0,0,0,0,0,17,54,126,17,51,36,3.045988,212.280100,968.840061,0.000000,5.555556,71.428571,0,0,0,900131.790172,16.170564,129.866422,2577.056000,336.601106,106.561270,95.528174,899364.770596,897052.297186,538.690550,3079.492986,228.329026,0.037395,0.011838,0.010613,99.914788,0.025366,14.862651,9.946877,2.863396,45.632071,94,0.654040,12,93,0,100.000000,0.821603,52.791878,439.964510,1846.755556,6558.043266,-0.000000,245.999815
4020.000000,contribution,optical,hardware,1,1,1,0,priority,0.000500,180,15,hybrid,0.050000,4000.000000,6.087000,52.000000,500.000000,500.000000,2.000000,120.000000,0.400000,198,127,198,38,105,17,50,0,0,0,0,0,38,38,0,0,0.000000,1.000000,43.593493,clear-ocean,30.000000,60.000000,0.151000,604,1186716,304.286154,7.569307,71,0,0,71,0,67,0,0,67,0,0,0,0,0,0,46,8,0,38,0,0,0,0,0,17,54,127,17,52,36,3.045988,213.593833,968.840061,0.000000,3.703704,71.653543,0,0,0,913729.597901,16.170564,130.572678,2577.056000,340.737276,107.595313,96.370475,912956.472068,910643.998659,544.703063,3085.599242,228.422769,0.037291,0.011775,0.010547,99.915388,0.024999,14.862651,9.808645,2.863396,46.341791,94,0.644279,12,93,0,100.000000,0.821603,53.030303,438.446698,1819.701493,6644.149982,-0.000000,322.243612
4080.000000,contribution,optical,hardware,1,1,1,0,priority,0.000500,180,15,hybrid,0.050000,4000.000000,6.087000,52.000000,500.000000,500.000000,2.000000,120.000000,0.400000,198,127,198,38,106,17,51,0,0,0,0,0,38,38,0,0,0.000000,1.000000,43.593493,clear-ocean,30.000000,60.000000,0.151000,605,1187013,304.362308,7.459860,71,0,0,71,0,68,0,0,68,0,0,0,0,0,0,46,8,0,38,0,0,0,0,0,17,54,127,17,53,36,3.045988,214.573768,968.840061,0.000000,1.851852,71.653543,0,0,0,927327.405630,16.170564,131.278934,2577.056000,344.873446,108.629355,97.212775,926548.173541,924235.700131,550.715576,3091.705498,228.516513,0.037190,0.011714,0.010483,99.915970,0.024642,14.862651,9.675629,2.863396,47.019118,94,0.634804,12,92,0,100.000000,0.821603,53.535354,436.815412,1793.443137,6730.256698,-0.000000,391.637334
4140.000000,contribution,optical,hardware,1,1,1,0,priority,0.000500,180,15,hybrid,0.050000,4000.000000,6.087000,52.000000,500.000000,500.000000,2.000000,120.000000,0.400000,198,127,198,38,107,17,52,0,0,0,0,0,38,38,0,0,0.000000,1.000000,43.593493,clear-ocean,30.000000,60.000000,0.151000,606,1187310,304.438462,7.353586,71,0,0,71,0,69,0,0,69,0,0,0,0,0,0,46,8,0,38,0,0,0,0,0,17,54,127,17,54,36,3.045988,213.705413,968.840061,0.000000,0.000000,71.653543,0,0,0,940925.213358,16.170564,131.985191,2577.056000,349.009616,109.663398,98.055075,940139.875013,937827.401604,556.728089,3097.811755,228.610256,0.037092,0.011655,0.010421,99.916536,0.024296,14.862651,9.547540,2.863396,47.664010,94,0.625604,12,91,0,100.000000,0.821603,54.040404,434.300152,1767.945894,6816.363414,-0.000000,447.601131
4200.000000,contribution,optical,hardware,1,1,1,0,priority,0.000500,180,15,hybrid,0.050000,4000.000000,6.087000,52.000000,500.000000,500.000000,2.000000,120.000000,0.400000,198,127,198,38,107,17,52,0,0,0,0,0,38,38,0,0,0.000000,1.000000,43.593493,clear-ocean,30.000000,60.000000,0.151000,606,1187310,304.438462,7.248535,71,0,0,71,0,69,0,0,69,0,0,0,0,0,0,46,8,0,38,0,0,0,0,0,17,54,127,17,54,36,3.045988,213.705413,968.840061,0.000000,0.000000,71.653543,0,0,0,954522.314831,16.170564,131.985191,2577.056000,353.145787,110.697440,98.284862,953731.576486,951419.103076,562.128089,3103.211755,228.610256,0.036997,0.011597,0.010297,99.917159,0.023950,14.862651,9.547540,2.863396,48.283095,94,0.616667,12,91,0,100.000000,0.821603,54.040404,434.300152,1742.689524,6902.470130,-0.000000,484.828565
4260.000000,contribution,optical,hardware,1,1,1,0,priority,0.000500,180,15,hybrid,0.050000,4000.000000,6.087000,52.000000,500.000000,500.000000,2.000000,120.000000,0.400000,198,127,198,49,108,17,52,0,0,0,0,0,49,49,0,0,0.000000,1.000000,43.636027,clear-ocean,30.000000,60.000000,0.151000,616,1225008,314.104615,7.373348,71,0,0,71,0,69,0,0,69,0,0,0,0,0,0,48,8,0,39,1,0,0,0,0,17,54,127,17,54,37,3.045988,213.705413,1021.034069,0.000000,0.000000,70.866142,0,0,0,968224.817329,16.170564,131.985191,2682.457026,357.281957,111.731483,111.714649,967409.410471,965010.804549,580.728089,3214.012780,234.678769,0.036901,0.011540,0.011538,99.915783,0.024238,14.862651,9.547540,2.899954,48.856338,94,0.633568,12,80,9,100.000000,0.821603,54.545455,457.130876,1765.092958,6988.576846,-0.000000,499.789765
4320.000000,contribution,optical,hardware,1,1,1,0,priority,0.000500,180,15,hybrid,0.050000,4000.000000,6.087000,52.000000,500.000000,500.000000,2.000000,120.000000,0.400000,198,127,198,49,113,17,52,0,0,0,0,0,49,49,0,0,0.000000,1.000000,43.636027,clear-ocean,30.000000,60.000000,0.151000,659,1380867,354.068462,8.196029,71,0,0,71,0,69,0,0,69,0,0,0,0,0,0,54,9,0,44,1,0,0,0,0,17,54,127,17,54,42,3.045988,213.705413,1234.789427,0.000000,0.000000,66.929134,0,0,0,982171.235314,16.170564,131.985191,3031.773538,361.418127,112.765525,111.944436,981320.839123,978602.506021,586.128089,3568.729293,264.268103,0.036798,0.011481,0.011398,99.913417,0.026907,14.862651,9.547540,2.887403,49.288889,94,0.705787,12,80,4,100.000000,0.821603,57.070707,561.531239,1972.059259,7074.683562,0.000000,491.066123
4380.000000,contribution,optical,hardware,1,1,1,0,priority,0.000500,180,15,hybrid,0.050000,4000.000000,6.087000,52.000000,500.000000,500.000000,2.000000,120.000000,0.400000,198,127,198,49,117,17,52,0,0,0,0,0,49,49,0,0,0.000000,1.000000,43.636027,clear-ocean,30.000000,60.000000,0.151000,697,1516041,388.728462,8.875079,71,0,0,71,0,69,0,0,69,0,0,0,0,0,0,59,10,0,48,1,0,0,0,0,17,54,127,17,54,46,3.045988,213.705413,1365.951735,0.000000,0.000000,63.779528,0,0,0,996075.186428,16.170564,131.985191,3338.623179,365.554297,113.799568,112.174224,995189.833724,992194.207494,591.528089,3880.978934,293.824615,0.036699,0.011425,0.011262,99.911116,0.029498,14.862651,9.547540,2.903151,49.709589,94,0.729909,12,80,0,100.000000,0.821603,59.090909,636.116700,2127.693151,7160.790279,0.000000,459.484807
4440.000000,contribution,optical,hardware,1,1,1,0,priority,0.000500,180,15,hybrid,0.050000,4000.000000,6.087000,52.000000,500.000000,500.000000,2.000000,120.000000,0.400000,198,127,198,49,118,17,52,0,0,0,0,0,49,49,0,0,0.000000,1.000000,43.636027,clear-ocean,30.000000,60.000000,0.151000,704,1541328,395.212308,8.901178,71,0,0,71,0,69,0,0,69,0,0,0,0,0,0,60,11,0,49,0,0,0,0,0,17,54,127,17,54,47,3.045988,213.705413,1392.796198,0.000000,0.000000,62.992126,0,0,0,1009729.381849,16.170564,131.985191,3395.717128,369.690468,114.833610,112.404011,1008833.409248,1005785.908966,596.928089,3943.472883,299.044513,0.036613,0.011373,0.011132,99.911266,0.029616,14.862651,9.547540,2.889972,50.118919,94,0.720045,12,80,0,100.000000,0.821603,59.595960,652.994029,2143.985586,7246.896995,0.000000,408.040329
4500.000000,contribution,optical,hardware,1,1,1,0,priority,0.000500,180,15,hybrid,0.050000,4000.000000,6.087000,52.000000,500.000000,500.000000,2.000000,120.000000,0.400000,198,127,198,49,118,17,52,0,0,0,0,0,49,49,0,0,0.000000,1.000000,43.636027,clear-ocean,30.000000,60.000000,0.151000,704,1541328,395.212308,8.782496,71,0,0,71,0,69,0,0,69,0,0,0,0,0,0,60,11,0,49,0,0,0,0,0,17,54,127,17,54,47,3.045988,213.705413,1392.796198,0.000000,0.000000,62.992126,0,0,0,1023326.483322,16.170564,131.985191,3395.717128,373.826638,115.867653,112.633798,1022425.110720,1019377.610439,602.328089,3948.872883,299.044513,0.036531,0.011323,0.011007,99.911917,0.029223,14.862651,9.547540,2.889972,50.517333,94,0.710444,12,80,0,100.000000,0.821603,59.595960,652.994029,2115.399111,7333.003711,0.000000,341.610608
4560.000000,contribution,optical,hardware,1,1,1,0,priority,0.000500,180,15,hybrid,0.050000,4000.000000,6.087000,52.000000,500.000000,500.000000,2.000000,120.000000,0.400000,198,127,198,49,118,17,52,0,0,0,0,0,49,49,0,0,0.000000,1.000000,43.636027,clear-ocean,30.000000,60.000000,0.151000,704,1541328,395.212308,8.666937,71,0,0,71,0,69,0,0,69,0,0,0,0,0,0,60,11,0,49,0,0,0,0,0,17,54,127,17,54,47,3.045988,213.705413,1392.796198,0.000000,0.000000,62.992126,0,0,0,1036923.584794,16.170564,131.985191,3395.717128,377.962808,116.901696,112.863585,1036016.812193,1032969.311911,607.728089,3954.272883,299.044513,0.036450,0.011274,0.010884,99.912552,0.028840,14.862651,9.547540,2.889972,50.905263,94,0.701096,12,80,0,100.000000,0.821603,59.595960,652.994029,2087.564912,7419.110427,0.000000,266.494452
4620.000000,contribution,optical,hardware,1,1,1,0,priority,0.000500,180,15,hybrid,0.050000,4000.000000,6.087000,52.000000,500.000000,500.000000,2.000000,120.000000,0.400000,198,127,198,49,118,17,52,0,0,0,0,0,49,49,0,0,0.000000,1.000000,43.636027,clear-ocean,30.000000,60.000000,0.151000,704,1541328,395.212308,8.554379,71,0,0,71,0,69,0,0,69,0,0,0,0,0,0,60,11,0,49,0,0,0,0,0,17,54,127,17,54,47,3.045988,213.705413,1392.796198,0.000000,0.000000,62.992126,0,0,0,1050520.686267,16.170564,131.985191,3395.717128,382.098978,117.935738,113.093373,1049608.513665,1046561.013384,613.128089,3959.672883,299.044513,0.036372,0.011226,0.010765,99.913169,0.028466,14.862651,9.547540,2.889972,51.283117,94,0.691991,12,80,0,100.000000,0.821603,59.595960,652.994029,2060.453680,7505.217143,0.000000,189.814306
4680.000000,contribution,optical,hardware,1,1,1,0,priority,0.000500,180,15,hybrid,0.050000,4000.000000,6.087000,52.000000,500.000000,500.000000,2.000000,120.000000,0.400000,198,127,198,49,118,17,52,0,0,0,0,0,49,49,0,0,0.000000,1.000000,43.636027,clear-ocean,30.000000,60.000000,0.151000,704,1541328,395.212308,8.444707,71,0,0,71,0,69,0,0,69,0,0,0,0,0,0,60,11,0,49,0,0,0,0,0,17,54,127,17,54,47,3.045988,213.705413,1392.796198,0.000000,0.000000,62.992126,0,0,0,1064117.787739,16.170564,131.985191,3395.717128,386.235148,118.969781,113.323160,1063200.215138,1060152.714856,618.528089,3965.072883,299.044513,0.036296,0.011180,0.010649,99.913772,0.028103,14.862651,9.547540,2.889972,51.651282,94,0.683120,12,80,0,100.000000,0.821603,59.595960,652.994029,2034.037607,7591.323859,0.000000,118.840914
4740.000000,contribution,optical,hardware,1,1,1,0,priority,0.000500,180,15,hybrid,0.050000,4000.000000,6.087000,52.000000,500.000000,500.000000,2.000000,120.000000,0.400000,198,127,198,49,118,17,52,0,0,0,0,0,49,49,0,0,0.000000,1.000000,43.636027,clear-ocean,30.000000,60.000000,0.151000,704,1541328,395.212308,8.337812,71,0,0,71,0,69,0,0,69,0,0,0,0,0,0,60,11,0,49,0,0,0,0,0,17,54,127,17,54,47,3.045988,213.705413,1392.796198,0.000000,0.000000,62.992126,0,0,0,1077714.889212,16.170564,131.985191,3395.717128,390.371319,120.003823,113.552947,1076791.916610,1073744.416329,623.928089,3970.472883,299.044513,0.036222,0.011135,0.010536,99.914358,0.027748,14.862651,9.547540,2.889972,52.010127,94,0.674473,12,80,0,100.000000,0.821603,59.595960,652.994029,2008.290295,7677.430575,0.000000,60.303909
4800.000000,contribution,optical,hardware,1,1,1,0,priority,0.000500,180,15,hybrid,0.050000,4000.000000,6.087000,52.000000,500.000000,500.000000,2.000000,120.000000,0.400000,198,127,198,49,118,17,52,0,0,0,0,0,49,49,0,0,0.000000,1.000000,43.636027,clear-ocean,30.000000,60.000000,0.151000,704,1541328,395.212308,8.233590,71,0,0,71,0,69,0,0,69,0,0,0,0,0,0,60,11,0,49,0,0,0,0,0,17,54,127,17,54,47,3.045988,213.705413,1392.796198,0.000000,0.000000,62.992126,0,0,0,1091311.990684,16.170564,131.985191,3395.717128,394.507489,121.037866,113.782734,1090383.618083,1087336.117801,629.328089,3975.872883,299.044513,0.036150,0.011091,0.010426,99.914931,0.027402,14.862651,9.547540,2.889972,52.360000,94,0.666042,12,80,0,100.000000,0.821603,59.595960,652.994029,1983.186667,7763.537292,0.000000,19.753718
4860.000000,contribution,optical,hardware,1,1,1,0,priority,0.000500,180,15,hybrid,0.050000,4000.000000,6.087000,52.000000,500.000000,500.000000,2.000000,120.000000,0.400000,198,127,198,49,118,17,52,0,0,0,0,0,49,49,0,0,0.000000,1.000000,43.636027,clear-ocean,30.000000,60.000000,0.151000,704,1541328,395.212308,8.131940,71,0,0,71,0,69,0,0,69,0,0,0,0,0,0,60,11,0,49,0,0,0,0,0,17,54,127,17,54,47,3.045988,213.705413,1392.796198,0.000000,0.000000,62.992126,0,0,0,1104909.092157,16.170564,131.985191,3395.717128,398.643659,122.071908,114.012521,1103975.319555,1100927.819274,634.728089,3981.272883,299.044513,0.036079,0.011048,0.010319,99.915489,0.027065,14.862651,9.547540,2.889972,52.701235,94,0.657819,12,80,0,100.000000,0.821603,59.595960,652.994029,1958.702881,7849.644008,0.000000,1.035273
4920.000000,contribution,optical,hardware,1,1,1,0,priority,0.000500,180,15,hybrid,0.050000,4000.000000,6.087000,52.000000,500.000000,500.000000,2.000000,120.000000,0.400000,198,127,198,49,118,17,52,0,0,0,0,0,49,49,0,0,0.000000,1.000000,43.636027,clear-ocean,30.000000,60.000000,0.151000,704,1541328,395.212308,8.032770,71,0,0,71,0,69,0,0,69,0,0,0,0,0,0,60,11,0,49,0,0,0,0,0,17,54,127,17,54,47,3.045988,213.705413,1392.796198,0.000000,0.000000,62.992126,0,0,0,1118506.193629,16.170564,131.985191,3395.717128,402.779829,123.105951,114.242309,1117567.021028,1114519.520746,640.128089,3986.672883,299.044513,0.036011,0.011006,0.010214,99.916033,0.026736,14.862651,9.547540,2.889972,53.034146,94,0.649797,12,80,0,100.000000,0.821603,59.595960,652.994029,1934.816260,7935.750724,-0.000000,5.923441
4980.000000,contribution,optical,hardware,1,1,1,0,priority,0.000500,180,15,hybrid,0.050000,4000.000000,6.087000,52.000000,500.000000,500.000000,2.000000,120.000000,0.400000,198,127,198,49,118,17,52,0,0,0,0,0,49,49,0,0,0.000000,1.000000,43.636027,clear-ocean,30.000000,60.000000,0.151000,704,1541328,395.212308,7.935990,71,0,0,71,0,69,0,0,69,0,0,0,0,0,0,60,11,0,49,0,0,0,0,0,17,54,127,17,54,47,3.045988,213.705413,1392.796198,0.000000,0.000000,62.992126,0,0,0,1132103.295102,16.170564,131.985191,3395.717128,406.915999,124.139993,114.472096,1131158.722500,1128111.222219,645.528089,3992.072883,299.044513,0.035943,0.010965,0.010111,99.916565,0.026415,14.862651,9.547540,2.889972,53.359036,94,0.641968,12,80,0,100.000000,0.821603,59.595960,652.994029,1911.505221,8021.857440,-0.000000,33.954730
5040.000000,contribution,optical,hardware,1,1,1,0,priority,0.000500,180,15,hybrid,0.050000,4000.000000,6.087000,52.000000,500.000000,500.000000,2.000000,120.000000,0.400000,198,127,198,49,118,17,52,0,0,0,0,0,49,49,0,0,0.000000,1.000000,43.636027,clear-ocean,30.000000,60.000000,0.151000,704,1541328,395.212308,7.841514,71,0,0,71,0,69,0,0,69,0,0,0,0,0,0,60,11,0,49,0,0,0,0,0,17,54,127,17,54,47,3.045988,213.705413,1392.796198,0.000000,0.000000,62.992126,0,0,0,1145700.396574,16.170564,131.985191,3395.717128,411.052170,125.174036,114.701883,1144750.423973,1141702.923691,650.928089,3997.472883,299.044513,0.035878,0.010926,0.010012,99.917084,0.026101,14.862651,9.547540,2.889972,53.676190,94,0.634325,12,80,0,100.000000,0.821603,59.595960,652.994029,1888.749206,8107.964156,-0.000000,82.471238
5100.000000,contribution,optical,hardware,1,1,1,0,priority,0.000500,180,15,hybrid,0.050000,4000.000000,6.087000,52.000000,500.000000,500.000000,2.000000,120.000000,0.400000,198,127,198,49,118,17,52,0,0,0,0,0,49,49,0,0,0.000000,1.000000,43.636027,clear-ocean,30.000000,60.000000,0.151000,704,1541328,395.212308,7.749261,71,0,0,71,0,69,0,0,69,0,0,0,0,0,0,60,11,0,49,0,0,0,0,0,17,54,127,17,54,47,3.045988,213.705413,1392.796198,0.000000,0.000000,62.992126,0,0,0,1159297.498047,16.170564,131.985191,3395.717128,415.188340,126.208079,114.931670,1158342.125445,1155294.625164,656.328089,4002.872883,299.044513,0.035814,0.010887,0.009914,99.917590,0.025795,14.862651,9.547540,2.889972,53.985882,94,0.626863,12,80,0,100.000000,0.821603,59.595960,652.994029,1866.528627,8194.070872,-0.000000,146.872673
5160.000000,contribution,optical,hardware,1,1,1,0,priority,0.000500,180,15,hybrid,0.050000,4000.000000,6.087000,52.000000,500.000000,500.000000,2.000000,120.000000,0.400000,198,127,198,49,118,17,52,0,0,0,0,0,49,49,0,0,0.000000,1.000000,43.636027,clear-ocean,30.000000,60.000000,0.151000,704,1541328,395.212308,7.659153,71,0,0,71,0,69,0,0,69,0,0,0,0,0,0,60,11,0,49,0,0,0,0,0,17,54,127,17,54,47,3.045988,213.705413,1392.796198,0.000000,0.000000,62.992126,0,0,0,1172894.599519,16.170564,131.985191,3395.717128,419.324510,127.242121,115.161458,1171933.826918,1168886.326636,661.728089,4008.272883,299.044513,0.035751,0.010849,0.009819,99.918085,0.025496,14.862651,9.547540,2.889972,54.288372,94,0.619574,12,80,0,100.000000,0.821603,59.595960,652.994029,1844.824806,8280.177588,-0.000000,221.052549
5220.000000,contribution,optical,hardware,1,1,1,0,priority,0.000500,180,15,hybrid,0.050000,4000.000000,6.087000,52.000000,500.000000,500.000000,2.000000,120.000000,0.400000,198,127,198,49,118,17,52,0,0,0,0,0,49,49,0,0,0.000000,1.000000,43.636027,clear-ocean,30.000000,60.000000,0.151000,704,1541328,395.212308,7.571117,71,0,0,71,0,69,0,0,69,0,0,0,0,0,0,60,11,0,49,0,0,0,0,0,17,54,127,17,54,47,3.045988,213.705413,1392.796198,0.000000,0.000000,62.992126,0,0,0,1186491.700992,16.170564,131.985191,3395.717128,423.460680,128.276164,115.391245,1185525.528390,1182478.028109,667.128089,4013.672883,299.044513,0.035690,0.010811,0.009725,99.918569,0.025204,14.862651,9.547540,2.889972,54.583908,94,0.612452,12,80,0,100.000000,0.821603,59.595960,652.994029,1823.619923,8366.284305,-0.000000,297.977197
5280.000000,contribution,optical,hardware,1,1,1,0,priority,0.000500,180,15,hybrid,0.050000,4000.000000,6.087000,52.000000,500.000000,500.000000,2.000000,120.000000,0.400000,198,127,198,49,118,17,52,0,0,0,0,0,49,49,0,0,0.000000,1.000000,43.636027,clear-ocean,30.000000,60.000000,0.151000,704,1541328,395.212308,7.485082,71,0,0,71,0,69,0,0,69,0,0,0,0,0,0,60,11,0,49,0,0,0,0,0,17,54,127,17,54,47,3.045988,213.705413,1392.796198,0.000000,0.000000,62.992126,0,0,0,1200088.802465,16.170564,131.985191,3395.717128,427.596851,129.310206,115.621032,1199117.229863,1196069.729581,672.528089,4019.072883,299.044513,0.035630,0.010775,0.009634,99.919042,0.024919,14.862651,9.547540,2.889972,54.872727,94,0.605492,12,80,0,100.000000,0.821603,59.595960,652.994029,1802.896970,8452.391021,-0.000000,370.352689
5340.000000,contribution,optical,hardware,1,1,1,0,priority,0.000500,180,15,hybrid,0.050000,4000.000000,6.087000,52.000000,500.000000,500.000000,2.000000,120.000000,0.400000,198,127,198,49,118,17,52,0,0,0,0,0,49,49,0,0,0.000000,1.000000,43.636027,clear-ocean,30.000000,60.000000,0.151000,704,1541328,395.212308,7.400980,71,0,0,71,0,69,0,0,69,0,0,0,0,0,0,60,11,0,49,0,0,0,0,0,17,54,127,17,54,47,3.045988,213.705413,1392.796198,0.000000,0.000000,62.992126,0,0,0,1213685.903937,16.170564,131.985191,3395.717128,431.733021,130.344249,115.850819,1212708.931335,1209661.431054,677.928089,4024.472883,299.044513,0.035572,0.010740,0.009545,99.919504,0.024639,14.862651,9.547540,2.889972,55.155056,94,0.598689,12,80,0,100.000000,0.821603,59.595960,652.994029,1782.639700,8538.497737,-0.000000,431.316448
5400.000000,contribution,optical,hardware,1,1,1,0,priority,0.000500,180,15,hybrid,0.050000,4000.000000,6.087000,52.000000,500.000000,500.000000,2.000000,120.000000,0.400000,198,127,198,49,118,17,52,0,0,0,0,0,49,49,0,0,0.000000,1.000000,43.636027,clear-ocean,30.000000,60.000000,0.151000,704,1541328,395.212308,7.318746,71,0,0,71,0,69,0,0,69,0,0,0,0,0,0,60,11,0,49,0,0,0,0,0,17,54,127,17,54,47,3.045988,213.705413,1392.796198,0.000000,0.000000,62.992126,0,0,0,1227283.005410,16.170564,131.985191,3395.717128,435.869191,131.378291,116.080607,1226300.632808,1223253.132526,683.328089,4029.872883,299.044513,0.035515,0.010705,0.009458,99.919955,0.024366,14.862651,9.547540,2.889972,55.431111,94,0.592037,12,80,0,100.000000,0.821603,59.595960,652.994029,1762.832593,8624.604453,-0.000000,475.087943
5460.000000,contribution,optical,hardware,1,1,1,0,priority,0.000500,180,15,hybrid,0.050000,4000.000000,6.087000,52.000000,500.000000,500.000000,2.000000,120.000000,0.400000,198,127,198,49,118,17,52,0,0,0,0,0,49,49,0,0,0.000000,1.000000,43.636027,clear-ocean,30.000000,60.000000,0.151000,704,1541328,395.212308,7.238321,71,0,0,71,0,69,0,0,69,0,0,0,0,0,0,60,11,0,49,0,0,0,0,0,17,54,127,17,54,47,3.045988,213.705413,1392.796198,0.000000,0.000000,62.992126,0,0,0,1240880.106882,16.170564,131.985191,3395.717128,440.005361,132.412334,116.310394,1239892.334280,1236844.833999,688.728089,4035.272883,299.044513,0.035459,0.010671,0.009373,99.920397,0.024099,14.862651,9.547540,2.889972,55.701099,94,0.585531,12,80,0,100.000000,0.821603,59.595960,652.994029,1743.460806,8710.711169,-0.000000,497.516801
5520.000000,contribution,optical,hardware,1,1,1,0,priority,0.000500,180,15,hybrid,0.050000,4000.000000,6.087000,52.000000,500.000000,500.000000,2.000000,120.000000,0.400000,198,127,198,61,119,17,52,0,0,0,0,0,61,61,0,0,0.000000,1.000000,43.568782,clear-ocean,30.000000,60.000000,0.151000,730,1637874,419.967692,7.608110,71,0,0,71,0,69,0,0,69,0,0,0,0,0,0,64,13,0,50,1,0,0,0,0,17,54,127,17,54,48,3.045988,213.705413,1440.382693,0.000000,0.000000,62.204724,0,0,0,1254714.000150,16.170564,131.985191,3632.508923,444.141531,133.446376,130.940181,1253691.682112,1250436.535472,708.528089,4277.464678,313.789949,0.035398,0.010636,0.010436,99.918522,0.025009,14.862651,9.547540,3.027091,55.852174,94,0.678804,12,68,10,100.000000,0.821603,60.101010,678.405406,1760.742029,8796.817885,0.000000,496.476337
5580.000000,contribution,optical,hardware,1,1,1,0,priority,0.000500,180,15,hybrid,0.050000,4000.000000,6.087000,52.000000,500.000000,500.000000,2.000000,120.000000,0.400000,198,127,198,61,122,17,52,0,0,0,0,0,61,61,0,0,0.000000,1.000000,43.568782,clear-ocean,30.000000,60.000000,0.151000,761,1747761,448.143846,8.031252,71,0,0,71,0,69,0,0,69,0,0,0,0,0,0,69,15,0,53,1,0,0,0,0,17,54,127,17,54,51,3.045988,213.705413,1569.427535,0.000000,0.000000,59.842520,0,0,0,1268559.160084,16.170564,131.985191,3880.567385,448.277702,134.480419,131.169968,1267508.802661,1264028.236944,713.928089,4530.923140,336.429333,0.035338,0.010601,0.010340,99.917201,0.026521,14.862651,9.547540,3.043582,55.982796,94,0.764516,12,68,7,100.000000,0.821603,61.616162,751.087527,1849.336201,8882.924601,0.000000,472.065207
5640.000000,contribution,optical,hardware,1,1,1,0,priority,0.000500,180,15,hybrid,0.050000,4000.000000,6.087000,52.000000,500.000000,500.000000,2.000000,120.000000,0.400000,198,127,198,61,124,17,52,0,0,0,0,0,61,61,0,0,0.000000,1.000000,43.568782,clear-ocean,30.000000,60.000000,0.151000,792,1861320,477.261538,8.462084,71,0,0,71,0,69,0,0,69,0,0,0,0,0,0,73,17,0,55,1,0,0,0,0,17,54,127,17,54,53,3.045988,213.705413,1648.674392,0.000000,0.000000,58.267717,0,0,0,1282410.023607,16.170564,131.985191,4134.329436,452.413872,135.514462,131.399755,1281333.452236,1277619.938417,719.328089,4790.085191,357.243282,0.035278,0.010567,0.010246,99.916051,0.027857,14.862651,9.547540,3.120249,56.110638,94,0.821277,12,68,5,100.000000,0.821603,62.626263,798.158200,1900.584397,8969.031318,0.000000,426.598054
5700.000000,contribution,optical,hardware,1,1,1,0,priority,0.000500,180,15,hybrid,0.050000,4000.000000,6.087000,52.000000,500.000000,500.000000,2.000000,120.000000,0.400000,198,127,198,61,129,17,52,0,0,0,0,0,61,61,0,0,0.000000,1.000000,43.568782,clear-ocean,30.000000,60.000000,0.151000,834,2013042,516.164615,9.055520,71,0,0,71,0,69,0,0,69,0,0,0,0,0,0,79,18,0,60,1,0,0,0,0,17,54,127,17,54,58,3.045988,213.705413,1819.900241,0.000000,0.000000,54.330709,0,0,0,1296348.804054,16.170564,131.985191,4476.008410,456.550042,136.548504,131.629543,1295236.394735,1291211.639889,724.728089,5137.164165,387.681231,0.035218,0.010533,0.010154,99.914189,0.029906,14.862651,9.547540,3.086902,56.235789,94,0.838070,12,68,0,100.000000,0.821603,65.151515,908.109210,2056.016842,9055.138034,0.000000,364.386030
5760.000000,contribution,optical,hardware,1,1,1,0,priority,0.000500,180,15,hybrid,0.050000,4000.000000,6.087000,52.000000,500.000000,500.000000,2.000000,120.000000,0.400000,198,127,198,61,130,17,52,0,0,0,0,0,61,61,0,0,0.000000,1.000000,43.568782,clear-ocean,30.000000,60.000000,0.151000,837,2021781,518.405385,9.000093,71,0,0,71,0,69,0,0,69,0,0,0,0,0,0,79,18,0,61,0,0,0,0,0,17,54,127,17,54,59,3.045988,213.705413,1848.818446,0.000000,0.000000,53.543307,0,0,0,1309967.357629,16.170564,131.985191,4497.460513,460.686212,137.582547,131.859330,1308846.025643,1304803.341362,730.128089,5164.016268,391.203897,0.035168,0.010503,0.010066,99.914400,0.029864,14.862651,9.547540,3.049126,56.358333,94,0.829340,12,68,0,100.000000,0.821603,65.656566,928.247403,2069.322222,9141.244750,0.000000,291.328026
5820.000000,contribution,optical,hardware,1,1,1,0,priority,0.000500,180,15,hybrid,0.050000,4000.000000,6.087000,52.000000,500.000000,500.000000,2.000000,120.000000,0.400000,198,127,198,61,130,17,52,0,0,0,0,0,61,61,0,0,0.000000,1.000000,43.568782,clear-ocean,30.000000,60.000000,0.151000,837,2021781,518.405385,8.907309,71,0,0,71,0,69,0,0,69,0,0,0,0,0,0,79,18,0,61,0,0,0,0,0,17,54,127,17,54,59,3.045988,213.705413,1848.818446,0.000000,0.000000,53.543307,0,0,0,1323564.459102,16.170564,131.985191,4497.460513,464.822382,138.616589,132.089117,1322437.727116,1318395.042834,735.528089,5169.416268,391.203897,0.035119,0.010473,0.009980,99.914871,0.029557,14.862651,9.547540,3.049126,56.478351,94,0.820790,12,68,0,100.000000,0.821603,65.656566,928.247403,2047.989003,9227.351466,0.000000,214.351336
5880.000000,contribution,optical,hardware,1,1,1,0,priority,0.000500,180,15,hybrid,0.050000,4000.000000,6.087000,52.000000,500.000000,500.000000,2.000000,120.000000,0.400000,198,127,198,61,130,17,52,0,0,0,0,0,61,61,0,0,0.000000,1.000000,43.568782,clear-ocean,30.000000,60.000000,0.151000,837,2021781,518.405385,8.816418,71,0,0,71,0,69,0,0,69,0,0,0,0,0,0,79,18,0,61,0,0,0,0,0,17,54,127,17,54,59,3.045988,213.705413,1848.818446,0.000000,0.000000,53.543307,0,0,0,1337161.560574,16.170564,131.985191,4497.460513,468.958553,139.650632,132.318904,1336029.428588,1331986.744307,740.928089,5174.816268,391.203897,0.035071,0.010444,0.009896,99.915333,0.029256,14.862651,9.547540,3.049126,56.595918,94,0.812415,12,68,0,100.000000,0.821603,65.656566,928.247403,2027.091156,9313.458182,0.000000,140.754819
5940.000000,contribution,optical,hardware,1,1,1,0,priority,0.000500,180,15,hybrid,0.050000,4000.000000,6.087000,52.000000,500.000000,500.000000,2.000000,120.000000,0.400000,198,127,198,61,130,17,52,0,0,0,0,0,61,61,0,0,0.000000,1.000000,43.568782,clear-ocean,30.000000,60.000000,0.151000,837,2021781,518.405385,8.727363,71,0,0,71,0,69,0,0,69,0,0,0,0,0,0,79,18,0,61,0,0,0,0,0,17,54,127,17,54,59,3.045988,213.705413,1848.818446,0.000000,0.000000,53.543307,0,0,0,1350758.662047,16.170564,131.985191,4497.460513,473.094723,140.684674,132.548692,1349621.130061,1345578.445779,746.328089,5180.216268,391.203897,0.035024,0.010415,0.009813,99.915786,0.028962,14.862651,9.547540,3.049126,56.711111,94,0.804209,12,68,0,100.000000,0.821603,65.656566,928.247403,2006.615488,9399.564898,0.000000,77.516833
6000.000000,contribution,optical,hardware,1,1,1,0,priority,0.000500,180,15,hybrid,0.050000,4000.000000,6.087000,52.000000,500.000000,500.000000,2.000000,120.000000,0.400000,198,127,198,61,130,17,52,0,0,0,0,0,61,61,0,0,0.000000,1.000000,43.568782,clear-ocean,30.000000,60.000000,0.151000,837,2021781,518.405385,8.640090,71,0,0,71,0,69,0,0,69,0,0,0,0,0,0,79,18,0,61,0,0,0,0,0,17,54,127,17,54,59,3.045988,213.705413,1848.818446,0.000000,0.000000,53.543307,0,0,0,1364355.763519,16.170564,131.985191,4497.460513,477.230893,141.718717,132.778479,1363212.831533,1359170.147252,751.728089,5185.616268,391.203897,0.034978,0.010387,0.009732,99.916229,0.028673,14.862651,9.547540,3.049126,56.824000,94,0.796167,12,68,0,100.000000,0.821603,65.656566,928.247403,1986.549333,9485.671614,0.000000,30.633547
6060.000000,contribution,optical,hardware,1,1,1,0,priority,0.000500,180,15,hybrid,0.050000,4000.000000,6.087000,52.000000,500.000000,500.000000,2.000000,120.000000,0.400000,198,127,198,61,130,17,52,0,0,0,0,0,61,61,0,0,0.000000,1.000000,43.568782,clear-ocean,30.000000,60.000000,0.151000,837,2021781,518.405385,8.554544,71,0,0,71,0,69,0,0,69,0,0,0,0,0,0,79,18,0,61,0,0,0,0,0,17,54,127,17,54,59,3.045988,213.705413,1848.818446,0.000000,0.000000,53.543307,0,0,0,1377952.864992,16.170564,131.985191,4497.460513,481.367063,142.752759,133.008266,1376804.533006,1372761.848724,757.128089,5191.016268,391.203897,0.034933,0.010360,0.009653,99.916664,0.028390,14.862651,9.547540,3.049126,56.934653,94,0.788284,12,68,0,100.000000,0.821603,65.656566,928.247403,1966.880528,9571.778331,0.000000,4.550391
6120.000000,contribution,optical,hardware,1,1,1,0,priority,0.000500,180,15,hybrid,0.050000,4000.000000,6.087000,52.000000,500.000000,500.000000,2.000000,120.000000,0.400000,198,127,198,61,130,17,52,0,0,0,0,0,61,61,0,0,0.000000,1.000000,43.568782,clear-ocean,30.000000,60.000000,0.151000,837,2021781,518.405385,8.470676,71,0,0,71,0,69,0,0,69,0,0,0,0,0,0,79,18,0,61,0,0,0,0,0,17,54,127,17,54,59,3.045988,213.705413,1848.818446,0.000000,0.000000,53.543307,0,0,0,1391549.966464,16.170564,131.985191,4497.460513,485.503233,143.786802,133.238053,1390396.234478,1386353.550197,762.528089,5196.416268,391.203897,0.034889,0.010333,0.009575,99.917090,0.028113,14.862651,9.547540,3.049126,57.043137,94,0.780556,12,68,0,100.000000,0.821603,65.656566,928.247403,1947.597386,9657.885047,-0.000000,1.740548
6180.000000,contribution,optical,hardware,1,1,1,0,priority,0.000500,180,15,hybrid,0.050000,4000.000000,6.087000,52.000000,500.000000,500.000000,2.000000,120.000000,0.400000,198,127,198,61,130,17,52,0,0,0,0,0,61,61,0,0,0.000000,1.000000,43.568782,clear-ocean,30.000000,60.000000,0.151000,837,2021781,518.405385,8.388437,71,0,0,71,0,69,0,0,69,0,0,0,0,0,0,79,18,0,61,0,0,0,0,0,17,54,127,17,54,59,3.045988,213.705413,1848.818446,0.000000,0.000000,53.543307,0,0,0,1405147.067937,16.170564,131.985191,4497.460513,489.639404,144.820845,133.467841,1403987.935951,1399945.251669,767.928089,5201.816268,391.203897,0.034846,0.010306,0.009498,99.917508,0.027841,14.862651,9.547540,3.049126,57.149515,94,0.772977,12,68,0,100.000000,0.821603,65.656566,928.247403,1928.688673,9743.991763,-0.000000,22.470444
6240.000000,contribution,optical,hardware,1,1,1,0,priority,0.000500,180,15,hybrid,0.050000,4000.000000,6.087000,52.000000,500.000000,500.000000,2.000000,120.000000,0.400000,198,127,198,61,130,17,52,0,0,0,0,0,61,61,0,0,0.000000,1.000000,43.568782,clear-ocean,30.000000,60.000000,0.151000,837,2021781,518.405385,8.307779,71,0,0,71,0,69,0,0,69,0,0,0,0,0,0,79,18,0,61,0,0,0,0,0,17,54,127,17,54,59,3.045988,213.705413,1848.818446,0.000000,0.000000,53.543307,0,0,0,1418744.169410,16.170564,131.985191,4497.460513,493.775574,145.854887,133.697628,1417579.637423,1413536.953142,773.328089,5207.216268,391.203897,0.034804,0.010281,0.009424,99.917918,0.027574,14.862651,9.547540,3.049126,57.253846,94,0.765545,12,68,0,100.000000,0.821603,65.656566,928.247403,1910.143590,9830.098479,-0.000000,64.774488
6300.000000,contribution,optical,hardware,1,1,1,0,priority,0.000500,180,15,hybrid,0.050000,4000.000000,6.087000,52.000000,500.000000,500.000000,2.000000,120.000000,0.400000,198,127,198,61,130,17,52,0,0,0,0,0,61,61,0,0,0.000000,1.000000,43.568782,clear-ocean,30.000000,60.000000,0.151000,837,2021781,518.405385,8.228657,71,0,0,71,0,69,0,0,69,0,0,0,0,0,0,79,18,0,61,0,0,0,0,0,17,54,127,17,54,59,3.045988,213.705413,1848.818446,0.000000,0.000000,53.543307,0,0,0,1432341.270882,16.170564,131.985191,4497.460513,497.911744,146.888930,133.927415,1431171.338896,1427128.654614,778.728089,5212.616268,391.203897,0.034762,0.010255,0.009350,99.918320,0.027312,14.862651,9.547540,3.049126,57.356190,94,0.758254,12,68,0,100.000000,0.821603,65.656566,928.247403,1891.951746,9916.205195,-0.000000,124.641450
6360.000000,contribution,optical,hardware,1,1,1,0,priority,0.000500,180,15,hybrid,0.050000,4000.000000,6.087000,52.000000,500.000000,500.000000,2.000000,120.000000,0.400000,198,127,198,61,130,17,52,0,0,0,0,0,61,61,0,0,0.000000,1.000000,43.568782,clear-ocean,30.000000,60.000000,0.151000,837,2021781,518.405385,8.151028,71,0,0,71,0,69,0,0,69,0,0,0,0,0,0,79,18,0,61,0,0,0,0,0,17,54,127,17,54,59,3.045988,213.705413,1848.818446,0.000000,0.000000,53.543307,0,0,0,1445938.372355,16.170564,131.985191,4497.460513,502.047914,147.922972,134.157202,1444763.040368,1440720.356087,784.128089,5218.016268,391.203897,0.034721,0.010230,0.009278,99.918715,0.027055,14.862651,9.547540,3.049126,57.456604,94,0.751101,12,68,0,100.000000,0.821603,65.656566,928.247403,1874.103145,10002.311911,-0.000000,196.394798
6420.000000,contribution,optical,hardware,1,1,1,0,priority,0.000500,180,15,hybrid,0.050000,4000.000000,6.087000,52.000000,500.000000,500.000000,2.000000,120.000000,0.400000,198,127,198,61,130,17,52,0,0,0,0,0,61,61,0,0,0.000000,1.000000,43.568782,clear-ocean,30.000000,60.000000,0.151000,837,2021781,518.405385,8.074850,71,0,0,71,0,69,0,0,69,0,0,0,0,0,0,79,18,0,61,0,0,0,0,0,17,54,127,17,54,59,3.045988,213.705413,1848.818446,0.000000,0.000000,53.543307,0,0,0,1459535.473827,16.170564,131.985191,4497.460513,506.184085,148.957015,134.386990,1458354.741841,1454312.057559,789.528089,5223.416268,391.203897,0.034681,0.010206,0.009208,99.919102,0.026803,14.862651,9.547540,3.049126,57.555140,94,0.744081,12,68,0,100.000000,0.821603,65.656566,928.247403,1856.588162,10088.418627,-0.000000,273.230942
6480.000000,contribution,optical,hardware,1,1,1,0,priority,0.000500,180,15,hybrid,0.050000,4000.000000,6.087000,52.000000,500.000000,500.000000,2.000000,120.000000,0.400000,198,127,198,61,130,17,52,0,0,0,0,0,61,61,0,0,0.000000,1.000000,43.568782,clear-ocean,30.000000,60.000000,0.151000,837,2021781,518.405385,8.000083,71,0,0,71,0,69,0,0,69,0,0,0,0,0,0,79,18,0,61,0,0,0,0,0,17,54,127,17,54,59,3.045988,213.705413,1848.818446,0.000000,0.000000,53.543307,0,0,0,1473132.575300,16.170564,131.985191,4497.460513,510.320255,149.991057,134.616777,1471946.443313,1467903.759032,794.928089,5228.816268,391.203897,0.034642,0.010182,0.009138,99.919482,0.026556,14.862651,9.547540,3.049126,57.651852,94,0.737191,12,68,0,100.000000,0.821603,65.656566,928.247403,1839.397531,10174.525344,-0.000000,347.864350
6540.000000,contribution,optical,hardware,1,1,1,0,priority,0.000500,180,15,hybrid,0.050000,4000.000000,6.087000,52.000000,500.000000,500.000000,2.000000,120.000000,0.400000,198,127,198,61,130,17,52,0,0,0,0,0,61,61,0,0,0.000000,1.000000,43.568782,clear-ocean,30.000000,60.000000,0.151000,837,2021781,518.405385,7.926688,71,0,0,71,0,69,0,0,69,0,0,0,0,0,0,79,18,0,61,0,0,0,0,0,17,54,127,17,54,59,3.045988,213.705413,1848.818446,0.000000,0.000000,53.543307,0,0,0,1486729.676772,16.170564,131.985191,4497.460513,514.456425,151.025100,134.846564,1485538.144786,1481495.460504,800.328089,5234.216268,391.203897,0.034603,0.010158,0.009070,99.919856,0.026313,14.862651,9.547540,3.049126,57.746789,94,0.730428,12,68,0,100.000000,0.821603,65.656566,928.247403,1822.522324,10260.632060,-0.000000,413.218348
6600.000000,contribution,optical,hardware,1,1,1,0,priority,0.000500,180,15,hybrid,0.050000,4000.000000,6.087000,52.000000,500.000000,500.000000,2.000000,120.000000,0.400000,198,127,198,61,130,17,52,0,0,0,0,0,61,61,0,0,0.000000,1.000000,43.568782,clear-ocean,30.000000,60.000000,0.151000,837,2021781,518.405385,7.854627,71,0,0,71,0,69,0,0,69,0,0,0,0,0,0,79,18,0,61,0,0,0,0,0,17,54,127,17,54,59,3.045988,213.705413,1848.818446,0.000000,0.000000,53.543307,0,0,0,1500326.778245,16.170564,131.985191,4497.460513,518.592595,152.059142,135.076351,1499129.846258,1495087.161977,805.728089,5239.616268,391.203897,0.034565,0.010135,0.009003,99.920222,0.026075,14.862651,9.547540,3.049126,57.840000,94,0.723788,12,68,0,100.000000,0.821603,65.656566,928.247403,1805.953939,10346.738776,-0.000000,463.096127
6660.000000,contribution,optical,hardware,1,1,1,0,priority,0.000500,180,15,hybrid,0.050000,4000.000000,6.087000,52.000000,500.000000,500.000000,2.000000,120.000000,0.400000,198,127,198,61,130,17,52,0,0,0,0,0,61,61,0,0,0.000000,1.000000,43.568782,clear-ocean,30.000000,60.000000,0.151000,837,2021781,518.405385,7.783865,71,0,0,71,0,69,0,0,69,0,0,0,0,0,0,79,18,0,61,0,0,0,0,0,17,54,127,17,54,59,3.045988,213.705413,1848.818446,0.000000,0.000000,53.543307,0,0,0,1513923.879717,16.170564,131.985191,4497.460513,522.728765,153.093185,135.306138,1512721.547731,1508678.863449,811.128089,5245.016268,391.203897,0.034528,0.010112,0.008937,99.920582,0.025840,14.862651,9.547540,3.049126,57.931532,94,0.717267,12,68,0,100.000000,0.821603,65.656566,928.247403,1789.684084,10432.845492,-0.000000,492.768323
6720.000000,contribution,optical,hardware,1,1,1,0,priority,0.000500,180,15,hybrid,0.050000,4000.000000,6.087000,52.000000,500.000000,500.000000,2.000000,120.000000,0.400000,198,127,198,73,131,17,52,0,0,0,0,0,73,73,0,0,0.000000,1.000000,43.403651,clear-ocean,30.000000,60.000000,0.151000,856,2093040,536.676923,7.986264,71,0,0,71,0,69,0,0,69,0,0,0,0,0,0,82,19,0,62,1,0,0,0,0,17,54,127,17,54,60,3.045988,213.705413,1893.187760,0.000000,0.000000,52.755906,0,0,0,1527703.260985,16.170564,131.985191,4679.740308,526.864936,154.127227,149.935926,1526469.024793,1522270.564922,830.928089,5432.696063,403.308103,0.034487,0.010089,0.009814,99.919210,0.026400,14.862651,9.547540,3.119827,57.962500,94,0.764435,12,56,10,100.000000,0.821603,66.161616,955.596486,1803.466667,10518.952208,0.000000,499.421444
6780.000000,contribution,optical,hardware,1,1,1,0,priority,0.000500,180,15,hybrid,0.050000,4000.000000,6.087000,52.000000,500.000000,500.000000,2.000000,120.000000,0.400000,198,127,198,73,134,17,52,0,0,0,0,0,73,73,0,0,0.000000,1.000000,43.403651,clear-ocean,30.000000,60.000000,0.151000,889,2211201,566.974615,8.362457,71,0,0,71,0,69,0,0,69,0,0,0,0,0,0,87,21,0,65,1,0,0,0,0,17,54,127,17,54,63,3.045988,213.705413,2016.299533,0.000000,0.000000,50.393701,0,0,0,1541565.393226,16.170564,131.985191,4944.771077,531.001106,155.161270,150.165713,1540303.117650,1535862.266394,836.328089,5703.126832,425.947487,0.034446,0.010065,0.009741,99.918117,0.027631,14.862651,9.547540,3.139537,57.945133,94,0.830531,12,56,7,100.000000,0.821603,67.676768,1034.468244,1876.002360,10605.058924,0.000000,482.424646
6840.000000,contribution,optical,hardware,1,1,1,0,priority,0.000500,180,15,hybrid,0.050000,4000.000000,6.087000,52.000000,500.000000,500.000000,2.000000,120.000000,0.400000,198,127,198,73,139,17,52,0,0,0,0,0,73,73,0,0,0.000000,1.000000,43.403651,clear-ocean,30.000000,60.000000,0.151000,932,2367060,606.938462,8.873369,71,0,0,71,0,69,0,0,69,0,0,0,0,0,0,93,22,0,70,1,0,0,0,0,17,54,127,17,54,68,3.045988,213.705413,2186.633825,0.000000,0.000000,46.456693,0,0,0,1555512.659827,16.170564,131.985191,5294.936205,535.137276,156.195313,150.395500,1554214.546302,1549453.967867,841.728089,6058.691960,456.385436,0.034403,0.010041,0.009669,99.916548,0.029340,14.862651,9.547540,3.114668,57.928070,94,0.856871,12,56,2,100.000000,0.821603,70.202020,1153.114922,2005.745029,10691.165640,0.000000,443.389552
6900.000000,contribution,optical,hardware,1,1,1,0,priority,0.000500,180,15,hybrid,0.050000,4000.000000,6.087000,52.000000,500.000000,500.000000,2.000000,120.000000,0.400000,198,127,198,73,142,17,52,0,0,0,0,0,73,73,0,0,0.000000,1.000000,43.403651,clear-ocean,30.000000,60.000000,0.151000,949,2426373,622.146923,9.016622,71,0,0,71,0,69,0,0,69,0,0,0,0,0,0,95,22,0,73,0,0,0,0,0,17,54,127,17,54,71,3.045988,213.705413,2273.528711,0.000000,0.000000,44.094488,0,0,0,1569246.249915,16.170564,131.985191,5431.424821,539.273446,157.229355,150.625287,1567927.925313,1563045.669339,847.128089,6200.580576,471.196513,0.034365,0.010019,0.009599,99.915990,0.030027,14.862651,9.547540,3.059958,57.911304,94,0.852319,12,56,0,100.000000,0.821603,71.717172,1218.397272,2075.260290,10777.272357,0.000000,386.017433
6960.000000,contribution,optical,hardware,1,1,1,0,priority,0.000500,180,15,hybrid,0.050000,4000.000000,6.087000,52.000000,500.000000,500.000000,2.000000,120.000000,0.400000,198,127,198,73,142,17,52,0,0,0,0,0,73,73,0,0,0.000000,1.000000,43.403651,clear-ocean,30.000000,60.000000,0.151000,949,2426373,622.146923,8.938893,71,0,0,71,0,69,0,0,69,0,0,0,0,0,0,95,22,0,73,0,0,0,0,0,17,54,127,17,54,71,3.045988,213.705413,2273.528711,0.000000,0.000000,44.094488,0,0,0,1582843.351387,16.170564,131.985191,5431.424821,543.409616,158.263398,150.855075,1581519.626786,1576637.370812,852.528089,6205.980576,471.196513,0.034331,0.009999,0.009531,99.916370,0.029769,14.862651,9.547540,3.059958,57.894828,94,0.844971,12,56,0,100.000000,0.821603,71.717172,1218.397272,2057.370115,10863.379073,0.000000,315.748263
7020.000000,contribution,optical,hardware,1,1,1,0,priority,0.000500,180,15,hybrid,0.050000,4000.000000,6.087000,52.000000,500.000000,500.000000,2.000000,120.000000,0.400000,198,127,198,73,142,17,52,0,0,0,0,0,73,73,0,0,0.000000,1.000000,43.403651,clear-ocean,30.000000,60.000000,0.151000,949,2426373,622.146923,8.862492,71,0,0,71,0,69,0,0,69,0,0,0,0,0,0,95,22,0,73,0,0,0,0,0,17,54,127,17,54,71,3.045988,213.705413,2273.528711,0.000000,0.000000,44.094488,0,0,0,1596440.452860,16.170564,131.985191,5431.424821,547.545787,159.297440,151.084862,1595111.328258,1590229.072284,857.928089,6211.380576,471.196513,0.034298,0.009978,0.009464,99.916744,0.029515,14.862651,9.547540,3.059958,57.878632,94,0.837749,12,56,0,100.000000,0.821603,71.717172,1218.397272,2039.785755,10949.485789,0.000000,239.244901
7080.000000,contribution,optical,hardware,1,1,1,0,priority,0.000500,180,15,hybrid,0.050000,4000.000000,6.087000,52.000000,500.000000,500.000000,2.000000,120.000000,0.400000,198,127,198,73,142,17,52,0,0,0,0,0,73,73,0,0,0.000000,1.000000,43.403651,clear-ocean,30.000000,60.000000,0.151000,949,2426373,622.146923,8.787386,71,0,0,71,0,69,0,0,69,0,0,0,0,0,0,95,22,0,73,0,0,0,0,0,17,54,127,17,54,71,3.045988,213.705413,2273.528711,0.000000,0.000000,44.094488,0,0,0,1610037.554333,16.170564,131.985191,5431.424821,551.681957,160.331483,151.314649,1608703.029731,1603820.773757,863.328089,6216.780576,471.196513,0.034265,0.009958,0.009398,99.917112,0.029266,14.862651,9.547540,3.059958,57.862712,94,0.830650,12,56,0,100.000000,0.821603,71.717172,1218.397272,2022.499435,11035.592505,0.000000,163.761329
7140.000000,contribution,optical,hardware,1,1,1,0,priority,0.000500,180,15,hybrid,0.050000,4000.000000,6.087000,52.000000,500.000000,500.000000,2.000000,120.000000,0.400000,198,127,198,73,142,17,52,0,0,0,0,0,73,73,0,0,0.000000,1.000000,43.403651,clear-ocean,30.000000,60.000000,0.151000,949,2426373,622.146923,8.713542,71,0,0,71,0,69,0,0,69,0,0,0,0,0,0,95,22,0,73,0,0,0,0,0,17,54,127,17,54,71,3.045988,213.705413,2273.528711,0.000000,0.000000,44.094488,0,0,0,1623634.655805,16.170564,131.985191,5431.424821,555.818127,161.365525,151.544436,1622294.731203,1617412.475230,868.728089,6222.180576,471.196513,0.034233,0.009939,0.009334,99.917474,0.029021,14.862651,9.547540,3.059958,57.847059,94,0.823669,12,56,0,100.000000,0.821603,71.717172,1218.397272,2005.503641,11121.699221,0.000000,96.454830
7200.000000,contribution,optical,hardware,1,1,1,0,priority,0.000500,180,15,hybrid,0.050000,4000.000000,6.087000,52.000000,500.000000,500.000000,2.000000,120.000000,0.400000,198,127,198,73,142,17,52,0,0,0,0,0,73,73,0,0,0.000000,1.000000,43.403651,clear-ocean,30.000000,60.000000,0.151000,949,2426373,622.146923,8.640929,71,0,0,71,0,69,0,0,69,0,0,0,0,0,0,95,22,0,73,0,0,0,0,0,17,54,127,17,54,71,3.045988,213.705413,2273.528711,0.000000,0.000000,44.094488,0,0,0,1637231.757278,16.170564,131.985191,5431.424821,559.954297,162.399568,151.774224,1635886.432676,1631004.176702,874.128089,6227.580576,471.196513,0.034201,0.009919,0.009270,99.917829,0.028780,14.862651,9.547540,3.059958,57.831667,94,0.816806,12,56,0,100.000000,0.821603,71.717172,1218.397272,1988.791111,11207.805937,0.000000,43.707346
7260.000000,contribution,optical,hardware,1,1,1,0,priority,0.000500,180,15,hybrid,0.050000,4000.000000,6.087000,52.000000,500.000000,500.000000,2.000000,120.000000,0.400000,198,127,198,73,142,17,52,0,0,0,0,0,73,73,0,0,0.000000,1.000000,43.403651,clear-ocean,30.000000,60.000000,0.151000,949,2426373,622.146923,8.569517,71,0,0,71,0,69,0,0,69,0,0,0,0,0,0,95,22,0,73,0,0,0,0,0,17,54,127,17,54,71,3.045988,213.705413,2273.528711,0.000000,0.000000,44.094488,0,0,0,1650828.858750,16.170564,131.985191,5431.424821,564.090468,163.433610,152.004011,1649478.134148,1644595.878175,879.528089,6232.980576,471.196513,0.034170,0.009900,0.009208,99.918179,0.028543,14.862651,9.547540,3.059958,57.816529,94,0.810055,12,56,0,100.000000,0.821603,71.717172,1218.397272,1972.354821,11293.912653,0.000000,10.520348
7320.000000,contribution,optical,hardware,1,1,1,0,priority,0.000500,180,15,hybrid,0.050000,4000.000000,6.087000,52.000000,500.000000,500.000000,2.000000,120.000000,0.400000,198,127,198,73,142,17,52,0,0,0,0,0,73,73,0,0,0.000000,1.000000,43.403651,clear-ocean,30.000000,60.000000,0.151000,949,2426373,622.146923,8.499275,71,0,0,71,0,69,0,0,69,0,0,0,0,0,0,95,22,0,73,0,0,0,0,0,17,54,127,17,54,71,3.045988,213.705413,2273.528711,0.000000,0.000000,44.094488,0,0,0,1664425.960223,16.170564,131.985191,5431.424821,568.226638,164.467653,152.233798,1663069.835621,1658187.579647,884.928089,6238.380576,471.196513,0.034139,0.009881,0.009146,99.918523,0.028310,14.862651,9.547540,3.059958,57.801639,94,0.803415,12,56,0,100.000000,0.821603,71.717172,1218.397272,1956.187978,11380.019370,-0.000000,0.040596
7380.000000,contribution,optical,hardware,1,1,1,0,priority,0.000500,180,15,hybrid,0.050000,4000.000000,6.087000,52.000000,500.000000,500.000000,2.000000,120.000000,0.400000,198,127,198,73,142,17,52,0,0,0,0,0,73,73,0,0,0.000000,1.000000,43.403651,clear-ocean,30.000000,60.000000,0.151000,949,2426373,622.146923,8.430175,71,0,0,71,0,69,0,0,69,0,0,0,0,0,0,95,22,0,73,0,0,0,0,0,17,54,127,17,54,71,3.045988,213.705413,2273.528711,0.000000,0.000000,44.094488,0,0,0,1678023.061695,16.170564,131.985191,5431.424821,572.362808,165.501696,152.463585,1676661.537093,1671779.281120,890.328089,6243.780576,471.196513,0.034109,0.009863,0.009086,99.918861,0.028080,14.862651,9.547540,3.059958,57.786992,94,0.796883,12,56,0,100.000000,0.821603,71.717172,1218.397272,1940.284011,11466.126086,-0.000000,13.261771
7440.000000,contribution,optical,hardware,1,1,1,0,priority,0.000500,180,15,hybrid,0.050000,4000.000000,6.087000,52.000000,500.000000,500.000000,2.000000,120.000000,0.400000,198,127,198,73,142,17,52,0,0,0,0,0,73,73,0,0,0.000000,1.000000,43.403651,clear-ocean,30.000000,60.000000,0.151000,949,2426373,622.146923,8.362190,71,0,0,71,0,69,0,0,69,0,0,0,0,0,0,95,22,0,73,0,0,0,0,0,17,54,127,17,54,71,3.045988,213.705413,2273.528711,0.000000,0.000000,44.094488,0,0,0,1691620.163168,16.170564,131.985191,5431.424821,576.498978,166.535738,152.693373,1690253.238566,1685370.982592,895.728089,6249.180576,471.196513,0.034080,0.009845,0.009026,99.919194,0.027855,14.862651,9.547540,3.059958,57.772581,94,0.790457,12,56,0,100.000000,0.821603,71.717172,1218.397272,1924.636559,11552.232802,-0.000000,48.930253
7500.000000,contribution,optical,hardware,1,1,1,0,priority,0.000500,180,15,hybrid,0.050000,4000.000000,6.087000,52.000000,500.000000,500.000000,2.000000,120.000000,0.400000,198,127,198,73,142,17,52,0,0,0,0,0,73,73,0,0,0.000000,1.000000,43.403651,clear-ocean,30.000000,60.000000,0.151000,949,2426373,622.146923,8.295292,71,0,0,71,0,69,0,0,69,0,0,0,0,0,0,95,22,0,73,0,0,0,0,0,17,54,127,17,54,71,3.045988,213.705413,2273.528711,0.000000,0.000000,44.094488,0,0,0,1705217.264640,16.170564,131.985191,5431.424821,580.635148,167.569781,152.923160,1703844.940038,1698962.684065,901.128089,6254.580576,471.196513,0.034051,0.009827,0.008968,99.919522,0.027633,14.862651,9.547540,3.059958,57.758400,94,0.784133,12,56,0,100.000000,0.821603,71.717172,1218.397272,1909.239467,11638.339518,-0.000000,103.663988
7560.000000,contribution,optical,hardware,1,1,1,0,priority,0.000500,180,15,hybrid,0.050000,4000.000000,6.087000,52.000000,500.000000,500.000000,2.000000,120.000000,0.400000,198,127,198,73,142,17,52,0,0,0,0,0,73,73,0,0,0.000000,1.000000,43.403651,clear-ocean,30.000000,60.000000,0.151000,949,2426373,622.146923,8.229457,71,0,0,71,0,69,0,0,69,0,0,0,0,0,0,95,22,0,73,0,0,0,0,0,17,54,127,17,54,71,3.045988,213.705413,2273.528711,0.000000,0.000000,44.094488,0,0,0,1718814.366113,16.170564,131.985191,5431.424821,584.771319,168.603823,153.152947,1717436.641511,1712554.385537,906.528089,6259.980576,471.196513,0.034022,0.009809,0.008910,99.919844,0.027414,14.862651,9.547540,3.059958,57.744444,94,0.777910,12,56,0,100.000000,0.821603,71.717172,1218.397272,1894.086772,11724.446234,-0.000000,172.273173
7620.000000,contribution,optical,hardware,1,1,1,0,priority,0.000500,180,15,hybrid,0.050000,4000.000000,6.087000,52.000000,500.000000,500.000000,2.000000,120.000000,0.400000,198,127,198,73,142,17,52,0,0,0,0,0,73,73,0,0,0.000000,1.000000,43.403651,clear-ocean,30.000000,60.000000,0.151000,949,2426373,622.146923,8.164658,71,0,0,71,0,69,0,0,69,0,0,0,0,0,0,95,22,0,73,0,0,0,0,0,17,54,127,17,54,71,3.045988,213.705413,2273.528711,0.000000,0.000000,44.094488,0,0,0,1732411.467585,16.170564,131.985191,5431.424821,588.907489,169.637866,153.382734,1731028.342983,1726146.087010,911.928089,6265.380576,471.196513,0.033994,0.009792,0.008854,99.920162,0.027199,14.862651,9.547540,3.059958,57.730709,94,0.771785,12,56,0,100.000000,0.821603,71.717172,1218.397272,1879.172703,11810.552950,-0.000000,248.252347
7680.000000,contribution,optical,hardware,1,1,1,0,priority,0.000500,180,15,hybrid,0.050000,4000.000000,6.087000,52.000000,500.000000,500.000000,2.000000,120.000000,0.400000,198,127,198,73,142,17,52,0,0,0,0,0,73,73,0,0,0.000000,1.000000,43.403651,clear-ocean,30.000000,60.000000,0.151000,949,2426373,622.146923,8.100871,71,0,0,71,0,69,0,0,69,0,0,0,0,0,0,95,22,0,73,0,0,0,0,0,17,54,127,17,54,71,3.045988,213.705413,2273.528711,0.000000,0.000000,44.094488,0,0,0,1746008.569058,16.170564,131.985191,5431.424821,593.043659,170.671908,153.612521,1744620.044456,1739737.788482,917.328089,6270.780576,471.196513,0.033966,0.009775,0.008798,99.920474,0.026987,14.862651,9.547540,3.059958,57.717188,94,0.765755,12,56,0,100.000000,0.821603,71.717172,1218.397272,1864.491667,11896.659666,-0.000000,324.397231
7740.000000,contribution,optical,hardware,1,1,1,0,priority,0.000500,180,15,hybrid,0.050000,4000.000000,6.087000,52.000000,500.000000,500.000000,2.000000,120.000000,0.400000,198,127,198,73,142,17,52,0,0,0,0,0,73,73,0,0,0.000000,1.000000,43.403651,clear-ocean,30.000000,60.000000,0.151000,949,2426373,622.146923,8.038074,71,0,0,71,0,69,0,0,69,0,0,0,0,0,0,95,22,0,73,0,0,0,0,0,17,54,127,17,54,71,3.045988,213.705413,2273.528711,0.000000,0.000000,44.094488,0,0,0,1759605.670530,16.170564,131.985191,5431.424821,597.179829,171.705951,153.842309,1758211.745928,1753329.489955,922.728089,6276.180576,471.196513,0.033938,0.009758,0.008743,99.920782,0.026779,14.862651,9.547540,3.059958,57.703876,94,0.759819,12,56,0,100.000000,0.821603,71.717172,1218.397272,1850.038243,11982.766383,-0.000000,393.487836
7800.000000,contribution,optical,hardware,1,1,1,0,priority,0.000500,180,15,hybrid,0.050000,4000.000000,6.087000,52.000000,500.000000,500.000000,2.000000,120.000000,0.400000,198,127,198,73,142,17,52,0,0,0,0,0,73,73,0,0,0.000000,1.000000,43.403651,clear-ocean,30.000000,60.000000,0.151000,949,2426373,622.146923,7.976243,71,0,0,71,0,69,0,0,69,0,0,0,0,0,0,95,22,0,73,0,0,0,0,0,17,54,127,17,54,71,3.045988,213.705413,2273.528711,0.000000,0.000000,44.094488,0,0,0,1773202.772003,16.170564,131.985191,5431.424821,601.315999,172.739993,154.072096,1771803.447401,1766921.191427,928.128089,6281.580576,471.196513,0.033911,0.009742,0.008689,99.921085,0.026573,14.862651,9.547540,3.059958,57.690769,94,0.753974,12,56,0,100.000000,0.821603,71.717172,1218.397272,1835.807179,12068.873099,-0.000000,448.973053
7860.000000,contribution,optical,hardware,1,1,1,0,priority,0.000500,180,15,hybrid,0.050000,4000.000000,6.087000,52.000000,500.000000,500.000000,2.000000,120.000000,0.400000,198,127,198,73,142,17,52,0,0,0,0,0,73,73,0,0,0.000000,1.000000,43.403651,clear-ocean,30.000000,60.000000,0.151000,949,2426373,622.146923,7.915355,71,0,0,71,0,69,0,0,69,0,0,0,0,0,0,95,22,0,73,0,0,0,0,0,17,54,127,17,54,71,3.045988,213.705413,2273.528711,0.000000,0.000000,44.094488,0,0,0,1786799.873475,16.170564,131.985191,5431.424821,605.452170,173.774036,154.301883,1785395.148873,1780512.892900,933.528089,6286.980576,471.196513,0.033885,0.009725,0.008636,99.921383,0.026371,14.862651,9.547540,3.059958,57.677863,94,0.748219,12,56,0,100.000000,0.821603,71.717172,1218.397272,1821.793384,12154.979815,-0.000000,485.591824
7920.000000,contribution,optical,hardware,1,1,1,0,priority,0.000500,180,15,hybrid,0.050000,4000.000000,6.087000,52.000000,500.000000,500.000000,2.000000,120.000000,0.400000,198,127,198,81,143,17,52,0,0,0,0,0,81,81,0,0,0.000000,1.000000,43.376782,clear-ocean,30.000000,60.000000,0.151000,961,2472345,633.934615,8.004225,71,0,0,71,0,69,0,0,69,0,0,0,0,0,0,97,22,0,74,1,0,0,0,0,17,54,127,17,54,72,3.045988,213.705413,2315.103859,0.000000,0.000000,43.307087,0,0,0,1800515.045512,16.170564,131.985191,5549.495385,609.588340,174.808079,164.131670,1799087.555166,1794104.594372,948.528089,6410.451140,478.962256,0.033856,0.009709,0.009116,99.920718,0.026601,14.862651,9.547540,3.083053,57.652020,94,0.753662,12,48,6,100.000000,0.821603,72.222222,1246.708755,1833.244444,12241.086531,-0.000000,499.871988
7980.000000,contribution,optical,hardware,1,1,1,0,priority,0.000500,180,15,hybrid,0.050000,4000.000000,6.087000,52.000000,500.000000,500.000000,2.000000,120.000000,0.400000,198,127,198,81,146,17,52,0,0,0,0,0,81,81,0,0,0.000000,1.000000,43.376782,clear-ocean,30.000000,60.000000,0.151000,993,2586369,663.171538,8.310420,71,0,0,71,0,69,0,0,69,0,0,0,0,0,0,102,24,0,77,1,0,0,0,0,17,54,127,17,54,75,3.045988,213.705413,2433.175232,0.000000,0.000000,40.944882,0,0,0,1814367.747600,16.170564,131.985191,5805.096000,613.724510,175.842121,164.361458,1812913.161870,1807696.295845,953.928089,6671.451755,500.657641,0.033826,0.009692,0.009059,99.919830,0.027594,14.862651,9.547540,3.096051,57.579449,94,0.784837,12,48,3,100.000000,0.821603,73.737374,1329.315181,1894.648622,12327.193247,0.000000,490.459514
8040.000000,contribution,optical,hardware,1,1,1,0,priority,0.000500,180,15,hybrid,0.050000,4000.000000,6.087000,52.000000,500.000000,500.000000,2.000000,120.000000,0.400000,198,127,198,81,147,17,52,0,0,0,0,0,81,81,0,0,0.000000,1.000000,43.376782,clear-ocean,30.000000,60.000000,0.151000,1019,2679243,686.985385,8.544594,71,0,0,71,0,69,0,0,69,0,0,0,0,0,0,105,26,0,78,1,0,0,0,0,17,54,127,17,54,76,3.045988,213.705413,2469.827001,0.000000,0.000000,40.157480,0,0,0,1828173.598406,16.170564,131.985191,6013.845333,617.860680,176.876164,164.591245,1826695.377394,1821287.997317,959.328089,6885.601088,518.892923,0.033797,0.009675,0.009003,99.919142,0.028383,14.862651,9.547540,3.165182,57.507960,94,0.799627,12,48,2,100.000000,0.821603,74.242424,1355.773647,1905.385075,12413.299963,0.000000,458.246884
8100.000000,contribution,optical,hardware,1,1,1,0,priority,0.000500,180,15,hybrid,0.050000,4000.000000,6.087000,52.000000,500.000000,500.000000,2.000000,120.000000,0.400000,198,127,198,81,150,17,52,0,0,0,0,0,81,81,0,0,0.000000,1.000000,43.376782,clear-ocean,30.000000,60.000000,0.151000,1047,2780391,712.920769,8.801491,71,0,0,71,0,69,0,0,69,0,0,0,0,0,0,109,28,0,81,0,0,0,0,0,17,54,127,17,54,79,3.045988,213.705413,2571.411924,0.000000,0.000000,37.795276,0,0,0,1841998.190955,16.170564,131.985191,6241.336410,621.996851,177.910206,164.821032,1840494.571789,1834879.698790,964.728089,7118.492165,538.891077,0.033768,0.009659,0.008948,99.918370,0.029256,14.862651,9.547540,3.160170,57.437531,94,0.798148,12,48,0,100.000000,0.821603,75.757576,1431.556107,1965.345185,12499.406680,0.000000,406.288471
8160.000000,contribution,optical,hardware,1,1,1,0,priority,0.000500,180,15,hybrid,0.050000,4000.000000,6.087000,52.000000,500.000000,500.000000,2.000000,120.000000,0.400000,198,127,198,81,150,17,52,0,0,0,0,0,81,81,0,0,0.000000,1.000000,43.376782,clear-ocean,30.000000,60.000000,0.151000,1047,2780391,712.920769,8.736774,71,0,0,71,0,69,0,0,69,0,0,0,0,0,0,109,28,0,81,0,0,0,0,0,17,54,127,17,54,79,3.045988,213.705413,2571.411924,0.000000,0.000000,37.795276,0,0,0,1855595.292428,16.170564,131.985191,6241.336410,626.133021,178.944249,165.050819,1854086.273262,1848471.400262,970.128089,7123.892165,538.891077,0.033743,0.009643,0.008895,99.918677,0.029041,14.862651,9.547540,3.160170,57.368137,94,0.792279,12,48,0,100.000000,0.821603,75.757576,1431.556107,1950.894118,12585.513396,0.000000,339.510925
8220.000000,contribution,optical,hardware,1,1,1,0,priority,0.000500,180,15,hybrid,0.050000,4000.000000,6.087000,52.000000,500.000000,500.000000,2.000000,120.000000,0.400000,198,127,198,81,150,17,52,0,0,0,0,0,81,81,0,0,0.000000,1.000000,43.376782,clear-ocean,30.000000,60.000000,0.151000,1047,2780391,712.920769,8.673002,71,0,0,71,0,69,0,0,69,0,0,0,0,0,0,109,28,0,81,0,0,0,0,0,17,54,127,17,54,79,3.045988,213.705413,2571.411924,0.000000,0.000000,37.795276,0,0,0,1869192.393900,16.170564,131.985191,6241.336410,630.269191,179.978291,165.280607,1867677.974734,1862063.101735,975.528089,7129.292165,538.891077,0.033719,0.009629,0.008842,99.918980,0.028830,14.862651,9.547540,3.160170,57.299757,94,0.786496,12,48,0,100.000000,0.821603,75.757576,1431.556107,1936.654015,12528.379888,0.000000,385.182255
8280.000000,contribution,optical,hardware,1,1,1,0,priority,0.000500,180,15,hybrid,0.050000,4000.000000,6.087000,52.000000,500.000000,500.000000,2.000000,120.000000,0.400000,198,127,198,81,150,17,52,0,0,0,0,0,81,81,0,0,0.000000,1.000000,43.376782,clear-ocean,30.000000,60.000000,0.151000,1047,2780391,712.920769,8.610154,71,0,0,71,0,69,0,0,69,0,0,0,0,0,0,109,28,0,81,0,0,0,0,0,17,54,127,17,54,79,3.045988,213.705413,2571.411924,0.000000,0.000000,37.795276,0,0,0,1882789.495373,16.170564,131.985191,6241.336410,634.405361,181.012334,165.510394,1881269.676207,1875654.803207,980.928089,7134.692165,538.891077,0.033695,0.009614,0.008791,99.919278,0.028622,14.862651,9.547540,3.160170,57.232367,94,0.780797,12,48,0,100.000000,0.821603,75.757576,1431.556107,1922.620290,12442.273172,0.000000,442.758027
8340.000000,contribution,optical,hardware,1,1,1,0,priority,0.000500,180,15,hybrid,0.050000,4000.000000,6.087000,52.000000,500.000000,500.000000,2.000000,120.000000,0.400000,198,127,198,81,150,17,52,0,0,0,0,0,81,81,0,0,0.000000,1.000000,43.376782,clear-ocean,30.000000,60.000000,0.151000,1047,2780391,712.920769,8.548211,71,0,0,71,0,69,0,0,69,0,0,0,0,0,0,109,28,0,81,0,0,0,0,0,17,54,127,17,54,79,3.045988,213.705413,2571.411924,0.000000,0.000000,37.795276,0,0,0,1896386.596845,16.170564,131.985191,6241.336410,638.541531,182.046376,165.740181,1894861.377679,1889246.504680,986.328089,7140.092165,538.891077,0.033671,0.009600,0.008740,99.919572,0.028417,14.862651,9.547540,3.160170,57.165947,94,0.775180,12,48,0,100.000000,0.821603,75.757576,1431.556107,1908.788489,12356.166456,0.000000,482.056655
8400.000000,contribution,optical,hardware,1,1,1,0,priority,0.000500,180,15,hybrid,0.050000,4000.000000,6.087000,52.000000,500.000000,500.000000,2.000000,120.000000,0.400000,198,127,198,81,150,17,52,0,0,0,0,0,81,81,0,0,0.000000,1.000000,43.376782,clear-ocean,30.000000,60.000000,0.151000,1047,2780391,712.920769,8.487152,71,0,0,71,0,69,0,0,69,0,0,0,0,0,0,109,28,0,81,0,0,0,0,0,17,54,127,17,54,79,3.045988,213.705413,2571.411924,0.000000,0.000000,37.795276,0,0,0,1909983.698318,16.170564,131.985191,6241.336410,642.677702,183.080419,165.969968,1908453.079152,1902838.206152,991.728089,7145.492165,538.891077,0.033648,0.009585,0.008690,99.919862,0.028214,14.862651,9.547540,3.160170,57.100476,94,0.769643,12,48,0,100.000000,0.821603,75.757576,1431.556107,1895.154286,12270.059740,0.000000,499.351878
8460.000000,contribution,optical,hardware,1,1,1,0,priority,0.000500,180,15,hybrid,0.050000,4000.000000,6.087000,52.000000,500.000000,500.000000,2.000000,120.000000,0.400000,198,127,198,81,150,17,52,0,0,0,0,0,81,81,0,0,0.000000,1.000000,43.376782,clear-ocean,30.000000,60.000000,0.151000,1047,2780391,712.920769,8.426959,71,0,0,71,0,69,0,0,69,0,0,0,0,0,0,109,28,0,81,0,0,0,0,0,17,54,127,17,54,79,3.045988,213.705413,2571.411924,0.000000,0.000000,37.795276,0,0,0,1923580.799790,16.170564,131.985191,6241.336410,646.813872,184.114462,166.199755,1922044.780624,1916429.907625,997.128089,7150.892165,538.891077,0.033626,0.009571,0.008640,99.920148,0.028015,14.862651,9.547540,3.160170,57.035934,94,0.764184,12,48,0,100.000000,0.821603,75.757576,1431.556107,1881.713475,12183.953024,-0.000000,493.003780
8520.000000,contribution,optical,hardware,1,1,1,0,priority,0.000500,180,15,hybrid,0.050000,4000.000000,6.087000,52.000000,500.000000,500.000000,2.000000,120.000000,0.400000,198,127,198,81,150,17,52,0,0,0,0,0,81,81,0,0,0.000000,1.000000,43.376782,clear-ocean,30.000000,60.000000,0.151000,1047,2780391,712.920769,8.367615,71,0,0,71,0,69,0,0,69,0,0,0,0,0,0,109,28,0,81,0,0,0,0,0,17,54,127,17,54,79,3.045988,213.705413,2571.411924,0.000000,0.000000,37.795276,0,0,0,1937177.901263,16.170564,131.985191,6241.336410,650.950042,185.148504,166.429543,1935636.482097,1930021.609097,1002.528089,7156.292165,538.891077,0.033603,0.009558,0.008591,99.920430,0.027818,14.862651,9.547540,3.160170,56.972300,94,0.758803,12,48,0,100.000000,0.821603,75.757576,1431.556107,1868.461972,12097.846307,-0.000000,463.614281
8580.000000,contribution,optical,hardware,1,1,1,0,priority,0.000500,180,15,hybrid,0.050000,4000.000000,6.087000,52.000000,500.000000,500.000000,2.000000,120.000000,0.400000,198,127,198,81,150,17,52,0,0,0,0,0,81,81,0,0,0.000000,1.000000,43.376782,clear-ocean,30.000000,60.000000,0.151000,1047,2780391,712.920769,8.309100,71,0,0,71,0,69,0,0,69,0,0,0,0,0,0,109,28,0,81,0,0,0,0,0,17,54,127,17,54,79,3.045988,213.705413,2571.411924,0.000000,0.000000,37.795276,0,0,0,1950775.002735,16.170564,131.985191,6241.336410,655.086212,186.182547,166.659330,1949228.183569,1943613.310570,1007.928089,7161.692165,538.891077,0.033581,0.009544,0.008543,99.920707,0.027624,14.862651,9.547540,3.160170,56.909557,94,0.753497,12,48,0,100.000000,0.821603,75.757576,1431.556107,1855.395804,12011.739591,-0.000000,413.970067
8640.000000,contribution,optical,hardware,1,1,1,0,priority,0.000500,180,15,hybrid,0.050000,4000.000000,6.087000,52.000000,500.000000,500.000000,2.000000,120.000000,0.400000,198,127,198,81,150,17,52,0,0,0,0,0,81,81,0,0,0.000000,1.000000,43.376782,clear-ocean,30.000000,60.000000,0.151000,1047,2780391,712.920769,8.251398,71,0,0,71,0,69,0,0,69,0,0,0,0,0,0,109,28,0,81,0,0,0,0,0,17,54,127,17,54,79,3.045988,213.705413,2571.411924,0.000000,0.000000,37.795276,0,0,0,1964372.104208,16.170564,131.985191,6241.336410,659.222382,187.216589,166.889117,1962819.885042,1957205.012042,1013.328089,7167.092165,538.891077,0.033559,0.009531,0.008496,99.920981,0.027433,14.862651,9.547540,3.160170,56.847685,94,0.748264,12,48,0,100.000000,0.821603,75.757576,1431.556107,1842.511111,11925.632875,-0.000000,348.778358
8700.000000,contribution,optical,hardware,1,1,1,0,priority,0.000500,180,15,hybrid,0.050000,4000.000000,6.087000,52.000000,500.000000,500.000000,2.000000,120.000000,0.400000,198,127,198,81,150,17,52,0,0,0,0,0,81,81,0,0,0.000000,1.000000,43.376782,clear-ocean,30.000000,60.000000,0.151000,1047,2780391,712.920769,8.194492,71,0,0,71,0,69,0,0,69,0,0,0,0,0,0,109,28,0,81,0,0,0,0,0,17,54,127,17,54,79,3.045988,213.705413,2571.411924,0.000000,0.000000,37.795276,0,0,0,1977969.205680,16.170564,131.985191,6241.336410,663.358553,188.250632,167.118904,1976411.586514,1970796.713515,1018.728089,7172.492165,538.891077,0.033537,0.009517,0.008449,99.921252,0.027245,14.862651,9.547540,3.160170,56.786667,94,0.743103,12,48,0,100.000000,0.821603,75.757576,1431.556107,1829.804138,11839.526159,-0.000000,274.220573
8760.000000,contribution,optical,hardware,1,1,1,0,priority,0.000500,180,15,hybrid,0.050000,4000.000000,6.087000,52.000000,500.000000,500.000000,2.000000,120.000000,0.400000,198,127,198,81,150,17,52,0,0,0,0,0,81,81,0,0,0.000000,1.000000,43.376782,clear-ocean,30.000000,60.000000,0.151000,1047,2780391,712.920769,8.138365,71,0,0,71,0,69,0,0,69,0,0,0,0,0,0,109,28,0,81,0,0,0,0,0,17,54,127,17,54,79,3.045988,213.705413,2571.411924,0.000000,0.000000,37.795276,0,0,0,1991566.307153,16.170564,131.985191,6241.336410,667.494723,189.284674,167.348692,1990003.287987,1984388.414987,1024.128089,7177.892165,538.891077,0.033516,0.009504,0.008403,99.921518,0.027059,14.862651,9.547540,3.160170,56.726484,94,0.738014,12,48,0,100.000000,0.821603,75.757576,1431.556107,1817.271233,11753.419443,-0.000000,197.366215
8820.000000,contribution,optical,hardware,1,1,1,0,priority,0.000500,180,15,hybrid,0.050000,4000.000000,6.087000,52.000000,500.000000,500.000000,2.000000,120.000000,0.400000,198,127,198,81,150,17,52,0,0,0,0,0,81,81,0,0,0.000000,1.000000,43.376782,clear-ocean,30.000000,60.000000,0.151000,1047,2780391,712.920769,8.083002,71,0,0,71,0,69,0,0,69,0,0,0,0,0,0,109,28,0,81,0,0,0,0,0,17,54,127,17,54,79,3.045988,213.705413,2571.411924,0.000000,0.000000,37.795276,0,0,0,2005163.408625,16.170564,131.985191,6241.336410,671.630893,190.318717,167.578479,2003594.989459,1997980.116460,1029.528089,7183.292165,538.891077,0.033495,0.009491,0.008357,99.921781,0.026875,14.862651,9.547540,3.160170,56.667120,94,0.732993,12,48,0,100.000000,0.821603,75.757576,1431.556107,1804.908844,11667.312727,-0.000000,125.502546
8880.000000,contribution,optical,hardware,1,1,1,0,priority,0.000500,180,15,hybrid,0.050000,4000.000000,6.087000,52.000000,500.000000,500.000000,2.000000,120.000000,0.400000,198,127,198,81,150,17,52,0,0,0,0,0,81,81,0,0,0.000000,1.000000,43.376782,clear-ocean,30.000000,60.000000,0.151000,1047,2780391,712.920769,8.028387,71,0,0,71,0,69,0,0,69,0,0,0,0,0,0,109,28,0,81,0,0,0,0,0,17,54,127,17,54,79,3.045988,213.705413,2571.411924,0.000000,0.000000,37.795276,0,0,0,2018760.510098,16.170564,131.985191,6241.336410,675.767063,191.352759,167.808266,2017186.690932,2011571.817933,1034.928089,7188.692165,538.891077,0.033474,0.009479,0.008312,99.922040,0.026694,14.862651,9.547540,3.160170,56.608559,94,0.728041,12,48,0,100.000000,0.821603,75.757576,1431.556107,1792.713514,11581.206011,-0.000000,65.443614
8940.000000,contribution,optical,hardware,1,1,1,0,priority,0.000500,180,15,hybrid,0.050000,4000.000000,6.087000,52.000000,500.000000,500.000000,2.000000,120.000000,0.400000,198,127,198,81,150,17,52,0,0,0,0,0,81,81,0,0,0.000000,1.000000,43.376782,clear-ocean,30.000000,60.000000,0.151000,1047,2780391,712.920769,7.974505,71,0,0,71,0,69,0,0,69,0,0,0,0,0,0,109,28,0,81,0,0,0,0,0,17,54,127,17,54,79,3.045988,213.705413,2571.411924,0.000000,0.000000,37.795276,0,0,0,2032357.611571,16.170564,131.985191,6241.336410,679.903233,192.386802,168.038053,2030778.392404,2025163.519405,1040.328089,7194.092165,538.891077,0.033454,0.009466,0.008268,99.922296,0.026516,14.862651,9.547540,3.160170,56.550783,94,0.723154,12,48,0,100.000000,0.821603,75.757576,1431.556107,1780.681879,11495.099294,-0.000000,22.884153
9000.000000,contribution,optical,hardware,1,1,1,0,priority,0.000500,180,15,hybrid,0.050000,4000.000000,6.087000,52.000000,500.000000,500.000000,2.000000,120.000000,0.400000,198,127,198,81,150,17,52,0,0,0,0,0,81,81,0,0,0.000000,1.000000,43.376782,clear-ocean,30.000000,60.000000,0.151000,1047,2780391,712.920769,7.921342,71,0,0,71,0,69,0,0,69,0,0,0,0,0,0,109,28,0,81,0,0,0,0,0,17,54,127,17,54,79,3.045988,213.705413,2571.411924,0.000000,0.000000,37.795276,0,0,0,2045954.713043,16.170564,131.985191,6241.336410,684.039404,193.420845,168.267841,2044370.093877,2038755.220878,1045.728089,7199.492165,538.891077,0.033434,0.009454,0.008224,99.922549,0.026339,14.862651,9.547540,3.160170,56.493778,94,0.718333,12,48,0,100.000000,0.821603,75.757576,1431.556107,1768.810667,11408.992578,-0.000000,1.859614
9060.000000,contribution,optical,hardware,1,1,1,0,priority,0.000500,180,15,hybrid,0.050000,4000.000000,6.087000,52.000000,500.000000,500.000000,2.000000,120.000000,0.400000,198,127,198,81,150,17,52,0,0,0,0,0,81,81,0,0,0.000000,1.000000,43.376782,clear-ocean,30.000000,60.000000,0.151000,1047,2780391,712.920769,7.868883,71,0,0,71,0,69,0,0,69,0,0,0,0,0,0,109,28,0,81,0,0,0,0,0,17,54,127,17,54,79,3.045988,213.705413,2571.411924,0.000000,0.000000,37.795276,0,0,0,2059551.814516,16.170564,131.985191,6241.336410,688.175574,194.454887,168.497628,2057961.795349,2052346.922350,1051.128089,7204.892165,538.891077,0.033414,0.009442,0.008181,99.922798,0.026165,14.862651,9.547540,3.160170,56.437528,94,0.713576,12,48,0,100.000000,0.821603,75.757576,1431.556107,1757.096689,11322.885862,0.000000,4.363524
9120.000000,contribution,optical,hardware,1,1,1,0,priority,0.000500,180,15,hybrid,0.050000,4000.000000,6.087000,52.000000,500.000000,500.000000,2.000000,120.000000,0.400000,198,127,198,81,150,17,52,0,0,0,0,0,81,81,0,0,0.000000,1.000000,43.376782,clear-ocean,30.000000,60.000000,0.151000,1047,2780391,712.920769,7.817114,71,0,0,71,0,69,0,0,69,0,0,0,0,0,0,109,28,0,81,0,0,0,0,0,17,54,127,17,54,79,3.045988,213.705413,2571.411924,0.000000,0.000000,37.795276,0,0,0,2073148.915988,16.170564,131.985191,6241.336410,692.311744,195.488930,168.727415,2071553.496822,2065938.623823,1056.528089,7210.292165,538.891077,0.033394,0.009430,0.008139,99.923044,0.025994,14.862651,9.547540,3.160170,56.382018,94,0.708882,12,48,0,100.000000,0.821603,75.757576,1431.556107,1745.536842,11236.779146,0.000000,30.158465
9180.000000,contribution,optical,hardware,1,1,1,0,priority,0.000500,180,15,hybrid,0.050000,4000.000000,6.087000,52.000000,500.000000,500.000000,2.000000,120.000000,0.400000,198,127,198,81,150,17,52,0,0,0,0,0,81,81,0,0,0.000000,1.000000,43.376782,clear-ocean,30.000000,60.000000,0.151000,1047,2780391,712.920769,7.766021,71,0,0,71,0,69,0,0,69,0,0,0,0,0,0,109,28,0,81,0,0,0,0,0,17,54,127,17,54,79,3.045988,213.705413,2571.411924,0.000000,0.000000,37.795276,0,0,0,2086746.017461,16.170564,131.985191,6241.336410,696.447914,196.522972,168.957202,2085145.198295,2079530.325295,1061.928089,7215.692165,538.891077,0.033375,0.009418,0.008097,99.923286,0.025824,14.862651,9.547540,3.160170,56.327233,94,0.704248,12,48,0,100.000000,0.821603,75.757576,1431.556107,1734.128105,11150.672430,0.000000,76.798583
9240.000000,contribution,optical,hardware,1,1,1,0,priority,0.000500,180,15,hybrid,0.050000,4000.000000,6.087000,52.000000,500.000000,500.000000,2.000000,120.000000,0.400000,198,127,198,81,150,17,52,0,0,0,0,0,81,81,0,0,0.000000,1.000000,43.376782,clear-ocean,30.000000,60.000000,0.151000,1047,2780391,712.920769,7.715593,71,0,0,71,0,69,0,0,69,0,0,0,0,0,0,109,28,0,81,0,0,0,0,0,17,54,127,17,54,79,3.045988,213.705413,2571.411924,0.000000,0.000000,37.795276,0,0,0,2100343.118933,16.170564,131.985191,6241.336410,700.584085,197.557015,169.186990,2098736.899767,2093122.026768,1067.328089,7221.092165,538.891077,0.033356,0.009406,0.008055,99.923526,0.025657,14.862651,9.547540,3.160170,56.273160,94,0.699675,12,48,0,100.000000,0.821603,75.757576,1431.556107,1722.867532,11064.565714,0.000000,139.861505
9300.000000,contribution,optical,hardware,1,1,1,0,priority,0.000500,180,15,hybrid,0.050000,4000.000000,6.087000,52.000000,500.000000,500.000000,2.000000,120.000000,0.400000,198,127,198,81,150,17,52,0,0,0,0,0,81,81,0,0,0.000000,1.000000,43.376782,clear-ocean,30.000000,60.000000,0.151000,1047,2780391,712.920769,7.665815,71,0,0,71,0,69,0,0,69,0,0,0,0,0,0,109,28,0,81,0,0,0,0,0,17,54,127,17,54,79,3.045988,213.705413,2571.411924,0.000000,0.000000,37.795276,0,0,0,2113940.220406,16.170564,131.985191,6241.336410,704.720255,198.591057,169.416777,2112328.601240,2106713.728240,1072.728089,7226.492165,538.891077,0.033337,0.009394,0.008014,99.923762,0.025492,14.862651,9.547540,3.160170,56.219785,94,0.695161,12,48,0,100.000000,0.821603,75.757576,1431.556107,1711.752258,10978.458998,0.000000,213.367661
9360.000000,contribution,optical,hardware,1,1,1,0,priority,0.000500,180,15,hybrid,0.050000,4000.000000,6.087000,52.000000,500.000000,500.000000,2.000000,120.000000,0.400000,198,127,198,81,150,17,52,0,0,0,0,0,81,81,0,0,0.000000,1.000000,43.376782,clear-ocean,30.000000,60.000000,0.151000,1047,2780391,712.920769,7.616675,71,0,0,71,0,69,0,0,69,0,0,0,0,0,0,109,28,0,81,0,0,0,0,0,17,54,127,17,54,79,3.045988,213.705413,2571.411924,0.000000,0.000000,37.795276,0,0,0,2127537.321878,16.170564,131.985191,6241.336410,708.856425,199.625100,169.646564,2125920.302712,2120305.429713,1078.128089,7231.892165,538.891077,0.033318,0.009383,0.007974,99.923996,0.025329,14.862651,9.547540,3.160170,56.167094,94,0.690705,12,48,0,100.000000,0.821603,75.757576,1431.556107,1700.779487,10892.352281,0.000000,290.347262
9420.000000,contribution,optical,hardware,1,1,1,0,priority,0.000500,180,15,hybrid,0.050000,4000.000000,6.087000,52.000000,500.000000,500.000000,2.000000,120.000000,0.400000,198,127,198,81,150,17,52,0,0,0,0,0,81,81,0,0,0.000000,1.000000,43.376782,clear-ocean,30.000000,60.000000,0.151000,1047,2780391,712.920769,7.568161,71,0,0,71,0,69,0,0,69,0,0,0,0,0,0,109,28,0,81,0,0,0,0,0,17,54,127,17,54,79,3.045988,213.705413,2571.411924,0.000000,0.000000,37.795276,0,0,0,2141134.423351,16.170564,131.985191,6241.336410,712.992595,200.659142,169.876351,2139512.004185,2133897.131185,1083.528089,7237.292165,538.891077,0.033300,0.009372,0.007934,99.924226,0.025168,14.862651,9.547540,3.160170,56.115074,94,0.686306,12,48,0,100.000000,0.821603,75.757576,1431.556107,1689.946497,10806.245565,0.000000,363.501172
9480.000000,contribution,optical,hardware,1,1,1,0,priority,0.000500,180,15,hybrid,0.050000,4000.000000,6.087000,52.000000,500.000000,500.000000,2.000000,120.000000,0.400000,198,127,198,81,150,17,52,0,0,0,0,0,81,81,0,0,0.000000,1.000000,43.376782,clear-ocean,30.000000,60.000000,0.151000,1047,2780391,712.920769,7.520261,71,0,0,71,0,69,0,0,69,0,0,0,0,0,0,109,28,0,81,0,0,0,0,0,17,54,127,17,54,79,3.045988,213.705413,2571.411924,0.000000,0.000000,37.795276,0,0,0,2154731.524823,16.170564,131.985191,6241.336410,717.128765,201.693185,170.106138,2153103.705657,2147488.832658,1088.928089,7242.692165,538.891077,0.033282,0.009360,0.007895,99.924454,0.025010,14.862651,9.547540,3.160170,56.063713,94,0.681962,12,48,0,100.000000,0.821603,75.757576,1431.556107,1679.250633,10720.138849,0.000000,425.893002
9540.000000,contribution,optical,hardware,1,1,1,0,priority,0.000500,180,15,hybrid,0.050000,4000.000000,6.087000,52.000000,500.000000,500.000000,2.000000,120.000000,0.400000,198,127,198,81,150,17,52,0,0,0,0,0,81,81,0,0,0.000000,1.000000,43.376782,clear-ocean,30.000000,60.000000,0.151000,1047,2780391,712.920769,7.472964,71,0,0,71,0,69,0,0,69,0,0,0,0,0,0,109,28,0,81,0,0,0,0,0,17,54,127,17,54,79,3.045988,213.705413,2571.411924,0.000000,0.000000,37.795276,0,0,0,2168328.626296,16.170564,131.985191,6241.336410,721.264936,202.727227,170.335926,2166695.407130,2161080.534130,1094.328089,7248.092165,538.891077,0.033264,0.009349,0.007856,99.924678,0.024853,14.862651,9.547540,3.160170,56.012998,94,0.677673,12,48,0,100.000000,0.821603,75.757576,1431.556107,1668.689308,10634.032133,0.000000,471.606815
9600.000000,contribution,optical,hardware,1,1,1,0,priority,0.000500,180,15,hybrid,0.050000,4000.000000,6.087000,52.000000,500.000000,500.000000,2.000000,120.000000,0.400000,198,127,198,81,150,17,52,0,0,0,0,0,81,81,0,0,0.000000,1.000000,43.376782,clear-ocean,30.000000,60.000000,0.151000,1047,2780391,712.920769,7.426258,71,0,0,71,0,69,0,0,69,0,0,0,0,0,0,109,28,0,81,0,0,0,0,0,17,54,127,17,54,79,3.045988,213.705413,2571.411924,0.000000,0.000000,37.795276,0,0,0,2181925.727768,16.170564,131.985191,6241.336410,725.401106,203.761270,170.565713,2180287.108602,2174672.235603,1099.728089,7253.492165,538.891077,0.033246,0.009339,0.007817,99.924900,0.024698,14.862651,9.547540,3.160170,55.962917,94,0.673438,12,48,0,100.000000,0.821603,75.757576,1431.556107,1658.260000,10547.925417,0.000000,496.308069
9660.000000,contribution,optical,hardware,1,1,1,0,priority,0.000500,180,15,hybrid,0.050000,4000.000000,6.087000,52.000000,500.000000,500.000000,2.000000,120.000000,0.400000,198,127,198,81,150,17,52,0,0,0,0,0,81,81,0,0,0.000000,1.000000,43.376782,clear-ocean,30.000000,60.000000,0.151000,1047,2780391,712.920769,7.380132,71,0,0,71,0,69,0,0,69,0,0,0,0,0,0,109,28,0,81,0,0,0,0,0,17,54,127,17,54,79,3.045988,213.705413,2571.411924,0.000000,0.000000,37.795276,0,0,0,2195522.829241,16.170564,131.985191,6241.336410,729.537276,204.795313,170.795500,2193878.810075,2188263.937075,1105.128089,7258.892165,538.891077,0.033228,0.009328,0.007779,99.925119,0.024545,14.862651,9.547540,3.160170,55.913458,94,0.669255,12,48,0,100.000000,0.821603,75.757576,1431.556107,1647.960248,10461.818701,-0.000000,497.654611
9720.000000,contribution,optical,hardware,1,1,1,0,priority,0.000500,180,15,hybrid,0.050000,4000.000000,6.087000,52.000000,500.000000,500.000000,2.000000,120.000000,0.400000,198,127,198,81,150,17,52,0,0,0,0,0,81,81,0,0,0.000000,1.000000,43.376782,clear-ocean,30.000000,60.000000,0.151000,1047,2780391,712.920769,7.334576,71,0,0,71,0,69,0,0,69,0,0,0,0,0,0,109,28,0,81,0,0,0,0,0,17,54,127,17,54,79,3.045988,213.705413,2571.411924,0.000000,0.000000,37.795276,0,0,0,2209119.930713,16.170564,131.985191,6241.336410,733.673446,205.829355,171.025287,2207470.511547,2201855.638548,1110.528089,7264.292165,538.891077,0.033211,0.009317,0.007742,99.925336,0.024394,14.862651,9.547540,3.160170,55.864609,94,0.665123,12,48,0,100.000000,0.821603,75.757576,1431.556107,1637.787654,10375.711985,-0.000000,475.518765
9780.000000,contribution,optical,hardware,1,1,1,0,priority,0.000500,180,15,hybrid,0.050000,4000.000000,6.087000,52.000000,500.000000,500.000000,2.000000,120.000000,0.400000,198,127,198,81,150,17,52,0,0,0,0,0,81,81,0,0,0.000000,1.000000,43.376782,clear-ocean,30.000000,60.000000,0.151000,1047,2780391,712.920769,7.289578,71,0,0,71,0,69,0,0,69,0,0,0,0,0,0,109,28,0,81,0,0,0,0,0,17,54,127,17,54,79,3.045988,213.705413,2571.411924,0.000000,0.000000,37.795276,0,0,0,2222717.032186,16.170564,131.985191,6241.336410,737.809616,206.863398,171.255075,2221062.213020,2215447.340020,1115.928089,7269.692165,538.891077,0.033194,0.009307,0.007705,99.925550,0.024245,14.862651,9.547540,3.160170,55.816360,94,0.661043,12,48,0,100.000000,0.821603,75.757576,1431.556107,1627.739877,10289.605268,-0.000000,431.999432
9840.000000,contribution,optical,hardware,1,1,1,0,priority,0.000500,180,15,hybrid,0.050000,4000.000000,6.087000,52.000000,500.000000,500.000000,2.000000,120.000000,0.400000,198,127,198,81,150,17,52,0,0,0,0,0,81,81,0,0,0.000000,1.000000,43.376782,clear-ocean,30.000000,60.000000,0.151000,1047,2780391,712.920769,7.245130,71,0,0,71,0,69,0,0,69,0,0,0,0,0,0,109,28,0,81,0,0,0,0,0,17,54,127,17,54,79,3.045988,213.705413,2571.411924,0.000000,0.000000,37.795276,0,0,0,2236314.133658,16.170564,131.985191,6241.336410,741.945787,207.897440,171.484862,2234653.914492,2229039.041493,1121.328089,7275.092165,538.891077,0.033177,0.009296,0.007668,99.925761,0.024097,14.862651,9.547540,3.160170,55.768699,94,0.657012,12,48,0,100.000000,0.821603,75.757576,1431.556107,1617.814634,10203.498552,-0.000000,371.223075
9900.000000,contribution,optical,hardware,1,1,1,0,priority,0.000500,180,15,hybrid,0.050000,4000.000000,6.087000,52.000000,500.000000,500.000000,2.000000,120.000000,0.400000,198,127,198,81,150,17,52,0,0,0,0,0,81,81,0,0,0.000000,1.000000,43.376782,clear-ocean,30.000000,60.000000,0.151000,1047,2780391,712.920769,7.201220,71,0,0,71,0,69,0,0,69,0,0,0,0,0,0,109,28,0,81,0,0,0,0,0,17,54,127,17,54,79,3.045988,213.705413,2571.411924,0.000000,0.000000,37.795276,0,0,0,2249911.235131,16.170564,131.985191,6241.336410,746.081957,208.931483,171.714649,2248245.615965,2242630.742965,1126.728089,7280.492165,538.891077,0.033161,0.009286,0.007632,99.925970,0.023952,14.862651,9.547540,3.160170,55.721616,94,0.653030,12,48,0,100.000000,0.821603,75.757576,1431.556107,1608.009697,10117.391836,-0.000000,298.952455
9960.000000,contribution,optical,hardware,1,1,1,0,priority,0.000500,180,15,hybrid,0.050000,4000.000000,6.087000,52.000000,500.000000,500.000000,2.000000,120.000000,0.400000,198,127,198,81,150,17,52,0,0,0,0,0,81,81,0,0,0.000000,1.000000,43.376782,clear-ocean,30.000000,60.000000,0.151000,1047,2780391,712.920769,7.157839,71,0,0,71,0,69,0,0,69,0,0,0,0,0,0,109,28,0,81,0,0,0,0,0,17,54,127,17,54,79,3.045988,213.705413,2571.411924,0.000000,0.000000,37.795276,0,0,0,2263508.336603,16.170564,131.985191,6241.336410,750.218127,209.965525,171.944436,2261837.317437,2256222.444438,1132.128089,7285.892165,538.891077,0.033144,0.009276,0.007596,99.926176,0.023808,14.862651,9.547540,3.160170,55.675100,94,0.649096,12,48,0,100.000000,0.821603,75.757576,1431.556107,1598.322892,10031.285120,-0.000000,222.040207
10020.000000,contribution,optical,hardware,1,1,1,0,priority,0.000500,180,15,hybrid,0.050000,4000.000000,6.087000,52.000000,500.000000,500.000000,2.000000,120.000000,0.400000,198,127,198,81,150,17,52,0,0,0,0,0,81,81,0,0,0.000000,1.000000,43.376782,clear-ocean,30.000000,60.000000,0.151000,1047,2780391,712.920769,7.114978,71,0,0,71,0,69,0,0,69,0,0,0,0,0,0,109,28,0,81,0,0,0,0,0,17,54,127,17,54,79,3.045988,213.705413,2571.411924,0.000000,0.000000,37.795276,0,0,0,2277105.438076,16.170564,131.985191,6241.336410,754.354297,210.999568,172.174224,2275429.018910,2269814.145910,1137.528089,7291.292165,538.891077,0.033128,0.009266,0.007561,99.926379,0.023666,14.862651,9.547540,3.160170,55.629142,94,0.645210,12,48,0,100.000000,0.821603,75.757576,1431.556107,1588.752096,9945.178404,-0.000000,147.779081
10080.000000,contribution,optical,hardware,1,1,1,0,priority,0.000500,180,15,hybrid,0.050000,4000.000000,6.087000,52.000000,500.000000,500.000000,2.000000,120.000000,0.400000,198,127,198,81,150,17,52,0,0,0,0,0,81,81,0,0,0.000000,1.000000,43.376782,clear-ocean,30.000000,60.000000,0.151000,1047,2780391,712.920769,7.072627,71,0,0,71,0,69,0,0,69,0,0,0,0,0,0,109,28,0,81,0,0,0,0,0,17,54,127,17,54,79,3.045988,213.705413,2571.411924,0.000000,0.000000,37.795276,0,0,0,2290702.539548,16.170564,131.985191,6241.336410,758.490468,212.033610,172.404011,2289020.720382,2283405.847383,1142.928089,7296.692165,538.891077,0.033112,0.009256,0.007526,99.926581,0.023525,14.862651,9.547540,3.160170,55.583730,94,0.641369,12,48,0,100.000000,0.821603,75.757576,1431.556107,1579.295238,9859.071688,-0.000000,83.210451
10140.000000,contribution,optical,hardware,1,1,1,0,priority,0.000500,180,15,hybrid,0.050000,4000.000000,6.087000,52.000000,500.000000,500.000000,2.000000,120.000000,0.400000,198,127,198,81,150,17,52,0,0,0,0,0,81,81,0,0,0.000000,1.000000,43.376782,clear-ocean,30.000000,60.000000,0.151000,1047,2780391,712.920769,7.030777,71,0,0,71,0,69,0,0,69,0,0,0,0,0,0,109,28,0,81,0,0,0,0,0,17,54,127,17,54,79,3.045988,213.705413,2571.411924,0.000000,0.000000,37.795276,0,0,0,2304299.641021,16.170564,131.985191,6241.336410,762.626638,213.067653,172.633798,2302612.421855,2296997.548855,1148.328089,7302.092165,538.891077,0.033096,0.009247,0.007492,99.926780,0.023386,14.862651,9.547540,3.160170,55.538856,94,0.637574,12,48,0,100.000000,0.821603,75.757576,1431.556107,1569.950296,9772.964972,-0.000000,34.456658
10200.000000,contribution,optical,hardware,1,1,1,0,priority,0.000500,180,15,hybrid,0.050000,4000.000000,6.087000,52.000000,500.000000,500.000000,2.000000,120.000000,0.400000,198,127,198,81,150,17,52,0,0,0,0,0,81,81,0,0,0.000000,1.000000,43.376782,clear-ocean,30.000000,60.000000,0.151000,1047,2780391,712.920769,6.989419,71,0,0,71,0,69,0,0,69,0,0,0,0,0,0,109,28,0,81,0,0,0,0,0,17,54,127,17,54,79,3.045988,213.705413,2571.411924,0.000000,0.000000,37.795276,0,0,0,2317896.742493,16.170564,131.985191,6241.336410,766.762808,214.101696,172.863585,2316204.123327,2310589.250328,1153.728089,7307.492165,538.891077,0.033080,0.009237,0.007458,99.926976,0.023249,14.862651,9.547540,3.160170,55.494510,94,0.633824,12,48,0,100.000000,0.821603,75.757576,1431.556107,1560.715294,9686.858255,-0.000000,6.140491
10260.000000,contribution,optical,hardware,1,1,1,0,priority,0.000500,180,15,hybrid,0.050000,4000.000000,6.087000,52.000000,500.000000,500.000000,2.000000,120.000000,0.400000,198,127,198,81,150,17,52,0,0,0,0,0,81,81,0,0,0.000000,1.000000,43.376782,clear-ocean,30.000000,60.000000,0.151000,1047,2780391,712.920769,6.948546,71,0,0,71,0,69,0,0,69,0,0,0,0,0,0,109,28,0,81,0,0,0,0,0,17,54,127,17,54,79,3.045988,213.705413,2571.411924,0.000000,0.000000,37.795276,0,0,0,2331493.843966,16.170564,131.985191,6241.336410,770.898978,215.135738,173.093373,2329795.824800,2324180.951800,1159.128089,7312.892165,538.891077,0.033065,0.009227,0.007424,99.927170,0.023114,14.862651,9.547540,3.160170,55.450682,94,0.630117,12,48,0,100.000000,0.821603,75.757576,1431.556107,1551.588304,9600.751539,0.000000,0.946864
10320.000000,contribution,optical,hardware,1,1,1,0,priority,0.000500,180,15,hybrid,0.050000,4000.000000,6.087000,52.000000,500.000000,500.000000,2.000000,120.000000,0.400000,198,127,198,81,150,17,52,0,0,0,0,0,81,81,0,0,0.000000,1.000000,43.376782,clear-ocean,30.000000,60.000000,0.151000,1047,2780391,712.920769,6.908147,71,0,0,71,0,69,0,0,69,0,0,0,0,0,0,109,28,0,81,0,0,0,0,0,17,54,127,17,54,79,3.045988,213.705413,2571.411924,0.000000,0.000000,37.795276,0,0,0,2345090.945438,16.170564,131.985191,6241.336410,775.035148,216.169781,173.323160,2343387.526272,2337772.653273,1164.528089,7318.292165,538.891077,0.033049,0.009218,0.007391,99.927362,0.022980,14.862651,9.547540,3.160170,55.407364,94,0.626453,12,48,0,100.000000,0.821603,75.757576,1431.556107,1542.567442,9514.644823,0.000000,19.368233
10380.000000,contribution,optical,hardware,1,1,1,0,priority,0.000500,180,15,hybrid,0.050000,4000.000000,6.087000,52.000000,500.000000,500.000000,2.000000,120.000000,0.400000,198,127,198,81,150,17,52,0,0,0,0,0,81,81,0,0,0.000000,1.000000,43.376782,clear-ocean,30.000000,60.000000,0.151000,1047,2780391,712.920769,6.868216,71,0,0,71,0,69,0,0,69,0,0,0,0,0,0,109,28,0,81,0,0,0,0,0,17,54,127,17,54,79,3.045988,213.705413,2571.411924,0.000000,0.000000,37.795276,0,0,0,2358688.046911,16.170564,131.985191,6241.336410,779.171319,217.203823,173.552947,2356979.227745,2351364.354745,1169.928089,7323.692165,538.891077,0.033034,0.009209,0.007358,99.927552,0.022847,14.862651,9.547540,3.160170,55.364547,94,0.622832,12,48,0,100.000000,0.821603,75.757576,1431.556107,1533.650867,9428.538107,0.000000,59.657900
10440.000000,contribution,optical,hardware,1,1,1,0,priority,0.000500,180,15,hybrid,0.050000,4000.000000,6.087000,52.000000,500.000000,500.000000,2.000000,120.000000,0.400000,198,127,198,81,150,17,52,0,0,0,0,0,81,81,0,0,0.000000,1.000000,43.376782,clear-ocean,30.000000,60.000000,0.151000,1047,2780391,712.920769,6.828743,71,0,0,71,0,69,0,0,69,0,0,0,0,0,0,109,28,0,81,0,0,0,0,0,17,54,127,17,54,79,3.045988,213.705413,2571.411924,0.000000,0.000000,37.795276,0,0,0,2372285.148383,16.170564,131.985191,6241.336410,783.307489,218.237866,173.782734,2370570.929217,2364956.056218,1175.328089,7329.092165,538.891077,0.033019,0.009199,0.007326,99.927740,0.022716,14.862651,9.547540,3.160170,55.322222,94,0.619253,12,48,0,100.000000,0.821603,75.757576,1431.556107,1524.836782,9342.431391,0.000000,117.995634
10500.000000,contribution,optical,hardware,1,1,1,0,priority,0.000500,180,15,hybrid,0.050000,4000.000000,6.087000,52.000000,500.000000,500.000000,2.000000,120.000000,0.400000,198,127,198,81,150,17,52,0,0,0,0,0,81,81,0,0,0.000000,1.000000,43.376782,clear-ocean,30.000000,60.000000,0.151000,1047,2780391,712.920769,6.789722,71,0,0,71,0,69,0,0,69,0,0,0,0,0,0,109,28,0,81,0,0,0,0,0,17,54,127,17,54,79,3.045988,213.705413,2571.411924,0.000000,0.000000,37.795276,0,0,0,2385882.249856,16.170564,131.985191,6241.336410,787.443659,219.271908,174.012521,2384162.630690,2378547.757690,1180.728089,7334.492165,538.891077,0.033004,0.009190,0.007293,99.927925,0.022587,14.862651,9.547540,3.160170,55.280381,94,0.615714,12,48,0,100.000000,0.821603,75.757576,1431.556107,1516.123429,9256.324675,0.000000,188.849904
10560.000000,contribution,optical,hardware,1,1,1,0,priority,0.000500,180,15,hybrid,0.050000,4000.000000,6.087000,52.000000,500.000000,500.000000,2.000000,120.000000,0.400000,198,127,198,81,150,17,52,0,0,0,0,0,81,81,0,0,0.000000,1.000000,43.376782,clear-ocean,30.000000,60.000000,0.151000,1047,2780391,712.920769,6.751144,71,0,0,71,0,69,0,0,69,0,0,0,0,0,0,109,28,0,81,0,0,0,0,0,17,54,127,17,54,79,3.045988,213.705413,2571.411924,0.000000,0.000000,37.795276,0,0,0,2399479.351328,16.170564,131.985191,6241.336410,791.579829,220.305951,174.242309,2397754.332162,2392139.459163,1186.128089,7339.892165,538.891077,0.032990,0.009181,0.007262,99.928109,0.022459,14.862651,9.547540,3.160170,55.239015,94,0.612216,12,48,0,100.000000,0.821603,75.757576,1431.556107,1507.509091,9170.217959,0.000000,265.502372
10620.000000,contribution,optical,hardware,1,1,1,0,priority,0.000500,180,15,hybrid,0.050000,4000.000000,6.087000,52.000000,500.000000,500.000000,2.000000,120.000000,0.400000,198,127,198,81,150,17,52,0,0,0,0,0,81,81,0,0,0.000000,1.000000,43.376782,clear-ocean,30.000000,60.000000,0.151000,1047,2780391,712.920769,6.713002,71,0,0,71,0,69,0,0,69,0,0,0,0,0,0,109,28,0,81,0,0,0,0,0,17,54,127,17,54,79,3.045988,213.705413,2571.411924,0.000000,0.000000,37.795276,0,0,0,2413076.452801,16.170564,131.985191,6241.336410,795.715999,221.339993,174.472096,2411346.033635,2405731.160635,1191.528089,7345.292165,538.891077,0.032975,0.009173,0.007230,99.928290,0.022332,14.862651,9.547540,3.160170,55.198117,94,0.608757,12,48,0,100.000000,0.821603,75.757576,1431.556107,1498.992090,9084.111242,0.000000,340.684918
10680.000000,contribution,optical,hardware,1,1,1,0,priority,0.000500,180,15,hybrid,0.050000,4000.000000,6.087000,52.000000,500.000000,500.000000,2.000000,120.000000,0.400000,198,127,198,81,150,17,52,0,0,0,0,0,81,81,0,0,0.000000,1.000000,43.376782,clear-ocean,30.000000,60.000000,0.151000,1047,2780391,712.920769,6.675288,71,0,0,71,0,69,0,0,69,0,0,0,0,0,0,109,28,0,81,0,0,0,0,0,17,54,127,17,54,79,3.045988,213.705413,2571.411924,0.000000,0.000000,37.795276,0,0,0,2426673.554273,16.170564,131.985191,6241.336410,799.852170,222.374036,174.701883,2424937.735107,2419322.862108,1196.928089,7350.692165,538.891077,0.032961,0.009164,0.007199,99.928469,0.022207,14.862651,9.547540,3.160170,55.157678,94,0.605337,12,48,0,100.000000,0.821603,75.757576,1431.556107,1490.570787,8998.004526,0.000000,407.268802
10740.000000,contribution,optical,hardware,1,1,1,0,priority,0.000500,180,15,hybrid,0.050000,4000.000000,6.087000,52.000000,500.000000,500.000000,2.000000,120.000000,0.400000,198,127,198,81,150,17,52,0,0,0,0,0,81,81,0,0,0.000000,1.000000,43.376782,clear-ocean,30.000000,60.000000,0.151000,1047,2780391,712.920769,6.637996,71,0,0,71,0,69,0,0,69,0,0,0,0,0,0,109,28,0,81,0,0,0,0,0,17,54,127,17,54,79,3.045988,213.705413,2571.411924,0.000000,0.000000,37.795276,0,0,0,2440270.655745,16.170564,131.985191,6241.336410,803.988340,223.408079,174.931670,2438529.436580,2432914.563580,1202.328089,7356.092165,538.891077,0.032947,0.009155,0.007169,99.928646,0.022083,14.862651,9.547540,3.160170,55.117691,94,0.601955,12,48,0,100.000000,0.821603,75.757576,1431.556107,1482.243575,8911.897810,0.000000,458.940599
10800.000000,contribution,optical,hardware,1,1,1,0,priority,0.000500,180,15,hybrid,0.050000,4000.000000,6.087000,52.000000,500.000000,500.000000,2.000000,120.000000,0.400000,198,127,198,81,150,17,52,0,0,0,0,0,81,81,0,0,0.000000,1.000000,43.376782,clear-ocean,30.000000,60.000000,0.151000,1047,2780391,712.920769,6.601118,71,0,0,71,0,69,0,0,69,0,0,0,0,0,0,109,28,0,81,0,0,0,0,0,17,54,127,17,54,79,3.045988,213.705413,2571.411924,0.000000,0.000000,37.795276,0,0,0,2453867.757218,16.170564,131.985191,6241.336410,808.124510,224.442121,175.161458,2452121.138052,2446506.265053,1207.728089,7361.492165,538.891077,0.032933,0.009146,0.007138,99.928822,0.021961,14.862651,9.547540,3.160170,55.078148,94,0.598611,12,48,0,100.000000,0.821603,75.757576,1431.556107,1474.008889,8825.791094,0.000000,490.800835
10860.000000,contribution,optical,hardware,1,1,1,0,priority,0.000500,180,15,hybrid,0.050000,4000.000000,6.087000,52.000000,500.000000,500.000000,2.000000,120.000000,0.400000,198,127,198,81,150,17,52,0,0,0,0,0,81,81,0,0,0.000000,1.000000,43.376782,clear-ocean,30.000000,60.000000,0.151000,1047,2780391,712.920769,6.564648,71,0,0,71,0,69,0,0,69,0,0,0,0,0,0,109,28,0,81,0,0,0,0,0,17,54,127,17,54,79,3.045988,213.705413,2571.411924,0.000000,0.000000,37.795276,0,0,0,2467464.858690,16.170564,131.985191,6241.336410,812.260680,225.476164,175.391245,2465712.839525,2460097.966525,1213.128089,7366.892165,538.891077,0.032919,0.009138,0.007108,99.928995,0.021840,14.862651,9.547540,3.160170,55.039042,94,0.595304,12,48,0,100.000000,0.821603,75.757576,1431.556107,1465.865193,8739.684378,-0.000000,499.828551
10920.000000,contribution,optical,hardware,1,1,1,0,priority,0.000500,180,15,hybrid,0.050000,4000.000000,6.087000,52.000000,500.000000,500.000000,2.000000,120.000000,0.400000,198,127,198,81,150,17,52,0,0,0,0,0,81,81,0,0,0.000000,1.000000,43.376782,clear-ocean,30.000000,60.000000,0.151000,1047,2780391,712.920769,6.528578,71,0,0,71,0,69,0,0,69,0,0,0,0,0,0,109,28,0,81,0,0,0,0,0,17,54,127,17,54,79,3.045988,213.705413,2571.411924,0.000000,0.000000,37.795276,0,0,0,2481061.960163,16.170564,131.985191,6241.336410,816.396851,226.510206,175.621032,2479304.540997,2473689.667998,1218.528089,7372.292165,538.891077,0.032905,0.009130,0.007078,99.929167,0.021720,14.862651,9.547540,3.160170,55.000366,94,0.592033,12,48,0,100.000000,0.821603,75.757576,1431.556107,1457.810989,8653.577662,-0.000000,485.167748
10980.000000,contribution,optical,hardware,1,1,1,0,priority,0.000500,180,15,hybrid,0.050000,4000.000000,6.087000,52.000000,500.000000,500.000000,2.000000,120.000000,0.400000,198,127,198,81,150,17,52,0,0,0,0,0,81,81,0,0,0.000000,1.000000,43.376782,clear-ocean,30.000000,60.000000,0.151000,1047,2780391,712.920769,6.492903,71,0,0,71,0,69,0,0,69,0,0,0,0,0,0,109,28,0,81,0,0,0,0,0,17,54,127,17,54,79,3.045988,213.705413,2571.411924,0.000000,0.000000,37.795276,0,0,0,2494659.061635,16.170564,131.985191,6241.336410,820.533021,227.544249,175.850819,2492896.242470,2487281.369470,1223.928089,7377.692165,538.891077,0.032892,0.009121,0.007049,99.929336,0.021602,14.862651,9.547540,3.160170,54.962113,94,0.588798,12,48,0,100.000000,0.821603,75.757576,1431.556107,1449.844809,8567.470946,-0.000000,448.208549
11040.000000,contribution,optical,hardware,1,1,1,0,priority,0.000500,180,15,hybrid,0.050000,4000.000000,6.087000,52.000000,500.000000,500.000000,2.000000,120.000000,0.400000,198,127,198,81,150,17,52,0,0,0,0,0,81,81,0,0,0.000000,1.000000,43.376782,clear-ocean,30.000000,60.000000,0.151000,1047,2780391,712.920769,6.457616,71,0,0,71,0,69,0,0,69,0,0,0,0,0,0,109,28,0,81,0,0,0,0,0,17,54,127,17,54,79,3.045988,213.705413,2571.411924,0.000000,0.000000,37.795276,0,0,0,2508256.163108,16.170564,131.985191,6241.336410,824.669191,228.578291,176.080607,2506487.943942,2500873.070943,1229.328089,7383.092165,538.891077,0.032878,0.009113,0.007020,99.929504,0.021485,14.862651,9.547540,3.160170,54.924275,94,0.585598,12,48,0,100.000000,0.821603,75.757576,1431.556107,1441.965217,8481.364229,-0.000000,392.455393
11100.000000,contribution,optical,hardware,1,1,1,0,priority,0.000500,180,15,hybrid,0.050000,4000.000000,6.087000,52.000000,500.000000,500.000000,2.000000,120.000000,0.400000,198,127,198,81,150,17,52,0,0,0,0,0,81,81,0,0,0.000000,1.000000,43.376782,clear-ocean,30.000000,60.000000,0.151000,1047,2780391,712.920769,6.422710,71,0,0,71,0,69,0,0,69,0,0,0,0,0,0,109,28,0,81,0,0,0,0,0,17,54,127,17,54,79,3.045988,213.705413,2571.411924,0.000000,0.000000,37.795276,0,0,0,2521853.264580,16.170564,131.985191,6241.336410,828.805361,229.612334,176.310394,2520079.645415,2514464.772415,1234.728089,7388.492165,538.891077,0.032865,0.009105,0.006991,99.929670,0.021369,14.862651,9.547540,3.160170,54.886847,94,0.582432,12,48,0,100.000000,0.821603,75.757576,1431.556107,1434.170811,8395.257513,-0.000000,323.194744
11160.000000,contribution,optical,hardware,1,1,1,0,priority,0.000500,180,15,hybrid,0.050000,4000.000000,6.087000,52.000000,500.000000,500.000000,2.000000,120.000000,0.400000,198,127,198,81,150,17,52,0,0,0,0,0,81,81,0,0,0.000000,1.000000,43.376782,clear-ocean,30.000000,60.000000,0.151000,1047,2780391,712.920769,6.388179,71,0,0,71,0,69,0,0,69,0,0,0,0,0,0,109,28,0,81,0,0,0,0,0,17,54,127,17,54,79,3.045988,213.705413,2571.411924,0.000000,0.000000,37.795276,0,0,0,2535450.366053,16.170564,131.985191,6241.336410,832.941531,230.646376,176.540181,2533671.346887,2528056.473888,1240.128089,7393.892165,538.891077,0.032852,0.009097,0.006963,99.929834,0.021254,14.862651,9.547540,3.160170,54.849821,94,0.579301,12,48,0,100.000000,0.821603,75.757576,1431.556107,1426.460215,8309.150797,-0.000000,246.993835
11220.000000,contribution,optical,hardware,1,1,1,0,priority,0.000500,180,15,hybrid,0.050000,4000.000000,6.087000,52.000000,500.000000,500.000000,2.000000,120.000000,0.400000,198,127,198,81,150,17,52,0,0,0,0,0,81,81,0,0,0.000000,1.000000,43.376782,clear-ocean,30.000000,60.000000,0.151000,1047,2780391,712.920769,6.354018,71,0,0,71,0,69,0,0,69,0,0,0,0,0,0,109,28,0,81,0,0,0,0,0,17,54,127,17,54,79,3.045988,213.705413,2571.411924,0.000000,0.000000,37.795276,0,0,0,2549047.467525,16.170564,131.985191,6241.336410,837.077702,231.680419,176.769968,2547263.048360,2541648.175360,1245.528089,7399.292165,538.891077,0.032839,0.009089,0.006935,99.929997,0.021141,14.862651,9.547540,3.160170,54.813191,94,0.576203,12,48,0,100.000000,0.821603,75.757576,1431.556107,1418.832086,8223.044081,-0.000000,171.077968
11280.000000,contribution,optical,hardware,1,1,1,0,priority,0.000500,180,15,hybrid,0.050000,4000.000000,6.087000,52.000000,500.000000,500.000000,2.000000,120.000000,0.400000,198,127,198,81,150,17,52,0,0,0,0,0,81,81,0,0,0.000000,1.000000,43.376782,clear-ocean,30.000000,60.000000,0.151000,1047,2780391,712.920769,6.320220,71,0,0,71,0,69,0,0,69,0,0,0,0,0,0,109,28,0,81,0,0,0,0,0,17,54,127,17,54,79,3.045988,213.705413,2571.411924,0.000000,0.000000,37.795276,0,0,0,2562644.568998,16.170564,131.985191,6241.336410,841.213872,232.714462,176.999755,2560854.749832,2555239.876833,1250.928089,7404.692165,538.891077,0.032826,0.009081,0.006907,99.930157,0.021029,14.862651,9.547540,3.160170,54.776950,94,0.573138,12,48,0,100.000000,0.821603,75.757576,1431.556107,1411.285106,8136.937365,-0.000000,102.645417
11340.000000,contribution,optical,hardware,1,1,1,0,priority,0.000500,180,15,hybrid,0.050000,4000.000000,6.087000,52.000000,500.000000,500.000000,2.000000,120.000000,0.400000,198,127,198,81,150,17,52,0,0,0,0,0,81,81,0,0,0.000000,1.000000,43.376782,clear-ocean,30.000000,60.000000,0.151000,1047,2780391,712.920769,6.286779,71,0,0,71,0,69,0,0,69,0,0,0,0,0,0,109,28,0,81,0,0,0,0,0,17,54,127,17,54,79,3.045988,213.705413,2571.411924,0.000000,0.000000,37.795276,0,0,0,2576241.670470,16.170564,131.985191,6241.336410,845.350042,233.748504,177.229543,2574446.451305,2568831.578305,1256.328089,7410.092165,538.891077,0.032813,0.009073,0.006879,99.930316,0.020918,14.862651,9.547540,3.160170,54.741093,94,0.570106,12,48,0,100.000000,0.821603,75.757576,1431.556107,1403.817989,8050.830649,-0.000000,48.184896
11400.000000,contribution,optical,hardware,1,1,1,0,priority,0.000500,180,15,hybrid,0.050000,4000.000000,6.087000,52.000000,500.000000,500.000000,2.000000,120.000000,0.400000,198,127,198,81,150,17,52,0,0,0,0,0,81,81,0,0,0.000000,1.000000,43.376782,clear-ocean,30.000000,60.000000,0.151000,1047,2780391,712.920769,6.253691,71,0,0,71,0,69,0,0,69,0,0,0,0,0,0,109,28,0,81,0,0,0,0,0,17,54,127,17,54,79,3.045988,213.705413,2571.411924,0.000000,0.000000,37.795276,0,0,0,2589838.771943,16.170564,131.985191,6241.336410,849.486212,234.782547,177.459330,2588038.152777,2582423.279778,1261.728089,7415.492165,538.891077,0.032801,0.009066,0.006852,99.930474,0.020808,14.862651,9.547540,3.160170,54.705614,94,0.567105,12,48,0,100.000000,0.821603,75.757576,1431.556107,1396.429474,7964.723933,-0.000000,12.860303
11460.000000,contribution,optical,hardware,1,1,1,0,priority,0.000500,180,15,hybrid,0.050000,4000.000000,6.087000,52.000000,500.000000,500.000000,2.000000,120.000000,0.400000,198,127,198,81,150,17,52,0,0,0,0,0,81,81,0,0,0.000000,1.000000,43.376782,clear-ocean,30.000000,60.000000,0.151000,1047,2780391,712.920769,6.220949,71,0,0,71,0,69,0,0,69,0,0,0,0,0,0,109,28,0,81,0,0,0,0,0,17,54,127,17,54,79,3.045988,213.705413,2571.411924,0.000000,0.000000,37.795276,0,0,0,2603435.873415,16.170564,131.985191,6241.336410,853.622382,235.816589,177.689117,2601629.854250,2596014.981250,1267.128089,7420.892165,538.891077,0.032788,0.009058,0.006825,99.930629,0.020699,14.862651,9.547540,3.160170,54.670506,94,0.564136,12,48,0,100.000000,0.821603,75.757576,1431.556107,1389.118325,7878.617216,-0.000000,0.021083
11520.000000,contribution,optical,hardware,1,1,1,0,priority,0.000500,180,15,hybrid,0.050000,4000.000000,6.087000,52.000000,500.000000,500.000000,2.000000,120.000000,0.400000,198,127,198,81,150,17,52,0,0,0,0,0,81,81,0,0,0.000000,1.000000,43.376782,clear-ocean,30.000000,60.000000,0.151000,1047,2780391,712.920769,6.188548,71,0,0,71,0,69,0,0,69,0,0,0,0,0,0,109,28,0,81,0,0,0,0,0,17,54,127,17,54,79,3.045988,213.705413,2571.411924,0.000000,0.000000,37.795276,0,0,0,2617032.974888,16.170564,131.985191,6241.336410,857.758553,236.850632,177.918904,2615221.555722,2609606.682723,1272.528089,7426.292165,538.891077,0.032776,0.009050,0.006798,99.930783,0.020592,14.862651,9.547540,3.160170,54.635764,94,0.561198,12,48,0,100.000000,0.821603,75.757576,1431.556107,1381.883333,7792.510500,0.000000,10.884641
11580.000000,contribution,optical,hardware,1,1,1,0,priority,0.000500,180,15,hybrid,0.050000,4000.000000,6.087000,52.000000,500.000000,500.000000,2.000000,120.000000,0.400000,198,127,198,81,150,17,52,0,0,0,0,0,81,81,0,0,0.000000,1.000000,43.376782,clear-ocean,30.000000,60.000000,0.151000,1047,2780391,712.920769,6.156483,71,0,0,71,0,69,0,0,69,0,0,0,0,0,0,109,28,0,81,0,0,0,0,0,17,54,127,17,54,79,3.045988,213.705413,2571.411924,0.000000,0.000000,37.795276,0,0,0,2630630.076360,16.170564,131.985191,6241.336410,861.894723,237.884674,178.148692,2628813.257195,2623198.384195,1277.928089,7431.692165,538.891077,0.032764,0.009043,0.006772,99.930936,0.020485,14.862651,9.547540,3.160170,54.601382,94,0.558290,12,48,0,100.000000,0.821603,75.757576,1431.556107,1374.723316,7706.403784,0.000000,44.420903
11640.000000,contribution,optical,hardware,1,1,1,0,priority,0.000500,180,15,hybrid,0.050000,4000.000000,6.087000,52.000000,500.000000,500.000000,2.000000,120.000000,0.400000,198,127,198,81,150,17,52,0,0,0,0,0,81,81,0,0,0.000000,1.000000,43.376782,clear-ocean,30.000000,60.000000,0.151000,1047,2780391,712.920769,6.124749,71,0,0,71,0,69,0,0,69,0,0,0,0,0,0,109,28,0,81,0,0,0,0,0,17,54,127,17,54,79,3.045988,213.705413,2571.411924,0.000000,0.000000,37.795276,0,0,0,2644227.177833,16.170564,131.985191,6241.336410,866.030893,238.918717,178.378479,2642404.958667,2636790.085668,1283.328089,7437.092165,538.891077,0.032752,0.009035,0.006746,99.931087,0.020380,14.862651,9.547540,3.160170,54.567354,94,0.555412,12,48,0,100.000000,0.821603,75.757576,1431.556107,1367.637113,7620.297068,0.000000,97.449991
11700.000000,contribution,optical,hardware,1,1,1,0,priority,0.000500,180,15,hybrid,0.050000,4000.000000,6.087000,52.000000,500.000000,500.000000,2.000000,120.000000,0.400000,198,127,198,81,150,17,52,0,0,0,0,0,81,81,0,0,0.000000,1.000000,43.376782,clear-ocean,30.000000,60.000000,0.151000,1047,2780391,712.920769,6.093340,71,0,0,71,0,69,0,0,69,0,0,0,0,0,0,109,28,0,81,0,0,0,0,0,17,54,127,17,54,79,3.045988,213.705413,2571.411924,0.000000,0.000000,37.795276,0,0,0,2657824.279305,16.170564,131.985191,6241.336410,870.167063,239.952759,178.608266,2655996.660140,2650381.787140,1288.728089,7442.492165,538.891077,0.032740,0.009028,0.006720,99.931236,0.020276,14.862651,9.547540,3.160170,54.533675,94,0.552564,12,48,0,100.000000,0.821603,75.757576,1431.556107,1360.623590,7534.190352,0.000000,164.943734
11760.000000,contribution,optical,hardware,1,1,1,0,priority,0.000500,180,15,hybrid,0.050000,4000.000000,6.087000,52.000000,500.000000,500.000000,2.000000,120.000000,0.400000,198,127,198,81,150,17,52,0,0,0,0,0,81,81,0,0,0.000000,1.000000,43.376782,clear-ocean,30.000000,60.000000,0.151000,1047,2780391,712.920769,6.062251,71,0,0,71,0,69,0,0,69,0,0,0,0,0,0,109,28,0,81,0,0,0,0,0,17,54,127,17,54,79,3.045988,213.705413,2571.411924,0.000000,0.000000,37.795276,0,0,0,2671421.380778,16.170564,131.985191,6241.336410,874.303233,240.986802,178.838053,2669588.361612,2663973.488613,1294.128089,7447.892165,538.891077,0.032728,0.009021,0.006694,99.931384,0.020172,14.862651,9.547540,3.160170,54.500340,94,0.549745,12,48,0,100.000000,0.821603,75.757576,1431.556107,1353.681633,7448.083636,0.000000,240.502437
11820.000000,contribution,optical,hardware,1,1,1,0,priority,0.000500,180,15,hybrid,0.050000,4000.000000,6.087000,52.000000,500.000000,500.000000,2.000000,120.000000,0.400000,198,127,198,81,150,17,52,0,0,0,0,0,81,81,0,0,0.000000,1.000000,43.376782,clear-ocean,30.000000,60.000000,0.151000,1047,2780391,712.920769,6.031479,71,0,0,71,0,69,0,0,69,0,0,0,0,0,0,109,28,0,81,0,0,0,0,0,17,54,127,17,54,79,3.045988,213.705413,2571.411924,0.000000,0.000000,37.795276,0,0,0,2685018.482250,16.170564,131.985191,6241.336410,878.439404,242.020845,179.067841,2683180.063085,2677565.190085,1299.528089,7453.292165,538.891077,0.032716,0.009014,0.006669,99.931530,0.020070,14.862651,9.547540,3.160170,54.467343,94,0.546954,12,48,0,100.000000,0.821603,75.757576,1431.556107,1346.810152,7361.976920,0.000000,316.961690
11880.000000,contribution,optical,hardware,1,1,1,0,priority,0.000500,180,15,hybrid,0.050000,4000.000000,6.087000,52.000000,500.000000,500.000000,2.000000,120.000000,0.400000,198,127,198,81,150,17,52,0,0,0,0,0,81,81,0,0,0.000000,1.000000,43.376782,clear-ocean,30.000000,60.000000,0.151000,1047,2780391,712.920769,6.001017,71,0,0,71,0,69,0,0,69,0,0,0,0,0,0,109,28,0,81,0,0,0,0,0,17,54,127,17,54,79,3.045988,213.705413,2571.411924,0.000000,0.000000,37.795276,0,0,0,2698615.583723,16.170564,131.985191,6241.336410,882.575574,243.054887,179.297628,2696771.764557,2691156.891558,1304.928089,7458.692165,538.891077,0.032705,0.009007,0.006644,99.931675,0.019969,14.862651,9.547540,3.160170,54.434680,94,0.544192,12,48,0,100.000000,0.821603,75.757576,1431.556107,1340.008081,7275.870203,0.000000,387.071695
11940.000000,contribution,optical,hardware,1,1,1,0,priority,0.000500,180,15,hybrid,0.050000,4000.000000,6.087000,52.000000,500.000000,500.000000,2.000000,120.000000,0.400000,198,127,198,81,150,17,52,0,0,0,0,0,81,81,0,0,0.000000,1.000000,43.376782,clear-ocean,30.000000,60.000000,0.151000,1047,2780391,712.920769,5.970861,71,0,0,71,0,69,0,0,69,0,0,0,0,0,0,109,28,0,81,0,0,0,0,0,17,54,127,17,54,79,3.045988,213.705413,2571.411924,0.000000,0.000000,37.795276,0,0,0,2712212.685195,16.170564,131.985191,6241.336410,886.711744,244.088930,179.527415,2710363.466030,2704748.593030,1310.328089,7464.092165,538.891077,0.032693,0.009000,0.006619,99.931819,0.019869,14.862651,9.547540,3.160170,54.402345,94,0.541457,12,48,0,100.000000,0.821603,75.757576,1431.556107,1333.274372,7189.763487,0.000000,444.184685
12000.000000,contribution,optical,hardware,1,1,1,0,priority,0.000500,180,15,hybrid,0.050000,4000.000000,6.087000,52.000000,500.000000,500.000000,2.000000,120.000000,0.400000,198,127,198,81,150,17,52,0,0,0,0,0,81,81,0,0,0.000000,1.000000,43.376782,clear-ocean,30.000000,60.000000,0.151000,1047,2780391,712.920769,5.941006,71,0,0,71,0,69,0,0,69,0,0,0,0,0,0,109,28,0,81,0,0,0,0,0,17,54,127,17,54,79,3.045988,213.705413,2571.411924,0.000000,0.000000,37.795276,0,0,0,2725809.786668,16.170564,131.985191,6241.336410,890.847914,245.122972,179.757202,2723955.167502,2718340.294503,1315.728089,7469.492165,538.891077,0.032682,0.008993,0.006595,99.931961,0.019770,14.862651,9.547540,3.160170,54.370333,94,0.538750,12,48,0,100.000000,0.821603,75.757576,1431.556107,1326.608000,7103.656771,0.000000,482.885257
12060.000000,contribution,optical,hardware,1,1,1,0,priority,0.000500,180,15,hybrid,0.050000,4000.000000,6.087000,52.000000,500.000000,500.000000,2.000000,120.000000,0.400000,198,127,198,81,150,17,52,0,0,0,0,0,81,81,0,0,0.000000,1.000000,43.376782,clear-ocean,30.000000,60.000000,0.151000,1047,2780391,712.920769,5.911449,71,0,0,71,0,69,0,0,69,0,0,0,0,0,0,109,28,0,81,0,0,0,0,0,17,54,127,17,54,79,3.045988,213.705413,2571.411924,0.000000,0.000000,37.795276,0,0,0,2739406.888140,16.170564,131.985191,6241.336410,894.984085,246.157015,179.986990,2737546.868975,2731931.995975,1321.128089,7474.892165,538.891077,0.032671,0.008986,0.006570,99.932101,0.019672,14.862651,9.547540,3.160170,54.338640,94,0.536070,12,48,0,100.000000,0.821603,75.757576,1431.556107,1320.007960,7017.550055,0.000000,499.503857
12120.000000,contribution,optical,hardware,1,1,1,0,priority,0.000500,180,15,hybrid,0.050000,4000.000000,6.087000,52.000000,500.000000,500.000000,2.000000,120.000000,0.400000,198,127,198,81,150,17,52,0,0,0,0,0,81,81,0,0,0.000000,1.000000,43.376782,clear-ocean,30.000000,60.000000,0.151000,1047,2780391,712.920769,5.882185,71,0,0,71,0,69,0,0,69,0,0,0,0,0,0,109,28,0,81,0,0,0,0,0,17,54,127,17,54,79,3.045988,213.705413,2571.411924,0.000000,0.000000,37.795276,0,0,0,2753003.989613,16.170564,131.985191,6241.336410,899.120255,247.191057,180.216777,2751138.570447,2745523.697448,1326.528089,7480.292165,538.891077,0.032660,0.008979,0.006546,99.932241,0.019575,14.862651,9.547540,3.160170,54.307261,94,0.533416,12,48,0,100.000000,0.821603,75.757576,1431.556107,1313.473267,6931.443339,-0.000000,492.464725
12180.000000,contribution,optical,hardware,1,1,1,0,priority,0.000500,180,15,hybrid,0.050000,4000.000000,6.087000,52.000000,500.000000,500.000000,2.000000,120.000000,0.400000,198,127,198,81,150,17,52,0,0,0,0,0,81,81,0,0,0.000000,1.000000,43.376782,clear-ocean,30.000000,60.000000,0.151000,1047,2780391,712.920769,5.853208,71,0,0,71,0,69,0,0,69,0,0,0,0,0,0,109,28,0,81,0,0,0,0,0,17,54,127,17,54,79,3.045988,213.705413,2571.411924,0.000000,0.000000,37.795276,0,0,0,2766601.091085,16.170564,131.985191,6241.336410,903.256425,248.225100,180.446564,2764730.271920,2759115.398920,1331.928089,7485.692165,538.891077,0.032649,0.008972,0.006522,99.932378,0.019478,14.862651,9.547540,3.160170,54.276190,94,0.530788,12,48,0,100.000000,0.821603,75.757576,1431.556107,1307.002956,6845.336623,-0.000000,462.435304
12240.000000,contribution,optical,hardware,1,1,1,0,priority,0.000500,180,15,hybrid,0.050000,4000.000000,6.087000,52.000000,500.000000,500.000000,2.000000,120.000000,0.400000,198,127,198,81,150,17,52,0,0,0,0,0,81,81,0,0,0.000000,1.000000,43.376782,clear-ocean,30.000000,60.000000,0.151000,1047,2780391,712.920769,5.824516,71,0,0,71,0,69,0,0,69,0,0,0,0,0,0,109,28,0,81,0,0,0,0,0,17,54,127,17,54,79,3.045988,213.705413,2571.411924,0.000000,0.000000,37.795276,0,0,0,2780198.192558,16.170564,131.985191,6241.336410,907.392595,249.259142,180.676351,2778321.973392,2772707.100393,1337.328089,7491.092165,538.891077,0.032638,0.008966,0.006499,99.932515,0.019383,14.862651,9.547540,3.160170,54.245425,94,0.528186,12,48,0,100.000000,0.821603,75.757576,1431.556107,1300.596078,6759.229907,-0.000000,412.262958
12300.000000,contribution,optical,hardware,1,1,1,0,priority,0.000500,180,15,hybrid,0.050000,4000.000000,6.087000,52.000000,500.000000,500.000000,2.000000,120.000000,0.400000,198,127,198,81,150,17,52,0,0,0,0,0,81,81,0,0,0.000000,1.000000,43.376782,clear-ocean,30.000000,60.000000,0.151000,1047,2780391,712.920769,5.796104,71,0,0,71,0,69,0,0,69,0,0,0,0,0,0,109,28,0,81,0,0,0,0,0,17,54,127,17,54,79,3.045988,213.705413,2571.411924,0.000000,0.000000,37.795276,0,0,0,2793795.294030,16.170564,131.985191,6241.336410,911.528765,250.293185,180.906138,2791913.674865,2786298.801865,1342.728089,7496.492165,538.891077,0.032627,0.008959,0.006475,99.932650,0.019289,14.862651,9.547540,3.160170,54.214959,94,0.525610,12,48,0,100.000000,0.821603,75.757576,1431.556107,1294.251707,6673.123190,-0.000000,346.704984
12360.000000,contribution,optical,hardware,1,1,1,0,priority,0.000500,180,15,hybrid,0.050000,4000.000000,6.087000,52.000000,500.000000,500.000000,2.000000,120.000000,0.400000,198,127,198,81,150,17,52,0,0,0,0,0,81,81,0,0,0.000000,1.000000,43.376782,clear-ocean,30.000000,60.000000,0.151000,1047,2780391,712.920769,5.767967,71,0,0,71,0,69,0,0,69,0,0,0,0,0,0,109,28,0,81,0,0,0,0,0,17,54,127,17,54,79,3.045988,213.705413,2571.411924,0.000000,0.000000,37.795276,0,0,0,2807392.395503,16.170564,131.985191,6241.336410,915.664936,251.327227,181.135926,2805505.376337,2799890.503338,1348.128089,7501.892165,538.891077,0.032616,0.008952,0.006452,99.932784,0.019195,14.862651,9.547540,3.160170,54.184790,94,0.523058,12,48,0,100.000000,0.821603,75.757576,1431.556107,1287.968932,6587.016474,-0.000000,271.977529
12420.000000,contribution,optical,hardware,1,1,1,0,priority,0.000500,180,15,hybrid,0.050000,4000.000000,6.087000,52.000000,500.000000,500.000000,2.000000,120.000000,0.400000,198,127,198,81,150,17,52,0,0,0,0,0,81,81,0,0,0.000000,1.000000,43.376782,clear-ocean,30.000000,60.000000,0.151000,1047,2780391,712.920769,5.740103,71,0,0,71,0,69,0,0,69,0,0,0,0,0,0,109,28,0,81,0,0,0,0,0,17,54,127,17,54,79,3.045988,213.705413,2571.411924,0.000000,0.000000,37.795276,0,0,0,2820989.496975,16.170564,131.985191,6241.336410,919.801106,252.361270,181.365713,2819097.077810,2813482.204810,1353.528089,7507.292165,538.891077,0.032606,0.008946,0.006429,99.932916,0.019103,14.862651,9.547540,3.160170,54.154911,94,0.520531,12,48,0,100.000000,0.821603,75.757576,1431.556107,1281.746860,6500.909758,-0.000000,195.166185
12480.000000,contribution,optical,hardware,1,1,1,0,priority,0.000500,180,15,hybrid,0.050000,4000.000000,6.087000,52.000000,500.000000,500.000000,2.000000,120.000000,0.400000,198,127,198,81,150,17,52,0,0,0,0,0,81,81,0,0,0.000000,1.000000,43.376782,clear-ocean,30.000000,60.000000,0.151000,1047,2780391,712.920769,5.712506,71,0,0,71,0,69,0,0,69,0,0,0,0,0,0,109,28,0,81,0,0,0,0,0,17,54,127,17,54,79,3.045988,213.705413,2571.411924,0.000000,0.000000,37.795276,0,0,0,2834586.598448,16.170564,131.985191,6241.336410,923.937276,253.395313,181.595500,2832688.779282,2827073.906283,1358.928089,7512.692165,538.891077,0.032595,0.008939,0.006406,99.933048,0.019011,14.862651,9.547540,3.160170,54.125321,94,0.518029,12,48,0,100.000000,0.821603,75.757576,1431.556107,1275.584615,6414.803042,-0.000000,123.554134
12540.000000,contribution,optical,hardware,1,1,1,0,priority,0.000500,180,15,hybrid,0.050000,4000.000000,6.087000,52.000000,500.000000,500.000000,2.000000,120.000000,0.400000,198,127,198,81,150,17,52,0,0,0,0,0,81,81,0,0,0.000000,1.000000,43.376782,clear-ocean,30.000000,60.000000,0.151000,1047,2780391,712.920769,5.685174,71,0,0,71,0,69,0,0,69,0,0,0,0,0,0,109,28,0,81,0,0,0,0,0,17,54,127,17,54,79,3.045988,213.705413,2571.411924,0.000000,0.000000,37.795276,0,0,0,2848183.699920,16.170564,131.985191,6241.336410,928.073446,254.429355,181.825287,2846280.480755,2840665.607755,1364.328089,7518.092165,538.891077,0.032585,0.008933,0.006384,99.933178,0.018921,14.862651,9.547540,3.160170,54.096013,94,0.515550,12,48,0,100.000000,0.821603,75.757576,1431.556107,1269.481340,6328.696326,-0.000000,63.931567
12600.000000,contribution,optical,hardware,1,1,1,0,priority,0.000500,180,15,hybrid,0.050000,4000.000000,6.087000,52.000000,500.000000,500.000000,2.000000,120.000000,0.400000,198,127,198,81,150,17,52,0,0,0,0,0,81,81,0,0,0.000000,1.000000,43.376782,clear-ocean,30.000000,60.000000,0.151000,1047,2780391,712.920769,5.658101,71,0,0,71,0,69,0,0,69,0,0,0,0,0,0,109,28,0,81,0,0,0,0,0,17,54,127,17,54,79,3.045988,213.705413,2571.411924,0.000000,0.000000,37.795276,0,0,0,2861780.801393,16.170564,131.985191,6241.336410,932.209616,255.463398,182.055075,2859872.182227,2854257.309228,1369.728089,7523.492165,538.891077,0.032574,0.008927,0.006362,99.933307,0.018831,14.862651,9.547540,3.160170,54.066984,94,0.513095,12,48,0,100.000000,0.821603,75.757576,1431.556107,1263.436190,6242.589610,-0.000000,21.951842
12660.000000,contribution,optical,hardware,1,1,1,0,priority,0.000500,180,15,hybrid,0.050000,4000.000000,6.087000,52.000000,500.000000,500.000000,2.000000,120.000000,0.400000,198,127,198,81,150,17,52,0,0,0,0,0,81,81,0,0,0.000000,1.000000,43.376782,clear-ocean,30.000000,60.000000,0.151000,1047,2780391,712.920769,5.631286,71,0,0,71,0,69,0,0,69,0,0,0,0,0,0,109,28,0,81,0,0,0,0,0,17,54,127,17,54,79,3.045988,213.705413,2571.411924,0.000000,0.000000,37.795276,0,0,0,2875377.902865,16.170564,131.985191,6241.336410,936.345787,256.497440,182.284862,2873463.883700,2867849.010700,1375.128089,7528.892165,538.891077,0.032564,0.008920,0.006340,99.933434,0.018742,14.862651,9.547540,3.160170,54.038231,94,0.510664,12,48,0,100.000000,0.821603,75.757576,1431.556107,1257.448341,6156.482894,-0.000000,1.595440
12720.000000,contribution,optical,hardware,1,1,1,0,priority,0.000500,180,15,hybrid,0.050000,4000.000000,6.087000,52.000000,500.000000,500.000000,2.000000,120.000000,0.400000,198,127,198,81,150,17,52,0,0,0,0,0,81,81,0,0,0.000000,1.000000,43.376782,clear-ocean,30.000000,60.000000,0.151000,1047,2780391,712.920769,5.604723,71,0,0,71,0,69,0,0,69,0,0,0,0,0,0,109,28,0,81,0,0,0,0,0,17,54,127,17,54,79,3.045988,213.705413,2571.411924,0.000000,0.000000,37.795276,0,0,0,2888975.004338,16.170564,131.985191,6241.336410,940.481957,257.531483,182.514649,2887055.585172,2881440.712173,1380.528089,7534.292165,538.891077,0.032554,0.008914,0.006318,99.933561,0.018653,14.862651,9.547540,3.160170,54.009748,94,0.508255,12,48,0,100.000000,0.821603,75.757576,1431.556107,1251.516981,6070.376177,0.000000,4.792536
12780.000000,contribution,optical,hardware,1,1,1,0,priority,0.000500,180,15,hybrid,0.050000,4000.000000,6.087000,52.000000,500.000000,500.000000,2.000000,120.000000,0.400000,198,127,198,81,150,17,52,0,0,0,0,0,81,81,0,0,0.000000,1.000000,43.376782,clear-ocean,30.000000,60.000000,0.151000,1047,2780391,712.920769,5.578410,71,0,0,71,0,69,0,0,69,0,0,0,0,0,0,109,28,0,81,0,0,0,0,0,17,54,127,17,54,79,3.045988,213.705413,2571.411924,0.000000,0.000000,37.795276,0,0,0,2902572.105810,16.170564,131.985191,6241.336410,944.618127,258.565525,182.744436,2900647.286645,2895032.413645,1385.928089,7539.692165,538.891077,0.032544,0.008908,0.006296,99.933686,0.018566,14.862651,9.547540,3.160170,53.981534,94,0.505869,12,48,0,100.000000,0.821603,75.757576,1431.556107,1245.641315,5984.269461,0.000000,31.239984
12840.000000,contribution,optical,hardware,1,1,1,0,priority,0.000500,180,15,hybrid,0.050000,4000.000000,6.087000,52.000000,500.000000,500.000000,2.000000,120.000000,0.400000,198,127,198,81,150,17,52,0,0,0,0,0,81,81,0,0,0.000000,1.000000,43.376782,clear-ocean,30.000000,60.000000,0.151000,1047,2780391,712.920769,5.552342,71,0,0,71,0,69,0,0,69,0,0,0,0,0,0,109,28,0,81,0,0,0,0,0,17,54,127,17,54,79,3.045988,213.705413,2571.411924,0.000000,0.000000,37.795276,0,0,0,2916169.207283,16.170564,131.985191,6241.336410,948.754297,259.599568,182.974224,2914238.988117,2908624.115118,1391.328089,7545.092165,538.891077,0.032534,0.008902,0.006274,99.933810,0.018479,14.862651,9.547540,3.160170,53.953583,94,0.503505,12,48,0,100.000000,0.821603,75.757576,1431.556107,1239.820561,5898.162745,0.000000,78.430061
12900.000000,contribution,optical,hardware,1,1,1,0,priority,0.000500,180,15,hybrid,0.050000,4000.000000,6.087000,52.000000,500.000000,500.000000,2.000000,120.000000,0.400000,198,127,198,81,150,17,52,0,0,0,0,0,81,81,0,0,0.000000,1.000000,43.376782,clear-ocean,30.000000,60.000000,0.151000,1047,2780391,712.920769,5.526518,71,0,0,71,0,69,0,0,69,0,0,0,0,0,0,109,28,0,81,0,0,0,0,0,17,54,127,17,54,79,3.045988,213.705413,2571.411924,0.000000,0.000000,37.795276,0,0,0,2929766.308755,16.170564,131.985191,6241.336410,952.890468,260.633610,183.204011,2927830.689590,2922215.816590,1396.728089,7550.492165,538.891077,0.032524,0.008896,0.006253,99.933933,0.018394,14.862651,9.547540,3.160170,53.925891,94,0.501163,12,48,0,100.000000,0.821603,75.757576,1431.556107,1234.053953,5812.056029,0.000000,141.888246
12960.000000,contribution,optical,hardware,1,1,1,0,priority,0.000500,180,15,hybrid,0.050000,4000.000000,6.087000,52.000000,500.000000,500.000000,2.000000,120.000000,0.400000,198,127,198,81,150,17,52,0,0,0,0,0,81,81,0,0,0.000000,1.000000,43.376782,clear-ocean,30.000000,60.000000,0.151000,1047,2780391,712.920769,5.500932,71,0,0,71,0,69,0,0,69,0,0,0,0,0,0,109,28,0,81,0,0,0,0,0,17,54,127,17,54,79,3.045988,213.705413,2571.411924,0.000000,0.000000,37.795276,0,0,0,2943363.410228,16.170564,131.985191,6241.336410,957.026638,261.667653,183.433798,2941422.391062,2935807.518063,1402.128089,7555.892165,538.891077,0.032515,0.008890,0.006232,99.934054,0.018309,14.862651,9.547540,3.160170,53.898457,94,0.498843,12,48,0,100.000000,0.821603,75.757576,1431.556107,1228.340741,5725.949313,0.000000,215.597491
13020.000000,contribution,optical,hardware,1,1,1,0,priority,0.000500,180,15,hybrid,0.050000,4000.000000,6.087000,52.000000,500.000000,500.000000,2.000000,120.000000,0.400000,198,127,198,81,150,17,52,0,0,0,0,0,81,81,0,0,0.000000,1.000000,43.376782,clear-ocean,30.000000,60.000000,0.151000,1047,2780391,712.920769,5.475582,71,0,0,71,0,69,0,0,69,0,0,0,0,0,0,109,28,0,81,0,0,0,0,0,17,54,127,17,54,79,3.045988,213.705413,2571.411924,0.000000,0.000000,37.795276,0,0,0,2956960.511700,16.170564,131.985191,6241.336410,961.162808,262.701696,183.663585,2955014.092535,2949399.219535,1407.528089,7561.292165,538.891077,0.032505,0.008884,0.006211,99.934175,0.018224,14.862651,9.547540,3.160170,53.871275,94,0.496544,12,48,0,100.000000,0.821603,75.757576,1431.556107,1222.680184,5639.842597,0.000000,292.568751
13080.000000,contribution,optical,hardware,1,1,1,0,priority,0.000500,180,15,hybrid,0.050000,4000.000000,6.087000,52.000000,500.000000,500.000000,2.000000,120.000000,0.400000,198,127,198,81,150,17,52,0,0,0,0,0,81,81,0,0,0.000000,1.000000,43.376782,clear-ocean,30.000000,60.000000,0.151000,1047,2780391,712.920769,5.450465,71,0,0,71,0,69,0,0,69,0,0,0,0,0,0,109,28,0,81,0,0,0,0,0,17,54,127,17,54,79,3.045988,213.705413,2571.411924,0.000000,0.000000,37.795276,0,0,0,2970557.613173,16.170564,131.985191,6241.336410,965.298978,263.735738,183.893373,2968605.794007,2962990.921008,1412.928089,7566.692165,538.891077,0.032496,0.008878,0.006191,99.934295,0.018141,14.862651,9.547540,3.160170,53.844343,94,0.494266,12,48,0,100.000000,0.821603,75.757576,1431.556107,1217.071560,5553.735880,0.000000,365.503680
13140.000000,contribution,optical,hardware,1,1,1,0,priority,0.000500,180,15,hybrid,0.050000,4000.000000,6.087000,52.000000,500.000000,500.000000,2.000000,120.000000,0.400000,198,127,198,81,150,17,52,0,0,0,0,0,81,81,0,0,0.000000,1.000000,43.376782,clear-ocean,30.000000,60.000000,0.151000,1047,2780391,712.920769,5.425577,71,0,0,71,0,69,0,0,69,0,0,0,0,0,0,109,28,0,81,0,0,0,0,0,17,54,127,17,54,79,3.045988,213.705413,2571.411924,0.000000,0.000000,37.795276,0,0,0,2984154.714645,16.170564,131.985191,6241.336410,969.435148,264.769781,184.123160,2982197.495480,2976582.622480,1418.328089,7572.092165,538.891077,0.032486,0.008873,0.006170,99.934413,0.018058,14.862651,9.547540,3.160170,53.817656,94,0.492009,12,48,0,100.000000,0.821603,75.757576,1431.556107,1211.514155,5467.629164,0.000000,427.486654
13200.000000,contribution,optical,hardware,1,1,1,0,priority,0.000500,180,15,hybrid,0.050000,4000.000000,6.087000,52.000000,500.000000,500.000000,2.000000,120.000000,0.400000,198,127,198,81,150,17,52,0,0,0,0,0,81,81,0,0,0.000000,1.000000,43.376782,clear-ocean,30.000000,60.000000,0.151000,1047,2780391,712.920769,5.400915,71,0,0,71,0,69,0,0,69,0,0,0,0,0,0,109,28,0,81,0,0,0,0,0,17,54,127,17,54,79,3.045988,213.705413,2571.411924,0.000000,0.000000,37.795276,0,0,0,2997751.816118,16.170564,131.985191,6241.336410,973.571319,265.803823,184.352947,2995789.196952,2990174.323953,1423.728089,7577.492165,538.891077,0.032477,0.008867,0.006150,99.934530,0.017977,14.862651,9.547540,3.160170,53.791212,94,0.489773,12,48,0,100.000000,0.821603,75.757576,1431.556107,1206.007273,5381.522448,0.000000,472.640502
13260.000000,contribution,optical,hardware,1,1,1,0,priority,0.000500,180,15,hybrid,0.050000,4000.000000,6.087000,52.000000,500.000000,500.000000,2.000000,120.000000,0.400000,198,127,198,81,150,17,52,0,0,0,0,0,81,81,0,0,0.000000,1.000000,43.376782,clear-ocean,30.000000,60.000000,0.151000,1047,2780391,712.920769,5.376476,71,0,0,71,0,69,0,0,69,0,0,0,0,0,0,109,28,0,81,0,0,0,0,0,17,54,127,17,54,79,3.045988,213.705413,2571.411924,0.000000,0.000000,37.795276,0,0,0,3011348.917590,16.170564,131.985191,6241.336410,977.707489,266.837866,184.582734,3009380.898425,3003766.025425,1429.128089,7582.892165,538.891077,0.032467,0.008861,0.006130,99.934647,0.017895,14.862651,9.547540,3.160170,53.765008,94,0.487557,12,48,0,100.000000,0.821603,75.757576,1431.556107,1200.550226,5295.415732,0.000000,496.683776
13320.000000,contribution,optical,hardware,1,1,1,0,priority,0.000500,180,15,hybrid,0.050000,4000.000000,6.087000,52.000000,500.000000,500.000000,2.000000,120.000000,0.400000,198,127,198,83,150,17,52,0,0,0,0,0,83,83,0,0,0.000000,1.000000,43.348461,clear-ocean,30.000000,60.000000,0.151000,1068,2856252,732.372308,5.498291,71,0,0,71,0,69,0,0,69,0,0,0,0,0,0,112,30,0,81,1,0,0,0,0,17,54,127,17,54,79,3.045988,213.705413,2571.411924,0.000000,0.000000,37.795276,0,0,0,3025116.100909,16.170564,131.985191,6411.418256,981.843659,267.871908,187.212521,3023129.812205,3017357.726898,1436.928089,7758.374011,549.360615,0.032456,0.008855,0.006189,99.934340,0.018160,14.862651,9.547540,3.246288,53.731832,94,0.489039,12,46,1,100.000000,0.821603,75.757576,1431.556107,1195.142342,5209.309016,-0.000000,497.336716
13380.000000,contribution,optical,hardware,1,1,1,0,priority,0.000500,180,15,hybrid,0.050000,4000.000000,6.087000,52.000000,500.000000,500.000000,2.000000,120.000000,0.400000,198,127,198,83,151,17,52,0,0,0,0,0,83,83,0,0,0.000000,1.000000,43.348461,clear-ocean,30.000000,60.000000,0.151000,1094,2952798,757.127692,5.658652,71,0,0,71,0,69,0,0,69,0,0,0,0,0,0,116,32,1,82,1,0,0,0,0,17,54,127,17,54,80,3.045988,213.705413,2657.048517,0.000000,0.000000,37.007874,0,0,0,3038922.504330,16.170564,131.985191,6620.720205,985.979829,268.905951,187.442309,3036919.560036,3030949.428370,1442.328089,7973.075960,560.616205,0.032445,0.008849,0.006168,99.934090,0.018448,14.862651,9.547540,3.310360,53.697160,94,0.489686,12,46,0,100.000000,0.821603,76.262626,1484.475202,1204.730643,5123.202300,-0.000000,474.537410
13440.000000,contribution,optical,hardware,1,1,1,0,priority,0.000500,180,15,hybrid,0.050000,4000.000000,6.087000,52.000000,500.000000,500.000000,2.000000,120.000000,0.400000,198,127,198,83,152,17,52,0,0,0,0,0,83,83,0,0,0.000000,1.000000,43.348461,clear-ocean,30.000000,60.000000,0.151000,1096,2957400,758.307692,5.642170,71,0,0,71,0,69,0,0,69,0,0,0,0,0,0,116,32,1,83,0,0,0,0,0,17,54,127,17,54,81,3.045988,213.705413,2740.523992,0.000000,0.000000,36.220472,0,0,0,3052532.571751,16.170564,131.985191,6633.686154,990.115999,269.939993,187.672096,3050520.704791,3044541.129843,1447.728089,7991.441908,564.138872,0.032436,0.008843,0.006148,99.934092,0.018481,14.862651,9.547540,3.275894,53.662798,94,0.487500,12,46,0,100.000000,0.821603,76.767677,1536.673141,1214.233333,5037.095584,-0.000000,430.447668
13500.000000,contribution,optical,hardware,1,1,1,0,priority,0.000500,180,15,hybrid,0.050000,4000.000000,6.087000,52.000000,500.000000,500.000000,2.000000,120.000000,0.400000,198,127,198,83,152,17,52,0,0,0,0,0,83,83,0,0,0.000000,1.000000,43.348461,clear-ocean,30.000000,60.000000,0.151000,1096,2957400,758.307692,5.617094,71,0,0,71,0,69,0,0,69,0,0,0,0,0,0,116,32,1,83,0,0,0,0,0,17,54,127,17,54,81,3.045988,213.705413,2740.523992,0.000000,0.000000,36.220472,0,0,0,3066129.673224,16.170564,131.985191,6633.686154,994.252170,270.974036,187.901883,3064112.406264,3058132.831315,1453.128089,7996.841908,564.138872,0.032427,0.008838,0.006128,99.934208,0.018399,14.862651,9.547540,3.275894,53.628741,94,0.485333,12,46,0,100.000000,0.821603,76.767677,1536.673141,1208.836741,4950.988867,-0.000000,369.248039
13560.000000,contribution,optical,hardware,1,1,1,0,priority,0.000500,180,15,hybrid,0.050000,4000.000000,6.087000,52.000000,500.000000,500.000000,2.000000,120.000000,0.400000,198,127,198,83,152,17,52,0,0,0,0,0,83,83,0,0,0.000000,1.000000,43.348461,clear-ocean,30.000000,60.000000,0.151000,1096,2957400,758.307692,5.592240,71,0,0,71,0,69,0,0,69,0,0,0,0,0,0,116,32,1,83,0,0,0,0,0,17,54,127,17,54,81,3.045988,213.705413,2740.523992,0.000000,0.000000,36.220472,0,0,0,3079726.774696,16.170564,131.985191,6633.686154,998.388340,272.008079,188.131670,3077704.107736,3071724.532788,1458.528089,8002.241908,564.138872,0.032418,0.008832,0.006109,99.934323,0.018318,14.862651,9.547540,3.275894,53.594985,94,0.483186,12,46,0,100.000000,0.821603,76.767677,1536.673141,1203.487906,4864.882151,-0.000000,296.741417
13620.000000,contribution,optical,hardware,1,1,1,0,priority,0.000500,180,15,hybrid,0.050000,4000.000000,6.087000,52.000000,500.000000,500.000000,2.000000,120.000000,0.400000,198,127,198,83,152,17,52,0,0,0,0,0,83,83,0,0,0.000000,1.000000,43.348461,clear-ocean,30.000000,60.000000,0.151000,1096,2957400,758.307692,5.567604,71,0,0,71,0,69,0,0,69,0,0,0,0,0,0,116,32,1,83,0,0,0,0,0,17,54,127,17,54,81,3.045988,213.705413,2740.523992,0.000000,0.000000,36.220472,0,0,0,3093323.876169,16.170564,131.985191,6633.686154,1002.524510,273.042121,188.361458,3091295.809209,3085316.234260,1463.928089,8007.641908,564.138872,0.032409,0.008827,0.006089,99.934437,0.018237,14.862651,9.547540,3.275894,53.561527,94,0.481057,12,46,0,100.000000,0.821603,76.767677,1536.673141,1198.186197,4778.775435,-0.000000,219.802817
13680.000000,contribution,optical,hardware,1,1,1,0,priority,0.000500,180,15,hybrid,0.050000,4000.000000,6.087000,52.000000,500.000000,500.000000,2.000000,120.000000,0.400000,198,127,198,83,152,17,52,0,0,0,0,0,83,83,0,0,0.000000,1.000000,43.348461,clear-ocean,30.000000,60.000000,0.151000,1096,2957400,758.307692,5.543185,71,0,0,71,0,69,0,0,69,0,0,0,0,0,0,116,32,1,83,0,0,0,0,0,17,54,127,17,54,81,3.045988,213.705413,2740.523992,0.000000,0.000000,36.220472,0,0,0,3106920.977641,16.170564,131.985191,6633.686154,1006.660680,274.076164,188.591245,3104887.510681,3098907.935733,1469.328089,8013.041908,564.138872,0.032401,0.008821,0.006070,99.934550,0.018157,14.862651,9.547540,3.275894,53.528363,94,0.478947,12,46,0,100.000000,0.821603,76.767677,1536.673141,1192.930994,4692.668719,-0.000000,145.727486
13740.000000,contribution,optical,hardware,1,1,1,0,priority,0.000500,180,15,hybrid,0.050000,4000.000000,6.087000,52.000000,500.000000,500.000000,2.000000,120.000000,0.400000,198,127,198,83,152,17,52,0,0,0,0,0,83,83,0,0,0.000000,1.000000,43.348461,clear-ocean,30.000000,60.000000,0.151000,1096,2957400,758.307692,5.518979,71,0,0,71,0,69,0,0,69,0,0,0,0,0,0,116,32,1,83,0,0,0,0,0,17,54,127,17,54,81,3.045988,213.705413,2740.523992,0.000000,0.000000,36.220472,0,0,0,3120518.079114,16.170564,131.985191,6633.686154,1010.796851,275.110206,188.821032,3118479.212154,3112499.637205,1474.728089,8018.441908,564.138872,0.032392,0.008816,0.006051,99.934663,0.018078,14.862651,9.547540,3.275894,53.495488,94,0.476856,12,46,0,100.000000,0.821603,76.767677,1536.673141,1187.721689,4606.562003,-0.000000,81.539182
13800.000000,contribution,optical,hardware,1,1,1,0,priority,0.000500,180,15,hybrid,0.050000,4000.000000,6.087000,52.000000,500.000000,500.000000,2.000000,120.000000,0.400000,198,127,198,83,152,17,52,0,0,0,0,0,83,83,0,0,0.000000,1.000000,43.348461,clear-ocean,30.000000,60.000000,0.151000,1096,2957400,758.307692,5.494983,71,0,0,71,0,69,0,0,69,0,0,0,0,0,0,116,32,1,83,0,0,0,0,0,17,54,127,17,54,81,3.045988,213.705413,2740.523992,0.000000,0.000000,36.220472,0,0,0,3134115.180586,16.170564,131.985191,6633.686154,1014.933021,276.144249,189.050819,3132070.913626,3126091.338678,1480.128089,8023.841908,564.138872,0.032383,0.008811,0.006032,99.934774,0.018000,14.862651,9.547540,3.275894,53.462899,94,0.474783,12,46,0,100.000000,0.821603,76.767677,1536.673141,1182.557681,4520.455287,-0.000000,33.324182
13860.000000,contribution,optical,hardware,1,1,1,0,priority,0.000500,180,15,hybrid,0.050000,4000.000000,6.087000,52.000000,500.000000,500.000000,2.000000,120.000000,0.400000,198,127,198,83,152,17,52,0,0,0,0,0,83,83,0,0,0.000000,1.000000,43.348461,clear-ocean,30.000000,60.000000,0.151000,1096,2957400,758.307692,5.471195,71,0,0,71,0,69,0,0,69,0,0,0,0,0,0,116,32,1,83,0,0,0,0,0,17,54,127,17,54,81,3.045988,213.705413,2740.523992,0.000000,0.000000,36.220472,0,0,0,3147712.282059,16.170564,131.985191,6633.686154,1019.069191,277.178291,189.280607,3145662.615099,3139683.040150,1485.528089,8029.241908,564.138872,0.032375,0.008806,0.006013,99.934884,0.017922,14.862651,9.547540,3.275894,53.430592,94,0.472727,12,46,0,100.000000,0.821603,76.767677,1536.673141,1177.438384,4434.348571,-0.000000,5.654189
13920.000000,contribution,optical,hardware,1,1,1,0,priority,0.000500,180,15,hybrid,0.050000,4000.000000,6.087000,52.000000,500.000000,500.000000,2.000000,120.000000,0.400000,198,127,198,83,152,17,52,0,0,0,0,0,83,83,0,0,0.000000,1.000000,43.348461,clear-ocean,30.000000,60.000000,0.151000,1096,2957400,758.307692,5.447613,71,0,0,71,0,69,0,0,69,0,0,0,0,0,0,116,32,1,83,0,0,0,0,0,17,54,127,17,54,81,3.045988,213.705413,2740.523992,0.000000,0.000000,36.220472,0,0,0,3161309.383531,16.170564,131.985191,6633.686154,1023.205361,278.212334,189.510394,3159254.316571,3153274.741623,1490.928089,8034.641908,564.138872,0.032367,0.008801,0.005995,99.934993,0.017845,14.862651,9.547540,3.275894,53.398563,94,0.470690,12,46,0,100.000000,0.821603,76.767677,1536.673141,1172.363218,4348.241854,0.000000,1.152847
13980.000000,contribution,optical,hardware,1,1,1,0,priority,0.000500,180,15,hybrid,0.050000,4000.000000,6.087000,52.000000,500.000000,500.000000,2.000000,120.000000,0.400000,198,127,198,83,152,17,52,0,0,0,0,0,83,83,0,0,0.000000,1.000000,43.348461,clear-ocean,30.000000,60.000000,0.151000,1096,2957400,758.307692,5.424232,71,0,0,71,0,69,0,0,69,0,0,0,0,0,0,116,32,1,83,0,0,0,0,0,17,54,127,17,54,81,3.045988,213.705413,2740.523992,0.000000,0.000000,36.220472,0,0,0,3174906.485004,16.170564,131.985191,6633.686154,1027.341531,279.246376,189.740181,3172846.018044,3166866.443095,1496.328089,8040.041908,564.138872,0.032358,0.008795,0.005976,99.935101,0.017769,14.862651,9.547540,3.275894,53.366810,94,0.468670,12,46,0,100.000000,0.821603,76.767677,1536.673141,1167.331617,4262.135138,0.000000,20.246969
14040.000000,contribution,optical,hardware,1,1,1,0,priority,0.000500,180,15,hybrid,0.050000,4000.000000,6.087000,52.000000,500.000000,500.000000,2.000000,120.000000,0.400000,198,127,198,83,152,17,52,0,0,0,0,0,83,83,0,0,0.000000,1.000000,43.348461,clear-ocean,30.000000,60.000000,0.151000,1096,2957400,758.307692,5.401052,71,0,0,71,0,69,0,0,69,0,0,0,0,0,0,116,32,1,83,0,0,0,0,0,17,54,127,17,54,81,3.045988,213.705413,2740.523992,0.000000,0.000000,36.220472,0,0,0,3188503.586476,16.170564,131.985191,6633.686154,1031.477702,280.280419,189.969968,3186437.719516,3180458.144568,1501.728089,8045.441908,564.138872,0.032350,0.008790,0.005958,99.935209,0.017693,14.862651,9.547540,3.275894,53.335328,94,0.466667,12,46,0,100.000000,0.821603,76.767677,1536.673141,1162.343020,4176.028422,0.000000,61.126069
14100.000000,contribution,optical,hardware,1,1,1,0,priority,0.000500,180,15,hybrid,0.050000,4000.000000,6.087000,52.000000,500.000000,500.000000,2.000000,120.000000,0.400000,198,127,198,83,152,17,52,0,0,0,0,0,83,83,0,0,0.000000,1.000000,43.348461,clear-ocean,30.000000,60.000000,0.151000,1096,2957400,758.307692,5.378069,71,0,0,71,0,69,0,0,69,0,0,0,0,0,0,116,32,1,83,0,0,0,0,0,17,54,127,17,54,81,3.045988,213.705413,2740.523992,0.000000,0.000000,36.220472,0,0,0,3202100.687949,16.170564,131.985191,6633.686154,1035.613872,281.314462,190.199755,3200029.420989,3194049.846040,1507.128089,8050.841908,564.138872,0.032342,0.008785,0.005940,99.935315,0.017618,14.862651,9.547540,3.275894,53.304113,94,0.464681,12,46,0,100.000000,0.821603,76.767677,1536.673141,1157.396879,4089.921706,0.000000,119.914025
14160.000000,contribution,optical,hardware,1,1,1,0,priority,0.000500,180,15,hybrid,0.050000,4000.000000,6.087000,52.000000,500.000000,500.000000,2.000000,120.000000,0.400000,198,127,198,83,152,17,52,0,0,0,0,0,83,83,0,0,0.000000,1.000000,43.348461,clear-ocean,30.000000,60.000000,0.151000,1096,2957400,758.307692,5.355280,71,0,0,71,0,69,0,0,69,0,0,0,0,0,0,116,32,1,83,0,0,0,0,0,17,54,127,17,54,81,3.045988,213.705413,2740.523992,0.000000,0.000000,36.220472,0,0,0,3215697.789421,16.170564,131.985191,6633.686154,1039.750042,282.348504,190.429543,3213621.122461,3207641.547513,1512.528089,8056.241908,564.138872,0.032334,0.008780,0.005922,99.935421,0.017543,14.862651,9.547540,3.275894,53.273164,94,0.462712,12,46,0,100.000000,0.821603,76.767677,1536.673141,1152.492655,4003.814990,0.000000,191.036617
14220.000000,contribution,optical,hardware,1,1,1,0,priority,0.000500,180,15,hybrid,0.050000,4000.000000,6.087000,52.000000,500.000000,500.000000,2.000000,120.000000,0.400000,198,127,198,83,152,17,52,0,0,0,0,0,83,83,0,0,0.000000,1.000000,43.348461,clear-ocean,30.000000,60.000000,0.151000,1096,2957400,758.307692,5.332684,71,0,0,71,0,69,0,0,69,0,0,0,0,0,0,116,32,1,83,0,0,0,0,0,17,54,127,17,54,81,3.045988,213.705413,2740.523992,0.000000,0.000000,36.220472,0,0,0,3229294.890894,16.170564,131.985191,6633.686154,1043.886212,283.382547,190.659330,3227212.823934,3221233.248985,1517.928089,8061.641908,564.138872,0.032326,0.008775,0.005904,99.935526,0.017469,14.862651,9.547540,3.275894,53.242475,94,0.460759,12,46,0,100.000000,0.821603,76.767677,1536.673141,1147.629817,3917.708274,0.000000,267.750065
14280.000000,contribution,optical,hardware,1,1,1,0,priority,0.000500,180,15,hybrid,0.050000,4000.000000,6.087000,52.000000,500.000000,500.000000,2.000000,120.000000,0.400000,198,127,198,83,152,17,52,0,0,0,0,0,83,83,0,0,0.000000,1.000000,43.348461,clear-ocean,30.000000,60.000000,0.151000,1096,2957400,758.307692,5.310278,71,0,0,71,0,69,0,0,69,0,0,0,0,0,0,116,32,1,83,0,0,0,0,0,17,54,127,17,54,81,3.045988,213.705413,2740.523992,0.000000,0.000000,36.220472,0,0,0,3242891.992366,16.170564,131.985191,6633.686154,1048.022382,284.416589,190.889117,3240804.525406,3234824.950458,1523.328089,8067.041908,564.138872,0.032318,0.008770,0.005886,99.935629,0.017396,14.862651,9.547540,3.275894,53.212045,94,0.458824,12,46,0,100.000000,0.821603,76.767677,1536.673141,1142.807843,3831.601558,0.000000,342.780467
14340.000000,contribution,optical,hardware,1,1,1,0,priority,0.000500,180,15,hybrid,0.050000,4000.000000,6.087000,52.000000,500.000000,500.000000,2.000000,120.000000,0.400000,198,127,198,83,152,17,52,0,0,0,0,0,83,83,0,0,0.000000,1.000000,43.348461,clear-ocean,30.000000,60.000000,0.151000,1096,2957400,758.307692,5.288059,71,0,0,71,0,69,0,0,69,0,0,0,0,0,0,116,32,1,83,0,0,0,0,0,17,54,127,17,54,81,3.045988,213.705413,2740.523992,0.000000,0.000000,36.220472,0,0,0,3256489.093839,16.170564,131.985191,6633.686154,1052.158553,285.450632,191.118904,3254396.226879,3248416.651930,1528.728089,8072.441908,564.138872,0.032310,0.008766,0.005869,99.935732,0.017324,14.862651,9.547540,3.275894,53.181869,94,0.456904,12,46,0,100.000000,0.821603,76.767677,1536.673141,1138.026220,3745.494841,0.000000,409.013508
14400.000000,contribution,optical,hardware,1,1,1,0,priority,0.000500,180,15,hybrid,0.050000,4000.000000,6.087000,52.000000,500.000000,500.000000,2.000000,120.000000,0.400000,198,127,198,83,152,17,52,0,0,0,0,0,83,83,0,0,0.000000,1.000000,43.348461,clear-ocean,30.000000,60.000000,0.151000,1096,2957400,758.307692,5.266026,71,0,0,71,0,69,0,0,69,0,0,0,0,0,0,116,32,1,83,0,0,0,0,0,17,54,127,17,54,81,3.045988,213.705413,2740.523992,0.000000,0.000000,36.220472,0,0,0,3270086.195311,16.170564,131.985191,6633.686154,1056.294723,286.484674,191.348692,3267987.928351,3262008.353403,1534.128089,8077.841908,564.138872,0.032302,0.008761,0.005851,99.935835,0.017251,14.862651,9.547540,3.275894,53.151944,94,0.455000,12,46,0,100.000000,0.821603,76.767677,1536.673141,1133.284444,3659.388125,0.000000,460.169031
14460.000000,contribution,optical,hardware,1,1,1,0,priority,0.000500,180,15,hybrid,0.050000,4000.000000,6.087000,52.000000,500.000000,500.000000,2.000000,120.000000,0.400000,198,127,198,83,152,17,52,0,0,0,0,0,83,83,0,0,0.000000,1.000000,43.348461,clear-ocean,30.000000,60.000000,0.151000,1096,2957400,758.307692,5.244175,71,0,0,71,0,69,0,0,69,0,0,0,0,0,0,116,32,1,83,0,0,0,0,0,17,54,127,17,54,81,3.045988,213.705413,2740.523992,0.000000,0.000000,36.220472,0,0,0,3283683.296784,16.170564,131.985191,6633.686154,1060.430893,287.518717,191.578479,3281579.629824,3275600.054876,1539.528089,8083.241908,564.138872,0.032294,0.008756,0.005834,99.935936,0.017180,14.862651,9.547540,3.275894,53.122268,94,0.453112,12,46,0,100.000000,0.821603,76.767677,1536.673141,1128.582019,3573.281409,0.000000,491.396514
14520.000000,contribution,optical,hardware,1,1,1,0,priority,0.000500,180,15,hybrid,0.050000,4000.000000,6.087000,52.000000,500.000000,500.000000,2.000000,120.000000,0.400000,198,127,198,97,153,17,52,0,0,0,0,0,97,97,0,0,0.000000,1.000000,43.418620,clear-ocean,30.000000,60.000000,0.151000,1111,3012111,772.336154,5.319120,71,0,0,71,0,69,0,0,69,0,0,0,0,0,0,119,33,1,84,1,0,0,0,0,17,54,127,17,54,82,3.045988,213.705413,2841.550059,0.000000,0.000000,35.433071,0,0,0,3297430.187590,16.170564,131.985191,6783.475487,1064.567063,288.552759,208.608266,3295294.762270,3289191.756348,1561.728089,8238.431242,573.697231,0.032285,0.008751,0.006326,99.935240,0.017398,14.862651,9.547540,3.309012,53.065909,94,0.474931,13,32,12,100.000000,0.821603,77.272727,1598.686137,1137.692562,3487.174693,-0.000000,499.734996
14580.000000,contribution,optical,hardware,1,1,1,0,priority,0.000500,180,15,hybrid,0.050000,4000.000000,6.087000,52.000000,500.000000,500.000000,2.000000,120.000000,0.400000,198,127,198,97,155,17,52,0,0,0,0,0,97,97,0,0,0.000000,1.000000,43.418620,clear-ocean,30.000000,60.000000,0.151000,1142,3125670,801.453846,5.496940,71,0,0,71,0,69,0,0,69,0,0,0,0,0,0,123,35,1,86,1,0,0,0,0,17,54,127,17,54,84,3.045988,213.705413,3036.763260,0.000000,0.000000,33.858268,0,0,0,3311281.051113,16.170564,131.985191,7037.237538,1068.703233,289.586802,208.838053,3309119.411846,3302783.457821,1567.128089,8497.593293,594.511179,0.032275,0.008745,0.006307,99.934719,0.017954,14.862651,9.547540,3.351065,52.979218,94,0.518656,13,32,10,100.000000,0.821603,78.282828,1720.516051,1160.445542,3401.067977,-0.000000,484.393829
14640.000000,contribution,optical,hardware,1,1,1,0,priority,0.000500,180,15,hybrid,0.050000,4000.000000,6.087000,52.000000,500.000000,500.000000,2.000000,120.000000,0.400000,198,127,198,97,158,17,52,0,0,0,0,0,97,97,0,0,0.000000,1.000000,43.418620,clear-ocean,30.000000,60.000000,0.151000,1175,3243831,831.751538,5.681363,71,0,0,71,0,69,0,0,69,0,0,0,0,0,0,128,37,1,89,1,0,0,0,0,17,54,127,17,54,87,3.045988,213.705413,3312.140671,0.000000,0.000000,31.496063,0,0,0,3325143.183355,16.170564,131.985191,7302.268308,1072.839404,290.620845,209.067841,3322953.504703,3316375.159293,1572.528089,8768.024062,617.150564,0.032264,0.008740,0.006287,99.934148,0.018560,14.862651,9.547540,3.357365,52.893238,94,0.547883,13,32,7,100.000000,0.821603,79.797980,1897.139952,1196.673224,3314.961261,-0.000000,446.827649
14700.000000,contribution,optical,hardware,1,1,1,0,priority,0.000500,180,15,hybrid,0.050000,4000.000000,6.087000,52.000000,500.000000,500.000000,2.000000,120.000000,0.400000,198,127,198,97,162,17,52,0,0,0,0,0,97,97,0,0,0.000000,1.000000,43.418620,clear-ocean,30.000000,60.000000,0.151000,1215,3387279,868.533077,5.908388,71,0,0,71,0,69,0,0,69,0,0,0,0,0,0,133,38,1,93,1,0,0,0,0,17,54,127,17,54,91,3.045988,213.705413,3650.980765,0.000000,0.000000,28.346457,0,0,0,3339064.106776,16.170564,131.985191,7626.090256,1076.975574,291.654887,209.297628,3336839.471611,3329966.860766,1577.928089,9097.246011,646.707077,0.032254,0.008735,0.006268,99.933375,0.019368,14.862651,9.547540,3.352128,52.807959,94,0.566054,13,32,3,100.000000,0.821603,81.818182,2122.414344,1246.210612,3228.854545,-0.000000,390.598447
14760.000000,contribution,optical,hardware,1,1,1,0,priority,0.000500,180,15,hybrid,0.050000,4000.000000,6.087000,52.000000,500.000000,500.000000,2.000000,120.000000,0.400000,198,127,198,97,166,17,52,0,0,0,0,0,97,97,0,0,0.000000,1.000000,43.418620,clear-ocean,30.000000,60.000000,0.151000,1243,3488427,894.468462,6.060084,71,0,0,71,0,69,0,0,69,0,0,0,0,0,0,137,39,1,97,0,0,0,0,0,17,54,127,17,54,95,3.045988,213.705413,3958.877808,0.000000,0.000000,25.196850,0,0,0,3352889.584044,16.170564,131.985191,7854.466051,1081.111744,292.688930,209.527415,3350638.669289,3343558.562238,1583.328089,9331.021806,667.586667,0.032244,0.008729,0.006249,99.932866,0.019911,14.862651,9.547540,3.307144,52.723374,94,0.569241,13,32,0,100.000000,0.821603,83.838384,2335.453409,1295.345257,3142.747828,-0.000000,321.037826
14820.000000,contribution,optical,hardware,1,1,1,0,priority,0.000500,180,15,hybrid,0.050000,4000.000000,6.087000,52.000000,500.000000,500.000000,2.000000,120.000000,0.400000,198,127,198,97,166,17,52,0,0,0,0,0,97,97,0,0,0.000000,1.000000,43.418620,clear-ocean,30.000000,60.000000,0.151000,1243,3488427,894.468462,6.035550,71,0,0,71,0,69,0,0,69,0,0,0,0,0,0,137,39,1,97,0,0,0,0,0,17,54,127,17,54,95,3.045988,213.705413,3958.877808,0.000000,0.000000,25.196850,0,0,0,3366486.685516,16.170564,131.985191,7854.466051,1085.247914,293.722972,209.757202,3364230.370761,3357150.263711,1588.728089,9336.421806,667.586667,0.032237,0.008725,0.006231,99.932977,0.019830,14.862651,9.547540,3.307144,52.639474,94,0.566937,13,32,0,100.000000,0.821603,83.838384,2335.453409,1290.100945,3056.641112,-0.000000,244.741463
14880.000000,contribution,optical,hardware,1,1,1,0,priority,0.000500,180,15,hybrid,0.050000,4000.000000,6.087000,52.000000,500.000000,500.000000,2.000000,120.000000,0.400000,198,127,198,97,166,17,52,0,0,0,0,0,97,97,0,0,0.000000,1.000000,43.418620,clear-ocean,30.000000,60.000000,0.151000,1243,3488427,894.468462,6.011213,71,0,0,71,0,69,0,0,69,0,0,0,0,0,0,137,39,1,97,0,0,0,0,0,17,54,127,17,54,95,3.045988,213.705413,3958.877808,0.000000,0.000000,25.196850,0,0,0,3380083.786989,16.170564,131.985191,7854.466051,1089.384085,294.757015,209.986990,3377822.072234,3370741.965183,1594.128089,9341.821806,667.586667,0.032229,0.008720,0.006212,99.933087,0.019751,14.862651,9.547540,3.307144,52.556250,94,0.564651,13,32,0,100.000000,0.821603,83.838384,2335.453409,1284.898925,2970.534396,-0.000000,168.943709
14940.000000,contribution,optical,hardware,1,1,1,0,priority,0.000500,180,15,hybrid,0.050000,4000.000000,6.087000,52.000000,500.000000,500.000000,2.000000,120.000000,0.400000,198,127,198,97,166,17,52,0,0,0,0,0,97,97,0,0,0.000000,1.000000,43.418620,clear-ocean,30.000000,60.000000,0.151000,1243,3488427,894.468462,5.987071,71,0,0,71,0,69,0,0,69,0,0,0,0,0,0,137,39,1,97,0,0,0,0,0,17,54,127,17,54,95,3.045988,213.705413,3958.877808,0.000000,0.000000,25.196850,0,0,0,3393680.888461,16.170564,131.985191,7854.466051,1093.520255,295.791057,210.216777,3391413.773706,3384333.666656,1599.528089,9347.221806,667.586667,0.032222,0.008716,0.006194,99.933196,0.019671,14.862651,9.547540,3.307144,52.473695,94,0.562383,13,32,0,100.000000,0.821603,83.838384,2335.453409,1279.738688,2884.427680,-0.000000,100.831640
15000.000000,contribution,optical,hardware,1,1,1,0,priority,0.000500,180,15,hybrid,0.050000,4000.000000,6.087000,52.000000,500.000000,500.000000,2.000000,120.000000,0.400000,198,127,198,97,166,17,52,0,0,0,0,0,97,97,0,0,0.000000,1.000000,43.418620,clear-ocean,30.000000,60.000000,0.151000,1243,3488427,894.468462,5.963123,71,0,0,71,0,69,0,0,69,0,0,0,0,0,0,137,39,1,97,0,0,0,0,0,17,54,127,17,54,95,3.045988,213.705413,3958.877808,0.000000,0.000000,25.196850,0,0,0,3407277.989934,16.170564,131.985191,7854.466051,1097.656425,296.825100,210.446564,3405005.475179,3397925.368128,1604.928089,9352.621806,667.586667,0.032215,0.008712,0.006176,99.933304,0.019593,14.862651,9.547540,3.307144,52.391800,94,0.560133,13,32,0,100.000000,0.821603,83.838384,2335.453409,1274.619733,2798.320964,-0.000000,46.863581
15060.000000,contribution,optical,hardware,1,1,1,0,priority,0.000500,180,15,hybrid,0.050000,4000.000000,6.087000,52.000000,500.000000,500.000000,2.000000,120.000000,0.400000,198,127,198,97,166,17,52,0,0,0,0,0,97,97,0,0,0.000000,1.000000,43.418620,clear-ocean,30.000000,60.000000,0.151000,1243,3488427,894.468462,5.939366,71,0,0,71,0,69,0,0,69,0,0,0,0,0,0,137,39,1,97,0,0,0,0,0,17,54,127,17,54,95,3.045988,213.705413,3958.877808,0.000000,0.000000,25.196850,0,0,0,3420875.091406,16.170564,131.985191,7854.466051,1101.792595,297.859142,210.676351,3418597.176651,3411517.069601,1610.328089,9358.021806,667.586667,0.032208,0.008707,0.006159,99.933411,0.019515,14.862651,9.547540,3.307144,52.310558,94,0.557902,13,32,0,100.000000,0.821603,83.838384,2335.453409,1269.541567,2712.214248,-0.000000,12.156736
15120.000000,contribution,optical,hardware,1,1,1,0,priority,0.000500,180,15,hybrid,0.050000,4000.000000,6.087000,52.000000,500.000000,500.000000,2.000000,120.000000,0.400000,198,127,198,97,166,17,52,0,0,0,0,0,97,97,0,0,0.000000,1.000000,43.418620,clear-ocean,30.000000,60.000000,0.151000,1243,3488427,894.468462,5.915797,71,0,0,71,0,69,0,0,69,0,0,0,0,0,0,137,39,1,97,0,0,0,0,0,17,54,127,17,54,95,3.045988,213.705413,3958.877808,0.000000,0.000000,25.196850,0,0,0,3434472.192879,16.170564,131.985191,7854.466051,1105.928765,298.893185,210.906138,3432188.878124,3425108.771073,1615.728089,9363.421806,667.586667,0.032201,0.008703,0.006141,99.933518,0.019438,14.862651,9.547540,3.307144,52.229960,94,0.555688,13,32,0,100.000000,0.821603,83.838384,2335.453409,1264.503704,2626.107532,-0.000000,0.001977
15180.000000,contribution,optical,hardware,1,1,1,0,priority,0.000500,180,15,hybrid,0.050000,4000.000000,6.087000,52.000000,500.000000,500.000000,2.000000,120.000000,0.400000,198,127,198,97,166,17,52,0,0,0,0,0,97,97,0,0,0.000000,1.000000,43.418620,clear-ocean,30.000000,60.000000,0.151000,1243,3488427,894.468462,5.892414,71,0,0,71,0,69,0,0,69,0,0,0,0,0,0,137,39,1,97,0,0,0,0,0,17,54,127,17,54,95,3.045988,213.705413,3958.877808,0.000000,0.000000,25.196850,0,0,0,3448069.294351,16.170564,131.985191,7854.466051,1110.064936,299.927227,211.135926,3445780.579596,3438700.472546,1621.128089,9368.821806,667.586667,0.032194,0.008698,0.006123,99.933623,0.019361,14.862651,9.547540,3.307144,52.150000,94,0.553491,13,32,0,100.000000,0.821603,83.838384,2335.453409,1259.505665,2540.000815,0.000000,11.551806
15240.000000,contribution,optical,hardware,1,1,1,0,priority,0.000500,180,15,hybrid,0.050000,4000.000000,6.087000,52.000000,500.000000,500.000000,2.000000,120.000000,0.400000,198,127,198,97,166,17,52,0,0,0,0,0,97,97,0,0,0.000000,1.000000,43.418620,clear-ocean,30.000000,60.000000,0.151000,1243,3488427,894.468462,5.869216,71,0,0,71,0,69,0,0,69,0,0,0,0,0,0,137,39,1,97,0,0,0,0,0,17,54,127,17,54,95,3.045988,213.705413,3958.877808,0.000000,0.000000,25.196850,0,0,0,3461666.395824,16.170564,131.985191,7854.466051,1114.201106,300.961270,211.365713,3459372.281069,3452292.174018,1626.528089,9374.221806,667.586667,0.032187,0.008694,0.006106,99.933728,0.019285,14.862651,9.547540,3.307144,52.070669,94,0.551312,13,32,0,100.000000,0.821603,83.838384,2335.453409,1254.546982,2453.894099,0.000000,45.711080
15300.000000,contribution,optical,hardware,1,1,1,0,priority,0.000500,180,15,hybrid,0.050000,4000.000000,6.087000,52.000000,500.000000,500.000000,2.000000,120.000000,0.400000,198,127,198,97,166,17,52,0,0,0,0,0,97,97,0,0,0.000000,1.000000,43.418620,clear-ocean,30.000000,60.000000,0.151000,1243,3488427,894.468462,5.846199,71,0,0,71,0,69,0,0,69,0,0,0,0,0,0,137,39,1,97,0,0,0,0,0,17,54,127,17,54,95,3.045988,213.705413,3958.877808,0.000000,0.000000,25.196850,0,0,0,3475263.497296,16.170564,131.985191,7854.466051,1118.337276,301.995313,211.595500,3472963.982541,3465883.875491,1631.928089,9379.621806,667.586667,0.032180,0.008690,0.006089,99.933832,0.019210,14.862651,9.547540,3.307144,51.991961,94,0.549150,13,32,0,100.000000,0.821603,83.838384,2335.453409,1249.627190,2367.787383,0.000000,99.240846
15360.000000,contribution,optical,hardware,1,1,1,0,priority,0.000500,180,15,hybrid,0.050000,4000.000000,6.087000,52.000000,500.000000,500.000000,2.000000,120.000000,0.400000,198,127,198,97,166,17,52,0,0,0,0,0,97,97,0,0,0.000000,1.000000,43.418620,clear-ocean,30.000000,60.000000,0.151000,1243,3488427,894.468462,5.823362,71,0,0,71,0,69,0,0,69,0,0,0,0,0,0,137,39,1,97,0,0,0,0,0,17,54,127,17,54,95,3.045988,213.705413,3958.877808,0.000000,0.000000,25.196850,0,0,0,3488860.598769,16.170564,131.985191,7854.466051,1122.473446,303.029355,211.825287,3486555.684014,3479475.576963,1637.328089,9385.021806,667.586667,0.032173,0.008686,0.006071,99.933935,0.019135,14.862651,9.547540,3.307144,51.913867,94,0.547005,13,32,0,100.000000,0.821603,83.838384,2335.453409,1244.745833,2281.680667,0.000000,167.065460
15420.000000,contribution,optical,hardware,1,1,1,0,priority,0.000500,180,15,hybrid,0.050000,4000.000000,6.087000,52.000000,500.000000,500.000000,2.000000,120.000000,0.400000,198,127,198,97,166,17,52,0,0,0,0,0,97,97,0,0,0.000000,1.000000,43.418620,clear-ocean,30.000000,60.000000,0.151000,1243,3488427,894.468462,5.800703,71,0,0,71,0,69,0,0,69,0,0,0,0,0,0,137,39,1,97,0,0,0,0,0,17,54,127,17,54,95,3.045988,213.705413,3958.877808,0.000000,0.000000,25.196850,0,0,0,3502457.700241,16.170564,131.985191,7854.466051,1126.609616,304.063398,212.055075,3500147.385486,3493067.278436,1642.728089,9390.421806,667.586667,0.032166,0.008681,0.006054,99.934037,0.019061,14.862651,9.547540,3.307144,51.836381,94,0.544877,13,32,0,100.000000,0.821603,83.838384,2335.453409,1239.902464,2195.573951,0.000000,242.753854
15480.000000,contribution,optical,hardware,1,1,1,0,priority,0.000500,180,15,hybrid,0.050000,4000.000000,6.087000,52.000000,500.000000,500.000000,2.000000,120.000000,0.400000,198,127,198,97,166,17,52,0,0,0,0,0,97,97,0,0,0.000000,1.000000,43.418620,clear-ocean,30.000000,60.000000,0.151000,1243,3488427,894.468462,5.778220,71,0,0,71,0,69,0,0,69,0,0,0,0,0,0,137,39,1,97,0,0,0,0,0,17,54,127,17,54,95,3.045988,213.705413,3958.877808,0.000000,0.000000,25.196850,0,0,0,3516054.801714,16.170564,131.985191,7854.466051,1130.745787,305.097440,212.284862,3513739.086959,3506658.979908,1648.128089,9395.821806,667.586667,0.032160,0.008677,0.006038,99.934139,0.018987,14.862651,9.547540,3.307144,51.759496,94,0.542765,13,32,0,100.000000,0.821603,83.838384,2335.453409,1235.096641,2109.467235,0.000000,319.129320
15540.000000,contribution,optical,hardware,1,1,1,0,priority,0.000500,180,15,hybrid,0.050000,4000.000000,6.087000,52.000000,500.000000,500.000000,2.000000,120.000000,0.400000,198,127,198,97,166,17,52,0,0,0,0,0,97,97,0,0,0.000000,1.000000,43.418620,clear-ocean,30.000000,60.000000,0.151000,1243,3488427,894.468462,5.755910,71,0,0,71,0,69,0,0,69,0,0,0,0,0,0,137,39,1,97,0,0,0,0,0,17,54,127,17,54,95,3.045988,213.705413,3958.877808,0.000000,0.000000,25.196850,0,0,0,3529651.903186,16.170564,131.985191,7854.466051,1134.881957,306.131483,212.514649,3527330.788431,3520250.681381,1653.528089,9401.221806,667.586667,0.032153,0.008673,0.006021,99.934240,0.018914,14.862651,9.547540,3.307144,51.683205,94,0.540669,13,32,0,100.000000,0.821603,83.838384,2335.453409,1230.327928,2023.360519,0.000000,388.950006
15600.000000,contribution,optical,hardware,1,1,1,0,priority,0.000500,180,15,hybrid,0.050000,4000.000000,6.087000,52.000000,500.000000,500.000000,2.000000,120.000000,0.400000,198,127,198,97,166,17,52,0,0,0,0,0,97,97,0,0,0.000000,1.000000,43.418620,clear-ocean,30.000000,60.000000,0.151000,1243,3488427,894.468462,5.733772,71,0,0,71,0,69,0,0,69,0,0,0,0,0,0,137,39,1,97,0,0,0,0,0,17,54,127,17,54,95,3.045988,213.705413,3958.877808,0.000000,0.000000,25.196850,0,0,0,3543249.004659,16.170564,131.985191,7854.466051,1139.018127,307.165525,212.744436,3540922.489904,3533842.382853,1658.928089,9406.621806,667.586667,0.032146,0.008669,0.006004,99.934340,0.018841,14.862651,9.547540,3.307144,51.607500,94,0.538590,13,32,0,100.000000,0.821603,83.838384,2335.453409,1225.595897,1937.253802,0.000000,445.595577
15660.000000,contribution,optical,hardware,1,1,1,0,priority,0.000500,180,15,hybrid,0.050000,4000.000000,6.087000,52.000000,500.000000,500.000000,2.000000,120.000000,0.400000,198,127,198,97,166,17,52,0,0,0,0,0,97,97,0,0,0.000000,1.000000,43.418620,clear-ocean,30.000000,60.000000,0.151000,1243,3488427,894.468462,5.711804,71,0,0,71,0,69,0,0,69,0,0,0,0,0,0,137,39,1,97,0,0,0,0,0,17,54,127,17,54,95,3.045988,213.705413,3958.877808,0.000000,0.000000,25.196850,0,0,0,3556846.106131,16.170564,131.985191,7854.466051,1143.154297,308.199568,212.974224,3554514.191376,3547434.084326,1664.328089,9412.021806,667.586667,0.032140,0.008665,0.005988,99.934439,0.018769,14.862651,9.547540,3.307144,51.532375,94,0.536526,13,32,0,100.000000,0.821603,83.838384,2335.453409,1220.900128,1851.147086,0.000000,483.694950
15720.000000,contribution,optical,hardware,1,1,1,0,priority,0.000500,180,15,hybrid,0.050000,4000.000000,6.087000,52.000000,500.000000,500.000000,2.000000,120.000000,0.400000,198,127,198,114,166,17,52,0,0,0,0,0,114,114,0,0,0.000000,1.000000,43.397966,clear-ocean,30.000000,60.000000,0.151000,1250,3513714,900.952308,5.731249,71,0,0,71,0,69,0,0,69,0,0,0,0,0,0,138,39,1,97,1,0,0,0,0,17,54,127,17,54,95,3.045988,213.705413,3958.877808,0.000000,0.000000,25.196850,0,0,0,3570533.416834,16.170564,131.985191,7944.675282,1147.290468,309.233610,233.604011,3568171.363618,3561025.785798,1690.128089,9507.631036,671.925128,0.032132,0.008661,0.006543,99.933846,0.018819,14.862651,9.547540,3.345126,51.448346,94,0.543384,16,15,16,100.000000,0.821603,83.838384,2335.453409,1216.240204,1765.040370,0.000000,499.635578
15780.000000,contribution,optical,hardware,1,1,1,0,priority,0.000500,180,15,hybrid,0.050000,4000.000000,6.087000,52.000000,500.000000,500.000000,2.000000,120.000000,0.400000,198,127,198,114,169,17,52,0,0,0,0,0,114,114,0,0,0.000000,1.000000,43.397966,clear-ocean,30.000000,60.000000,0.151000,1283,3635547,932.191538,5.907424,71,0,0,71,0,69,0,0,69,0,0,0,0,0,0,143,41,1,100,1,0,0,0,0,17,54,127,17,54,98,3.045988,213.705413,4299.937623,0.000000,0.000000,22.834646,0,0,0,3584402.985999,16.170564,131.985191,8217.142974,1151.426638,310.267653,233.833798,3582012.988783,3574617.487271,1695.528089,9785.498729,694.469128,0.032123,0.008656,0.006524,99.933322,0.019375,14.862651,9.547540,3.353936,51.309759,94,0.598606,16,15,13,100.000000,0.821603,85.353535,2562.045924,1249.638530,1678.933654,-0.000000,491.905983
15840.000000,contribution,optical,hardware,1,1,1,0,priority,0.000500,180,15,hybrid,0.050000,4000.000000,6.087000,52.000000,500.000000,500.000000,2.000000,120.000000,0.400000,198,127,198,114,177,17,52,0,0,0,0,0,114,114,0,0,0.000000,1.000000,43.397966,clear-ocean,30.000000,60.000000,0.151000,1335,3821295,979.819231,6.185727,71,0,0,71,0,69,0,0,69,0,0,0,0,0,0,151,41,1,108,1,0,0,0,0,17,54,127,17,54,106,3.045988,213.705413,4947.610697,0.000000,0.000000,16.535433,0,0,0,3598420.348600,16.170564,131.985191,8637.404103,1155.562808,311.301696,234.063585,3595985.738050,3588209.188743,1700.928089,10211.159857,733.682462,0.032113,0.008651,0.006505,99.932342,0.020389,14.862651,9.547540,3.259398,51.172222,94,0.631439,16,15,5,100.000000,0.821603,89.393939,3028.466712,1345.915152,1592.826938,-0.000000,461.239079
15900.000000,contribution,optical,hardware,1,1,1,0,priority,0.000500,180,15,hybrid,0.050000,4000.000000,6.087000,52.000000,500.000000,500.000000,2.000000,120.000000,0.400000,198,127,198,114,180,17,52,0,0,0,0,0,114,114,0,0,0.000000,1.000000,43.397966,clear-ocean,30.000000,60.000000,0.151000,1369,3943593,1011.177692,6.359608,71,0,0,71,0,69,0,0,69,0,0,0,0,0,0,155,42,1,111,1,0,0,0,0,17,54,127,17,54,109,3.045988,213.705413,5154.876296,0.000000,0.000000,14.173228,0,0,0,3612292.664226,16.170564,131.985191,8912.618256,1159.698978,312.335738,234.293373,3609828.317061,3601800.890216,1706.328089,10491.774011,758.019077,0.032104,0.008646,0.006486,99.931779,0.020984,14.862651,9.547540,3.270686,51.035723,94,0.640818,16,15,2,100.000000,0.821603,90.909091,3185.963280,1378.572075,1506.720222,-0.000000,410.542675
15960.000000,contribution,optical,hardware,1,1,1,0,priority,0.000500,180,15,hybrid,0.050000,4000.000000,6.087000,52.000000,500.000000,500.000000,2.000000,120.000000,0.400000,198,127,198,114,183,17,52,0,0,0,0,0,114,114,0,0,0.000000,1.000000,43.397966,clear-ocean,30.000000,60.000000,0.151000,1390,4019454,1030.629231,6.457577,71,0,0,71,0,69,0,0,69,0,0,0,0,0,0,158,43,1,114,0,0,0,0,0,17,54,127,17,54,112,3.045988,213.705413,5351.465896,0.000000,0.000000,11.811024,0,0,0,3626061.047545,16.170564,131.985191,9083.900103,1163.835148,313.369781,234.523160,3623575.640687,3615392.591688,1711.728089,10668.455857,773.678769,0.032096,0.008642,0.006468,99.931457,0.021337,14.862651,9.547540,3.244250,50.900251,94,0.640288,16,15,0,100.000000,0.821603,92.424242,3338.557674,1410.983459,1420.613506,-0.000000,344.623758
16020.000000,contribution,optical,hardware,1,1,1,0,priority,0.000500,180,15,hybrid,0.050000,4000.000000,6.087000,52.000000,500.000000,500.000000,2.000000,120.000000,0.400000,198,127,198,114,183,17,52,0,0,0,0,0,114,114,0,0,0.000000,1.000000,43.397966,clear-ocean,30.000000,60.000000,0.151000,1390,4019454,1030.629231,6.433391,71,0,0,71,0,69,0,0,69,0,0,0,0,0,0,158,43,1,114,0,0,0,0,0,17,54,127,17,54,112,3.045988,213.705413,5351.465896,0.000000,0.000000,11.811024,0,0,0,3639658.149017,16.170564,131.985191,9083.900103,1167.971319,314.403823,234.752947,3637167.342160,3628984.293161,1717.128089,10673.855857,773.678769,0.032090,0.008638,0.006450,99.931565,0.021257,14.862651,9.547540,3.244250,50.765793,94,0.637890,16,15,0,100.000000,0.821603,92.424242,3338.557674,1405.698876,1334.506789,-0.000000,269.732701
16080.000000,contribution,optical,hardware,1,1,1,0,priority,0.000500,180,15,hybrid,0.050000,4000.000000,6.087000,52.000000,500.000000,500.000000,2.000000,120.000000,0.400000,198,127,198,114,183,17,52,0,0,0,0,0,114,114,0,0,0.000000,1.000000,43.397966,clear-ocean,30.000000,60.000000,0.151000,1390,4019454,1030.629231,6.409386,71,0,0,71,0,69,0,0,69,0,0,0,0,0,0,158,43,1,114,0,0,0,0,0,17,54,127,17,54,112,3.045988,213.705413,5351.465896,0.000000,0.000000,11.811024,0,0,0,3653255.250490,16.170564,131.985191,9083.900103,1172.107489,315.437866,234.982734,3650759.043632,3642575.994633,1722.528089,10679.255857,773.678769,0.032084,0.008634,0.006432,99.931672,0.021178,14.862651,9.547540,3.244250,50.632338,94,0.635510,16,15,0,100.000000,0.821603,92.424242,3338.557674,1400.453731,1248.400073,-0.000000,192.970607
16140.000000,contribution,optical,hardware,1,1,1,0,priority,0.000500,180,15,hybrid,0.050000,4000.000000,6.087000,52.000000,500.000000,500.000000,2.000000,120.000000,0.400000,198,127,198,114,183,17,52,0,0,0,0,0,114,114,0,0,0.000000,1.000000,43.397966,clear-ocean,30.000000,60.000000,0.151000,1390,4019454,1030.629231,6.385559,71,0,0,71,0,69,0,0,69,0,0,0,0,0,0,158,43,1,114,0,0,0,0,0,17,54,127,17,54,112,3.045988,213.705413,5351.465896,0.000000,0.000000,11.811024,0,0,0,3666852.351962,16.170564,131.985191,9083.900103,1176.243659,316.471908,235.212521,3664350.745105,3656167.696106,1727.928089,10684.655857,773.678769,0.032078,0.008631,0.006415,99.931778,0.021099,14.862651,9.547540,3.244250,50.499876,94,0.633147,16,15,0,100.000000,0.821603,92.424242,3338.557674,1395.247584,1162.293357,-0.000000,121.615989
16200.000000,contribution,optical,hardware,1,1,1,0,priority,0.000500,180,15,hybrid,0.050000,4000.000000,6.087000,52.000000,500.000000,500.000000,2.000000,120.000000,0.400000,198,127,198,114,183,17,52,0,0,0,0,0,114,114,0,0,0.000000,1.000000,43.397966,clear-ocean,30.000000,60.000000,0.151000,1390,4019454,1030.629231,6.361909,71,0,0,71,0,69,0,0,69,0,0,0,0,0,0,158,43,1,114,0,0,0,0,0,17,54,127,17,54,112,3.045988,213.705413,5351.465896,0.000000,0.000000,11.811024,0,0,0,3680449.453435,16.170564,131.985191,9083.900103,1180.379829,317.505951,235.442309,3677942.446577,3669759.397578,1733.328089,10690.055857,773.678769,0.032072,0.008627,0.006397,99.931883,0.021021,14.862651,9.547540,3.244250,50.368395,94,0.630802,16,15,0,100.000000,0.821603,92.424242,3338.557674,1390.080000,1076.186641,-0.000000,62.434628
16260.000000,contribution,optical,hardware,1,1,1,0,priority,0.000500,180,15,hybrid,0.050000,4000.000000,6.087000,52.000000,500.000000,500.000000,2.000000,120.000000,0.400000,198,127,198,114,183,17,52,0,0,0,0,0,114,114,0,0,0.000000,1.000000,43.397966,clear-ocean,30.000000,60.000000,0.151000,1390,4019454,1030.629231,6.338433,71,0,0,71,0,69,0,0,69,0,0,0,0,0,0,158,43,1,114,0,0,0,0,0,17,54,127,17,54,112,3.045988,213.705413,5351.465896,0.000000,0.000000,11.811024,0,0,0,3694046.554907,16.170564,131.985191,9083.900103,1184.515999,318.539993,235.672096,3691534.148050,3683351.099051,1738.728089,10695.455857,773.678769,0.032066,0.008623,0.006380,99.931988,0.020944,14.862651,9.547540,3.244250,50.237884,94,0.628475,16,15,0,100.000000,0.821603,92.424242,3338.557674,1384.950554,990.079925,-0.000000,21.038048
16320.000000,contribution,optical,hardware,1,1,1,0,priority,0.000500,180,15,hybrid,0.050000,4000.000000,6.087000,52.000000,500.000000,500.000000,2.000000,120.000000,0.400000,198,127,198,114,183,17,52,0,0,0,0,0,114,114,0,0,0.000000,1.000000,43.397966,clear-ocean,30.000000,60.000000,0.151000,1390,4019454,1030.629231,6.315130,71,0,0,71,0,69,0,0,69,0,0,0,0,0,0,158,43,1,114,0,0,0,0,0,17,54,127,17,54,112,3.045988,213.705413,5351.465896,0.000000,0.000000,11.811024,0,0,0,3707643.656380,16.170564,131.985191,9083.900103,1188.652170,319.574036,235.901883,3705125.849522,3696942.800523,1744.128089,10700.855857,773.678769,0.032060,0.008619,0.006363,99.932091,0.020867,14.862651,9.547540,3.244250,50.108333,94,0.626164,16,15,0,100.000000,0.821603,92.424242,3338.557674,1379.858824,903.973209,-0.000000,1.351435
16380.000000,contribution,optical,hardware,1,1,1,0,priority,0.000500,180,15,hybrid,0.050000,4000.000000,6.087000,52.000000,500.000000,500.000000,2.000000,120.000000,0.400000,198,127,198,114,183,17,52,0,0,0,0,0,114,114,0,0,0.000000,1.000000,43.397966,clear-ocean,30.000000,60.000000,0.151000,1390,4019454,1030.629231,6.291998,71,0,0,71,0,69,0,0,69,0,0,0,0,0,0,158,43,1,114,0,0,0,0,0,17,54,127,17,54,112,3.045988,213.705413,5351.465896,0.000000,0.000000,11.811024,0,0,0,3721240.757852,16.170564,131.985191,9083.900103,1192.788340,320.608079,236.131670,3718717.550995,3710534.501996,1749.528089,10706.255857,773.678769,0.032054,0.008616,0.006346,99.932194,0.020791,14.862651,9.547540,3.244250,49.979731,94,0.623871,16,15,0,100.000000,0.821603,92.424242,3338.557674,1374.804396,817.866493,0.000000,5.241457
16440.000000,contribution,optical,hardware,1,1,1,0,priority,0.000500,180,15,hybrid,0.050000,4000.000000,6.087000,52.000000,500.000000,500.000000,2.000000,120.000000,0.400000,198,127,198,114,183,17,52,0,0,0,0,0,114,114,0,0,0.000000,1.000000,43.397966,clear-ocean,30.000000,60.000000,0.151000,1390,4019454,1030.629231,6.269034,71,0,0,71,0,69,0,0,69,0,0,0,0,0,0,158,43,1,114,0,0,0,0,0,17,54,127,17,54,112,3.045988,213.705413,5351.465896,0.000000,0.000000,11.811024,0,0,0,3734837.859325,16.170564,131.985191,9083.900103,1196.924510,321.642121,236.361458,3732309.252467,3724126.203468,1754.928089,10711.655857,773.678769,0.032048,0.008612,0.006329,99.932297,0.020715,14.862651,9.547540,3.244250,49.852068,94,0.621594,16,15,0,100.000000,0.821603,92.424242,3338.557674,1369.786861,731.759776,0.000000,32.339264
16500.000000,contribution,optical,hardware,1,1,1,0,priority,0.000500,180,15,hybrid,0.050000,4000.000000,6.087000,52.000000,500.000000,500.000000,2.000000,120.000000,0.400000,198,127,198,114,183,17,52,0,0,0,0,0,114,114,0,0,0.000000,1.000000,43.397966,clear-ocean,30.000000,60.000000,0.151000,1390,4019454,1030.629231,6.246238,71,0,0,71,0,69,0,0,69,0,0,0,0,0,0,158,43,1,114,0,0,0,0,0,17,54,127,17,54,112,3.045988,213.705413,5351.465896,0.000000,0.000000,11.811024,0,0,0,3748434.960797,16.170564,131.985191,9083.900103,1201.060680,322.676164,236.591245,3745900.953940,3737717.904941,1760.328089,10717.055857,773.678769,0.032042,0.008608,0.006312,99.932398,0.020640,14.862651,9.547540,3.244250,49.725333,94,0.619333,16,15,0,100.000000,0.821603,92.424242,3338.557674,1364.805818,645.653060,0.000000,80.075468
16560.000000,contribution,optical,hardware,1,1,1,0,priority,0.000500,180,15,hybrid,0.050000,4000.000000,6.087000,52.000000,500.000000,500.000000,2.000000,120.000000,0.400000,198,127,198,114,183,17,52,0,0,0,0,0,114,114,0,0,0.000000,1.000000,43.397966,clear-ocean,30.000000,60.000000,0.151000,1390,4019454,1030.629231,6.223606,71,0,0,71,0,69,0,0,69,0,0,0,0,0,0,158,43,1,114,0,0,0,0,0,17,54,127,17,54,112,3.045988,213.705413,5351.465896,0.000000,0.000000,11.811024,0,0,0,3762032.062270,16.170564,131.985191,9083.900103,1205.196851,323.710206,236.821032,3759492.655412,3751309.606413,1765.728089,10722.455857,773.678769,0.032036,0.008605,0.006295,99.932499,0.020565,14.862651,9.547540,3.244250,49.599517,94,0.617089,16,15,0,100.000000,0.821603,92.424242,3338.557674,1359.860870,559.546344,0.000000,143.923764
16620.000000,contribution,optical,hardware,1,1,1,0,priority,0.000500,180,15,hybrid,0.050000,4000.000000,6.087000,52.000000,500.000000,500.000000,2.000000,120.000000,0.400000,198,127,198,114,183,17,52,0,0,0,0,0,114,114,0,0,0.000000,1.000000,43.397966,clear-ocean,30.000000,60.000000,0.151000,1390,4019454,1030.629231,6.201139,71,0,0,71,0,69,0,0,69,0,0,0,0,0,0,158,43,1,114,0,0,0,0,0,17,54,127,17,54,112,3.045988,213.705413,5351.465896,0.000000,0.000000,11.811024,0,0,0,3775629.163742,16.170564,131.985191,9083.900103,1209.333021,324.744249,237.050819,3773084.356885,3764901.307886,1771.128089,10727.855857,773.678769,0.032030,0.008601,0.006278,99.932599,0.020491,14.862651,9.547540,3.244250,49.474609,94,0.614862,16,15,0,100.000000,0.821603,92.424242,3338.557674,1354.951625,473.439628,0.000000,217.830114
16680.000000,contribution,optical,hardware,1,1,1,0,priority,0.000500,180,15,hybrid,0.050000,4000.000000,6.087000,52.000000,500.000000,500.000000,2.000000,120.000000,0.400000,198,127,198,114,183,17,52,0,0,0,0,0,114,114,0,0,0.000000,1.000000,43.397966,clear-ocean,30.000000,60.000000,0.151000,1390,4019454,1030.629231,6.178832,71,0,0,71,0,69,0,0,69,0,0,0,0,0,0,158,43,1,114,0,0,0,0,0,17,54,127,17,54,112,3.045988,213.705413,5351.465896,0.000000,0.000000,11.811024,0,0,0,3789226.265215,16.170564,131.985191,9083.900103,1213.469191,325.778291,237.280607,3786676.058358,3778493.009358,1776.528089,10733.255857,773.678769,0.032024,0.008597,0.006262,99.932698,0.020418,14.862651,9.547540,3.244250,49.350600,94,0.612650,16,15,0,100.000000,0.821603,92.424242,3338.557674,1350.077698,387.332912,0.000000,294.786783
16740.000000,contribution,optical,hardware,1,1,1,0,priority,0.000500,180,15,hybrid,0.050000,4000.000000,6.087000,52.000000,500.000000,500.000000,2.000000,120.000000,0.400000,198,127,198,114,183,17,52,0,0,0,0,0,114,114,0,0,0.000000,1.000000,43.397966,clear-ocean,30.000000,60.000000,0.151000,1390,4019454,1030.629231,6.156686,71,0,0,71,0,69,0,0,69,0,0,0,0,0,0,158,43,1,114,0,0,0,0,0,17,54,127,17,54,112,3.045988,213.705413,5351.465896,0.000000,0.000000,11.811024,0,0,0,3802823.366687,16.170564,131.985191,9083.900103,1217.605361,326.812334,237.510394,3800267.759830,3792084.710831,1781.928089,10738.655857,773.678769,0.032018,0.008594,0.006246,99.932797,0.020345,14.862651,9.547540,3.244250,49.227479,94,0.610454,16,15,0,100.000000,0.821603,92.424242,3338.557674,1345.238710,301.226196,0.000000,367.496810
16800.000000,contribution,optical,hardware,1,1,1,0,priority,0.000500,180,15,hybrid,0.050000,4000.000000,6.087000,52.000000,500.000000,500.000000,2.000000,120.000000,0.400000,198,127,198,114,183,17,52,0,0,0,0,0,114,114,0,0,0.000000,1.000000,43.397966,clear-ocean,30.000000,60.000000,0.151000,1390,4019454,1030.629231,6.134698,71,0,0,71,0,69,0,0,69,0,0,0,0,0,0,158,43,1,114,0,0,0,0,0,17,54,127,17,54,112,3.045988,213.705413,5351.465896,0.000000,0.000000,11.811024,0,0,0,3816420.468160,16.170564,131.985191,9083.900103,1221.741531,327.846376,237.740181,3813859.461303,3805676.412303,1787.328089,10744.055857,773.678769,0.032013,0.008590,0.006229,99.932895,0.020272,14.862651,9.547540,3.244250,49.105238,94,0.608274,16,15,0,100.000000,0.821603,92.424242,3338.557674,1340.434286,215.119480,0.000000,429.065895
16860.000000,contribution,optical,hardware,1,1,1,0,priority,0.000500,180,15,hybrid,0.050000,4000.000000,6.087000,52.000000,500.000000,500.000000,2.000000,120.000000,0.400000,198,127,198,114,183,17,52,0,0,0,0,0,114,114,0,0,0.000000,1.000000,43.397966,clear-ocean,30.000000,60.000000,0.151000,1390,4019454,1030.629231,6.112866,71,0,0,71,0,69,0,0,69,0,0,0,0,0,0,158,43,1,114,0,0,0,0,0,17,54,127,17,54,112,3.045988,213.705413,5351.465896,0.000000,0.000000,11.811024,0,0,0,3830017.569632,16.170564,131.985191,9083.900103,1225.877702,328.880419,237.969968,3827451.162775,3819268.113776,1792.728089,10749.455857,773.678769,0.032007,0.008587,0.006213,99.932992,0.020200,14.862651,9.547540,3.244250,48.983867,94,0.606109,16,15,0,100.000000,0.821603,92.424242,3338.557674,1335.664057,129.012763,0.000000,473.656111
16920.000000,contribution,optical,hardware,1,1,1,0,priority,0.000500,180,15,hybrid,0.050000,4000.000000,6.087000,52.000000,500.000000,500.000000,2.000000,120.000000,0.400000,198,127,198,114,183,17,52,0,0,0,0,0,114,114,0,0,0.000000,1.000000,43.397966,clear-ocean,30.000000,60.000000,0.151000,1390,4019454,1030.629231,6.091189,71,0,0,71,0,69,0,0,69,0,0,0,0,0,0,158,43,1,114,0,0,0,0,0,17,54,127,17,54,112,3.045988,213.705413,5351.465896,0.000000,0.000000,11.811024,0,0,0,3843614.671105,16.170564,131.985191,9083.900103,1230.013872,329.914462,238.199755,3841042.864248,3832859.815248,1798.128089,10754.855857,773.678769,0.032001,0.008583,0.006197,99.933089,0.020129,14.862651,9.547540,3.244250,48.863357,94,0.603960,16,15,0,100.000000,0.821603,92.424242,3338.557674,1330.927660,42.906047,0.000000,497.039455
16980.000000,contribution,optical,hardware,1,1,1,0,priority,0.000500,180,15,hybrid,0.050000,4000.000000,6.087000,52.000000,500.000000,500.000000,2.000000,120.000000,0.400000,198,127,198,129,184,17,52,0,0,0,0,0,129,129,0,0,0.000000,1.000000,43.482802,clear-ocean,30.000000,60.000000,0.151000,1413,4103589,1052.202308,6.196716,71,0,0,71,0,69,0,0,69,0,0,0,0,0,0,162,45,1,115,1,0,0,0,0,17,54,127,17,54,113,3.045988,213.705413,5454.349458,0.000000,0.000000,11.023622,0,0,0,3857428.257295,16.170564,131.985191,9300.384821,1234.150042,330.948504,256.429543,3854819.153617,3846451.516721,1821.528089,10976.740575,787.575590,0.031994,0.008580,0.006648,99.932362,0.020417,14.862651,9.547540,3.292172,48.700530,94,0.642049,16,0,13,100.000000,0.821603,92.929293,3412.681320,1338.003298,43.200669,0.000000,496.998739
17040.000000,contribution,optical,hardware,1,1,1,0,priority,0.000500,180,15,hybrid,0.050000,4000.000000,6.087000,52.000000,500.000000,500.000000,2.000000,120.000000,0.400000,198,127,198,129,188,17,52,0,0,0,0,0,129,129,0,0,0.000000,1.000000,43.482802,clear-ocean,30.000000,60.000000,0.151000,1453,4247037,1088.983846,6.390750,71,0,0,71,0,69,0,0,69,0,0,0,0,0,0,167,46,1,119,1,0,0,0,0,17,54,127,17,54,117,3.045988,213.705413,5844.850558,0.000000,0.000000,7.874016,0,0,0,3871349.180716,16.170564,131.985191,9624.206769,1238.286212,331.982547,256.659330,3868705.120526,3860043.218193,1826.928089,11305.962523,817.132103,0.031986,0.008575,0.006630,99.931702,0.021107,14.862651,9.547540,3.290327,48.529049,94,0.675939,16,0,9,100.000000,0.821603,94.949495,3699.145688,1380.240376,129.307385,0.000000,473.537824
17100.000000,contribution,optical,hardware,1,1,1,0,priority,0.000500,180,15,hybrid,0.050000,4000.000000,6.087000,52.000000,500.000000,500.000000,2.000000,120.000000,0.400000,198,127,198,129,191,17,52,0,0,0,0,0,129,129,0,0,0.000000,1.000000,43.482802,clear-ocean,30.000000,60.000000,0.151000,1488,4373472,1121.403077,6.557913,71,0,0,71,0,69,0,0,69,0,0,0,0,0,0,172,48,1,122,1,0,0,0,0,17,54,127,17,54,120,3.045988,213.705413,6093.458095,0.000000,0.000000,5.511811,0,0,0,3885229.038497,16.170564,131.985191,9906.963077,1242.422382,333.016589,256.889117,3882556.185691,3873634.919666,1832.328089,11594.118831,840.524718,0.031978,0.008571,0.006612,99.931205,0.021634,14.862651,9.547540,3.302321,48.358772,94,0.700351,16,0,6,100.000000,0.821603,96.464646,3889.041076,1410.485146,215.414101,0.000000,428.881252
17160.000000,contribution,optical,hardware,1,1,1,0,priority,0.000500,180,15,hybrid,0.050000,4000.000000,6.087000,52.000000,500.000000,500.000000,2.000000,120.000000,0.400000,198,127,198,129,196,17,52,0,0,0,0,0,129,129,0,0,0.000000,1.000000,43.482802,clear-ocean,30.000000,60.000000,0.151000,1530,4525194,1160.306154,6.761691,71,0,0,71,0,69,0,0,69,0,0,0,0,0,0,178,49,1,127,1,0,0,0,0,17,54,127,17,54,125,3.045988,213.705413,6412.194598,0.000000,0.000000,1.574803,0,0,0,3899168.667559,16.170564,131.985191,10249.490667,1246.558553,334.050632,257.118904,3896459.128189,3887226.621138,1837.728089,11942.046421,871.811282,0.031970,0.008567,0.006594,99.930510,0.022359,14.862651,9.547540,3.279837,48.189685,94,0.712471,16,0,1,100.000000,0.821603,98.989899,4148.552035,1463.828438,301.520817,0.000000,367.263320
17220.000000,contribution,optical,hardware,1,1,1,0,priority,0.000500,180,15,hybrid,0.050000,4000.000000,6.087000,52.000000,500.000000,500.000000,2.000000,120.000000,0.400000,198,127,198,129,198,17,52,0,0,0,0,0,129,129,0,0,0.000000,1.000000,43.482802,clear-ocean,30.000000,60.000000,0.151000,1537,4550481,1166.790000,6.775784,71,0,0,71,0,69,0,0,69,0,0,0,0,0,0,179,49,1,129,0,0,0,0,0,17,54,127,17,54,127,3.045988,213.705413,6531.844929,0.000000,0.000000,0.000000,0,0,0,3912823.843083,16.170564,131.985191,10307.564718,1250.694723,335.084674,257.348692,3910102.706995,3900818.322611,1843.128089,12005.520472,878.008000,0.031964,0.008564,0.006577,99.930456,0.022439,14.862651,9.547540,3.246477,48.021777,94,0.710105,16,0,0,100.000000,0.821603,100.000000,4248.162526,1481.956794,387.627533,0.000000,294.526585
17280.000000,contribution,optical,hardware,1,1,1,0,priority,0.000500,180,15,hybrid,0.050000,4000.000000,6.087000,52.000000,500.000000,500.000000,2.000000,120.000000,0.400000,198,127,198,129,198,17,52,0,0,0,0,0,129,129,0,0,0.000000,1.000000,43.482802,clear-ocean,30.000000,60.000000,0.151000,1537,4550481,1166.790000,6.752257,71,0,0,71,0,69,0,0,69,0,0,0,0,0,0,179,49,1,129,0,0,0,0,0,17,54,127,17,54,127,3.045988,213.705413,6531.844929,0.000000,0.000000,0.000000,0,0,0,3926420.944555,16.170564,131.985191,10307.564718,1254.830893,336.118717,257.578479,3923694.408467,3914410.024083,1848.528089,12010.920472,878.008000,0.031959,0.008560,0.006560,99.930559,0.022362,14.862651,9.547540,3.246477,47.855035,94,0.707639,16,0,0,100.000000,0.821603,100.000000,4248.162526,1476.811111,473.734250,0.000000,217.567879
17340.000000,contribution,optical,hardware,1,1,1,0,priority,0.000500,180,15,hybrid,0.050000,4000.000000,6.087000,52.000000,500.000000,500.000000,2.000000,120.000000,0.400000,198,127,198,129,198,17,52,0,0,0,0,0,129,129,0,0,0.000000,1.000000,43.482802,clear-ocean,30.000000,60.000000,0.151000,1537,4550481,1166.790000,6.728893,71,0,0,71,0,69,0,0,69,0,0,0,0,0,0,179,49,1,129,0,0,0,0,0,17,54,127,17,54,127,3.045988,213.705413,6531.844929,0.000000,0.000000,0.000000,0,0,0,3940018.046028,16.170564,131.985191,10307.564718,1258.967063,337.152759,257.808266,3937286.109940,3928001.725556,1853.928089,12016.320472,878.008000,0.031953,0.008557,0.006543,99.930662,0.022284,14.862651,9.547540,3.246477,47.689446,94,0.705190,16,0,0,100.000000,0.821603,100.000000,4248.162526,1471.701038,559.840966,0.000000,143.684357
17400.000000,contribution,optical,hardware,1,1,1,0,priority,0.000500,180,15,hybrid,0.050000,4000.000000,6.087000,52.000000,500.000000,500.000000,2.000000,120.000000,0.400000,198,127,198,129,198,17,52,0,0,0,0,0,129,129,0,0,0.000000,1.000000,43.482802,clear-ocean,30.000000,60.000000,0.151000,1537,4550481,1166.790000,6.705690,71,0,0,71,0,69,0,0,69,0,0,0,0,0,0,179,49,1,129,0,0,0,0,0,17,54,127,17,54,127,3.045988,213.705413,6531.844929,0.000000,0.000000,0.000000,0,0,0,3953615.147500,16.170564,131.985191,10307.564718,1263.103233,338.186802,258.038053,3950877.811412,3941593.427028,1859.328089,12021.720472,878.008000,0.031948,0.008554,0.006527,99.930764,0.022208,14.862651,9.547540,3.246477,47.525000,94,0.702759,16,0,0,100.000000,0.821603,100.000000,4248.162526,1466.626207,645.947682,0.000000,79.881590
17460.000000,contribution,optical,hardware,1,1,1,0,priority,0.000500,180,15,hybrid,0.050000,4000.000000,6.087000,52.000000,500.000000,500.000000,2.000000,120.000000,0.400000,198,127,198,129,198,17,52,0,0,0,0,0,129,129,0,0,0.000000,1.000000,43.482802,clear-ocean,30.000000,60.000000,0.151000,1537,4550481,1166.790000,6.682646,71,0,0,71,0,69,0,0,69,0,0,0,0,0,0,179,49,1,129,0,0,0,0,0,17,54,127,17,54,127,3.045988,213.705413,6531.844929,0.000000,0.000000,0.000000,0,0,0,3967212.248973,16.170564,131.985191,10307.564718,1267.239404,339.220845,258.267841,3964469.512885,3955185.128501,1864.728089,12027.120472,878.008000,0.031943,0.008551,0.006510,99.930865,0.022132,14.862651,9.547540,3.246477,47.361684,94,0.700344,16,0,0,100.000000,0.821603,100.000000,4248.162526,1461.586254,732.054398,0.000000,32.209298
17520.000000,contribution,optical,hardware,1,1,1,0,priority,0.000500,180,15,hybrid,0.050000,4000.000000,6.087000,52.000000,500.000000,500.000000,2.000000,120.000000,0.400000,198,127,198,129,198,17,52,0,0,0,0,0,129,129,0,0,0.000000,1.000000,43.482802,clear-ocean,30.000000,60.000000,0.151000,1537,4550481,1166.790000,6.659760,71,0,0,71,0,69,0,0,69,0,0,0,0,0,0,179,49,1,129,0,0,0,0,0,17,54,127,17,54,127,3.045988,213.705413,6531.844929,0.000000,0.000000,0.000000,0,0,0,3980809.350445,16.170564,131.985191,10307.564718,1271.375574,340.254887,258.497628,3978061.214357,3968776.829973,1870.128089,12032.520472,878.008000,0.031938,0.008547,0.006494,99.930965,0.022056,14.862651,9.547540,3.246477,47.199486,94,0.697945,16,0,0,100.000000,0.821603,100.000000,4248.162526,1456.580822,818.161114,0.000000,5.187726
17580.000000,contribution,optical,hardware,1,1,1,0,priority,0.000500,180,15,hybrid,0.050000,4000.000000,6.087000,52.000000,500.000000,500.000000,2.000000,120.000000,0.400000,198,127,198,129,198,17,52,0,0,0,0,0,129,129,0,0,0.000000,1.000000,43.482802,clear-ocean,30.000000,60.000000,0.151000,1537,4550481,1166.790000,6.637031,71,0,0,71,0,69,0,0,69,0,0,0,0,0,0,179,49,1,129,0,0,0,0,0,17,54,127,17,54,127,3.045988,213.705413,6531.844929,0.000000,0.000000,0.000000,0,0,0,3994406.451918,16.170564,131.985191,10307.564718,1275.511744,341.288930,258.727415,3991652.915830,3982368.531446,1875.528089,12037.920472,878.008000,0.031932,0.008544,0.006477,99.931065,0.021981,14.862651,9.547540,3.246477,47.038396,94,0.695563,16,0,0,100.000000,0.821603,100.000000,4248.162526,1451.609556,904.267830,-0.000000,1.379034
17640.000000,contribution,optical,hardware,1,1,1,0,priority,0.000500,180,15,hybrid,0.050000,4000.000000,6.087000,52.000000,500.000000,500.000000,2.000000,120.000000,0.400000,198,127,198,129,198,17,52,0,0,0,0,0,129,129,0,0,0.000000,1.000000,43.482802,clear-ocean,30.000000,60.000000,0.151000,1537,4550481,1166.790000,6.614456,71,0,0,71,0,69,0,0,69,0,0,0,0,0,0,179,49,1,129,0,0,0,0,0,17,54,127,17,54,127,3.045988,213.705413,6531.844929,0.000000,0.000000,0.000000,0,0,0,4008003.553390,16.170564,131.985191,10307.564718,1279.647914,342.322972,258.957202,4005244.617302,3995960.232918,1880.928089,12043.320472,878.008000,0.031927,0.008541,0.006461,99.931164,0.021906,14.862651,9.547540,3.246477,46.878401,94,0.693197,16,0,0,100.000000,0.821603,100.000000,4248.162526,1446.672109,990.374546,-0.000000,21.144360
17700.000000,contribution,optical,hardware,1,1,1,0,priority,0.000500,180,15,hybrid,0.050000,4000.000000,6.087000,52.000000,500.000000,500.000000,2.000000,120.000000,0.400000,198,127,198,129,198,17,52,0,0,0,0,0,129,129,0,0,0.000000,1.000000,43.482802,clear-ocean,30.000000,60.000000,0.151000,1537,4550481,1166.790000,6.592034,71,0,0,71,0,69,0,0,69,0,0,0,0,0,0,179,49,1,129,0,0,0,0,0,17,54,127,17,54,127,3.045988,213.705413,6531.844929,0.000000,0.000000,0.000000,0,0,0,4021600.654863,16.170564,131.985191,10307.564718,1283.784085,343.357015,259.186990,4018836.318775,4009551.934391,1886.328089,12048.720472,878.008000,0.031922,0.008538,0.006445,99.931263,0.021832,14.862651,9.547540,3.246477,46.719492,94,0.690847,16,0,0,100.000000,0.821603,100.000000,4248.162526,1441.768136,1076.481263,-0.000000,62.609573
17760.000000,contribution,optical,hardware,1,1,1,0,priority,0.000500,180,15,hybrid,0.050000,4000.000000,6.087000,52.000000,500.000000,500.000000,2.000000,120.000000,0.400000,198,127,198,129,198,17,52,0,0,0,0,0,129,129,0,0,0.000000,1.000000,43.482802,clear-ocean,30.000000,60.000000,0.151000,1537,4550481,1166.790000,6.569764,71,0,0,71,0,69,0,0,69,0,0,0,0,0,0,179,49,1,129,0,0,0,0,0,17,54,127,17,54,127,3.045988,213.705413,6531.844929,0.000000,0.000000,0.000000,0,0,0,4035197.756335,16.170564,131.985191,10307.564718,1287.920255,344.391057,259.416777,4032428.020247,4023143.635863,1891.728089,12054.120472,878.008000,0.031917,0.008535,0.006429,99.931361,0.021759,14.862651,9.547540,3.246477,46.561655,94,0.688514,16,0,0,100.000000,0.821603,100.000000,4248.162526,1436.897297,1162.587979,-0.000000,121.842978
17820.000000,contribution,optical,hardware,1,1,1,0,priority,0.000500,180,15,hybrid,0.050000,4000.000000,6.087000,52.000000,500.000000,500.000000,2.000000,120.000000,0.400000,198,127,198,129,198,17,52,0,0,0,0,0,129,129,0,0,0.000000,1.000000,43.482802,clear-ocean,30.000000,60.000000,0.151000,1537,4550481,1166.790000,6.547643,71,0,0,71,0,69,0,0,69,0,0,0,0,0,0,179,49,1,129,0,0,0,0,0,17,54,127,17,54,127,3.045988,213.705413,6531.844929,0.000000,0.000000,0.000000,0,0,0,4048794.857808,16.170564,131.985191,10307.564718,1292.056425,345.425100,259.646564,4046019.721720,4036735.337336,1897.128089,12059.520472,878.008000,0.031912,0.008532,0.006413,99.931458,0.021686,14.862651,9.547540,3.246477,46.404882,94,0.686195,16,0,0,100.000000,0.821603,100.000000,4248.162526,1432.059259,1248.694695,-0.000000,193.228118
17880.000000,contribution,optical,hardware,1,1,1,0,priority,0.000500,180,15,hybrid,0.050000,4000.000000,6.087000,52.000000,500.000000,500.000000,2.000000,120.000000,0.400000,198,127,198,129,198,17,52,0,0,0,0,0,129,129,0,0,0.000000,1.000000,43.482802,clear-ocean,30.000000,60.000000,0.151000,1537,4550481,1166.790000,6.525671,71,0,0,71,0,69,0,0,69,0,0,0,0,0,0,179,49,1,129,0,0,0,0,0,17,54,127,17,54,127,3.045988,213.705413,6531.844929,0.000000,0.000000,0.000000,0,0,0,4062391.959280,16.170564,131.985191,10307.564718,1296.192595,346.459142,259.876351,4059611.423192,4050327.038808,1902.528089,12064.920472,878.008000,0.031907,0.008528,0.006397,99.931554,0.021613,14.862651,9.547540,3.246477,46.249161,94,0.683893,16,0,0,100.000000,0.821603,100.000000,4248.162526,1427.253691,1334.801411,-0.000000,269.996317
17940.000000,contribution,optical,hardware,1,1,1,0,priority,0.000500,180,15,hybrid,0.050000,4000.000000,6.087000,52.000000,500.000000,500.000000,2.000000,120.000000,0.400000,198,127,198,129,198,17,52,0,0,0,0,0,129,129,0,0,0.000000,1.000000,43.482802,clear-ocean,30.000000,60.000000,0.151000,1537,4550481,1166.790000,6.503846,71,0,0,71,0,69,0,0,69,0,0,0,0,0,0,179,49,1,129,0,0,0,0,0,17,54,127,17,54,127,3.045988,213.705413,6531.844929,0.000000,0.000000,0.000000,0,0,0,4075989.060753,16.170564,131.985191,10307.564718,1300.328765,347.493185,260.106138,4073203.124665,4063918.740281,1907.928089,12070.320472,878.008000,0.031902,0.008525,0.006381,99.931650,0.021541,14.862651,9.547540,3.246477,46.094482,94,0.681605,16,0,0,100.000000,0.821603,100.000000,4248.162526,1422.480268,1420.908127,-0.000000,344.868482
18000.000000,contribution,optical,hardware,1,1,1,0,priority,0.000500,180,15,hybrid,0.050000,4000.000000,6.087000,52.000000,500.000000,500.000000,2.000000,120.000000,0.400000,198,127,198,129,198,17,52,0,0,0,0,0,129,129,0,0,0.000000,1.000000,43.482802,clear-ocean,30.000000,60.000000,0.151000,1537,4550481,1166.790000,6.482167,71,0,0,71,0,69,0,0,69,0,0,0,0,0,0,179,49,1,129,0,0,0,0,0,17,54,127,17,54,127,3.045988,213.705413,6531.844929,0.000000,0.000000,0.000000,0,0,0,4089586.162225,16.170564,131.985191,10307.564718,1304.464936,348.527227,260.335926,4086794.826137,4077510.441753,1913.328089,12075.720472,878.008000,0.031897,0.008522,0.006366,99.931745,0.021469,14.862651,9.547540,3.246477,45.940833,94,0.679333,16,0,0,100.000000,0.821603,100.000000,4248.162526,1417.738667,1507.014843,-0.000000,410.745304
18060.000000,contribution,optical,hardware,1,1,1,0,priority,0.000500,180,15,hybrid,0.050000,4000.000000,6.087000,52.000000,500.000000,500.000000,2.000000,120.000000,0.400000,198,127,198,129,198,17,52,0,0,0,0,0,129,129,0,0,0.000000,1.000000,43.482802,clear-ocean,30.000000,60.000000,0.151000,1537,4550481,1166.790000,6.460631,71,0,0,71,0,69,0,0,69,0,0,0,0,0,0,179,49,1,129,0,0,0,0,0,17,54,127,17,54,127,3.045988,213.705413,6531.844929,0.000000,0.000000,0.000000,0,0,0,4103183.263698,16.170564,131.985191,10307.564718,1308.601106,349.561270,260.565713,4100386.527610,4091102.143226,1918.728089,12081.120472,878.008000,0.031892,0.008519,0.006350,99.931840,0.021398,14.862651,9.547540,3.246477,45.788206,94,0.677076,16,0,0,100.000000,0.821603,100.000000,4248.162526,1413.028571,1593.121559,-0.000000,461.380399
18120.000000,contribution,optical,hardware,1,1,1,0,priority,0.000500,180,15,hybrid,0.050000,4000.000000,6.087000,52.000000,500.000000,500.000000,2.000000,120.000000,0.400000,198,127,198,129,198,17,52,0,0,0,0,0,129,129,0,0,0.000000,1.000000,43.482802,clear-ocean,30.000000,60.000000,0.151000,1537,4550481,1166.790000,6.439238,71,0,0,71,0,69,0,0,69,0,0,0,0,0,0,179,49,1,129,0,0,0,0,0,17,54,127,17,54,127,3.045988,213.705413,6531.844929,0.000000,0.000000,0.000000,0,0,0,4116780.365170,16.170564,131.985191,10307.564718,1312.737276,350.595313,260.795500,4113978.229082,4104693.844698,1924.128089,12086.520472,878.008000,0.031887,0.008516,0.006335,99.931934,0.021328,14.862651,9.547540,3.246477,45.636589,94,0.674834,16,0,0,100.000000,0.821603,100.000000,4248.162526,1408.349669,1679.228276,-0.000000,491.972594
18180.000000,contribution,optical,hardware,1,1,1,0,priority,0.000500,180,15,hybrid,0.050000,4000.000000,6.087000,52.000000,500.000000,500.000000,2.000000,120.000000,0.400000,198,127,198,129,198,17,52,0,0,0,0,0,129,129,0,0,0.000000,1.000000,43.482802,clear-ocean,30.000000,60.000000,0.151000,1537,4550481,1166.790000,6.417987,71,0,0,71,0,69,0,0,69,0,0,0,0,0,0,179,49,1,129,0,0,0,0,0,17,54,127,17,54,127,3.045988,213.705413,6531.844929,0.000000,0.000000,0.000000,0,0,0,4130377.466643,16.170564,131.985191,10307.564718,1316.873446,351.629355,261.025287,4127569.930555,4118285.546171,1929.528089,12091.920472,878.008000,0.031883,0.008513,0.006320,99.932027,0.021257,14.862651,9.547540,3.246477,45.485974,94,0.672607,16,0,0,100.000000,0.821603,100.000000,4248.162526,1403.701650,1765.334992,0.000000,499.621164
18240.000000,contribution,optical,hardware,1,1,1,0,priority,0.000500,180,15,hybrid,0.050000,4000.000000,6.087000,52.000000,500.000000,500.000000,2.000000,120.000000,0.400000,198,127,198,129,198,17,52,0,0,0,0,0,129,129,0,0,0.000000,1.000000,43.482802,clear-ocean,30.000000,60.000000,0.151000,1537,4550481,1166.790000,6.396875,71,0,0,71,0,69,0,0,69,0,0,0,0,0,0,179,49,1,129,0,0,0,0,0,17,54,127,17,54,127,3.045988,213.705413,6531.844929,0.000000,0.000000,0.000000,0,0,0,4143974.568115,16.170564,131.985191,10307.564718,1321.009616,352.663398,261.255075,4141161.632027,4131877.247643,1934.928089,12097.320472,878.008000,0.031878,0.008510,0.006304,99.932120,0.021188,14.862651,9.547540,3.246477,45.336349,94,0.670395,16,0,0,100.000000,0.821603,100.000000,4248.162526,1399.084211,1851.441708,0.000000,483.600879
18300.000000,contribution,optical,hardware,1,1,1,0,priority,0.000500,180,15,hybrid,0.050000,4000.000000,6.087000,52.000000,500.000000,500.000000,2.000000,120.000000,0.400000,198,127,198,129,198,17,52,0,0,0,0,0,129,129,0,0,0.000000,1.000000,43.482802,clear-ocean,30.000000,60.000000,0.151000,1537,4550481,1166.790000,6.375902,71,0,0,71,0,69,0,0,69,0,0,0,0,0,0,179,49,1,129,0,0,0,0,0,17,54,127,17,54,127,3.045988,213.705413,6531.844929,0.000000,0.000000,0.000000,0,0,0,4157571.669588,16.170564,131.985191,10307.564718,1325.145787,353.697440,261.484862,4154753.333500,4145468.949116,1940.328089,12102.720472,878.008000,0.031873,0.008507,0.006289,99.932212,0.021118,14.862651,9.547540,3.246477,45.187705,94,0.668197,16,0,0,100.000000,0.821603,100.000000,4248.162526,1394.497049,1937.548424,0.000000,445.430767
18360.000000,contribution,optical,hardware,1,1,1,0,priority,0.000500,180,15,hybrid,0.050000,4000.000000,6.087000,52.000000,500.000000,500.000000,2.000000,120.000000,0.400000,198,127,198,129,198,17,52,0,0,0,0,0,129,129,0,0,0.000000,1.000000,43.482802,clear-ocean,30.000000,60.000000,0.151000,1537,4550481,1166.790000,6.355065,71,0,0,71,0,69,0,0,69,0,0,0,0,0,0,179,49,1,129,0,0,0,0,0,17,54,127,17,54,127,3.045988,213.705413,6531.844929,0.000000,0.000000,0.000000,0,0,0,4171168.771060,16.170564,131.985191,10307.564718,1329.281957,354.731483,261.714649,4168345.034972,4159060.650588,1945.728089,12108.120472,878.008000,0.031868,0.008504,0.006274,99.932303,0.021049,14.862651,9.547540,3.246477,45.040033,94,0.666013,16,0,0,100.000000,0.821603,100.000000,4248.162526,1389.939869,2023.655140,0.000000,388.730085
18420.000000,contribution,optical,hardware,1,1,1,0,priority,0.000500,180,15,hybrid,0.050000,4000.000000,6.087000,52.000000,500.000000,500.000000,2.000000,120.000000,0.400000,198,127,198,129,198,17,52,0,0,0,0,0,129,129,0,0,0.000000,1.000000,43.482802,clear-ocean,30.000000,60.000000,0.151000,1537,4550481,1166.790000,6.334365,71,0,0,71,0,69,0,0,69,0,0,0,0,0,0,179,49,1,129,0,0,0,0,0,17,54,127,17,54,127,3.045988,213.705413,6531.844929,0.000000,0.000000,0.000000,0,0,0,4184765.872533,16.170564,131.985191,10307.564718,1333.418127,355.765525,261.944436,4181936.736445,4172652.352061,1951.128089,12113.520472,878.008000,0.031864,0.008501,0.006259,99.932394,0.020981,14.862651,9.547540,3.246477,44.893322,94,0.663844,16,0,0,100.000000,0.821603,100.000000,4248.162526,1385.412378,2109.761856,0.000000,318.875141
18480.000000,contribution,optical,hardware,1,1,1,0,priority,0.000500,180,15,hybrid,0.050000,4000.000000,6.087000,52.000000,500.000000,500.000000,2.000000,120.000000,0.400000,198,127,198,129,198,17,52,0,0,0,0,0,129,129,0,0,0.000000,1.000000,43.482802,clear-ocean,30.000000,60.000000,0.151000,1537,4550481,1166.790000,6.313799,71,0,0,71,0,69,0,0,69,0,0,0,0,0,0,179,49,1,129,0,0,0,0,0,17,54,127,17,54,127,3.045988,213.705413,6531.844929,0.000000,0.000000,0.000000,0,0,0,4198362.974005,16.170564,131.985191,10307.564718,1337.554297,356.799568,262.174224,4195528.437917,4186244.053533,1956.528089,12118.920472,878.008000,0.031859,0.008499,0.006245,99.932485,0.020913,14.862651,9.547540,3.246477,44.747565,94,0.661688,16,0,0,100.000000,0.821603,100.000000,4248.162526,1380.914286,2195.868573,0.000000,242.489517
18540.000000,contribution,optical,hardware,1,1,1,0,priority,0.000500,180,15,hybrid,0.050000,4000.000000,6.087000,52.000000,500.000000,500.000000,2.000000,120.000000,0.400000,198,127,198,129,198,17,52,0,0,0,0,0,129,129,0,0,0.000000,1.000000,43.482802,clear-ocean,30.000000,60.000000,0.151000,1537,4550481,1166.790000,6.293366,71,0,0,71,0,69,0,0,69,0,0,0,0,0,0,179,49,1,129,0,0,0,0,0,17,54,127,17,54,127,3.045988,213.705413,6531.844929,0.000000,0.000000,0.000000,0,0,0,4211960.075478,16.170564,131.985191,10307.564718,1341.690468,357.833610,262.404011,4209120.139390,4199835.755006,1961.928089,12124.320472,878.008000,0.031854,0.008496,0.006230,99.932574,0.020846,14.862651,9.547540,3.246477,44.602751,94,0.659547,16,0,0,100.000000,0.821603,100.000000,4248.162526,1376.445307,2281.975289,0.000000,166.816031
18600.000000,contribution,optical,hardware,1,1,1,0,priority,0.000500,180,15,hybrid,0.050000,4000.000000,6.087000,52.000000,500.000000,500.000000,2.000000,120.000000,0.400000,198,127,198,129,198,17,52,0,0,0,0,0,129,129,0,0,0.000000,1.000000,43.482802,clear-ocean,30.000000,60.000000,0.151000,1537,4550481,1166.790000,6.273065,71,0,0,71,0,69,0,0,69,0,0,0,0,0,0,179,49,1,129,0,0,0,0,0,17,54,127,17,54,127,3.045988,213.705413,6531.844929,0.000000,0.000000,0.000000,0,0,0,4225557.176950,16.170564,131.985191,10307.564718,1345.826638,358.867653,262.633798,4222711.840862,4213427.456478,1967.328089,12129.720472,878.008000,0.031850,0.008493,0.006215,99.932664,0.020779,14.862651,9.547540,3.246477,44.458871,94,0.657419,16,0,0,100.000000,0.821603,100.000000,4248.162526,1372.005161,2368.082005,0.000000,99.029974
18660.000000,contribution,optical,hardware,1,1,1,0,priority,0.000500,180,15,hybrid,0.050000,4000.000000,6.087000,52.000000,500.000000,500.000000,2.000000,120.000000,0.400000,198,127,198,129,198,17,52,0,0,0,0,0,129,129,0,0,0.000000,1.000000,43.482802,clear-ocean,30.000000,60.000000,0.151000,1537,4550481,1166.790000,6.252894,71,0,0,71,0,69,0,0,69,0,0,0,0,0,0,179,49,1,129,0,0,0,0,0,17,54,127,17,54,127,3.045988,213.705413,6531.844929,0.000000,0.000000,0.000000,0,0,0,4239154.278423,16.170564,131.985191,10307.564718,1349.962808,359.901696,262.863585,4236303.542335,4227019.157951,1972.728089,12135.120472,878.008000,0.031845,0.008490,0.006201,99.932752,0.020712,14.862651,9.547540,3.246477,44.315916,94,0.655305,16,0,0,100.000000,0.821603,100.000000,4248.162526,1367.593569,2454.188721,0.000000,45.558759
18720.000000,contribution,optical,hardware,1,1,1,0,priority,0.000500,180,15,hybrid,0.050000,4000.000000,6.087000,52.000000,500.000000,500.000000,2.000000,120.000000,0.400000,198,127,198,129,198,17,52,0,0,0,0,0,129,129,0,0,0.000000,1.000000,43.482802,clear-ocean,30.000000,60.000000,0.151000,1537,4550481,1166.790000,6.232853,71,0,0,71,0,69,0,0,69,0,0,0,0,0,0,179,49,1,129,0,0,0,0,0,17,54,127,17,54,127,3.045988,213.705413,6531.844929,0.000000,0.000000,0.000000,0,0,0,4252751.379895,16.170564,131.985191,10307.564718,1354.098978,360.935738,263.093373,4249895.243807,4240610.859423,1978.128089,12140.520472,878.008000,0.031841,0.008487,0.006186,99.932840,0.020646,14.862651,9.547540,3.246477,44.173878,94,0.653205,16,0,0,100.000000,0.821603,100.000000,4248.162526,1363.210256,2540.295437,0.000000,11.472481
18780.000000,contribution,optical,hardware,1,1,1,0,priority,0.000500,180,15,hybrid,0.050000,4000.000000,6.087000,52.000000,500.000000,500.000000,2.000000,120.000000,0.400000,198,127,198,129,198,17,52,0,0,0,0,0,129,129,0,0,0.000000,1.000000,43.482802,clear-ocean,30.000000,60.000000,0.151000,1537,4550481,1166.790000,6.212939,71,0,0,71,0,69,0,0,69,0,0,0,0,0,0,179,49,1,129,0,0,0,0,0,17,54,127,17,54,127,3.045988,213.705413,6531.844929,0.000000,0.000000,0.000000,0,0,0,4266348.481368,16.170564,131.985191,10307.564718,1358.235148,361.969781,263.323160,4263486.945280,4254202.560896,1983.528089,12145.920472,878.008000,0.031836,0.008484,0.006172,99.932928,0.020580,14.862651,9.547540,3.246477,44.032748,94,0.651118,16,0,0,100.000000,0.821603,100.000000,4248.162526,1358.854952,2626.402153,-0.000000,0.003168
18840.000000,contribution,optical,hardware,1,1,1,0,priority,0.000500,180,15,hybrid,0.050000,4000.000000,6.087000,52.000000,500.000000,500.000000,2.000000,120.000000,0.400000,198,127,198,129,198,17,52,0,0,0,0,0,129,129,0,0,0.000000,1.000000,43.482802,clear-ocean,30.000000,60.000000,0.151000,1537,4550481,1166.790000,6.193153,71,0,0,71,0,69,0,0,69,0,0,0,0,0,0,179,49,1,129,0,0,0,0,0,17,54,127,17,54,127,3.045988,213.705413,6531.844929,0.000000,0.000000,0.000000,0,0,0,4279945.582840,16.170564,131.985191,10307.564718,1362.371319,363.003823,263.552947,4277078.646752,4267794.262368,1988.928089,12151.320472,878.008000,0.031832,0.008482,0.006158,99.933015,0.020514,14.862651,9.547540,3.246477,43.892516,94,0.649045,16,0,0,100.000000,0.821603,100.000000,4248.162526,1354.527389,2712.508869,-0.000000,12.238331
18900.000000,contribution,optical,hardware,1,1,1,0,priority,0.000500,180,15,hybrid,0.050000,4000.000000,6.087000,52.000000,500.000000,500.000000,2.000000,120.000000,0.400000,198,127,198,129,198,17,52,0,0,0,0,0,129,129,0,0,0.000000,1.000000,43.482802,clear-ocean,30.000000,60.000000,0.151000,1537,4550481,1166.790000,6.173492,71,0,0,71,0,69,0,0,69,0,0,0,0,0,0,179,49,1,129,0,0,0,0,0,17,54,127,17,54,127,3.045988,213.705413,6531.844929,0.000000,0.000000,0.000000,0,0,0,4293542.684313,16.170564,131.985191,10307.564718,1366.507489,364.037866,263.782734,4290670.348225,4281385.963841,1994.328089,12156.720472,878.008000,0.031827,0.008479,0.006144,99.933101,0.020449,14.862651,9.547540,3.246477,43.753175,94,0.646984,16,0,0,100.000000,0.821603,100.000000,4248.162526,1350.227302,2798.615586,-0.000000,47.017843
18960.000000,contribution,optical,hardware,1,1,1,0,priority,0.000500,180,15,hybrid,0.050000,4000.000000,6.087000,52.000000,500.000000,500.000000,2.000000,120.000000,0.400000,198,127,198,129,198,17,52,0,0,0,0,0,129,129,0,0,0.000000,1.000000,43.482802,clear-ocean,30.000000,60.000000,0.151000,1537,4550481,1166.790000,6.153956,71,0,0,71,0,69,0,0,69,0,0,0,0,0,0,179,49,1,129,0,0,0,0,0,17,54,127,17,54,127,3.045988,213.705413,6531.844929,0.000000,0.000000,0.000000,0,0,0,4307139.785785,16.170564,131.985191,10307.564718,1370.643659,365.071908,264.012521,4304262.049697,4294977.665314,1999.728089,12162.120472,878.008000,0.031823,0.008476,0.006130,99.933187,0.020385,14.862651,9.547540,3.246477,43.614715,94,0.644937,16,0,0,100.000000,0.821603,100.000000,4248.162526,1345.954430,2884.722302,-0.000000,101.043941
19020.000000,contribution,optical,hardware,1,1,1,0,priority,0.000500,180,15,hybrid,0.050000,4000.000000,6.087000,52.000000,500.000000,500.000000,2.000000,120.000000,0.400000,198,127,198,129,198,17,52,0,0,0,0,0,129,129,0,0,0.000000,1.000000,43.482802,clear-ocean,30.000000,60.000000,0.151000,1537,4550481,1166.790000,6.134543,71,0,0,71,0,69,0,0,69,0,0,0,0,0,0,179,49,1,129,0,0,0,0,0,17,54,127,17,54,127,3.045988,213.705413,6531.844929,0.000000,0.000000,0.000000,0,0,0,4320736.887258,16.170564,131.985191,10307.564718,1374.779829,366.105951,264.242309,4317853.751170,4308569.366786,2005.128089,12167.520472,878.008000,0.031818,0.008473,0.006116,99.933272,0.020321,14.862651,9.547540,3.246477,43.477129,94,0.642902,16,0,0,100.000000,0.821603,100.000000,4248.162526,1341.708517,2970.829018,-0.000000,169.193920
19080.000000,contribution,optical,hardware,1,1,1,0,priority,0.000500,180,15,hybrid,0.050000,4000.000000,6.087000,52.000000,500.000000,500.000000,2.000000,120.000000,0.400000,198,127,198,129,198,17,52,0,0,0,0,0,129,129,0,0,0.000000,1.000000,43.482802,clear-ocean,30.000000,60.000000,0.151000,1537,4550481,1166.790000,6.115252,71,0,0,71,0,69,0,0,69,0,0,0,0,0,0,179,49,1,129,0,0,0,0,0,17,54,127,17,54,127,3.045988,213.705413,6531.844929,0.000000,0.000000,0.000000,0,0,0,4334333.988730,16.170564,131.985191,10307.564718,1378.915999,367.139993,264.472096,4331445.452643,4322161.068259,2010.528089,12172.920472,878.008000,0.031814,0.008471,0.006102,99.933357,0.020257,14.862651,9.547540,3.246477,43.340409,94,0.640881,16,0,0,100.000000,0.821603,100.000000,4248.162526,1337.489308,3056.935734,-0.000000,245.005859
19140.000000,contribution,optical,hardware,1,1,1,0,priority,0.000500,180,15,hybrid,0.050000,4000.000000,6.087000,52.000000,500.000000,500.000000,2.000000,120.000000,0.400000,198,127,198,129,198,17,52,0,0,0,0,0,129,129,0,0,0.000000,1.000000,43.482802,clear-ocean,30.000000,60.000000,0.151000,1537,4550481,1166.790000,6.096082,71,0,0,71,0,69,0,0,69,0,0,0,0,0,0,179,49,1,129,0,0,0,0,0,17,54,127,17,54,127,3.045988,213.705413,6531.844929,0.000000,0.000000,0.000000,0,0,0,4347931.090203,16.170564,131.985191,10307.564718,1383.052170,368.174036,264.701883,4345037.154115,4335752.769731,2015.928089,12178.320472,878.008000,0.031809,0.008468,0.006088,99.933441,0.020194,14.862651,9.547540,3.246477,43.204545,94,0.638871,16,0,0,100.000000,0.821603,100.000000,4248.162526,1333.296552,3143.042450,-0.000000,321.291337
19200.000000,contribution,optical,hardware,1,1,1,0,priority,0.000500,180,15,hybrid,0.050000,4000.000000,6.087000,52.000000,500.000000,500.000000,2.000000,120.000000,0.400000,198,127,198,129,198,17,52,0,0,0,0,0,129,129,0,0,0.000000,1.000000,43.482802,clear-ocean,30.000000,60.000000,0.151000,1537,4550481,1166.790000,6.077031,71,0,0,71,0,69,0,0,69,0,0,0,0,0,0,179,49,1,129,0,0,0,0,0,17,54,127,17,54,127,3.045988,213.705413,6531.844929,0.000000,0.000000,0.000000,0,0,0,4361528.191675,16.170564,131.985191,10307.564718,1387.188340,369.208079,264.931670,4358628.855588,4349344.471204,2021.328089,12183.720472,878.008000,0.031805,0.008465,0.006074,99.933525,0.020131,14.862651,9.547540,3.246477,43.069531,94,0.636875,16,0,0,100.000000,0.821603,100.000000,4248.162526,1329.130000,3229.149166,-0.000000,390.817035
19260.000000,contribution,optical,hardware,1,1,1,0,priority,0.000500,180,15,hybrid,0.050000,4000.000000,6.087000,52.000000,500.000000,500.000000,2.000000,120.000000,0.400000,198,127,198,129,198,17,52,0,0,0,0,0,129,129,0,0,0.000000,1.000000,43.482802,clear-ocean,30.000000,60.000000,0.151000,1537,4550481,1166.790000,6.058100,71,0,0,71,0,69,0,0,69,0,0,0,0,0,0,179,49,1,129,0,0,0,0,0,17,54,127,17,54,127,3.045988,213.705413,6531.844929,0.000000,0.000000,0.000000,0,0,0,4375125.293148,16.170564,131.985191,10307.564718,1391.324510,370.242121,265.161458,4372220.557060,4362936.172676,2026.728089,12189.120472,878.008000,0.031801,0.008462,0.006061,99.933608,0.020068,14.862651,9.547540,3.246477,42.935358,94,0.634891,16,0,0,100.000000,0.821603,100.000000,4248.162526,1324.989408,3315.255882,-0.000000,446.990588
19320.000000,contribution,optical,hardware,1,1,1,0,priority,0.000500,180,15,hybrid,0.050000,4000.000000,6.087000,52.000000,500.000000,500.000000,2.000000,120.000000,0.400000,198,127,198,129,198,17,52,0,0,0,0,0,129,129,0,0,0.000000,1.000000,43.482802,clear-ocean,30.000000,60.000000,0.151000,1537,4550481,1166.790000,6.039286,71,0,0,71,0,69,0,0,69,0,0,0,0,0,0,179,49,1,129,0,0,0,0,0,17,54,127,17,54,127,3.045988,213.705413,6531.844929,0.000000,0.000000,0.000000,0,0,0,4388722.394620,16.170564,131.985191,10307.564718,1395.460680,371.276164,265.391245,4385812.258533,4376527.874149,2032.128089,12194.520472,878.008000,0.031797,0.008460,0.006047,99.933691,0.020006,14.862651,9.547540,3.246477,42.802019,94,0.632919,16,0,0,100.000000,0.821603,100.000000,4248.162526,1320.874534,3401.362599,-0.000000,484.485669
19380.000000,contribution,optical,hardware,1,1,1,0,priority,0.000500,180,15,hybrid,0.050000,4000.000000,6.087000,52.000000,500.000000,500.000000,2.000000,120.000000,0.400000,198,127,198,129,198,17,52,0,0,0,0,0,129,129,0,0,0.000000,1.000000,43.482802,clear-ocean,30.000000,60.000000,0.151000,1537,4550481,1166.790000,6.020588,71,0,0,71,0,69,0,0,69,0,0,0,0,0,0,179,49,1,129,0,0,0,0,0,17,54,127,17,54,127,3.045988,213.705413,6531.844929,0.000000,0.000000,0.000000,0,0,0,4402319.496093,16.170564,131.985191,10307.564718,1399.596851,372.310206,265.621032,4399403.960005,4390119.575621,2037.528089,12199.920472,878.008000,0.031792,0.008457,0.006034,99.933773,0.019944,14.862651,9.547540,3.246477,42.669505,94,0.630960,16,0,0,100.000000,0.821603,100.000000,4248.162526,1316.785139,3487.469315,-0.000000,499.747029
19440.000000,contribution,optical,hardware,1,1,1,0,priority,0.000500,180,15,hybrid,0.050000,4000.000000,6.087000,52.000000,500.000000,500.000000,2.000000,120.000000,0.400000,198,127,198,129,198,17,52,0,0,0,0,0,129,129,0,0,0.000000,1.000000,43.482802,clear-ocean,30.000000,60.000000,0.151000,1537,4550481,1166.790000,6.002006,71,0,0,71,0,69,0,0,69,0,0,0,0,0,0,179,49,1,129,0,0,0,0,0,17,54,127,17,54,127,3.045988,213.705413,6531.844929,0.000000,0.000000,0.000000,0,0,0,4415916.597565,16.170564,131.985191,10307.564718,1403.733021,373.344249,265.850819,4412995.661478,4403711.277094,2042.928089,12205.320472,878.008000,0.031788,0.008455,0.006020,99.933854,0.019883,14.862651,9.547540,3.246477,42.537809,94,0.629012,16,0,0,100.000000,0.821603,100.000000,4248.162526,1312.720988,3573.576031,0.000000,491.327600
19500.000000,contribution,optical,hardware,1,1,1,0,priority,0.000500,180,15,hybrid,0.050000,4000.000000,6.087000,52.000000,500.000000,500.000000,2.000000,120.000000,0.400000,198,127,198,129,198,17,52,0,0,0,0,0,129,129,0,0,0.000000,1.000000,43.482802,clear-ocean,30.000000,60.000000,0.151000,1537,4550481,1166.790000,5.983538,71,0,0,71,0,69,0,0,69,0,0,0,0,0,0,179,49,1,129,0,0,0,0,0,17,54,127,17,54,127,3.045988,213.705413,6531.844929,0.000000,0.000000,0.000000,0,0,0,4429513.699038,16.170564,131.985191,10307.564718,1407.869191,374.378291,266.080607,4426587.362950,4417302.978566,2048.328089,12210.720472,878.008000,0.031784,0.008452,0.006007,99.933935,0.019822,14.862651,9.547540,3.246477,42.406923,94,0.627077,16,0,0,100.000000,0.821603,100.000000,4248.162526,1308.681846,3659.682747,0.000000,460.025703
19560.000000,contribution,optical,hardware,1,1,1,0,priority,0.000500,180,15,hybrid,0.050000,4000.000000,6.087000,52.000000,500.000000,500.000000,2.000000,120.000000,0.400000,198,127,198,129,198,17,52,0,0,0,0,0,129,129,0,0,0.000000,1.000000,43.482802,clear-ocean,30.000000,60.000000,0.151000,1537,4550481,1166.790000,5.965184,71,0,0,71,0,69,0,0,69,0,0,0,0,0,0,179,49,1,129,0,0,0,0,0,17,54,127,17,54,127,3.045988,213.705413,6531.844929,0.000000,0.000000,0.000000,0,0,0,4443110.800510,16.170564,131.985191,10307.564718,1412.005361,375.412334,266.310394,4440179.064423,4430894.680039,2053.728089,12216.120472,878.008000,0.031780,0.008449,0.005994,99.934016,0.019761,14.862651,9.547540,3.246477,42.276840,94,0.625153,16,0,0,100.000000,0.821603,100.000000,4248.162526,1304.667485,3745.789463,0.000000,408.809357
19620.000000,contribution,optical,hardware,1,1,1,0,priority,0.000500,180,15,hybrid,0.050000,4000.000000,6.087000,52.000000,500.000000,500.000000,2.000000,120.000000,0.400000,198,127,198,129,198,17,52,0,0,0,0,0,129,129,0,0,0.000000,1.000000,43.482802,clear-ocean,30.000000,60.000000,0.151000,1537,4550481,1166.790000,5.946942,71,0,0,71,0,69,0,0,69,0,0,0,0,0,0,179,49,1,129,0,0,0,0,0,17,54,127,17,54,127,3.045988,213.705413,6531.844929,0.000000,0.000000,0.000000,0,0,0,4456707.901983,16.170564,131.985191,10307.564718,1416.141531,376.446376,266.540181,4453770.765895,4444486.381511,2059.128089,12221.520472,878.008000,0.031776,0.008447,0.005981,99.934096,0.019701,14.862651,9.547540,3.246477,42.147554,94,0.623242,16,0,0,100.000000,0.821603,100.000000,4248.162526,1300.677676,3831.896179,0.000000,342.534849
19680.000000,contribution,optical,hardware,1,1,1,0,priority,0.000500,180,15,hybrid,0.050000,4000.000000,6.087000,52.000000,500.000000,500.000000,2.000000,120.000000,0.400000,198,127,198,129,198,17,52,0,0,0,0,0,129,129,0,0,0.000000,1.000000,43.482802,clear-ocean,30.000000,60.000000,0.151000,1537,4550481,1166.790000,5.928811,71,0,0,71,0,69,0,0,69,0,0,0,0,0,0,179,49,1,129,0,0,0,0,0,17,54,127,17,54,127,3.045988,213.705413,6531.844929,0.000000,0.000000,0.000000,0,0,0,4470305.003456,16.170564,131.985191,10307.564718,1420.277702,377.480419,266.769968,4467362.467368,4458078.082984,2064.528089,12226.920472,878.008000,0.031771,0.008444,0.005968,99.934176,0.019641,14.862651,9.547540,3.246477,42.019055,94,0.621341,16,0,0,100.000000,0.821603,100.000000,4248.162526,1296.712195,3918.002895,0.000000,267.486271
19740.000000,contribution,optical,hardware,1,1,1,0,priority,0.000500,180,15,hybrid,0.050000,4000.000000,6.087000,52.000000,500.000000,500.000000,2.000000,120.000000,0.400000,198,127,198,129,198,17,52,0,0,0,0,0,129,129,0,0,0.000000,1.000000,43.482802,clear-ocean,30.000000,60.000000,0.151000,1537,4550481,1166.790000,5.910790,71,0,0,71,0,69,0,0,69,0,0,0,0,0,0,179,49,1,129,0,0,0,0,0,17,54,127,17,54,127,3.045988,213.705413,6531.844929,0.000000,0.000000,0.000000,0,0,0,4483902.104928,16.170564,131.985191,10307.564718,1424.413872,378.514462,266.999755,4480954.168840,4471669.784456,2069.928089,12232.320472,878.008000,0.031767,0.008442,0.005955,99.934255,0.019581,14.862651,9.547540,3.246477,41.891337,94,0.619453,16,0,0,100.000000,0.821603,100.000000,4248.162526,1292.770821,4004.109612,0.000000,190.779659
19800.000000,contribution,optical,hardware,1,1,1,0,priority,0.000500,180,15,hybrid,0.050000,4000.000000,6.087000,52.000000,500.000000,500.000000,2.000000,120.000000,0.400000,198,127,198,129,198,17,52,0,0,0,0,0,129,129,0,0,0.000000,1.000000,43.482802,clear-ocean,30.000000,60.000000,0.151000,1537,4550481,1166.790000,5.892879,71,0,0,71,0,69,0,0,69,0,0,0,0,0,0,179,49,1,129,0,0,0,0,0,17,54,127,17,54,127,3.045988,213.705413,6531.844929,0.000000,0.000000,0.000000,0,0,0,4497499.206401,16.170564,131.985191,10307.564718,1428.550042,379.548504,267.229543,4494545.870313,4485261.485929,2075.328089,12237.720472,878.008000,0.031763,0.008439,0.005942,99.934334,0.019522,14.862651,9.547540,3.246477,41.764394,94,0.617576,16,0,0,100.000000,0.821603,100.000000,4248.162526,1288.853333,4090.216328,0.000000,119.688268
19860.000000,contribution,optical,hardware,1,1,1,0,priority,0.000500,180,15,hybrid,0.050000,4000.000000,6.087000,52.000000,500.000000,500.000000,2.000000,120.000000,0.400000,198,127,198,129,198,17,52,0,0,0,0,0,129,129,0,0,0.000000,1.000000,43.482802,clear-ocean,30.000000,60.000000,0.151000,1537,4550481,1166.790000,5.875076,71,0,0,71,0,69,0,0,69,0,0,0,0,0,0,179,49,1,129,0,0,0,0,0,17,54,127,17,54,127,3.045988,213.705413,6531.844929,0.000000,0.000000,0.000000,0,0,0,4511096.307873,16.170564,131.985191,10307.564718,1432.686212,380.582547,267.459330,4508137.571785,4498853.187401,2080.728089,12243.120472,878.008000,0.031759,0.008437,0.005929,99.934412,0.019463,14.862651,9.547540,3.246477,41.638218,94,0.615710,16,0,0,100.000000,0.821603,100.000000,4248.162526,1284.959517,4176.323044,0.000000,60.952918
19920.000000,contribution,optical,hardware,1,1,1,0,priority,0.000500,180,15,hybrid,0.050000,4000.000000,6.087000,52.000000,500.000000,500.000000,2.000000,120.000000,0.400000,198,127,198,129,198,17,52,0,0,0,0,0,129,129,0,0,0.000000,1.000000,43.482802,clear-ocean,30.000000,60.000000,0.151000,1537,4550481,1166.790000,5.857380,71,0,0,71,0,69,0,0,69,0,0,0,0,0,0,179,49,1,129,0,0,0,0,0,17,54,127,17,54,127,3.045988,213.705413,6531.844929,0.000000,0.000000,0.000000,0,0,0,4524693.409346,16.170564,131.985191,10307.564718,1436.822382,381.616589,267.689117,4521729.273258,4512444.888874,2086.128089,12248.520472,878.008000,0.031755,0.008434,0.005916,99.934490,0.019405,14.862651,9.547540,3.246477,41.512801,94,0.613855,16,0,0,100.000000,0.821603,100.000000,4248.162526,1281.089157,4262.429760,0.000000,20.142843
19980.000000,contribution,optical,hardware,1,1,1,0,priority,0.000500,180,15,hybrid,0.050000,4000.000000,6.087000,52.000000,500.000000,500.000000,2.000000,120.000000,0.400000,198,127,198,129,198,17,52,0,0,0,0,0,129,129,0,0,0.000000,1.000000,43.482802,clear-ocean,30.000000,60.000000,0.151000,1537,4550481,1166.790000,5.839790,71,0,0,71,0,69,0,0,69,0,0,0,0,0,0,179,49,1,129,0,0,0,0,0,17,54,127,17,54,127,3.045988,213.705413,6531.844929,0.000000,0.000000,0.000000,0,0,0,4538290.510818,16.170564,131.985191,10307.564718,1440.958553,382.650632,267.918904,4535320.974731,4526036.590347,2091.528089,12253.920472,878.008000,0.031751,0.008432,0.005904,99.934567,0.019347,14.862651,9.547540,3.246477,41.388138,94,0.612012,16,0,0,100.000000,0.821603,100.000000,4248.162526,1277.242042,4348.536476,0.000000,1.127619
20040.000000,contribution,optical,hardware,1,1,1,0,priority,0.000500,180,15,hybrid,0.050000,4000.000000,6.087000,52.000000,500.000000,500.000000,2.000000,120.000000,0.400000,198,127,198,129,198,17,52,0,0,0,0,0,129,129,0,0,0.000000,1.000000,43.482802,clear-ocean,30.000000,60.000000,0.151000,1537,4550481,1166.790000,5.822305,71,0,0,71,0,69,0,0,69,0,0,0,0,0,0,179,49,1,129,0,0,0,0,0,17,54,127,17,54,127,3.045988,213.705413,6531.844929,0.000000,0.000000,0.000000,0,0,0,4551887.612291,16.170564,131.985191,10307.564718,1445.094723,383.684674,268.148692,4548912.676203,4539628.291819,2096.928089,12259.320472,878.008000,0.031747,0.008429,0.005891,99.934644,0.019289,14.862651,9.547540,3.246477,41.264222,94,0.610180,16,0,0,100.000000,0.821603,100.000000,4248.162526,1273.417964,4434.643192,-0.000000,5.710250
20100.000000,contribution,optical,hardware,1,1,1,0,priority,0.000500,180,15,hybrid,0.050000,4000.000000,6.087000,52.000000,500.000000,500.000000,2.000000,120.000000,0.400000,198,127,198,129,198,17,52,0,0,0,0,0,129,129,0,0,0.000000,1.000000,43.482802,clear-ocean,30.000000,60.000000,0.151000,1537,4550481,1166.790000,5.804925,71,0,0,71,0,69,0,0,69,0,0,0,0,0,0,179,49,1,129,0,0,0,0,0,17,54,127,17,54,127,3.045988,213.705413,6531.844929,0.000000,0.000000,0.000000,0,0,0,4565484.713763,16.170564,131.985191,10307.564718,1449.230893,384.718717,268.378479,4562504.377676,4553219.993292,2102.328089,12264.720472,878.008000,0.031743,0.008427,0.005878,99.934720,0.019231,14.862651,9.547540,3.246477,41.141045,94,0.608358,16,0,0,100.000000,0.821603,100.000000,4248.162526,1269.616716,4520.749908,-0.000000,33.456218
20160.000000,contribution,optical,hardware,1,1,1,0,priority,0.000500,180,15,hybrid,0.050000,4000.000000,6.087000,52.000000,500.000000,500.000000,2.000000,120.000000,0.400000,198,127,198,129,198,17,52,0,0,0,0,0,129,129,0,0,0.000000,1.000000,43.482802,clear-ocean,30.000000,60.000000,0.151000,1537,4550481,1166.790000,5.787649,71,0,0,71,0,69,0,0,69,0,0,0,0,0,0,179,49,1,129,0,0,0,0,0,17,54,127,17,54,127,3.045988,213.705413,6531.844929,0.000000,0.000000,0.000000,0,0,0,4579081.815236,16.170564,131.985191,10307.564718,1453.367063,385.752759,268.608266,4576096.079148,4566811.694764,2107.728089,12270.120472,878.008000,0.031739,0.008424,0.005866,99.934796,0.019174,14.862651,9.547540,3.246477,41.018601,94,0.606548,16,0,0,100.000000,0.821603,100.000000,4248.162526,1265.838095,4606.856625,-0.000000,81.734673
20220.000000,contribution,optical,hardware,1,1,1,0,priority,0.000500,180,15,hybrid,0.050000,4000.000000,6.087000,52.000000,500.000000,500.000000,2.000000,120.000000,0.400000,198,127,198,129,198,17,52,0,0,0,0,0,129,129,0,0,0.000000,1.000000,43.482802,clear-ocean,30.000000,60.000000,0.151000,1537,4550481,1166.790000,5.770475,71,0,0,71,0,69,0,0,69,0,0,0,0,0,0,179,49,1,129,0,0,0,0,0,17,54,127,17,54,127,3.045988,213.705413,6531.844929,0.000000,0.000000,0.000000,0,0,0,4592678.916708,16.170564,131.985191,10307.564718,1457.503233,386.786802,268.838053,4589687.780621,4580403.396237,2113.128089,12275.520472,878.008000,0.031735,0.008422,0.005854,99.934872,0.019118,14.862651,9.547540,3.246477,40.896884,94,0.604748,16,0,0,100.000000,0.821603,100.000000,4248.162526,1262.081899,4692.963341,-0.000000,145.967895
20280.000000,contribution,optical,hardware,1,1,1,0,priority,0.000500,180,15,hybrid,0.050000,4000.000000,6.087000,52.000000,500.000000,500.000000,2.000000,120.000000,0.400000,198,127,198,129,198,17,52,0,0,0,0,0,129,129,0,0,0.000000,1.000000,43.482802,clear-ocean,30.000000,60.000000,0.151000,1537,4550481,1166.790000,5.753402,71,0,0,71,0,69,0,0,69,0,0,0,0,0,0,179,49,1,129,0,0,0,0,0,17,54,127,17,54,127,3.045988,213.705413,6531.844929,0.000000,0.000000,0.000000,0,0,0,4606276.018181,16.170564,131.985191,10307.564718,1461.639404,387.820845,269.067841,4603279.482093,4593995.097709,2118.528089,12280.920472,878.008000,0.031731,0.008419,0.005841,99.934947,0.019061,14.862651,9.547540,3.246477,40.775888,94,0.602959,16,0,0,100.000000,0.821603,100.000000,4248.162526,1258.347929,4779.070057,-0.000000,220.065349
20340.000000,contribution,optical,hardware,1,1,1,0,priority,0.000500,180,15,hybrid,0.050000,4000.000000,6.087000,52.000000,500.000000,500.000000,2.000000,120.000000,0.400000,198,127,198,129,198,17,52,0,0,0,0,0,129,129,0,0,0.000000,1.000000,43.482802,clear-ocean,30.000000,60.000000,0.151000,1537,4550481,1166.790000,5.736431,71,0,0,71,0,69,0,0,69,0,0,0,0,0,0,179,49,1,129,0,0,0,0,0,17,54,127,17,54,127,3.045988,213.705413,6531.844929,0.000000,0.000000,0.000000,0,0,0,4619873.119653,16.170564,131.985191,10307.564718,1465.775574,388.854887,269.297628,4616871.183566,4607586.799182,2123.928089,12286.320472,878.008000,0.031728,0.008417,0.005829,99.935021,0.019005,14.862651,9.547540,3.246477,40.655605,94,0.601180,16,0,0,100.000000,0.821603,100.000000,4248.162526,1254.635988,4865.176773,-0.000000,297.001180
20400.000000,contribution,optical,hardware,1,1,1,0,priority,0.000500,180,15,hybrid,0.050000,4000.000000,6.087000,52.000000,500.000000,500.000000,2.000000,120.000000,0.400000,198,127,198,129,198,17,52,0,0,0,0,0,129,129,0,0,0.000000,1.000000,43.482802,clear-ocean,30.000000,60.000000,0.151000,1537,4550481,1166.790000,5.719559,71,0,0,71,0,69,0,0,69,0,0,0,0,0,0,179,49,1,129,0,0,0,0,0,17,54,127,17,54,127,3.045988,213.705413,6531.844929,0.000000,0.000000,0.000000,0,0,0,4633470.221126,16.170564,131.985191,10307.564718,1469.911744,389.888930,269.527415,4630462.885038,4621178.500654,2129.328089,12291.720472,878.008000,0.031724,0.008415,0.005817,99.935095,0.018949,14.862651,9.547540,3.246477,40.536029,94,0.599412,16,0,0,100.000000,0.821603,100.000000,4248.162526,1250.945882,4951.283489,-0.000000,369.480401
20460.000000,contribution,optical,hardware,1,1,1,0,priority,0.000500,180,15,hybrid,0.050000,4000.000000,6.087000,52.000000,500.000000,500.000000,2.000000,120.000000,0.400000,198,127,198,129,198,17,52,0,0,0,0,0,129,129,0,0,0.000000,1.000000,43.482802,clear-ocean,30.000000,60.000000,0.151000,1537,4550481,1166.790000,5.702786,71,0,0,71,0,69,0,0,69,0,0,0,0,0,0,179,49,1,129,0,0,0,0,0,17,54,127,17,54,127,3.045988,213.705413,6531.844929,0.000000,0.000000,0.000000,0,0,0,4647067.322598,16.170564,131.985191,10307.564718,1474.047914,390.922972,269.757202,4644054.586511,4634770.202127,2134.728089,12297.120472,878.008000,0.031720,0.008412,0.005805,99.935169,0.018894,14.862651,9.547540,3.246477,40.417155,94,0.597654,16,0,0,100.000000,0.821603,100.000000,4248.162526,1247.277419,5037.390205,-0.000000,430.630597
20520.000000,contribution,optical,hardware,1,1,1,0,priority,0.000500,180,15,hybrid,0.050000,4000.000000,6.087000,52.000000,500.000000,500.000000,2.000000,120.000000,0.400000,198,127,198,129,198,17,52,0,0,0,0,0,129,129,0,0,0.000000,1.000000,43.482802,clear-ocean,30.000000,60.000000,0.151000,1537,4550481,1166.790000,5.686111,71,0,0,71,0,69,0,0,69,0,0,0,0,0,0,179,49,1,129,0,0,0,0,0,17,54,127,17,54,127,3.045988,213.705413,6531.844929,0.000000,0.000000,0.000000,0,0,0,4660664.424071,16.170564,131.985191,10307.564718,1478.184085,391.957015,269.986990,4657646.287983,4648361.903599,2140.128089,12302.520472,878.008000,0.031716,0.008410,0.005793,99.935242,0.018839,14.862651,9.547540,3.246477,40.298977,94,0.595906,16,0,0,100.000000,0.821603,100.000000,4248.162526,1243.630409,5123.496921,-0.000000,474.653561
20580.000000,contribution,optical,hardware,1,1,1,0,priority,0.000500,180,15,hybrid,0.050000,4000.000000,6.087000,52.000000,500.000000,500.000000,2.000000,120.000000,0.400000,198,127,198,129,198,17,52,0,0,0,0,0,129,129,0,0,0.000000,1.000000,43.482802,clear-ocean,30.000000,60.000000,0.151000,1537,4550481,1166.790000,5.669534,71,0,0,71,0,69,0,0,69,0,0,0,0,0,0,179,49,1,129,0,0,0,0,0,17,54,127,17,54,127,3.045988,213.705413,6531.844929,0.000000,0.000000,0.000000,0,0,0,4674261.525543,16.170564,131.985191,10307.564718,1482.320255,392.991057,270.216777,4671237.989456,4661953.605072,2145.528089,12307.920472,878.008000,0.031712,0.008408,0.005781,99.935315,0.018784,14.862651,9.547540,3.246477,40.181487,94,0.594169,16,0,0,100.000000,0.821603,100.000000,4248.162526,1240.004665,5209.603638,-0.000000,497.375076
20640.000000,contribution,optical,hardware,1,1,1,0,priority,0.000500,180,15,hybrid,0.050000,4000.000000,6.087000,52.000000,500.000000,500.000000,2.000000,120.000000,0.400000,198,127,198,129,198,17,52,0,0,0,0,0,129,129,0,0,0.000000,1.000000,43.482802,clear-ocean,30.000000,60.000000,0.151000,1537,4550481,1166.790000,5.653052,71,0,0,71,0,69,0,0,69,0,0,0,0,0,0,179,49,1,129,0,0,0,0,0,17,54,127,17,54,127,3.045988,213.705413,6531.844929,0.000000,0.000000,0.000000,0,0,0,4687858.627016,16.170564,131.985191,10307.564718,1486.456425,394.025100,270.446564,4684829.690928,4675545.306544,2150.928089,12313.320472,878.008000,0.031709,0.008405,0.005769,99.935388,0.018729,14.862651,9.547540,3.246477,40.064680,94,0.592442,16,0,0,100.000000,0.821603,100.000000,4248.162526,1236.400000,5295.710354,0.000000,496.640708
20700.000000,contribution,optical,hardware,1,1,1,0,priority,0.000500,180,15,hybrid,0.050000,4000.000000,6.087000,52.000000,500.000000,500.000000,2.000000,120.000000,0.400000,198,127,198,129,198,17,52,0,0,0,0,0,129,129,0,0,0.000000,1.000000,43.482802,clear-ocean,30.000000,60.000000,0.151000,1537,4550481,1166.790000,5.636667,71,0,0,71,0,69,0,0,69,0,0,0,0,0,0,179,49,1,129,0,0,0,0,0,17,54,127,17,54,127,3.045988,213.705413,6531.844929,0.000000,0.000000,0.000000,0,0,0,4701455.728488,16.170564,131.985191,10307.564718,1490.592595,395.059142,270.676351,4698421.392401,4689137.008017,2156.328089,12318.720471,878.008000,0.031705,0.008403,0.005757,99.935460,0.018675,14.862651,9.547540,3.246477,39.948551,94,0.590725,16,0,0,100.000000,0.821603,100.000000,4248.162526,1232.816232,5381.817070,0.000000,472.520088
20760.000000,contribution,optical,hardware,1,1,1,0,priority,0.000500,180,15,hybrid,0.050000,4000.000000,6.087000,52.000000,500.000000,500.000000,2.000000,120.000000,0.400000,198,127,198,129,198,17,52,0,0,0,0,0,129,129,0,0,0.000000,1.000000,43.482802,clear-ocean,30.000000,60.000000,0.151000,1537,4550481,1166.790000,5.620376,71,0,0,71,0,69,0,0,69,0,0,0,0,0,0,179,49,1,129,0,0,0,0,0,17,54,127,17,54,127,3.045988,213.705413,6531.844929,0.000000,0.000000,0.000000,0,0,0,4715052.829961,16.170564,131.985191,10307.564718,1494.728765,396.093185,270.906138,4712013.093873,4702728.709489,2161.728089,12324.120471,878.008000,0.031701,0.008401,0.005746,99.935531,0.018621,14.862651,9.547540,3.246477,39.833092,94,0.589017,16,0,0,100.000000,0.821603,100.000000,4248.162526,1229.253179,5467.923786,0.000000,427.300313
20820.000000,contribution,optical,hardware,1,1,1,0,priority,0.000500,180,15,hybrid,0.050000,4000.000000,6.087000,52.000000,500.000000,500.000000,2.000000,120.000000,0.400000,198,127,198,129,198,17,52,0,0,0,0,0,129,129,0,0,0.000000,1.000000,43.482802,clear-ocean,30.000000,60.000000,0.151000,1537,4550481,1166.790000,5.604179,71,0,0,71,0,69,0,0,69,0,0,0,0,0,0,179,49,1,129,0,0,0,0,0,17,54,127,17,54,127,3.045988,213.705413,6531.844929,0.000000,0.000000,0.000000,0,0,0,4728649.931433,16.170564,131.985191,10307.564718,1498.864936,397.127227,271.135926,4725604.795346,4716320.410962,2167.128089,12329.520471,878.008000,0.031698,0.008398,0.005734,99.935602,0.018568,14.862651,9.547540,3.246477,39.718300,94,0.587320,16,0,0,100.000000,0.821603,100.000000,4248.162526,1225.710663,5554.030502,0.000000,365.269080
20880.000000,contribution,optical,hardware,1,1,1,0,priority,0.000500,180,15,hybrid,0.050000,4000.000000,6.087000,52.000000,500.000000,500.000000,2.000000,120.000000,0.400000,198,127,198,129,198,17,52,0,0,0,0,0,129,129,0,0,0.000000,1.000000,43.482802,clear-ocean,30.000000,60.000000,0.151000,1537,4550481,1166.790000,5.588075,71,0,0,71,0,69,0,0,69,0,0,0,0,0,0,179,49,1,129,0,0,0,0,0,17,54,127,17,54,127,3.045988,213.705413,6531.844929,0.000000,0.000000,0.000000,0,0,0,4742247.032906,16.170564,131.985191,10307.564718,1503.001106,398.161270,271.365713,4739196.496819,4729912.112435,2172.528089,12334.920471,878.008000,0.031694,0.008396,0.005722,99.935673,0.018515,14.862651,9.547540,3.246477,39.604167,94,0.585632,16,0,0,100.000000,0.821603,100.000000,4248.162526,1222.188506,5640.137218,0.000000,292.308137
20940.000000,contribution,optical,hardware,1,1,1,0,priority,0.000500,180,15,hybrid,0.050000,4000.000000,6.087000,52.000000,500.000000,500.000000,2.000000,120.000000,0.400000,198,127,198,129,198,17,52,0,0,0,0,0,129,129,0,0,0.000000,1.000000,43.482802,clear-ocean,30.000000,60.000000,0.151000,1537,4550481,1166.790000,5.572063,71,0,0,71,0,69,0,0,69,0,0,0,0,0,0,179,49,1,129,0,0,0,0,0,17,54,127,17,54,127,3.045988,213.705413,6531.844929,0.000000,0.000000,0.000000,0,0,0,4755844.134379,16.170564,131.985191,10307.564718,1507.137276,399.195313,271.595500,4752788.198291,4743503.813907,2177.928089,12340.320471,878.008000,0.031690,0.008394,0.005711,99.935744,0.018462,14.862651,9.547540,3.246477,39.490688,94,0.583954,16,0,0,100.000000,0.821603,100.000000,4248.162526,1218.686533,5726.243934,0.000000,215.335574
21000.000000,contribution,optical,hardware,1,1,1,0,priority,0.000500,180,15,hybrid,0.050000,4000.000000,6.087000,52.000000,500.000000,500.000000,2.000000,120.000000,0.400000,198,127,198,129,198,17,52,0,0,0,0,0,129,129,0,0,0.000000,1.000000,43.482802,clear-ocean,30.000000,60.000000,0.151000,1537,4550481,1166.790000,5.556143,71,0,0,71,0,69,0,0,69,0,0,0,0,0,0,179,49,1,129,0,0,0,0,0,17,54,127,17,54,127,3.045988,213.705413,6531.844929,0.000000,0.000000,0.000000,0,0,0,4769441.235851,16.170564,131.985191,10307.564718,1511.273446,400.229355,271.825287,4766379.899764,4757095.515380,2183.328089,12345.720471,878.008000,0.031687,0.008392,0.005699,99.935814,0.018409,14.862651,9.547540,3.246477,39.377857,94,0.582286,16,0,0,100.000000,0.821603,100.000000,4248.162526,1215.204571,5812.350651,0.000000,141.649861
21060.000000,contribution,optical,hardware,1,1,1,0,priority,0.000500,180,15,hybrid,0.050000,4000.000000,6.087000,52.000000,500.000000,500.000000,2.000000,120.000000,0.400000,198,127,198,129,198,17,52,0,0,0,0,0,129,129,0,0,0.000000,1.000000,43.482802,clear-ocean,30.000000,60.000000,0.151000,1537,4550481,1166.790000,5.540313,71,0,0,71,0,69,0,0,69,0,0,0,0,0,0,179,49,1,129,0,0,0,0,0,17,54,127,17,54,127,3.045988,213.705413,6531.844929,0.000000,0.000000,0.000000,0,0,0,4783038.337324,16.170564,131.985191,10307.564718,1515.409616,401.263398,272.055075,4779971.601236,4770687.216852,2188.728089,12351.120471,878.008000,0.031683,0.008389,0.005688,99.935883,0.018357,14.862651,9.547540,3.246477,39.265670,94,0.580627,16,0,0,100.000000,0.821603,100.000000,4248.162526,1211.742450,5898.457367,0.000000,78.237811
21120.000000,contribution,optical,hardware,1,1,1,0,priority,0.000500,180,15,hybrid,0.050000,4000.000000,6.087000,52.000000,500.000000,500.000000,2.000000,120.000000,0.400000,198,127,198,129,198,17,52,0,0,0,0,0,129,129,0,0,0.000000,1.000000,43.482802,clear-ocean,30.000000,60.000000,0.151000,1537,4550481,1166.790000,5.524574,71,0,0,71,0,69,0,0,69,0,0,0,0,0,0,179,49,1,129,0,0,0,0,0,17,54,127,17,54,127,3.045988,213.705413,6531.844929,0.000000,0.000000,0.000000,0,0,0,4796635.438796,16.170564,131.985191,10307.564718,1519.545787,402.297440,272.284862,4793563.302709,4784278.918325,2194.128089,12356.520471,878.008000,0.031679,0.008387,0.005677,99.935952,0.018305,14.862651,9.547540,3.246477,39.154119,94,0.578977,16,0,0,100.000000,0.821603,100.000000,4248.162526,1208.300000,5984.564083,0.000000,31.112098
21180.000000,contribution,optical,hardware,1,1,1,0,priority,0.000500,180,15,hybrid,0.050000,4000.000000,6.087000,52.000000,500.000000,500.000000,2.000000,120.000000,0.400000,198,127,198,129,198,17,52,0,0,0,0,0,129,129,0,0,0.000000,1.000000,43.482802,clear-ocean,30.000000,60.000000,0.151000,1537,4550481,1166.790000,5.508924,71,0,0,71,0,69,0,0,69,0,0,0,0,0,0,179,49,1,129,0,0,0,0,0,17,54,127,17,54,127,3.045988,213.705413,6531.844929,0.000000,0.000000,0.000000,0,0,0,4810232.540269,16.170564,131.985191,10307.564718,1523.681957,403.331483,272.514649,4807155.004181,4797870.619797,2199.528089,12361.920471,878.008000,0.031676,0.008385,0.005665,99.936021,0.018253,14.862651,9.547540,3.246477,39.043201,94,0.577337,16,0,0,100.000000,0.821603,100.000000,4248.162526,1204.877054,6070.670799,0.000000,4.741140
21240.000000,contribution,optical,hardware,1,1,1,0,priority,0.000500,180,15,hybrid,0.050000,4000.000000,6.087000,52.000000,500.000000,500.000000,2.000000,120.000000,0.400000,198,127,198,129,198,17,52,0,0,0,0,0,129,129,0,0,0.000000,1.000000,43.482802,clear-ocean,30.000000,60.000000,0.151000,1537,4550481,1166.790000,5.493362,71,0,0,71,0,69,0,0,69,0,0,0,0,0,0,179,49,1,129,0,0,0,0,0,17,54,127,17,54,127,3.045988,213.705413,6531.844929,0.000000,0.000000,0.000000,0,0,0,4823829.641741,16.170564,131.985191,10307.564718,1527.818127,404.365525,272.744436,4820746.705654,4811462.321270,2204.928089,12367.320471,878.008000,0.031672,0.008383,0.005654,99.936089,0.018201,14.862651,9.547540,3.246477,38.932910,94,0.575706,16,0,0,100.000000,0.821603,100.000000,4248.162526,1201.473446,6156.777515,-0.000000,1.625408
21300.000000,contribution,optical,hardware,1,1,1,0,priority,0.000500,180,15,hybrid,0.050000,4000.000000,6.087000,52.000000,500.000000,500.000000,2.000000,120.000000,0.400000,198,127,198,129,198,17,52,0,0,0,0,0,129,129,0,0,0.000000,1.000000,43.482802,clear-ocean,30.000000,60.000000,0.151000,1537,4550481,1166.790000,5.477887,71,0,0,71,0,69,0,0,69,0,0,0,0,0,0,179,49,1,129,0,0,0,0,0,17,54,127,17,54,127,3.045988,213.705413,6531.844929,0.000000,0.000000,0.000000,0,0,0,4837426.743214,16.170564,131.985191,10307.564718,1531.954297,405.399568,272.974224,4834338.407126,4825054.022742,2210.328089,12372.720471,878.008000,0.031669,0.008380,0.005643,99.936157,0.018150,14.862651,9.547540,3.246477,38.823239,94,0.574085,16,0,0,100.000000,0.821603,100.000000,4248.162526,1198.089014,6242.884231,-0.000000,22.060332
21360.000000,contribution,optical,hardware,1,1,1,0,priority,0.000500,180,15,hybrid,0.050000,4000.000000,6.087000,52.000000,500.000000,500.000000,2.000000,120.000000,0.400000,198,127,198,129,198,17,52,0,0,0,0,0,129,129,0,0,0.000000,1.000000,43.482802,clear-ocean,30.000000,60.000000,0.151000,1537,4550481,1166.790000,5.462500,71,0,0,71,0,69,0,0,69,0,0,0,0,0,0,179,49,1,129,0,0,0,0,0,17,54,127,17,54,127,3.045988,213.705413,6531.844929,0.000000,0.000000,0.000000,0,0,0,4851023.844686,16.170564,131.985191,10307.564718,1536.090468,406.433610,273.204011,4847930.108599,4838645.724215,2215.728089,12378.120471,878.008000,0.031665,0.008378,0.005632,99.936225,0.018099,14.862651,9.547540,3.246477,38.714185,94,0.572472,16,0,0,100.000000,0.821603,100.000000,4248.162526,1194.723596,6328.990947,-0.000000,64.108292
21420.000000,contribution,optical,hardware,1,1,1,0,priority,0.000500,180,15,hybrid,0.050000,4000.000000,6.087000,52.000000,500.000000,500.000000,2.000000,120.000000,0.400000,198,127,198,129,198,17,52,0,0,0,0,0,129,129,0,0,0.000000,1.000000,43.482802,clear-ocean,30.000000,60.000000,0.151000,1537,4550481,1166.790000,5.447199,71,0,0,71,0,69,0,0,69,0,0,0,0,0,0,179,49,1,129,0,0,0,0,0,17,54,127,17,54,127,3.045988,213.705413,6531.844929,0.000000,0.000000,0.000000,0,0,0,4864620.946159,16.170564,131.985191,10307.564718,1540.226638,407.467653,273.433798,4861521.810071,4852237.425687,2221.128089,12383.520471,878.008000,0.031662,0.008376,0.005621,99.936292,0.018049,14.862651,9.547540,3.246477,38.605742,94,0.570868,16,0,0,100.000000,0.821603,100.000000,4248.162526,1191.377031,6415.097664,-0.000000,123.782337
21480.000000,contribution,optical,hardware,1,1,1,0,priority,0.000500,180,15,hybrid,0.050000,4000.000000,6.087000,52.000000,500.000000,500.000000,2.000000,120.000000,0.400000,198,127,198,129,198,17,52,0,0,0,0,0,129,129,0,0,0.000000,1.000000,43.482802,clear-ocean,30.000000,60.000000,0.151000,1537,4550481,1166.790000,5.431983,71,0,0,71,0,69,0,0,69,0,0,0,0,0,0,179,49,1,129,0,0,0,0,0,17,54,127,17,54,127,3.045988,213.705413,6531.844929,0.000000,0.000000,0.000000,0,0,0,4878218.047631,16.170564,131.985191,10307.564718,1544.362808,408.501696,273.663585,4875113.511544,4865829.127160,2226.528089,12388.920471,878.008000,0.031658,0.008374,0.005610,99.936359,0.017999,14.862651,9.547540,3.246477,38.497905,94,0.569274,16,0,0,100.000000,0.821603,100.000000,4248.162526,1188.049162,6501.204380,-0.000000,195.424228
21540.000000,contribution,optical,hardware,1,1,1,0,priority,0.000500,180,15,hybrid,0.050000,4000.000000,6.087000,52.000000,500.000000,500.000000,2.000000,120.000000,0.400000,198,127,198,129,198,17,52,0,0,0,0,0,129,129,0,0,0.000000,1.000000,43.482802,clear-ocean,30.000000,60.000000,0.151000,1537,4550481,1166.790000,5.416852,71,0,0,71,0,69,0,0,69,0,0,0,0,0,0,179,49,1,129,0,0,0,0,0,17,54,127,17,54,127,3.045988,213.705413,6531.844929,0.000000,0.000000,0.000000,0,0,0,4891815.149104,16.170564,131.985191,10307.564718,1548.498978,409.535738,273.893373,4888705.213016,4879420.828632,2231.928089,12394.320471,878.008000,0.031655,0.008372,0.005599,99.936426,0.017949,14.862651,9.547540,3.246477,38.390669,94,0.567688,16,0,0,100.000000,0.821603,100.000000,4248.162526,1184.739833,6587.311096,-0.000000,272.240945
21600.000000,contribution,optical,hardware,1,1,1,0,priority,0.000500,180,15,hybrid,0.050000,4000.000000,6.087000,52.000000,500.000000,500.000000,2.000000,120.000000,0.400000,198,127,198,129,198,17,52,0,0,0,0,0,129,129,0,0,0.000000,1.000000,43.482802,clear-ocean,30.000000,60.000000,0.151000,1537,4550481,1166.790000,5.401806,71,0,0,71,0,69,0,0,69,0,0,0,0,0,0,179,49,1,129,0,0,0,0,0,17,54,127,17,54,127,3.045988,213.705413,6531.844929,0.000000,0.000000,0.000000,0,0,0,4905412.250576,16.170564,131.985191,10307.564718,1552.635148,410.569781,274.123160,4902296.914489,4893012.530105,2237.328089,12399.720471,878.008000,0.031651,0.008370,0.005588,99.936492,0.017899,14.862651,9.547540,3.246477,38.284028,94,0.566111,16,0,0,100.000000,0.821603,100.000000,4248.162526,1181.448889,6673.417812,-0.000000,346.948795
21660.000000,contribution,optical,hardware,1,1,1,0,priority,0.000500,180,15,hybrid,0.050000,4000.000000,6.087000,52.000000,500.000000,500.000000,2.000000,120.000000,0.400000,198,127,198,129,198,17,52,0,0,0,0,0,129,129,0,0,0.000000,1.000000,43.482802,clear-ocean,30.000000,60.000000,0.151000,1537,4550481,1166.790000,5.386842,71,0,0,71,0,69,0,0,69,0,0,0,0,0,0,179,49,1,129,0,0,0,0,0,17,54,127,17,54,127,3.045988,213.705413,6531.844929,0.000000,0.000000,0.000000,0,0,0,4919009.352049,16.170564,131.985191,10307.564718,1556.771319,411.603823,274.352947,4915888.615961,4906604.231577,2242.728089,12405.120471,878.008000,0.031648,0.008368,0.005577,99.936558,0.017849,14.862651,9.547540,3.246477,38.177978,94,0.564543,16,0,0,100.000000,0.821603,100.000000,4248.162526,1178.176177,6759.524528,-0.000000,412.464047
21720.000000,contribution,optical,hardware,1,1,1,0,priority,0.000500,180,15,hybrid,0.050000,4000.000000,6.087000,52.000000,500.000000,500.000000,2.000000,120.000000,0.400000,198,127,198,129,198,17,52,0,0,0,0,0,129,129,0,0,0.000000,1.000000,43.482802,clear-ocean,30.000000,60.000000,0.151000,1537,4550481,1166.790000,5.371961,71,0,0,71,0,69,0,0,69,0,0,0,0,0,0,179,49,1,129,0,0,0,0,0,17,54,127,17,54,127,3.045988,213.705413,6531.844929,0.000000,0.000000,0.000000,0,0,0,4932606.453521,16.170564,131.985191,10307.564718,1560.907489,412.637866,274.582734,4929480.317434,4920195.933050,2248.128089,12410.520471,878.008000,0.031645,0.008366,0.005567,99.936623,0.017800,14.862651,9.547540,3.246477,38.072514,94,0.562983,16,0,0,100.000000,0.821603,100.000000,4248.162526,1174.921547,6845.631244,-0.000000,462.574604
21780.000000,contribution,optical,hardware,1,1,1,0,priority,0.000500,180,15,hybrid,0.050000,4000.000000,6.087000,52.000000,500.000000,500.000000,2.000000,120.000000,0.400000,198,127,198,129,198,17,52,0,0,0,0,0,129,129,0,0,0.000000,1.000000,43.482802,clear-ocean,30.000000,60.000000,0.151000,1537,4550481,1166.790000,5.357163,71,0,0,71,0,69,0,0,69,0,0,0,0,0,0,179,49,1,129,0,0,0,0,0,17,54,127,17,54,127,3.045988,213.705413,6531.844929,0.000000,0.000000,0.000000,0,0,0,4946203.554994,16.170564,131.985191,10307.564718,1565.043659,413.671908,274.812521,4943072.018906,4933787.634523,2253.528089,12415.920471,878.008000,0.031641,0.008363,0.005556,99.936688,0.017751,14.862651,9.547540,3.246477,37.967631,94,0.561433,16,0,0,100.000000,0.821603,100.000000,4248.162526,1171.684848,6931.737960,-0.000000,492.529027
21840.000000,contribution,optical,hardware,1,1,1,0,priority,0.000500,180,15,hybrid,0.050000,4000.000000,6.087000,52.000000,500.000000,500.000000,2.000000,120.000000,0.400000,198,127,198,129,198,17,52,0,0,0,0,0,129,129,0,0,0.000000,1.000000,43.482802,clear-ocean,30.000000,60.000000,0.151000,1537,4550481,1166.790000,5.342445,71,0,0,71,0,69,0,0,69,0,0,0,0,0,0,179,49,1,129,0,0,0,0,0,17,54,127,17,54,127,3.045988,213.705413,6531.844929,0.000000,0.000000,0.000000,0,0,0,4959800.656466,16.170564,131.985191,10307.564718,1569.179829,414.705951,275.042309,4956663.720379,4947379.335995,2258.928089,12421.320471,878.008000,0.031638,0.008361,0.005545,99.936753,0.017702,14.862651,9.547540,3.246477,37.863324,94,0.559890,16,0,0,100.000000,0.821603,100.000000,4248.162526,1168.465934,7017.844677,0.000000,499.487065
21900.000000,contribution,optical,hardware,1,1,1,0,priority,0.000500,180,15,hybrid,0.050000,4000.000000,6.087000,52.000000,500.000000,500.000000,2.000000,120.000000,0.400000,198,127,198,129,198,17,52,0,0,0,0,0,129,129,0,0,0.000000,1.000000,43.482802,clear-ocean,30.000000,60.000000,0.151000,1537,4550481,1166.790000,5.327808,71,0,0,71,0,69,0,0,69,0,0,0,0,0,0,179,49,1,129,0,0,0,0,0,17,54,127,17,54,127,3.045988,213.705413,6531.844929,0.000000,0.000000,0.000000,0,0,0,4973397.757939,16.170564,131.985191,10307.564718,1573.315999,415.739993,275.272096,4970255.421852,4960971.037468,2264.328089,12426.720471,878.008000,0.031635,0.008359,0.005535,99.936817,0.017654,14.862651,9.547540,3.246477,37.759589,94,0.558356,16,0,0,100.000000,0.821603,100.000000,4248.162526,1165.264658,7103.951393,0.000000,482.788962
21960.000000,contribution,optical,hardware,1,1,1,0,priority,0.000500,180,15,hybrid,0.050000,4000.000000,6.087000,52.000000,500.000000,500.000000,2.000000,120.000000,0.400000,198,127,198,129,198,17,52,0,0,0,0,0,129,129,0,0,0.000000,1.000000,43.482802,clear-ocean,30.000000,60.000000,0.151000,1537,4550481,1166.790000,5.313251,71,0,0,71,0,69,0,0,69,0,0,0,0,0,0,179,49,1,129,0,0,0,0,0,17,54,127,17,54,127,3.045988,213.705413,6531.844929,0.000000,0.000000,0.000000,0,0,0,4986994.859411,16.170564,131.985191,10307.564718,1577.452170,416.774036,275.501883,4983847.123324,4974562.738940,2269.728089,12432.120471,878.008000,0.031631,0.008357,0.005524,99.936881,0.017606,14.862651,9.547540,3.246477,37.656421,94,0.556831,16,0,0,100.000000,0.821603,100.000000,4248.162526,1162.080874,7190.058109,0.000000,444.018019
22020.000000,contribution,optical,hardware,1,1,1,0,priority,0.000500,180,15,hybrid,0.050000,4000.000000,6.087000,52.000000,500.000000,500.000000,2.000000,120.000000,0.400000,198,127,198,129,198,17,52,0,0,0,0,0,129,129,0,0,0.000000,1.000000,43.482802,clear-ocean,30.000000,60.000000,0.151000,1537,4550481,1166.790000,5.298774,71,0,0,71,0,69,0,0,69,0,0,0,0,0,0,179,49,1,129,0,0,0,0,0,17,54,127,17,54,127,3.045988,213.705413,6531.844929,0.000000,0.000000,0.000000,0,0,0,5000591.960884,16.170564,131.985191,10307.564718,1581.588340,417.808079,275.731670,4997438.824797,4988154.440413,2275.128089,12437.520471,878.008000,0.031628,0.008355,0.005514,99.936945,0.017558,14.862651,9.547540,3.246477,37.553815,94,0.555313,16,0,0,100.000000,0.821603,100.000000,4248.162526,1158.914441,7276.164825,0.000000,386.850460
22080.000000,contribution,optical,hardware,1,1,1,0,priority,0.000500,180,15,hybrid,0.050000,4000.000000,6.087000,52.000000,500.000000,500.000000,2.000000,120.000000,0.400000,198,127,198,129,198,17,52,0,0,0,0,0,129,129,0,0,0.000000,1.000000,43.482802,clear-ocean,30.000000,60.000000,0.151000,1537,4550481,1166.790000,5.284375,71,0,0,71,0,69,0,0,69,0,0,0,0,0,0,179,49,1,129,0,0,0,0,0,17,54,127,17,54,127,3.045988,213.705413,6531.844929,0.000000,0.000000,0.000000,0,0,0,5014189.062356,16.170564,131.985191,10307.564718,1585.724510,418.842121,275.961458,5011030.526269,5001746.141885,2280.528089,12442.920471,878.008000,0.031625,0.008353,0.005504,99.937008,0.017510,14.862651,9.547540,3.246477,37.451766,94,0.553804,16,0,0,100.000000,0.821603,100.000000,4248.162526,1155.765217,7362.271541,0.000000,316.706863
22140.000000,contribution,optical,hardware,1,1,1,0,priority,0.000500,180,15,hybrid,0.050000,4000.000000,6.087000,52.000000,500.000000,500.000000,2.000000,120.000000,0.400000,198,127,198,129,198,17,52,0,0,0,0,0,129,129,0,0,0.000000,1.000000,43.482802,clear-ocean,30.000000,60.000000,0.151000,1537,4550481,1166.790000,5.270054,71,0,0,71,0,69,0,0,69,0,0,0,0,0,0,179,49,1,129,0,0,0,0,0,17,54,127,17,54,127,3.045988,213.705413,6531.844929,0.000000,0.000000,0.000000,0,0,0,5027786.163829,16.170564,131.985191,10307.564718,1589.860680,419.876164,276.191245,5024622.227742,5015337.843358,2285.928089,12448.320471,878.008000,0.031621,0.008351,0.005493,99.937071,0.017463,14.862651,9.547540,3.246477,37.350271,94,0.552304,16,0,0,100.000000,0.821603,100.000000,4248.162526,1152.633062,7448.378257,0.000000,240.238181
22200.000000,contribution,optical,hardware,1,1,1,0,priority,0.000500,180,15,hybrid,0.050000,4000.000000,6.087000,52.000000,500.000000,500.000000,2.000000,120.000000,0.400000,198,127,198,129,198,17,52,0,0,0,0,0,129,129,0,0,0.000000,1.000000,43.482802,clear-ocean,30.000000,60.000000,0.151000,1537,4550481,1166.790000,5.255811,71,0,0,71,0,69,0,0,69,0,0,0,0,0,0,179,49,1,129,0,0,0,0,0,17,54,127,17,54,127,3.045988,213.705413,6531.844929,0.000000,0.000000,0.000000,0,0,0,5041383.265302,16.170564,131.985191,10307.564718,1593.996851,420.910206,276.421032,5038213.929214,5028929.544830,2291.328089,12453.720471,878.008000,0.031618,0.008349,0.005483,99.937134,0.017416,14.862651,9.547540,3.246477,37.249324,94,0.550811,16,0,0,100.000000,0.821603,100.000000,4248.162526,1149.517838,7534.484973,0.000000,164.695106
22260.000000,contribution,optical,hardware,1,1,1,0,priority,0.000500,180,15,hybrid,0.050000,4000.000000,6.087000,52.000000,500.000000,500.000000,2.000000,120.000000,0.400000,198,127,198,129,198,17,52,0,0,0,0,0,129,129,0,0,0.000000,1.000000,43.482802,clear-ocean,30.000000,60.000000,0.151000,1537,4550481,1166.790000,5.241644,71,0,0,71,0,69,0,0,69,0,0,0,0,0,0,179,49,1,129,0,0,0,0,0,17,54,127,17,54,127,3.045988,213.705413,6531.844929,0.000000,0.000000,0.000000,0,0,0,5054980.366774,16.170564,131.985191,10307.564718,1598.133021,421.944249,276.650819,5051805.630687,5042521.246303,2296.728089,12459.120471,878.008000,0.031615,0.008347,0.005473,99.937196,0.017369,14.862651,9.547540,3.246477,37.148922,94,0.549326,16,0,0,100.000000,0.821603,100.000000,4248.162526,1146.419407,7620.591690,0.000000,97.240565
22320.000000,contribution,optical,hardware,1,1,1,0,priority,0.000500,180,15,hybrid,0.050000,4000.000000,6.087000,52.000000,500.000000,500.000000,2.000000,120.000000,0.400000,198,127,198,129,198,17,52,0,0,0,0,0,129,129,0,0,0.000000,1.000000,43.482802,clear-ocean,30.000000,60.000000,0.151000,1537,4550481,1166.790000,5.227554,71,0,0,71,0,69,0,0,69,0,0,0,0,0,0,179,49,1,129,0,0,0,0,0,17,54,127,17,54,127,3.045988,213.705413,6531.844929,0.000000,0.000000,0.000000,0,0,0,5068577.468247,16.170564,131.985191,10307.564718,1602.269191,422.978291,276.880607,5065397.332159,5056112.947775,2302.128089,12464.520471,878.008000,0.031612,0.008345,0.005463,99.937258,0.017323,14.862651,9.547540,3.246477,37.049059,94,0.547849,16,0,0,100.000000,0.821603,100.000000,4248.162526,1143.337634,7706.698406,0.000000,44.270537
22380.000000,contribution,optical,hardware,1,1,1,0,priority,0.000500,180,15,hybrid,0.050000,4000.000000,6.087000,52.000000,500.000000,500.000000,2.000000,120.000000,0.400000,198,127,198,129,198,17,52,0,0,0,0,0,129,129,0,0,0.000000,1.000000,43.482802,clear-ocean,30.000000,60.000000,0.151000,1537,4550481,1166.790000,5.213539,71,0,0,71,0,69,0,0,69,0,0,0,0,0,0,179,49,1,129,0,0,0,0,0,17,54,127,17,54,127,3.045988,213.705413,6531.844929,0.000000,0.000000,0.000000,0,0,0,5082174.569719,16.170564,131.985191,10307.564718,1606.405361,424.012334,277.110394,5078989.033632,5069704.649248,2307.528089,12469.920471,878.008000,0.031609,0.008343,0.005453,99.937319,0.017276,14.862651,9.547540,3.246477,36.949732,94,0.546381,16,0,0,100.000000,0.821603,100.000000,4248.162526,1140.272386,7792.805122,0.000000,10.807592
22440.000000,contribution,optical,hardware,1,1,1,0,priority,0.000500,180,15,hybrid,0.050000,4000.000000,6.087000,52.000000,500.000000,500.000000,2.000000,120.000000,0.400000,198,127,198,129,198,17,52,0,0,0,0,0,129,129,0,0,0.000000,1.000000,43.482802,clear-ocean,30.000000,60.000000,0.151000,1537,4550481,1166.790000,5.199599,71,0,0,71,0,69,0,0,69,0,0,0,0,0,0,179,49,1,129,0,0,0,0,0,17,54,127,17,54,127,3.045988,213.705413,6531.844929,0.000000,0.000000,0.000000,0,0,0,5095771.671192,16.170564,131.985191,10307.564718,1610.541531,425.046376,277.340181,5092580.735104,5083296.350720,2312.928089,12475.320471,878.008000,0.031605,0.008341,0.005443,99.937381,0.017230,14.862651,9.547540,3.246477,36.850936,94,0.544920,16,0,0,100.000000,0.821603,100.000000,4248.162526,1137.223529,7878.911838,-0.000000,0.024657
22500.000000,contribution,optical,hardware,1,1,1,0,priority,0.000500,180,15,hybrid,0.050000,4000.000000,6.087000,52.000000,500.000000,500.000000,2.000000,120.000000,0.400000,198,127,198,129,198,17,52,0,0,0,0,0,129,129,0,0,0.000000,1.000000,43.482802,clear-ocean,30.000000,60.000000,0.151000,1537,4550481,1166.790000,5.185733,71,0,0,71,0,69,0,0,69,0,0,0,0,0,0,179,49,1,129,0,0,0,0,0,17,54,127,17,54,127,3.045988,213.705413,6531.844929,0.000000,0.000000,0.000000,0,0,0,5109368.772664,16.170564,131.985191,10307.564718,1614.677702,426.080419,277.569968,5106172.436577,5096888.052193,2318.328089,12480.720471,878.008000,0.031602,0.008339,0.005433,99.937442,0.017184,14.862651,9.547540,3.246477,36.752667,94,0.543467,16,0,0,100.000000,0.821603,100.000000,4248.162526,1134.190933,7965.018554,-0.000000,12.944161
22560.000000,contribution,optical,hardware,1,1,1,0,priority,0.000500,180,15,hybrid,0.050000,4000.000000,6.087000,52.000000,500.000000,500.000000,2.000000,120.000000,0.400000,198,127,198,129,198,17,52,0,0,0,0,0,129,129,0,0,0.000000,1.000000,43.482802,clear-ocean,30.000000,60.000000,0.151000,1537,4550481,1166.790000,5.171941,71,0,0,71,0,69,0,0,69,0,0,0,0,0,0,179,49,1,129,0,0,0,0,0,17,54,127,17,54,127,3.045988,213.705413,6531.844929,0.000000,0.000000,0.000000,0,0,0,5122965.874137,16.170564,131.985191,10307.564718,1618.813872,427.114462,277.799755,5119764.138049,5110479.753665,2323.728089,12486.120471,878.008000,0.031599,0.008337,0.005423,99.937502,0.017139,14.862651,9.547540,3.246477,36.654920,94,0.542021,16,0,0,100.000000,0.821603,100.000000,4248.162526,1131.174468,8051.125270,-0.000000,48.341087
22620.000000,contribution,optical,hardware,1,1,1,0,priority,0.000500,180,15,hybrid,0.050000,4000.000000,6.087000,52.000000,500.000000,500.000000,2.000000,120.000000,0.400000,198,127,198,129,198,17,52,0,0,0,0,0,129,129,0,0,0.000000,1.000000,43.482802,clear-ocean,30.000000,60.000000,0.151000,1537,4550481,1166.790000,5.158223,71,0,0,71,0,69,0,0,69,0,0,0,0,0,0,179,49,1,129,0,0,0,0,0,17,54,127,17,54,127,3.045988,213.705413,6531.844929,0.000000,0.000000,0.000000,0,0,0,5136562.975609,16.170564,131.985191,10307.564718,1622.950042,428.148504,278.029543,5133355.839522,5124071.455138,2329.128089,12491.520471,878.008000,0.031596,0.008335,0.005413,99.937563,0.017093,14.862651,9.547540,3.246477,36.557692,94,0.540584,16,0,0,100.000000,0.821603,100.000000,4248.162526,1128.174005,8137.231986,-0.000000,102.859131
22680.000000,contribution,optical,hardware,1,1,1,0,priority,0.000500,180,15,hybrid,0.050000,4000.000000,6.087000,52.000000,500.000000,500.000000,2.000000,120.000000,0.400000,198,127,198,129,198,17,52,0,0,0,0,0,129,129,0,0,0.000000,1.000000,43.482802,clear-ocean,30.000000,60.000000,0.151000,1537,4550481,1166.790000,5.144577,71,0,0,71,0,69,0,0,69,0,0,0,0,0,0,179,49,1,129,0,0,0,0,0,17,54,127,17,54,127,3.045988,213.705413,6531.844929,0.000000,0.000000,0.000000,0,0,0,5150160.077082,16.170564,131.985191,10307.564718,1627.086212,429.182547,278.259330,5146947.540994,5137663.156610,2334.528089,12496.920471,878.008000,0.031593,0.008333,0.005403,99.937623,0.017048,14.862651,9.547540,3.246477,36.460979,94,0.539153,16,0,0,100.000000,0.821603,100.000000,4248.162526,1125.189418,8223.338703,-0.000000,171.328940
22740.000000,contribution,optical,hardware,1,1,1,0,priority,0.000500,180,15,hybrid,0.050000,4000.000000,6.087000,52.000000,500.000000,500.000000,2.000000,120.000000,0.400000,198,127,198,129,198,17,52,0,0,0,0,0,129,129,0,0,0.000000,1.000000,43.482802,clear-ocean,30.000000,60.000000,0.151000,1537,4550481,1166.790000,5.131003,71,0,0,71,0,69,0,0,69,0,0,0,0,0,0,179,49,1,129,0,0,0,0,0,17,54,127,17,54,127,3.045988,213.705413,6531.844929,0.000000,0.000000,0.000000,0,0,0,5163757.178554,16.170564,131.985191,10307.564718,1631.222382,430.216589,278.489117,5160539.242467,5151254.858083,2339.928089,12502.320471,878.008000,0.031590,0.008331,0.005393,99.937682,0.017003,14.862651,9.547540,3.246477,36.364776,94,0.537731,16,0,0,100.000000,0.821603,100.000000,4248.162526,1122.220580,8309.445419,-0.000000,247.258269
22800.000000,contribution,optical,hardware,1,1,1,0,priority,0.000500,180,15,hybrid,0.050000,4000.000000,6.087000,52.000000,500.000000,500.000000,2.000000,120.000000,0.400000,198,127,198,129,198,17,52,0,0,0,0,0,129,129,0,0,0.000000,1.000000,43.482802,clear-ocean,30.000000,60.000000,0.151000,1537,4550481,1166.790000,5.117500,71,0,0,71,0,69,0,0,69,0,0,0,0,0,0,179,49,1,129,0,0,0,0,0,17,54,127,17,54,127,3.045988,213.705413,6531.844929,0.000000,0.000000,0.000000,0,0,0,5177354.280027,16.170564,131.985191,10307.564718,1635.358553,431.250632,278.718904,5174130.943940,5164846.559556,2345.328089,12507.720471,878.008000,0.031587,0.008330,0.005383,99.937742,0.016959,14.862651,9.547540,3.246477,36.269079,94,0.536316,16,0,0,100.000000,0.821603,100.000000,4248.162526,1119.267368,8395.552135,-0.000000,323.447567
22860.000000,contribution,optical,hardware,1,1,1,0,priority,0.000500,180,15,hybrid,0.050000,4000.000000,6.087000,52.000000,500.000000,500.000000,2.000000,120.000000,0.400000,198,127,198,129,198,17,52,0,0,0,0,0,129,129,0,0,0.000000,1.000000,43.482802,clear-ocean,30.000000,60.000000,0.151000,1537,4550481,1166.790000,5.104068,71,0,0,71,0,69,0,0,69,0,0,0,0,0,0,179,49,1,129,0,0,0,0,0,17,54,127,17,54,127,3.045988,213.705413,6531.844929,0.000000,0.000000,0.000000,0,0,0,5190951.381499,16.170564,131.985191,10307.564718,1639.494723,432.284674,278.948692,5187722.645412,5178438.261028,2350.728089,12513.120471,878.008000,0.031584,0.008328,0.005374,99.937801,0.016914,14.862651,9.547540,3.246477,36.173885,94,0.534908,16,0,0,100.000000,0.821603,100.000000,4248.162526,1116.329659,8481.658851,-0.000000,392.672631
22920.000000,contribution,optical,hardware,1,1,1,0,priority,0.000500,180,15,hybrid,0.050000,4000.000000,6.087000,52.000000,500.000000,500.000000,2.000000,120.000000,0.400000,198,127,198,129,198,17,52,0,0,0,0,0,129,129,0,0,0.000000,1.000000,43.482802,clear-ocean,30.000000,60.000000,0.151000,1537,4550481,1166.790000,5.090707,71,0,0,71,0,69,0,0,69,0,0,0,0,0,0,179,49,1,129,0,0,0,0,0,17,54,127,17,54,127,3.045988,213.705413,6531.844929,0.000000,0.000000,0.000000,0,0,0,5204548.482972,16.170564,131.985191,10307.564718,1643.630893,433.318717,279.178479,5201314.346885,5192029.962501,2356.128089,12518.520471,878.008000,0.031581,0.008326,0.005364,99.937859,0.016870,14.862651,9.547540,3.246477,36.079188,94,0.533508,16,0,0,100.000000,0.821603,100.000000,4248.162526,1113.407330,8567.765567,-0.000000,448.369605
22980.000000,contribution,optical,hardware,1,1,1,0,priority,0.000500,180,15,hybrid,0.050000,4000.000000,6.087000,52.000000,500.000000,500.000000,2.000000,120.000000,0.400000,198,127,198,129,198,17,52,0,0,0,0,0,129,129,0,0,0.000000,1.000000,43.482802,clear-ocean,30.000000,60.000000,0.151000,1537,4550481,1166.790000,5.077415,71,0,0,71,0,69,0,0,69,0,0,0,0,0,0,179,49,1,129,0,0,0,0,0,17,54,127,17,54,127,3.045988,213.705413,6531.844929,0.000000,0.000000,0.000000,0,0,0,5218145.584444,16.170564,131.985191,10307.564718,1647.767063,434.352759,279.408266,5214906.048357,5205621.663973,2361.528089,12523.920471,878.008000,0.031578,0.008324,0.005355,99.937918,0.016826,14.862651,9.547540,3.246477,35.984987,94,0.532115,16,0,0,100.000000,0.821603,100.000000,4248.162526,1110.500261,8653.872283,-0.000000,485.257350
23040.000000,contribution,optical,hardware,1,1,1,0,priority,0.000500,180,15,hybrid,0.050000,4000.000000,6.087000,52.000000,500.000000,500.000000,2.000000,120.000000,0.400000,198,127,198,129,198,17,52,0,0,0,0,0,129,129,0,0,0.000000,1.000000,43.482802,clear-ocean,30.000000,60.000000,0.151000,1537,4550481,1166.790000,5.064193,71,0,0,71,0,69,0,0,69,0,0,0,0,0,0,179,49,1,129,0,0,0,0,0,17,54,127,17,54,127,3.045988,213.705413,6531.844929,0.000000,0.000000,0.000000,0,0,0,5231742.685917,16.170564,131.985191,10307.564718,1651.903233,435.386802,279.638053,5228497.749830,5219213.365446,2366.928089,12529.320471,878.008000,0.031575,0.008322,0.005345,99.937976,0.016782,14.862651,9.547540,3.246477,35.891276,94,0.530729,16,0,0,100.000000,0.821603,100.000000,4248.162526,1107.608333,8739.978999,-0.000000,499.838204
23100.000000,contribution,optical,hardware,1,1,1,0,priority,0.000500,180,15,hybrid,0.050000,4000.000000,6.087000,52.000000,500.000000,500.000000,2.000000,120.000000,0.400000,198,127,198,129,198,17,52,0,0,0,0,0,129,129,0,0,0.000000,1.000000,43.482802,clear-ocean,30.000000,60.000000,0.151000,1537,4550481,1166.790000,5.051039,71,0,0,71,0,69,0,0,69,0,0,0,0,0,0,179,49,1,129,0,0,0,0,0,17,54,127,17,54,127,3.045988,213.705413,6531.844929,0.000000,0.000000,0.000000,0,0,0,5245339.787389,16.170564,131.985191,10307.564718,1656.039404,436.420845,279.867841,5242089.451302,5232805.066918,2372.328089,12534.720471,878.008000,0.031572,0.008320,0.005336,99.938034,0.016739,14.862651,9.547540,3.246477,35.798052,94,0.529351,16,0,0,100.000000,0.821603,100.000000,4248.162526,1104.731429,8826.085716,0.000000,490.729622
23160.000000,contribution,optical,hardware,1,1,1,0,priority,0.000500,180,15,hybrid,0.050000,4000.000000,6.087000,52.000000,500.000000,500.000000,2.000000,120.000000,0.400000,198,127,198,129,198,17,52,0,0,0,0,0,129,129,0,0,0.000000,1.000000,43.482802,clear-ocean,30.000000,60.000000,0.151000,1537,4550481,1166.790000,5.037953,71,0,0,71,0,69,0,0,69,0,0,0,0,0,0,179,49,1,129,0,0,0,0,0,17,54,127,17,54,127,3.045988,213.705413,6531.844929,0.000000,0.000000,0.000000,0,0,0,5258936.888862,16.170564,131.985191,10307.564718,1660.175574,437.454887,280.097628,5255681.152775,5246396.768391,2377.728089,12540.120471,878.008000,0.031569,0.008318,0.005326,99.938091,0.016696,14.862651,9.547540,3.246477,35.705311,94,0.527979,16,0,0,100.000000,0.821603,100.000000,4248.162526,1101.869430,8912.192432,0.000000,458.795274
23220.000000,contribution,optical,hardware,1,1,1,0,priority,0.000500,180,15,hybrid,0.050000,4000.000000,6.087000,52.000000,500.000000,500.000000,2.000000,120.000000,0.400000,198,127,198,129,198,17,52,0,0,0,0,0,129,129,0,0,0.000000,1.000000,43.482802,clear-ocean,30.000000,60.000000,0.151000,1537,4550481,1166.790000,5.024935,71,0,0,71,0,69,0,0,69,0,0,0,0,0,0,179,49,1,129,0,0,0,0,0,17,54,127,17,54,127,3.045988,213.705413,6531.844929,0.000000,0.000000,0.000000,0,0,0,5272533.990334,16.170564,131.985191,10307.564718,1664.311744,438.488930,280.327415,5269272.854247,5259988.469863,2383.128089,12545.520471,878.008000,0.031566,0.008316,0.005317,99.938149,0.016652,14.862651,9.547540,3.246477,35.613049,94,0.526615,16,0,0,100.000000,0.821603,100.000000,4248.162526,1099.022222,8998.299148,0.000000,407.063144
23280.000000,contribution,optical,hardware,1,1,1,0,priority,0.000500,180,15,hybrid,0.050000,4000.000000,6.087000,52.000000,500.000000,500.000000,2.000000,120.000000,0.400000,198,127,198,129,198,17,52,0,0,0,0,0,129,129,0,0,0.000000,1.000000,43.482802,clear-ocean,30.000000,60.000000,0.151000,1537,4550481,1166.790000,5.011985,71,0,0,71,0,69,0,0,69,0,0,0,0,0,0,179,49,1,129,0,0,0,0,0,17,54,127,17,54,127,3.045988,213.705413,6531.844929,0.000000,0.000000,0.000000,0,0,0,5286131.091807,16.170564,131.985191,10307.564718,1668.447914,439.522972,280.557202,5282864.555720,5273580.171336,2388.528089,12550.920471,878.008000,0.031563,0.008315,0.005307,99.938206,0.016610,14.862651,9.547540,3.246477,35.521263,94,0.525258,16,0,0,100.000000,0.821603,100.000000,4248.162526,1096.189691,9084.405864,0.000000,340.438428
23340.000000,contribution,optical,hardware,1,1,1,0,priority,0.000500,180,15,hybrid,0.050000,4000.000000,6.087000,52.000000,500.000000,500.000000,2.000000,120.000000,0.400000,198,127,198,129,198,17,52,0,0,0,0,0,129,129,0,0,0.000000,1.000000,43.482802,clear-ocean,30.000000,60.000000,0.151000,1537,4550481,1166.790000,4.999100,71,0,0,71,0,69,0,0,69,0,0,0,0,0,0,179,49,1,129,0,0,0,0,0,17,54,127,17,54,127,3.045988,213.705413,6531.844929,0.000000,0.000000,0.000000,0,0,0,5299728.193279,16.170564,131.985191,10307.564718,1672.584085,440.557015,280.786990,5296456.257192,5287171.872808,2393.928089,12556.320471,878.008000,0.031560,0.008313,0.005298,99.938262,0.016567,14.862651,9.547540,3.246477,35.429949,94,0.523907,16,0,0,100.000000,0.821603,100.000000,4248.162526,1093.371722,9170.512580,0.000000,265.238421
23400.000000,contribution,optical,hardware,1,1,1,0,priority,0.000500,180,15,hybrid,0.050000,4000.000000,6.087000,52.000000,500.000000,500.000000,2.000000,120.000000,0.400000,198,127,198,129,198,17,52,0,0,0,0,0,129,129,0,0,0.000000,1.000000,43.482802,clear-ocean,30.000000,60.000000,0.151000,1537,4550481,1166.790000,4.986282,71,0,0,71,0,69,0,0,69,0,0,0,0,0,0,179,49,1,129,0,0,0,0,0,17,54,127,17,54,127,3.045988,213.705413,6531.844929,0.000000,0.000000,0.000000,0,0,0,5313325.294752,16.170564,131.985191,10307.564718,1676.720255,441.591057,281.016777,5310047.958665,5300763.574281,2399.328089,12561.720471,878.008000,0.031557,0.008311,0.005289,99.938319,0.016525,14.862651,9.547540,3.246477,35.339103,94,0.522564,16,0,0,100.000000,0.821603,100.000000,4248.162526,1090.568205,9256.619296,0.000000,188.593520
23450.000000,contribution,optical,hardware,1,1,1,0,priority,0.000500,180,15,hybrid,0.050000,4000.000000,6.087000,52.000000,500.000000,500.000000,2.000000,120.000000,0.400000,198,127,198,129,198,17,52,0,0,0,0,0,129,129,0,0,0.000000,1.000000,43.482802,clear-ocean,30.000000,60.000000,0.151000,1537,4550481,1166.790000,4.975650,71,0,0,71,0,69,0,0,69,0,0,0,0,0,0,179,49,1,129,0,0,0,0,0,17,54,127,17,54,127,3.045988,213.705413,6531.844929,0.000000,0.000000,0.000000,0,0,0,5324656.212646,16.170564,131.985191,10307.564718,1680.167063,442.452759,281.208266,5321374.376559,5312089.992175,2403.828089,12566.220471,878.008000,0.031554,0.008310,0.005281,99.938365,0.016489,14.862651,9.547540,3.246477,35.263753,94,0.521450,16,0,0,100.000000,0.821603,100.000000,4248.162526,1088.242900,9328.374893,0.000000,128.874011
