time,protocol,auvCollectionMedium,energyModel,lowPayloadAtGateway,enableHighFallback,enableMediumFallback,matchHybridQueues,ddnBufferPolicy,nodeIdlePowerW,nodes,sinks,sinkPlacement,trafficLoad,trafficStop,auvSpeedKmh,txPowerMarginDb,ddnEomOffset,ddnDepth,highFallbackTimeout,mediumFallbackTimeout,mediumFallbackRhoMax,generated,gatewayOriginated,reachedDdn,collectedByAuv,delivered,directCriticalToSink,directMediumToSink,directLowToSink,bufferDropped,bufferDroppedHigh,bufferDroppedMedium,bufferDroppedLow,opticalTransfers,opticalAttempted,opticalLost,opticalPending,opticalLossPct,opticalMeanPktSuccess,opticalMeanSnrDb,opticalWaterType,opticalRange,opticalPointingCoherenceSeconds,opticalExtCoeff,acousticTransfers,acousticTxBytes,acousticTxAirtimeS,acousticTxAirtimePct,acousticSourceAttempts,acousticRetransmissions,acousticRetryExhausted,acousticAcks,acousticPending,directSourceAttempts,directRetransmissions,directCyclesExhausted,directAcks,directPending,mobileSourceAttempts,mobileRetransmissions,mobileContactFailures,mobileAcks,mobilePending,auvSurfaceSourceAttempts,auvSurfaceRetransmissions,auvSurfaceContactFailures,auvSurfaceAcks,auvSurfacePending,deadlineExpired,deadlineExpiredHigh,deadlineExpiredMedium,deadlineExpiredLow,highGenerated,mediumGenerated,lowGenerated,highDelivered,mediumDelivered,lowDelivered,highAvgDelay,mediumAvgDelay,lowAvgDelay,highMissRatio,mediumMissRatio,lowMissRatio,highDeadlineMiss,mediumDeadlineMiss,lowDeadlineMiss,energyConsumedJ,highEnergyJ,mediumEnergyJ,lowEnergyJ,bsnEnergyJ,drnEnergyJ,ddnEnergyJ,auvEnergyJ,auvOperationalEnergyJ,submergedEnergyJ,incrementalMissionEnergyJ,sinkEnergyJ,bsnEnergyPct,drnEnergyPct,ddnEnergyPct,auvEnergyPct,sinkEnergyPct,highEnergyMjByte,mediumEnergyMjByte,lowEnergyMjByte,meanDdnBuffered,maxDdnBuffered,meanAuvBuffered,maxAuvBuffered,ddnBuffered,auvBuffered,upstreamPdr,avgDelayAcoustic,pdr,avgDelay,throughputBps,auvX,auvY,auvZ
0.000000,contribution,optical,hardware,1,1,1,0,priority,0.000500,180,15,hybrid,0.050000,4000.000000,6.087000,52.000000,500.000000,500.000000,2.000000,240.000000,0.400000,0,0,0,0,0,0,0,0,0,0,0,0,0,0,0,0,0.000000,0.000000,0.000000,clear-ocean,30.000000,60.000000,0.151000,0,0,0.000000,0.000000,0,0,0,0,0,0,0,0,0,0,0,0,0,0,0,0,0,0,0,0,0,0,0,0,0,0,0,0,0,0,0.000000,0.000000,0.000000,0.000000,0.000000,0.000000,0,0,0,226.618358,0.000000,0.000000,0.000000,0.068936,0.017234,0.003830,226.528358,226.528358,0.090000,0.090000,0.000000,0.030419,0.007605,0.001690,99.960286,0.000000,0.000000,0.000000,0.000000,0.000000,0,0.000000,0,0,0,0.000000,0.000000,0.000000,0.000000,0.000000,875.000000,0.000000,0.000000
60.000000,contribution,optical,hardware,1,1,1,0,priority,0.000500,180,15,hybrid,0.050000,4000.000000,6.087000,52.000000,500.000000,500.000000,2.000000,240.000000,0.400000,2,2,2,0,0,0,0,0,0,0,0,0,0,0,0,0,0.000000,0.000000,0.000000,clear-ocean,30.000000,60.000000,0.151000,0,0,0.000000,0.000000,0,0,0,0,0,0,0,0,0,0,0,0,0,0,0,0,0,0,0,0,0,0,0,0,0,0,2,0,0,0,0.000000,0.000000,0.000000,0.000000,0.000000,100.000000,0,0,0,13597.101473,0.000000,0.000000,0.000000,4.136170,1.034043,0.229787,13591.701473,13591.701473,5.400000,5.400000,0.000000,0.030419,0.007605,0.001690,99.960286,0.000000,0.000000,0.000000,0.000000,1.733333,2,0.000000,0,2,0,100.000000,0.000000,0.000000,0.000000,0.000000,961.106716,-0.000000,11.852388
120.000000,contribution,optical,hardware,1,1,1,0,priority,0.000500,180,15,hybrid,0.050000,4000.000000,6.087000,52.000000,500.000000,500.000000,2.000000,240.000000,0.400000,6,3,6,0,0,0,0,0,0,0,0,0,0,0,0,0,0.000000,0.000000,0.000000,clear-ocean,30.000000,60.000000,0.151000,9,2673,0.685385,0.571154,3,0,0,3,0,0,0,0,0,0,0,0,0,0,0,0,0,0,0,0,0,0,0,0,0,3,3,0,0,0,0.000000,0.000000,0.000000,0.000000,100.000000,100.000000,0,0,0,27199.009945,0.000000,4.807000,0.000000,11.457802,3.591162,0.558036,27183.402945,27183.402945,15.607000,15.607000,0.000000,0.042126,0.013203,0.002052,99.942619,0.000000,0.000000,0.000000,0.000000,2.983333,6,0.000000,0,6,0,100.000000,0.809060,0.000000,0.000000,0.000000,1047.213432,-0.000000,46.285720
180.000000,contribution,optical,hardware,1,1,1,0,priority,0.000500,180,15,hybrid,0.050000,4000.000000,6.087000,52.000000,500.000000,500.000000,2.000000,240.000000,0.400000,10,6,10,0,0,0,0,0,0,0,0,0,0,0,0,0,0.000000,0.000000,0.000000,clear-ocean,30.000000,60.000000,0.151000,12,3564,0.913846,0.507692,4,0,0,4,0,0,0,0,0,0,0,0,0,0,0,0,0,0,0,0,0,0,0,0,0,4,6,0,0,0,0.000000,0.000000,0.000000,0.000000,100.000000,100.000000,0,0,0,40798.008623,0.000000,6.704205,0.000000,16.016100,6.026435,0.861669,40775.104418,40775.104418,22.904205,22.904205,0.000000,0.039257,0.014771,0.002112,99.943860,0.000000,0.000000,0.000000,0.000000,4.383333,10,0.000000,0,10,0,100.000000,0.871282,0.000000,0.000000,0.000000,1133.320148,-0.000000,100.035057
240.000000,contribution,optical,hardware,1,1,1,0,priority,0.000500,180,15,hybrid,0.050000,4000.000000,6.087000,52.000000,500.000000,500.000000,2.000000,240.000000,0.400000,13,7,13,0,1,1,0,0,0,0,0,0,0,0,0,0,0.000000,0.000000,0.000000,clear-ocean,30.000000,60.000000,0.151000,21,5469,1.402308,0.584295,6,0,0,6,0,1,0,0,1,0,0,0,0,0,0,0,0,0,0,0,0,0,0,0,1,5,7,1,0,0,2.998876,0.000000,0.000000,0.000000,100.000000,100.000000,0,0,0,54398.770070,0.993615,9.370564,0.000000,22.165065,8.286939,1.457816,54366.805890,54366.805890,31.909821,31.964179,0.054359,0.040746,0.015234,0.002680,99.941241,0.000100,15.525240,0.000000,0.000000,5.970833,12,0.000000,0,12,0,100.000000,0.929231,7.692308,2.998876,2.133333,1219.426865,-0.000000,168.003936
300.000000,contribution,optical,hardware,1,1,1,0,priority,0.000500,180,15,hybrid,0.050000,4000.000000,6.087000,52.000000,500.000000,500.000000,2.000000,240.000000,0.400000,15,8,15,0,1,1,0,0,0,0,0,0,0,0,0,0,0.000000,0.000000,0.000000,clear-ocean,30.000000,60.000000,0.151000,25,6657,1.706923,0.568974,7,0,0,7,0,1,0,0,1,0,0,0,0,0,0,0,0,0,0,0,0,0,0,0,1,6,8,1,0,0,2.998876,0.000000,0.000000,0.000000,100.000000,100.000000,0,0,0,67998.058132,0.993615,11.557154,0.000000,27.682902,10.052059,1.761449,67958.507363,67958.507363,39.496410,39.550769,0.054359,0.040711,0.014783,0.002590,99.941835,0.000080,15.525240,0.000000,0.000000,7.350000,14,0.000000,0,14,0,100.000000,0.953553,6.666667,2.998876,1.706667,1305.533581,-0.000000,243.747609
360.000000,contribution,optical,hardware,1,1,1,0,priority,0.000500,180,15,hybrid,0.050000,4000.000000,6.087000,52.000000,500.000000,500.000000,2.000000,240.000000,0.400000,16,9,16,0,2,1,1,0,0,0,0,0,0,0,0,0,0.000000,0.000000,0.000000,clear-ocean,30.000000,60.000000,0.151000,26,6954,1.783077,0.495299,7,0,0,7,0,2,0,0,2,0,0,0,0,0,0,0,0,0,0,0,0,0,0,0,1,6,9,1,1,0,2.998876,241.188595,0.000000,0.000000,83.333333,100.000000,0,0,0,81595.865861,0.993615,12.263410,0.000000,31.819073,11.086101,2.603749,81550.208835,81550.208835,45.508923,45.657026,0.148103,0.038996,0.013587,0.003191,99.944045,0.000182,15.525240,47.903946,0.000000,8.416667,14,0.000000,0,14,0,100.000000,0.953553,12.500000,122.093735,7.111111,1391.640297,-0.000000,320.084127
420.000000,contribution,optical,hardware,1,1,1,0,priority,0.000500,180,15,hybrid,0.050000,4000.000000,6.087000,52.000000,500.000000,500.000000,2.000000,240.000000,0.400000,20,11,20,0,3,1,2,0,0,0,0,0,0,0,0,0,0.000000,0.000000,0.000000,clear-ocean,30.000000,60.000000,0.151000,32,8736,2.240000,0.533333,9,0,0,9,0,3,0,0,3,0,0,0,0,0,0,0,0,0,0,0,0,0,0,0,1,8,11,1,2,0,2.998876,267.325628,0.000000,0.000000,75.000000,100.000000,0,0,0,95196.134385,0.993615,15.430462,0.000000,38.238807,12.241990,3.501434,95141.910308,95141.910308,53.982231,54.224077,0.241846,0.040168,0.012860,0.003678,99.943040,0.000254,15.525240,30.137620,0.000000,9.416667,17,0.000000,0,17,0,100.000000,0.868433,15.000000,179.216711,10.971429,1477.747013,-0.000000,389.775332
480.000000,contribution,optical,hardware,1,1,1,0,priority,0.000500,180,15,hybrid,0.050000,4000.000000,6.087000,52.000000,500.000000,500.000000,2.000000,240.000000,0.400000,21,12,21,0,4,1,3,0,0,0,0,0,0,0,0,0,0.000000,0.000000,0.000000,clear-ocean,30.000000,60.000000,0.151000,33,9033,2.316154,0.482532,9,0,0,9,0,4,0,0,4,0,0,0,0,0,0,0,0,0,0,0,0,0,0,0,1,8,12,1,3,0,2.998876,293.062599,0.000000,0.000000,62.500000,100.000000,0,0,0,108793.942113,0.993615,16.136718,0.000000,42.374977,13.276033,4.343734,108733.611780,108733.611780,59.994744,60.330333,0.335590,0.038950,0.012203,0.003993,99.944546,0.000308,15.525240,21.011351,0.000000,10.395833,18,0.000000,0,17,0,100.000000,0.868433,19.047619,220.546668,13.866667,1563.853729,-0.000000,446.213164
540.000000,contribution,optical,hardware,1,1,1,0,priority,0.000500,180,15,hybrid,0.050000,4000.000000,6.087000,52.000000,500.000000,500.000000,2.000000,240.000000,0.400000,24,14,24,0,6,2,4,0,0,0,0,0,0,0,0,0,0.000000,0.000000,0.000000,clear-ocean,30.000000,60.000000,0.151000,38,9750,2.500000,0.462963,10,0,0,10,0,6,0,0,6,0,0,0,0,0,0,0,0,0,0,0,0,0,0,0,2,8,14,2,4,0,3.072581,305.452691,0.000000,0.000000,50.000000,100.000000,0,0,0,122392.557560,1.801333,16.842974,0.000000,47.001737,14.331614,5.427265,122325.313253,122325.313253,66.760615,67.244308,0.483692,0.038402,0.011710,0.004434,99.945058,0.000395,14.072917,16.448217,0.000000,11.168519,19,0.000000,0,18,0,100.000000,0.820513,25.000000,204.659321,17.066667,1649.960445,-0.000000,484.046240
600.000000,contribution,optical,hardware,1,1,1,0,priority,0.000500,180,15,hybrid,0.050000,4000.000000,6.087000,52.000000,500.000000,500.000000,2.000000,240.000000,0.400000,29,16,28,14,11,3,5,0,0,0,0,0,14,14,0,0,0.000000,1.000000,43.062447,clear-ocean,30.000000,60.000000,0.151000,63,37695,9.665385,1.610897,14,1,0,12,1,8,0,0,8,0,0,0,0,0,0,4,0,0,3,1,0,0,0,0,5,8,16,3,8,0,2.973202,287.934573,0.000000,40.000000,0.000000,100.000000,0,0,0,136071.549183,4.691171,19.729440,76.113846,52.415241,16.593349,18.634834,135978.749657,135917.014725,87.643423,154.534457,5.156103,0.038520,0.012195,0.013695,99.931801,0.003789,24.433184,9.633516,0.000000,11.676667,19,0.175000,13,6,10,96.551724,0.784487,37.931034,210.217835,29.866667,1736.067161,-0.000000,499.687261
660.000000,contribution,optical,hardware,1,1,1,0,priority,0.000500,180,15,hybrid,0.050000,4000.000000,6.087000,52.000000,500.000000,500.000000,2.000000,240.000000,0.400000,33,19,33,16,17,4,5,0,0,0,0,0,16,16,0,0,0.000000,1.000000,45.202015,clear-ocean,30.000000,60.000000,0.151000,119,190887,48.945385,7.415967,17,3,0,14,0,9,0,0,9,0,0,0,0,0,0,10,1,0,8,1,0,0,0,0,6,8,19,4,8,5,2.898818,287.934573,302.046134,33.333333,0.000000,73.684211,0,0,0,150014.298801,7.508958,19.729440,418.944205,58.189513,18.381237,20.434052,149882.494203,149508.716198,97.004803,505.582603,34.799795,0.038789,0.012253,0.013621,99.912139,0.023198,29.331867,9.633516,3.351554,11.281818,19,0.910606,13,8,7,100.000000,3.548840,51.515152,225.017795,1543.078788,1822.173878,0.000000,491.653159
720.000000,contribution,optical,hardware,1,1,1,0,priority,0.000500,180,15,hybrid,0.050000,4000.000000,6.087000,52.000000,500.000000,500.000000,2.000000,240.000000,0.400000,33,19,33,16,20,4,5,0,0,0,0,0,16,16,0,0,0.000000,1.000000,45.202015,clear-ocean,30.000000,60.000000,0.151000,151,308583,79.123846,10.989423,17,3,0,14,0,9,0,0,9,0,0,0,0,0,0,15,3,0,11,1,0,0,0,0,6,8,19,4,8,8,2.898818,287.934573,259.638341,33.333333,0.000000,57.894737,0,0,0,163873.779966,7.508958,19.729440,681.323897,62.325684,19.415280,20.663839,163715.633214,163100.417670,102.404803,773.362295,55.741949,0.038033,0.011848,0.012610,99.903495,0.034015,29.331867,9.633516,3.406619,11.008333,19,1.265278,13,8,4,100.000000,3.548840,60.606061,219.608929,2247.822222,1908.280594,0.000000,460.705721
780.000000,contribution,optical,hardware,1,1,1,0,priority,0.000500,180,15,hybrid,0.050000,4000.000000,6.087000,52.000000,500.000000,500.000000,2.000000,240.000000,0.400000,39,24,39,16,25,4,5,0,0,0,0,0,16,16,0,0,0.000000,1.000000,45.202015,clear-ocean,30.000000,60.000000,0.151000,179,393987,101.022308,12.951578,18,3,0,15,0,9,0,0,9,0,0,0,0,0,0,20,4,0,16,0,0,0,0,0,6,9,24,6,8,11,54.846257,287.934573,229.697576,33.333333,11.111111,54.166667,2,0,0,177664.262105,8.055009,20.714825,873.173128,67.363751,20.510245,20.916191,177481.320328,176692.119143,108.790187,972.142962,74.151590,0.037916,0.011544,0.011773,99.897030,0.041737,20.976587,10.114660,3.175175,11.067949,19,1.267949,13,14,0,100.000000,3.342678,64.102564,206.369098,2845.456410,1994.387310,0.000000,409.779355
840.000000,contribution,optical,hardware,1,1,1,0,priority,0.000500,180,15,hybrid,0.050000,4000.000000,6.087000,52.000000,500.000000,500.000000,2.000000,240.000000,0.400000,42,25,42,16,25,4,5,0,0,0,0,0,16,16,0,0,0.000000,1.000000,45.202015,clear-ocean,30.000000,60.000000,0.151000,182,394878,101.250769,12.053663,20,3,0,17,0,9,0,0,9,0,0,0,0,0,0,20,4,0,16,0,0,0,0,0,6,11,25,6,8,11,54.846257,287.934573,229.697576,33.333333,27.272727,56.000000,2,0,0,191262.854577,8.055009,22.205825,873.173128,72.823947,21.666134,21.191106,191073.021800,190283.820615,115.681187,979.033962,74.151590,0.038075,0.011328,0.011080,99.900748,0.038769,20.976587,10.842688,3.175175,11.345238,19,1.177381,13,17,0,100.000000,2.989693,59.523810,206.369098,2642.209524,2080.494026,0.000000,343.702853
900.000000,contribution,optical,hardware,1,1,1,0,priority,0.000500,180,15,hybrid,0.050000,4000.000000,6.087000,52.000000,500.000000,500.000000,2.000000,240.000000,0.400000,43,26,43,16,25,4,5,0,0,0,0,0,16,16,0,0,0.000000,1.000000,45.202015,clear-ocean,30.000000,60.000000,0.151000,182,394878,101.250769,11.250085,20,3,0,17,0,9,0,0,9,0,0,0,0,0,0,20,4,0,16,0,0,0,0,0,6,11,26,6,8,11,54.846257,287.934573,229.697576,33.333333,27.272727,57.692308,2,0,0,204859.956050,8.055009,22.205825,873.173128,76.960117,22.700177,21.420893,204664.723273,203875.522088,121.081187,984.433962,74.151590,0.037567,0.011081,0.010456,99.904699,0.036196,20.976587,10.842688,3.175175,11.766667,19,1.098889,13,18,0,100.000000,2.989693,58.139535,206.369098,2466.062222,2166.600742,0.000000,268.741531
960.000000,contribution,optical,hardware,1,1,1,0,priority,0.000500,180,15,hybrid,0.050000,4000.000000,6.087000,52.000000,500.000000,500.000000,2.000000,240.000000,0.400000,46,27,46,16,26,5,5,0,0,0,0,0,16,16,0,0,0.000000,1.000000,45.202015,clear-ocean,30.000000,60.000000,0.151000,190,396486,101.663077,10.589904,22,3,0,19,0,10,0,0,10,0,0,0,0,0,0,20,4,0,16,0,0,0,0,0,7,12,27,7,8,11,47.407144,287.934573,229.697576,28.571429,33.333333,59.259259,2,0,0,218459.897984,8.940291,24.161004,873.173128,83.278698,24.053604,21.934988,218256.424745,217467.223560,129.267290,992.674424,74.205949,0.038121,0.011011,0.010041,99.906860,0.033968,19.956007,11.797365,3.175175,12.262500,21,1.030208,13,20,0,100.000000,2.753342,56.521739,198.538459,2312.466667,2252.707458,0.000000,192.003154
1020.000000,contribution,optical,hardware,1,1,1,0,priority,0.000500,180,15,hybrid,0.050000,4000.000000,6.087000,52.000000,500.000000,500.000000,2.000000,240.000000,0.400000,46,27,46,16,27,5,6,0,0,0,0,0,16,16,0,0,0.000000,1.000000,45.202015,clear-ocean,30.000000,60.000000,0.151000,191,396783,101.739231,9.974434,22,3,0,19,0,11,0,0,11,0,0,0,0,0,0,20,4,0,16,0,0,0,0,0,7,12,27,7,9,11,47.407144,282.759331,229.697576,28.571429,25.000000,59.259259,2,0,0,232057.705713,8.940291,24.867261,873.173128,87.414868,25.087646,22.777288,231848.126218,231058.925033,135.279803,998.780680,74.299692,0.037669,0.010811,0.009815,99.909686,0.032018,19.956007,10.793082,3.175175,12.693137,21,0.969608,13,19,0,100.000000,2.753342,58.695652,200.124345,2178.447059,2338.814174,0.000000,120.763985
1080.000000,contribution,optical,hardware,1,1,1,0,priority,0.000500,180,15,hybrid,0.050000,4000.000000,6.087000,52.000000,500.000000,500.000000,2.000000,240.000000,0.400000,49,30,49,16,28,5,7,0,0,0,0,0,16,16,0,0,0.000000,1.000000,45.202015,clear-ocean,30.000000,60.000000,0.151000,192,397080,101.815385,9.427350,22,3,0,19,0,12,0,0,12,0,0,0,0,0,0,20,4,0,16,0,0,0,0,0,7,12,30,7,10,11,47.407144,279.896435,229.697576,28.571429,16.666667,63.333333,2,0,0,245655.513442,8.940291,25.573517,873.173128,91.551038,26.121689,23.619588,245439.827690,244650.626505,141.292316,1004.886936,74.393436,0.037268,0.010633,0.009615,99.912200,0.030284,19.956007,9.989655,3.175175,13.115741,22,0.915741,13,21,0,100.000000,2.753342,57.142857,202.053132,2059.318519,2424.920891,0.000000,61.778860
1140.000000,contribution,optical,hardware,1,1,1,0,priority,0.000500,180,15,hybrid,0.050000,4000.000000,6.087000,52.000000,500.000000,500.000000,2.000000,240.000000,0.400000,53,33,53,16,29,5,8,0,0,0,0,0,16,16,0,0,0.000000,1.000000,45.202015,clear-ocean,30.000000,60.000000,0.151000,196,398268,102.120000,8.957895,23,3,0,20,0,13,0,0,13,0,0,0,0,0,0,20,4,0,16,0,0,0,0,0,7,13,33,7,11,11,47.407144,281.618427,229.697576,28.571429,15.384615,66.666667,2,0,0,259255.218376,8.940291,28.176978,873.173128,96.109337,28.556962,24.535735,259031.529163,258242.327978,149.202034,1012.890398,74.487179,0.037071,0.011015,0.009464,99.913719,0.028731,19.956007,10.006029,3.175175,13.633333,24,0.867544,13,24,0,100.000000,2.668572,54.716981,205.390553,1952.729825,2511.027607,0.000000,20.640695
1200.000000,contribution,optical,hardware,1,1,1,0,priority,0.000500,180,15,hybrid,0.050000,4000.000000,6.087000,52.000000,500.000000,500.000000,2.000000,240.000000,0.400000,56,35,56,16,30,5,9,0,0,0,0,0,16,16,0,0,0.000000,1.000000,45.202015,clear-ocean,30.000000,60.000000,0.151000,201,399753,102.500769,8.541731,24,3,0,21,0,14,0,0,14,0,0,0,0,0,0,20,4,0,16,0,0,0,0,0,7,14,35,7,12,11,47.407144,282.035362,229.697576,28.571429,14.285714,68.571429,2,0,0,272855.212694,8.940291,31.069825,873.173128,101.627173,30.322082,25.451881,272623.230635,271834.029450,157.401136,1021.183244,74.580923,0.037246,0.011113,0.009328,99.914980,0.027334,19.956007,10.113875,3.175175,14.208333,27,0.824167,13,26,0,100.000000,2.593854,53.571429,208.098256,1856.800000,2597.134323,0.000000,1.250174
1260.000000,contribution,optical,hardware,1,1,1,0,priority,0.000500,180,15,hybrid,0.050000,4000.000000,6.087000,52.000000,500.000000,500.000000,2.000000,240.000000,0.400000,58,37,58,16,30,5,9,0,0,0,0,0,16,16,0,0,0.000000,1.000000,45.202015,clear-ocean,30.000000,60.000000,0.151000,201,399753,102.500769,8.134982,24,3,0,21,0,14,0,0,14,0,0,0,0,0,0,20,4,0,16,0,0,0,0,0,7,14,37,7,12,11,47.407144,282.035362,229.697576,28.571429,14.285714,70.270270,2,0,0,286452.314167,8.940291,31.069825,873.173128,105.763344,31.356124,25.681668,286214.932108,285425.730923,162.801136,1026.583244,74.580923,0.036922,0.010946,0.008965,99.917130,0.026036,19.956007,10.113875,3.175175,14.807143,28,0.784921,13,28,0,100.000000,2.593854,51.724138,208.098256,1768.380952,2683.241039,-0.000000,5.445889
1320.000000,contribution,optical,hardware,1,1,1,0,priority,0.000500,180,15,hybrid,0.050000,4000.000000,6.087000,52.000000,500.000000,500.000000,2.000000,240.000000,0.400000,60,38,60,16,30,5,9,0,0,0,0,0,16,16,0,0,0.000000,1.000000,45.202015,clear-ocean,30.000000,60.000000,0.151000,203,400347,102.653077,7.776748,25,3,0,22,0,14,0,0,14,0,0,0,0,0,0,20,4,0,16,0,0,0,0,0,7,15,38,7,12,11,47.407144,282.035362,229.697576,28.571429,20.000000,71.052632,2,0,0,300050.401024,8.940291,32.055209,873.173128,110.801411,32.451090,25.934019,299806.633580,299017.432395,169.186521,1032.968629,74.580923,0.036928,0.010815,0.008643,99.918758,0.024856,19.956007,10.434638,3.175175,15.415909,30,0.749242,13,30,0,100.000000,2.496697,50.000000,208.098256,1688.000000,2769.347755,-0.000000,32.830006
1380.000000,contribution,optical,hardware,1,1,1,0,priority,0.000500,180,15,hybrid,0.050000,4000.000000,6.087000,52.000000,500.000000,500.000000,2.000000,240.000000,0.400000,63,40,63,16,31,5,10,0,0,0,0,0,16,16,0,0,0.000000,1.000000,45.202015,clear-ocean,30.000000,60.000000,0.151000,207,401535,102.957692,7.460702,26,3,0,23,0,15,0,0,15,0,0,0,0,0,0,20,4,0,16,0,0,0,0,0,7,16,40,7,13,11,47.407144,278.881137,229.697576,28.571429,18.750000,72.500000,2,0,0,313649.673907,8.940291,34.226619,873.173128,116.319248,33.546056,26.798884,313398.335053,312609.133868,176.664187,1040.540039,74.674667,0.037086,0.010695,0.008544,99.919866,0.023808,19.956007,10.284441,3.175175,16.141304,33,0.716667,13,32,0,100.000000,2.417911,49.206349,209.160585,1616.092754,2855.454471,-0.000000,80.805987
1440.000000,contribution,optical,hardware,1,1,1,0,priority,0.000500,180,15,hybrid,0.050000,4000.000000,6.087000,52.000000,500.000000,500.000000,2.000000,240.000000,0.400000,69,44,69,16,33,6,11,0,0,0,0,0,16,16,0,0,0.000000,1.000000,45.202015,clear-ocean,30.000000,60.000000,0.151000,215,403335,103.419231,7.181891,28,3,0,25,0,17,0,0,17,0,0,0,0,0,0,20,4,0,16,0,0,0,0,0,8,17,44,8,14,11,41.898529,279.104130,229.697576,25.000000,17.647059,75.000000,2,0,0,327250.152482,9.655958,36.888055,873.173128,122.468213,34.899483,27.925491,326990.036525,326200.835340,185.293187,1049.317142,74.822769,0.037423,0.010664,0.008533,99.920515,0.022864,18.859293,10.292426,3.175175,16.849306,36,0.686806,13,36,0,100.000000,2.278837,47.826087,205.130890,1550.533333,2941.561187,-0.000000,144.824794
1500.000000,contribution,optical,hardware,1,1,1,0,priority,0.000500,180,15,hybrid,0.050000,4000.000000,6.087000,52.000000,500.000000,500.000000,2.000000,240.000000,0.400000,71,45,71,16,34,7,11,0,0,0,0,0,16,16,0,0,0.000000,1.000000,45.202015,clear-ocean,30.000000,60.000000,0.151000,220,403860,103.553846,6.903590,29,3,0,26,0,18,0,0,18,0,0,0,0,0,0,20,4,0,16,0,0,0,0,0,9,17,45,9,14,11,37.550248,279.104130,229.697576,22.222222,17.647059,75.555556,2,0,0,340848.417185,10.819189,36.888055,873.173128,126.925358,36.428910,28.447791,340581.737998,339792.536813,191.802059,1055.880372,74.877128,0.037238,0.010688,0.008346,99.921760,0.021968,18.783314,10.292426,3.175175,17.654667,38,0.659333,13,37,0,100.000000,2.225509,47.887324,199.178923,1488.853333,3027.667904,-0.000000,218.816219
1560.000000,contribution,optical,hardware,1,1,1,0,priority,0.000500,180,15,hybrid,0.050000,4000.000000,6.087000,52.000000,500.000000,500.000000,2.000000,240.000000,0.400000,73,47,73,16,35,7,12,0,0,0,0,0,16,16,0,0,0.000000,1.000000,45.202015,clear-ocean,30.000000,60.000000,0.151000,221,404157,103.630000,6.642949,29,3,0,26,0,19,0,0,19,0,0,0,0,0,0,20,4,0,16,0,0,0,0,0,9,17,47,9,15,11,37.550248,276.540401,229.697576,22.222222,11.764706,76.595745,2,0,0,354446.224914,10.819189,37.594312,873.173128,131.061528,37.462953,29.290091,354173.439470,353384.238285,197.814572,1061.986629,74.970872,0.036976,0.010569,0.008264,99.923039,0.021152,18.783314,9.790185,3.175175,18.460897,39,0.633974,13,38,0,100.000000,2.225509,47.945205,200.363760,1432.902564,3113.774620,-0.000000,295.764462
1620.000000,contribution,optical,hardware,1,1,1,0,priority,0.000500,180,15,hybrid,0.050000,4000.000000,6.087000,52.000000,500.000000,500.000000,2.000000,240.000000,0.400000,77,49,77,16,36,7,13,0,0,0,0,0,16,16,0,0,0.000000,1.000000,45.202015,clear-ocean,30.000000,60.000000,0.151000,229,406533,104.239231,6.434520,31,3,0,28,0,20,0,0,20,0,0,0,0,0,0,20,4,0,16,0,0,0,0,0,9,19,49,9,16,11,37.550248,276.617128,229.697576,22.222222,15.789474,77.551020,2,0,0,368047.653617,10.819189,41.921543,873.173128,137.961032,39.288995,30.198033,367765.140943,366975.939758,207.448059,1071.713859,75.064615,0.037485,0.010675,0.008205,99.923240,0.020395,18.783314,10.234752,3.175175,19.270370,42,0.610494,13,41,0,100.000000,2.130262,46.753247,202.513878,1381.096296,3199.881336,-0.000000,368.373360
1680.000000,contribution,optical,hardware,1,1,1,0,priority,0.000500,180,15,hybrid,0.050000,4000.000000,6.087000,52.000000,500.000000,500.000000,2.000000,240.000000,0.400000,81,52,81,16,37,8,13,0,0,0,0,0,16,16,0,0,0.000000,1.000000,45.202015,clear-ocean,30.000000,60.000000,0.151000,231,406743,104.293077,6.207921,32,3,0,29,0,21,0,0,21,0,0,0,0,0,0,20,4,0,16,0,0,0,0,0,10,19,52,10,16,11,34.060130,276.617128,229.697576,20.000000,15.789474,78.846154,2,0,0,381645.223577,11.287676,41.921543,873.173128,142.248561,40.344576,30.669051,381356.842415,380567.641230,213.262187,1077.582347,75.118974,0.037272,0.010571,0.008036,99.924437,0.019683,17.636994,10.234752,3.175175,20.124405,45,0.588690,13,44,0,100.000000,2.061279,45.679012,197.112127,1332.076190,3285.988052,-0.000000,429.758202
1740.000000,contribution,optical,hardware,1,1,1,0,priority,0.000500,180,15,hybrid,0.050000,4000.000000,6.087000,52.000000,500.000000,500.000000,2.000000,240.000000,0.400000,86,56,86,16,38,8,14,0,0,0,0,0,16,16,0,0,0.000000,1.000000,45.202015,clear-ocean,30.000000,60.000000,0.151000,234,407634,104.521538,6.006985,33,3,0,30,0,22,0,0,22,0,0,0,0,0,0,20,4,0,16,0,0,0,0,0,10,20,56,10,17,11,34.060130,277.443496,229.697576,20.000000,15.000000,80.357143,2,0,0,395244.016691,11.287676,43.613184,873.173128,147.286628,41.439542,31.533915,394948.543888,394159.342703,220.260085,1084.673988,75.212718,0.037265,0.010485,0.007978,99.925243,0.019029,17.636994,10.021412,3.175175,20.973563,48,0.568391,13,48,0,100.000000,2.007783,44.186047,199.574055,1287.319540,3372.094768,-0.000000,474.098532
1800.000000,contribution,optical,hardware,1,1,1,0,priority,0.000500,180,15,hybrid,0.050000,4000.000000,6.087000,52.000000,500.000000,500.000000,2.000000,240.000000,0.400000,87,57,87,16,38,8,14,0,0,0,0,0,16,16,0,0,0.000000,1.000000,45.202015,clear-ocean,30.000000,60.000000,0.151000,234,407634,104.521538,5.806752,33,3,0,30,0,22,0,0,22,0,0,0,0,0,0,20,4,0,16,0,0,0,0,0,10,20,57,10,17,11,34.060130,277.443496,229.697576,20.000000,15.000000,80.701754,2,0,0,408841.118163,11.287676,43.613184,873.173128,151.422799,42.473584,31.763702,408540.245360,407751.044175,225.660085,1090.073988,75.212718,0.037037,0.010389,0.007769,99.926408,0.018397,17.636994,10.021412,3.175175,21.902778,49,0.549444,13,49,0,100.000000,2.007783,43.678161,199.574055,1244.408889,3458.201484,-0.000000,497.190040
1860.000000,contribution,optical,hardware,1,1,1,0,priority,0.000500,180,15,hybrid,0.050000,4000.000000,6.087000,52.000000,500.000000,500.000000,2.000000,240.000000,0.400000,90,60,90,30,42,8,15,0,0,0,0,0,30,30,0,0,0.000000,1.000000,44.411628,clear-ocean,30.000000,60.000000,0.151000,269,533901,136.897692,7.360091,33,3,0,30,0,23,0,0,23,0,0,0,0,0,0,25,5,0,19,1,0,0,0,0,10,20,60,10,18,14,34.060130,275.426082,433.772526,20.000000,10.000000,76.666667,2,0,0,422748.728354,11.287676,44.319440,1182.975590,155.558969,43.507627,49.406002,422401.556679,421342.745648,248.472598,1405.982706,98.699077,0.036797,0.010292,0.011687,99.917878,0.023347,17.636994,9.617934,3.379930,22.425269,49,0.848925,13,37,10,100.000000,2.007783,46.666667,270.740146,1527.948387,3544.308200,0.000000,496.843209
1920.000000,contribution,optical,hardware,1,1,1,0,priority,0.000500,180,15,hybrid,0.050000,4000.000000,6.087000,52.000000,500.000000,500.000000,2.000000,240.000000,0.400000,93,62,93,30,49,9,16,0,0,0,0,0,30,30,0,0,0.000000,1.000000,44.411628,clear-ocean,30.000000,60.000000,0.151000,318,686550,176.038462,9.168670,34,3,0,31,0,25,0,0,25,0,0,0,0,0,0,31,6,0,24,1,0,0,0,0,11,20,62,11,19,19,31.260008,274.975735,616.322671,18.181818,5.000000,69.354839,2,0,0,436689.480595,12.553214,45.025696,1524.654564,160.355344,44.800131,50.540815,436304.499177,434934.447120,255.696290,1755.033475,129.285128,0.036721,0.010259,0.011574,99.911841,0.029606,17.831270,9.256928,3.209799,22.892708,49,1.048958,13,38,5,100.000000,1.969964,52.688172,352.623057,2002.366667,3630.414917,0.000000,473.090927
1980.000000,contribution,optical,hardware,1,1,1,0,priority,0.000500,180,15,hybrid,0.050000,4000.000000,6.087000,52.000000,500.000000,500.000000,2.000000,240.000000,0.400000,99,63,99,30,53,9,17,0,0,0,0,0,30,30,0,0,0.000000,1.000000,44.411628,clear-ocean,30.000000,60.000000,0.151000,367,809463,207.554615,10.482556,39,3,0,36,0,26,0,0,26,0,0,0,0,0,0,36,8,0,27,1,0,0,0,0,11,25,63,11,20,22,31.260008,273.279886,670.508653,18.181818,20.000000,65.079365,2,0,0,450559.449452,12.553214,53.710927,1788.836718,169.960540,48.149250,51.577987,450138.592034,448526.148593,269.687777,2033.300860,151.169641,0.037722,0.010687,0.011448,99.906592,0.033552,17.831270,10.490415,3.252430,23.385859,49,1.123232,13,43,2,100.000000,1.806999,53.535354,387.936758,2245.753535,3716.521633,0.000000,428.185362
2040.000000,contribution,optical,hardware,1,1,1,0,priority,0.000500,180,15,hybrid,0.050000,4000.000000,6.087000,52.000000,500.000000,500.000000,2.000000,240.000000,0.400000,101,63,101,30,55,9,17,0,0,0,0,0,30,30,0,0,0.000000,1.000000,44.411628,clear-ocean,30.000000,60.000000,0.151000,400,919944,235.883077,11.562896,41,3,0,38,0,26,0,0,26,0,0,0,0,0,0,40,10,0,29,1,0,0,0,0,11,27,63,11,20,24,31.260008,273.279886,695.006809,18.181818,25.925926,61.904762,2,0,0,464405.584515,12.553214,54.722158,2036.859077,174.940967,49.305139,51.852902,463955.709302,462117.850065,276.099008,2287.734449,173.776205,0.037670,0.010617,0.011165,99.903129,0.037419,17.831270,10.687921,3.394765,23.996078,49,1.128431,13,45,0,100.000000,1.723904,54.455446,408.902204,2375.780392,3802.628349,0.000000,366.384420
2100.000000,contribution,optical,hardware,1,1,1,0,priority,0.000500,180,15,hybrid,0.050000,4000.000000,6.087000,52.000000,500.000000,500.000000,2.000000,240.000000,0.400000,104,65,104,30,57,10,17,0,0,0,0,0,30,30,0,0,0.000000,1.000000,44.411628,clear-ocean,30.000000,60.000000,0.151000,411,945651,242.474615,11.546410,42,3,0,39,0,27,0,0,27,0,0,0,0,0,0,41,11,0,30,0,0,0,0,0,12,27,65,12,20,25,28.875597,273.279886,706.125740,16.666667,25.925926,61.538462,2,0,0,478060.587654,13.360932,54.722158,2093.953026,179.567727,50.360720,52.323920,477599.284825,475709.551538,282.252367,2351.036116,179.050462,0.037562,0.010534,0.010945,99.903505,0.037454,17.397047,10.687921,3.350325,24.642381,49,1.096190,13,47,0,100.000000,1.689682,54.807692,411.671024,2403.382857,3888.735065,0.000000,293.548012
2160.000000,contribution,optical,hardware,1,1,1,0,priority,0.000500,180,15,hybrid,0.050000,4000.000000,6.087000,52.000000,500.000000,500.000000,2.000000,240.000000,0.400000,109,69,109,30,57,10,17,0,0,0,0,0,30,30,0,0,0.000000,1.000000,44.411628,clear-ocean,30.000000,60.000000,0.151000,415,946839,242.779231,11.239779,43,3,0,40,0,27,0,0,27,0,0,0,0,0,0,41,11,0,30,0,0,0,0,0,12,28,69,12,20,25,28.875597,273.279886,706.125740,16.666667,28.571429,63.768116,2,0,0,491659.875716,13.360932,56.908748,2093.953026,185.085564,52.125840,52.627554,491190.986298,489301.253011,289.838957,2358.622706,179.050462,0.037645,0.010602,0.010704,99.904631,0.036418,17.397047,11.114990,3.350325,25.334259,52,1.065741,13,52,0,100.000000,1.674927,52.293578,411.671024,2336.622222,3974.841781,0.000000,216.582421
2220.000000,contribution,optical,hardware,1,1,1,0,priority,0.000500,180,15,hybrid,0.050000,4000.000000,6.087000,52.000000,500.000000,500.000000,2.000000,240.000000,0.400000,111,70,111,30,58,10,18,0,0,0,0,0,30,30,0,0,0.000000,1.000000,44.411628,clear-ocean,30.000000,60.000000,0.151000,420,948324,243.160000,10.953153,44,3,0,41,0,28,0,0,28,0,0,0,0,0,0,41,11,0,30,0,0,0,0,0,12,29,70,12,21,25,28.875597,271.758081,706.125740,16.666667,27.586207,64.285714,2,0,0,505260.060419,13.360932,59.991978,2093.953026,190.123631,54.561113,53.543700,504782.687770,502892.954483,298.228444,2367.105936,179.144205,0.037629,0.010799,0.010597,99.905519,0.035456,17.397047,11.159222,3.350325,26.061712,53,1.036937,13,53,0,100.000000,1.665445,52.252252,408.733972,2274.392793,4060.948497,0.000000,142.785454
2280.000000,contribution,optical,hardware,1,1,1,0,priority,0.000500,180,15,hybrid,0.050000,4000.000000,6.087000,52.000000,500.000000,500.000000,2.000000,240.000000,0.400000,114,72,114,30,59,10,19,0,0,0,0,0,30,30,0,0,0.000000,1.000000,44.411628,clear-ocean,30.000000,60.000000,0.151000,426,950106,243.616923,10.684953,45,3,0,42,0,29,0,0,29,0,0,0,0,0,0,41,11,0,30,0,0,0,0,0,12,30,72,12,22,25,28.875597,272.911574,706.125740,16.666667,26.666667,65.277778,2,0,0,518860.534507,13.360932,63.364594,2093.953026,196.121237,56.326232,54.459846,518374.389243,516484.655956,306.907316,2375.878552,179.237949,0.037798,0.010856,0.010496,99.906305,0.034545,17.397047,11.250816,3.350325,26.779386,55,1.009649,13,55,0,100.000000,1.657403,51.754386,406.842462,2215.438596,4147.055213,0.000000,79.154475
2340.000000,contribution,optical,hardware,1,1,1,0,priority,0.000500,180,15,hybrid,0.050000,4000.000000,6.087000,52.000000,500.000000,500.000000,2.000000,240.000000,0.400000,118,75,118,30,60,10,20,0,0,0,0,0,30,30,0,0,0.000000,1.000000,44.411628,clear-ocean,30.000000,60.000000,0.151000,430,951294,243.921538,10.423997,46,3,0,43,0,30,0,0,30,0,0,0,0,0,0,41,11,0,30,0,0,0,0,0,12,31,75,12,23,25,28.875597,276.484412,706.125740,16.666667,25.806452,66.666667,2,0,0,532459.807390,13.360932,65.536004,2093.953026,201.639074,57.421198,55.324710,531966.090715,530076.357428,314.384982,2383.449962,179.331692,0.037869,0.010784,0.010390,99.907276,0.033680,17.397047,11.130435,3.350325,27.530342,58,0.983761,13,58,0,100.000000,1.634780,50.847458,405.979869,2159.507692,4233.161930,0.000000,31.722915
2400.000000,contribution,optical,hardware,1,1,1,0,priority,0.000500,180,15,hybrid,0.050000,4000.000000,6.087000,52.000000,500.000000,500.000000,2.000000,240.000000,0.400000,120,77,120,30,61,10,21,0,0,0,0,0,30,30,0,0,0.000000,1.000000,44.411628,clear-ocean,30.000000,60.000000,0.151000,431,951591,243.997692,10.166571,46,3,0,43,0,31,0,0,31,0,0,0,0,0,0,41,11,0,30,0,0,0,0,0,12,31,77,12,24,25,28.875597,282.091526,706.125740,16.666667,22.580645,67.532468,2,0,0,546057.615119,13.360932,66.242261,2093.953026,205.775244,58.455241,56.167010,545557.792188,543668.058901,320.397495,2389.556218,179.425436,0.037684,0.010705,0.010286,99.908467,0.032858,17.397047,10.781618,3.350325,28.313750,60,0.959167,13,59,0,100.000000,1.634780,50.833333,406.063070,2106.373333,4319.268646,0.000000,4.988194
2460.000000,contribution,optical,hardware,1,1,1,0,priority,0.000500,180,15,hybrid,0.050000,4000.000000,6.087000,52.000000,500.000000,500.000000,2.000000,240.000000,0.400000,125,81,125,30,62,10,22,0,0,0,0,0,30,30,0,0,0.000000,1.000000,44.411628,clear-ocean,30.000000,60.000000,0.151000,436,952308,244.181538,9.926079,47,3,0,44,0,32,0,0,32,0,0,0,0,0,0,41,11,0,30,0,0,0,0,0,13,31,81,12,25,25,28.875597,289.653041,706.125740,23.076923,19.354839,69.135802,2,0,0,559656.137412,14.075496,66.948517,2093.953026,210.571620,59.510822,57.042131,559149.493660,557259.760373,327.124572,2396.377039,179.519179,0.037625,0.010633,0.010192,99.909472,0.032077,18.327469,10.460706,3.350325,29.119919,63,0.935772,13,63,0,100.000000,1.609421,49.600000,407.112527,2055.830894,4405.375362,-0.000000,1.485272
2520.000000,contribution,optical,hardware,1,1,1,0,priority,0.000500,180,15,hybrid,0.050000,4000.000000,6.087000,52.000000,500.000000,500.000000,2.000000,240.000000,0.400000,131,85,131,30,64,11,23,0,0,0,0,0,30,30,0,0,0.000000,1.000000,44.411628,clear-ocean,30.000000,60.000000,0.151000,444,954492,244.741538,9.711966,49,3,0,46,0,34,0,0,34,0,0,0,0,0,0,41,11,0,30,0,0,0,0,0,13,33,85,13,26,25,26.844309,299.026360,706.125740,15.384615,21.212121,70.588235,2,0,0,573257.781167,14.348522,71.217773,2093.953026,216.031816,62.677172,58.209764,572741.195133,570851.461846,336.918752,2406.319321,179.667282,0.037685,0.010934,0.010154,99.909886,0.031341,17.245820,10.699786,3.350325,29.986111,68,0.913492,13,67,0,100.000000,1.581386,48.854962,402.762576,2007.898413,4491.482078,-0.000000,21.546295
2580.000000,contribution,optical,hardware,1,1,1,0,priority,0.000500,180,15,hybrid,0.050000,4000.000000,6.087000,52.000000,500.000000,500.000000,2.000000,240.000000,0.400000,136,90,136,30,64,11,23,0,0,0,0,0,30,30,0,0,0.000000,1.000000,44.411628,clear-ocean,30.000000,60.000000,0.151000,444,954492,244.741538,9.486106,49,3,0,46,0,34,0,0,34,0,0,0,0,0,0,41,11,0,30,0,0,0,0,0,13,33,90,13,26,25,26.844309,299.026360,706.125740,15.384615,21.212121,72.222222,2,0,0,586854.882639,14.348522,71.217773,2093.953026,220.167986,63.711214,58.439551,586332.896606,584443.163318,342.318752,2411.719321,179.667282,0.037517,0.010856,0.009958,99.911054,0.030615,17.245820,10.699786,3.350325,30.894574,71,0.892248,13,72,0,100.000000,1.581386,47.058824,402.762576,1961.203101,4577.588794,-0.000000,63.269094
2640.000000,contribution,optical,hardware,1,1,1,0,priority,0.000500,180,15,hybrid,0.050000,4000.000000,6.087000,52.000000,500.000000,500.000000,2.000000,240.000000,0.400000,137,90,137,30,65,11,24,0,0,0,0,0,30,30,0,0,0.000000,1.000000,44.411628,clear-ocean,30.000000,60.000000,0.151000,449,955977,245.122308,9.284936,50,3,0,47,0,35,0,0,35,0,0,0,0,0,0,41,11,0,30,0,0,0,0,0,13,34,90,13,27,25,26.844309,308.473428,706.125740,15.384615,20.588235,72.222222,2,0,0,600454.645548,14.348522,73.879209,2093.953026,226.165592,64.806180,59.314672,599924.598078,598034.864791,350.286444,2419.780757,179.761026,0.037666,0.010793,0.009878,99.911726,0.029937,17.245820,10.688543,3.350325,31.826136,72,0.871970,13,72,0,100.000000,1.567161,47.445255,405.090801,1917.406061,4663.695510,-0.000000,122.697550
2700.000000,contribution,optical,hardware,1,1,1,0,priority,0.000500,180,15,hybrid,0.050000,4000.000000,6.087000,52.000000,500.000000,500.000000,2.000000,240.000000,0.400000,139,90,139,30,67,12,25,0,0,0,0,0,30,30,0,0,0.000000,1.000000,44.411628,clear-ocean,30.000000,60.000000,0.151000,456,957288,245.458462,9.091054,52,3,0,49,0,37,0,0,37,0,0,0,0,0,0,41,11,0,30,0,0,0,0,0,14,35,90,14,28,25,25.136557,315.927837,706.125740,14.285714,20.000000,72.222222,2,0,0,614054.246379,15.156240,75.570850,2093.953026,231.694249,65.922684,60.420767,613516.299551,611626.566263,358.037700,2427.680116,179.909128,0.037732,0.010736,0.009840,99.912394,0.029299,16.915446,10.542808,3.350325,32.701852,72,0.852593,13,72,0,100.000000,1.520453,48.201439,400.761712,1875.745185,4749.802227,-0.000000,194.196710
2760.000000,contribution,optical,hardware,1,1,1,0,priority,0.000500,180,15,hybrid,0.050000,4000.000000,6.087000,52.000000,500.000000,500.000000,2.000000,240.000000,0.400000,143,93,143,30,68,12,26,0,0,0,0,0,30,30,0,0,0.000000,1.000000,44.411628,clear-ocean,30.000000,60.000000,0.151000,458,957882,245.610769,8.898941,53,3,0,50,0,38,0,0,38,0,0,0,0,0,0,41,11,0,30,0,0,0,0,0,14,36,93,14,29,25,25.136557,322.699075,706.125740,14.285714,19.444444,73.118280,2,0,0,627652.559723,15.156240,76.782722,2093.953026,236.252548,67.017650,61.285631,627108.001023,625218.267736,364.555829,2434.291988,180.002872,0.037641,0.010678,0.009764,99.913239,0.028679,16.915446,10.342500,3.350325,33.581884,75,0.834058,13,75,0,100.000000,1.494608,47.552448,402.401889,1835.710145,4835.908943,-0.000000,270.987089
2820.000000,contribution,optical,hardware,1,1,1,0,priority,0.000500,180,15,hybrid,0.050000,4000.000000,6.087000,52.000000,500.000000,500.000000,2.000000,240.000000,0.400000,147,97,147,30,69,12,27,0,0,0,0,0,30,30,0,0,0.000000,1.000000,44.411628,clear-ocean,30.000000,60.000000,0.151000,459,958179,245.686923,8.712302,53,3,0,50,0,39,0,0,39,0,0,0,0,0,0,41,11,0,30,0,0,0,0,0,14,36,97,14,30,25,25.136557,329.206520,706.125740,14.285714,16.666667,74.226804,2,0,0,641250.367452,15.156240,77.488978,2093.953026,240.388718,68.051692,62.127931,640699.702496,638809.969208,370.568341,2440.398244,180.096615,0.037487,0.010612,0.009689,99.914126,0.028085,16.915446,10.089711,3.350325,34.506383,78,0.816312,13,78,0,100.000000,1.494608,46.938776,404.076100,1797.378723,4922.015659,-0.000000,345.787490
2880.000000,contribution,optical,hardware,1,1,1,0,priority,0.000500,180,15,hybrid,0.050000,4000.000000,6.087000,52.000000,500.000000,500.000000,2.000000,240.000000,0.400000,148,97,148,30,70,12,28,0,0,0,0,0,30,30,0,0,0.000000,1.000000,44.411628,clear-ocean,30.000000,60.000000,0.151000,464,959664,246.067692,8.544017,54,3,0,51,0,40,0,0,40,0,0,0,0,0,0,41,11,0,30,0,0,0,0,0,14,37,97,14,31,25,25.136557,335.195832,706.125740,14.285714,16.216216,74.226804,2,0,0,654850.130361,15.156240,80.150414,2093.953026,246.386324,69.146658,63.003052,654291.403968,652401.670681,378.536034,2448.459680,180.190359,0.037625,0.010559,0.009621,99.914679,0.027516,16.915446,10.099599,3.350325,35.420486,79,0.799306,13,78,0,100.000000,1.483201,47.297297,405.658944,1760.644444,5008.122375,-0.000000,411.505408
2940.000000,contribution,optical,hardware,1,1,1,0,priority,0.000500,180,15,hybrid,0.050000,4000.000000,6.087000,52.000000,500.000000,500.000000,2.000000,240.000000,0.400000,151,98,151,30,71,12,29,0,0,0,0,0,30,30,0,0,0.000000,1.000000,44.411628,clear-ocean,30.000000,60.000000,0.151000,471,961743,246.600769,8.387781,56,3,0,53,0,41,0,0,41,0,0,0,0,0,0,41,11,0,30,0,0,0,0,0,14,39,98,14,32,25,25.136557,338.934706,706.125740,14.285714,17.948718,74.489796,2,0,0,668451.310705,15.156240,84.229286,2093.953026,252.326289,71.642854,63.952018,667883.105441,665993.372153,387.921162,2457.938552,180.284103,0.037748,0.010718,0.009567,99.914997,0.026970,16.915446,10.281895,3.350325,36.312925,80,0.782993,13,80,0,100.000000,1.460110,47.019868,406.351632,1725.409524,5094.229091,-0.000000,461.909527
3000.000000,contribution,optical,hardware,1,1,1,0,priority,0.000500,180,15,hybrid,0.050000,4000.000000,6.087000,52.000000,500.000000,500.000000,2.000000,240.000000,0.400000,153,99,153,30,73,13,30,0,0,0,0,0,30,30,0,0,0.000000,1.000000,44.411628,clear-ocean,30.000000,60.000000,0.151000,478,962670,246.838462,8.227949,57,3,0,54,0,43,0,0,43,0,0,0,0,0,0,41,11,0,30,0,0,0,0,0,15,39,99,15,33,25,23.687008,343.752195,706.125740,13.333333,15.384615,74.747475,2,0,0,682050.383972,16.421778,84.935543,2093.953026,257.122664,72.935358,65.086831,681474.806913,679585.073626,395.144854,2465.310347,180.432205,0.037698,0.010694,0.009543,99.915611,0.026454,17.106019,10.053923,3.350325,37.193000,81,0.767333,13,80,0,100.000000,1.448541,47.712418,402.085905,1691.754667,5180.335807,-0.000000,492.220574
3060.000000,contribution,optical,hardware,1,1,1,0,priority,0.000500,180,15,hybrid,0.050000,4000.000000,6.087000,52.000000,500.000000,500.000000,2.000000,240.000000,0.400000,153,99,153,44,77,13,31,0,0,0,0,0,44,44,0,0,0.000000,1.000000,43.925699,clear-ocean,30.000000,60.000000,0.151000,507,1064115,272.850000,8.916667,57,3,0,54,0,44,0,0,44,0,0,0,0,0,0,45,11,0,33,1,0,0,0,0,15,39,99,15,34,28,23.687008,347.248404,834.713798,13.333333,12.820513,71.717172,2,0,0,695902.738778,16.421778,85.641799,2348.500103,261.258835,73.969401,82.729131,695285.201309,693176.775098,417.957367,2725.963680,199.580103,0.037542,0.010629,0.011888,99.911261,0.028679,17.106019,9.839361,3.355000,37.888235,81,0.869935,13,65,10,100.000000,1.448541,50.326797,461.477106,1855.330719,5266.442523,0.000000,499.564484
3120.000000,contribution,optical,hardware,1,1,1,0,priority,0.000500,180,15,hybrid,0.050000,4000.000000,6.087000,52.000000,500.000000,500.000000,2.000000,240.000000,0.400000,155,99,155,44,84,14,32,0,0,0,0,0,44,44,0,0,0.000000,1.000000,43.925699,clear-ocean,30.000000,60.000000,0.151000,559,1217847,312.268462,10.008605,59,3,0,56,0,46,0,0,46,0,0,0,0,0,0,51,12,0,38,1,0,0,0,0,16,40,99,16,35,33,22.359624,345.665815,986.462434,12.500000,12.500000,66.666667,2,0,0,709846.614302,17.585009,88.725030,2691.027692,266.617877,76.900059,83.937790,709188.143807,706768.476571,427.455726,3078.137731,231.014769,0.037560,0.010833,0.011825,99.907238,0.032544,17.172861,9.902347,3.261852,38.428526,81,1.010256,13,65,5,100.000000,1.435708,54.193548,535.825212,2140.984615,5352.549240,0.000000,483.244912
3180.000000,contribution,optical,hardware,1,1,1,0,priority,0.000500,180,15,hybrid,0.050000,4000.000000,6.087000,52.000000,500.000000,500.000000,2.000000,240.000000,0.400000,157,100,157,44,90,14,32,0,0,0,0,0,44,44,0,0,0.000000,1.000000,43.925699,clear-ocean,30.000000,60.000000,0.151000,599,1345767,345.068462,10.851209,60,3,0,57,0,46,0,0,46,0,0,0,0,0,0,56,12,0,44,0,0,0,0,0,16,41,100,16,35,39,22.359624,345.665815,1100.286541,12.500000,14.634146,61.000000,2,0,0,723732.831980,17.585009,91.391389,2977.477538,272.615483,78.665178,84.241424,723039.218818,720360.178043,435.522085,3372.653936,258.091077,0.037668,0.010869,0.011640,99.904162,0.035661,17.172861,10.199932,3.053823,38.948742,81,1.019497,13,67,0,100.000000,1.433813,57.324841,615.191473,2477.947170,5438.655956,0.000000,444.809266
3240.000000,contribution,optical,hardware,1,1,1,0,priority,0.000500,180,15,hybrid,0.050000,4000.000000,6.087000,52.000000,500.000000,500.000000,2.000000,240.000000,0.400000,159,102,159,44,91,14,33,0,0,0,0,0,44,44,0,0,0.000000,1.000000,43.925699,clear-ocean,30.000000,60.000000,0.151000,600,1346064,345.144615,10.652612,60,3,0,57,0,47,0,0,47,0,0,0,0,0,0,56,12,0,44,0,0,0,0,0,16,41,102,16,36,39,22.359624,344.299890,1100.286541,12.500000,12.195122,61.764706,2,0,0,737330.639709,17.585009,92.097645,2977.477538,276.751653,79.699221,85.083724,736630.920290,733951.879516,441.534598,3378.760193,258.184821,0.037534,0.010809,0.011539,99.905101,0.035016,17.172861,9.993234,3.053823,39.478704,81,1.000617,13,68,0,100.000000,1.433813,57.232704,611.689287,2432.691358,5524.762672,0.000000,387.901981
3300.000000,contribution,optical,hardware,1,1,1,0,priority,0.000500,180,15,hybrid,0.050000,4000.000000,6.087000,52.000000,500.000000,500.000000,2.000000,240.000000,0.400000,161,102,161,44,92,14,34,0,0,0,0,0,44,44,0,0,0.000000,1.000000,43.925699,clear-ocean,30.000000,60.000000,0.151000,607,1348143,345.677692,10.475082,62,3,0,59,0,48,0,0,48,0,0,0,0,0,0,56,12,0,44,0,0,0,0,0,16,43,102,16,37,39,22.359624,343.627575,1100.286541,12.500000,13.953488,61.764706,2,0,0,750931.588643,17.585009,95.945107,2977.477538,283.171387,81.525264,85.991665,750222.621763,747543.580988,450.688316,3388.007654,258.278564,0.037709,0.010857,0.011451,99.905588,0.034394,17.172861,10.129340,3.053823,39.987879,81,0.982424,13,69,0,100.000000,1.411580,57.142857,608.512493,2389.081212,5610.869388,0.000000,317.918952
3360.000000,contribution,optical,hardware,1,1,1,0,priority,0.000500,180,15,hybrid,0.050000,4000.000000,6.087000,52.000000,500.000000,500.000000,2.000000,240.000000,0.400000,165,106,165,44,93,14,35,0,0,0,0,0,44,44,0,0,0.000000,1.000000,43.925699,clear-ocean,30.000000,60.000000,0.151000,608,1348440,345.753846,10.290293,62,3,0,59,0,49,0,0,49,0,0,0,0,0,0,56,12,0,44,0,0,0,0,0,16,43,106,16,38,39,22.359624,341.396731,1100.286541,12.500000,11.627907,63.207547,2,0,0,764529.396372,17.585009,96.651363,2977.477538,287.307558,82.559306,86.833965,763814.323235,761135.282461,456.700829,3394.113911,258.372308,0.037580,0.010799,0.011358,99.906469,0.033795,17.172861,9.935379,3.053823,40.533929,81,0.964881,13,72,0,100.000000,1.411580,56.363636,604.752740,2347.028571,5696.976104,0.000000,241.495910
3420.000000,contribution,optical,hardware,1,1,1,0,priority,0.000500,180,15,hybrid,0.050000,4000.000000,6.087000,52.000000,500.000000,500.000000,2.000000,240.000000,0.400000,170,109,170,44,93,14,35,0,0,0,0,0,44,44,0,0,0.000000,1.000000,43.925699,clear-ocean,30.000000,60.000000,0.151000,614,1350222,346.210769,10.123122,64,3,0,61,0,49,0,0,49,0,0,0,0,0,0,56,12,0,44,0,1,0,1,0,16,45,109,16,38,39,22.359624,341.396731,1100.286541,12.500000,15.555556,64.220183,2,0,0,778129.639049,17.585009,99.792568,2977.477538,293.727292,84.385349,87.129393,777406.024708,774726.983933,465.242034,3402.655116,258.372308,0.037748,0.010845,0.011197,99.907006,0.033204,17.172861,10.258282,3.053823,41.126023,81,0.947953,13,76,0,100.000000,1.390806,54.705882,604.752740,2305.852632,5783.082820,0.000000,165.879217
3480.000000,contribution,optical,hardware,1,1,1,0,priority,0.000500,180,15,hybrid,0.050000,4000.000000,6.087000,52.000000,500.000000,500.000000,2.000000,240.000000,0.400000,174,113,174,44,94,14,36,0,0,0,0,0,44,44,0,0,0.000000,1.000000,43.925699,clear-ocean,30.000000,60.000000,0.151000,615,1350519,346.286923,9.950774,64,3,0,61,0,50,0,0,50,0,0,0,0,0,0,56,12,0,44,0,1,0,1,0,16,45,113,16,39,39,22.359624,340.217651,1100.286541,12.500000,13.333333,65.486726,2,0,0,791727.446778,17.585009,100.498825,2977.477538,297.863462,85.419391,87.971693,790997.726180,788318.685406,471.254546,3408.761372,258.466051,0.037622,0.010789,0.011111,99.907832,0.032646,17.172861,10.065988,3.053823,41.774138,81,0.931609,13,79,0,100.000000,1.390806,54.022989,601.461888,2266.685057,5869.189536,0.000000,98.238782
3540.000000,contribution,optical,hardware,1,1,1,0,priority,0.000500,180,15,hybrid,0.050000,4000.000000,6.087000,52.000000,500.000000,500.000000,2.000000,240.000000,0.400000,174,113,174,44,94,14,36,0,0,0,0,0,44,44,0,0,0.000000,1.000000,43.925699,clear-ocean,30.000000,60.000000,0.151000,615,1350519,346.286923,9.782116,64,3,0,61,0,50,0,0,50,0,0,0,0,0,0,56,12,0,44,0,2,0,2,0,16,45,113,16,39,39,22.359624,340.217651,1100.286541,12.500000,13.333333,65.486726,2,0,0,805324.548251,17.585009,100.498825,2977.477538,301.999632,86.453434,88.201480,804589.427653,801910.386878,476.654546,3414.161372,258.466051,0.037500,0.010735,0.010952,99.908717,0.032095,17.172861,10.065988,3.053823,42.399718,81,0.915819,13,78,0,100.000000,1.390806,54.022989,601.461888,2228.266667,5955.296253,0.000000,44.988210
3600.000000,contribution,optical,hardware,1,1,1,0,priority,0.000500,180,15,hybrid,0.050000,4000.000000,6.087000,52.000000,500.000000,500.000000,2.000000,240.000000,0.400000,176,114,176,44,96,15,37,0,0,0,0,0,44,44,0,0,0.000000,1.000000,43.925699,clear-ocean,30.000000,60.000000,0.151000,621,1351341,346.497692,9.624936,65,3,0,62,0,52,0,0,52,0,0,0,0,0,0,56,12,0,44,0,2,0,2,0,17,45,114,17,40,39,21.203299,339.234028,1100.286541,11.764706,11.111111,65.789474,2,0,0,818923.519210,18.748240,101.205081,2977.477538,306.456777,87.982861,89.336293,818181.129126,815502.088351,483.775931,3421.430859,258.614154,0.037422,0.010744,0.010909,99.909346,0.031580,17.231838,9.883309,3.053823,42.990556,81,0.900556,13,78,0,100.000000,1.382765,54.545455,592.093670,2191.840000,6041.402969,0.000000,11.176673
3660.000000,contribution,optical,hardware,1,1,1,0,priority,0.000500,180,15,hybrid,0.050000,4000.000000,6.087000,52.000000,500.000000,500.000000,2.000000,240.000000,0.400000,179,114,179,44,99,17,38,0,0,0,0,0,44,44,0,0,0.000000,1.000000,43.925699,clear-ocean,30.000000,60.000000,0.151000,636,1353684,347.098462,9.483565,68,3,0,65,0,55,0,0,55,0,0,0,0,0,0,56,12,0,44,0,2,0,2,0,19,46,114,19,41,39,19.262424,339.736617,1100.286541,10.526316,10.869565,65.789474,2,0,0,832525.354196,21.109702,103.577132,2977.477538,312.645639,90.264903,90.796440,831772.830598,829093.789823,493.706982,3431.564372,258.816615,0.037554,0.010842,0.010906,99.909610,0.031088,17.359952,9.868248,3.053823,43.577869,81,0.885792,13,78,0,100.000000,1.356058,55.307263,577.842045,2156.747541,6127.509685,-0.000000,0.010149
3720.000000,contribution,optical,hardware,1,1,1,0,priority,0.000500,180,15,hybrid,0.050000,4000.000000,6.087000,52.000000,500.000000,500.000000,2.000000,240.000000,0.400000,185,118,185,44,100,18,38,0,0,0,0,0,44,44,0,0,0.000000,1.000000,43.925699,clear-ocean,30.000000,60.000000,0.151000,643,1355187,347.483846,9.340964,70,3,0,67,0,56,0,0,56,0,0,0,0,0,0,56,12,0,44,0,2,0,2,0,20,47,118,20,41,39,18.435473,339.736617,1100.286541,10.000000,12.765957,66.949153,2,0,0,846125.126514,21.825368,105.532312,2977.477538,318.794604,91.618331,91.310534,845364.532071,842685.491296,501.723470,3439.635218,258.870974,0.037677,0.010828,0.010792,99.910109,0.030595,17.051069,10.054527,3.053823,44.161022,83,0.871505,13,83,0,100.000000,1.335862,54.054054,572.090858,2122.098925,6213.616401,-0.000000,12.547440
3780.000000,contribution,optical,hardware,1,1,1,0,priority,0.000500,180,15,hybrid,0.050000,4000.000000,6.087000,52.000000,500.000000,500.000000,2.000000,240.000000,0.400000,195,123,195,44,103,20,39,0,0,0,0,0,44,44,0,0,0.000000,1.000000,43.925699,clear-ocean,30.000000,60.000000,0.151000,663,1359591,348.613077,9.222568,75,3,0,72,0,59,0,0,59,0,0,0,0,0,0,56,12,0,44,0,2,0,2,0,22,50,123,22,42,39,17.008314,339.589133,1100.286541,9.090909,16.000000,68.292683,2,0,0,859730.774551,23.626702,112.277543,2977.477538,327.237954,95.362527,92.867091,858956.233543,856277.192769,515.467572,3453.581783,259.073436,0.038063,0.011092,0.010802,99.909909,0.030134,16.780328,10.442480,3.053823,44.820899,90,0.857672,13,90,0,100.000000,1.301733,52.820513,558.719433,2089.227513,6299.723117,-0.000000,47.599769
3840.000000,contribution,optical,hardware,1,1,1,0,priority,0.000500,180,15,hybrid,0.050000,4000.000000,6.087000,52.000000,500.000000,500.000000,2.000000,240.000000,0.400000,196,124,196,44,104,20,40,0,0,0,0,0,44,44,0,0,0.000000,1.000000,43.925699,clear-ocean,30.000000,60.000000,0.151000,664,1359888,348.689231,9.080449,75,3,0,72,0,60,0,0,60,0,0,0,0,0,0,56,12,0,44,0,2,0,2,0,22,50,124,22,43,39,17.008314,340.965901,1100.286541,9.090909,14.000000,68.548387,2,0,0,873328.582280,23.626702,112.983799,2977.477538,331.374124,96.396570,93.709391,872547.935016,869868.894241,521.480085,3459.688039,259.167179,0.037944,0.011038,0.010730,99.910612,0.029676,16.780328,10.263790,3.053823,45.528385,91,0.844271,13,90,0,100.000000,1.301733,53.061224,557.181651,2057.116667,6385.829833,-0.000000,101.843508
3900.000000,contribution,optical,hardware,1,1,1,0,priority,0.000500,180,15,hybrid,0.050000,4000.000000,6.087000,52.000000,500.000000,500.000000,2.000000,240.000000,0.400000,198,125,198,44,106,21,41,0,0,0,0,0,44,44,0,0,0.000000,1.000000,43.925699,clear-ocean,30.000000,60.000000,0.151000,670,1360710,348.900000,8.946154,76,3,0,73,0,62,0,0,62,0,0,0,0,0,0,56,12,0,44,0,2,0,2,0,23,50,125,23,44,39,16.399125,338.821938,1100.286541,8.695652,12.000000,68.800000,2,0,0,886927.485932,24.722625,113.690055,2977.477538,336.000884,97.689074,94.844204,886139.636488,883460.595714,528.534162,3466.890218,259.315282,0.037884,0.011014,0.010694,99.911171,0.029237,16.795261,10.093222,3.053823,46.209231,91,0.831282,13,90,0,100.000000,1.293567,53.535354,549.023776,2026.125128,6471.936549,-0.000000,170.135312
3960.000000,contribution,optical,hardware,1,1,1,0,priority,0.000500,180,15,hybrid,0.050000,4000.000000,6.087000,52.000000,500.000000,500.000000,2.000000,240.000000,0.400000,201,128,201,44,107,21,42,0,0,0,0,0,44,44,0,0,0.000000,1.000000,43.925699,clear-ocean,30.000000,60.000000,0.151000,671,1361007,348.976154,8.812529,76,3,0,73,0,63,0,0,63,0,0,0,0,0,0,56,12,0,44,0,2,0,2,0,23,50,128,23,45,39,16.399125,336.668332,1100.286541,8.695652,10.000000,69.531250,2,0,0,900525.293661,24.722625,114.396312,2977.477538,340.137055,98.723116,95.686504,899731.337961,897052.297186,534.546675,3472.996475,259.409026,0.037771,0.010963,0.010626,99.911834,0.028806,16.795261,9.930235,3.053823,46.888131,92,0.818687,13,92,0,100.000000,1.293567,53.233831,546.153550,1995.943434,6558.043266,-0.000000,245.999815
4020.000000,contribution,optical,hardware,1,1,1,0,priority,0.000500,180,15,hybrid,0.050000,4000.000000,6.087000,52.000000,500.000000,500.000000,2.000000,240.000000,0.400000,205,130,205,44,108,21,43,0,0,0,0,0,44,44,0,0,0.000000,1.000000,43.925699,clear-ocean,30.000000,60.000000,0.151000,676,1362492,349.356923,8.690471,78,3,0,75,0,64,0,0,64,0,0,0,0,0,0,56,12,0,44,0,2,0,2,0,23,52,130,23,46,39,16.399125,334.789345,1100.286541,8.695652,11.538462,70.000000,2,0,0,914125.072159,24.722625,117.073337,2977.477538,346.077020,99.879005,96.573932,913323.039433,910643.998659,542.529957,3481.073500,259.502769,0.037859,0.010926,0.010565,99.912262,0.028388,16.795261,9.941690,3.053823,47.585821,95,0.806468,13,95,0,100.000000,1.271243,52.682927,543.413564,1966.662687,6644.149982,-0.000000,322.243612
4080.000000,contribution,optical,hardware,1,1,1,0,priority,0.000500,180,15,hybrid,0.050000,4000.000000,6.087000,52.000000,500.000000,500.000000,2.000000,240.000000,0.400000,205,130,205,44,109,21,44,0,0,0,0,0,44,44,0,0,0.000000,1.000000,43.925699,clear-ocean,30.000000,60.000000,0.151000,677,1362789,349.433077,8.564536,78,3,0,75,0,65,0,0,65,0,0,0,0,0,0,56,12,0,44,0,2,0,2,0,23,52,130,23,47,39,16.399125,334.073106,1100.286541,8.695652,9.615385,70.000000,2,0,0,927722.879888,24.722625,117.779594,2977.477538,350.213190,100.913047,97.416232,926914.740906,924235.700131,548.542470,3487.179757,259.596513,0.037750,0.010877,0.010501,99.912890,0.027982,16.795261,9.788863,3.053823,48.277451,95,0.794608,13,94,0,100.000000,1.271243,53.170732,541.190743,1938.243137,6730.256698,-0.000000,391.637334
4140.000000,contribution,optical,hardware,1,1,1,0,priority,0.000500,180,15,hybrid,0.050000,4000.000000,6.087000,52.000000,500.000000,500.000000,2.000000,240.000000,0.400000,205,130,205,44,110,21,45,0,0,0,0,0,44,44,0,0,0.000000,1.000000,43.925699,clear-ocean,30.000000,60.000000,0.151000,678,1363086,349.509231,8.442252,78,3,0,75,0,66,0,0,66,0,0,0,0,0,0,56,12,0,44,0,2,0,2,0,23,52,130,23,48,39,16.399125,334.615118,1100.286541,8.695652,7.692308,70.000000,2,0,0,941320.687617,24.722625,118.485850,2977.477538,354.349360,101.947090,98.258532,940506.442378,937827.401604,554.554982,3493.286013,259.690256,0.037644,0.010830,0.010438,99.913500,0.027588,16.795261,9.642403,3.053823,48.936232,95,0.783092,13,93,0,100.000000,1.271243,53.658537,539.544369,1910.647343,6816.363414,-0.000000,447.601131
4200.000000,contribution,optical,hardware,1,1,1,0,priority,0.000500,180,15,hybrid,0.050000,4000.000000,6.087000,52.000000,500.000000,500.000000,2.000000,240.000000,0.400000,205,130,205,44,110,21,45,0,0,0,0,0,44,44,0,0,0.000000,1.000000,43.925699,clear-ocean,30.000000,60.000000,0.151000,678,1363086,349.509231,8.321648,78,3,0,75,0,66,0,0,66,0,0,0,0,0,0,56,12,0,44,0,2,0,2,0,23,52,130,23,48,39,16.399125,334.615118,1100.286541,8.695652,7.692308,70.000000,2,0,0,954917.789089,24.722625,118.485850,2977.477538,358.485530,102.981133,98.488320,954098.143851,951419.103076,559.954982,3498.686013,259.690256,0.037541,0.010784,0.010314,99.914166,0.027195,16.795261,9.642403,3.053823,49.565714,95,0.771905,13,93,0,100.000000,1.271243,53.658537,539.544369,1883.352381,6902.470130,-0.000000,484.828565
4260.000000,contribution,optical,hardware,1,1,1,0,priority,0.000500,180,15,hybrid,0.050000,4000.000000,6.087000,52.000000,500.000000,500.000000,2.000000,240.000000,0.400000,205,130,205,59,111,21,46,0,0,0,0,0,59,59,0,0,0.000000,1.000000,43.909545,clear-ocean,30.000000,60.000000,0.151000,686,1388670,356.069231,8.358433,78,3,0,75,0,67,0,0,67,0,0,0,0,0,0,57,12,0,44,1,2,0,2,0,23,52,130,23,49,39,16.399125,332.713840,1100.286541,8.695652,5.769231,70.000000,2,0,0,968601.710665,24.722625,119.192107,3063.591385,362.621700,104.015175,117.330620,967753.716092,965010.804549,583.967495,3590.906116,264.027077,0.037438,0.010739,0.012113,99.912452,0.027259,16.795261,9.501922,3.142145,50.130047,95,0.796714,14,77,14,100.000000,1.271243,54.146341,536.858857,1857.307042,6988.576846,-0.000000,499.789765
4320.000000,contribution,optical,hardware,1,1,1,0,priority,0.000500,180,15,hybrid,0.050000,4000.000000,6.087000,52.000000,500.000000,500.000000,2.000000,240.000000,0.400000,205,130,205,59,115,21,47,0,0,0,0,0,59,59,0,0,0.000000,1.000000,43.909545,clear-ocean,30.000000,60.000000,0.151000,722,1515402,388.564615,8.994551,78,3,0,75,0,68,0,0,68,0,0,0,0,0,0,62,14,0,47,1,2,0,2,0,23,52,130,23,50,42,16.399125,331.863067,1218.773517,8.695652,3.846154,67.692308,2,0,0,982482.370086,24.722625,119.898363,3346.443077,366.757871,105.049218,118.172920,981604.781257,978602.506021,589.980008,3879.864065,287.608821,0.037330,0.010692,0.012028,99.910676,0.029274,16.795261,9.367060,3.187089,50.495833,95,0.956481,14,76,11,100.000000,1.271243,56.097561,592.685399,1970.874074,7074.683562,0.000000,491.066123
4380.000000,contribution,optical,hardware,1,1,1,0,priority,0.000500,180,15,hybrid,0.050000,4000.000000,6.087000,52.000000,500.000000,500.000000,2.000000,240.000000,0.400000,205,130,205,59,121,21,47,0,0,0,0,0,59,59,0,0,0.000000,1.000000,43.909545,clear-ocean,30.000000,60.000000,0.151000,764,1667124,427.467692,9.759536,78,3,0,75,0,68,0,0,68,0,0,0,0,0,0,68,15,0,53,0,2,0,2,0,23,52,130,23,50,48,16.399125,331.863067,1404.130813,8.695652,3.846154,63.076923,2,0,0,996422.883866,24.722625,119.898363,3689.855385,370.894041,106.083260,118.402707,995507.727037,992194.207494,595.380008,4228.676372,319.776821,0.037223,0.010646,0.011883,99.908156,0.032092,16.795261,9.367060,3.074879,50.845205,95,1.067808,14,76,6,100.000000,1.271243,59.024390,697.261258,2217.848402,7160.790279,0.000000,459.484807
4440.000000,contribution,optical,hardware,1,1,1,0,priority,0.000500,180,15,hybrid,0.050000,4000.000000,6.087000,52.000000,500.000000,500.000000,2.000000,240.000000,0.400000,205,130,205,59,127,21,47,0,0,0,0,0,59,59,0,0,0.000000,1.000000,43.909545,clear-ocean,30.000000,60.000000,0.151000,806,1818846,466.370769,10.503846,78,3,0,75,0,68,0,0,68,0,0,0,0,0,0,74,15,0,59,0,2,0,2,0,23,52,130,23,50,54,16.399125,331.863067,1539.985102,8.695652,3.846154,58.461538,2,0,0,1010362.549031,24.722625,119.898363,4032.419077,375.030211,107.117303,118.632494,1009410.672818,1005785.908966,600.780008,4576.640065,351.096205,0.037118,0.010602,0.011742,99.905789,0.034750,16.795261,9.367060,2.986977,51.185135,95,1.081757,14,76,0,100.000000,1.271243,61.951220,788.421486,2458.147748,7246.896995,0.000000,408.040329
4500.000000,contribution,optical,hardware,1,1,1,0,priority,0.000500,180,15,hybrid,0.050000,4000.000000,6.087000,52.000000,500.000000,500.000000,2.000000,240.000000,0.400000,205,130,205,59,127,21,47,0,0,0,0,0,59,59,0,0,0.000000,1.000000,43.909545,clear-ocean,30.000000,60.000000,0.151000,806,1818846,466.370769,10.363795,78,3,0,75,0,68,0,0,68,0,0,0,0,0,0,74,15,0,59,0,2,0,2,0,23,52,130,23,50,54,16.399125,331.863067,1539.985102,8.695652,3.846154,58.461538,2,0,0,1023959.650503,24.722625,119.898363,4032.419077,379.166381,108.151345,118.862281,1023002.374290,1019377.610439,606.180008,4582.040065,351.096205,0.037029,0.010562,0.011608,99.906512,0.034288,16.795261,9.367060,2.986977,51.516000,95,1.067333,14,76,0,100.000000,1.271243,61.951220,788.421486,2425.372444,7333.003711,0.000000,341.610608
4560.000000,contribution,optical,hardware,1,1,1,0,priority,0.000500,180,15,hybrid,0.050000,4000.000000,6.087000,52.000000,500.000000,500.000000,2.000000,240.000000,0.400000,205,130,205,59,127,21,47,0,0,0,0,0,59,59,0,0,0.000000,1.000000,43.909545,clear-ocean,30.000000,60.000000,0.151000,806,1818846,466.370769,10.227429,78,3,0,75,0,68,0,0,68,0,0,0,0,0,0,74,15,0,59,0,2,0,2,0,23,52,130,23,50,54,16.399125,331.863067,1539.985102,8.695652,3.846154,58.461538,2,0,0,1037556.751976,24.722625,119.898363,4032.419077,383.302552,109.185388,119.092069,1036594.075763,1032969.311911,611.580008,4587.440065,351.096205,0.036943,0.010523,0.011478,99.907217,0.033839,16.795261,9.367060,2.986977,51.838158,95,1.053289,14,76,0,100.000000,1.271243,61.951220,788.421486,2393.459649,7419.110427,0.000000,266.494452
4620.000000,contribution,optical,hardware,1,1,1,0,priority,0.000500,180,15,hybrid,0.050000,4000.000000,6.087000,52.000000,500.000000,500.000000,2.000000,240.000000,0.400000,205,130,205,59,127,21,47,0,0,0,0,0,59,59,0,0,0.000000,1.000000,43.909545,clear-ocean,30.000000,60.000000,0.151000,806,1818846,466.370769,10.094605,78,3,0,75,0,68,0,0,68,0,0,0,0,0,0,74,15,0,59,0,2,0,2,0,23,52,130,23,50,54,16.399125,331.863067,1539.985102,8.695652,3.846154,58.461538,2,0,0,1051153.853448,24.722625,119.898363,4032.419077,387.438722,110.219430,119.321856,1050185.777235,1046561.013384,616.980008,4592.840065,351.096205,0.036858,0.010486,0.011352,99.907903,0.033401,16.795261,9.367060,2.986977,52.151948,95,1.039610,14,76,0,100.000000,1.271243,61.951220,788.421486,2362.375758,7505.217143,0.000000,189.814306
4680.000000,contribution,optical,hardware,1,1,1,0,priority,0.000500,180,15,hybrid,0.050000,4000.000000,6.087000,52.000000,500.000000,500.000000,2.000000,240.000000,0.400000,205,130,205,59,127,21,47,0,0,0,0,0,59,59,0,0,0.000000,1.000000,43.909545,clear-ocean,30.000000,60.000000,0.151000,806,1818846,466.370769,9.965187,78,3,0,75,0,68,0,0,68,0,0,0,0,0,0,74,15,0,59,0,2,0,2,0,23,52,130,23,50,54,16.399125,331.863067,1539.985102,8.695652,3.846154,58.461538,2,0,0,1064750.954921,24.722625,119.898363,4032.419077,391.574892,111.253473,119.551643,1063777.478708,1060152.714856,622.380008,4598.240065,351.096205,0.036776,0.010449,0.011228,99.908572,0.032974,16.795261,9.367060,2.986977,52.457692,95,1.026282,14,76,0,100.000000,1.271243,61.951220,788.421486,2332.088889,7591.323859,0.000000,118.840914
4740.000000,contribution,optical,hardware,1,1,1,0,priority,0.000500,180,15,hybrid,0.050000,4000.000000,6.087000,52.000000,500.000000,500.000000,2.000000,240.000000,0.400000,205,130,205,59,127,21,47,0,0,0,0,0,59,59,0,0,0.000000,1.000000,43.909545,clear-ocean,30.000000,60.000000,0.151000,806,1818846,466.370769,9.839046,78,3,0,75,0,68,0,0,68,0,0,0,0,0,0,74,15,0,59,0,2,0,2,0,23,52,130,23,50,54,16.399125,331.863067,1539.985102,8.695652,3.846154,58.461538,2,0,0,1078348.056393,24.722625,119.898363,4032.419077,395.711062,112.287516,119.781430,1077369.180180,1073744.416329,627.780008,4603.640065,351.096205,0.036696,0.010413,0.011108,99.909224,0.032559,16.795261,9.367060,2.986977,52.755696,95,1.013291,14,76,0,100.000000,1.271243,61.951220,788.421486,2302.568776,7677.430575,0.000000,60.303909
4800.000000,contribution,optical,hardware,1,1,1,0,priority,0.000500,180,15,hybrid,0.050000,4000.000000,6.087000,52.000000,500.000000,500.000000,2.000000,240.000000,0.400000,205,130,205,59,127,21,47,0,0,0,0,0,59,59,0,0,0.000000,1.000000,43.909545,clear-ocean,30.000000,60.000000,0.151000,806,1818846,466.370769,9.716058,78,3,0,75,0,68,0,0,68,0,0,0,0,0,0,74,15,0,59,0,2,0,2,0,23,52,130,23,50,54,16.399125,331.863067,1539.985102,8.695652,3.846154,58.461538,2,0,0,1091945.157866,24.722625,119.898363,4032.419077,399.847232,113.321558,120.011217,1090960.881653,1087336.117801,633.180008,4609.040065,351.096205,0.036618,0.010378,0.010991,99.909860,0.032153,16.795261,9.367060,2.986977,53.046250,95,1.000625,14,76,0,100.000000,1.271243,61.951220,788.421486,2273.786667,7763.537292,0.000000,19.753718
4860.000000,contribution,optical,hardware,1,1,1,0,priority,0.000500,180,15,hybrid,0.050000,4000.000000,6.087000,52.000000,500.000000,500.000000,2.000000,240.000000,0.400000,205,130,205,59,127,21,47,0,0,0,0,0,59,59,0,0,0.000000,1.000000,43.909545,clear-ocean,30.000000,60.000000,0.151000,806,1818846,466.370769,9.596106,78,3,0,75,0,68,0,0,68,0,0,0,0,0,0,74,15,0,59,0,2,0,2,0,23,52,130,23,50,54,16.399125,331.863067,1539.985102,8.695652,3.846154,58.461538,2,0,0,1105542.259338,24.722625,119.898363,4032.419077,403.983403,114.355601,120.241005,1104552.583125,1100927.819274,638.580008,4614.440065,351.096205,0.036542,0.010344,0.010876,99.910480,0.031758,16.795261,9.367060,2.986977,53.329630,95,0.988272,14,76,0,100.000000,1.271243,61.951220,788.421486,2245.715226,7849.644008,0.000000,1.035273
4920.000000,contribution,optical,hardware,1,1,1,0,priority,0.000500,180,15,hybrid,0.050000,4000.000000,6.087000,52.000000,500.000000,500.000000,2.000000,240.000000,0.400000,205,130,205,59,127,21,47,0,0,0,0,0,59,59,0,0,0.000000,1.000000,43.909545,clear-ocean,30.000000,60.000000,0.151000,806,1818846,466.370769,9.479081,78,3,0,75,0,68,0,0,68,0,0,0,0,0,0,74,15,0,59,0,2,0,2,0,23,52,130,23,50,54,16.399125,331.863067,1539.985102,8.695652,3.846154,58.461538,2,0,0,1119139.360811,24.722625,119.898363,4032.419077,408.119573,115.389643,120.470792,1118144.284598,1114519.520746,643.980008,4619.840065,351.096205,0.036467,0.010311,0.010765,99.911086,0.031372,16.795261,9.367060,2.986977,53.606098,95,0.976220,14,76,0,100.000000,1.271243,61.951220,788.421486,2218.328455,7935.750724,-0.000000,5.923441
4980.000000,contribution,optical,hardware,1,1,1,0,priority,0.000500,180,15,hybrid,0.050000,4000.000000,6.087000,52.000000,500.000000,500.000000,2.000000,240.000000,0.400000,205,130,205,59,127,21,47,0,0,0,0,0,59,59,0,0,0.000000,1.000000,43.909545,clear-ocean,30.000000,60.000000,0.151000,806,1818846,466.370769,9.364875,78,3,0,75,0,68,0,0,68,0,0,0,0,0,0,74,15,0,59,0,2,0,2,0,23,52,130,23,50,54,16.399125,331.863067,1539.985102,8.695652,3.846154,58.461538,2,0,0,1132736.462283,24.722625,119.898363,4032.419077,412.255743,116.423686,120.700579,1131735.986070,1128111.222219,649.380008,4625.240065,351.096205,0.036395,0.010278,0.010656,99.911676,0.030995,16.795261,9.367060,2.986977,53.875904,95,0.964458,14,76,0,100.000000,1.271243,61.951220,788.421486,2191.601606,8021.857440,-0.000000,33.954730
5040.000000,contribution,optical,hardware,1,1,1,0,priority,0.000500,180,15,hybrid,0.050000,4000.000000,6.087000,52.000000,500.000000,500.000000,2.000000,240.000000,0.400000,205,130,205,59,127,21,47,0,0,0,0,0,59,59,0,0,0.000000,1.000000,43.909545,clear-ocean,30.000000,60.000000,0.151000,806,1818846,466.370769,9.253388,78,3,0,75,0,68,0,0,68,0,0,0,0,0,0,74,15,0,59,0,2,0,2,0,23,52,130,23,50,54,16.399125,331.863067,1539.985102,8.695652,3.846154,58.461538,2,0,0,1146333.563756,24.722625,119.898363,4032.419077,416.391913,117.457728,120.930366,1145327.687543,1141702.923691,654.780008,4630.640065,351.096205,0.036324,0.010246,0.010549,99.912253,0.030628,16.795261,9.367060,2.986977,54.139286,95,0.952976,14,76,0,100.000000,1.271243,61.951220,788.421486,2165.511111,8107.964156,-0.000000,82.471238
5100.000000,contribution,optical,hardware,1,1,1,0,priority,0.000500,180,15,hybrid,0.050000,4000.000000,6.087000,52.000000,500.000000,500.000000,2.000000,240.000000,0.400000,205,130,205,59,127,21,47,0,0,0,0,0,59,59,0,0,0.000000,1.000000,43.909545,clear-ocean,30.000000,60.000000,0.151000,806,1818846,466.370769,9.144525,78,3,0,75,0,68,0,0,68,0,0,0,0,0,0,74,15,0,59,0,2,0,2,0,23,52,130,23,50,54,16.399125,331.863067,1539.985102,8.695652,3.846154,58.461538,2,0,0,1159930.665229,24.722625,119.898363,4032.419077,420.528083,118.491771,121.160154,1158919.389015,1155294.625164,660.180008,4636.040065,351.096205,0.036255,0.010215,0.010445,99.912816,0.030269,16.795261,9.367060,2.986977,54.396471,95,0.941765,14,76,0,100.000000,1.271243,61.951220,788.421486,2140.034510,8194.070872,-0.000000,146.872673
5160.000000,contribution,optical,hardware,1,1,1,0,priority,0.000500,180,15,hybrid,0.050000,4000.000000,6.087000,52.000000,500.000000,500.000000,2.000000,240.000000,0.400000,205,130,205,59,127,21,47,0,0,0,0,0,59,59,0,0,0.000000,1.000000,43.909545,clear-ocean,30.000000,60.000000,0.151000,806,1818846,466.370769,9.038193,78,3,0,75,0,68,0,0,68,0,0,0,0,0,0,74,15,0,59,0,2,0,2,0,23,52,130,23,50,54,16.399125,331.863067,1539.985102,8.695652,3.846154,58.461538,2,0,0,1173527.766701,24.722625,119.898363,4032.419077,424.664254,119.525813,121.389941,1172511.090488,1168886.326636,665.580008,4641.440065,351.096205,0.036187,0.010185,0.010344,99.913366,0.029918,16.795261,9.367060,2.986977,54.647674,95,0.930814,14,76,0,100.000000,1.271243,61.951220,788.421486,2115.150388,8280.177588,-0.000000,221.052549
5220.000000,contribution,optical,hardware,1,1,1,0,priority,0.000500,180,15,hybrid,0.050000,4000.000000,6.087000,52.000000,500.000000,500.000000,2.000000,240.000000,0.400000,205,130,205,59,127,21,47,0,0,0,0,0,59,59,0,0,0.000000,1.000000,43.909545,clear-ocean,30.000000,60.000000,0.151000,806,1818846,466.370769,8.934306,78,3,0,75,0,68,0,0,68,0,0,0,0,0,0,74,15,0,59,0,2,0,2,0,23,52,130,23,50,54,16.399125,331.863067,1539.985102,8.695652,3.846154,58.461538,2,0,0,1187124.868174,24.722625,119.898363,4032.419077,428.800424,120.559856,121.619728,1186102.791960,1182478.028109,670.980008,4646.840065,351.096205,0.036121,0.010156,0.010245,99.913903,0.029575,16.795261,9.367060,2.986977,54.893103,95,0.920115,14,76,0,100.000000,1.271243,61.951220,788.421486,2090.838314,8366.284305,-0.000000,297.977197
5280.000000,contribution,optical,hardware,1,1,1,0,priority,0.000500,180,15,hybrid,0.050000,4000.000000,6.087000,52.000000,500.000000,500.000000,2.000000,240.000000,0.400000,205,130,205,59,127,21,47,0,0,0,0,0,59,59,0,0,0.000000,1.000000,43.909545,clear-ocean,30.000000,60.000000,0.151000,806,1818846,466.370769,8.832780,78,3,0,75,0,68,0,0,68,0,0,0,0,0,0,74,15,0,59,0,2,0,2,0,23,52,130,23,50,54,16.399125,331.863067,1539.985102,8.695652,3.846154,58.461538,2,0,0,1200721.969646,24.722625,119.898363,4032.419077,432.936594,121.593899,121.849515,1199694.493433,1196069.729581,676.380008,4652.240065,351.096205,0.036056,0.010127,0.010148,99.914428,0.029240,16.795261,9.367060,2.986977,55.132955,95,0.909659,14,76,0,100.000000,1.271243,61.951220,788.421486,2067.078788,8452.391021,-0.000000,370.352689
5340.000000,contribution,optical,hardware,1,1,1,0,priority,0.000500,180,15,hybrid,0.050000,4000.000000,6.087000,52.000000,500.000000,500.000000,2.000000,240.000000,0.400000,205,130,205,59,127,21,47,0,0,0,0,0,59,59,0,0,0.000000,1.000000,43.909545,clear-ocean,30.000000,60.000000,0.151000,806,1818846,466.370769,8.733535,78,3,0,75,0,68,0,0,68,0,0,0,0,0,0,74,15,0,59,0,2,0,2,0,23,52,130,23,50,54,16.399125,331.863067,1539.985102,8.695652,3.846154,58.461538,2,0,0,1214319.071119,24.722625,119.898363,4032.419077,437.072764,122.627941,122.079303,1213286.194905,1209661.431054,681.780008,4657.640065,351.096205,0.035993,0.010098,0.010053,99.914942,0.028913,16.795261,9.367060,2.986977,55.367416,95,0.899438,14,76,0,100.000000,1.271243,61.951220,788.421486,2043.853184,8538.497737,-0.000000,431.316448
5400.000000,contribution,optical,hardware,1,1,1,0,priority,0.000500,180,15,hybrid,0.050000,4000.000000,6.087000,52.000000,500.000000,500.000000,2.000000,240.000000,0.400000,205,130,205,59,127,21,47,0,0,0,0,0,59,59,0,0,0.000000,1.000000,43.909545,clear-ocean,30.000000,60.000000,0.151000,806,1818846,466.370769,8.636496,78,3,0,75,0,68,0,0,68,0,0,0,0,0,0,74,15,0,59,0,2,0,2,0,23,52,130,23,50,54,16.399125,331.863067,1539.985102,8.695652,3.846154,58.461538,2,0,0,1227916.172591,24.722625,119.898363,4032.419077,441.208935,123.661984,122.309090,1226877.896378,1223253.132526,687.180008,4663.040065,351.096205,0.035932,0.010071,0.009961,99.915444,0.028593,16.795261,9.367060,2.986977,55.596667,95,0.889444,14,76,0,100.000000,1.271243,61.951220,788.421486,2021.143704,8624.604453,-0.000000,475.087943
5460.000000,contribution,optical,hardware,1,1,1,0,priority,0.000500,180,15,hybrid,0.050000,4000.000000,6.087000,52.000000,500.000000,500.000000,2.000000,240.000000,0.400000,205,130,205,59,127,21,47,0,0,0,0,0,59,59,0,0,0.000000,1.000000,43.909545,clear-ocean,30.000000,60.000000,0.151000,806,1818846,466.370769,8.541589,78,3,0,75,0,68,0,0,68,0,0,0,0,0,0,74,15,0,59,0,2,0,2,0,23,52,130,23,50,54,16.399125,331.863067,1539.985102,8.695652,3.846154,58.461538,2,0,0,1241513.274064,24.722625,119.898363,4032.419077,445.345105,124.696026,122.538877,1240469.597850,1236844.833999,692.580008,4668.440065,351.096205,0.035871,0.010044,0.009870,99.915935,0.028280,16.795261,9.367060,2.986977,55.820879,95,0.879670,14,76,0,100.000000,1.271243,61.951220,788.421486,1998.933333,8710.711169,-0.000000,497.516801
5520.000000,contribution,optical,hardware,1,1,1,0,priority,0.000500,180,15,hybrid,0.050000,4000.000000,6.087000,52.000000,500.000000,500.000000,2.000000,240.000000,0.400000,205,130,205,69,129,21,47,0,0,0,0,0,69,69,0,0,0.000000,1.000000,43.780709,clear-ocean,30.000000,60.000000,0.151000,834,1919994,492.306154,8.918590,78,3,0,75,0,68,0,0,68,0,0,0,0,0,0,78,16,0,61,1,2,0,2,0,23,52,130,23,50,56,16.399125,331.863067,1613.997400,8.695652,3.846154,56.923077,2,0,0,1255356.981895,24.722625,119.898363,4279.025436,449.481275,125.730069,134.768664,1254276.788964,1250436.535472,709.980008,4920.446424,370.212923,0.035805,0.010015,0.010735,99.913953,0.029491,16.795261,9.367060,3.056447,55.946014,95,0.948188,14,66,7,100.000000,1.271243,62.926829,832.203005,2049.669565,8796.817885,0.000000,496.476337
5580.000000,contribution,optical,hardware,1,1,1,0,priority,0.000500,180,15,hybrid,0.050000,4000.000000,6.087000,52.000000,500.000000,500.000000,2.000000,240.000000,0.400000,205,130,205,69,133,21,47,0,0,0,0,0,69,69,0,0,0.000000,1.000000,43.780709,clear-ocean,30.000000,60.000000,0.151000,873,2062977,528.968462,9.479722,78,3,0,75,0,68,0,0,68,0,0,0,0,0,0,84,18,0,65,1,2,0,2,0,23,52,130,23,50,60,16.399125,331.863067,1740.520543,8.695652,3.846154,53.846154,2,0,0,1269274.310239,24.722625,119.898363,4599.252308,453.617445,126.764111,134.998452,1268161.802026,1264028.236944,715.380008,5246.073295,397.128205,0.035738,0.009987,0.010636,99.912351,0.031288,16.795261,9.367060,3.066168,56.054122,95,0.998925,14,66,3,100.000000,1.271243,64.878049,912.793728,2170.999283,8882.924601,0.000000,472.065207
5640.000000,contribution,optical,hardware,1,1,1,0,priority,0.000500,180,15,hybrid,0.050000,4000.000000,6.087000,52.000000,500.000000,500.000000,2.000000,240.000000,0.400000,205,130,205,69,137,21,47,0,0,0,0,0,69,69,0,0,0.000000,1.000000,43.780709,clear-ocean,30.000000,60.000000,0.151000,897,2147577,550.660769,9.763489,78,3,0,75,0,68,0,0,68,0,0,0,0,0,0,87,18,0,69,0,2,0,2,0,23,52,130,23,50,64,16.399125,331.863067,1847.443036,8.695652,3.846154,50.769231,2,0,0,1283064.145661,24.722625,119.898363,4791.986256,457.753615,127.798154,135.228239,1281927.055089,1277619.938417,720.780008,5444.207244,416.310564,0.035677,0.009960,0.010539,99.911377,0.032447,16.795261,9.367060,2.994991,56.159929,95,0.995213,14,66,0,100.000000,1.271243,66.829268,986.910128,2289.747518,8969.031318,0.000000,426.598054
5700.000000,contribution,optical,hardware,1,1,1,0,priority,0.000500,180,15,hybrid,0.050000,4000.000000,6.087000,52.000000,500.000000,500.000000,2.000000,240.000000,0.400000,205,130,205,69,137,21,47,0,0,0,0,0,69,69,0,0,0.000000,1.000000,43.780709,clear-ocean,30.000000,60.000000,0.151000,897,2147577,550.660769,9.660715,78,3,0,75,0,68,0,0,68,0,0,0,0,0,0,87,18,0,69,0,2,0,2,0,23,52,130,23,50,64,16.399125,331.863067,1847.443036,8.695652,3.846154,50.769231,2,0,0,1296661.247133,24.722625,119.898363,4791.986256,461.889786,128.832196,135.458026,1295518.756561,1291211.639889,726.180008,5449.607244,416.310564,0.035621,0.009936,0.010447,99.911890,0.032106,16.795261,9.367060,2.994991,56.263509,95,0.984737,14,66,0,100.000000,1.271243,66.829268,986.910128,2265.644912,9055.138034,0.000000,364.386030
5760.000000,contribution,optical,hardware,1,1,1,0,priority,0.000500,180,15,hybrid,0.050000,4000.000000,6.087000,52.000000,500.000000,500.000000,2.000000,240.000000,0.400000,205,130,205,69,137,21,47,0,0,0,0,0,69,69,0,0,0.000000,1.000000,43.780709,clear-ocean,30.000000,60.000000,0.151000,897,2147577,550.660769,9.560083,78,3,0,75,0,68,0,0,68,0,0,0,0,0,0,87,18,0,69,0,2,0,2,0,23,52,130,23,50,64,16.399125,331.863067,1847.443036,8.695652,3.846154,50.769231,2,0,0,1310258.348606,24.722625,119.898363,4791.986256,466.025956,129.866239,135.687813,1309110.458034,1304803.341362,731.580008,5455.007244,416.310564,0.035567,0.009911,0.010356,99.912392,0.031773,16.795261,9.367060,2.994991,56.364931,95,0.974479,14,66,0,100.000000,1.271243,66.829268,986.910128,2242.044444,9141.244750,0.000000,291.328026
5820.000000,contribution,optical,hardware,1,1,1,0,priority,0.000500,180,15,hybrid,0.050000,4000.000000,6.087000,52.000000,500.000000,500.000000,2.000000,240.000000,0.400000,205,130,205,69,137,21,47,0,0,0,0,0,69,69,0,0,0.000000,1.000000,43.780709,clear-ocean,30.000000,60.000000,0.151000,897,2147577,550.660769,9.461525,78,3,0,75,0,68,0,0,68,0,0,0,0,0,0,87,18,0,69,0,2,0,2,0,23,52,130,23,50,64,16.399125,331.863067,1847.443036,8.695652,3.846154,50.769231,2,0,0,1323855.450078,24.722625,119.898363,4791.986256,470.162126,130.900282,135.917600,1322702.159506,1318395.042834,736.980008,5460.407244,416.310564,0.035515,0.009888,0.010267,99.912884,0.031447,16.795261,9.367060,2.994991,56.464261,95,0.964433,14,66,0,100.000000,1.271243,66.829268,986.910128,2218.930584,9227.351466,0.000000,214.351336
5880.000000,contribution,optical,hardware,1,1,1,0,priority,0.000500,180,15,hybrid,0.050000,4000.000000,6.087000,52.000000,500.000000,500.000000,2.000000,240.000000,0.400000,205,130,205,69,137,21,47,0,0,0,0,0,69,69,0,0,0.000000,1.000000,43.780709,clear-ocean,30.000000,60.000000,0.151000,897,2147577,550.660769,9.364979,78,3,0,75,0,68,0,0,68,0,0,0,0,0,0,87,18,0,69,0,2,0,2,0,23,52,130,23,50,64,16.399125,331.863067,1847.443036,8.695652,3.846154,50.769231,2,0,0,1337452.551551,24.722625,119.898363,4791.986256,474.298296,131.934324,136.147388,1336293.860979,1331986.744307,742.380008,5465.807244,416.310564,0.035463,0.009865,0.010180,99.913366,0.031127,16.795261,9.367060,2.994991,56.561565,95,0.954592,14,66,0,100.000000,1.271243,66.829268,986.910128,2196.288435,9313.458182,0.000000,140.754819
5940.000000,contribution,optical,hardware,1,1,1,0,priority,0.000500,180,15,hybrid,0.050000,4000.000000,6.087000,52.000000,500.000000,500.000000,2.000000,240.000000,0.400000,205,130,205,69,137,21,47,0,0,0,0,0,69,69,0,0,0.000000,1.000000,43.780709,clear-ocean,30.000000,60.000000,0.151000,897,2147577,550.660769,9.270383,78,3,0,75,0,68,0,0,68,0,0,0,0,0,0,87,18,0,69,0,2,0,2,0,23,52,130,23,50,64,16.399125,331.863067,1847.443036,8.695652,3.846154,50.769231,2,0,0,1351049.653023,24.722625,119.898363,4791.986256,478.434466,132.968367,136.377175,1349885.562451,1345578.445779,747.780008,5471.207244,416.310564,0.035412,0.009842,0.010094,99.913838,0.030814,16.795261,9.367060,2.994991,56.656902,95,0.944949,14,66,0,100.000000,1.271243,66.829268,986.910128,2174.103704,9399.564898,0.000000,77.516833
6000.000000,contribution,optical,hardware,1,1,1,0,priority,0.000500,180,15,hybrid,0.050000,4000.000000,6.087000,52.000000,500.000000,500.000000,2.000000,240.000000,0.400000,205,130,205,69,137,21,47,0,0,0,0,0,69,69,0,0,0.000000,1.000000,43.780709,clear-ocean,30.000000,60.000000,0.151000,897,2147577,550.660769,9.177679,78,3,0,75,0,68,0,0,68,0,0,0,0,0,0,87,18,0,69,0,2,0,2,0,23,52,130,23,50,64,16.399125,331.863067,1847.443036,8.695652,3.846154,50.769231,2,0,0,1364646.754496,24.722625,119.898363,4791.986256,482.570637,134.002409,136.606962,1363477.263924,1359170.147252,753.180008,5476.607244,416.310564,0.035362,0.009820,0.010010,99.914301,0.030507,16.795261,9.367060,2.994991,56.750333,95,0.935500,14,66,0,100.000000,1.271243,66.829268,986.910128,2152.362667,9485.671614,0.000000,30.633547
6060.000000,contribution,optical,hardware,1,1,1,0,priority,0.000500,180,15,hybrid,0.050000,4000.000000,6.087000,52.000000,500.000000,500.000000,2.000000,240.000000,0.400000,205,130,205,69,137,21,47,0,0,0,0,0,69,69,0,0,0.000000,1.000000,43.780709,clear-ocean,30.000000,60.000000,0.151000,897,2147577,550.660769,9.086811,78,3,0,75,0,68,0,0,68,0,0,0,0,0,0,87,18,0,69,0,2,0,2,0,23,52,130,23,50,64,16.399125,331.863067,1847.443036,8.695652,3.846154,50.769231,2,0,0,1378243.855968,24.722625,119.898363,4791.986256,486.706807,135.036452,136.836749,1377068.965396,1372761.848724,758.580008,5482.007244,416.310564,0.035314,0.009798,0.009928,99.914755,0.030206,16.795261,9.367060,2.994991,56.841914,95,0.926238,14,66,0,100.000000,1.271243,66.829268,986.910128,2131.052145,9571.778331,0.000000,4.550391
6120.000000,contribution,optical,hardware,1,1,1,0,priority,0.000500,180,15,hybrid,0.050000,4000.000000,6.087000,52.000000,500.000000,500.000000,2.000000,240.000000,0.400000,205,130,205,69,137,21,47,0,0,0,0,0,69,69,0,0,0.000000,1.000000,43.780709,clear-ocean,30.000000,60.000000,0.151000,897,2147577,550.660769,8.997725,78,3,0,75,0,68,0,0,68,0,0,0,0,0,0,87,18,0,69,0,2,0,2,0,23,52,130,23,50,64,16.399125,331.863067,1847.443036,8.695652,3.846154,50.769231,2,0,0,1391840.957441,24.722625,119.898363,4791.986256,490.842977,136.070494,137.066537,1390660.666869,1386353.550197,763.980008,5487.407244,416.310564,0.035266,0.009776,0.009848,99.915199,0.029911,16.795261,9.367060,2.994991,56.931699,95,0.917157,14,66,0,100.000000,1.271243,66.829268,986.910128,2110.159477,9657.885047,-0.000000,1.740548
6180.000000,contribution,optical,hardware,1,1,1,0,priority,0.000500,180,15,hybrid,0.050000,4000.000000,6.087000,52.000000,500.000000,500.000000,2.000000,240.000000,0.400000,205,130,205,69,137,21,47,0,0,0,0,0,69,69,0,0,0.000000,1.000000,43.780709,clear-ocean,30.000000,60.000000,0.151000,897,2147577,550.660769,8.910368,78,3,0,75,0,68,0,0,68,0,0,0,0,0,0,87,18,0,69,0,2,0,2,0,23,52,130,23,50,64,16.399125,331.863067,1847.443036,8.695652,3.846154,50.769231,2,0,0,1405438.058913,24.722625,119.898363,4791.986256,494.979147,137.104537,137.296324,1404252.368341,1399945.251669,769.380008,5492.807244,416.310564,0.035219,0.009755,0.009769,99.915636,0.029621,16.795261,9.367060,2.994991,57.019741,95,0.908252,14,66,0,100.000000,1.271243,66.829268,986.910128,2089.672492,9743.991763,-0.000000,22.470444
6240.000000,contribution,optical,hardware,1,1,1,0,priority,0.000500,180,15,hybrid,0.050000,4000.000000,6.087000,52.000000,500.000000,500.000000,2.000000,240.000000,0.400000,205,130,205,69,137,21,47,0,0,0,0,0,69,69,0,0,0.000000,1.000000,43.780709,clear-ocean,30.000000,60.000000,0.151000,897,2147577,550.660769,8.824692,78,3,0,75,0,68,0,0,68,0,0,0,0,0,0,87,18,0,69,0,2,0,2,0,23,52,130,23,50,64,16.399125,331.863067,1847.443036,8.695652,3.846154,50.769231,2,0,0,1419035.160386,24.722625,119.898363,4791.986256,499.115318,138.138579,137.526111,1417844.069814,1413536.953142,774.780008,5498.207244,416.310564,0.035173,0.009735,0.009692,99.916063,0.029338,16.795261,9.367060,2.994991,57.106090,95,0.899519,14,66,0,100.000000,1.271243,66.829268,986.910128,2069.579487,9830.098479,-0.000000,64.774488
6300.000000,contribution,optical,hardware,1,1,1,0,priority,0.000500,180,15,hybrid,0.050000,4000.000000,6.087000,52.000000,500.000000,500.000000,2.000000,240.000000,0.400000,205,130,205,69,137,21,47,0,0,0,0,0,69,69,0,0,0.000000,1.000000,43.780709,clear-ocean,30.000000,60.000000,0.151000,897,2147577,550.660769,8.740647,78,3,0,75,0,68,0,0,68,0,0,0,0,0,0,87,18,0,69,0,2,0,2,0,23,52,130,23,50,64,16.399125,331.863067,1847.443036,8.695652,3.846154,50.769231,2,0,0,1432632.261858,24.722625,119.898363,4791.986256,503.251488,139.172622,137.755898,1431435.771286,1427128.654614,780.180008,5503.607244,416.310564,0.035128,0.009714,0.009616,99.916483,0.029059,16.795261,9.367060,2.994991,57.190794,95,0.890952,14,66,0,100.000000,1.271243,66.829268,986.910128,2049.869206,9916.205195,-0.000000,124.641450
6360.000000,contribution,optical,hardware,1,1,1,0,priority,0.000500,180,15,hybrid,0.050000,4000.000000,6.087000,52.000000,500.000000,500.000000,2.000000,240.000000,0.400000,205,130,205,69,137,21,47,0,0,0,0,0,69,69,0,0,0.000000,1.000000,43.780709,clear-ocean,30.000000,60.000000,0.151000,897,2147577,550.660769,8.658188,78,3,0,75,0,68,0,0,68,0,0,0,0,0,0,87,18,0,69,0,2,0,2,0,23,52,130,23,50,64,16.399125,331.863067,1847.443036,8.695652,3.846154,50.769231,2,0,0,1446229.363331,24.722625,119.898363,4791.986256,507.387658,140.206664,137.985686,1445027.472759,1440720.356087,785.580008,5509.007244,416.310564,0.035083,0.009695,0.009541,99.916895,0.028786,16.795261,9.367060,2.994991,57.273899,95,0.882547,14,66,0,100.000000,1.271243,66.829268,986.910128,2030.530818,10002.311911,-0.000000,196.394798
6420.000000,contribution,optical,hardware,1,1,1,0,priority,0.000500,180,15,hybrid,0.050000,4000.000000,6.087000,52.000000,500.000000,500.000000,2.000000,240.000000,0.400000,205,130,205,69,137,21,47,0,0,0,0,0,69,69,0,0,0.000000,1.000000,43.780709,clear-ocean,30.000000,60.000000,0.151000,897,2147577,550.660769,8.577271,78,3,0,75,0,68,0,0,68,0,0,0,0,0,0,87,18,0,69,0,2,0,2,0,23,52,130,23,50,64,16.399125,331.863067,1847.443036,8.695652,3.846154,50.769231,2,0,0,1459826.464804,24.722625,119.898363,4791.986256,511.523828,141.240707,138.215473,1458619.174231,1454312.057559,790.980008,5514.407244,416.310564,0.035040,0.009675,0.009468,99.917299,0.028518,16.795261,9.367060,2.994991,57.355452,95,0.874299,14,66,0,100.000000,1.271243,66.829268,986.910128,2011.553894,10088.418627,-0.000000,273.230942
6480.000000,contribution,optical,hardware,1,1,1,0,priority,0.000500,180,15,hybrid,0.050000,4000.000000,6.087000,52.000000,500.000000,500.000000,2.000000,240.000000,0.400000,205,130,205,69,137,21,47,0,0,0,0,0,69,69,0,0,0.000000,1.000000,43.780709,clear-ocean,30.000000,60.000000,0.151000,897,2147577,550.660769,8.497851,78,3,0,75,0,68,0,0,68,0,0,0,0,0,0,87,18,0,69,0,2,0,2,0,23,52,130,23,50,64,16.399125,331.863067,1847.443036,8.695652,3.846154,50.769231,2,0,0,1473423.566276,24.722625,119.898363,4791.986256,515.659998,142.274750,138.445260,1472210.875704,1467903.759032,796.380008,5519.807244,416.310564,0.034997,0.009656,0.009396,99.917696,0.028255,16.795261,9.367060,2.994991,57.435494,95,0.866204,14,66,0,100.000000,1.271243,66.829268,986.910128,1992.928395,10174.525344,-0.000000,347.864350
6540.000000,contribution,optical,hardware,1,1,1,0,priority,0.000500,180,15,hybrid,0.050000,4000.000000,6.087000,52.000000,500.000000,500.000000,2.000000,240.000000,0.400000,205,130,205,69,137,21,47,0,0,0,0,0,69,69,0,0,0.000000,1.000000,43.780709,clear-ocean,30.000000,60.000000,0.151000,897,2147577,550.660769,8.419889,78,3,0,75,0,68,0,0,68,0,0,0,0,0,0,87,18,0,69,0,2,0,2,0,23,52,130,23,50,64,16.399125,331.863067,1847.443036,8.695652,3.846154,50.769231,2,0,0,1487020.667749,24.722625,119.898363,4791.986256,519.796169,143.308792,138.675047,1485802.577176,1481495.460504,801.780008,5525.207244,416.310564,0.034956,0.009637,0.009326,99.918085,0.027996,16.795261,9.367060,2.994991,57.514067,95,0.858257,14,66,0,100.000000,1.271243,66.829268,986.910128,1974.644648,10260.632060,-0.000000,413.218348
6600.000000,contribution,optical,hardware,1,1,1,0,priority,0.000500,180,15,hybrid,0.050000,4000.000000,6.087000,52.000000,500.000000,500.000000,2.000000,240.000000,0.400000,205,130,205,69,137,21,47,0,0,0,0,0,69,69,0,0,0.000000,1.000000,43.780709,clear-ocean,30.000000,60.000000,0.151000,897,2147577,550.660769,8.343345,78,3,0,75,0,68,0,0,68,0,0,0,0,0,0,87,18,0,69,0,2,0,2,0,23,52,130,23,50,64,16.399125,331.863067,1847.443036,8.695652,3.846154,50.769231,2,0,0,1500617.769221,24.722625,119.898363,4791.986256,523.932339,144.342835,138.904835,1499394.278649,1495087.161977,807.180008,5530.607244,416.310564,0.034914,0.009619,0.009257,99.918468,0.027743,16.795261,9.367060,2.994991,57.591212,95,0.850455,14,66,0,100.000000,1.271243,66.829268,986.910128,1956.693333,10346.738776,-0.000000,463.096127
6660.000000,contribution,optical,hardware,1,1,1,0,priority,0.000500,180,15,hybrid,0.050000,4000.000000,6.087000,52.000000,500.000000,500.000000,2.000000,240.000000,0.400000,205,130,205,69,137,21,47,0,0,0,0,0,69,69,0,0,0.000000,1.000000,43.780709,clear-ocean,30.000000,60.000000,0.151000,897,2147577,550.660769,8.268180,78,3,0,75,0,68,0,0,68,0,0,0,0,0,0,87,18,0,69,0,2,0,2,0,23,52,130,23,50,64,16.399125,331.863067,1847.443036,8.695652,3.846154,50.769231,2,0,0,1514214.870694,24.722625,119.898363,4791.986256,528.068509,145.376877,139.134622,1512985.980121,1508678.863449,812.580008,5536.007244,416.310564,0.034874,0.009601,0.009189,99.918843,0.027493,16.795261,9.367060,2.994991,57.666967,95,0.842793,14,66,0,100.000000,1.271243,66.829268,986.910128,1939.065465,10432.845492,-0.000000,492.768323
6720.000000,contribution,optical,hardware,1,1,1,0,priority,0.000500,180,15,hybrid,0.050000,4000.000000,6.087000,52.000000,500.000000,500.000000,2.000000,240.000000,0.400000,205,130,205,83,139,21,47,0,0,0,0,0,83,83,0,0,0.000000,1.000000,43.602652,clear-ocean,30.000000,60.000000,0.151000,918,2223438,570.112308,8.483814,78,3,0,75,0,68,0,0,68,0,0,0,0,0,0,90,18,0,71,1,2,0,2,0,23,52,130,23,50,66,16.399125,331.863067,1925.969859,8.695652,3.846154,49.230769,2,0,0,1528010.369294,24.722625,119.898363,4990.383385,532.204679,146.410920,156.164409,1526744.500466,1522270.564922,834.780008,5739.804372,431.088821,0.034830,0.009582,0.010220,99.917156,0.028212,16.795261,9.367060,3.024475,57.672768,95,0.893006,14,52,11,100.000000,1.271243,67.804878,1036.578014,1981.276190,10518.952208,0.000000,499.421444
6780.000000,contribution,optical,hardware,1,1,1,0,priority,0.000500,180,15,hybrid,0.050000,4000.000000,6.087000,52.000000,500.000000,500.000000,2.000000,240.000000,0.400000,205,130,205,83,141,21,47,0,0,0,0,0,83,83,0,0,0.000000,1.000000,43.602652,clear-ocean,30.000000,60.000000,0.151000,948,2332860,598.169231,8.822555,78,3,0,75,0,68,0,0,68,0,0,0,0,0,0,95,21,0,73,1,2,0,2,0,23,52,130,23,50,68,16.399125,331.863067,1999.735459,8.695652,3.846154,47.692308,2,0,0,1541851.049434,24.722625,119.898363,5233.962051,536.340849,147.444962,156.394196,1540560.663887,1535862.266394,840.180008,5988.783039,450.205538,0.034786,0.009563,0.010143,99.916309,0.029199,16.795261,9.367060,3.078801,57.622566,95,0.969469,14,52,9,100.000000,1.271243,68.780488,1084.768400,2022.739823,10605.058924,0.000000,482.424646
6840.000000,contribution,optical,hardware,1,1,1,0,priority,0.000500,180,15,hybrid,0.050000,4000.000000,6.087000,52.000000,500.000000,500.000000,2.000000,240.000000,0.400000,205,130,205,83,143,21,47,0,0,0,0,0,83,83,0,0,0.000000,1.000000,43.602652,clear-ocean,30.000000,60.000000,0.151000,981,2451021,628.466923,9.188113,78,3,0,75,0,68,0,0,68,0,0,0,0,0,0,99,23,0,75,1,2,0,2,0,23,52,130,23,50,70,16.399125,331.863067,2070.185533,8.695652,3.846154,46.153846,2,0,0,1555713.803419,24.722625,119.898363,5499.614564,540.477020,148.479005,156.623983,1554394.753462,1549453.967867,845.580008,6259.835552,473.469949,0.034741,0.009544,0.010068,99.915213,0.030434,16.795261,9.367060,3.142637,57.573246,95,1.031433,14,52,7,100.000000,1.271243,69.756098,1132.051193,2063.476023,10691.165640,0.000000,443.389552
6900.000000,contribution,optical,hardware,1,1,1,0,priority,0.000500,180,15,hybrid,0.050000,4000.000000,6.087000,52.000000,500.000000,500.000000,2.000000,240.000000,0.400000,205,130,205,83,151,21,47,0,0,0,0,0,83,83,0,0,0.000000,1.000000,43.602652,clear-ocean,30.000000,60.000000,0.151000,1030,2628030,673.853846,9.765998,78,3,0,75,0,68,0,0,68,0,0,0,0,0,0,106,23,0,83,0,2,0,2,0,23,52,130,23,50,78,16.399125,331.863067,2312.306635,8.695652,3.846154,40.000000,2,0,0,1569712.391250,24.722625,119.898363,5901.100923,544.613190,149.513047,156.853771,1568349.576576,1563045.669339,850.980008,6666.721911,511.834667,0.034695,0.009525,0.009993,99.913181,0.032607,16.795261,9.367060,3.026206,57.524783,95,1.049855,14,52,0,100.000000,1.271243,73.658537,1306.822853,2277.416812,10777.272357,0.000000,386.017433
6960.000000,contribution,optical,hardware,1,1,1,0,priority,0.000500,180,15,hybrid,0.050000,4000.000000,6.087000,52.000000,500.000000,500.000000,2.000000,240.000000,0.400000,205,130,205,83,151,21,47,0,0,0,0,0,83,83,0,0,0.000000,1.000000,43.602652,clear-ocean,30.000000,60.000000,0.151000,1030,2628030,673.853846,9.681808,78,3,0,75,0,68,0,0,68,0,0,0,0,0,0,106,23,0,83,0,2,0,2,0,23,52,130,23,50,78,16.399125,331.863067,2312.306635,8.695652,3.846154,40.000000,2,0,0,1583309.492723,24.722625,119.898363,5901.100923,548.749360,150.547090,157.083558,1581941.278048,1576637.370812,856.380008,6672.121911,511.834667,0.034658,0.009508,0.009921,99.913585,0.032327,16.795261,9.367060,3.026206,57.477155,95,1.040805,14,52,0,100.000000,1.271243,73.658537,1306.822853,2257.783908,10863.379073,0.000000,315.748263
7020.000000,contribution,optical,hardware,1,1,1,0,priority,0.000500,180,15,hybrid,0.050000,4000.000000,6.087000,52.000000,500.000000,500.000000,2.000000,240.000000,0.400000,205,130,205,83,151,21,47,0,0,0,0,0,83,83,0,0,0.000000,1.000000,43.602652,clear-ocean,30.000000,60.000000,0.151000,1030,2628030,673.853846,9.599058,78,3,0,75,0,68,0,0,68,0,0,0,0,0,0,106,23,0,83,0,2,0,2,0,23,52,130,23,50,78,16.399125,331.863067,2312.306635,8.695652,3.846154,40.000000,2,0,0,1596906.594195,24.722625,119.898363,5901.100923,552.885530,151.581133,157.313345,1595532.979521,1590229.072284,861.780008,6677.521911,511.834667,0.034622,0.009492,0.009851,99.913983,0.032052,16.795261,9.367060,3.026206,57.430342,95,1.031909,14,52,0,100.000000,1.271243,73.658537,1306.822853,2238.486610,10949.485789,0.000000,239.244901
7080.000000,contribution,optical,hardware,1,1,1,0,priority,0.000500,180,15,hybrid,0.050000,4000.000000,6.087000,52.000000,500.000000,500.000000,2.000000,240.000000,0.400000,205,130,205,83,151,21,47,0,0,0,0,0,83,83,0,0,0.000000,1.000000,43.602652,clear-ocean,30.000000,60.000000,0.151000,1030,2628030,673.853846,9.517710,78,3,0,75,0,68,0,0,68,0,0,0,0,0,0,106,23,0,83,0,2,0,2,0,23,52,130,23,50,78,16.399125,331.863067,2312.306635,8.695652,3.846154,40.000000,2,0,0,1610503.695668,24.722625,119.898363,5901.100923,557.021700,152.615175,157.543132,1609124.680993,1603820.773757,867.180008,6682.921911,511.834667,0.034587,0.009476,0.009782,99.914374,0.031781,16.795261,9.367060,3.026206,57.384322,95,1.023164,14,52,0,100.000000,1.271243,73.658537,1306.822853,2219.516384,11035.592505,0.000000,163.761329
7140.000000,contribution,optical,hardware,1,1,1,0,priority,0.000500,180,15,hybrid,0.050000,4000.000000,6.087000,52.000000,500.000000,500.000000,2.000000,240.000000,0.400000,205,130,205,83,151,21,47,0,0,0,0,0,83,83,0,0,0.000000,1.000000,43.602652,clear-ocean,30.000000,60.000000,0.151000,1030,2628030,673.853846,9.437729,78,3,0,75,0,68,0,0,68,0,0,0,0,0,0,106,23,0,83,0,2,0,2,0,23,52,130,23,50,78,16.399125,331.863067,2312.306635,8.695652,3.846154,40.000000,2,0,0,1624100.797140,24.722625,119.898363,5901.100923,561.157871,153.649218,157.772920,1622716.382466,1617412.475230,872.580008,6688.321911,511.834667,0.034552,0.009461,0.009714,99.914758,0.031515,16.795261,9.367060,3.026206,57.339076,95,1.014566,14,52,0,100.000000,1.271243,73.658537,1306.822853,2200.864986,11121.699221,0.000000,96.454830
7200.000000,contribution,optical,hardware,1,1,1,0,priority,0.000500,180,15,hybrid,0.050000,4000.000000,6.087000,52.000000,500.000000,500.000000,2.000000,240.000000,0.400000,205,130,205,83,151,21,47,0,0,0,0,0,83,83,0,0,0.000000,1.000000,43.602652,clear-ocean,30.000000,60.000000,0.151000,1030,2628030,673.853846,9.359081,78,3,0,75,0,68,0,0,68,0,0,0,0,0,0,106,23,0,83,0,2,0,2,0,23,52,130,23,50,78,16.399125,331.863067,2312.306635,8.695652,3.846154,40.000000,2,0,0,1637697.898613,24.722625,119.898363,5901.100923,565.294041,154.683260,158.002707,1636308.083938,1631004.176702,877.980008,6693.721911,511.834667,0.034518,0.009445,0.009648,99.915136,0.031253,16.795261,9.367060,3.026206,57.294583,95,1.006111,14,52,0,100.000000,1.271243,73.658537,1306.822853,2182.524444,11207.805937,0.000000,43.707346
7260.000000,contribution,optical,hardware,1,1,1,0,priority,0.000500,180,15,hybrid,0.050000,4000.000000,6.087000,52.000000,500.000000,500.000000,2.000000,240.000000,0.400000,205,130,205,83,151,21,47,0,0,0,0,0,83,83,0,0,0.000000,1.000000,43.602652,clear-ocean,30.000000,60.000000,0.151000,1030,2628030,673.853846,9.281733,78,3,0,75,0,68,0,0,68,0,0,0,0,0,0,106,23,0,83,0,2,0,2,0,23,52,130,23,50,78,16.399125,331.863067,2312.306635,8.695652,3.846154,40.000000,2,0,0,1651295.000085,24.722625,119.898363,5901.100923,569.430211,155.717303,158.232494,1649899.785411,1644595.878175,883.380008,6699.121911,511.834667,0.034484,0.009430,0.009582,99.915508,0.030996,16.795261,9.367060,3.026206,57.250826,95,0.997796,14,52,0,100.000000,1.271243,73.658537,1306.822853,2164.487052,11293.912653,0.000000,10.520348
7320.000000,contribution,optical,hardware,1,1,1,0,priority,0.000500,180,15,hybrid,0.050000,4000.000000,6.087000,52.000000,500.000000,500.000000,2.000000,240.000000,0.400000,205,130,205,83,151,21,47,0,0,0,0,0,83,83,0,0,0.000000,1.000000,43.602652,clear-ocean,30.000000,60.000000,0.151000,1030,2628030,673.853846,9.205654,78,3,0,75,0,68,0,0,68,0,0,0,0,0,0,106,23,0,83,0,2,0,2,0,23,52,130,23,50,78,16.399125,331.863067,2312.306635,8.695652,3.846154,40.000000,2,0,0,1664892.101558,24.722625,119.898363,5901.100923,573.566381,156.751345,158.462281,1663491.486883,1658187.579647,888.780008,6704.521911,511.834667,0.034451,0.009415,0.009518,99.915874,0.030743,16.795261,9.367060,3.026206,57.207787,95,0.989617,14,52,0,100.000000,1.271243,73.658537,1306.822853,2146.745355,11380.019370,-0.000000,0.040596
7380.000000,contribution,optical,hardware,1,1,1,0,priority,0.000500,180,15,hybrid,0.050000,4000.000000,6.087000,52.000000,500.000000,500.000000,2.000000,240.000000,0.400000,205,130,205,83,151,21,47,0,0,0,0,0,83,83,0,0,0.000000,1.000000,43.602652,clear-ocean,30.000000,60.000000,0.151000,1030,2628030,673.853846,9.130811,78,3,0,75,0,68,0,0,68,0,0,0,0,0,0,106,23,0,83,0,2,0,2,0,23,52,130,23,50,78,16.399125,331.863067,2312.306635,8.695652,3.846154,40.000000,2,0,0,1678489.203031,24.722625,119.898363,5901.100923,577.702552,157.785388,158.692069,1677083.188356,1671779.281120,894.180008,6709.921911,511.834667,0.034418,0.009400,0.009454,99.916233,0.030494,16.795261,9.367060,3.026206,57.165447,95,0.981572,14,52,0,100.000000,1.271243,73.658537,1306.822853,2129.292141,11466.126086,-0.000000,13.261771
7440.000000,contribution,optical,hardware,1,1,1,0,priority,0.000500,180,15,hybrid,0.050000,4000.000000,6.087000,52.000000,500.000000,500.000000,2.000000,240.000000,0.400000,205,130,205,83,151,21,47,0,0,0,0,0,83,83,0,0,0.000000,1.000000,43.602652,clear-ocean,30.000000,60.000000,0.151000,1030,2628030,673.853846,9.057175,78,3,0,75,0,68,0,0,68,0,0,0,0,0,0,106,23,0,83,0,2,0,2,0,23,52,130,23,50,78,16.399125,331.863067,2312.306635,8.695652,3.846154,40.000000,2,0,0,1692086.304503,24.722625,119.898363,5901.100923,581.838722,158.819430,158.921856,1690674.889828,1685370.982592,899.580008,6715.321911,511.834667,0.034386,0.009386,0.009392,99.916587,0.030249,16.795261,9.367060,3.026206,57.123790,95,0.973656,14,52,0,100.000000,1.271243,73.658537,1306.822853,2112.120430,11552.232802,-0.000000,48.930253
7500.000000,contribution,optical,hardware,1,1,1,0,priority,0.000500,180,15,hybrid,0.050000,4000.000000,6.087000,52.000000,500.000000,500.000000,2.000000,240.000000,0.400000,205,130,205,83,151,21,47,0,0,0,0,0,83,83,0,0,0.000000,1.000000,43.602652,clear-ocean,30.000000,60.000000,0.151000,1030,2628030,673.853846,8.984718,78,3,0,75,0,68,0,0,68,0,0,0,0,0,0,106,23,0,83,0,2,0,2,0,23,52,130,23,50,78,16.399125,331.863067,2312.306635,8.695652,3.846154,40.000000,2,0,0,1705683.405976,24.722625,119.898363,5901.100923,585.974892,159.853473,159.151643,1704266.591301,1698962.684065,904.980008,6720.721911,511.834667,0.034354,0.009372,0.009331,99.916936,0.030008,16.795261,9.367060,3.026206,57.082800,95,0.965867,14,52,0,100.000000,1.271243,73.658537,1306.822853,2095.223467,11638.339518,-0.000000,103.663988
7560.000000,contribution,optical,hardware,1,1,1,0,priority,0.000500,180,15,hybrid,0.050000,4000.000000,6.087000,52.000000,500.000000,500.000000,2.000000,240.000000,0.400000,205,130,205,83,151,21,47,0,0,0,0,0,83,83,0,0,0.000000,1.000000,43.602652,clear-ocean,30.000000,60.000000,0.151000,1030,2628030,673.853846,8.913411,78,3,0,75,0,68,0,0,68,0,0,0,0,0,0,106,23,0,83,0,2,0,2,0,23,52,130,23,50,78,16.399125,331.863067,2312.306635,8.695652,3.846154,40.000000,2,0,0,1719280.507448,24.722625,119.898363,5901.100923,590.111062,160.887516,159.381430,1717858.292773,1712554.385537,910.380008,6726.121911,511.834667,0.034323,0.009358,0.009270,99.917278,0.029770,16.795261,9.367060,3.026206,57.042460,95,0.958201,14,52,0,100.000000,1.271243,73.658537,1306.822853,2078.594709,11724.446234,-0.000000,172.273173
7620.000000,contribution,optical,hardware,1,1,1,0,priority,0.000500,180,15,hybrid,0.050000,4000.000000,6.087000,52.000000,500.000000,500.000000,2.000000,240.000000,0.400000,205,130,205,83,151,21,47,0,0,0,0,0,83,83,0,0,0.000000,1.000000,43.602652,clear-ocean,30.000000,60.000000,0.151000,1030,2628030,673.853846,8.843226,78,3,0,75,0,68,0,0,68,0,0,0,0,0,0,106,23,0,83,0,2,0,2,0,23,52,130,23,50,78,16.399125,331.863067,2312.306635,8.695652,3.846154,40.000000,2,0,0,1732877.608921,24.722625,119.898363,5901.100923,594.247232,161.921558,159.611217,1731449.994246,1726146.087010,915.780008,6731.521911,511.834667,0.034293,0.009344,0.009211,99.917616,0.029537,16.795261,9.367060,3.026206,57.002756,95,0.950656,14,52,0,100.000000,1.271243,73.658537,1306.822853,2062.227822,11810.552950,-0.000000,248.252347
7680.000000,contribution,optical,hardware,1,1,1,0,priority,0.000500,180,15,hybrid,0.050000,4000.000000,6.087000,52.000000,500.000000,500.000000,2.000000,240.000000,0.400000,205,130,205,83,151,21,47,0,0,0,0,0,83,83,0,0,0.000000,1.000000,43.602652,clear-ocean,30.000000,60.000000,0.151000,1030,2628030,673.853846,8.774139,78,3,0,75,0,68,0,0,68,0,0,0,0,0,0,106,23,0,83,0,2,0,2,0,23,52,130,23,50,78,16.399125,331.863067,2312.306635,8.695652,3.846154,40.000000,2,0,0,1746474.710393,24.722625,119.898363,5901.100923,598.383403,162.955601,159.841005,1745041.695718,1739737.788482,921.180008,6736.921911,511.834667,0.034262,0.009331,0.009152,99.917948,0.029307,16.795261,9.367060,3.026206,56.963672,95,0.943229,14,52,0,100.000000,1.271243,73.658537,1306.822853,2046.116667,11896.659666,-0.000000,324.397231
7740.000000,contribution,optical,hardware,1,1,1,0,priority,0.000500,180,15,hybrid,0.050000,4000.000000,6.087000,52.000000,500.000000,500.000000,2.000000,240.000000,0.400000,205,130,205,83,151,21,47,0,0,0,0,0,83,83,0,0,0.000000,1.000000,43.602652,clear-ocean,30.000000,60.000000,0.151000,1030,2628030,673.853846,8.706122,78,3,0,75,0,68,0,0,68,0,0,0,0,0,0,106,23,0,83,0,2,0,2,0,23,52,130,23,50,78,16.399125,331.863067,2312.306635,8.695652,3.846154,40.000000,2,0,0,1760071.811866,24.722625,119.898363,5901.100923,602.519573,163.989643,160.070792,1758633.397191,1753329.489955,926.580008,6742.321911,511.834667,0.034233,0.009317,0.009095,99.918275,0.029080,16.795261,9.367060,3.026206,56.925194,95,0.935917,14,52,0,100.000000,1.271243,73.658537,1306.822853,2030.255297,11982.766383,-0.000000,393.487836
7800.000000,contribution,optical,hardware,1,1,1,0,priority,0.000500,180,15,hybrid,0.050000,4000.000000,6.087000,52.000000,500.000000,500.000000,2.000000,240.000000,0.400000,205,130,205,83,151,21,47,0,0,0,0,0,83,83,0,0,0.000000,1.000000,43.602652,clear-ocean,30.000000,60.000000,0.151000,1030,2628030,673.853846,8.639152,78,3,0,75,0,68,0,0,68,0,0,0,0,0,0,106,23,0,83,0,2,0,2,0,23,52,130,23,50,78,16.399125,331.863067,2312.306635,8.695652,3.846154,40.000000,2,0,0,1773668.913338,24.722625,119.898363,5901.100923,606.655743,165.023686,160.300579,1772225.098663,1766921.191427,931.980008,6747.721911,511.834667,0.034203,0.009304,0.009038,99.918597,0.028857,16.795261,9.367060,3.026206,56.887308,95,0.928718,14,52,0,100.000000,1.271243,73.658537,1306.822853,2014.637949,12068.873099,-0.000000,448.973053
7860.000000,contribution,optical,hardware,1,1,1,0,priority,0.000500,180,15,hybrid,0.050000,4000.000000,6.087000,52.000000,500.000000,500.000000,2.000000,240.000000,0.400000,205,130,205,83,151,21,47,0,0,0,0,0,83,83,0,0,0.000000,1.000000,43.602652,clear-ocean,30.000000,60.000000,0.151000,1030,2628030,673.853846,8.573204,78,3,0,75,0,68,0,0,68,0,0,0,0,0,0,106,23,0,83,0,2,0,2,0,23,52,130,23,50,78,16.399125,331.863067,2312.306635,8.695652,3.846154,40.000000,2,0,0,1787266.014811,24.722625,119.898363,5901.100923,610.791913,166.057728,160.530366,1785816.800136,1780512.892900,937.380008,6753.121911,511.834667,0.034175,0.009291,0.008982,99.918914,0.028638,16.795261,9.367060,3.026206,56.850000,95,0.921628,14,52,0,100.000000,1.271243,73.658537,1306.822853,1999.259033,12154.979815,-0.000000,485.591824
7920.000000,contribution,optical,hardware,1,1,1,0,priority,0.000500,180,15,hybrid,0.050000,4000.000000,6.087000,52.000000,500.000000,500.000000,2.000000,240.000000,0.400000,205,130,205,93,152,21,47,0,0,0,0,0,93,93,0,0,0.000000,1.000000,43.550359,clear-ocean,30.000000,60.000000,0.151000,1042,2674002,685.641538,8.657090,78,3,0,75,0,68,0,0,68,0,0,0,0,0,0,108,23,0,84,1,2,0,2,0,23,52,130,23,50,79,16.399125,331.863067,2351.591461,8.695652,3.846154,39.230769,2,0,0,1800984.338232,24.722625,119.898363,6022.322872,614.928083,167.091771,172.760154,1799510.806429,1794104.594372,954.780008,6879.743860,518.751795,0.034144,0.009278,0.009593,99.918182,0.028804,16.795261,9.367060,3.049277,56.796843,95,0.929040,14,42,8,100.000000,1.271243,74.146341,1333.855649,2009.365657,12241.086531,-0.000000,499.871988
7980.000000,contribution,optical,hardware,1,1,1,0,priority,0.000500,180,15,hybrid,0.050000,4000.000000,6.087000,52.000000,500.000000,500.000000,2.000000,240.000000,0.400000,205,130,205,93,154,21,47,0,0,0,0,0,93,93,0,0,0.000000,1.000000,43.550359,clear-ocean,30.000000,60.000000,0.151000,1072,2779752,712.756923,8.931791,78,3,0,75,0,68,0,0,68,0,0,0,0,0,0,112,25,0,86,1,2,0,2,0,23,52,130,23,50,81,16.399125,331.863067,2427.363050,8.695652,3.846154,37.692308,2,0,0,1814819.278679,24.722625,119.898363,6260.161846,619.064254,168.125813,172.989941,1813319.437542,1807696.295845,960.180008,7122.982834,539.661128,0.034112,0.009264,0.009532,99.917356,0.029736,16.795261,9.367060,3.091438,56.685589,95,0.976692,14,42,6,100.000000,1.271243,75.121951,1386.926885,2044.382957,12327.193247,0.000000,490.459514
8040.000000,contribution,optical,hardware,1,1,1,0,priority,0.000500,180,15,hybrid,0.050000,4000.000000,6.087000,52.000000,500.000000,500.000000,2.000000,240.000000,0.400000,205,130,205,93,155,21,47,0,0,0,0,0,93,93,0,0,0.000000,1.000000,43.550359,clear-ocean,30.000000,60.000000,0.151000,1096,2868024,735.390769,9.146651,78,3,0,75,0,68,0,0,68,0,0,0,0,0,0,116,28,0,87,1,2,0,2,0,23,52,130,23,50,82,16.399125,331.863067,2464.568690,8.695652,3.846154,36.923077,2,0,0,1828612.199639,24.722625,119.898363,6455.981333,623.200424,169.159856,173.219728,1827092.213066,1821287.997317,965.580008,7324.202321,554.406564,0.034081,0.009251,0.009473,99.916878,0.030318,16.795261,9.367060,3.149259,56.575995,95,1.013930,14,42,5,100.000000,1.271243,75.609756,1413.322360,2054.001990,12413.299963,0.000000,458.246884
8100.000000,contribution,optical,hardware,1,1,1,0,priority,0.000500,180,15,hybrid,0.050000,4000.000000,6.087000,52.000000,500.000000,500.000000,2.000000,240.000000,0.400000,205,130,205,93,158,21,47,0,0,0,0,0,93,93,0,0,0.000000,1.000000,43.550359,clear-ocean,30.000000,60.000000,0.151000,1128,2982048,764.627692,9.439848,78,3,0,75,0,68,0,0,68,0,0,0,0,0,0,120,30,0,90,0,2,0,2,0,23,52,130,23,50,85,16.399125,331.863067,2569.843399,8.695652,3.846154,34.615385,2,0,0,1842466.694342,24.722625,119.898363,6713.374564,627.336594,170.193899,173.449515,1840917.819769,1834879.698790,970.980008,7586.995552,577.894564,0.034049,0.009237,0.009414,99.915935,0.031365,16.795261,9.367060,3.159235,56.468025,95,1.031111,14,42,3,100.000000,1.271243,77.073171,1489.917861,2112.861235,12499.406680,0.000000,406.288471
8160.000000,contribution,optical,hardware,1,1,1,0,priority,0.000500,180,15,hybrid,0.050000,4000.000000,6.087000,52.000000,500.000000,500.000000,2.000000,240.000000,0.400000,205,130,205,93,161,21,47,0,0,0,0,0,93,93,0,0,0.000000,1.000000,43.550359,clear-ocean,30.000000,60.000000,0.151000,1149,3057909,784.079231,9.608814,78,3,0,75,0,68,0,0,68,0,0,0,0,0,0,123,30,0,93,0,2,0,2,0,23,52,130,23,50,88,16.399125,331.863067,2664.868629,8.695652,3.846154,32.307692,2,0,0,1856235.077661,24.722625,119.898363,6884.656410,631.472764,171.227941,173.679303,1854665.143396,1848471.400262,976.380008,7763.677398,593.554256,0.034019,0.009224,0.009357,99.915424,0.031976,16.795261,9.367060,3.129389,56.361642,95,1.026838,14,42,0,100.000000,1.271243,78.536585,1561.979954,2170.854902,12585.513396,0.000000,339.510925
8220.000000,contribution,optical,hardware,1,1,1,0,priority,0.000500,180,15,hybrid,0.050000,4000.000000,6.087000,52.000000,500.000000,500.000000,2.000000,240.000000,0.400000,205,130,205,93,161,21,47,0,0,0,0,0,93,93,0,0,0.000000,1.000000,43.550359,clear-ocean,30.000000,60.000000,0.151000,1149,3057909,784.079231,9.538677,78,3,0,75,0,68,0,0,68,0,0,0,0,0,0,123,30,0,93,0,2,0,2,0,23,52,130,23,50,88,16.399125,331.863067,2664.868629,8.695652,3.846154,32.307692,2,0,0,1869832.179133,24.722625,119.898363,6884.656410,635.608935,172.261984,173.909090,1868256.844868,1862063.101735,981.780008,7769.077398,593.554256,0.033993,0.009213,0.009301,99.915750,0.031744,16.795261,9.367060,3.129389,56.256813,95,1.019343,14,42,0,100.000000,1.271243,78.536585,1561.979954,2155.009246,12528.379888,0.000000,385.182255
8280.000000,contribution,optical,hardware,1,1,1,0,priority,0.000500,180,15,hybrid,0.050000,4000.000000,6.087000,52.000000,500.000000,500.000000,2.000000,240.000000,0.400000,205,130,205,93,161,21,47,0,0,0,0,0,93,93,0,0,0.000000,1.000000,43.550359,clear-ocean,30.000000,60.000000,0.151000,1149,3057909,784.079231,9.469556,78,3,0,75,0,68,0,0,68,0,0,0,0,0,0,123,30,0,93,0,2,0,2,0,23,52,130,23,50,88,16.399125,331.863067,2664.868629,8.695652,3.846154,32.307692,2,0,0,1883429.280606,24.722625,119.898363,6884.656410,639.745105,173.296026,174.138877,1881848.546341,1875654.803207,987.180008,7774.477398,593.554256,0.033967,0.009201,0.009246,99.916071,0.031515,16.795261,9.367060,3.129389,56.153502,95,1.011957,14,42,0,100.000000,1.271243,78.536585,1561.979954,2139.393237,12442.273172,0.000000,442.758027
8340.000000,contribution,optical,hardware,1,1,1,0,priority,0.000500,180,15,hybrid,0.050000,4000.000000,6.087000,52.000000,500.000000,500.000000,2.000000,240.000000,0.400000,205,130,205,93,161,21,47,0,0,0,0,0,93,93,0,0,0.000000,1.000000,43.550359,clear-ocean,30.000000,60.000000,0.151000,1149,3057909,784.079231,9.401430,78,3,0,75,0,68,0,0,68,0,0,0,0,0,0,123,30,0,93,0,2,0,2,0,23,52,130,23,50,88,16.399125,331.863067,2664.868629,8.695652,3.846154,32.307692,2,0,0,1897026.382078,24.722625,119.898363,6884.656410,643.881275,174.330069,174.368664,1895440.247813,1889246.504680,992.580008,7779.877398,593.554256,0.033942,0.009190,0.009192,99.916388,0.031289,16.795261,9.367060,3.129389,56.051679,95,1.004676,14,42,0,100.000000,1.271243,78.536585,1561.979954,2124.001918,12356.166456,0.000000,482.056655
8400.000000,contribution,optical,hardware,1,1,1,0,priority,0.000500,180,15,hybrid,0.050000,4000.000000,6.087000,52.000000,500.000000,500.000000,2.000000,240.000000,0.400000,205,130,205,93,161,21,47,0,0,0,0,0,93,93,0,0,0.000000,1.000000,43.550359,clear-ocean,30.000000,60.000000,0.151000,1149,3057909,784.079231,9.334277,78,3,0,75,0,68,0,0,68,0,0,0,0,0,0,123,30,0,93,0,2,0,2,0,23,52,130,23,50,88,16.399125,331.863067,2664.868629,8.695652,3.846154,32.307692,2,0,0,1910623.483551,24.722625,119.898363,6884.656410,648.017445,175.364111,174.598452,1909031.949286,1902838.206152,997.980008,7785.277398,593.554256,0.033917,0.009178,0.009138,99.916701,0.031066,16.795261,9.367060,3.129389,55.951310,95,0.997500,14,42,0,100.000000,1.271243,78.536585,1561.979954,2108.830476,12270.059740,0.000000,499.351878
8460.000000,contribution,optical,hardware,1,1,1,0,priority,0.000500,180,15,hybrid,0.050000,4000.000000,6.087000,52.000000,500.000000,500.000000,2.000000,240.000000,0.400000,205,130,205,93,161,21,47,0,0,0,0,0,93,93,0,0,0.000000,1.000000,43.550359,clear-ocean,30.000000,60.000000,0.151000,1149,3057909,784.079231,9.268076,78,3,0,75,0,68,0,0,68,0,0,0,0,0,0,123,30,0,93,0,2,0,2,0,23,52,130,23,50,88,16.399125,331.863067,2664.868629,8.695652,3.846154,32.307692,2,0,0,1924220.585023,24.722625,119.898363,6884.656410,652.153615,176.398154,174.828239,1922623.650758,1916429.907625,1003.380008,7790.677398,593.554256,0.033892,0.009167,0.009086,99.917009,0.030846,16.795261,9.367060,3.129389,55.852364,95,0.990426,14,42,0,100.000000,1.271243,78.536585,1561.979954,2093.874232,12183.953024,-0.000000,493.003780
8520.000000,contribution,optical,hardware,1,1,1,0,priority,0.000500,180,15,hybrid,0.050000,4000.000000,6.087000,52.000000,500.000000,500.000000,2.000000,240.000000,0.400000,205,130,205,93,161,21,47,0,0,0,0,0,93,93,0,0,0.000000,1.000000,43.550359,clear-ocean,30.000000,60.000000,0.151000,1149,3057909,784.079231,9.202808,78,3,0,75,0,68,0,0,68,0,0,0,0,0,0,123,30,0,93,0,2,0,2,0,23,52,130,23,50,88,16.399125,331.863067,2664.868629,8.695652,3.846154,32.307692,2,0,0,1937817.686496,24.722625,119.898363,6884.656410,656.289786,177.432196,175.058026,1936215.352231,1930021.609097,1008.780008,7796.077398,593.554256,0.033867,0.009156,0.009034,99.917312,0.030630,16.795261,9.367060,3.129389,55.754812,95,0.983451,14,42,0,100.000000,1.271243,78.536585,1561.979954,2079.128638,12097.846307,-0.000000,463.614281
8580.000000,contribution,optical,hardware,1,1,1,0,priority,0.000500,180,15,hybrid,0.050000,4000.000000,6.087000,52.000000,500.000000,500.000000,2.000000,240.000000,0.400000,205,130,205,93,161,21,47,0,0,0,0,0,93,93,0,0,0.000000,1.000000,43.550359,clear-ocean,30.000000,60.000000,0.151000,1149,3057909,784.079231,9.138453,78,3,0,75,0,68,0,0,68,0,0,0,0,0,0,123,30,0,93,0,2,0,2,0,23,52,130,23,50,88,16.399125,331.863067,2664.868629,8.695652,3.846154,32.307692,2,0,0,1951414.787968,24.722625,119.898363,6884.656410,660.425956,178.466239,175.287813,1949807.053703,1943613.310570,1014.180008,7801.477398,593.554256,0.033843,0.009145,0.008983,99.917612,0.030417,16.795261,9.367060,3.129389,55.658625,95,0.976573,14,42,0,100.000000,1.271243,78.536585,1561.979954,2064.589277,12011.739591,-0.000000,413.970067
8640.000000,contribution,optical,hardware,1,1,1,0,priority,0.000500,180,15,hybrid,0.050000,4000.000000,6.087000,52.000000,500.000000,500.000000,2.000000,240.000000,0.400000,205,130,205,93,161,21,47,0,0,0,0,0,93,93,0,0,0.000000,1.000000,43.550359,clear-ocean,30.000000,60.000000,0.151000,1149,3057909,784.079231,9.074991,78,3,0,75,0,68,0,0,68,0,0,0,0,0,0,123,30,0,93,0,2,0,2,0,23,52,130,23,50,88,16.399125,331.863067,2664.868629,8.695652,3.846154,32.307692,2,0,0,1965011.889441,24.722625,119.898363,6884.656410,664.562126,179.500282,175.517600,1963398.755176,1957205.012042,1019.580008,7806.877398,593.554256,0.033820,0.009135,0.008932,99.917907,0.030206,16.795261,9.367060,3.129389,55.563773,95,0.969792,14,42,0,100.000000,1.271243,78.536585,1561.979954,2050.251852,11925.632875,-0.000000,348.778358
8700.000000,contribution,optical,hardware,1,1,1,0,priority,0.000500,180,15,hybrid,0.050000,4000.000000,6.087000,52.000000,500.000000,500.000000,2.000000,240.000000,0.400000,205,130,205,93,161,21,47,0,0,0,0,0,93,93,0,0,0.000000,1.000000,43.550359,clear-ocean,30.000000,60.000000,0.151000,1149,3057909,784.079231,9.012405,78,3,0,75,0,68,0,0,68,0,0,0,0,0,0,123,30,0,93,0,2,0,2,0,23,52,130,23,50,88,16.399125,331.863067,2664.868629,8.695652,3.846154,32.307692,2,0,0,1978608.990913,24.722625,119.898363,6884.656410,668.698296,180.534324,175.747388,1976990.456649,1970796.713515,1024.980008,7812.277398,593.554256,0.033796,0.009124,0.008882,99.918198,0.029999,16.795261,9.367060,3.129389,55.470230,95,0.963103,14,42,0,100.000000,1.271243,78.536585,1561.979954,2036.112184,11839.526159,-0.000000,274.220573
8760.000000,contribution,optical,hardware,1,1,1,0,priority,0.000500,180,15,hybrid,0.050000,4000.000000,6.087000,52.000000,500.000000,500.000000,2.000000,240.000000,0.400000,205,130,205,93,161,21,47,0,0,0,0,0,93,93,0,0,0.000000,1.000000,43.550359,clear-ocean,30.000000,60.000000,0.151000,1149,3057909,784.079231,8.950676,78,3,0,75,0,68,0,0,68,0,0,0,0,0,0,123,30,0,93,0,2,0,2,0,23,52,130,23,50,88,16.399125,331.863067,2664.868629,8.695652,3.846154,32.307692,2,0,0,1992206.092386,24.722625,119.898363,6884.656410,672.834466,181.568367,175.977175,1990582.158121,1984388.414987,1030.380008,7817.677398,593.554256,0.033773,0.009114,0.008833,99.918486,0.029794,16.795261,9.367060,3.129389,55.377968,95,0.956507,14,42,0,100.000000,1.271243,78.536585,1561.979954,2022.166210,11753.419443,-0.000000,197.366215
8820.000000,contribution,optical,hardware,1,1,1,0,priority,0.000500,180,15,hybrid,0.050000,4000.000000,6.087000,52.000000,500.000000,500.000000,2.000000,240.000000,0.400000,205,130,205,93,161,21,47,0,0,0,0,0,93,93,0,0,0.000000,1.000000,43.550359,clear-ocean,30.000000,60.000000,0.151000,1149,3057909,784.079231,8.889787,78,3,0,75,0,68,0,0,68,0,0,0,0,0,0,123,30,0,93,0,2,0,2,0,23,52,130,23,50,88,16.399125,331.863067,2664.868629,8.695652,3.846154,32.307692,2,0,0,2005803.193858,24.722625,119.898363,6884.656410,676.970637,182.602409,176.206962,2004173.859594,1997980.116460,1035.780008,7823.077398,593.554256,0.033751,0.009104,0.008785,99.918769,0.029592,16.795261,9.367060,3.129389,55.286961,95,0.950000,14,42,0,100.000000,1.271243,78.536585,1561.979954,2008.409977,11667.312727,-0.000000,125.502546
8880.000000,contribution,optical,hardware,1,1,1,0,priority,0.000500,180,15,hybrid,0.050000,4000.000000,6.087000,52.000000,500.000000,500.000000,2.000000,240.000000,0.400000,205,130,205,93,161,21,47,0,0,0,0,0,93,93,0,0,0.000000,1.000000,43.550359,clear-ocean,30.000000,60.000000,0.151000,1149,3057909,784.079231,8.829721,78,3,0,75,0,68,0,0,68,0,0,0,0,0,0,123,30,0,93,0,2,0,2,0,23,52,130,23,50,88,16.399125,331.863067,2664.868629,8.695652,3.846154,32.307692,2,0,0,2019400.295331,24.722625,119.898363,6884.656410,681.106807,183.636452,176.436749,2017765.561066,2011571.817933,1041.180008,7828.477398,593.554256,0.033728,0.009094,0.008737,99.919049,0.029393,16.795261,9.367060,3.129389,55.197185,95,0.943581,14,42,0,100.000000,1.271243,78.536585,1561.979954,1994.839640,11581.206011,-0.000000,65.443614
8940.000000,contribution,optical,hardware,1,1,1,0,priority,0.000500,180,15,hybrid,0.050000,4000.000000,6.087000,52.000000,500.000000,500.000000,2.000000,240.000000,0.400000,205,130,205,93,161,21,47,0,0,0,0,0,93,93,0,0,0.000000,1.000000,43.550359,clear-ocean,30.000000,60.000000,0.151000,1149,3057909,784.079231,8.770461,78,3,0,75,0,68,0,0,68,0,0,0,0,0,0,123,30,0,93,0,2,0,2,0,23,52,130,23,50,88,16.399125,331.863067,2664.868629,8.695652,3.846154,32.307692,2,0,0,2032997.396803,24.722625,119.898363,6884.656410,685.242977,184.670494,176.666537,2031357.262539,2025163.519405,1046.580008,7833.877398,593.554256,0.033706,0.009084,0.008690,99.919324,0.029196,16.795261,9.367060,3.129389,55.108613,95,0.937248,14,42,0,100.000000,1.271243,78.536585,1561.979954,1981.451454,11495.099294,-0.000000,22.884153
9000.000000,contribution,optical,hardware,1,1,1,0,priority,0.000500,180,15,hybrid,0.050000,4000.000000,6.087000,52.000000,500.000000,500.000000,2.000000,240.000000,0.400000,205,130,205,93,161,21,47,0,0,0,0,0,93,93,0,0,0.000000,1.000000,43.550359,clear-ocean,30.000000,60.000000,0.151000,1149,3057909,784.079231,8.711991,78,3,0,75,0,68,0,0,68,0,0,0,0,0,0,123,30,0,93,0,2,0,2,0,23,52,130,23,50,88,16.399125,331.863067,2664.868629,8.695652,3.846154,32.307692,2,0,0,2046594.498276,24.722625,119.898363,6884.656410,689.379147,185.704537,176.896324,2044948.964011,2038755.220878,1051.980008,7839.277398,593.554256,0.033684,0.009074,0.008643,99.919596,0.029002,16.795261,9.367060,3.129389,55.021222,95,0.931000,14,42,0,100.000000,1.271243,78.536585,1561.979954,1968.241778,11408.992578,-0.000000,1.859614
9060.000000,contribution,optical,hardware,1,1,1,0,priority,0.000500,180,15,hybrid,0.050000,4000.000000,6.087000,52.000000,500.000000,500.000000,2.000000,240.000000,0.400000,205,130,205,93,161,21,47,0,0,0,0,0,93,93,0,0,0.000000,1.000000,43.550359,clear-ocean,30.000000,60.000000,0.151000,1149,3057909,784.079231,8.654296,78,3,0,75,0,68,0,0,68,0,0,0,0,0,0,123,30,0,93,0,2,0,2,0,23,52,130,23,50,88,16.399125,331.863067,2664.868629,8.695652,3.846154,32.307692,2,0,0,2060191.599748,24.722625,119.898363,6884.656410,693.515318,186.738579,177.126111,2058540.665484,2052346.922350,1057.380008,7844.677398,593.554256,0.033663,0.009064,0.008598,99.919865,0.028811,16.795261,9.367060,3.129389,54.934989,95,0.924834,14,42,0,100.000000,1.271243,78.536585,1561.979954,1955.207064,11322.885862,0.000000,4.363524
9120.000000,contribution,optical,hardware,1,1,1,0,priority,0.000500,180,15,hybrid,0.050000,4000.000000,6.087000,52.000000,500.000000,500.000000,2.000000,240.000000,0.400000,205,130,205,93,161,21,47,0,0,0,0,0,93,93,0,0,0.000000,1.000000,43.550359,clear-ocean,30.000000,60.000000,0.151000,1149,3057909,784.079231,8.597360,78,3,0,75,0,68,0,0,68,0,0,0,0,0,0,123,30,0,93,0,2,0,2,0,23,52,130,23,50,88,16.399125,331.863067,2664.868629,8.695652,3.846154,32.307692,2,0,0,2073788.701221,24.722625,119.898363,6884.656410,697.651488,187.772622,177.355898,2072132.366956,2065938.623823,1062.780008,7850.077398,593.554256,0.033641,0.009055,0.008552,99.920130,0.028622,16.795261,9.367060,3.129389,54.849890,95,0.918750,14,42,0,100.000000,1.271243,78.536585,1561.979954,1942.343860,11236.779146,0.000000,30.158465
9180.000000,contribution,optical,hardware,1,1,1,0,priority,0.000500,180,15,hybrid,0.050000,4000.000000,6.087000,52.000000,500.000000,500.000000,2.000000,240.000000,0.400000,205,130,205,93,161,21,47,0,0,0,0,0,93,93,0,0,0.000000,1.000000,43.550359,clear-ocean,30.000000,60.000000,0.151000,1149,3057909,784.079231,8.541168,78,3,0,75,0,68,0,0,68,0,0,0,0,0,0,123,30,0,93,0,2,0,2,0,23,52,130,23,50,88,16.399125,331.863067,2664.868629,8.695652,3.846154,32.307692,2,0,0,2087385.802693,24.722625,119.898363,6884.656410,701.787658,188.806664,177.585686,2085724.068429,2079530.325295,1068.180008,7855.477398,593.554256,0.033620,0.009045,0.008508,99.920392,0.028435,16.795261,9.367060,3.129389,54.765904,95,0.912745,14,42,0,100.000000,1.271243,78.536585,1561.979954,1929.648802,11150.672430,0.000000,76.798583
9240.000000,contribution,optical,hardware,1,1,1,0,priority,0.000500,180,15,hybrid,0.050000,4000.000000,6.087000,52.000000,500.000000,500.000000,2.000000,240.000000,0.400000,205,130,205,93,161,21,47,0,0,0,0,0,93,93,0,0,0.000000,1.000000,43.550359,clear-ocean,30.000000,60.000000,0.151000,1149,3057909,784.079231,8.485706,78,3,0,75,0,68,0,0,68,0,0,0,0,0,0,123,30,0,93,0,2,0,2,0,23,52,130,23,50,88,16.399125,331.863067,2664.868629,8.695652,3.846154,32.307692,2,0,0,2100982.904166,24.722625,119.898363,6884.656410,705.923828,189.840707,177.815473,2099315.769901,2093122.026768,1073.580008,7860.877398,593.554256,0.033600,0.009036,0.008463,99.920650,0.028251,16.795261,9.367060,3.129389,54.683009,95,0.906818,14,42,0,100.000000,1.271243,78.536585,1561.979954,1917.118615,11064.565714,0.000000,139.861505
9300.000000,contribution,optical,hardware,1,1,1,0,priority,0.000500,180,15,hybrid,0.050000,4000.000000,6.087000,52.000000,500.000000,500.000000,2.000000,240.000000,0.400000,205,130,205,93,161,21,47,0,0,0,0,0,93,93,0,0,0.000000,1.000000,43.550359,clear-ocean,30.000000,60.000000,0.151000,1149,3057909,784.079231,8.430959,78,3,0,75,0,68,0,0,68,0,0,0,0,0,0,123,30,0,93,0,2,0,2,0,23,52,130,23,50,88,16.399125,331.863067,2664.868629,8.695652,3.846154,32.307692,2,0,0,2114580.005638,24.722625,119.898363,6884.656410,710.059998,190.874750,178.045260,2112907.471374,2106713.728240,1078.980008,7866.277398,593.554256,0.033579,0.009027,0.008420,99.920905,0.028070,16.795261,9.367060,3.129389,54.601183,95,0.900968,14,42,0,100.000000,1.271243,78.536585,1561.979954,1904.750108,10978.458998,0.000000,213.367661
9360.000000,contribution,optical,hardware,1,1,1,0,priority,0.000500,180,15,hybrid,0.050000,4000.000000,6.087000,52.000000,500.000000,500.000000,2.000000,240.000000,0.400000,205,130,205,93,161,21,47,0,0,0,0,0,93,93,0,0,0.000000,1.000000,43.550359,clear-ocean,30.000000,60.000000,0.151000,1149,3057909,784.079231,8.376915,78,3,0,75,0,68,0,0,68,0,0,0,0,0,0,123,30,0,93,0,2,0,2,0,23,52,130,23,50,88,16.399125,331.863067,2664.868629,8.695652,3.846154,32.307692,2,0,0,2128177.107111,24.722625,119.898363,6884.656410,714.196169,191.908792,178.275047,2126499.172846,2120305.429713,1084.380008,7871.677398,593.554256,0.033559,0.009018,0.008377,99.921156,0.027890,16.795261,9.367060,3.129389,54.520406,95,0.895192,14,42,0,100.000000,1.271243,78.536585,1561.979954,1892.540171,10892.352281,0.000000,290.347262
9420.000000,contribution,optical,hardware,1,1,1,0,priority,0.000500,180,15,hybrid,0.050000,4000.000000,6.087000,52.000000,500.000000,500.000000,2.000000,240.000000,0.400000,205,130,205,93,161,21,47,0,0,0,0,0,93,93,0,0,0.000000,1.000000,43.550359,clear-ocean,30.000000,60.000000,0.151000,1149,3057909,784.079231,8.323559,78,3,0,75,0,68,0,0,68,0,0,0,0,0,0,123,30,0,93,0,2,0,2,0,23,52,130,23,50,88,16.399125,331.863067,2664.868629,8.695652,3.846154,32.307692,2,0,0,2141774.208583,24.722625,119.898363,6884.656410,718.332339,192.942835,178.504835,2140090.874319,2133897.131185,1089.780008,7877.077398,593.554256,0.033539,0.009009,0.008334,99.921405,0.027713,16.795261,9.367060,3.129389,54.440658,95,0.889490,14,42,0,100.000000,1.271243,78.536585,1561.979954,1880.485775,10806.245565,0.000000,363.501172
9480.000000,contribution,optical,hardware,1,1,1,0,priority,0.000500,180,15,hybrid,0.050000,4000.000000,6.087000,52.000000,500.000000,500.000000,2.000000,240.000000,0.400000,205,130,205,93,161,21,47,0,0,0,0,0,93,93,0,0,0.000000,1.000000,43.550359,clear-ocean,30.000000,60.000000,0.151000,1149,3057909,784.079231,8.270878,78,3,0,75,0,68,0,0,68,0,0,0,0,0,0,123,30,0,93,0,2,0,2,0,23,52,130,23,50,88,16.399125,331.863067,2664.868629,8.695652,3.846154,32.307692,2,0,0,2155371.310056,24.722625,119.898363,6884.656410,722.468509,193.976877,178.734622,2153682.575791,2147488.832658,1095.180008,7882.477398,593.554256,0.033519,0.009000,0.008293,99.921650,0.027538,16.795261,9.367060,3.129389,54.361920,95,0.883861,14,42,0,100.000000,1.271243,78.536585,1561.979954,1868.583966,10720.138849,0.000000,425.893002
9540.000000,contribution,optical,hardware,1,1,1,0,priority,0.000500,180,15,hybrid,0.050000,4000.000000,6.087000,52.000000,500.000000,500.000000,2.000000,240.000000,0.400000,205,130,205,93,161,21,47,0,0,0,0,0,93,93,0,0,0.000000,1.000000,43.550359,clear-ocean,30.000000,60.000000,0.151000,1149,3057909,784.079231,8.218860,78,3,0,75,0,68,0,0,68,0,0,0,0,0,0,123,30,0,93,0,2,0,2,0,23,52,130,23,50,88,16.399125,331.863067,2664.868629,8.695652,3.846154,32.307692,2,0,0,2168968.411528,24.722625,119.898363,6884.656410,726.604679,195.010920,178.964409,2167274.277264,2161080.534130,1100.580008,7887.877398,593.554256,0.033500,0.008991,0.008251,99.921892,0.027366,16.795261,9.367060,3.129389,54.284172,95,0.878302,14,42,0,100.000000,1.271243,78.536585,1561.979954,1856.831866,10634.032133,0.000000,471.606815
9600.000000,contribution,optical,hardware,1,1,1,0,priority,0.000500,180,15,hybrid,0.050000,4000.000000,6.087000,52.000000,500.000000,500.000000,2.000000,240.000000,0.400000,205,130,205,93,161,21,47,0,0,0,0,0,93,93,0,0,0.000000,1.000000,43.550359,clear-ocean,30.000000,60.000000,0.151000,1149,3057909,784.079231,8.167492,78,3,0,75,0,68,0,0,68,0,0,0,0,0,0,123,30,0,93,0,2,0,2,0,23,52,130,23,50,88,16.399125,331.863067,2664.868629,8.695652,3.846154,32.307692,2,0,0,2182565.513001,24.722625,119.898363,6884.656410,730.740849,196.044962,179.194196,2180865.978736,2174672.235603,1105.980008,7893.277398,593.554256,0.033481,0.008982,0.008210,99.922131,0.027195,16.795261,9.367060,3.129389,54.207396,95,0.872812,14,42,0,100.000000,1.271243,78.536585,1561.979954,1845.226667,10547.925417,0.000000,496.308069
9660.000000,contribution,optical,hardware,1,1,1,0,priority,0.000500,180,15,hybrid,0.050000,4000.000000,6.087000,52.000000,500.000000,500.000000,2.000000,240.000000,0.400000,205,130,205,93,161,21,47,0,0,0,0,0,93,93,0,0,0.000000,1.000000,43.550359,clear-ocean,30.000000,60.000000,0.151000,1149,3057909,784.079231,8.116762,78,3,0,75,0,68,0,0,68,0,0,0,0,0,0,123,30,0,93,0,2,0,2,0,23,52,130,23,50,88,16.399125,331.863067,2664.868629,8.695652,3.846154,32.307692,2,0,0,2196162.614473,24.722625,119.898363,6884.656410,734.877020,197.079005,179.423983,2194457.680209,2188263.937075,1111.380008,7898.677398,593.554256,0.033462,0.008974,0.008170,99.922368,0.027027,16.795261,9.367060,3.129389,54.131573,95,0.867391,14,42,0,100.000000,1.271243,78.536585,1561.979954,1833.765631,10461.818701,-0.000000,497.654611
9720.000000,contribution,optical,hardware,1,1,1,0,priority,0.000500,180,15,hybrid,0.050000,4000.000000,6.087000,52.000000,500.000000,500.000000,2.000000,240.000000,0.400000,205,130,205,93,161,21,47,0,0,0,0,0,93,93,0,0,0.000000,1.000000,43.550359,clear-ocean,30.000000,60.000000,0.151000,1149,3057909,784.079231,8.066659,78,3,0,75,0,68,0,0,68,0,0,0,0,0,0,123,30,0,93,0,2,0,2,0,23,52,130,23,50,88,16.399125,331.863067,2664.868629,8.695652,3.846154,32.307692,2,0,0,2209759.715946,24.722625,119.898363,6884.656410,739.013190,198.113047,179.653771,2208049.381681,2201855.638548,1116.780008,7904.077398,593.554256,0.033443,0.008965,0.008130,99.922601,0.026861,16.795261,9.367060,3.129389,54.056687,95,0.862037,14,42,0,100.000000,1.271243,78.536585,1561.979954,1822.446091,10375.711985,-0.000000,475.518765
9780.000000,contribution,optical,hardware,1,1,1,0,priority,0.000500,180,15,hybrid,0.050000,4000.000000,6.087000,52.000000,500.000000,500.000000,2.000000,240.000000,0.400000,205,130,205,93,161,21,47,0,0,0,0,0,93,93,0,0,0.000000,1.000000,43.550359,clear-ocean,30.000000,60.000000,0.151000,1149,3057909,784.079231,8.017170,78,3,0,75,0,68,0,0,68,0,0,0,0,0,0,123,30,0,93,0,2,0,2,0,23,52,130,23,50,88,16.399125,331.863067,2664.868629,8.695652,3.846154,32.307692,2,0,0,2223356.817418,24.722625,119.898363,6884.656410,743.149360,199.147090,179.883558,2221641.083154,2215447.340020,1122.180008,7909.477398,593.554256,0.033425,0.008957,0.008091,99.922831,0.026696,16.795261,9.367060,3.129389,53.982720,95,0.856748,14,42,0,100.000000,1.271243,78.536585,1561.979954,1811.265440,10289.605268,-0.000000,431.999432
9840.000000,contribution,optical,hardware,1,1,1,0,priority,0.000500,180,15,hybrid,0.050000,4000.000000,6.087000,52.000000,500.000000,500.000000,2.000000,240.000000,0.400000,205,130,205,93,161,21,47,0,0,0,0,0,93,93,0,0,0.000000,1.000000,43.550359,clear-ocean,30.000000,60.000000,0.151000,1149,3057909,784.079231,7.968285,78,3,0,75,0,68,0,0,68,0,0,0,0,0,0,123,30,0,93,0,2,0,2,0,23,52,130,23,50,88,16.399125,331.863067,2664.868629,8.695652,3.846154,32.307692,2,0,0,2236953.918891,24.722625,119.898363,6884.656410,747.285530,200.181133,180.113345,2235232.784626,2229039.041493,1127.580008,7914.877398,593.554256,0.033406,0.008949,0.008052,99.923059,0.026534,16.795261,9.367060,3.129389,53.909654,95,0.851524,14,42,0,100.000000,1.271243,78.536585,1561.979954,1800.221138,10203.498552,-0.000000,371.223075
9900.000000,contribution,optical,hardware,1,1,1,0,priority,0.000500,180,15,hybrid,0.050000,4000.000000,6.087000,52.000000,500.000000,500.000000,2.000000,240.000000,0.400000,205,130,205,93,161,21,47,0,0,0,0,0,93,93,0,0,0.000000,1.000000,43.550359,clear-ocean,30.000000,60.000000,0.151000,1149,3057909,784.079231,7.919992,78,3,0,75,0,68,0,0,68,0,0,0,0,0,0,123,30,0,93,0,2,0,2,0,23,52,130,23,50,88,16.399125,331.863067,2664.868629,8.695652,3.846154,32.307692,2,0,0,2250551.020363,24.722625,119.898363,6884.656410,751.421700,201.215175,180.343132,2248824.486099,2242630.742965,1132.980008,7920.277398,593.554256,0.033388,0.008941,0.008013,99.923284,0.026374,16.795261,9.367060,3.129389,53.837475,95,0.846364,14,42,0,100.000000,1.271243,78.536585,1561.979954,1789.310707,10117.391836,-0.000000,298.952455
9960.000000,contribution,optical,hardware,1,1,1,0,priority,0.000500,180,15,hybrid,0.050000,4000.000000,6.087000,52.000000,500.000000,500.000000,2.000000,240.000000,0.400000,205,130,205,93,161,21,47,0,0,0,0,0,93,93,0,0,0.000000,1.000000,43.550359,clear-ocean,30.000000,60.000000,0.151000,1149,3057909,784.079231,7.872281,78,3,0,75,0,68,0,0,68,0,0,0,0,0,0,123,30,0,93,0,2,0,2,0,23,52,130,23,50,88,16.399125,331.863067,2664.868629,8.695652,3.846154,32.307692,2,0,0,2264148.121836,24.722625,119.898363,6884.656410,755.557871,202.249218,180.572920,2262416.187571,2256222.444438,1138.380008,7925.677398,593.554256,0.033371,0.008933,0.007975,99.923506,0.026215,16.795261,9.367060,3.129389,53.766165,95,0.841265,14,42,0,100.000000,1.271243,78.536585,1561.979954,1778.531727,10031.285120,-0.000000,222.040207
10020.000000,contribution,optical,hardware,1,1,1,0,priority,0.000500,180,15,hybrid,0.050000,4000.000000,6.087000,52.000000,500.000000,500.000000,2.000000,240.000000,0.400000,205,130,205,93,161,21,47,0,0,0,0,0,93,93,0,0,0.000000,1.000000,43.550359,clear-ocean,30.000000,60.000000,0.151000,1149,3057909,784.079231,7.825142,78,3,0,75,0,68,0,0,68,0,0,0,0,0,0,123,30,0,93,0,2,0,2,0,23,52,130,23,50,88,16.399125,331.863067,2664.868629,8.695652,3.846154,32.307692,2,0,0,2277745.223308,24.722625,119.898363,6884.656410,759.694041,203.283260,180.802707,2276007.889044,2269814.145910,1143.780008,7931.077398,593.554256,0.033353,0.008925,0.007938,99.923726,0.026059,16.795261,9.367060,3.129389,53.695709,95,0.836228,14,42,0,100.000000,1.271243,78.536585,1561.979954,1767.881836,9945.178404,-0.000000,147.779081
10080.000000,contribution,optical,hardware,1,1,1,0,priority,0.000500,180,15,hybrid,0.050000,4000.000000,6.087000,52.000000,500.000000,500.000000,2.000000,240.000000,0.400000,205,130,205,93,161,21,47,0,0,0,0,0,93,93,0,0,0.000000,1.000000,43.550359,clear-ocean,30.000000,60.000000,0.151000,1149,3057909,784.079231,7.778564,78,3,0,75,0,68,0,0,68,0,0,0,0,0,0,123,30,0,93,0,2,0,2,0,23,52,130,23,50,88,16.399125,331.863067,2664.868629,8.695652,3.846154,32.307692,2,0,0,2291342.324781,24.722625,119.898363,6884.656410,763.830211,204.317303,181.032494,2289599.590516,2283405.847383,1149.180008,7936.477398,593.554256,0.033335,0.008917,0.007901,99.923943,0.025904,16.795261,9.367060,3.129389,53.626091,95,0.831250,14,42,0,100.000000,1.271243,78.536585,1561.979954,1757.358730,9859.071688,-0.000000,83.210451
10140.000000,contribution,optical,hardware,1,1,1,0,priority,0.000500,180,15,hybrid,0.050000,4000.000000,6.087000,52.000000,500.000000,500.000000,2.000000,240.000000,0.400000,205,130,205,93,161,21,47,0,0,0,0,0,93,93,0,0,0.000000,1.000000,43.550359,clear-ocean,30.000000,60.000000,0.151000,1149,3057909,784.079231,7.732537,78,3,0,75,0,68,0,0,68,0,0,0,0,0,0,123,30,0,93,0,2,0,2,0,23,52,130,23,50,88,16.399125,331.863067,2664.868629,8.695652,3.846154,32.307692,2,0,0,2304939.426253,24.722625,119.898363,6884.656410,767.966381,205.351345,181.262281,2303191.291989,2296997.548855,1154.580008,7941.877398,593.554256,0.033318,0.008909,0.007864,99.924157,0.025751,16.795261,9.367060,3.129389,53.557298,95,0.826331,14,42,0,100.000000,1.271243,78.536585,1561.979954,1746.960158,9772.964972,-0.000000,34.456658
10200.000000,contribution,optical,hardware,1,1,1,0,priority,0.000500,180,15,hybrid,0.050000,4000.000000,6.087000,52.000000,500.000000,500.000000,2.000000,240.000000,0.400000,205,130,205,93,161,21,47,0,0,0,0,0,93,93,0,0,0.000000,1.000000,43.550359,clear-ocean,30.000000,60.000000,0.151000,1149,3057909,784.079231,7.687051,78,3,0,75,0,68,0,0,68,0,0,0,0,0,0,123,30,0,93,0,2,0,2,0,23,52,130,23,50,88,16.399125,331.863067,2664.868629,8.695652,3.846154,32.307692,2,0,0,2318536.527726,24.722625,119.898363,6884.656410,772.102552,206.385388,181.492069,2316782.993461,2310589.250328,1159.980008,7947.277398,593.554256,0.033301,0.008902,0.007828,99.924369,0.025600,16.795261,9.367060,3.129389,53.489314,95,0.821471,14,42,0,100.000000,1.271243,78.536585,1561.979954,1736.683922,9686.858255,-0.000000,6.140491
10260.000000,contribution,optical,hardware,1,1,1,0,priority,0.000500,180,15,hybrid,0.050000,4000.000000,6.087000,52.000000,500.000000,500.000000,2.000000,240.000000,0.400000,205,130,205,93,161,21,47,0,0,0,0,0,93,93,0,0,0.000000,1.000000,43.550359,clear-ocean,30.000000,60.000000,0.151000,1149,3057909,784.079231,7.642098,78,3,0,75,0,68,0,0,68,0,0,0,0,0,0,123,30,0,93,0,2,0,2,0,23,52,130,23,50,88,16.399125,331.863067,2664.868629,8.695652,3.846154,32.307692,2,0,0,2332133.629198,24.722625,119.898363,6884.656410,776.238722,207.419430,181.721856,2330374.694934,2324180.951800,1165.380008,7952.677398,593.554256,0.033284,0.008894,0.007792,99.924578,0.025451,16.795261,9.367060,3.129389,53.422125,95,0.816667,14,42,0,100.000000,1.271243,78.536585,1561.979954,1726.527875,9600.751539,0.000000,0.946864
10320.000000,contribution,optical,hardware,1,1,1,0,priority,0.000500,180,15,hybrid,0.050000,4000.000000,6.087000,52.000000,500.000000,500.000000,2.000000,240.000000,0.400000,205,130,205,93,161,21,47,0,0,0,0,0,93,93,0,0,0.000000,1.000000,43.550359,clear-ocean,30.000000,60.000000,0.151000,1149,3057909,784.079231,7.597667,78,3,0,75,0,68,0,0,68,0,0,0,0,0,0,123,30,0,93,0,2,0,2,0,23,52,130,23,50,88,16.399125,331.863067,2664.868629,8.695652,3.846154,32.307692,2,0,0,2345730.730671,24.722625,119.898363,6884.656410,780.374892,208.453473,181.951643,2343966.396406,2337772.653273,1170.780008,7958.077398,593.554256,0.033268,0.008887,0.007757,99.924785,0.025304,16.795261,9.367060,3.129389,53.355717,95,0.811919,14,42,0,100.000000,1.271243,78.536585,1561.979954,1716.489922,9514.644823,0.000000,19.368233
10380.000000,contribution,optical,hardware,1,1,1,0,priority,0.000500,180,15,hybrid,0.050000,4000.000000,6.087000,52.000000,500.000000,500.000000,2.000000,240.000000,0.400000,205,130,205,93,161,21,47,0,0,0,0,0,93,93,0,0,0.000000,1.000000,43.550359,clear-ocean,30.000000,60.000000,0.151000,1149,3057909,784.079231,7.553750,78,3,0,75,0,68,0,0,68,0,0,0,0,0,0,123,30,0,93,0,2,0,2,0,23,52,130,23,50,88,16.399125,331.863067,2664.868629,8.695652,3.846154,32.307692,2,0,0,2359327.832143,24.722625,119.898363,6884.656410,784.511062,209.487516,182.181430,2357558.097879,2351364.354745,1176.180008,7963.477398,593.554256,0.033251,0.008879,0.007722,99.924990,0.025158,16.795261,9.367060,3.129389,53.290077,95,0.807225,14,42,0,100.000000,1.271243,78.536585,1561.979954,1706.568015,9428.538107,0.000000,59.657900
10440.000000,contribution,optical,hardware,1,1,1,0,priority,0.000500,180,15,hybrid,0.050000,4000.000000,6.087000,52.000000,500.000000,500.000000,2.000000,240.000000,0.400000,205,130,205,93,161,21,47,0,0,0,0,0,93,93,0,0,0.000000,1.000000,43.550359,clear-ocean,30.000000,60.000000,0.151000,1149,3057909,784.079231,7.510337,78,3,0,75,0,68,0,0,68,0,0,0,0,0,0,123,30,0,93,0,2,0,2,0,23,52,130,23,50,88,16.399125,331.863067,2664.868629,8.695652,3.846154,32.307692,2,0,0,2372924.933616,24.722625,119.898363,6884.656410,788.647232,210.521558,182.411217,2371149.799351,2364956.056218,1181.580008,7968.877398,593.554256,0.033235,0.008872,0.007687,99.925192,0.025014,16.795261,9.367060,3.129389,53.225192,95,0.802586,14,42,0,100.000000,1.271243,78.536585,1561.979954,1696.760153,9342.431391,0.000000,117.995634
10500.000000,contribution,optical,hardware,1,1,1,0,priority,0.000500,180,15,hybrid,0.050000,4000.000000,6.087000,52.000000,500.000000,500.000000,2.000000,240.000000,0.400000,205,130,205,93,161,21,47,0,0,0,0,0,93,93,0,0,0.000000,1.000000,43.550359,clear-ocean,30.000000,60.000000,0.151000,1149,3057909,784.079231,7.467421,78,3,0,75,0,68,0,0,68,0,0,0,0,0,0,123,30,0,93,0,2,0,2,0,23,52,130,23,50,88,16.399125,331.863067,2664.868629,8.695652,3.846154,32.307692,2,0,0,2386522.035088,24.722625,119.898363,6884.656410,792.783403,211.555601,182.641005,2384741.500824,2378547.757690,1186.980008,7974.277398,593.554256,0.033219,0.008865,0.007653,99.925392,0.024871,16.795261,9.367060,3.129389,53.161048,95,0.798000,14,42,0,100.000000,1.271243,78.536585,1561.979954,1687.064381,9256.324675,0.000000,188.849904
10560.000000,contribution,optical,hardware,1,1,1,0,priority,0.000500,180,15,hybrid,0.050000,4000.000000,6.087000,52.000000,500.000000,500.000000,2.000000,240.000000,0.400000,205,130,205,93,161,21,47,0,0,0,0,0,93,93,0,0,0.000000,1.000000,43.550359,clear-ocean,30.000000,60.000000,0.151000,1149,3057909,784.079231,7.424993,78,3,0,75,0,68,0,0,68,0,0,0,0,0,0,123,30,0,93,0,2,0,2,0,23,52,130,23,50,88,16.399125,331.863067,2664.868629,8.695652,3.846154,32.307692,2,0,0,2400119.136561,24.722625,119.898363,6884.656410,796.919573,212.589643,182.870792,2398333.202296,2392139.459163,1192.380008,7979.677398,593.554256,0.033203,0.008857,0.007619,99.925590,0.024730,16.795261,9.367060,3.129389,53.097633,95,0.793466,14,42,0,100.000000,1.271243,78.536585,1561.979954,1677.478788,9170.217959,0.000000,265.502372
10620.000000,contribution,optical,hardware,1,1,1,0,priority,0.000500,180,15,hybrid,0.050000,4000.000000,6.087000,52.000000,500.000000,500.000000,2.000000,240.000000,0.400000,205,130,205,93,161,21,47,0,0,0,0,0,93,93,0,0,0.000000,1.000000,43.550359,clear-ocean,30.000000,60.000000,0.151000,1149,3057909,784.079231,7.383044,78,3,0,75,0,68,0,0,68,0,0,0,0,0,0,123,30,0,93,0,2,0,2,0,23,52,130,23,50,88,16.399125,331.863067,2664.868629,8.695652,3.846154,32.307692,2,0,0,2413716.238033,24.722625,119.898363,6884.656410,801.055743,213.623686,183.100579,2411924.903769,2405731.160635,1197.780008,7985.077398,593.554256,0.033188,0.008850,0.007586,99.925785,0.024591,16.795261,9.367060,3.129389,53.034934,95,0.788983,14,42,0,100.000000,1.271243,78.536585,1561.979954,1668.001507,9084.111242,0.000000,340.684918
10680.000000,contribution,optical,hardware,1,1,1,0,priority,0.000500,180,15,hybrid,0.050000,4000.000000,6.087000,52.000000,500.000000,500.000000,2.000000,240.000000,0.400000,205,130,205,93,161,21,47,0,0,0,0,0,93,93,0,0,0.000000,1.000000,43.550359,clear-ocean,30.000000,60.000000,0.151000,1149,3057909,784.079231,7.341566,78,3,0,75,0,68,0,0,68,0,0,0,0,0,0,123,30,0,93,0,2,0,2,0,23,52,130,23,50,88,16.399125,331.863067,2664.868629,8.695652,3.846154,32.307692,2,0,0,2427313.339506,24.722625,119.898363,6884.656410,805.191913,214.657728,183.330366,2425516.605241,2419322.862108,1203.180008,7990.477398,593.554256,0.033172,0.008843,0.007553,99.925978,0.024453,16.795261,9.367060,3.129389,52.972940,95,0.784551,14,42,0,100.000000,1.271243,78.536585,1561.979954,1658.630712,8998.004526,0.000000,407.268802
10740.000000,contribution,optical,hardware,1,1,1,0,priority,0.000500,180,15,hybrid,0.050000,4000.000000,6.087000,52.000000,500.000000,500.000000,2.000000,240.000000,0.400000,205,130,205,93,161,21,47,0,0,0,0,0,93,93,0,0,0.000000,1.000000,43.550359,clear-ocean,30.000000,60.000000,0.151000,1149,3057909,784.079231,7.300551,78,3,0,75,0,68,0,0,68,0,0,0,0,0,0,123,30,0,93,0,2,0,2,0,23,52,130,23,50,88,16.399125,331.863067,2664.868629,8.695652,3.846154,32.307692,2,0,0,2440910.440978,24.722625,119.898363,6884.656410,809.328083,215.691771,183.560154,2439108.306714,2432914.563580,1208.580008,7995.877398,593.554256,0.033157,0.008837,0.007520,99.926170,0.024317,16.795261,9.367060,3.129389,52.911639,95,0.780168,14,42,0,100.000000,1.271243,78.536585,1561.979954,1649.364618,8911.897810,0.000000,458.940599
10800.000000,contribution,optical,hardware,1,1,1,0,priority,0.000500,180,15,hybrid,0.050000,4000.000000,6.087000,52.000000,500.000000,500.000000,2.000000,240.000000,0.400000,205,130,205,93,161,21,47,0,0,0,0,0,93,93,0,0,0.000000,1.000000,43.550359,clear-ocean,30.000000,60.000000,0.151000,1149,3057909,784.079231,7.259993,78,3,0,75,0,68,0,0,68,0,0,0,0,0,0,123,30,0,93,0,2,0,2,0,23,52,130,23,50,88,16.399125,331.863067,2664.868629,8.695652,3.846154,32.307692,2,0,0,2454507.542451,24.722625,119.898363,6884.656410,813.464254,216.725813,183.789941,2452700.008186,2446506.265053,1213.980008,8001.277398,593.554256,0.033142,0.008830,0.007488,99.926359,0.024182,16.795261,9.367060,3.129389,52.851019,95,0.775833,14,42,0,100.000000,1.271243,78.536585,1561.979954,1640.201481,8825.791094,0.000000,490.800835
10860.000000,contribution,optical,hardware,1,1,1,0,priority,0.000500,180,15,hybrid,0.050000,4000.000000,6.087000,52.000000,500.000000,500.000000,2.000000,240.000000,0.400000,205,130,205,93,161,21,47,0,0,0,0,0,93,93,0,0,0.000000,1.000000,43.550359,clear-ocean,30.000000,60.000000,0.151000,1149,3057909,784.079231,7.219882,78,3,0,75,0,68,0,0,68,0,0,0,0,0,0,123,30,0,93,0,2,0,2,0,23,52,130,23,50,88,16.399125,331.863067,2664.868629,8.695652,3.846154,32.307692,2,0,0,2468104.643923,24.722625,119.898363,6884.656410,817.600424,217.759856,184.019728,2466291.709659,2460097.966525,1219.380008,8006.677398,593.554256,0.033127,0.008823,0.007456,99.926545,0.024049,16.795261,9.367060,3.129389,52.791068,95,0.771547,14,42,0,100.000000,1.271243,78.536585,1561.979954,1631.139595,8739.684378,-0.000000,499.828551
10920.000000,contribution,optical,hardware,1,1,1,0,priority,0.000500,180,15,hybrid,0.050000,4000.000000,6.087000,52.000000,500.000000,500.000000,2.000000,240.000000,0.400000,205,130,205,93,161,21,47,0,0,0,0,0,93,93,0,0,0.000000,1.000000,43.550359,clear-ocean,30.000000,60.000000,0.151000,1149,3057909,784.079231,7.180213,78,3,0,75,0,68,0,0,68,0,0,0,0,0,0,123,30,0,93,0,2,0,2,0,23,52,130,23,50,88,16.399125,331.863067,2664.868629,8.695652,3.846154,32.307692,2,0,0,2481701.745396,24.722625,119.898363,6884.656410,821.736594,218.793899,184.249515,2479883.411131,2473689.667998,1224.780008,8012.077398,593.554256,0.033112,0.008816,0.007424,99.926730,0.023917,16.795261,9.367060,3.129389,52.731777,95,0.767308,14,42,0,100.000000,1.271243,78.536585,1561.979954,1622.177289,8653.577662,-0.000000,485.167748
10980.000000,contribution,optical,hardware,1,1,1,0,priority,0.000500,180,15,hybrid,0.050000,4000.000000,6.087000,52.000000,500.000000,500.000000,2.000000,240.000000,0.400000,205,130,205,93,161,21,47,0,0,0,0,0,93,93,0,0,0.000000,1.000000,43.550359,clear-ocean,30.000000,60.000000,0.151000,1149,3057909,784.079231,7.140977,78,3,0,75,0,68,0,0,68,0,0,0,0,0,0,123,30,0,93,0,2,0,2,0,23,52,130,23,50,88,16.399125,331.863067,2664.868629,8.695652,3.846154,32.307692,2,0,0,2495298.846868,24.722625,119.898363,6884.656410,825.872764,219.827941,184.479303,2493475.112604,2487281.369470,1230.180008,8017.477398,593.554256,0.033097,0.008810,0.007393,99.926913,0.023787,16.795261,9.367060,3.129389,52.673133,95,0.763115,14,42,0,100.000000,1.271243,78.536585,1561.979954,1613.312933,8567.470946,-0.000000,448.208549
11040.000000,contribution,optical,hardware,1,1,1,0,priority,0.000500,180,15,hybrid,0.050000,4000.000000,6.087000,52.000000,500.000000,500.000000,2.000000,240.000000,0.400000,205,130,205,93,161,21,47,0,0,0,0,0,93,93,0,0,0.000000,1.000000,43.550359,clear-ocean,30.000000,60.000000,0.151000,1149,3057909,784.079231,7.102167,78,3,0,75,0,68,0,0,68,0,0,0,0,0,0,123,30,0,93,0,2,0,2,0,23,52,130,23,50,88,16.399125,331.863067,2664.868629,8.695652,3.846154,32.307692,2,0,0,2508895.948341,24.722625,119.898363,6884.656410,830.008935,220.861984,184.709090,2507066.814076,2500873.070943,1235.580008,8022.877398,593.554256,0.033083,0.008803,0.007362,99.927094,0.023658,16.795261,9.367060,3.129389,52.615127,95,0.758967,14,42,0,100.000000,1.271243,78.536585,1561.979954,1604.544928,8481.364229,-0.000000,392.455393
11100.000000,contribution,optical,hardware,1,1,1,0,priority,0.000500,180,15,hybrid,0.050000,4000.000000,6.087000,52.000000,500.000000,500.000000,2.000000,240.000000,0.400000,205,130,205,93,161,21,47,0,0,0,0,0,93,93,0,0,0.000000,1.000000,43.550359,clear-ocean,30.000000,60.000000,0.151000,1149,3057909,784.079231,7.063777,78,3,0,75,0,68,0,0,68,0,0,0,0,0,0,123,30,0,93,0,2,0,2,0,23,52,130,23,50,88,16.399125,331.863067,2664.868629,8.695652,3.846154,32.307692,2,0,0,2522493.049813,24.722625,119.898363,6884.656410,834.145105,221.896026,184.938877,2520658.515549,2514464.772415,1240.980008,8028.277398,593.554256,0.033068,0.008797,0.007332,99.927273,0.023530,16.795261,9.367060,3.129389,52.557748,95,0.754865,14,42,0,100.000000,1.271243,78.536585,1561.979954,1595.871712,8395.257513,-0.000000,323.194744
11160.000000,contribution,optical,hardware,1,1,1,0,priority,0.000500,180,15,hybrid,0.050000,4000.000000,6.087000,52.000000,500.000000,500.000000,2.000000,240.000000,0.400000,205,130,205,93,161,21,47,0,0,0,0,0,93,93,0,0,0.000000,1.000000,43.550359,clear-ocean,30.000000,60.000000,0.151000,1149,3057909,784.079231,7.025800,78,3,0,75,0,68,0,0,68,0,0,0,0,0,0,123,30,0,93,0,2,0,2,0,23,52,130,23,50,88,16.399125,331.863067,2664.868629,8.695652,3.846154,32.307692,2,0,0,2536090.151286,24.722625,119.898363,6884.656410,838.281275,222.930069,185.168664,2534250.217021,2528056.473888,1246.380008,8033.677398,593.554256,0.033054,0.008790,0.007301,99.927450,0.023404,16.795261,9.367060,3.129389,52.500986,95,0.750806,14,42,0,100.000000,1.271243,78.536585,1561.979954,1587.291756,8309.150797,-0.000000,246.993835
11220.000000,contribution,optical,hardware,1,1,1,0,priority,0.000500,180,15,hybrid,0.050000,4000.000000,6.087000,52.000000,500.000000,500.000000,2.000000,240.000000,0.400000,205,130,205,93,161,21,47,0,0,0,0,0,93,93,0,0,0.000000,1.000000,43.550359,clear-ocean,30.000000,60.000000,0.151000,1149,3057909,784.079231,6.988228,78,3,0,75,0,68,0,0,68,0,0,0,0,0,0,123,30,0,93,0,2,0,2,0,23,52,130,23,50,88,16.399125,331.863067,2664.868629,8.695652,3.846154,32.307692,2,0,0,2549687.252758,24.722625,119.898363,6884.656410,842.417445,223.964111,185.398452,2547841.918494,2541648.175360,1251.780008,8039.077398,593.554256,0.033040,0.008784,0.007271,99.927625,0.023279,16.795261,9.367060,3.129389,52.444831,95,0.746791,14,42,0,100.000000,1.271243,78.536585,1561.979954,1578.803565,8223.044081,-0.000000,171.077968
11280.000000,contribution,optical,hardware,1,1,1,0,priority,0.000500,180,15,hybrid,0.050000,4000.000000,6.087000,52.000000,500.000000,500.000000,2.000000,240.000000,0.400000,205,130,205,93,161,21,47,0,0,0,0,0,93,93,0,0,0.000000,1.000000,43.550359,clear-ocean,30.000000,60.000000,0.151000,1149,3057909,784.079231,6.951057,78,3,0,75,0,68,0,0,68,0,0,0,0,0,0,123,30,0,93,0,2,0,2,0,23,52,130,23,50,88,16.399125,331.863067,2664.868629,8.695652,3.846154,32.307692,2,0,0,2563284.354231,24.722625,119.898363,6884.656410,846.553615,224.998154,185.628239,2561433.619966,2555239.876833,1257.180008,8044.477398,593.554256,0.033026,0.008778,0.007242,99.927798,0.023156,16.795261,9.367060,3.129389,52.389273,95,0.742819,14,42,0,100.000000,1.271243,78.536585,1561.979954,1570.405674,8136.937365,-0.000000,102.645417
11340.000000,contribution,optical,hardware,1,1,1,0,priority,0.000500,180,15,hybrid,0.050000,4000.000000,6.087000,52.000000,500.000000,500.000000,2.000000,240.000000,0.400000,205,130,205,93,161,21,47,0,0,0,0,0,93,93,0,0,0.000000,1.000000,43.550359,clear-ocean,30.000000,60.000000,0.151000,1149,3057909,784.079231,6.914279,78,3,0,75,0,68,0,0,68,0,0,0,0,0,0,123,30,0,93,0,2,0,2,0,23,52,130,23,50,88,16.399125,331.863067,2664.868629,8.695652,3.846154,32.307692,2,0,0,2576881.455703,24.722625,119.898363,6884.656410,850.689786,226.032196,185.858026,2575025.321439,2568831.578305,1262.580008,8049.877398,593.554256,0.033012,0.008772,0.007213,99.927970,0.023034,16.795261,9.367060,3.129389,52.334303,95,0.738889,14,42,0,100.000000,1.271243,78.536585,1561.979954,1562.096649,8050.830649,-0.000000,48.184896
11400.000000,contribution,optical,hardware,1,1,1,0,priority,0.000500,180,15,hybrid,0.050000,4000.000000,6.087000,52.000000,500.000000,500.000000,2.000000,240.000000,0.400000,205,130,205,93,161,21,47,0,0,0,0,0,93,93,0,0,0.000000,1.000000,43.550359,clear-ocean,30.000000,60.000000,0.151000,1149,3057909,784.079231,6.877888,78,3,0,75,0,68,0,0,68,0,0,0,0,0,0,123,30,0,93,0,2,0,2,0,23,52,130,23,50,88,16.399125,331.863067,2664.868629,8.695652,3.846154,32.307692,2,0,0,2590478.557176,24.722625,119.898363,6884.656410,854.825956,227.066239,186.087813,2588617.022911,2582423.279778,1267.980008,8055.277398,593.554256,0.032999,0.008765,0.007184,99.928139,0.022913,16.795261,9.367060,3.129389,52.279912,95,0.735000,14,42,0,100.000000,1.271243,78.536585,1561.979954,1553.875088,7964.723933,-0.000000,12.860303
11460.000000,contribution,optical,hardware,1,1,1,0,priority,0.000500,180,15,hybrid,0.050000,4000.000000,6.087000,52.000000,500.000000,500.000000,2.000000,240.000000,0.400000,205,130,205,93,161,21,47,0,0,0,0,0,93,93,0,0,0.000000,1.000000,43.550359,clear-ocean,30.000000,60.000000,0.151000,1149,3057909,784.079231,6.841878,78,3,0,75,0,68,0,0,68,0,0,0,0,0,0,123,30,0,93,0,2,0,2,0,23,52,130,23,50,88,16.399125,331.863067,2664.868629,8.695652,3.846154,32.307692,2,0,0,2604075.658648,24.722625,119.898363,6884.656410,858.962126,228.100282,186.317600,2602208.724384,2596014.981250,1273.380008,8060.677398,593.554256,0.032985,0.008759,0.007155,99.928307,0.022793,16.795261,9.367060,3.129389,52.226091,95,0.731152,14,42,0,100.000000,1.271243,78.536585,1561.979954,1545.739616,7878.617216,-0.000000,0.021083
11520.000000,contribution,optical,hardware,1,1,1,0,priority,0.000500,180,15,hybrid,0.050000,4000.000000,6.087000,52.000000,500.000000,500.000000,2.000000,240.000000,0.400000,205,130,205,93,161,21,47,0,0,0,0,0,93,93,0,0,0.000000,1.000000,43.550359,clear-ocean,30.000000,60.000000,0.151000,1149,3057909,784.079231,6.806243,78,3,0,75,0,68,0,0,68,0,0,0,0,0,0,123,30,0,93,0,2,0,2,0,23,52,130,23,50,88,16.399125,331.863067,2664.868629,8.695652,3.846154,32.307692,2,0,0,2617672.760121,24.722625,119.898363,6884.656410,863.098296,229.134324,186.547388,2615800.425856,2609606.682723,1278.780008,8066.077398,593.554256,0.032972,0.008753,0.007126,99.928473,0.022675,16.795261,9.367060,3.129389,52.172830,95,0.727344,14,42,0,100.000000,1.271243,78.536585,1561.979954,1537.688889,7792.510500,0.000000,10.884641
11580.000000,contribution,optical,hardware,1,1,1,0,priority,0.000500,180,15,hybrid,0.050000,4000.000000,6.087000,52.000000,500.000000,500.000000,2.000000,240.000000,0.400000,205,130,205,93,161,21,47,0,0,0,0,0,93,93,0,0,0.000000,1.000000,43.550359,clear-ocean,30.000000,60.000000,0.151000,1149,3057909,784.079231,6.770978,78,3,0,75,0,68,0,0,68,0,0,0,0,0,0,123,30,0,93,0,2,0,2,0,23,52,130,23,50,88,16.399125,331.863067,2664.868629,8.695652,3.846154,32.307692,2,0,0,2631269.861593,24.722625,119.898363,6884.656410,867.234466,230.168367,186.777175,2629392.127329,2623198.384195,1284.180008,8071.477398,593.554256,0.032959,0.008747,0.007098,99.928638,0.022558,16.795261,9.367060,3.129389,52.120121,95,0.723575,14,42,0,100.000000,1.271243,78.536585,1561.979954,1529.721589,7706.403784,0.000000,44.420903
11640.000000,contribution,optical,hardware,1,1,1,0,priority,0.000500,180,15,hybrid,0.050000,4000.000000,6.087000,52.000000,500.000000,500.000000,2.000000,240.000000,0.400000,205,130,205,93,161,21,47,0,0,0,0,0,93,93,0,0,0.000000,1.000000,43.550359,clear-ocean,30.000000,60.000000,0.151000,1149,3057909,784.079231,6.736076,78,3,0,75,0,68,0,0,68,0,0,0,0,0,0,123,30,0,93,0,2,0,2,0,23,52,130,23,50,88,16.399125,331.863067,2664.868629,8.695652,3.846154,32.307692,2,0,0,2644866.963066,24.722625,119.898363,6884.656410,871.370637,231.202409,187.006962,2642983.828801,2636790.085668,1289.580008,8076.877398,593.554256,0.032946,0.008742,0.007071,99.928800,0.022442,16.795261,9.367060,3.129389,52.067955,95,0.719845,14,42,0,100.000000,1.271243,78.536585,1561.979954,1521.836426,7620.297068,0.000000,97.449991
11700.000000,contribution,optical,hardware,1,1,1,0,priority,0.000500,180,15,hybrid,0.050000,4000.000000,6.087000,52.000000,500.000000,500.000000,2.000000,240.000000,0.400000,205,130,205,93,161,21,47,0,0,0,0,0,93,93,0,0,0.000000,1.000000,43.550359,clear-ocean,30.000000,60.000000,0.151000,1149,3057909,784.079231,6.701532,78,3,0,75,0,68,0,0,68,0,0,0,0,0,0,123,30,0,93,0,2,0,2,0,23,52,130,23,50,88,16.399125,331.863067,2664.868629,8.695652,3.846154,32.307692,2,0,0,2658464.064538,24.722625,119.898363,6884.656410,875.506807,232.236452,187.236749,2656575.530274,2650381.787140,1294.980008,8082.277398,593.554256,0.032933,0.008736,0.007043,99.928961,0.022327,16.795261,9.367060,3.129389,52.016325,95,0.716154,14,42,0,100.000000,1.271243,78.536585,1561.979954,1514.032137,7534.190352,0.000000,164.943734
11760.000000,contribution,optical,hardware,1,1,1,0,priority,0.000500,180,15,hybrid,0.050000,4000.000000,6.087000,52.000000,500.000000,500.000000,2.000000,240.000000,0.400000,205,130,205,93,161,21,47,0,0,0,0,0,93,93,0,0,0.000000,1.000000,43.550359,clear-ocean,30.000000,60.000000,0.151000,1149,3057909,784.079231,6.667340,78,3,0,75,0,68,0,0,68,0,0,0,0,0,0,123,30,0,93,0,2,0,2,0,23,52,130,23,50,88,16.399125,331.863067,2664.868629,8.695652,3.846154,32.307692,2,0,0,2672061.166011,24.722625,119.898363,6884.656410,879.642977,233.270494,187.466537,2670167.231746,2663973.488613,1300.380008,8087.677398,593.554256,0.032920,0.008730,0.007016,99.929121,0.022213,16.795261,9.367060,3.129389,51.965221,95,0.712500,14,42,0,100.000000,1.271243,78.536585,1561.979954,1506.307483,7448.083636,0.000000,240.502437
11820.000000,contribution,optical,hardware,1,1,1,0,priority,0.000500,180,15,hybrid,0.050000,4000.000000,6.087000,52.000000,500.000000,500.000000,2.000000,240.000000,0.400000,205,130,205,93,161,21,47,0,0,0,0,0,93,93,0,0,0.000000,1.000000,43.550359,clear-ocean,30.000000,60.000000,0.151000,1149,3057909,784.079231,6.633496,78,3,0,75,0,68,0,0,68,0,0,0,0,0,0,123,30,0,93,0,2,0,2,0,23,52,130,23,50,88,16.399125,331.863067,2664.868629,8.695652,3.846154,32.307692,2,0,0,2685658.267483,24.722625,119.898363,6884.656410,883.779147,234.304537,187.696324,2683758.933219,2677565.190085,1305.780008,8093.077398,593.554256,0.032907,0.008724,0.006989,99.929279,0.022101,16.795261,9.367060,3.129389,51.914636,95,0.708883,14,42,0,100.000000,1.271243,78.536585,1561.979954,1498.661252,7361.976920,0.000000,316.961690
11880.000000,contribution,optical,hardware,1,1,1,0,priority,0.000500,180,15,hybrid,0.050000,4000.000000,6.087000,52.000000,500.000000,500.000000,2.000000,240.000000,0.400000,205,130,205,93,161,21,47,0,0,0,0,0,93,93,0,0,0.000000,1.000000,43.550359,clear-ocean,30.000000,60.000000,0.151000,1149,3057909,784.079231,6.599994,78,3,0,75,0,68,0,0,68,0,0,0,0,0,0,123,30,0,93,0,2,0,2,0,23,52,130,23,50,88,16.399125,331.863067,2664.868629,8.695652,3.846154,32.307692,2,0,0,2699255.368956,24.722625,119.898363,6884.656410,887.915318,235.338579,187.926111,2697350.634691,2691156.891558,1311.180008,8098.477398,593.554256,0.032895,0.008719,0.006962,99.929435,0.021990,16.795261,9.367060,3.129389,51.864562,95,0.705303,14,42,0,100.000000,1.271243,78.536585,1561.979954,1491.092256,7275.870203,0.000000,387.071695
11940.000000,contribution,optical,hardware,1,1,1,0,priority,0.000500,180,15,hybrid,0.050000,4000.000000,6.087000,52.000000,500.000000,500.000000,2.000000,240.000000,0.400000,205,130,205,93,161,21,47,0,0,0,0,0,93,93,0,0,0.000000,1.000000,43.550359,clear-ocean,30.000000,60.000000,0.151000,1149,3057909,784.079231,6.566828,78,3,0,75,0,68,0,0,68,0,0,0,0,0,0,123,30,0,93,0,2,0,2,0,23,52,130,23,50,88,16.399125,331.863067,2664.868629,8.695652,3.846154,32.307692,2,0,0,2712852.470428,24.722625,119.898363,6884.656410,892.051488,236.372622,188.155898,2710942.336164,2704748.593030,1316.580008,8103.877398,593.554256,0.032882,0.008713,0.006936,99.929589,0.021879,16.795261,9.367060,3.129389,51.814992,95,0.701759,14,42,0,100.000000,1.271243,78.536585,1561.979954,1483.599330,7189.763487,0.000000,444.184685
12000.000000,contribution,optical,hardware,1,1,1,0,priority,0.000500,180,15,hybrid,0.050000,4000.000000,6.087000,52.000000,500.000000,500.000000,2.000000,240.000000,0.400000,205,130,205,93,161,21,47,0,0,0,0,0,93,93,0,0,0.000000,1.000000,43.550359,clear-ocean,30.000000,60.000000,0.151000,1149,3057909,784.079231,6.533994,78,3,0,75,0,68,0,0,68,0,0,0,0,0,0,123,30,0,93,0,2,0,2,0,23,52,130,23,50,88,16.399125,331.863067,2664.868629,8.695652,3.846154,32.307692,2,0,0,2726449.571901,24.722625,119.898363,6884.656410,896.187658,237.406664,188.385686,2724534.037636,2718340.294503,1321.980008,8109.277398,593.554256,0.032870,0.008708,0.006910,99.929743,0.021770,16.795261,9.367060,3.129389,51.765917,95,0.698250,14,42,0,100.000000,1.271243,78.536585,1561.979954,1476.181333,7103.656771,0.000000,482.885257
12060.000000,contribution,optical,hardware,1,1,1,0,priority,0.000500,180,15,hybrid,0.050000,4000.000000,6.087000,52.000000,500.000000,500.000000,2.000000,240.000000,0.400000,205,130,205,93,161,21,47,0,0,0,0,0,93,93,0,0,0.000000,1.000000,43.550359,clear-ocean,30.000000,60.000000,0.151000,1149,3057909,784.079231,6.501486,78,3,0,75,0,68,0,0,68,0,0,0,0,0,0,123,30,0,93,0,2,0,2,0,23,52,130,23,50,88,16.399125,331.863067,2664.868629,8.695652,3.846154,32.307692,2,0,0,2740046.673373,24.722625,119.898363,6884.656410,900.323828,238.440707,188.615473,2738125.739109,2731931.995975,1327.380008,8114.677398,593.554256,0.032858,0.008702,0.006884,99.929894,0.021662,16.795261,9.367060,3.129389,51.717330,95,0.694776,14,42,0,100.000000,1.271243,78.536585,1561.979954,1468.837148,7017.550055,0.000000,499.503857
12120.000000,contribution,optical,hardware,1,1,1,0,priority,0.000500,180,15,hybrid,0.050000,4000.000000,6.087000,52.000000,500.000000,500.000000,2.000000,240.000000,0.400000,205,130,205,93,161,21,47,0,0,0,0,0,93,93,0,0,0.000000,1.000000,43.550359,clear-ocean,30.000000,60.000000,0.151000,1149,3057909,784.079231,6.469301,78,3,0,75,0,68,0,0,68,0,0,0,0,0,0,123,30,0,93,0,2,0,2,0,23,52,130,23,50,88,16.399125,331.863067,2664.868629,8.695652,3.846154,32.307692,2,0,0,2753643.774846,24.722625,119.898363,6884.656410,904.459998,239.474750,188.845260,2751717.440581,2745523.697448,1332.780008,8120.077398,593.554256,0.032846,0.008697,0.006858,99.930044,0.021555,16.795261,9.367060,3.129389,51.669224,95,0.691337,14,42,0,100.000000,1.271243,78.536585,1561.979954,1461.565677,6931.443339,-0.000000,492.464725
12180.000000,contribution,optical,hardware,1,1,1,0,priority,0.000500,180,15,hybrid,0.050000,4000.000000,6.087000,52.000000,500.000000,500.000000,2.000000,240.000000,0.400000,205,130,205,93,161,21,47,0,0,0,0,0,93,93,0,0,0.000000,1.000000,43.550359,clear-ocean,30.000000,60.000000,0.151000,1149,3057909,784.079231,6.437432,78,3,0,75,0,68,0,0,68,0,0,0,0,0,0,123,30,0,93,0,2,0,2,0,23,52,130,23,50,88,16.399125,331.863067,2664.868629,8.695652,3.846154,32.307692,2,0,0,2767240.876318,24.722625,119.898363,6884.656410,908.596169,240.508792,189.075047,2765309.142054,2759115.398920,1338.180008,8125.477398,593.554256,0.032834,0.008691,0.006833,99.930193,0.021449,16.795261,9.367060,3.129389,51.621593,95,0.687931,14,42,0,100.000000,1.271243,78.536585,1561.979954,1454.365846,6845.336623,-0.000000,462.435304
12240.000000,contribution,optical,hardware,1,1,1,0,priority,0.000500,180,15,hybrid,0.050000,4000.000000,6.087000,52.000000,500.000000,500.000000,2.000000,240.000000,0.400000,205,130,205,93,161,21,47,0,0,0,0,0,93,93,0,0,0.000000,1.000000,43.550359,clear-ocean,30.000000,60.000000,0.151000,1149,3057909,784.079231,6.405876,78,3,0,75,0,68,0,0,68,0,0,0,0,0,0,123,30,0,93,0,2,0,2,0,23,52,130,23,50,88,16.399125,331.863067,2664.868629,8.695652,3.846154,32.307692,2,0,0,2780837.977791,24.722625,119.898363,6884.656410,912.732339,241.542835,189.304835,2778900.843526,2772707.100393,1343.580008,8130.877398,593.554256,0.032822,0.008686,0.006807,99.930340,0.021344,16.795261,9.367060,3.129389,51.574428,95,0.684559,14,42,0,100.000000,1.271243,78.536585,1561.979954,1447.236601,6759.229907,-0.000000,412.262958
12300.000000,contribution,optical,hardware,1,1,1,0,priority,0.000500,180,15,hybrid,0.050000,4000.000000,6.087000,52.000000,500.000000,500.000000,2.000000,240.000000,0.400000,205,130,205,93,161,21,47,0,0,0,0,0,93,93,0,0,0.000000,1.000000,43.550359,clear-ocean,30.000000,60.000000,0.151000,1149,3057909,784.079231,6.374628,78,3,0,75,0,68,0,0,68,0,0,0,0,0,0,123,30,0,93,0,2,0,2,0,23,52,130,23,50,88,16.399125,331.863067,2664.868629,8.695652,3.846154,32.307692,2,0,0,2794435.079263,24.722625,119.898363,6884.656410,916.868509,242.576877,189.534622,2792492.544999,2786298.801865,1348.980008,8136.277398,593.554256,0.032811,0.008681,0.006783,99.930486,0.021241,16.795261,9.367060,3.129389,51.527724,95,0.681220,14,42,0,100.000000,1.271243,78.536585,1561.979954,1440.176911,6673.123190,-0.000000,346.704984
12360.000000,contribution,optical,hardware,1,1,1,0,priority,0.000500,180,15,hybrid,0.050000,4000.000000,6.087000,52.000000,500.000000,500.000000,2.000000,240.000000,0.400000,205,130,205,93,161,21,47,0,0,0,0,0,93,93,0,0,0.000000,1.000000,43.550359,clear-ocean,30.000000,60.000000,0.151000,1149,3057909,784.079231,6.343683,78,3,0,75,0,68,0,0,68,0,0,0,0,0,0,123,30,0,93,0,2,0,2,0,23,52,130,23,50,88,16.399125,331.863067,2664.868629,8.695652,3.846154,32.307692,2,0,0,2808032.180736,24.722625,119.898363,6884.656410,921.004679,243.610920,189.764409,2806084.246471,2799890.503338,1354.380008,8141.677398,593.554256,0.032799,0.008676,0.006758,99.930630,0.021138,16.795261,9.367060,3.129389,51.481472,95,0.677913,14,42,0,100.000000,1.271243,78.536585,1561.979954,1433.185761,6587.016474,-0.000000,271.977529
12420.000000,contribution,optical,hardware,1,1,1,0,priority,0.000500,180,15,hybrid,0.050000,4000.000000,6.087000,52.000000,500.000000,500.000000,2.000000,240.000000,0.400000,205,130,205,93,161,21,47,0,0,0,0,0,93,93,0,0,0.000000,1.000000,43.550359,clear-ocean,30.000000,60.000000,0.151000,1149,3057909,784.079231,6.313037,78,3,0,75,0,68,0,0,68,0,0,0,0,0,0,123,30,0,93,0,2,0,2,0,23,52,130,23,50,88,16.399125,331.863067,2664.868629,8.695652,3.846154,32.307692,2,0,0,2821629.282208,24.722625,119.898363,6884.656410,925.140849,244.644962,189.994196,2819675.947944,2813482.204810,1359.780008,8147.077398,593.554256,0.032787,0.008670,0.006733,99.930773,0.021036,16.795261,9.367060,3.129389,51.435668,95,0.674638,14,42,0,100.000000,1.271243,78.536585,1561.979954,1426.262158,6500.909758,-0.000000,195.166185
12480.000000,contribution,optical,hardware,1,1,1,0,priority,0.000500,180,15,hybrid,0.050000,4000.000000,6.087000,52.000000,500.000000,500.000000,2.000000,240.000000,0.400000,205,130,205,93,161,21,47,0,0,0,0,0,93,93,0,0,0.000000,1.000000,43.550359,clear-ocean,30.000000,60.000000,0.151000,1149,3057909,784.079231,6.282686,78,3,0,75,0,68,0,0,68,0,0,0,0,0,0,123,30,0,93,0,2,0,2,0,23,52,130,23,50,88,16.399125,331.863067,2664.868629,8.695652,3.846154,32.307692,2,0,0,2835226.383681,24.722625,119.898363,6884.656410,929.277020,245.679005,190.223983,2833267.649416,2827073.906283,1365.180008,8152.477398,593.554256,0.032776,0.008665,0.006709,99.930914,0.020935,16.795261,9.367060,3.129389,51.390304,95,0.671394,14,42,0,100.000000,1.271243,78.536585,1561.979954,1419.405128,6414.803042,-0.000000,123.554134
12540.000000,contribution,optical,hardware,1,1,1,0,priority,0.000500,180,15,hybrid,0.050000,4000.000000,6.087000,52.000000,500.000000,500.000000,2.000000,240.000000,0.400000,205,130,205,93,161,21,47,0,0,0,0,0,93,93,0,0,0.000000,1.000000,43.550359,clear-ocean,30.000000,60.000000,0.151000,1149,3057909,784.079231,6.252625,78,3,0,75,0,68,0,0,68,0,0,0,0,0,0,123,30,0,93,0,2,0,2,0,23,52,130,23,50,88,16.399125,331.863067,2664.868629,8.695652,3.846154,32.307692,2,0,0,2848823.485153,24.722625,119.898363,6884.656410,933.413190,246.713047,190.453771,2846859.350889,2840665.607755,1370.580008,8157.877398,593.554256,0.032765,0.008660,0.006685,99.931055,0.020835,16.795261,9.367060,3.129389,51.345375,95,0.668182,14,42,0,100.000000,1.271243,78.536585,1561.979954,1412.613716,6328.696326,-0.000000,63.931567
12600.000000,contribution,optical,hardware,1,1,1,0,priority,0.000500,180,15,hybrid,0.050000,4000.000000,6.087000,52.000000,500.000000,500.000000,2.000000,240.000000,0.400000,205,130,205,93,161,21,47,0,0,0,0,0,93,93,0,0,0.000000,1.000000,43.550359,clear-ocean,30.000000,60.000000,0.151000,1149,3057909,784.079231,6.222851,78,3,0,75,0,68,0,0,68,0,0,0,0,0,0,123,30,0,93,0,2,0,2,0,23,52,130,23,50,88,16.399125,331.863067,2664.868629,8.695652,3.846154,32.307692,2,0,0,2862420.586626,24.722625,119.898363,6884.656410,937.549360,247.747090,190.683558,2860451.052361,2854257.309228,1375.980008,8163.277398,593.554256,0.032754,0.008655,0.006662,99.931193,0.020736,16.795261,9.367060,3.129389,51.300873,95,0.665000,14,42,0,100.000000,1.271243,78.536585,1561.979954,1405.886984,6242.589610,-0.000000,21.951842
12660.000000,contribution,optical,hardware,1,1,1,0,priority,0.000500,180,15,hybrid,0.050000,4000.000000,6.087000,52.000000,500.000000,500.000000,2.000000,240.000000,0.400000,205,130,205,93,161,21,47,0,0,0,0,0,93,93,0,0,0.000000,1.000000,43.550359,clear-ocean,30.000000,60.000000,0.151000,1149,3057909,784.079231,6.193359,78,3,0,75,0,68,0,0,68,0,0,0,0,0,0,123,30,0,93,0,2,0,2,0,23,52,130,23,50,88,16.399125,331.863067,2664.868629,8.695652,3.846154,32.307692,2,0,0,2876017.688098,24.722625,119.898363,6884.656410,941.685530,248.781133,190.913345,2874042.753834,2867849.010700,1381.380008,8168.677398,593.554256,0.032743,0.008650,0.006638,99.931331,0.020638,16.795261,9.367060,3.129389,51.256793,95,0.661848,14,42,0,100.000000,1.271243,78.536585,1561.979954,1399.224013,6156.482894,-0.000000,1.595440
12720.000000,contribution,optical,hardware,1,1,1,0,priority,0.000500,180,15,hybrid,0.050000,4000.000000,6.087000,52.000000,500.000000,500.000000,2.000000,240.000000,0.400000,205,130,205,93,161,21,47,0,0,0,0,0,93,93,0,0,0.000000,1.000000,43.550359,clear-ocean,30.000000,60.000000,0.151000,1149,3057909,784.079231,6.164145,78,3,0,75,0,68,0,0,68,0,0,0,0,0,0,123,30,0,93,0,2,0,2,0,23,52,130,23,50,88,16.399125,331.863067,2664.868629,8.695652,3.846154,32.307692,2,0,0,2889614.789571,24.722625,119.898363,6884.656410,945.821700,249.815175,191.143132,2887634.455306,2881440.712173,1386.780008,8174.077398,593.554256,0.032732,0.008645,0.006615,99.931467,0.020541,16.795261,9.367060,3.129389,51.213129,95,0.658726,14,42,0,100.000000,1.271243,78.536585,1561.979954,1392.623899,6070.376177,0.000000,4.792536
12780.000000,contribution,optical,hardware,1,1,1,0,priority,0.000500,180,15,hybrid,0.050000,4000.000000,6.087000,52.000000,500.000000,500.000000,2.000000,240.000000,0.400000,205,130,205,93,161,21,47,0,0,0,0,0,93,93,0,0,0.000000,1.000000,43.550359,clear-ocean,30.000000,60.000000,0.151000,1149,3057909,784.079231,6.135205,78,3,0,75,0,68,0,0,68,0,0,0,0,0,0,123,30,0,93,0,2,0,2,0,23,52,130,23,50,88,16.399125,331.863067,2664.868629,8.695652,3.846154,32.307692,2,0,0,2903211.891043,24.722625,119.898363,6884.656410,949.957871,250.849218,191.372920,2901226.156779,2895032.413645,1392.180008,8179.477398,593.554256,0.032721,0.008640,0.006592,99.931602,0.020445,16.795261,9.367060,3.129389,51.169875,95,0.655634,14,42,0,100.000000,1.271243,78.536585,1561.979954,1386.085759,5984.269461,0.000000,31.239984
12840.000000,contribution,optical,hardware,1,1,1,0,priority,0.000500,180,15,hybrid,0.050000,4000.000000,6.087000,52.000000,500.000000,500.000000,2.000000,240.000000,0.400000,205,130,205,93,161,21,47,0,0,0,0,0,93,93,0,0,0.000000,1.000000,43.550359,clear-ocean,30.000000,60.000000,0.151000,1149,3057909,784.079231,6.106536,78,3,0,75,0,68,0,0,68,0,0,0,0,0,0,123,30,0,93,0,2,0,2,0,23,52,130,23,50,88,16.399125,331.863067,2664.868629,8.695652,3.846154,32.307692,2,0,0,2916808.992516,24.722625,119.898363,6884.656410,954.094041,251.883260,191.602707,2914817.858251,2908624.115118,1397.580008,8184.877398,593.554256,0.032710,0.008636,0.006569,99.931736,0.020349,16.795261,9.367060,3.129389,51.127025,95,0.652570,14,42,0,100.000000,1.271243,78.536585,1561.979954,1379.608723,5898.162745,0.000000,78.430061
12900.000000,contribution,optical,hardware,1,1,1,0,priority,0.000500,180,15,hybrid,0.050000,4000.000000,6.087000,52.000000,500.000000,500.000000,2.000000,240.000000,0.400000,205,130,205,93,161,21,47,0,0,0,0,0,93,93,0,0,0.000000,1.000000,43.550359,clear-ocean,30.000000,60.000000,0.151000,1149,3057909,784.079231,6.078134,78,3,0,75,0,68,0,0,68,0,0,0,0,0,0,123,30,0,93,0,2,0,2,0,23,52,130,23,50,88,16.399125,331.863067,2664.868629,8.695652,3.846154,32.307692,2,0,0,2930406.093988,24.722625,119.898363,6884.656410,958.230211,252.917303,191.832494,2928409.559724,2922215.816590,1402.980008,8190.277398,593.554256,0.032700,0.008631,0.006546,99.931868,0.020255,16.795261,9.367060,3.129389,51.084574,95,0.649535,14,42,0,100.000000,1.271243,78.536585,1561.979954,1373.191938,5812.056029,0.000000,141.888246
12960.000000,contribution,optical,hardware,1,1,1,0,priority,0.000500,180,15,hybrid,0.050000,4000.000000,6.087000,52.000000,500.000000,500.000000,2.000000,240.000000,0.400000,205,130,205,93,161,21,47,0,0,0,0,0,93,93,0,0,0.000000,1.000000,43.550359,clear-ocean,30.000000,60.000000,0.151000,1149,3057909,784.079231,6.049994,78,3,0,75,0,68,0,0,68,0,0,0,0,0,0,123,30,0,93,0,2,0,2,0,23,52,130,23,50,88,16.399125,331.863067,2664.868629,8.695652,3.846154,32.307692,2,0,0,2944003.195461,24.722625,119.898363,6884.656410,962.366381,253.951345,192.062281,2942001.261196,2935807.518063,1408.380008,8195.677398,593.554256,0.032689,0.008626,0.006524,99.932000,0.020161,16.795261,9.367060,3.129389,51.042515,95,0.646528,14,42,0,100.000000,1.271243,78.536585,1561.979954,1366.834568,5725.949313,0.000000,215.597491
13020.000000,contribution,optical,hardware,1,1,1,0,priority,0.000500,180,15,hybrid,0.050000,4000.000000,6.087000,52.000000,500.000000,500.000000,2.000000,240.000000,0.400000,205,130,205,93,161,21,47,0,0,0,0,0,93,93,0,0,0.000000,1.000000,43.550359,clear-ocean,30.000000,60.000000,0.151000,1149,3057909,784.079231,6.022114,78,3,0,75,0,68,0,0,68,0,0,0,0,0,0,123,30,0,93,0,2,0,2,0,23,52,130,23,50,88,16.399125,331.863067,2664.868629,8.695652,3.846154,32.307692,2,0,0,2957600.296933,24.722625,119.898363,6884.656410,966.502552,254.985388,192.292069,2955592.962669,2949399.219535,1413.780008,8201.077398,593.554256,0.032679,0.008621,0.006502,99.932130,0.020069,16.795261,9.367060,3.129389,51.000845,95,0.643548,14,42,0,100.000000,1.271243,78.536585,1561.979954,1360.535791,5639.842597,0.000000,292.568751
13080.000000,contribution,optical,hardware,1,1,1,0,priority,0.000500,180,15,hybrid,0.050000,4000.000000,6.087000,52.000000,500.000000,500.000000,2.000000,240.000000,0.400000,205,130,205,93,161,21,47,0,0,0,0,0,93,93,0,0,0.000000,1.000000,43.550359,clear-ocean,30.000000,60.000000,0.151000,1149,3057909,784.079231,5.994490,78,3,0,75,0,68,0,0,68,0,0,0,0,0,0,123,30,0,93,0,2,0,2,0,23,52,130,23,50,88,16.399125,331.863067,2664.868629,8.695652,3.846154,32.307692,2,0,0,2971197.398406,24.722625,119.898363,6884.656410,970.638722,256.019430,192.521856,2969184.664141,2962990.921008,1419.180008,8206.477398,593.554256,0.032668,0.008617,0.006480,99.932258,0.019977,16.795261,9.367060,3.129389,50.959557,95,0.640596,14,42,0,100.000000,1.271243,78.536585,1561.979954,1354.294801,5553.735880,0.000000,365.503680
13140.000000,contribution,optical,hardware,1,1,1,0,priority,0.000500,180,15,hybrid,0.050000,4000.000000,6.087000,52.000000,500.000000,500.000000,2.000000,240.000000,0.400000,205,130,205,93,161,21,47,0,0,0,0,0,93,93,0,0,0.000000,1.000000,43.550359,clear-ocean,30.000000,60.000000,0.151000,1149,3057909,784.079231,5.967117,78,3,0,75,0,68,0,0,68,0,0,0,0,0,0,123,30,0,93,0,2,0,2,0,23,52,130,23,50,88,16.399125,331.863067,2664.868629,8.695652,3.846154,32.307692,2,0,0,2984794.499878,24.722625,119.898363,6884.656410,974.774892,257.053473,192.751643,2982776.365614,2976582.622480,1424.580008,8211.877398,593.554256,0.032658,0.008612,0.006458,99.932386,0.019886,16.795261,9.367060,3.129389,50.918645,95,0.637671,14,42,0,100.000000,1.271243,78.536585,1561.979954,1348.110807,5467.629164,0.000000,427.486654
13200.000000,contribution,optical,hardware,1,1,1,0,priority,0.000500,180,15,hybrid,0.050000,4000.000000,6.087000,52.000000,500.000000,500.000000,2.000000,240.000000,0.400000,205,130,205,93,161,21,47,0,0,0,0,0,93,93,0,0,0.000000,1.000000,43.550359,clear-ocean,30.000000,60.000000,0.151000,1149,3057909,784.079231,5.939994,78,3,0,75,0,68,0,0,68,0,0,0,0,0,0,123,30,0,93,0,2,0,2,0,23,52,130,23,50,88,16.399125,331.863067,2664.868629,8.695652,3.846154,32.307692,2,0,0,2998391.601351,24.722625,119.898363,6884.656410,978.911062,258.087516,192.981430,2996368.067086,2990174.323953,1429.980008,8217.277398,593.554256,0.032648,0.008608,0.006436,99.932513,0.019796,16.795261,9.367060,3.129389,50.878106,95,0.634773,14,42,0,100.000000,1.271243,78.536585,1561.979954,1341.983030,5381.522448,0.000000,472.640502
13260.000000,contribution,optical,hardware,1,1,1,0,priority,0.000500,180,15,hybrid,0.050000,4000.000000,6.087000,52.000000,500.000000,500.000000,2.000000,240.000000,0.400000,205,130,205,93,161,21,47,0,0,0,0,0,93,93,0,0,0.000000,1.000000,43.550359,clear-ocean,30.000000,60.000000,0.151000,1149,3057909,784.079231,5.913116,78,3,0,75,0,68,0,0,68,0,0,0,0,0,0,123,30,0,93,0,2,0,2,0,23,52,130,23,50,88,16.399125,331.863067,2664.868629,8.695652,3.846154,32.307692,2,0,0,3011988.702823,24.722625,119.898363,6884.656410,983.047232,259.121558,193.211217,3009959.768559,3003766.025425,1435.380008,8222.677398,593.554256,0.032638,0.008603,0.006415,99.932638,0.019706,16.795261,9.367060,3.129389,50.837934,95,0.631900,14,42,0,100.000000,1.271243,78.536585,1561.979954,1335.910709,5295.415732,0.000000,496.683776
13320.000000,contribution,optical,hardware,1,1,1,0,priority,0.000500,180,15,hybrid,0.050000,4000.000000,6.087000,52.000000,500.000000,500.000000,2.000000,240.000000,0.400000,205,130,205,101,162,21,47,0,0,0,0,0,101,101,0,0,0.000000,1.000000,43.475325,clear-ocean,30.000000,60.000000,0.151000,1172,3142044,805.652308,6.048441,78,3,0,75,0,68,0,0,68,0,0,0,0,0,0,127,32,0,94,1,2,0,2,0,23,52,130,23,50,89,16.399125,331.863067,2741.750034,8.695652,3.846154,31.538462,2,0,0,3025788.289014,24.722625,119.898363,7087.141128,987.183403,260.155601,203.041005,3023730.457929,3017357.726898,1450.380008,8430.562116,607.451077,0.032626,0.008598,0.006710,99.931990,0.020076,16.795261,9.367060,3.185232,50.769294,95,0.651426,14,34,6,100.000000,1.271243,79.024390,1611.025224,1344.908108,5209.309016,-0.000000,497.336716
13380.000000,contribution,optical,hardware,1,1,1,0,priority,0.000500,180,15,hybrid,0.050000,4000.000000,6.087000,52.000000,500.000000,500.000000,2.000000,240.000000,0.400000,205,130,205,101,167,21,47,0,0,0,0,0,101,101,0,0,0.000000,1.000000,43.475325,clear-ocean,30.000000,60.000000,0.151000,1213,3289629,843.494615,6.304145,78,3,0,75,0,68,0,0,68,0,0,0,0,0,0,133,33,0,99,1,2,0,2,0,23,52,130,23,50,94,16.399125,331.863067,3099.106290,8.695652,3.846154,27.692308,2,0,0,3039718.583307,24.722625,119.898363,7420.333949,991.319573,261.189643,203.270792,3037624.914273,3030949.428370,1455.780008,8769.154936,637.889026,0.032612,0.008593,0.006687,99.931123,0.020985,16.795261,9.367060,3.157589,50.694096,95,0.663453,14,34,1,100.000000,1.271243,81.463415,1846.025895,1413.615546,5123.202300,-0.000000,474.537410
13440.000000,contribution,optical,hardware,1,1,1,0,priority,0.000500,180,15,hybrid,0.050000,4000.000000,6.087000,52.000000,500.000000,500.000000,2.000000,240.000000,0.400000,205,130,205,101,169,21,47,0,0,0,0,0,101,101,0,0,0.000000,1.000000,43.475325,clear-ocean,30.000000,60.000000,0.151000,1226,3336066,855.401538,6.364595,78,3,0,75,0,68,0,0,68,0,0,0,0,0,0,134,33,0,101,0,2,0,2,0,23,52,130,23,50,96,16.399125,331.863067,3230.460051,8.695652,3.846154,26.153846,2,0,0,3053421.386523,24.722625,119.898363,7526.035692,995.455743,262.223686,203.500579,3051311.877694,3044541.129843,1461.180008,8880.256680,648.328821,0.032601,0.008588,0.006665,99.930913,0.021233,16.795261,9.367060,3.135848,50.619568,95,0.661086,14,34,0,100.000000,1.271243,82.439024,1935.470403,1437.066667,5037.095584,-0.000000,430.447668
13500.000000,contribution,optical,hardware,1,1,1,0,priority,0.000500,180,15,hybrid,0.050000,4000.000000,6.087000,52.000000,500.000000,500.000000,2.000000,240.000000,0.400000,205,130,205,101,169,21,47,0,0,0,0,0,101,101,0,0,0.000000,1.000000,43.475325,clear-ocean,30.000000,60.000000,0.151000,1226,3336066,855.401538,6.336308,78,3,0,75,0,68,0,0,68,0,0,0,0,0,0,134,33,0,101,0,2,0,2,0,23,52,130,23,50,96,16.399125,331.863067,3230.460051,8.695652,3.846154,26.153846,2,0,0,3067018.487995,24.722625,119.898363,7526.035692,999.591913,263.257728,203.730366,3064903.579167,3058132.831315,1466.580008,8885.656680,648.328821,0.032592,0.008584,0.006643,99.931043,0.021139,16.795261,9.367060,3.135848,50.545704,95,0.658148,14,34,0,100.000000,1.271243,82.439024,1935.470403,1430.679704,4950.988867,-0.000000,369.248039
13560.000000,contribution,optical,hardware,1,1,1,0,priority,0.000500,180,15,hybrid,0.050000,4000.000000,6.087000,52.000000,500.000000,500.000000,2.000000,240.000000,0.400000,205,130,205,101,169,21,47,0,0,0,0,0,101,101,0,0,0.000000,1.000000,43.475325,clear-ocean,30.000000,60.000000,0.151000,1226,3336066,855.401538,6.308271,78,3,0,75,0,68,0,0,68,0,0,0,0,0,0,134,33,0,101,0,2,0,2,0,23,52,130,23,50,96,16.399125,331.863067,3230.460051,8.695652,3.846154,26.153846,2,0,0,3080615.589468,24.722625,119.898363,7526.035692,1003.728083,264.291771,203.960154,3078495.280639,3071724.532788,1471.980008,8891.056680,648.328821,0.032582,0.008579,0.006621,99.931173,0.021045,16.795261,9.367060,3.135848,50.472493,95,0.655236,14,34,0,100.000000,1.271243,82.439024,1935.470403,1424.349263,4864.882151,-0.000000,296.741417
13620.000000,contribution,optical,hardware,1,1,1,0,priority,0.000500,180,15,hybrid,0.050000,4000.000000,6.087000,52.000000,500.000000,500.000000,2.000000,240.000000,0.400000,205,130,205,101,169,21,47,0,0,0,0,0,101,101,0,0,0.000000,1.000000,43.475325,clear-ocean,30.000000,60.000000,0.151000,1226,3336066,855.401538,6.280481,78,3,0,75,0,68,0,0,68,0,0,0,0,0,0,134,33,0,101,0,2,0,2,0,23,52,130,23,50,96,16.399125,331.863067,3230.460051,8.695652,3.846154,26.153846,2,0,0,3094212.690940,24.722625,119.898363,7526.035692,1007.864254,265.325813,204.189941,3092086.982112,3085316.234260,1477.380008,8896.456680,648.328821,0.032573,0.008575,0.006599,99.931300,0.020953,16.795261,9.367060,3.135848,50.399927,95,0.652349,14,34,0,100.000000,1.271243,82.439024,1935.470403,1418.074596,4778.775435,-0.000000,219.802817
13680.000000,contribution,optical,hardware,1,1,1,0,priority,0.000500,180,15,hybrid,0.050000,4000.000000,6.087000,52.000000,500.000000,500.000000,2.000000,240.000000,0.400000,205,130,205,101,169,21,47,0,0,0,0,0,101,101,0,0,0.000000,1.000000,43.475325,clear-ocean,30.000000,60.000000,0.151000,1226,3336066,855.401538,6.252935,78,3,0,75,0,68,0,0,68,0,0,0,0,0,0,134,33,0,101,0,2,0,2,0,23,52,130,23,50,96,16.399125,331.863067,3230.460051,8.695652,3.846154,26.153846,2,0,0,3107809.792413,24.722625,119.898363,7526.035692,1012.000424,266.359856,204.419728,3105678.683584,3098907.935733,1482.780008,8901.856680,648.328821,0.032563,0.008571,0.006578,99.931427,0.020861,16.795261,9.367060,3.135848,50.327997,95,0.649488,14,34,0,100.000000,1.271243,82.439024,1935.470403,1411.854971,4692.668719,-0.000000,145.727486
13740.000000,contribution,optical,hardware,1,1,1,0,priority,0.000500,180,15,hybrid,0.050000,4000.000000,6.087000,52.000000,500.000000,500.000000,2.000000,240.000000,0.400000,205,130,205,101,169,21,47,0,0,0,0,0,101,101,0,0,0.000000,1.000000,43.475325,clear-ocean,30.000000,60.000000,0.151000,1226,3336066,855.401538,6.225630,78,3,0,75,0,68,0,0,68,0,0,0,0,0,0,134,33,0,101,0,2,0,2,0,23,52,130,23,50,96,16.399125,331.863067,3230.460051,8.695652,3.846154,26.153846,2,0,0,3121406.893885,24.722625,119.898363,7526.035692,1016.136594,267.393899,204.649515,3119270.385057,3112499.637205,1488.180008,8907.256680,648.328821,0.032554,0.008566,0.006556,99.931553,0.020770,16.795261,9.367060,3.135848,50.256696,95,0.646652,14,34,0,100.000000,1.271243,82.439024,1935.470403,1405.689665,4606.562003,-0.000000,81.539182
13800.000000,contribution,optical,hardware,1,1,1,0,priority,0.000500,180,15,hybrid,0.050000,4000.000000,6.087000,52.000000,500.000000,500.000000,2.000000,240.000000,0.400000,205,130,205,101,169,21,47,0,0,0,0,0,101,101,0,0,0.000000,1.000000,43.475325,clear-ocean,30.000000,60.000000,0.151000,1226,3336066,855.401538,6.198562,78,3,0,75,0,68,0,0,68,0,0,0,0,0,0,134,33,0,101,0,2,0,2,0,23,52,130,23,50,96,16.399125,331.863067,3230.460051,8.695652,3.846154,26.153846,2,0,0,3135003.995358,24.722625,119.898363,7526.035692,1020.272764,268.427941,204.879303,3132862.086529,3126091.338678,1493.580008,8912.656680,648.328821,0.032545,0.008562,0.006535,99.931678,0.020680,16.795261,9.367060,3.135848,50.186014,95,0.643841,14,34,0,100.000000,1.271243,82.439024,1935.470403,1399.577971,4520.455287,-0.000000,33.324182
13860.000000,contribution,optical,hardware,1,1,1,0,priority,0.000500,180,15,hybrid,0.050000,4000.000000,6.087000,52.000000,500.000000,500.000000,2.000000,240.000000,0.400000,205,130,205,101,169,21,47,0,0,0,0,0,101,101,0,0,0.000000,1.000000,43.475325,clear-ocean,30.000000,60.000000,0.151000,1226,3336066,855.401538,6.171728,78,3,0,75,0,68,0,0,68,0,0,0,0,0,0,134,33,0,101,0,2,0,2,0,23,52,130,23,50,96,16.399125,331.863067,3230.460051,8.695652,3.846154,26.153846,2,0,0,3148601.096830,24.722625,119.898363,7526.035692,1024.408935,269.461984,205.109090,3146453.788002,3139683.040150,1498.980008,8918.056680,648.328821,0.032535,0.008558,0.006514,99.931801,0.020591,16.795261,9.367060,3.135848,50.115945,95,0.641053,14,34,0,100.000000,1.271243,82.439024,1935.470403,1393.519192,4434.348571,-0.000000,5.654189
13920.000000,contribution,optical,hardware,1,1,1,0,priority,0.000500,180,15,hybrid,0.050000,4000.000000,6.087000,52.000000,500.000000,500.000000,2.000000,240.000000,0.400000,205,130,205,101,169,21,47,0,0,0,0,0,101,101,0,0,0.000000,1.000000,43.475325,clear-ocean,30.000000,60.000000,0.151000,1226,3336066,855.401538,6.145126,78,3,0,75,0,68,0,0,68,0,0,0,0,0,0,134,33,0,101,0,2,0,2,0,23,52,130,23,50,96,16.399125,331.863067,3230.460051,8.695652,3.846154,26.153846,2,0,0,3162198.198303,24.722625,119.898363,7526.035692,1028.545105,270.496026,205.338877,3160045.489474,3153274.741623,1504.380008,8923.456680,648.328821,0.032526,0.008554,0.006494,99.931924,0.020502,16.795261,9.367060,3.135848,50.046480,95,0.638290,14,34,0,100.000000,1.271243,82.439024,1935.470403,1387.512644,4348.241854,0.000000,1.152847
13980.000000,contribution,optical,hardware,1,1,1,0,priority,0.000500,180,15,hybrid,0.050000,4000.000000,6.087000,52.000000,500.000000,500.000000,2.000000,240.000000,0.400000,205,130,205,101,169,21,47,0,0,0,0,0,101,101,0,0,0.000000,1.000000,43.475325,clear-ocean,30.000000,60.000000,0.151000,1226,3336066,855.401538,6.118752,78,3,0,75,0,68,0,0,68,0,0,0,0,0,0,134,33,0,101,0,2,0,2,0,23,52,130,23,50,96,16.399125,331.863067,3230.460051,8.695652,3.846154,26.153846,2,0,0,3175795.299775,24.722625,119.898363,7526.035692,1032.681275,271.530069,205.568664,3173637.190947,3166866.443095,1509.780008,8928.856680,648.328821,0.032517,0.008550,0.006473,99.932045,0.020415,16.795261,9.367060,3.135848,49.977611,95,0.635551,14,34,0,100.000000,1.271243,82.439024,1935.470403,1381.557654,4262.135138,0.000000,20.246969
14040.000000,contribution,optical,hardware,1,1,1,0,priority,0.000500,180,15,hybrid,0.050000,4000.000000,6.087000,52.000000,500.000000,500.000000,2.000000,240.000000,0.400000,205,130,205,101,169,21,47,0,0,0,0,0,101,101,0,0,0.000000,1.000000,43.475325,clear-ocean,30.000000,60.000000,0.151000,1226,3336066,855.401538,6.092604,78,3,0,75,0,68,0,0,68,0,0,0,0,0,0,134,33,0,101,0,2,0,2,0,23,52,130,23,50,96,16.399125,331.863067,3230.460051,8.695652,3.846154,26.153846,2,0,0,3189392.401248,24.722625,119.898363,7526.035692,1036.817445,272.564111,205.798452,3187228.892419,3180458.144568,1515.180008,8934.256680,648.328821,0.032508,0.008546,0.006453,99.932165,0.020328,16.795261,9.367060,3.135848,49.909330,95,0.632835,14,34,0,100.000000,1.271243,82.439024,1935.470403,1375.653561,4176.028422,0.000000,61.126069
14100.000000,contribution,optical,hardware,1,1,1,0,priority,0.000500,180,15,hybrid,0.050000,4000.000000,6.087000,52.000000,500.000000,500.000000,2.000000,240.000000,0.400000,205,130,205,101,169,21,47,0,0,0,0,0,101,101,0,0,0.000000,1.000000,43.475325,clear-ocean,30.000000,60.000000,0.151000,1226,3336066,855.401538,6.066678,78,3,0,75,0,68,0,0,68,0,0,0,0,0,0,134,33,0,101,0,2,0,2,0,23,52,130,23,50,96,16.399125,331.863067,3230.460051,8.695652,3.846154,26.153846,2,0,0,3202989.502720,24.722625,119.898363,7526.035692,1040.953615,273.598154,206.028239,3200820.593892,3194049.846040,1520.580008,8939.656680,648.328821,0.032499,0.008542,0.006432,99.932285,0.020241,16.795261,9.367060,3.135848,49.841631,95,0.630142,14,34,0,100.000000,1.271243,82.439024,1935.470403,1369.799716,4089.921706,0.000000,119.914025
14160.000000,contribution,optical,hardware,1,1,1,0,priority,0.000500,180,15,hybrid,0.050000,4000.000000,6.087000,52.000000,500.000000,500.000000,2.000000,240.000000,0.400000,205,130,205,101,169,21,47,0,0,0,0,0,101,101,0,0,0.000000,1.000000,43.475325,clear-ocean,30.000000,60.000000,0.151000,1226,3336066,855.401538,6.040971,78,3,0,75,0,68,0,0,68,0,0,0,0,0,0,134,33,0,101,0,2,0,2,0,23,52,130,23,50,96,16.399125,331.863067,3230.460051,8.695652,3.846154,26.153846,2,0,0,3216586.604193,24.722625,119.898363,7526.035692,1045.089786,274.632196,206.258026,3214412.295364,3207641.547513,1525.980008,8945.056680,648.328821,0.032491,0.008538,0.006412,99.932403,0.020156,16.795261,9.367060,3.135848,49.774506,95,0.627472,14,34,0,100.000000,1.271243,82.439024,1935.470403,1363.995480,4003.814990,0.000000,191.036617
14220.000000,contribution,optical,hardware,1,1,1,0,priority,0.000500,180,15,hybrid,0.050000,4000.000000,6.087000,52.000000,500.000000,500.000000,2.000000,240.000000,0.400000,205,130,205,101,169,21,47,0,0,0,0,0,101,101,0,0,0.000000,1.000000,43.475325,clear-ocean,30.000000,60.000000,0.151000,1226,3336066,855.401538,6.015482,78,3,0,75,0,68,0,0,68,0,0,0,0,0,0,134,33,0,101,0,2,0,2,0,23,52,130,23,50,96,16.399125,331.863067,3230.460051,8.695652,3.846154,26.153846,2,0,0,3230183.705665,24.722625,119.898363,7526.035692,1049.225956,275.666239,206.487813,3228003.996837,3221233.248985,1531.380008,8950.456680,648.328821,0.032482,0.008534,0.006392,99.932521,0.020071,16.795261,9.367060,3.135848,49.707947,95,0.624824,14,34,0,100.000000,1.271243,82.439024,1935.470403,1358.240225,3917.708274,0.000000,267.750065
14280.000000,contribution,optical,hardware,1,1,1,0,priority,0.000500,180,15,hybrid,0.050000,4000.000000,6.087000,52.000000,500.000000,500.000000,2.000000,240.000000,0.400000,205,130,205,101,169,21,47,0,0,0,0,0,101,101,0,0,0.000000,1.000000,43.475325,clear-ocean,30.000000,60.000000,0.151000,1226,3336066,855.401538,5.990207,78,3,0,75,0,68,0,0,68,0,0,0,0,0,0,134,33,0,101,0,2,0,2,0,23,52,130,23,50,96,16.399125,331.863067,3230.460051,8.695652,3.846154,26.153846,2,0,0,3243780.807138,24.722625,119.898363,7526.035692,1053.362126,276.700282,206.717600,3241595.698309,3234824.950458,1536.780008,8955.856680,648.328821,0.032473,0.008530,0.006373,99.932637,0.019987,16.795261,9.367060,3.135848,49.641947,95,0.622199,14,34,0,100.000000,1.271243,82.439024,1935.470403,1352.533333,3831.601558,0.000000,342.780467
14340.000000,contribution,optical,hardware,1,1,1,0,priority,0.000500,180,15,hybrid,0.050000,4000.000000,6.087000,52.000000,500.000000,500.000000,2.000000,240.000000,0.400000,205,130,205,101,169,21,47,0,0,0,0,0,101,101,0,0,0.000000,1.000000,43.475325,clear-ocean,30.000000,60.000000,0.151000,1226,3336066,855.401538,5.965143,78,3,0,75,0,68,0,0,68,0,0,0,0,0,0,134,33,0,101,0,2,0,2,0,23,52,130,23,50,96,16.399125,331.863067,3230.460051,8.695652,3.846154,26.153846,2,0,0,3257377.908610,24.722625,119.898363,7526.035692,1057.498296,277.734324,206.947388,3255187.399782,3248416.651930,1542.180008,8961.256680,648.328821,0.032465,0.008526,0.006353,99.932752,0.019903,16.795261,9.367060,3.135848,49.576499,95,0.619596,14,34,0,100.000000,1.271243,82.439024,1935.470403,1346.874198,3745.494841,0.000000,409.013508
14400.000000,contribution,optical,hardware,1,1,1,0,priority,0.000500,180,15,hybrid,0.050000,4000.000000,6.087000,52.000000,500.000000,500.000000,2.000000,240.000000,0.400000,205,130,205,101,169,21,47,0,0,0,0,0,101,101,0,0,0.000000,1.000000,43.475325,clear-ocean,30.000000,60.000000,0.151000,1226,3336066,855.401538,5.940288,78,3,0,75,0,68,0,0,68,0,0,0,0,0,0,134,33,0,101,0,2,0,2,0,23,52,130,23,50,96,16.399125,331.863067,3230.460051,8.695652,3.846154,26.153846,2,0,0,3270975.010083,24.722625,119.898363,7526.035692,1061.634466,278.768367,207.177175,3268779.101254,3262008.353403,1547.580008,8966.656680,648.328821,0.032456,0.008522,0.006334,99.932867,0.019821,16.795261,9.367060,3.135848,49.511597,95,0.617014,14,34,0,100.000000,1.271243,82.439024,1935.470403,1341.262222,3659.388125,0.000000,460.169031
14460.000000,contribution,optical,hardware,1,1,1,0,priority,0.000500,180,15,hybrid,0.050000,4000.000000,6.087000,52.000000,500.000000,500.000000,2.000000,240.000000,0.400000,205,130,205,101,169,21,47,0,0,0,0,0,101,101,0,0,0.000000,1.000000,43.475325,clear-ocean,30.000000,60.000000,0.151000,1226,3336066,855.401538,5.915640,78,3,0,75,0,68,0,0,68,0,0,0,0,0,0,134,33,0,101,0,2,0,2,0,23,52,130,23,50,96,16.399125,331.863067,3230.460051,8.695652,3.846154,26.153846,2,0,0,3284572.111555,24.722625,119.898363,7526.035692,1065.770637,279.802409,207.406962,3282370.802727,3275600.054876,1552.980008,8972.056680,648.328821,0.032448,0.008519,0.006315,99.932980,0.019739,16.795261,9.367060,3.135848,49.447234,95,0.614454,14,34,0,100.000000,1.271243,82.439024,1935.470403,1335.696819,3573.281409,0.000000,491.396514
14520.000000,contribution,optical,hardware,1,1,1,0,priority,0.000500,180,15,hybrid,0.050000,4000.000000,6.087000,52.000000,500.000000,500.000000,2.000000,240.000000,0.400000,205,130,205,110,169,21,47,0,0,0,0,0,110,110,0,0,0.000000,1.000000,43.478154,clear-ocean,30.000000,60.000000,0.151000,1240,3386640,868.369231,5.980504,78,3,0,75,0,68,0,0,68,0,0,0,0,0,0,136,34,0,101,1,2,0,2,0,23,52,130,23,50,96,16.399125,331.863067,3230.460051,8.695652,3.846154,26.153846,2,0,0,3298298.782874,24.722625,119.898363,7655.605538,1069.906807,280.836452,218.436749,3296073.445738,3289191.756348,1569.180008,9107.026526,656.157128,0.032438,0.008515,0.006623,99.932531,0.019894,16.795261,9.367060,3.189836,49.366047,95,0.627410,14,25,8,100.000000,1.271243,82.439024,1935.470403,1330.177410,3487.174693,-0.000000,499.734996
14580.000000,contribution,optical,hardware,1,1,1,0,priority,0.000500,180,15,hybrid,0.050000,4000.000000,6.087000,52.000000,500.000000,500.000000,2.000000,240.000000,0.400000,205,130,205,110,172,21,47,0,0,0,0,0,110,110,0,0,0.000000,1.000000,43.478154,clear-ocean,30.000000,60.000000,0.151000,1273,3508473,899.608462,6.170154,78,3,0,75,0,68,0,0,68,0,0,0,0,0,0,141,36,0,104,1,2,0,2,0,23,52,130,23,50,99,16.399125,331.863067,3462.559057,8.695652,3.846154,23.846154,2,0,0,3312168.352039,24.722625,119.898363,7928.073231,1074.042977,281.870494,218.666537,3309915.070903,3302783.457821,1574.580008,9384.894218,678.701128,0.032427,0.008510,0.006602,99.931970,0.020491,16.795261,9.367060,3.203262,49.265775,95,0.652538,14,25,5,100.000000,1.271243,83.902439,2091.649302,1365.855693,3401.067977,-0.000000,484.393829
14640.000000,contribution,optical,hardware,1,1,1,0,priority,0.000500,180,15,hybrid,0.050000,4000.000000,6.087000,52.000000,500.000000,500.000000,2.000000,240.000000,0.400000,205,130,205,110,177,21,47,0,0,0,0,0,110,110,0,0,0.000000,1.000000,43.478154,clear-ocean,30.000000,60.000000,0.151000,1315,3660195,938.511538,6.410598,78,3,0,75,0,68,0,0,68,0,0,0,0,0,0,147,37,0,109,1,2,0,2,0,23,52,130,23,50,104,16.399125,331.863067,3819.082305,8.695652,3.846154,20.000000,2,0,0,3326107.132485,24.722625,119.898363,8269.752205,1078.179147,282.904537,218.896324,3323818.013401,3316375.159293,1579.980008,9731.973192,709.139077,0.032416,0.008506,0.006581,99.931177,0.021320,16.795261,9.367060,3.180674,49.166325,95,0.659426,14,25,0,100.000000,1.271243,86.341463,2339.858152,1428.563934,3314.961261,-0.000000,446.827649
14700.000000,contribution,optical,hardware,1,1,1,0,priority,0.000500,180,15,hybrid,0.050000,4000.000000,6.087000,52.000000,500.000000,500.000000,2.000000,240.000000,0.400000,205,130,205,110,178,21,47,0,0,0,0,0,110,110,0,0,0.000000,1.000000,43.478154,clear-ocean,30.000000,60.000000,0.151000,1324,3690084,946.175385,6.436567,78,3,0,75,0,68,0,0,68,0,0,0,0,0,0,148,38,0,110,0,2,0,2,0,23,52,130,23,50,105,16.399125,331.863067,3886.510883,8.695652,3.846154,19.230769,2,0,0,3339772.560522,24.722625,119.898363,8338.078769,1082.315318,283.938579,219.126111,3337471.028925,3329966.860766,1585.380008,9805.699756,716.151590,0.032407,0.008502,0.006561,99.931087,0.021443,16.795261,9.367060,3.176411,49.067687,95,0.656735,14,25,0,100.000000,1.271243,86.829268,2387.943685,1436.338503,3228.854545,-0.000000,390.598447
14760.000000,contribution,optical,hardware,1,1,1,0,priority,0.000500,180,15,hybrid,0.050000,4000.000000,6.087000,52.000000,500.000000,500.000000,2.000000,240.000000,0.400000,205,130,205,110,178,21,47,0,0,0,0,0,110,110,0,0,0.000000,1.000000,43.478154,clear-ocean,30.000000,60.000000,0.151000,1324,3690084,946.175385,6.410402,78,3,0,75,0,68,0,0,68,0,0,0,0,0,0,148,38,0,110,0,2,0,2,0,23,52,130,23,50,105,16.399125,331.863067,3886.510883,8.695652,3.846154,19.230769,2,0,0,3353369.661994,24.722625,119.898363,8338.078769,1086.451488,284.972622,219.355898,3351062.730397,3343558.562238,1590.780008,9811.099756,716.151590,0.032399,0.008498,0.006541,99.931206,0.021356,16.795261,9.367060,3.176411,48.969851,95,0.654065,14,25,0,100.000000,1.271243,86.829268,2387.943685,1430.499729,3142.747828,-0.000000,321.037826
14820.000000,contribution,optical,hardware,1,1,1,0,priority,0.000500,180,15,hybrid,0.050000,4000.000000,6.087000,52.000000,500.000000,500.000000,2.000000,240.000000,0.400000,205,130,205,110,178,21,47,0,0,0,0,0,110,110,0,0,0.000000,1.000000,43.478154,clear-ocean,30.000000,60.000000,0.151000,1324,3690084,946.175385,6.384449,78,3,0,75,0,68,0,0,68,0,0,0,0,0,0,148,38,0,110,0,2,0,2,0,23,52,130,23,50,105,16.399125,331.863067,3886.510883,8.695652,3.846154,19.230769,2,0,0,3366966.763467,24.722625,119.898363,8338.078769,1090.587658,286.006664,219.585686,3364654.431870,3357150.263711,1596.180008,9816.499756,716.151590,0.032391,0.008494,0.006522,99.931323,0.021270,16.795261,9.367060,3.176411,48.872807,95,0.651417,14,25,0,100.000000,1.271243,86.829268,2387.943685,1424.708232,3056.641112,-0.000000,244.741463
14880.000000,contribution,optical,hardware,1,1,1,0,priority,0.000500,180,15,hybrid,0.050000,4000.000000,6.087000,52.000000,500.000000,500.000000,2.000000,240.000000,0.400000,205,130,205,110,178,21,47,0,0,0,0,0,110,110,0,0,0.000000,1.000000,43.478154,clear-ocean,30.000000,60.000000,0.151000,1324,3690084,946.175385,6.358706,78,3,0,75,0,68,0,0,68,0,0,0,0,0,0,148,38,0,110,0,2,0,2,0,23,52,130,23,50,105,16.399125,331.863067,3886.510883,8.695652,3.846154,19.230769,2,0,0,3380563.864939,24.722625,119.898363,8338.078769,1094.723828,287.040707,219.815473,3378246.133342,3370741.965183,1601.580008,9821.899756,716.151590,0.032383,0.008491,0.006502,99.931439,0.021184,16.795261,9.367060,3.176411,48.776546,95,0.648790,14,25,0,100.000000,1.271243,86.829268,2387.943685,1418.963441,2970.534396,-0.000000,168.943709
14940.000000,contribution,optical,hardware,1,1,1,0,priority,0.000500,180,15,hybrid,0.050000,4000.000000,6.087000,52.000000,500.000000,500.000000,2.000000,240.000000,0.400000,205,130,205,110,178,21,47,0,0,0,0,0,110,110,0,0,0.000000,1.000000,43.478154,clear-ocean,30.000000,60.000000,0.151000,1324,3690084,946.175385,6.333169,78,3,0,75,0,68,0,0,68,0,0,0,0,0,0,148,38,0,110,0,2,0,2,0,23,52,130,23,50,105,16.399125,331.863067,3886.510883,8.695652,3.846154,19.230769,2,0,0,3394160.966412,24.722625,119.898363,8338.078769,1098.859998,288.074750,220.045260,3391837.834815,3384333.666656,1606.980008,9827.299756,716.151590,0.032375,0.008487,0.006483,99.931555,0.021100,16.795261,9.367060,3.176411,48.681058,95,0.646185,14,25,0,100.000000,1.271243,86.829268,2387.943685,1413.264793,2884.427680,-0.000000,100.831640
15000.000000,contribution,optical,hardware,1,1,1,0,priority,0.000500,180,15,hybrid,0.050000,4000.000000,6.087000,52.000000,500.000000,500.000000,2.000000,240.000000,0.400000,205,130,205,110,178,21,47,0,0,0,0,0,110,110,0,0,0.000000,1.000000,43.478154,clear-ocean,30.000000,60.000000,0.151000,1324,3690084,946.175385,6.307836,78,3,0,75,0,68,0,0,68,0,0,0,0,0,0,148,38,0,110,0,2,0,2,0,23,52,130,23,50,105,16.399125,331.863067,3886.510883,8.695652,3.846154,19.230769,2,0,0,3407758.067884,24.722625,119.898363,8338.078769,1102.996169,289.108792,220.275047,3405429.536287,3397925.368128,1612.380008,9832.699756,716.151590,0.032367,0.008484,0.006464,99.931670,0.021015,16.795261,9.367060,3.176411,48.586333,95,0.643600,14,25,0,100.000000,1.271243,86.829268,2387.943685,1407.611733,2798.320964,-0.000000,46.863581
15060.000000,contribution,optical,hardware,1,1,1,0,priority,0.000500,180,15,hybrid,0.050000,4000.000000,6.087000,52.000000,500.000000,500.000000,2.000000,240.000000,0.400000,205,130,205,110,178,21,47,0,0,0,0,0,110,110,0,0,0.000000,1.000000,43.478154,clear-ocean,30.000000,60.000000,0.151000,1324,3690084,946.175385,6.282705,78,3,0,75,0,68,0,0,68,0,0,0,0,0,0,148,38,0,110,0,2,0,2,0,23,52,130,23,50,105,16.399125,331.863067,3886.510883,8.695652,3.846154,19.230769,2,0,0,3421355.169357,24.722625,119.898363,8338.078769,1107.132339,290.142835,220.504835,3419021.237760,3411517.069601,1617.780008,9838.099756,716.151590,0.032359,0.008480,0.006445,99.931783,0.020932,16.795261,9.367060,3.176411,48.492364,95,0.641036,14,25,0,100.000000,1.271243,86.829268,2387.943685,1402.003718,2712.214248,-0.000000,12.156736
15120.000000,contribution,optical,hardware,1,1,1,0,priority,0.000500,180,15,hybrid,0.050000,4000.000000,6.087000,52.000000,500.000000,500.000000,2.000000,240.000000,0.400000,205,130,205,110,178,21,47,0,0,0,0,0,110,110,0,0,0.000000,1.000000,43.478154,clear-ocean,30.000000,60.000000,0.151000,1324,3690084,946.175385,6.257774,78,3,0,75,0,68,0,0,68,0,0,0,0,0,0,148,38,0,110,0,2,0,2,0,23,52,130,23,50,105,16.399125,331.863067,3886.510883,8.695652,3.846154,19.230769,2,0,0,3434952.270829,24.722625,119.898363,8338.078769,1111.268509,291.176877,220.734622,3432612.939232,3425108.771073,1623.180008,9843.499756,716.151590,0.032352,0.008477,0.006426,99.931896,0.020849,16.795261,9.367060,3.176411,48.399140,95,0.638492,14,25,0,100.000000,1.271243,86.829268,2387.943685,1396.440212,2626.107532,-0.000000,0.001977
15180.000000,contribution,optical,hardware,1,1,1,0,priority,0.000500,180,15,hybrid,0.050000,4000.000000,6.087000,52.000000,500.000000,500.000000,2.000000,240.000000,0.400000,205,130,205,110,178,21,47,0,0,0,0,0,110,110,0,0,0.000000,1.000000,43.478154,clear-ocean,30.000000,60.000000,0.151000,1324,3690084,946.175385,6.233039,78,3,0,75,0,68,0,0,68,0,0,0,0,0,0,148,38,0,110,0,2,0,2,0,23,52,130,23,50,105,16.399125,331.863067,3886.510883,8.695652,3.846154,19.230769,2,0,0,3448549.372302,24.722625,119.898363,8338.078769,1115.404679,292.210920,220.964409,3446204.640705,3438700.472546,1628.580008,9848.899756,716.151590,0.032344,0.008473,0.006407,99.932008,0.020767,16.795261,9.367060,3.176411,48.306653,95,0.635968,14,25,0,100.000000,1.271243,86.829268,2387.943685,1390.920685,2540.000815,0.000000,11.551806
15240.000000,contribution,optical,hardware,1,1,1,0,priority,0.000500,180,15,hybrid,0.050000,4000.000000,6.087000,52.000000,500.000000,500.000000,2.000000,240.000000,0.400000,205,130,205,110,178,21,47,0,0,0,0,0,110,110,0,0,0.000000,1.000000,43.478154,clear-ocean,30.000000,60.000000,0.151000,1324,3690084,946.175385,6.208500,78,3,0,75,0,68,0,0,68,0,0,0,0,0,0,148,38,0,110,0,2,0,2,0,23,52,130,23,50,105,16.399125,331.863067,3886.510883,8.695652,3.846154,19.230769,2,0,0,3462146.473774,24.722625,119.898363,8338.078769,1119.540849,293.244962,221.194196,3459796.342177,3452292.174018,1633.980008,9854.299756,716.151590,0.032337,0.008470,0.006389,99.932119,0.020685,16.795261,9.367060,3.176411,48.214895,95,0.633465,14,25,0,100.000000,1.271243,86.829268,2387.943685,1385.444619,2453.894099,0.000000,45.711080
15300.000000,contribution,optical,hardware,1,1,1,0,priority,0.000500,180,15,hybrid,0.050000,4000.000000,6.087000,52.000000,500.000000,500.000000,2.000000,240.000000,0.400000,205,130,205,110,178,21,47,0,0,0,0,0,110,110,0,0,0.000000,1.000000,43.478154,clear-ocean,30.000000,60.000000,0.151000,1324,3690084,946.175385,6.184153,78,3,0,75,0,68,0,0,68,0,0,0,0,0,0,148,38,0,110,0,2,0,2,0,23,52,130,23,50,105,16.399125,331.863067,3886.510883,8.695652,3.846154,19.230769,2,0,0,3475743.575247,24.722625,119.898363,8338.078769,1123.677020,294.279005,221.423983,3473388.043650,3465883.875491,1639.380008,9859.699756,716.151590,0.032329,0.008467,0.006371,99.932229,0.020604,16.795261,9.367060,3.176411,48.123856,95,0.630980,14,25,0,100.000000,1.271243,86.829268,2387.943685,1380.011503,2367.787383,0.000000,99.240846
15360.000000,contribution,optical,hardware,1,1,1,0,priority,0.000500,180,15,hybrid,0.050000,4000.000000,6.087000,52.000000,500.000000,500.000000,2.000000,240.000000,0.400000,205,130,205,110,178,21,47,0,0,0,0,0,110,110,0,0,0.000000,1.000000,43.478154,clear-ocean,30.000000,60.000000,0.151000,1324,3690084,946.175385,6.159996,78,3,0,75,0,68,0,0,68,0,0,0,0,0,0,148,38,0,110,0,2,0,2,0,23,52,130,23,50,105,16.399125,331.863067,3886.510883,8.695652,3.846154,19.230769,2,0,0,3489340.676719,24.722625,119.898363,8338.078769,1127.813190,295.313047,221.653771,3486979.745122,3479475.576963,1644.780008,9865.099756,716.151590,0.032322,0.008463,0.006352,99.932339,0.020524,16.795261,9.367060,3.176411,48.033529,95,0.628516,14,25,0,100.000000,1.271243,86.829268,2387.943685,1374.620833,2281.680667,0.000000,167.065460
15420.000000,contribution,optical,hardware,1,1,1,0,priority,0.000500,180,15,hybrid,0.050000,4000.000000,6.087000,52.000000,500.000000,500.000000,2.000000,240.000000,0.400000,205,130,205,110,178,21,47,0,0,0,0,0,110,110,0,0,0.000000,1.000000,43.478154,clear-ocean,30.000000,60.000000,0.151000,1324,3690084,946.175385,6.136027,78,3,0,75,0,68,0,0,68,0,0,0,0,0,0,148,38,0,110,0,2,0,2,0,23,52,130,23,50,105,16.399125,331.863067,3886.510883,8.695652,3.846154,19.230769,2,0,0,3502937.778192,24.722625,119.898363,8338.078769,1131.949360,296.347090,221.883558,3500571.446595,3493067.278436,1650.180008,9870.499756,716.151590,0.032314,0.008460,0.006334,99.932447,0.020444,16.795261,9.367060,3.176411,47.943904,95,0.626070,14,25,0,100.000000,1.271243,86.829268,2387.943685,1369.272114,2195.573951,0.000000,242.753854
15480.000000,contribution,optical,hardware,1,1,1,0,priority,0.000500,180,15,hybrid,0.050000,4000.000000,6.087000,52.000000,500.000000,500.000000,2.000000,240.000000,0.400000,205,130,205,110,178,21,47,0,0,0,0,0,110,110,0,0,0.000000,1.000000,43.478154,clear-ocean,30.000000,60.000000,0.151000,1324,3690084,946.175385,6.112244,78,3,0,75,0,68,0,0,68,0,0,0,0,0,0,148,38,0,110,0,2,0,2,0,23,52,130,23,50,105,16.399125,331.863067,3886.510883,8.695652,3.846154,19.230769,2,0,0,3516534.879664,24.722625,119.898363,8338.078769,1136.085530,297.381133,222.113345,3514163.148067,3506658.979908,1655.580008,9875.899756,716.151590,0.032307,0.008457,0.006316,99.932555,0.020365,16.795261,9.367060,3.176411,47.854974,95,0.623643,14,25,0,100.000000,1.271243,86.829268,2387.943685,1363.964858,2109.467235,0.000000,319.129320
15540.000000,contribution,optical,hardware,1,1,1,0,priority,0.000500,180,15,hybrid,0.050000,4000.000000,6.087000,52.000000,500.000000,500.000000,2.000000,240.000000,0.400000,205,130,205,110,178,21,47,0,0,0,0,0,110,110,0,0,0.000000,1.000000,43.478154,clear-ocean,30.000000,60.000000,0.151000,1324,3690084,946.175385,6.088645,78,3,0,75,0,68,0,0,68,0,0,0,0,0,0,148,38,0,110,0,2,0,2,0,23,52,130,23,50,105,16.399125,331.863067,3886.510883,8.695652,3.846154,19.230769,2,0,0,3530131.981137,24.722625,119.898363,8338.078769,1140.221700,298.415175,222.343132,3527754.849540,3520250.681381,1660.980008,9881.299756,716.151590,0.032300,0.008453,0.006298,99.932662,0.020287,16.795261,9.367060,3.176411,47.766731,95,0.621236,14,25,0,100.000000,1.271243,86.829268,2387.943685,1358.698584,2023.360519,0.000000,388.950006
15600.000000,contribution,optical,hardware,1,1,1,0,priority,0.000500,180,15,hybrid,0.050000,4000.000000,6.087000,52.000000,500.000000,500.000000,2.000000,240.000000,0.400000,205,130,205,110,178,21,47,0,0,0,0,0,110,110,0,0,0.000000,1.000000,43.478154,clear-ocean,30.000000,60.000000,0.151000,1324,3690084,946.175385,6.065227,78,3,0,75,0,68,0,0,68,0,0,0,0,0,0,148,38,0,110,0,2,0,2,0,23,52,130,23,50,105,16.399125,331.863067,3886.510883,8.695652,3.846154,19.230769,2,0,0,3543729.082609,24.722625,119.898363,8338.078769,1144.357871,299.449218,222.572920,3541346.551012,3533842.382853,1666.380008,9886.699756,716.151590,0.032292,0.008450,0.006281,99.932768,0.020209,16.795261,9.367060,3.176411,47.679167,95,0.618846,14,25,0,100.000000,1.271243,86.829268,2387.943685,1353.472821,1937.253802,0.000000,445.595577
15660.000000,contribution,optical,hardware,1,1,1,0,priority,0.000500,180,15,hybrid,0.050000,4000.000000,6.087000,52.000000,500.000000,500.000000,2.000000,240.000000,0.400000,205,130,205,110,178,21,47,0,0,0,0,0,110,110,0,0,0.000000,1.000000,43.478154,clear-ocean,30.000000,60.000000,0.151000,1324,3690084,946.175385,6.041988,78,3,0,75,0,68,0,0,68,0,0,0,0,0,0,148,38,0,110,0,2,0,2,0,23,52,130,23,50,105,16.399125,331.863067,3886.510883,8.695652,3.846154,19.230769,2,0,0,3557326.184082,24.722625,119.898363,8338.078769,1148.494041,300.483260,222.802707,3554938.252485,3547434.084326,1671.780008,9892.099756,716.151590,0.032285,0.008447,0.006263,99.932873,0.020132,16.795261,9.367060,3.176411,47.592273,95,0.616475,14,25,0,100.000000,1.271243,86.829268,2387.943685,1348.287101,1851.147086,0.000000,483.694950
15720.000000,contribution,optical,hardware,1,1,1,0,priority,0.000500,180,15,hybrid,0.050000,4000.000000,6.087000,52.000000,500.000000,500.000000,2.000000,240.000000,0.400000,205,130,205,124,179,21,47,0,0,0,0,0,124,124,0,0,0.000000,1.000000,43.451732,clear-ocean,30.000000,60.000000,0.151000,1332,3719508,953.720000,6.066921,78,3,0,75,0,68,0,0,68,0,0,0,0,0,0,150,38,0,111,1,2,0,2,0,23,52,130,23,50,106,16.399125,331.863067,3968.519658,8.695652,3.846154,18.461538,2,0,0,3571016.865657,24.722625,119.898363,8431.658872,1152.630211,301.517303,239.832494,3568601.514162,3561025.785798,1693.980008,9991.079859,721.371487,0.032277,0.008443,0.006716,99.932362,0.020201,16.795261,9.367060,3.181758,47.498092,95,0.621501,14,11,12,100.000000,1.271243,87.317073,2444.879424,1355.863613,1765.040370,0.000000,499.635578
15780.000000,contribution,optical,hardware,1,1,1,0,priority,0.000500,180,15,hybrid,0.050000,4000.000000,6.087000,52.000000,500.000000,500.000000,2.000000,240.000000,0.400000,205,130,205,124,184,21,47,0,0,0,0,0,124,124,0,0,0.000000,1.000000,43.451732,clear-ocean,30.000000,60.000000,0.151000,1375,3875367,993.683846,6.297109,78,3,0,75,0,68,0,0,68,0,0,0,0,0,0,156,39,0,116,1,2,0,2,0,23,52,130,23,50,111,16.399125,331.863067,4351.717084,8.695652,3.846154,14.615385,2,0,0,3584964.132258,24.722625,119.898363,8781.824000,1156.766381,302.551345,240.062281,3582512.942814,3574617.487271,1699.380008,10346.644987,751.809436,0.032267,0.008439,0.006696,99.931626,0.020971,16.795261,9.367060,3.164621,47.359316,95,0.653359,14,11,7,100.000000,1.271243,89.756098,2717.450704,1414.079594,1678.933654,-0.000000,491.905983
15840.000000,contribution,optical,hardware,1,1,1,0,priority,0.000500,180,15,hybrid,0.050000,4000.000000,6.087000,52.000000,500.000000,500.000000,2.000000,240.000000,0.400000,205,130,205,124,186,21,47,0,0,0,0,0,124,124,0,0,0.000000,1.000000,43.451732,clear-ocean,30.000000,60.000000,0.151000,1407,3993063,1023.862308,6.463777,78,3,0,75,0,68,0,0,68,0,0,0,0,0,0,160,41,0,118,1,2,0,2,0,23,52,130,23,50,113,16.399125,331.863067,4495.199823,8.695652,3.846154,13.076923,2,0,0,3598825.179166,24.722625,119.898363,9045.769436,1160.902552,303.585388,240.292069,3596346.078543,3588209.188743,1704.780008,10615.990423,774.320615,0.032258,0.008436,0.006677,99.931114,0.021516,16.795261,9.367060,3.202042,47.221591,95,0.675000,14,11,5,100.000000,1.271243,90.731707,2822.193082,1433.975758,1592.826938,-0.000000,461.239079
15900.000000,contribution,optical,hardware,1,1,1,0,priority,0.000500,180,15,hybrid,0.050000,4000.000000,6.087000,52.000000,500.000000,500.000000,2.000000,240.000000,0.400000,205,130,205,124,192,21,47,0,0,0,0,0,124,124,0,0,0.000000,1.000000,43.451732,clear-ocean,30.000000,60.000000,0.151000,1443,4119963,1056.400769,6.644030,78,3,0,75,0,68,0,0,68,0,0,0,0,0,0,165,41,0,124,0,2,0,2,0,23,52,130,23,50,119,16.399125,331.863067,4895.930748,8.695652,3.846154,8.461538,2,0,0,3612710.532946,24.722625,119.898363,9334.021744,1165.038722,304.619430,240.521856,3610198.107400,3601800.890216,1710.180008,10909.642731,802.245538,0.032248,0.008432,0.006658,99.930456,0.022206,16.795261,9.367060,3.137486,47.084906,95,0.678428,14,11,0,100.000000,1.271243,93.658537,3122.844230,1504.036226,1506.720222,-0.000000,410.542675
15960.000000,contribution,optical,hardware,1,1,1,0,priority,0.000500,180,15,hybrid,0.050000,4000.000000,6.087000,52.000000,500.000000,500.000000,2.000000,240.000000,0.400000,205,130,205,124,192,21,47,0,0,0,0,0,124,124,0,0,0.000000,1.000000,43.451732,clear-ocean,30.000000,60.000000,0.151000,1443,4119963,1056.400769,6.619052,78,3,0,75,0,68,0,0,68,0,0,0,0,0,0,165,41,0,124,0,2,0,2,0,23,52,130,23,50,119,16.399125,331.863067,4895.930748,8.695652,3.846154,8.461538,2,0,0,3626307.634419,24.722625,119.898363,9334.021744,1169.174892,305.653473,240.751643,3623789.808873,3615392.591688,1715.580008,10915.042731,802.245538,0.032241,0.008429,0.006639,99.930568,0.022123,16.795261,9.367060,3.137486,46.949248,95,0.675877,14,11,0,100.000000,1.271243,93.658537,3122.844230,1498.381955,1420.613506,-0.000000,344.623758
16020.000000,contribution,optical,hardware,1,1,1,0,priority,0.000500,180,15,hybrid,0.050000,4000.000000,6.087000,52.000000,500.000000,500.000000,2.000000,240.000000,0.400000,205,130,205,124,192,21,47,0,0,0,0,0,124,124,0,0,0.000000,1.000000,43.451732,clear-ocean,30.000000,60.000000,0.151000,1443,4119963,1056.400769,6.594262,78,3,0,75,0,68,0,0,68,0,0,0,0,0,0,165,41,0,124,0,2,0,2,0,23,52,130,23,50,119,16.399125,331.863067,4895.930748,8.695652,3.846154,8.461538,2,0,0,3639904.735891,24.722625,119.898363,9334.021744,1173.311062,306.687516,240.981430,3637381.510345,3628984.293161,1720.980008,10920.442731,802.245538,0.032235,0.008426,0.006621,99.930679,0.022040,16.795261,9.367060,3.137486,46.814607,95,0.673346,14,11,0,100.000000,1.271243,93.658537,3122.844230,1492.770037,1334.506789,-0.000000,269.732701
16080.000000,contribution,optical,hardware,1,1,1,0,priority,0.000500,180,15,hybrid,0.050000,4000.000000,6.087000,52.000000,500.000000,500.000000,2.000000,240.000000,0.400000,205,130,205,124,192,21,47,0,0,0,0,0,124,124,0,0,0.000000,1.000000,43.451732,clear-ocean,30.000000,60.000000,0.151000,1443,4119963,1056.400769,6.569657,78,3,0,75,0,68,0,0,68,0,0,0,0,0,0,165,41,0,124,0,2,0,2,0,23,52,130,23,50,119,16.399125,331.863067,4895.930748,8.695652,3.846154,8.461538,2,0,0,3653501.837364,24.722625,119.898363,9334.021744,1177.447232,307.721558,241.211217,3650973.211818,3642575.994633,1726.380008,10925.842731,802.245538,0.032228,0.008423,0.006602,99.930789,0.021958,16.795261,9.367060,3.137486,46.680970,95,0.670833,14,11,0,100.000000,1.271243,93.658537,3122.844230,1487.200000,1248.400073,-0.000000,192.970607
16140.000000,contribution,optical,hardware,1,1,1,0,priority,0.000500,180,15,hybrid,0.050000,4000.000000,6.087000,52.000000,500.000000,500.000000,2.000000,240.000000,0.400000,205,130,205,124,192,21,47,0,0,0,0,0,124,124,0,0,0.000000,1.000000,43.451732,clear-ocean,30.000000,60.000000,0.151000,1443,4119963,1056.400769,6.545234,78,3,0,75,0,68,0,0,68,0,0,0,0,0,0,165,41,0,124,0,2,0,2,0,23,52,130,23,50,119,16.399125,331.863067,4895.930748,8.695652,3.846154,8.461538,2,0,0,3667098.938836,24.722625,119.898363,9334.021744,1181.583403,308.755601,241.441005,3664564.913290,3656167.696106,1731.780008,10931.242731,802.245538,0.032221,0.008420,0.006584,99.930898,0.021877,16.795261,9.367060,3.137486,46.548327,95,0.668340,14,11,0,100.000000,1.271243,93.658537,3122.844230,1481.671375,1162.293357,-0.000000,121.615989
16200.000000,contribution,optical,hardware,1,1,1,0,priority,0.000500,180,15,hybrid,0.050000,4000.000000,6.087000,52.000000,500.000000,500.000000,2.000000,240.000000,0.400000,205,130,205,124,192,21,47,0,0,0,0,0,124,124,0,0,0.000000,1.000000,43.451732,clear-ocean,30.000000,60.000000,0.151000,1443,4119963,1056.400769,6.520992,78,3,0,75,0,68,0,0,68,0,0,0,0,0,0,165,41,0,124,0,2,0,2,0,23,52,130,23,50,119,16.399125,331.863067,4895.930748,8.695652,3.846154,8.461538,2,0,0,3680696.040309,24.722625,119.898363,9334.021744,1185.719573,309.789643,241.670792,3678156.614763,3669759.397578,1737.180008,10936.642731,802.245538,0.032215,0.008417,0.006566,99.931007,0.021796,16.795261,9.367060,3.137486,46.416667,95,0.665864,14,11,0,100.000000,1.271243,93.658537,3122.844230,1476.183704,1076.186641,-0.000000,62.434628
16260.000000,contribution,optical,hardware,1,1,1,0,priority,0.000500,180,15,hybrid,0.050000,4000.000000,6.087000,52.000000,500.000000,500.000000,2.000000,240.000000,0.400000,205,130,205,124,192,21,47,0,0,0,0,0,124,124,0,0,0.000000,1.000000,43.451732,clear-ocean,30.000000,60.000000,0.151000,1443,4119963,1056.400769,6.496930,78,3,0,75,0,68,0,0,68,0,0,0,0,0,0,165,41,0,124,0,2,0,2,0,23,52,130,23,50,119,16.399125,331.863067,4895.930748,8.695652,3.846154,8.461538,2,0,0,3694293.141781,24.722625,119.898363,9334.021744,1189.855743,310.823686,241.900579,3691748.316235,3683351.099051,1742.580008,10942.042731,802.245538,0.032208,0.008414,0.006548,99.931115,0.021716,16.795261,9.367060,3.137486,46.285978,95,0.663407,14,11,0,100.000000,1.271243,93.658537,3122.844230,1470.736531,990.079925,-0.000000,21.038048
16320.000000,contribution,optical,hardware,1,1,1,0,priority,0.000500,180,15,hybrid,0.050000,4000.000000,6.087000,52.000000,500.000000,500.000000,2.000000,240.000000,0.400000,205,130,205,124,192,21,47,0,0,0,0,0,124,124,0,0,0.000000,1.000000,43.451732,clear-ocean,30.000000,60.000000,0.151000,1443,4119963,1056.400769,6.473044,78,3,0,75,0,68,0,0,68,0,0,0,0,0,0,165,41,0,124,0,2,0,2,0,23,52,130,23,50,119,16.399125,331.863067,4895.930748,8.695652,3.846154,8.461538,2,0,0,3707890.243254,24.722625,119.898363,9334.021744,1193.991913,311.857728,242.130366,3705340.017708,3696942.800523,1747.980008,10947.442731,802.245538,0.032201,0.008411,0.006530,99.931222,0.021636,16.795261,9.367060,3.137486,46.156250,95,0.660968,14,11,0,100.000000,1.271243,93.658537,3122.844230,1465.329412,903.973209,-0.000000,1.351435
16380.000000,contribution,optical,hardware,1,1,1,0,priority,0.000500,180,15,hybrid,0.050000,4000.000000,6.087000,52.000000,500.000000,500.000000,2.000000,240.000000,0.400000,205,130,205,124,192,21,47,0,0,0,0,0,124,124,0,0,0.000000,1.000000,43.451732,clear-ocean,30.000000,60.000000,0.151000,1443,4119963,1056.400769,6.449333,78,3,0,75,0,68,0,0,68,0,0,0,0,0,0,165,41,0,124,0,2,0,2,0,23,52,130,23,50,119,16.399125,331.863067,4895.930748,8.695652,3.846154,8.461538,2,0,0,3721487.344726,24.722625,119.898363,9334.021744,1198.128083,312.891771,242.360154,3718931.719180,3710534.501996,1753.380008,10952.842731,802.245538,0.032195,0.008408,0.006512,99.931328,0.021557,16.795261,9.367060,3.137486,46.027473,95,0.658547,14,11,0,100.000000,1.271243,93.658537,3122.844230,1459.961905,817.866493,0.000000,5.241457
16440.000000,contribution,optical,hardware,1,1,1,0,priority,0.000500,180,15,hybrid,0.050000,4000.000000,6.087000,52.000000,500.000000,500.000000,2.000000,240.000000,0.400000,205,130,205,124,192,21,47,0,0,0,0,0,124,124,0,0,0.000000,1.000000,43.451732,clear-ocean,30.000000,60.000000,0.151000,1443,4119963,1056.400769,6.425795,78,3,0,75,0,68,0,0,68,0,0,0,0,0,0,165,41,0,124,0,2,0,2,0,23,52,130,23,50,119,16.399125,331.863067,4895.930748,8.695652,3.846154,8.461538,2,0,0,3735084.446199,24.722625,119.898363,9334.021744,1202.264254,313.925813,242.589941,3732523.420653,3724126.203468,1758.780008,10958.242731,802.245538,0.032188,0.008405,0.006495,99.931433,0.021479,16.795261,9.367060,3.137486,45.899635,95,0.656144,14,11,0,100.000000,1.271243,93.658537,3122.844230,1454.633577,731.759776,0.000000,32.339264
16500.000000,contribution,optical,hardware,1,1,1,0,priority,0.000500,180,15,hybrid,0.050000,4000.000000,6.087000,52.000000,500.000000,500.000000,2.000000,240.000000,0.400000,205,130,205,124,192,21,47,0,0,0,0,0,124,124,0,0,0.000000,1.000000,43.451732,clear-ocean,30.000000,60.000000,0.151000,1443,4119963,1056.400769,6.402429,78,3,0,75,0,68,0,0,68,0,0,0,0,0,0,165,41,0,124,0,2,0,2,0,23,52,130,23,50,119,16.399125,331.863067,4895.930748,8.695652,3.846154,8.461538,2,0,0,3748681.547671,24.722625,119.898363,9334.021744,1206.400424,314.959856,242.819728,3746115.122125,3737717.904941,1764.180008,10963.642731,802.245538,0.032182,0.008402,0.006477,99.931538,0.021401,16.795261,9.367060,3.137486,45.772727,95,0.653758,14,11,0,100.000000,1.271243,93.658537,3122.844230,1449.344000,645.653060,0.000000,80.075468
16560.000000,contribution,optical,hardware,1,1,1,0,priority,0.000500,180,15,hybrid,0.050000,4000.000000,6.087000,52.000000,500.000000,500.000000,2.000000,240.000000,0.400000,205,130,205,124,192,21,47,0,0,0,0,0,124,124,0,0,0.000000,1.000000,43.451732,clear-ocean,30.000000,60.000000,0.151000,1443,4119963,1056.400769,6.379232,78,3,0,75,0,68,0,0,68,0,0,0,0,0,0,165,41,0,124,0,2,0,2,0,23,52,130,23,50,119,16.399125,331.863067,4895.930748,8.695652,3.846154,8.461538,2,0,0,3762278.649144,24.722625,119.898363,9334.021744,1210.536594,315.993899,243.049515,3759706.823598,3751309.606413,1769.580008,10969.042731,802.245538,0.032176,0.008399,0.006460,99.931642,0.021323,16.795261,9.367060,3.137486,45.646739,95,0.651389,14,11,0,100.000000,1.271243,93.658537,3122.844230,1444.092754,559.546344,0.000000,143.923764
16620.000000,contribution,optical,hardware,1,1,1,0,priority,0.000500,180,15,hybrid,0.050000,4000.000000,6.087000,52.000000,500.000000,500.000000,2.000000,240.000000,0.400000,205,130,205,124,192,21,47,0,0,0,0,0,124,124,0,0,0.000000,1.000000,43.451732,clear-ocean,30.000000,60.000000,0.151000,1443,4119963,1056.400769,6.356202,78,3,0,75,0,68,0,0,68,0,0,0,0,0,0,165,41,0,124,0,2,0,2,0,23,52,130,23,50,119,16.399125,331.863067,4895.930748,8.695652,3.846154,8.461538,2,0,0,3775875.750616,24.722625,119.898363,9334.021744,1214.672764,317.027941,243.279303,3773298.525070,3764901.307886,1774.980008,10974.442731,802.245538,0.032169,0.008396,0.006443,99.931745,0.021247,16.795261,9.367060,3.137486,45.521661,95,0.649037,14,11,0,100.000000,1.271243,93.658537,3122.844230,1438.879422,473.439628,0.000000,217.830114
16680.000000,contribution,optical,hardware,1,1,1,0,priority,0.000500,180,15,hybrid,0.050000,4000.000000,6.087000,52.000000,500.000000,500.000000,2.000000,240.000000,0.400000,205,130,205,124,192,21,47,0,0,0,0,0,124,124,0,0,0.000000,1.000000,43.451732,clear-ocean,30.000000,60.000000,0.151000,1443,4119963,1056.400769,6.333338,78,3,0,75,0,68,0,0,68,0,0,0,0,0,0,165,41,0,124,0,2,0,2,0,23,52,130,23,50,119,16.399125,331.863067,4895.930748,8.695652,3.846154,8.461538,2,0,0,3789472.852089,24.722625,119.898363,9334.021744,1218.808935,318.061984,243.509090,3786890.226543,3778493.009358,1780.380008,10979.842731,802.245538,0.032163,0.008393,0.006426,99.931847,0.021170,16.795261,9.367060,3.137486,45.397482,95,0.646703,14,11,0,100.000000,1.271243,93.658537,3122.844230,1433.703597,387.332912,0.000000,294.786783
16740.000000,contribution,optical,hardware,1,1,1,0,priority,0.000500,180,15,hybrid,0.050000,4000.000000,6.087000,52.000000,500.000000,500.000000,2.000000,240.000000,0.400000,205,130,205,124,192,21,47,0,0,0,0,0,124,124,0,0,0.000000,1.000000,43.451732,clear-ocean,30.000000,60.000000,0.151000,1443,4119963,1056.400769,6.310638,78,3,0,75,0,68,0,0,68,0,0,0,0,0,0,165,41,0,124,0,2,0,2,0,23,52,130,23,50,119,16.399125,331.863067,4895.930748,8.695652,3.846154,8.461538,2,0,0,3803069.953561,24.722625,119.898363,9334.021744,1222.945105,319.096026,243.738877,3800481.928015,3792084.710831,1785.780008,10985.242731,802.245538,0.032157,0.008390,0.006409,99.931949,0.021095,16.795261,9.367060,3.137486,45.274194,95,0.644385,14,11,0,100.000000,1.271243,93.658537,3122.844230,1428.564875,301.226196,0.000000,367.496810
16800.000000,contribution,optical,hardware,1,1,1,0,priority,0.000500,180,15,hybrid,0.050000,4000.000000,6.087000,52.000000,500.000000,500.000000,2.000000,240.000000,0.400000,205,130,205,124,192,21,47,0,0,0,0,0,124,124,0,0,0.000000,1.000000,43.451732,clear-ocean,30.000000,60.000000,0.151000,1443,4119963,1056.400769,6.288100,78,3,0,75,0,68,0,0,68,0,0,0,0,0,0,165,41,0,124,0,2,0,2,0,23,52,130,23,50,119,16.399125,331.863067,4895.930748,8.695652,3.846154,8.461538,2,0,0,3816667.055034,24.722625,119.898363,9334.021744,1227.081275,320.130069,243.968664,3814073.629488,3805676.412303,1791.180008,10990.642731,802.245538,0.032151,0.008388,0.006392,99.932050,0.021020,16.795261,9.367060,3.137486,45.151786,95,0.642083,14,11,0,100.000000,1.271243,93.658537,3122.844230,1423.462857,215.119480,0.000000,429.065895
16860.000000,contribution,optical,hardware,1,1,1,0,priority,0.000500,180,15,hybrid,0.050000,4000.000000,6.087000,52.000000,500.000000,500.000000,2.000000,240.000000,0.400000,205,130,205,124,192,21,47,0,0,0,0,0,124,124,0,0,0.000000,1.000000,43.451732,clear-ocean,30.000000,60.000000,0.151000,1443,4119963,1056.400769,6.265722,78,3,0,75,0,68,0,0,68,0,0,0,0,0,0,165,41,0,124,0,2,0,2,0,23,52,130,23,50,119,16.399125,331.863067,4895.930748,8.695652,3.846154,8.461538,2,0,0,3830264.156506,24.722625,119.898363,9334.021744,1231.217445,321.164111,244.198452,3827665.330960,3819268.113776,1796.580008,10996.042730,802.245538,0.032144,0.008385,0.006375,99.932150,0.020945,16.795261,9.367060,3.137486,45.030249,95,0.639798,14,11,0,100.000000,1.271243,93.658537,3122.844230,1418.397153,129.012763,0.000000,473.656111
16920.000000,contribution,optical,hardware,1,1,1,0,priority,0.000500,180,15,hybrid,0.050000,4000.000000,6.087000,52.000000,500.000000,500.000000,2.000000,240.000000,0.400000,205,130,205,124,192,21,47,0,0,0,0,0,124,124,0,0,0.000000,1.000000,43.451732,clear-ocean,30.000000,60.000000,0.151000,1443,4119963,1056.400769,6.243503,78,3,0,75,0,68,0,0,68,0,0,0,0,0,0,165,41,0,124,0,2,0,2,0,23,52,130,23,50,119,16.399125,331.863067,4895.930748,8.695652,3.846154,8.461538,2,0,0,3843861.257979,24.722625,119.898363,9334.021744,1235.353615,322.198154,244.428239,3841257.032433,3832859.815248,1801.980008,11001.442730,802.245538,0.032138,0.008382,0.006359,99.932250,0.020871,16.795261,9.367060,3.137486,44.909574,95,0.637530,14,11,0,100.000000,1.271243,93.658537,3122.844230,1413.367376,42.906047,0.000000,497.039455
16980.000000,contribution,optical,hardware,1,1,1,0,priority,0.000500,180,15,hybrid,0.050000,4000.000000,6.087000,52.000000,500.000000,500.000000,2.000000,240.000000,0.400000,205,130,205,135,195,21,47,0,0,0,0,0,135,135,0,0,0.000000,1.000000,43.464636,clear-ocean,30.000000,60.000000,0.151000,1476,4241796,1087.640000,6.405418,78,3,0,75,0,68,0,0,68,0,0,0,0,0,0,170,42,0,127,1,2,0,2,0,23,52,130,23,50,122,16.399125,331.863067,5192.107536,8.695652,3.846154,6.153846,2,0,0,3857751.978528,24.722625,119.898363,9627.640821,1239.489786,323.232196,257.858026,3855107.457598,3846451.516721,1820.580008,11300.461807,823.940923,0.032130,0.008379,0.006684,99.931449,0.021358,16.795261,9.367060,3.156604,44.758009,95,0.662073,14,0,7,100.000000,1.271243,95.121951,3335.422834,1443.708834,43.200669,0.000000,496.998739
17040.000000,contribution,optical,hardware,1,1,1,0,priority,0.000500,180,15,hybrid,0.050000,4000.000000,6.087000,52.000000,500.000000,500.000000,2.000000,240.000000,0.400000,205,130,205,135,196,21,47,0,0,0,0,0,135,135,0,0,0.000000,1.000000,43.464636,clear-ocean,30.000000,60.000000,0.151000,1499,4322259,1108.271538,6.503941,78,3,0,75,0,68,0,0,68,0,0,0,0,0,0,173,44,0,128,1,2,0,2,0,23,52,130,23,50,123,16.399125,331.863067,5287.203440,8.695652,3.846154,5.384615,2,0,0,3871529.825026,24.722625,119.898363,9808.385846,1243.625956,324.266239,258.087813,3868864.214660,3860043.218193,1825.980008,11486.606833,839.630359,0.032122,0.008376,0.006666,99.931148,0.021687,16.795261,9.367060,3.189719,44.600411,95,0.683392,14,0,6,100.000000,1.271243,95.609756,3404.573246,1450.362441,129.307385,0.000000,473.537824
17100.000000,contribution,optical,hardware,1,1,1,0,priority,0.000500,180,15,hybrid,0.050000,4000.000000,6.087000,52.000000,500.000000,500.000000,2.000000,240.000000,0.400000,205,130,205,135,200,21,47,0,0,0,0,0,135,135,0,0,0.000000,1.000000,43.464636,clear-ocean,30.000000,60.000000,0.151000,1540,4473516,1147.055385,6.707926,78,3,0,75,0,68,0,0,68,0,0,0,0,0,0,179,46,0,132,1,2,0,2,0,23,52,130,23,50,127,16.399125,331.863067,5611.823743,8.695652,3.846154,2.307692,2,0,0,3885465.822909,24.722625,119.898363,10147.282256,1247.762126,325.300282,258.317600,3882766.200030,3873634.919666,1831.380008,11830.903243,868.242872,0.032114,0.008372,0.006648,99.930520,0.022346,16.795261,9.367060,3.195994,44.443918,95,0.694561,14,0,2,100.000000,1.271243,97.560976,3648.359743,1492.057076,215.414101,0.000000,428.881252
17160.000000,contribution,optical,hardware,1,1,1,0,priority,0.000500,180,15,hybrid,0.050000,4000.000000,6.087000,52.000000,500.000000,500.000000,2.000000,240.000000,0.400000,205,130,205,135,203,21,47,0,0,0,0,0,135,135,0,0,0.000000,1.000000,43.464636,clear-ocean,30.000000,60.000000,0.151000,1555,4524555,1160.142308,6.760736,78,3,0,75,0,68,0,0,68,0,0,0,0,0,0,181,46,0,135,0,2,0,2,0,23,52,130,23,50,130,16.399125,331.863067,5810.481326,8.695652,3.846154,0.000000,2,0,0,3899179.894843,24.722625,119.898363,10264.252718,1251.898296,326.334324,258.547388,3896462.606733,3887226.621138,1836.780008,11953.273705,880.508103,0.032107,0.008369,0.006631,99.930311,0.022582,16.795261,9.367060,3.158232,44.288520,95,0.692949,14,0,0,100.000000,1.271243,99.024390,3804.595594,1521.805128,301.520817,0.000000,367.263320
17220.000000,contribution,optical,hardware,1,1,1,0,priority,0.000500,180,15,hybrid,0.050000,4000.000000,6.087000,52.000000,500.000000,500.000000,2.000000,240.000000,0.400000,205,130,205,135,203,21,47,0,0,0,0,0,135,135,0,0,0.000000,1.000000,43.464636,clear-ocean,30.000000,60.000000,0.151000,1555,4524555,1160.142308,6.737179,78,3,0,75,0,68,0,0,68,0,0,0,0,0,0,181,46,0,135,0,2,0,2,0,23,52,130,23,50,130,16.399125,331.863067,5810.481326,8.695652,3.846154,0.000000,2,0,0,3912776.996315,24.722625,119.898363,10264.252718,1256.034466,327.368367,258.777175,3910054.308206,3900818.322611,1842.180008,11958.673705,880.508103,0.032101,0.008367,0.006614,99.930415,0.022503,16.795261,9.367060,3.158232,44.134204,95,0.690534,14,0,0,100.000000,1.271243,99.024390,3804.595594,1516.502671,387.627533,0.000000,294.526585
17280.000000,contribution,optical,hardware,1,1,1,0,priority,0.000500,180,15,hybrid,0.050000,4000.000000,6.087000,52.000000,500.000000,500.000000,2.000000,240.000000,0.400000,205,130,205,135,203,21,47,0,0,0,0,0,135,135,0,0,0.000000,1.000000,43.464636,clear-ocean,30.000000,60.000000,0.151000,1555,4524555,1160.142308,6.713787,78,3,0,75,0,68,0,0,68,0,0,0,0,0,0,181,46,0,135,0,2,0,2,0,23,52,130,23,50,130,16.399125,331.863067,5810.481326,8.695652,3.846154,0.000000,2,0,0,3926374.097788,24.722625,119.898363,10264.252718,1260.170637,328.402409,259.006962,3923646.009678,3914410.024083,1847.580008,11964.073705,880.508103,0.032095,0.008364,0.006597,99.930519,0.022425,16.795261,9.367060,3.158232,43.980961,95,0.688137,14,0,0,100.000000,1.271243,99.024390,3804.595594,1511.237037,473.734250,0.000000,217.567879
17340.000000,contribution,optical,hardware,1,1,1,0,priority,0.000500,180,15,hybrid,0.050000,4000.000000,6.087000,52.000000,500.000000,500.000000,2.000000,240.000000,0.400000,205,130,205,135,203,21,47,0,0,0,0,0,135,135,0,0,0.000000,1.000000,43.464636,clear-ocean,30.000000,60.000000,0.151000,1555,4524555,1160.142308,6.690555,78,3,0,75,0,68,0,0,68,0,0,0,0,0,0,181,46,0,135,0,2,0,2,0,23,52,130,23,50,130,16.399125,331.863067,5810.481326,8.695652,3.846154,0.000000,2,0,0,3939971.199260,24.722625,119.898363,10264.252718,1264.306807,329.436452,259.236749,3937237.711151,3928001.725556,1852.980008,11969.473705,880.508103,0.032089,0.008361,0.006580,99.930622,0.022348,16.795261,9.367060,3.158232,43.828777,95,0.685755,14,0,0,100.000000,1.271243,99.024390,3804.595594,1506.007843,559.840966,0.000000,143.684357
17400.000000,contribution,optical,hardware,1,1,1,0,priority,0.000500,180,15,hybrid,0.050000,4000.000000,6.087000,52.000000,500.000000,500.000000,2.000000,240.000000,0.400000,205,130,205,135,203,21,47,0,0,0,0,0,135,135,0,0,0.000000,1.000000,43.464636,clear-ocean,30.000000,60.000000,0.151000,1555,4524555,1160.142308,6.667485,78,3,0,75,0,68,0,0,68,0,0,0,0,0,0,181,46,0,135,0,2,0,2,0,23,52,130,23,50,130,16.399125,331.863067,5810.481326,8.695652,3.846154,0.000000,2,0,0,3953568.300733,24.722625,119.898363,10264.252718,1268.442977,330.470494,259.466537,3950829.412623,3941593.427028,1858.380008,11974.873705,880.508103,0.032083,0.008359,0.006563,99.930724,0.022271,16.795261,9.367060,3.158232,43.677644,95,0.683391,14,0,0,100.000000,1.271243,99.024390,3804.595594,1500.814713,645.947682,0.000000,79.881590
17460.000000,contribution,optical,hardware,1,1,1,0,priority,0.000500,180,15,hybrid,0.050000,4000.000000,6.087000,52.000000,500.000000,500.000000,2.000000,240.000000,0.400000,205,130,205,135,203,21,47,0,0,0,0,0,135,135,0,0,0.000000,1.000000,43.464636,clear-ocean,30.000000,60.000000,0.151000,1555,4524555,1160.142308,6.644572,78,3,0,75,0,68,0,0,68,0,0,0,0,0,0,181,46,0,135,0,2,0,2,0,23,52,130,23,50,130,16.399125,331.863067,5810.481326,8.695652,3.846154,0.000000,2,0,0,3967165.402205,24.722625,119.898363,10264.252718,1272.579147,331.504537,259.696324,3964421.114096,3955185.128501,1863.780008,11980.273705,880.508103,0.032078,0.008356,0.006546,99.930825,0.022195,16.795261,9.367060,3.158232,43.527549,95,0.681042,14,0,0,100.000000,1.271243,99.024390,3804.595594,1495.657274,732.054398,0.000000,32.209298
17520.000000,contribution,optical,hardware,1,1,1,0,priority,0.000500,180,15,hybrid,0.050000,4000.000000,6.087000,52.000000,500.000000,500.000000,2.000000,240.000000,0.400000,205,130,205,135,203,21,47,0,0,0,0,0,135,135,0,0,0.000000,1.000000,43.464636,clear-ocean,30.000000,60.000000,0.151000,1555,4524555,1160.142308,6.621817,78,3,0,75,0,68,0,0,68,0,0,0,0,0,0,181,46,0,135,0,2,0,2,0,23,52,130,23,50,130,16.399125,331.863067,5810.481326,8.695652,3.846154,0.000000,2,0,0,3980762.503678,24.722625,119.898363,10264.252718,1276.715318,332.538579,259.926111,3978012.815568,3968776.829973,1869.180008,11985.673705,880.508103,0.032072,0.008354,0.006530,99.930926,0.022119,16.795261,9.367060,3.158232,43.378482,95,0.678710,14,0,0,100.000000,1.271243,99.024390,3804.595594,1490.535160,818.161114,0.000000,5.187726
17580.000000,contribution,optical,hardware,1,1,1,0,priority,0.000500,180,15,hybrid,0.050000,4000.000000,6.087000,52.000000,500.000000,500.000000,2.000000,240.000000,0.400000,205,130,205,135,203,21,47,0,0,0,0,0,135,135,0,0,0.000000,1.000000,43.464636,clear-ocean,30.000000,60.000000,0.151000,1555,4524555,1160.142308,6.599217,78,3,0,75,0,68,0,0,68,0,0,0,0,0,0,181,46,0,135,0,2,0,2,0,23,52,130,23,50,130,16.399125,331.863067,5810.481326,8.695652,3.846154,0.000000,2,0,0,3994359.605150,24.722625,119.898363,10264.252718,1280.851488,333.572622,260.155898,3991604.517041,3982368.531446,1874.580008,11991.073705,880.508103,0.032067,0.008351,0.006513,99.931026,0.022044,16.795261,9.367060,3.158232,43.230432,95,0.676394,14,0,0,100.000000,1.271243,99.024390,3804.595594,1485.448009,904.267830,-0.000000,1.379034
17640.000000,contribution,optical,hardware,1,1,1,0,priority,0.000500,180,15,hybrid,0.050000,4000.000000,6.087000,52.000000,500.000000,500.000000,2.000000,240.000000,0.400000,205,130,205,135,203,21,47,0,0,0,0,0,135,135,0,0,0.000000,1.000000,43.464636,clear-ocean,30.000000,60.000000,0.151000,1555,4524555,1160.142308,6.576770,78,3,0,75,0,68,0,0,68,0,0,0,0,0,0,181,46,0,135,0,2,0,2,0,23,52,130,23,50,130,16.399125,331.863067,5810.481326,8.695652,3.846154,0.000000,2,0,0,4007956.706623,24.722625,119.898363,10264.252718,1284.987658,334.606664,260.385686,4005196.218513,3995960.232918,1879.980008,11996.473705,880.508103,0.032061,0.008349,0.006497,99.931125,0.021969,16.795261,9.367060,3.158232,43.083390,95,0.674093,14,0,0,100.000000,1.271243,99.024390,3804.595594,1480.395465,990.374546,-0.000000,21.144360
17700.000000,contribution,optical,hardware,1,1,1,0,priority,0.000500,180,15,hybrid,0.050000,4000.000000,6.087000,52.000000,500.000000,500.000000,2.000000,240.000000,0.400000,205,130,205,135,203,21,47,0,0,0,0,0,135,135,0,0,0.000000,1.000000,43.464636,clear-ocean,30.000000,60.000000,0.151000,1555,4524555,1160.142308,6.554476,78,3,0,75,0,68,0,0,68,0,0,0,0,0,0,181,46,0,135,0,2,0,2,0,23,52,130,23,50,130,16.399125,331.863067,5810.481326,8.695652,3.846154,0.000000,2,0,0,4021553.808095,24.722625,119.898363,10264.252718,1289.123828,335.640707,260.615473,4018787.919986,4009551.934391,1885.380008,12001.873705,880.508103,0.032055,0.008346,0.006480,99.931223,0.021895,16.795261,9.367060,3.158232,42.937345,95,0.671808,14,0,0,100.000000,1.271243,99.024390,3804.595594,1475.377175,1076.481263,-0.000000,62.609573
17760.000000,contribution,optical,hardware,1,1,1,0,priority,0.000500,180,15,hybrid,0.050000,4000.000000,6.087000,52.000000,500.000000,500.000000,2.000000,240.000000,0.400000,205,130,205,135,203,21,47,0,0,0,0,0,135,135,0,0,0.000000,1.000000,43.464636,clear-ocean,30.000000,60.000000,0.151000,1555,4524555,1160.142308,6.532333,78,3,0,75,0,68,0,0,68,0,0,0,0,0,0,181,46,0,135,0,2,0,2,0,23,52,130,23,50,130,16.399125,331.863067,5810.481326,8.695652,3.846154,0.000000,2,0,0,4035150.909568,24.722625,119.898363,10264.252718,1293.259998,336.674750,260.845260,4032379.621458,4023143.635863,1890.780008,12007.273705,880.508103,0.032050,0.008344,0.006464,99.931321,0.021821,16.795261,9.367060,3.158232,42.792286,95,0.669538,14,0,0,100.000000,1.271243,99.024390,3804.595594,1470.392793,1162.587979,-0.000000,121.842978
17820.000000,contribution,optical,hardware,1,1,1,0,priority,0.000500,180,15,hybrid,0.050000,4000.000000,6.087000,52.000000,500.000000,500.000000,2.000000,240.000000,0.400000,205,130,205,135,203,21,47,0,0,0,0,0,135,135,0,0,0.000000,1.000000,43.464636,clear-ocean,30.000000,60.000000,0.151000,1555,4524555,1160.142308,6.510338,78,3,0,75,0,68,0,0,68,0,0,0,0,0,0,181,46,0,135,0,2,0,2,0,23,52,130,23,50,130,16.399125,331.863067,5810.481326,8.695652,3.846154,0.000000,2,0,0,4048748.011040,24.722625,119.898363,10264.252718,1297.396169,337.708792,261.075047,4045971.322931,4036735.337336,1896.180008,12012.673705,880.508103,0.032044,0.008341,0.006448,99.931419,0.021748,16.795261,9.367060,3.158232,42.648204,95,0.667284,14,0,0,100.000000,1.271243,99.024390,3804.595594,1465.441975,1248.694695,-0.000000,193.228118
17880.000000,contribution,optical,hardware,1,1,1,0,priority,0.000500,180,15,hybrid,0.050000,4000.000000,6.087000,52.000000,500.000000,500.000000,2.000000,240.000000,0.400000,205,130,205,135,203,21,47,0,0,0,0,0,135,135,0,0,0.000000,1.000000,43.464636,clear-ocean,30.000000,60.000000,0.151000,1555,4524555,1160.142308,6.488492,78,3,0,75,0,68,0,0,68,0,0,0,0,0,0,181,46,0,135,0,2,0,2,0,23,52,130,23,50,130,16.399125,331.863067,5810.481326,8.695652,3.846154,0.000000,2,0,0,4062345.112513,24.722625,119.898363,10264.252718,1301.532339,338.742835,261.304835,4059563.024403,4050327.038808,1901.580008,12018.073705,880.508103,0.032039,0.008339,0.006432,99.931515,0.021675,16.795261,9.367060,3.158232,42.505089,95,0.665045,14,0,0,100.000000,1.271243,99.024390,3804.595594,1460.524385,1334.801411,-0.000000,269.996317
17940.000000,contribution,optical,hardware,1,1,1,0,priority,0.000500,180,15,hybrid,0.050000,4000.000000,6.087000,52.000000,500.000000,500.000000,2.000000,240.000000,0.400000,205,130,205,135,203,21,47,0,0,0,0,0,135,135,0,0,0.000000,1.000000,43.464636,clear-ocean,30.000000,60.000000,0.151000,1555,4524555,1160.142308,6.466791,78,3,0,75,0,68,0,0,68,0,0,0,0,0,0,181,46,0,135,0,2,0,2,0,23,52,130,23,50,130,16.399125,331.863067,5810.481326,8.695652,3.846154,0.000000,2,0,0,4075942.213985,24.722625,119.898363,10264.252718,1305.668509,339.776877,261.534622,4073154.725876,4063918.740281,1906.980008,12023.473705,880.508103,0.032034,0.008336,0.006417,99.931611,0.021603,16.795261,9.367060,3.158232,42.362932,95,0.662821,14,0,0,100.000000,1.271243,99.024390,3804.595594,1455.639688,1420.908127,-0.000000,344.868482
18000.000000,contribution,optical,hardware,1,1,1,0,priority,0.000500,180,15,hybrid,0.050000,4000.000000,6.087000,52.000000,500.000000,500.000000,2.000000,240.000000,0.400000,205,130,205,135,203,21,47,0,0,0,0,0,135,135,0,0,0.000000,1.000000,43.464636,clear-ocean,30.000000,60.000000,0.151000,1555,4524555,1160.142308,6.445235,78,3,0,75,0,68,0,0,68,0,0,0,0,0,0,181,46,0,135,0,2,0,2,0,23,52,130,23,50,130,16.399125,331.863067,5810.481326,8.695652,3.846154,0.000000,2,0,0,4089539.315458,24.722625,119.898363,10264.252718,1309.804679,340.810920,261.764409,4086746.427348,4077510.441753,1912.380008,12028.873705,880.508103,0.032028,0.008334,0.006401,99.931707,0.021531,16.795261,9.367060,3.158232,42.221722,95,0.660611,14,0,0,100.000000,1.271243,99.024390,3804.595594,1450.787556,1507.014843,-0.000000,410.745304
18060.000000,contribution,optical,hardware,1,1,1,0,priority,0.000500,180,15,hybrid,0.050000,4000.000000,6.087000,52.000000,500.000000,500.000000,2.000000,240.000000,0.400000,205,130,205,135,203,21,47,0,0,0,0,0,135,135,0,0,0.000000,1.000000,43.464636,clear-ocean,30.000000,60.000000,0.151000,1555,4524555,1160.142308,6.423822,78,3,0,75,0,68,0,0,68,0,0,0,0,0,0,181,46,0,135,0,2,0,2,0,23,52,130,23,50,130,16.399125,331.863067,5810.481326,8.695652,3.846154,0.000000,2,0,0,4103136.416930,24.722625,119.898363,10264.252718,1313.940849,341.844962,261.994196,4100338.128821,4091102.143226,1917.780008,12034.273705,880.508103,0.032023,0.008331,0.006385,99.931801,0.021459,16.795261,9.367060,3.158232,42.081451,95,0.658416,14,0,0,100.000000,1.271243,99.024390,3804.595594,1445.967663,1593.121559,-0.000000,461.380399
18120.000000,contribution,optical,hardware,1,1,1,0,priority,0.000500,180,15,hybrid,0.050000,4000.000000,6.087000,52.000000,500.000000,500.000000,2.000000,240.000000,0.400000,205,130,205,135,203,21,47,0,0,0,0,0,135,135,0,0,0.000000,1.000000,43.464636,clear-ocean,30.000000,60.000000,0.151000,1555,4524555,1160.142308,6.402551,78,3,0,75,0,68,0,0,68,0,0,0,0,0,0,181,46,0,135,0,2,0,2,0,23,52,130,23,50,130,16.399125,331.863067,5810.481326,8.695652,3.846154,0.000000,2,0,0,4116733.518403,24.722625,119.898363,10264.252718,1318.077020,342.879005,262.223983,4113929.830293,4104693.844698,1923.180008,12039.673705,880.508103,0.032018,0.008329,0.006370,99.931895,0.021389,16.795261,9.367060,3.158232,41.942108,95,0.656236,14,0,0,100.000000,1.271243,99.024390,3804.595594,1441.179691,1679.228276,-0.000000,491.972594
18180.000000,contribution,optical,hardware,1,1,1,0,priority,0.000500,180,15,hybrid,0.050000,4000.000000,6.087000,52.000000,500.000000,500.000000,2.000000,240.000000,0.400000,205,130,205,135,203,21,47,0,0,0,0,0,135,135,0,0,0.000000,1.000000,43.464636,clear-ocean,30.000000,60.000000,0.151000,1555,4524555,1160.142308,6.381421,78,3,0,75,0,68,0,0,68,0,0,0,0,0,0,181,46,0,135,0,2,0,2,0,23,52,130,23,50,130,16.399125,331.863067,5810.481326,8.695652,3.846154,0.000000,2,0,0,4130330.619875,24.722625,119.898363,10264.252718,1322.213190,343.913047,262.453771,4127521.531766,4118285.546171,1928.580008,12045.073705,880.508103,0.032012,0.008327,0.006354,99.931989,0.021318,16.795261,9.367060,3.158232,41.803685,95,0.654070,14,0,0,100.000000,1.271243,99.024390,3804.595594,1436.423322,1765.334992,0.000000,499.621164
18240.000000,contribution,optical,hardware,1,1,1,0,priority,0.000500,180,15,hybrid,0.050000,4000.000000,6.087000,52.000000,500.000000,500.000000,2.000000,240.000000,0.400000,205,130,205,135,203,21,47,0,0,0,0,0,135,135,0,0,0.000000,1.000000,43.464636,clear-ocean,30.000000,60.000000,0.151000,1555,4524555,1160.142308,6.360429,78,3,0,75,0,68,0,0,68,0,0,0,0,0,0,181,46,0,135,0,2,0,2,0,23,52,130,23,50,130,16.399125,331.863067,5810.481326,8.695652,3.846154,0.000000,2,0,0,4143927.721348,24.722625,119.898363,10264.252718,1326.349360,344.947090,262.683558,4141113.233238,4131877.247643,1933.980008,12050.473705,880.508103,0.032007,0.008324,0.006339,99.932082,0.021248,16.795261,9.367060,3.158232,41.666173,95,0.651919,14,0,0,100.000000,1.271243,99.024390,3804.595594,1431.698246,1851.441708,0.000000,483.600879
18300.000000,contribution,optical,hardware,1,1,1,0,priority,0.000500,180,15,hybrid,0.050000,4000.000000,6.087000,52.000000,500.000000,500.000000,2.000000,240.000000,0.400000,205,130,205,135,203,21,47,0,0,0,0,0,135,135,0,0,0.000000,1.000000,43.464636,clear-ocean,30.000000,60.000000,0.151000,1555,4524555,1160.142308,6.339575,78,3,0,75,0,68,0,0,68,0,0,0,0,0,0,181,46,0,135,0,2,0,2,0,23,52,130,23,50,130,16.399125,331.863067,5810.481326,8.695652,3.846154,0.000000,2,0,0,4157524.822820,24.722625,119.898363,10264.252718,1330.485530,345.981133,262.913345,4154704.934711,4145468.949116,1939.380008,12055.873705,880.508103,0.032002,0.008322,0.006324,99.932174,0.021179,16.795261,9.367060,3.158232,41.529563,95,0.649781,14,0,0,100.000000,1.271243,99.024390,3804.595594,1427.004153,1937.548424,0.000000,445.430767
18360.000000,contribution,optical,hardware,1,1,1,0,priority,0.000500,180,15,hybrid,0.050000,4000.000000,6.087000,52.000000,500.000000,500.000000,2.000000,240.000000,0.400000,205,130,205,135,203,21,47,0,0,0,0,0,135,135,0,0,0.000000,1.000000,43.464636,clear-ocean,30.000000,60.000000,0.151000,1555,4524555,1160.142308,6.318858,78,3,0,75,0,68,0,0,68,0,0,0,0,0,0,181,46,0,135,0,2,0,2,0,23,52,130,23,50,130,16.399125,331.863067,5810.481326,8.695652,3.846154,0.000000,2,0,0,4171121.924293,24.722625,119.898363,10264.252718,1334.621700,347.015175,263.143132,4168296.636183,4159060.650588,1944.780008,12061.273705,880.508103,0.031997,0.008319,0.006309,99.932266,0.021110,16.795261,9.367060,3.158232,41.393845,95,0.647658,14,0,0,100.000000,1.271243,99.024390,3804.595594,1422.340741,2023.655140,0.000000,388.730085
18420.000000,contribution,optical,hardware,1,1,1,0,priority,0.000500,180,15,hybrid,0.050000,4000.000000,6.087000,52.000000,500.000000,500.000000,2.000000,240.000000,0.400000,205,130,205,135,203,21,47,0,0,0,0,0,135,135,0,0,0.000000,1.000000,43.464636,clear-ocean,30.000000,60.000000,0.151000,1555,4524555,1160.142308,6.298275,78,3,0,75,0,68,0,0,68,0,0,0,0,0,0,181,46,0,135,0,2,0,2,0,23,52,130,23,50,130,16.399125,331.863067,5810.481326,8.695652,3.846154,0.000000,2,0,0,4184719.025765,24.722625,119.898363,10264.252718,1338.757871,348.049218,263.372920,4181888.337656,4172652.352061,1950.180008,12066.673705,880.508103,0.031992,0.008317,0.006294,99.932357,0.021041,16.795261,9.367060,3.158232,41.259012,95,0.645548,14,0,0,100.000000,1.271243,99.024390,3804.595594,1417.707709,2109.761856,0.000000,318.875141
18480.000000,contribution,optical,hardware,1,1,1,0,priority,0.000500,180,15,hybrid,0.050000,4000.000000,6.087000,52.000000,500.000000,500.000000,2.000000,240.000000,0.400000,205,130,205,135,203,21,47,0,0,0,0,0,135,135,0,0,0.000000,1.000000,43.464636,clear-ocean,30.000000,60.000000,0.151000,1555,4524555,1160.142308,6.277826,78,3,0,75,0,68,0,0,68,0,0,0,0,0,0,181,46,0,135,0,2,0,2,0,23,52,130,23,50,130,16.399125,331.863067,5810.481326,8.695652,3.846154,0.000000,2,0,0,4198316.127238,24.722625,119.898363,10264.252718,1342.894041,349.083260,263.602707,4195480.039128,4186244.053533,1955.580008,12072.073705,880.508103,0.031986,0.008315,0.006279,99.932447,0.020973,16.795261,9.367060,3.158232,41.125054,95,0.643452,14,0,0,100.000000,1.271243,99.024390,3804.595594,1413.104762,2195.868573,0.000000,242.489517
18540.000000,contribution,optical,hardware,1,1,1,0,priority,0.000500,180,15,hybrid,0.050000,4000.000000,6.087000,52.000000,500.000000,500.000000,2.000000,240.000000,0.400000,205,130,205,135,203,21,47,0,0,0,0,0,135,135,0,0,0.000000,1.000000,43.464636,clear-ocean,30.000000,60.000000,0.151000,1555,4524555,1160.142308,6.257510,78,3,0,75,0,68,0,0,68,0,0,0,0,0,0,181,46,0,135,0,2,0,2,0,23,52,130,23,50,130,16.399125,331.863067,5810.481326,8.695652,3.846154,0.000000,2,0,0,4211913.228710,24.722625,119.898363,10264.252718,1347.030211,350.117303,263.832494,4209071.740601,4199835.755006,1960.980008,12077.473705,880.508103,0.031981,0.008313,0.006264,99.932537,0.020905,16.795261,9.367060,3.158232,40.991963,95,0.641370,14,0,0,100.000000,1.271243,99.024390,3804.595594,1408.531607,2281.975289,0.000000,166.816031
18600.000000,contribution,optical,hardware,1,1,1,0,priority,0.000500,180,15,hybrid,0.050000,4000.000000,6.087000,52.000000,500.000000,500.000000,2.000000,240.000000,0.400000,205,130,205,135,203,21,47,0,0,0,0,0,135,135,0,0,0.000000,1.000000,43.464636,clear-ocean,30.000000,60.000000,0.151000,1555,4524555,1160.142308,6.237324,78,3,0,75,0,68,0,0,68,0,0,0,0,0,0,181,46,0,135,0,2,0,2,0,23,52,130,23,50,130,16.399125,331.863067,5810.481326,8.695652,3.846154,0.000000,2,0,0,4225510.330183,24.722625,119.898363,10264.252718,1351.166381,351.151345,264.062281,4222663.442073,4213427.456478,1966.380008,12082.873705,880.508103,0.031976,0.008310,0.006249,99.932626,0.020838,16.795261,9.367060,3.158232,40.859731,95,0.639301,14,0,0,100.000000,1.271243,99.024390,3804.595594,1403.987957,2368.082005,0.000000,99.029974
18660.000000,contribution,optical,hardware,1,1,1,0,priority,0.000500,180,15,hybrid,0.050000,4000.000000,6.087000,52.000000,500.000000,500.000000,2.000000,240.000000,0.400000,205,130,205,135,203,21,47,0,0,0,0,0,135,135,0,0,0.000000,1.000000,43.464636,clear-ocean,30.000000,60.000000,0.151000,1555,4524555,1160.142308,6.217269,78,3,0,75,0,68,0,0,68,0,0,0,0,0,0,181,46,0,135,0,2,0,2,0,23,52,130,23,50,130,16.399125,331.863067,5810.481326,8.695652,3.846154,0.000000,2,0,0,4239107.431655,24.722625,119.898363,10264.252718,1355.302552,352.185388,264.292069,4236255.143546,4227019.157951,1971.780008,12088.273705,880.508103,0.031971,0.008308,0.006235,99.932715,0.020771,16.795261,9.367060,3.158232,40.728349,95,0.637245,14,0,0,100.000000,1.271243,99.024390,3804.595594,1399.473526,2454.188721,0.000000,45.558759
18720.000000,contribution,optical,hardware,1,1,1,0,priority,0.000500,180,15,hybrid,0.050000,4000.000000,6.087000,52.000000,500.000000,500.000000,2.000000,240.000000,0.400000,205,130,205,135,203,21,47,0,0,0,0,0,135,135,0,0,0.000000,1.000000,43.464636,clear-ocean,30.000000,60.000000,0.151000,1555,4524555,1160.142308,6.197341,78,3,0,75,0,68,0,0,68,0,0,0,0,0,0,181,46,0,135,0,2,0,2,0,23,52,130,23,50,130,16.399125,331.863067,5810.481326,8.695652,3.846154,0.000000,2,0,0,4252704.533128,24.722625,119.898363,10264.252718,1359.438722,353.219430,264.521856,4249846.845018,4240610.859423,1977.180008,12093.673705,880.508103,0.031966,0.008306,0.006220,99.932803,0.020705,16.795261,9.367060,3.158232,40.597810,95,0.635203,14,0,0,100.000000,1.271243,99.024390,3804.595594,1394.988034,2540.295437,0.000000,11.472481
18780.000000,contribution,optical,hardware,1,1,1,0,priority,0.000500,180,15,hybrid,0.050000,4000.000000,6.087000,52.000000,500.000000,500.000000,2.000000,240.000000,0.400000,205,130,205,135,203,21,47,0,0,0,0,0,135,135,0,0,0.000000,1.000000,43.464636,clear-ocean,30.000000,60.000000,0.151000,1555,4524555,1160.142308,6.177542,78,3,0,75,0,68,0,0,68,0,0,0,0,0,0,181,46,0,135,0,2,0,2,0,23,52,130,23,50,130,16.399125,331.863067,5810.481326,8.695652,3.846154,0.000000,2,0,0,4266301.634601,24.722625,119.898363,10264.252718,1363.574892,354.253473,264.751643,4263438.546491,4254202.560896,1982.580008,12099.073705,880.508103,0.031962,0.008304,0.006206,99.932891,0.020639,16.795261,9.367060,3.158232,40.468104,95,0.633174,14,0,0,100.000000,1.271243,99.024390,3804.595594,1390.531203,2626.402153,-0.000000,0.003168
18840.000000,contribution,optical,hardware,1,1,1,0,priority,0.000500,180,15,hybrid,0.050000,4000.000000,6.087000,52.000000,500.000000,500.000000,2.000000,240.000000,0.400000,205,130,205,135,203,21,47,0,0,0,0,0,135,135,0,0,0.000000,1.000000,43.464636,clear-ocean,30.000000,60.000000,0.151000,1555,4524555,1160.142308,6.157868,78,3,0,75,0,68,0,0,68,0,0,0,0,0,0,181,46,0,135,0,2,0,2,0,23,52,130,23,50,130,16.399125,331.863067,5810.481326,8.695652,3.846154,0.000000,2,0,0,4279898.736073,24.722625,119.898363,10264.252718,1367.711062,355.287516,264.981430,4277030.247964,4267794.262368,1987.980008,12104.473705,880.508103,0.031957,0.008301,0.006191,99.932978,0.020573,16.795261,9.367060,3.158232,40.339225,95,0.631157,14,0,0,100.000000,1.271243,99.024390,3804.595594,1386.102760,2712.508869,-0.000000,12.238331
18900.000000,contribution,optical,hardware,1,1,1,0,priority,0.000500,180,15,hybrid,0.050000,4000.000000,6.087000,52.000000,500.000000,500.000000,2.000000,240.000000,0.400000,205,130,205,135,203,21,47,0,0,0,0,0,135,135,0,0,0.000000,1.000000,43.464636,clear-ocean,30.000000,60.000000,0.151000,1555,4524555,1160.142308,6.138319,78,3,0,75,0,68,0,0,68,0,0,0,0,0,0,181,46,0,135,0,2,0,2,0,23,52,130,23,50,130,16.399125,331.863067,5810.481326,8.695652,3.846154,0.000000,2,0,0,4293495.837546,24.722625,119.898363,10264.252718,1371.847232,356.321558,265.211217,4290621.949436,4281385.963841,1993.380008,12109.873705,880.508103,0.031952,0.008299,0.006177,99.933064,0.020508,16.795261,9.367060,3.158232,40.211164,95,0.629153,14,0,0,100.000000,1.271243,99.024390,3804.595594,1381.702434,2798.615586,-0.000000,47.017843
18960.000000,contribution,optical,hardware,1,1,1,0,priority,0.000500,180,15,hybrid,0.050000,4000.000000,6.087000,52.000000,500.000000,500.000000,2.000000,240.000000,0.400000,205,130,205,135,203,21,47,0,0,0,0,0,135,135,0,0,0.000000,1.000000,43.464636,clear-ocean,30.000000,60.000000,0.151000,1555,4524555,1160.142308,6.118894,78,3,0,75,0,68,0,0,68,0,0,0,0,0,0,181,46,0,135,0,2,0,2,0,23,52,130,23,50,130,16.399125,331.863067,5810.481326,8.695652,3.846154,0.000000,2,0,0,4307092.939018,24.722625,119.898363,10264.252718,1375.983403,357.355601,265.441005,4304213.650909,4294977.665314,1998.780008,12115.273705,880.508103,0.031947,0.008297,0.006163,99.933150,0.020443,16.795261,9.367060,3.158232,40.083914,95,0.627162,14,0,0,100.000000,1.271243,99.024390,3804.595594,1377.329958,2884.722302,-0.000000,101.043941
19020.000000,contribution,optical,hardware,1,1,1,0,priority,0.000500,180,15,hybrid,0.050000,4000.000000,6.087000,52.000000,500.000000,500.000000,2.000000,240.000000,0.400000,205,130,205,135,203,21,47,0,0,0,0,0,135,135,0,0,0.000000,1.000000,43.464636,clear-ocean,30.000000,60.000000,0.151000,1555,4524555,1160.142308,6.099592,78,3,0,75,0,68,0,0,68,0,0,0,0,0,0,181,46,0,135,0,2,0,2,0,23,52,130,23,50,130,16.399125,331.863067,5810.481326,8.695652,3.846154,0.000000,2,0,0,4320690.040491,24.722625,119.898363,10264.252718,1380.119573,358.389643,265.670792,4317805.352381,4308569.366786,2004.180008,12120.673705,880.508103,0.031942,0.008295,0.006149,99.933235,0.020379,16.795261,9.367060,3.158232,39.957466,95,0.625184,14,0,0,100.000000,1.271243,99.024390,3804.595594,1372.985068,2970.829018,-0.000000,169.193920
19080.000000,contribution,optical,hardware,1,1,1,0,priority,0.000500,180,15,hybrid,0.050000,4000.000000,6.087000,52.000000,500.000000,500.000000,2.000000,240.000000,0.400000,205,130,205,135,203,21,47,0,0,0,0,0,135,135,0,0,0.000000,1.000000,43.464636,clear-ocean,30.000000,60.000000,0.151000,1555,4524555,1160.142308,6.080410,78,3,0,75,0,68,0,0,68,0,0,0,0,0,0,181,46,0,135,0,2,0,2,0,23,52,130,23,50,130,16.399125,331.863067,5810.481326,8.695652,3.846154,0.000000,2,0,0,4334287.141963,24.722625,119.898363,10264.252718,1384.255743,359.423686,265.900579,4331397.053854,4322161.068259,2009.580008,12126.073705,880.508103,0.031937,0.008293,0.006135,99.933320,0.020315,16.795261,9.367060,3.158232,39.831813,95,0.623218,14,0,0,100.000000,1.271243,99.024390,3804.595594,1368.667505,3056.935734,-0.000000,245.005859
19140.000000,contribution,optical,hardware,1,1,1,0,priority,0.000500,180,15,hybrid,0.050000,4000.000000,6.087000,52.000000,500.000000,500.000000,2.000000,240.000000,0.400000,205,130,205,135,203,21,47,0,0,0,0,0,135,135,0,0,0.000000,1.000000,43.464636,clear-ocean,30.000000,60.000000,0.151000,1555,4524555,1160.142308,6.061350,78,3,0,75,0,68,0,0,68,0,0,0,0,0,0,181,46,0,135,0,2,0,2,0,23,52,130,23,50,130,16.399125,331.863067,5810.481326,8.695652,3.846154,0.000000,2,0,0,4347884.243436,24.722625,119.898363,10264.252718,1388.391913,360.457728,266.130366,4344988.755326,4335752.769731,2014.980008,12131.473705,880.508103,0.031933,0.008290,0.006121,99.933405,0.020251,16.795261,9.367060,3.158232,39.706949,95,0.621264,14,0,0,100.000000,1.271243,99.024390,3804.595594,1364.377011,3143.042450,-0.000000,321.291337
19200.000000,contribution,optical,hardware,1,1,1,0,priority,0.000500,180,15,hybrid,0.050000,4000.000000,6.087000,52.000000,500.000000,500.000000,2.000000,240.000000,0.400000,205,130,205,135,203,21,47,0,0,0,0,0,135,135,0,0,0.000000,1.000000,43.464636,clear-ocean,30.000000,60.000000,0.151000,1555,4524555,1160.142308,6.042408,78,3,0,75,0,68,0,0,68,0,0,0,0,0,0,181,46,0,135,0,2,0,2,0,23,52,130,23,50,130,16.399125,331.863067,5810.481326,8.695652,3.846154,0.000000,2,0,0,4361481.344908,24.722625,119.898363,10264.252718,1392.528083,361.491771,266.360154,4358580.456799,4349344.471204,2020.380008,12136.873705,880.508103,0.031928,0.008288,0.006107,99.933488,0.020188,16.795261,9.367060,3.158232,39.582865,95,0.619323,14,0,0,100.000000,1.271243,99.024390,3804.595594,1360.113333,3229.149166,-0.000000,390.817035
19260.000000,contribution,optical,hardware,1,1,1,0,priority,0.000500,180,15,hybrid,0.050000,4000.000000,6.087000,52.000000,500.000000,500.000000,2.000000,240.000000,0.400000,205,130,205,135,203,21,47,0,0,0,0,0,135,135,0,0,0.000000,1.000000,43.464636,clear-ocean,30.000000,60.000000,0.151000,1555,4524555,1160.142308,6.023584,78,3,0,75,0,68,0,0,68,0,0,0,0,0,0,181,46,0,135,0,2,0,2,0,23,52,130,23,50,130,16.399125,331.863067,5810.481326,8.695652,3.846154,0.000000,2,0,0,4375078.446381,24.722625,119.898363,10264.252718,1396.664254,362.525813,266.589941,4372172.158271,4362936.172676,2025.780008,12142.273705,880.508103,0.031923,0.008286,0.006093,99.933572,0.020126,16.795261,9.367060,3.158232,39.459553,95,0.617394,14,0,0,100.000000,1.271243,99.024390,3804.595594,1355.876220,3315.255882,-0.000000,446.990588
19320.000000,contribution,optical,hardware,1,1,1,0,priority,0.000500,180,15,hybrid,0.050000,4000.000000,6.087000,52.000000,500.000000,500.000000,2.000000,240.000000,0.400000,205,130,205,135,203,21,47,0,0,0,0,0,135,135,0,0,0.000000,1.000000,43.464636,clear-ocean,30.000000,60.000000,0.151000,1555,4524555,1160.142308,6.004877,78,3,0,75,0,68,0,0,68,0,0,0,0,0,0,181,46,0,135,0,2,0,2,0,23,52,130,23,50,130,16.399125,331.863067,5810.481326,8.695652,3.846154,0.000000,2,0,0,4388675.547853,24.722625,119.898363,10264.252718,1400.800424,363.559856,266.819728,4385763.859744,4376527.874149,2031.180008,12147.673705,880.508103,0.031919,0.008284,0.006080,99.933655,0.020063,16.795261,9.367060,3.158232,39.337008,95,0.615476,14,0,0,100.000000,1.271243,99.024390,3804.595594,1351.665424,3401.362599,-0.000000,484.485669
19380.000000,contribution,optical,hardware,1,1,1,0,priority,0.000500,180,15,hybrid,0.050000,4000.000000,6.087000,52.000000,500.000000,500.000000,2.000000,240.000000,0.400000,205,130,205,135,203,21,47,0,0,0,0,0,135,135,0,0,0.000000,1.000000,43.464636,clear-ocean,30.000000,60.000000,0.151000,1555,4524555,1160.142308,5.986286,78,3,0,75,0,68,0,0,68,0,0,0,0,0,0,181,46,0,135,0,2,0,2,0,23,52,130,23,50,130,16.399125,331.863067,5810.481326,8.695652,3.846154,0.000000,2,0,0,4402272.649326,24.722625,119.898363,10264.252718,1404.936594,364.593899,267.049515,4399355.561216,4390119.575621,2036.580008,12153.073705,880.508103,0.031914,0.008282,0.006066,99.933737,0.020001,16.795261,9.367060,3.158232,39.215222,95,0.613571,14,0,0,100.000000,1.271243,99.024390,3804.595594,1347.480702,3487.469315,-0.000000,499.747029
19440.000000,contribution,optical,hardware,1,1,1,0,priority,0.000500,180,15,hybrid,0.050000,4000.000000,6.087000,52.000000,500.000000,500.000000,2.000000,240.000000,0.400000,205,130,205,135,203,21,47,0,0,0,0,0,135,135,0,0,0.000000,1.000000,43.464636,clear-ocean,30.000000,60.000000,0.151000,1555,4524555,1160.142308,5.967810,78,3,0,75,0,68,0,0,68,0,0,0,0,0,0,181,46,0,135,0,2,0,2,0,23,52,130,23,50,130,16.399125,331.863067,5810.481326,8.695652,3.846154,0.000000,2,0,0,4415869.750798,24.722625,119.898363,10264.252718,1409.072764,365.627941,267.279303,4412947.262689,4403711.277094,2041.980008,12158.473704,880.508103,0.031909,0.008280,0.006053,99.933819,0.019940,16.795261,9.367060,3.158232,39.094187,95,0.611677,14,0,0,100.000000,1.271243,99.024390,3804.595594,1343.321811,3573.576031,0.000000,491.327600
19500.000000,contribution,optical,hardware,1,1,1,0,priority,0.000500,180,15,hybrid,0.050000,4000.000000,6.087000,52.000000,500.000000,500.000000,2.000000,240.000000,0.400000,205,130,205,135,203,21,47,0,0,0,0,0,135,135,0,0,0.000000,1.000000,43.464636,clear-ocean,30.000000,60.000000,0.151000,1555,4524555,1160.142308,5.949448,78,3,0,75,0,68,0,0,68,0,0,0,0,0,0,181,46,0,135,0,2,0,2,0,23,52,130,23,50,130,16.399125,331.863067,5810.481326,8.695652,3.846154,0.000000,2,0,0,4429466.852271,24.722625,119.898363,10264.252718,1413.208935,366.661984,267.509090,4426538.964161,4417302.978566,2047.380008,12163.873704,880.508103,0.031905,0.008278,0.006039,99.933900,0.019878,16.795261,9.367060,3.158232,38.973897,95,0.609795,14,0,0,100.000000,1.271243,99.024390,3804.595594,1339.188513,3659.682747,0.000000,460.025703
19560.000000,contribution,optical,hardware,1,1,1,0,priority,0.000500,180,15,hybrid,0.050000,4000.000000,6.087000,52.000000,500.000000,500.000000,2.000000,240.000000,0.400000,205,130,205,135,203,21,47,0,0,0,0,0,135,135,0,0,0.000000,1.000000,43.464636,clear-ocean,30.000000,60.000000,0.151000,1555,4524555,1160.142308,5.931198,78,3,0,75,0,68,0,0,68,0,0,0,0,0,0,181,46,0,135,0,2,0,2,0,23,52,130,23,50,130,16.399125,331.863067,5810.481326,8.695652,3.846154,0.000000,2,0,0,4443063.953743,24.722625,119.898363,10264.252718,1417.345105,367.696026,267.738877,4440130.665634,4430894.680039,2052.780008,12169.273704,880.508103,0.031900,0.008276,0.006026,99.933981,0.019818,16.795261,9.367060,3.158232,38.854346,95,0.607924,14,0,0,100.000000,1.271243,99.024390,3804.595594,1335.080573,3745.789463,0.000000,408.809357
19620.000000,contribution,optical,hardware,1,1,1,0,priority,0.000500,180,15,hybrid,0.050000,4000.000000,6.087000,52.000000,500.000000,500.000000,2.000000,240.000000,0.400000,205,130,205,135,203,21,47,0,0,0,0,0,135,135,0,0,0.000000,1.000000,43.464636,clear-ocean,30.000000,60.000000,0.151000,1555,4524555,1160.142308,5.913060,78,3,0,75,0,68,0,0,68,0,0,0,0,0,0,181,46,0,135,0,2,0,2,0,23,52,130,23,50,130,16.399125,331.863067,5810.481326,8.695652,3.846154,0.000000,2,0,0,4456661.055216,24.722625,119.898363,10264.252718,1421.481275,368.730069,267.968664,4453722.367106,4444486.381511,2058.180008,12174.673704,880.508103,0.031896,0.008274,0.006013,99.934061,0.019757,16.795261,9.367060,3.158232,38.735525,95,0.606065,14,0,0,100.000000,1.271243,99.024390,3804.595594,1330.997757,3831.896179,0.000000,342.534849
19680.000000,contribution,optical,hardware,1,1,1,0,priority,0.000500,180,15,hybrid,0.050000,4000.000000,6.087000,52.000000,500.000000,500.000000,2.000000,240.000000,0.400000,205,130,205,135,203,21,47,0,0,0,0,0,135,135,0,0,0.000000,1.000000,43.464636,clear-ocean,30.000000,60.000000,0.151000,1555,4524555,1160.142308,5.895032,78,3,0,75,0,68,0,0,68,0,0,0,0,0,0,181,46,0,135,0,2,0,2,0,23,52,130,23,50,130,16.399125,331.863067,5810.481326,8.695652,3.846154,0.000000,2,0,0,4470258.156688,24.722625,119.898363,10264.252718,1425.617445,369.764111,268.198452,4467314.068579,4458078.082984,2063.580008,12180.073704,880.508103,0.031891,0.008272,0.006000,99.934141,0.019697,16.795261,9.367060,3.158232,38.617429,95,0.604217,14,0,0,100.000000,1.271243,99.024390,3804.595594,1326.939837,3918.002895,0.000000,267.486271
19740.000000,contribution,optical,hardware,1,1,1,0,priority,0.000500,180,15,hybrid,0.050000,4000.000000,6.087000,52.000000,500.000000,500.000000,2.000000,240.000000,0.400000,205,130,205,135,203,21,47,0,0,0,0,0,135,135,0,0,0.000000,1.000000,43.464636,clear-ocean,30.000000,60.000000,0.151000,1555,4524555,1160.142308,5.877114,78,3,0,75,0,68,0,0,68,0,0,0,0,0,0,181,46,0,135,0,2,0,2,0,23,52,130,23,50,130,16.399125,331.863067,5810.481326,8.695652,3.846154,0.000000,2,0,0,4483855.258161,24.722625,119.898363,10264.252718,1429.753615,370.798154,268.428239,4480905.770051,4471669.784456,2068.980008,12185.473704,880.508103,0.031887,0.008270,0.005987,99.934220,0.019637,16.795261,9.367060,3.158232,38.500051,95,0.602381,14,0,0,100.000000,1.271243,99.024390,3804.595594,1322.906586,4004.109612,0.000000,190.779659
19800.000000,contribution,optical,hardware,1,1,1,0,priority,0.000500,180,15,hybrid,0.050000,4000.000000,6.087000,52.000000,500.000000,500.000000,2.000000,240.000000,0.400000,205,130,205,135,203,21,47,0,0,0,0,0,135,135,0,0,0.000000,1.000000,43.464636,clear-ocean,30.000000,60.000000,0.151000,1555,4524555,1160.142308,5.859305,78,3,0,75,0,68,0,0,68,0,0,0,0,0,0,181,46,0,135,0,2,0,2,0,23,52,130,23,50,130,16.399125,331.863067,5810.481326,8.695652,3.846154,0.000000,2,0,0,4497452.359633,24.722625,119.898363,10264.252718,1433.889786,371.832196,268.658026,4494497.471524,4485261.485929,2074.380008,12190.873704,880.508103,0.031882,0.008268,0.005974,99.934299,0.019578,16.795261,9.367060,3.158232,38.383384,95,0.600556,14,0,0,100.000000,1.271243,99.024390,3804.595594,1318.897778,4090.216328,0.000000,119.688268
19860.000000,contribution,optical,hardware,1,1,1,0,priority,0.000500,180,15,hybrid,0.050000,4000.000000,6.087000,52.000000,500.000000,500.000000,2.000000,240.000000,0.400000,205,130,205,135,203,21,47,0,0,0,0,0,135,135,0,0,0.000000,1.000000,43.464636,clear-ocean,30.000000,60.000000,0.151000,1555,4524555,1160.142308,5.841603,78,3,0,75,0,68,0,0,68,0,0,0,0,0,0,181,46,0,135,0,2,0,2,0,23,52,130,23,50,130,16.399125,331.863067,5810.481326,8.695652,3.846154,0.000000,2,0,0,4511049.461106,24.722625,119.898363,10264.252718,1438.025956,372.866239,268.887813,4508089.172997,4498853.187401,2079.780008,12196.273704,880.508103,0.031878,0.008266,0.005961,99.934377,0.019519,16.795261,9.367060,3.158232,38.267422,95,0.598741,14,0,0,100.000000,1.271243,99.024390,3804.595594,1314.913192,4176.323044,0.000000,60.952918
19920.000000,contribution,optical,hardware,1,1,1,0,priority,0.000500,180,15,hybrid,0.050000,4000.000000,6.087000,52.000000,500.000000,500.000000,2.000000,240.000000,0.400000,205,130,205,135,203,21,47,0,0,0,0,0,135,135,0,0,0.000000,1.000000,43.464636,clear-ocean,30.000000,60.000000,0.151000,1555,4524555,1160.142308,5.824008,78,3,0,75,0,68,0,0,68,0,0,0,0,0,0,181,46,0,135,0,2,0,2,0,23,52,130,23,50,130,16.399125,331.863067,5810.481326,8.695652,3.846154,0.000000,2,0,0,4524646.562578,24.722625,119.898363,10264.252718,1442.162126,373.900282,269.117600,4521680.874469,4512444.888874,2085.180008,12201.673704,880.508103,0.031873,0.008264,0.005948,99.934455,0.019460,16.795261,9.367060,3.158232,38.152159,95,0.596938,14,0,0,100.000000,1.271243,99.024390,3804.595594,1310.952610,4262.429760,0.000000,20.142843
19980.000000,contribution,optical,hardware,1,1,1,0,priority,0.000500,180,15,hybrid,0.050000,4000.000000,6.087000,52.000000,500.000000,500.000000,2.000000,240.000000,0.400000,205,130,205,135,203,21,47,0,0,0,0,0,135,135,0,0,0.000000,1.000000,43.464636,clear-ocean,30.000000,60.000000,0.151000,1555,4524555,1160.142308,5.806518,78,3,0,75,0,68,0,0,68,0,0,0,0,0,0,181,46,0,135,0,2,0,2,0,23,52,130,23,50,130,16.399125,331.863067,5810.481326,8.695652,3.846154,0.000000,2,0,0,4538243.664051,24.722625,119.898363,10264.252718,1446.298296,374.934324,269.347388,4535272.575942,4526036.590347,2090.580008,12207.073704,880.508103,0.031869,0.008262,0.005935,99.934532,0.019402,16.795261,9.367060,3.158232,38.037588,95,0.595145,14,0,0,100.000000,1.271243,99.024390,3804.595594,1307.015816,4348.536476,0.000000,1.127619
20040.000000,contribution,optical,hardware,1,1,1,0,priority,0.000500,180,15,hybrid,0.050000,4000.000000,6.087000,52.000000,500.000000,500.000000,2.000000,240.000000,0.400000,205,130,205,135,203,21,47,0,0,0,0,0,135,135,0,0,0.000000,1.000000,43.464636,clear-ocean,30.000000,60.000000,0.151000,1555,4524555,1160.142308,5.789133,78,3,0,75,0,68,0,0,68,0,0,0,0,0,0,181,46,0,135,0,2,0,2,0,23,52,130,23,50,130,16.399125,331.863067,5810.481326,8.695652,3.846154,0.000000,2,0,0,4551840.765523,24.722625,119.898363,10264.252718,1450.434466,375.968367,269.577175,4548864.277414,4539628.291819,2095.980008,12212.473704,880.508103,0.031865,0.008260,0.005922,99.934609,0.019344,16.795261,9.367060,3.158232,37.923703,95,0.593363,14,0,0,100.000000,1.271243,99.024390,3804.595594,1303.102595,4434.643192,-0.000000,5.710250
20100.000000,contribution,optical,hardware,1,1,1,0,priority,0.000500,180,15,hybrid,0.050000,4000.000000,6.087000,52.000000,500.000000,500.000000,2.000000,240.000000,0.400000,205,130,205,135,203,21,47,0,0,0,0,0,135,135,0,0,0.000000,1.000000,43.464636,clear-ocean,30.000000,60.000000,0.151000,1555,4524555,1160.142308,5.771852,78,3,0,75,0,68,0,0,68,0,0,0,0,0,0,181,46,0,135,0,2,0,2,0,23,52,130,23,50,130,16.399125,331.863067,5810.481326,8.695652,3.846154,0.000000,2,0,0,4565437.866996,24.722625,119.898363,10264.252718,1454.570637,377.002409,269.806962,4562455.978887,4553219.993292,2101.380008,12217.873704,880.508103,0.031860,0.008258,0.005910,99.934686,0.019286,16.795261,9.367060,3.158232,37.810498,95,0.591592,14,0,0,100.000000,1.271243,99.024390,3804.595594,1299.212736,4520.749908,-0.000000,33.456218
20160.000000,contribution,optical,hardware,1,1,1,0,priority,0.000500,180,15,hybrid,0.050000,4000.000000,6.087000,52.000000,500.000000,500.000000,2.000000,240.000000,0.400000,205,130,205,135,203,21,47,0,0,0,0,0,135,135,0,0,0.000000,1.000000,43.464636,clear-ocean,30.000000,60.000000,0.151000,1555,4524555,1160.142308,5.754674,78,3,0,75,0,68,0,0,68,0,0,0,0,0,0,181,46,0,135,0,2,0,2,0,23,52,130,23,50,130,16.399125,331.863067,5810.481326,8.695652,3.846154,0.000000,2,0,0,4579034.968469,24.722625,119.898363,10264.252718,1458.706807,378.036452,270.036749,4576047.680359,4566811.694764,2106.780008,12223.273704,880.508103,0.031856,0.008256,0.005897,99.934762,0.019229,16.795261,9.367060,3.158232,37.697966,95,0.589831,14,0,0,100.000000,1.271243,99.024390,3804.595594,1295.346032,4606.856625,-0.000000,81.734673
20220.000000,contribution,optical,hardware,1,1,1,0,priority,0.000500,180,15,hybrid,0.050000,4000.000000,6.087000,52.000000,500.000000,500.000000,2.000000,240.000000,0.400000,205,130,205,135,203,21,47,0,0,0,0,0,135,135,0,0,0.000000,1.000000,43.464636,clear-ocean,30.000000,60.000000,0.151000,1555,4524555,1160.142308,5.737598,78,3,0,75,0,68,0,0,68,0,0,0,0,0,0,181,46,0,135,0,2,0,2,0,23,52,130,23,50,130,16.399125,331.863067,5810.481326,8.695652,3.846154,0.000000,2,0,0,4592632.069941,24.722625,119.898363,10264.252718,1462.842977,379.070494,270.266537,4589639.381832,4580403.396237,2112.180008,12228.673704,880.508103,0.031852,0.008254,0.005885,99.934837,0.019172,16.795261,9.367060,3.158232,37.586103,95,0.588081,14,0,0,100.000000,1.271243,99.024390,3804.595594,1291.502275,4692.963341,-0.000000,145.967895
20280.000000,contribution,optical,hardware,1,1,1,0,priority,0.000500,180,15,hybrid,0.050000,4000.000000,6.087000,52.000000,500.000000,500.000000,2.000000,240.000000,0.400000,205,130,205,135,203,21,47,0,0,0,0,0,135,135,0,0,0.000000,1.000000,43.464636,clear-ocean,30.000000,60.000000,0.151000,1555,4524555,1160.142308,5.720623,78,3,0,75,0,68,0,0,68,0,0,0,0,0,0,181,46,0,135,0,2,0,2,0,23,52,130,23,50,130,16.399125,331.863067,5810.481326,8.695652,3.846154,0.000000,2,0,0,4606229.171414,24.722625,119.898363,10264.252718,1466.979147,380.104537,270.496324,4603231.083304,4593995.097709,2117.580008,12234.073704,880.508103,0.031848,0.008252,0.005872,99.934912,0.019116,16.795261,9.367060,3.158232,37.474901,95,0.586341,14,0,0,100.000000,1.271243,99.024390,3804.595594,1287.681262,4779.070057,-0.000000,220.065349
20340.000000,contribution,optical,hardware,1,1,1,0,priority,0.000500,180,15,hybrid,0.050000,4000.000000,6.087000,52.000000,500.000000,500.000000,2.000000,240.000000,0.400000,205,130,205,135,203,21,47,0,0,0,0,0,135,135,0,0,0.000000,1.000000,43.464636,clear-ocean,30.000000,60.000000,0.151000,1555,4524555,1160.142308,5.703748,78,3,0,75,0,68,0,0,68,0,0,0,0,0,0,181,46,0,135,0,2,0,2,0,23,52,130,23,50,130,16.399125,331.863067,5810.481326,8.695652,3.846154,0.000000,2,0,0,4619826.272886,24.722625,119.898363,10264.252718,1471.115318,381.138579,270.726111,4616822.784777,4607586.799182,2122.980008,12239.473704,880.508103,0.031844,0.008250,0.005860,99.934987,0.019059,16.795261,9.367060,3.158232,37.364356,95,0.584612,14,0,0,100.000000,1.271243,99.024390,3804.595594,1283.882793,4865.176773,-0.000000,297.001180
20400.000000,contribution,optical,hardware,1,1,1,0,priority,0.000500,180,15,hybrid,0.050000,4000.000000,6.087000,52.000000,500.000000,500.000000,2.000000,240.000000,0.400000,205,130,205,135,203,21,47,0,0,0,0,0,135,135,0,0,0.000000,1.000000,43.464636,clear-ocean,30.000000,60.000000,0.151000,1555,4524555,1160.142308,5.686972,78,3,0,75,0,68,0,0,68,0,0,0,0,0,0,181,46,0,135,0,2,0,2,0,23,52,130,23,50,130,16.399125,331.863067,5810.481326,8.695652,3.846154,0.000000,2,0,0,4633423.374359,24.722625,119.898363,10264.252718,1475.251488,382.172622,270.955898,4630414.486249,4621178.500654,2128.380008,12244.873704,880.508103,0.031839,0.008248,0.005848,99.935061,0.019003,16.795261,9.367060,3.158232,37.254461,95,0.582892,14,0,0,100.000000,1.271243,99.024390,3804.595594,1280.106667,4951.283489,-0.000000,369.480401
20460.000000,contribution,optical,hardware,1,1,1,0,priority,0.000500,180,15,hybrid,0.050000,4000.000000,6.087000,52.000000,500.000000,500.000000,2.000000,240.000000,0.400000,205,130,205,135,203,21,47,0,0,0,0,0,135,135,0,0,0.000000,1.000000,43.464636,clear-ocean,30.000000,60.000000,0.151000,1555,4524555,1160.142308,5.670295,78,3,0,75,0,68,0,0,68,0,0,0,0,0,0,181,46,0,135,0,2,0,2,0,23,52,130,23,50,130,16.399125,331.863067,5810.481326,8.695652,3.846154,0.000000,2,0,0,4647020.475831,24.722625,119.898363,10264.252718,1479.387658,383.206664,271.185686,4644006.187722,4634770.202127,2133.780008,12250.273704,880.508103,0.031835,0.008246,0.005836,99.935135,0.018948,16.795261,9.367060,3.158232,37.145210,95,0.581183,14,0,0,100.000000,1.271243,99.024390,3804.595594,1276.352688,5037.390205,-0.000000,430.630597
20520.000000,contribution,optical,hardware,1,1,1,0,priority,0.000500,180,15,hybrid,0.050000,4000.000000,6.087000,52.000000,500.000000,500.000000,2.000000,240.000000,0.400000,205,130,205,135,203,21,47,0,0,0,0,0,135,135,0,0,0.000000,1.000000,43.464636,clear-ocean,30.000000,60.000000,0.151000,1555,4524555,1160.142308,5.653715,78,3,0,75,0,68,0,0,68,0,0,0,0,0,0,181,46,0,135,0,2,0,2,0,23,52,130,23,50,130,16.399125,331.863067,5810.481326,8.695652,3.846154,0.000000,2,0,0,4660617.577304,24.722625,119.898363,10264.252718,1483.523828,384.240707,271.415473,4657597.889194,4648361.903599,2139.180008,12255.673704,880.508103,0.031831,0.008244,0.005824,99.935208,0.018893,16.795261,9.367060,3.158232,37.036598,95,0.579483,14,0,0,100.000000,1.271243,99.024390,3804.595594,1272.620663,5123.496921,-0.000000,474.653561
20580.000000,contribution,optical,hardware,1,1,1,0,priority,0.000500,180,15,hybrid,0.050000,4000.000000,6.087000,52.000000,500.000000,500.000000,2.000000,240.000000,0.400000,205,130,205,135,203,21,47,0,0,0,0,0,135,135,0,0,0.000000,1.000000,43.464636,clear-ocean,30.000000,60.000000,0.151000,1555,4524555,1160.142308,5.637232,78,3,0,75,0,68,0,0,68,0,0,0,0,0,0,181,46,0,135,0,2,0,2,0,23,52,130,23,50,130,16.399125,331.863067,5810.481326,8.695652,3.846154,0.000000,2,0,0,4674214.678776,24.722625,119.898363,10264.252718,1487.659998,385.274750,271.645260,4671189.590667,4661953.605072,2144.580008,12261.073704,880.508103,0.031827,0.008243,0.005812,99.935281,0.018838,16.795261,9.367060,3.158232,36.928620,95,0.577794,14,0,0,100.000000,1.271243,99.024390,3804.595594,1268.910398,5209.603638,-0.000000,497.375076
20640.000000,contribution,optical,hardware,1,1,1,0,priority,0.000500,180,15,hybrid,0.050000,4000.000000,6.087000,52.000000,500.000000,500.000000,2.000000,240.000000,0.400000,205,130,205,135,203,21,47,0,0,0,0,0,135,135,0,0,0.000000,1.000000,43.464636,clear-ocean,30.000000,60.000000,0.151000,1555,4524555,1160.142308,5.620845,78,3,0,75,0,68,0,0,68,0,0,0,0,0,0,181,46,0,135,0,2,0,2,0,23,52,130,23,50,130,16.399125,331.863067,5810.481326,8.695652,3.846154,0.000000,2,0,0,4687811.780249,24.722625,119.898363,10264.252718,1491.796169,386.308792,271.875047,4684781.292139,4675545.306544,2149.980008,12266.473704,880.508103,0.031823,0.008241,0.005800,99.935354,0.018783,16.795261,9.367060,3.158232,36.821269,95,0.576114,14,0,0,100.000000,1.271243,99.024390,3804.595594,1265.221705,5295.710354,0.000000,496.640708
20700.000000,contribution,optical,hardware,1,1,1,0,priority,0.000500,180,15,hybrid,0.050000,4000.000000,6.087000,52.000000,500.000000,500.000000,2.000000,240.000000,0.400000,205,130,205,135,203,21,47,0,0,0,0,0,135,135,0,0,0.000000,1.000000,43.464636,clear-ocean,30.000000,60.000000,0.151000,1555,4524555,1160.142308,5.604552,78,3,0,75,0,68,0,0,68,0,0,0,0,0,0,181,46,0,135,0,2,0,2,0,23,52,130,23,50,130,16.399125,331.863067,5810.481326,8.695652,3.846154,0.000000,2,0,0,4701408.881721,24.722625,119.898363,10264.252718,1495.932339,387.342835,272.104835,4698372.993612,4689137.008017,2155.380008,12271.873704,880.508103,0.031819,0.008239,0.005788,99.935426,0.018729,16.795261,9.367060,3.158232,36.714541,95,0.574444,14,0,0,100.000000,1.271243,99.024390,3804.595594,1261.554396,5381.817070,0.000000,472.520088
20760.000000,contribution,optical,hardware,1,1,1,0,priority,0.000500,180,15,hybrid,0.050000,4000.000000,6.087000,52.000000,500.000000,500.000000,2.000000,240.000000,0.400000,205,130,205,135,203,21,47,0,0,0,0,0,135,135,0,0,0.000000,1.000000,43.464636,clear-ocean,30.000000,60.000000,0.151000,1555,4524555,1160.142308,5.588354,78,3,0,75,0,68,0,0,68,0,0,0,0,0,0,181,46,0,135,0,2,0,2,0,23,52,130,23,50,130,16.399125,331.863067,5810.481326,8.695652,3.846154,0.000000,2,0,0,4715005.983194,24.722625,119.898363,10264.252718,1500.068509,388.376877,272.334622,4711964.695085,4702728.709489,2160.780008,12277.273704,880.508103,0.031815,0.008237,0.005776,99.935498,0.018675,16.795261,9.367060,3.158232,36.608430,95,0.572784,14,0,0,100.000000,1.271243,99.024390,3804.595594,1257.908285,5467.923786,0.000000,427.300313
20820.000000,contribution,optical,hardware,1,1,1,0,priority,0.000500,180,15,hybrid,0.050000,4000.000000,6.087000,52.000000,500.000000,500.000000,2.000000,240.000000,0.400000,205,130,205,135,203,21,47,0,0,0,0,0,135,135,0,0,0.000000,1.000000,43.464636,clear-ocean,30.000000,60.000000,0.151000,1555,4524555,1160.142308,5.572249,78,3,0,75,0,68,0,0,68,0,0,0,0,0,0,181,46,0,135,0,2,0,2,0,23,52,130,23,50,130,16.399125,331.863067,5810.481326,8.695652,3.846154,0.000000,2,0,0,4728603.084666,24.722625,119.898363,10264.252718,1504.204679,389.410920,272.564409,4725556.396557,4716320.410962,2166.180008,12282.673704,880.508103,0.031811,0.008235,0.005764,99.935569,0.018621,16.795261,9.367060,3.158232,36.502930,95,0.571134,14,0,0,100.000000,1.271243,99.024390,3804.595594,1254.283189,5554.030502,0.000000,365.269080
20880.000000,contribution,optical,hardware,1,1,1,0,priority,0.000500,180,15,hybrid,0.050000,4000.000000,6.087000,52.000000,500.000000,500.000000,2.000000,240.000000,0.400000,205,130,205,135,203,21,47,0,0,0,0,0,135,135,0,0,0.000000,1.000000,43.464636,clear-ocean,30.000000,60.000000,0.151000,1555,4524555,1160.142308,5.556237,78,3,0,75,0,68,0,0,68,0,0,0,0,0,0,181,46,0,135,0,2,0,2,0,23,52,130,23,50,130,16.399125,331.863067,5810.481326,8.695652,3.846154,0.000000,2,0,0,4742200.186139,24.722625,119.898363,10264.252718,1508.340849,390.444962,272.794196,4739148.098030,4729912.112435,2171.580008,12288.073704,880.508103,0.031807,0.008233,0.005752,99.935640,0.018568,16.795261,9.367060,3.158232,36.398036,95,0.569492,14,0,0,100.000000,1.271243,99.024390,3804.595594,1250.678927,5640.137218,0.000000,292.308137
20940.000000,contribution,optical,hardware,1,1,1,0,priority,0.000500,180,15,hybrid,0.050000,4000.000000,6.087000,52.000000,500.000000,500.000000,2.000000,240.000000,0.400000,205,130,205,135,203,21,47,0,0,0,0,0,135,135,0,0,0.000000,1.000000,43.464636,clear-ocean,30.000000,60.000000,0.151000,1555,4524555,1160.142308,5.540317,78,3,0,75,0,68,0,0,68,0,0,0,0,0,0,181,46,0,135,0,2,0,2,0,23,52,130,23,50,130,16.399125,331.863067,5810.481326,8.695652,3.846154,0.000000,2,0,0,4755797.287611,24.722625,119.898363,10264.252718,1512.477020,391.479005,273.023983,4752739.799502,4743503.813907,2176.980008,12293.473704,880.508103,0.031803,0.008232,0.005741,99.935710,0.018514,16.795261,9.367060,3.158232,36.293744,95,0.567861,14,0,0,100.000000,1.271243,99.024390,3804.595594,1247.095320,5726.243934,0.000000,215.335574
21000.000000,contribution,optical,hardware,1,1,1,0,priority,0.000500,180,15,hybrid,0.050000,4000.000000,6.087000,52.000000,500.000000,500.000000,2.000000,240.000000,0.400000,205,130,205,135,203,21,47,0,0,0,0,0,135,135,0,0,0.000000,1.000000,43.464636,clear-ocean,30.000000,60.000000,0.151000,1555,4524555,1160.142308,5.524487,78,3,0,75,0,68,0,0,68,0,0,0,0,0,0,181,46,0,135,0,2,0,2,0,23,52,130,23,50,130,16.399125,331.863067,5810.481326,8.695652,3.846154,0.000000,2,0,0,4769394.389084,24.722625,119.898363,10264.252718,1516.613190,392.513047,273.253771,4766331.500975,4757095.515380,2182.380008,12298.873704,880.508103,0.031799,0.008230,0.005729,99.935780,0.018462,16.795261,9.367060,3.158232,36.190048,95,0.566238,14,0,0,100.000000,1.271243,99.024390,3804.595594,1243.532190,5812.350651,0.000000,141.649861
21060.000000,contribution,optical,hardware,1,1,1,0,priority,0.000500,180,15,hybrid,0.050000,4000.000000,6.087000,52.000000,500.000000,500.000000,2.000000,240.000000,0.400000,205,130,205,135,203,21,47,0,0,0,0,0,135,135,0,0,0.000000,1.000000,43.464636,clear-ocean,30.000000,60.000000,0.151000,1555,4524555,1160.142308,5.508748,78,3,0,75,0,68,0,0,68,0,0,0,0,0,0,181,46,0,135,0,2,0,2,0,23,52,130,23,50,130,16.399125,331.863067,5810.481326,8.695652,3.846154,0.000000,2,0,0,4782991.490556,24.722625,119.898363,10264.252718,1520.749360,393.547090,273.483558,4779923.202447,4770687.216852,2187.780008,12304.273704,880.508103,0.031795,0.008228,0.005718,99.935850,0.018409,16.795261,9.367060,3.158232,36.086942,95,0.564625,14,0,0,100.000000,1.271243,99.024390,3804.595594,1239.989364,5898.457367,0.000000,78.237811
21120.000000,contribution,optical,hardware,1,1,1,0,priority,0.000500,180,15,hybrid,0.050000,4000.000000,6.087000,52.000000,500.000000,500.000000,2.000000,240.000000,0.400000,205,130,205,135,203,21,47,0,0,0,0,0,135,135,0,0,0.000000,1.000000,43.464636,clear-ocean,30.000000,60.000000,0.151000,1555,4524555,1160.142308,5.493098,78,3,0,75,0,68,0,0,68,0,0,0,0,0,0,181,46,0,135,0,2,0,2,0,23,52,130,23,50,130,16.399125,331.863067,5810.481326,8.695652,3.846154,0.000000,2,0,0,4796588.592029,24.722625,119.898363,10264.252718,1524.885530,394.581133,273.713345,4793514.903920,4784278.918325,2193.180008,12309.673704,880.508103,0.031791,0.008226,0.005706,99.935919,0.018357,16.795261,9.367060,3.158232,35.984422,95,0.563021,14,0,0,100.000000,1.271243,99.024390,3804.595594,1236.466667,5984.564083,0.000000,31.112098
21180.000000,contribution,optical,hardware,1,1,1,0,priority,0.000500,180,15,hybrid,0.050000,4000.000000,6.087000,52.000000,500.000000,500.000000,2.000000,240.000000,0.400000,205,130,205,135,203,21,47,0,0,0,0,0,135,135,0,0,0.000000,1.000000,43.464636,clear-ocean,30.000000,60.000000,0.151000,1555,4524555,1160.142308,5.477537,78,3,0,75,0,68,0,0,68,0,0,0,0,0,0,181,46,0,135,0,2,0,2,0,23,52,130,23,50,130,16.399125,331.863067,5810.481326,8.695652,3.846154,0.000000,2,0,0,4810185.693501,24.722625,119.898363,10264.252718,1529.021700,395.615175,273.943132,4807106.605392,4797870.619797,2198.580008,12315.073704,880.508103,0.031787,0.008225,0.005695,99.935988,0.018305,16.795261,9.367060,3.158232,35.882483,95,0.561426,14,0,0,100.000000,1.271243,99.024390,3804.595594,1232.963928,6070.670799,0.000000,4.741140
21240.000000,contribution,optical,hardware,1,1,1,0,priority,0.000500,180,15,hybrid,0.050000,4000.000000,6.087000,52.000000,500.000000,500.000000,2.000000,240.000000,0.400000,205,130,205,135,203,21,47,0,0,0,0,0,135,135,0,0,0.000000,1.000000,43.464636,clear-ocean,30.000000,60.000000,0.151000,1555,4524555,1160.142308,5.462064,78,3,0,75,0,68,0,0,68,0,0,0,0,0,0,181,46,0,135,0,2,0,2,0,23,52,130,23,50,130,16.399125,331.863067,5810.481326,8.695652,3.846154,0.000000,2,0,0,4823782.794974,24.722625,119.898363,10264.252718,1533.157871,396.649218,274.172920,4820698.306865,4811462.321270,2203.980008,12320.473704,880.508103,0.031783,0.008223,0.005684,99.936057,0.018253,16.795261,9.367060,3.158232,35.781121,95,0.559840,14,0,0,100.000000,1.271243,99.024390,3804.595594,1229.480979,6156.777515,-0.000000,1.625408
21300.000000,contribution,optical,hardware,1,1,1,0,priority,0.000500,180,15,hybrid,0.050000,4000.000000,6.087000,52.000000,500.000000,500.000000,2.000000,240.000000,0.400000,205,130,205,135,203,21,47,0,0,0,0,0,135,135,0,0,0.000000,1.000000,43.464636,clear-ocean,30.000000,60.000000,0.151000,1555,4524555,1160.142308,5.446678,78,3,0,75,0,68,0,0,68,0,0,0,0,0,0,181,46,0,135,0,2,0,2,0,23,52,130,23,50,130,16.399125,331.863067,5810.481326,8.695652,3.846154,0.000000,2,0,0,4837379.896446,24.722625,119.898363,10264.252718,1537.294041,397.683260,274.402707,4834290.008337,4825054.022742,2209.380008,12325.873704,880.508103,0.031779,0.008221,0.005673,99.936125,0.018202,16.795261,9.367060,3.158232,35.680329,95,0.558263,14,0,0,100.000000,1.271243,99.024390,3804.595594,1226.017653,6242.884231,-0.000000,22.060332
21360.000000,contribution,optical,hardware,1,1,1,0,priority,0.000500,180,15,hybrid,0.050000,4000.000000,6.087000,52.000000,500.000000,500.000000,2.000000,240.000000,0.400000,205,130,205,135,203,21,47,0,0,0,0,0,135,135,0,0,0.000000,1.000000,43.464636,clear-ocean,30.000000,60.000000,0.151000,1555,4524555,1160.142308,5.431378,78,3,0,75,0,68,0,0,68,0,0,0,0,0,0,181,46,0,135,0,2,0,2,0,23,52,130,23,50,130,16.399125,331.863067,5810.481326,8.695652,3.846154,0.000000,2,0,0,4850976.997919,24.722625,119.898363,10264.252718,1541.430211,398.717303,274.632494,4847881.709810,4838645.724215,2214.780008,12331.273704,880.508103,0.031776,0.008219,0.005661,99.936192,0.018151,16.795261,9.367060,3.158232,35.580103,95,0.556695,14,0,0,100.000000,1.271243,99.024390,3804.595594,1222.573783,6328.990947,-0.000000,64.108292
21420.000000,contribution,optical,hardware,1,1,1,0,priority,0.000500,180,15,hybrid,0.050000,4000.000000,6.087000,52.000000,500.000000,500.000000,2.000000,240.000000,0.400000,205,130,205,135,203,21,47,0,0,0,0,0,135,135,0,0,0.000000,1.000000,43.464636,clear-ocean,30.000000,60.000000,0.151000,1555,4524555,1160.142308,5.416164,78,3,0,75,0,68,0,0,68,0,0,0,0,0,0,181,46,0,135,0,2,0,2,0,23,52,130,23,50,130,16.399125,331.863067,5810.481326,8.695652,3.846154,0.000000,2,0,0,4864574.099392,24.722625,119.898363,10264.252718,1545.566381,399.751345,274.862281,4861473.411282,4852237.425687,2220.180008,12336.673704,880.508103,0.031772,0.008218,0.005650,99.936260,0.018100,16.795261,9.367060,3.158232,35.480439,95,0.555135,14,0,0,100.000000,1.271243,99.024390,3804.595594,1219.149206,6415.097664,-0.000000,123.782337
21480.000000,contribution,optical,hardware,1,1,1,0,priority,0.000500,180,15,hybrid,0.050000,4000.000000,6.087000,52.000000,500.000000,500.000000,2.000000,240.000000,0.400000,205,130,205,135,203,21,47,0,0,0,0,0,135,135,0,0,0.000000,1.000000,43.464636,clear-ocean,30.000000,60.000000,0.151000,1555,4524555,1160.142308,5.401035,78,3,0,75,0,68,0,0,68,0,0,0,0,0,0,181,46,0,135,0,2,0,2,0,23,52,130,23,50,130,16.399125,331.863067,5810.481326,8.695652,3.846154,0.000000,2,0,0,4878171.200864,24.722625,119.898363,10264.252718,1549.702552,400.785388,275.092069,4875065.112755,4865829.127160,2225.580008,12342.073704,880.508103,0.031768,0.008216,0.005639,99.936327,0.018050,16.795261,9.367060,3.158232,35.381331,95,0.553585,14,0,0,100.000000,1.271243,99.024390,3804.595594,1215.743762,6501.204380,-0.000000,195.424228
21540.000000,contribution,optical,hardware,1,1,1,0,priority,0.000500,180,15,hybrid,0.050000,4000.000000,6.087000,52.000000,500.000000,500.000000,2.000000,240.000000,0.400000,205,130,205,135,203,21,47,0,0,0,0,0,135,135,0,0,0.000000,1.000000,43.464636,clear-ocean,30.000000,60.000000,0.151000,1555,4524555,1160.142308,5.385990,78,3,0,75,0,68,0,0,68,0,0,0,0,0,0,181,46,0,135,0,2,0,2,0,23,52,130,23,50,130,16.399125,331.863067,5810.481326,8.695652,3.846154,0.000000,2,0,0,4891768.302337,24.722625,119.898363,10264.252718,1553.838722,401.819430,275.321856,4888656.814227,4879420.828632,2230.980008,12347.473704,880.508103,0.031764,0.008214,0.005628,99.936393,0.018000,16.795261,9.367060,3.158232,35.282776,95,0.552043,14,0,0,100.000000,1.271243,99.024390,3804.595594,1212.357289,6587.311096,-0.000000,272.240945
21600.000000,contribution,optical,hardware,1,1,1,0,priority,0.000500,180,15,hybrid,0.050000,4000.000000,6.087000,52.000000,500.000000,500.000000,2.000000,240.000000,0.400000,205,130,205,135,203,21,47,0,0,0,0,0,135,135,0,0,0.000000,1.000000,43.464636,clear-ocean,30.000000,60.000000,0.151000,1555,4524555,1160.142308,5.371029,78,3,0,75,0,68,0,0,68,0,0,0,0,0,0,181,46,0,135,0,2,0,2,0,23,52,130,23,50,130,16.399125,331.863067,5810.481326,8.695652,3.846154,0.000000,2,0,0,4905365.403809,24.722625,119.898363,10264.252718,1557.974892,402.853473,275.551643,4902248.515700,4893012.530105,2236.380008,12352.873704,880.508103,0.031761,0.008213,0.005617,99.936460,0.017950,16.795261,9.367060,3.158232,35.184769,95,0.550509,14,0,0,100.000000,1.271243,99.024390,3804.595594,1208.989630,6673.417812,-0.000000,346.948795
21660.000000,contribution,optical,hardware,1,1,1,0,priority,0.000500,180,15,hybrid,0.050000,4000.000000,6.087000,52.000000,500.000000,500.000000,2.000000,240.000000,0.400000,205,130,205,135,203,21,47,0,0,0,0,0,135,135,0,0,0.000000,1.000000,43.464636,clear-ocean,30.000000,60.000000,0.151000,1555,4524555,1160.142308,5.356151,78,3,0,75,0,68,0,0,68,0,0,0,0,0,0,181,46,0,135,0,2,0,2,0,23,52,130,23,50,130,16.399125,331.863067,5810.481326,8.695652,3.846154,0.000000,2,0,0,4918962.505282,24.722625,119.898363,10264.252718,1562.111062,403.887516,275.781430,4915840.217173,4906604.231577,2241.780008,12358.273704,880.508103,0.031757,0.008211,0.005606,99.936525,0.017900,16.795261,9.367060,3.158232,35.087304,95,0.548984,14,0,0,100.000000,1.271243,99.024390,3804.595594,1205.640628,6759.524528,-0.000000,412.464047
21720.000000,contribution,optical,hardware,1,1,1,0,priority,0.000500,180,15,hybrid,0.050000,4000.000000,6.087000,52.000000,500.000000,500.000000,2.000000,240.000000,0.400000,205,130,205,135,203,21,47,0,0,0,0,0,135,135,0,0,0.000000,1.000000,43.464636,clear-ocean,30.000000,60.000000,0.151000,1555,4524555,1160.142308,5.341355,78,3,0,75,0,68,0,0,68,0,0,0,0,0,0,181,46,0,135,0,2,0,2,0,23,52,130,23,50,130,16.399125,331.863067,5810.481326,8.695652,3.846154,0.000000,2,0,0,4932559.606754,24.722625,119.898363,10264.252718,1566.247232,404.921558,276.011217,4929431.918645,4920195.933050,2247.180008,12363.673704,880.508103,0.031753,0.008209,0.005596,99.936591,0.017851,16.795261,9.367060,3.158232,34.990378,95,0.547468,14,0,0,100.000000,1.271243,99.024390,3804.595594,1202.310129,6845.631244,-0.000000,462.574604
21780.000000,contribution,optical,hardware,1,1,1,0,priority,0.000500,180,15,hybrid,0.050000,4000.000000,6.087000,52.000000,500.000000,500.000000,2.000000,240.000000,0.400000,205,130,205,135,203,21,47,0,0,0,0,0,135,135,0,0,0.000000,1.000000,43.464636,clear-ocean,30.000000,60.000000,0.151000,1555,4524555,1160.142308,5.326641,78,3,0,75,0,68,0,0,68,0,0,0,0,0,0,181,46,0,135,0,2,0,2,0,23,52,130,23,50,130,16.399125,331.863067,5810.481326,8.695652,3.846154,0.000000,2,0,0,4946156.708227,24.722625,119.898363,10264.252718,1570.383403,405.955601,276.241005,4943023.620118,4933787.634523,2252.580008,12369.073704,880.508103,0.031750,0.008207,0.005585,99.936656,0.017802,16.795261,9.367060,3.158232,34.893985,95,0.545960,14,0,0,100.000000,1.271243,99.024390,3804.595594,1198.997980,6931.737960,-0.000000,492.529027
21840.000000,contribution,optical,hardware,1,1,1,0,priority,0.000500,180,15,hybrid,0.050000,4000.000000,6.087000,52.000000,500.000000,500.000000,2.000000,240.000000,0.400000,205,130,205,135,203,21,47,0,0,0,0,0,135,135,0,0,0.000000,1.000000,43.464636,clear-ocean,30.000000,60.000000,0.151000,1555,4524555,1160.142308,5.312007,78,3,0,75,0,68,0,0,68,0,0,0,0,0,0,181,46,0,135,0,2,0,2,0,23,52,130,23,50,130,16.399125,331.863067,5810.481326,8.695652,3.846154,0.000000,2,0,0,4959753.809699,24.722625,119.898363,10264.252718,1574.519573,406.989643,276.470792,4956615.321590,4947379.335995,2257.980008,12374.473704,880.508103,0.031746,0.008206,0.005574,99.936721,0.017753,16.795261,9.367060,3.158232,34.798123,95,0.544460,14,0,0,100.000000,1.271243,99.024390,3804.595594,1195.704029,7017.844677,0.000000,499.487065
21900.000000,contribution,optical,hardware,1,1,1,0,priority,0.000500,180,15,hybrid,0.050000,4000.000000,6.087000,52.000000,500.000000,500.000000,2.000000,240.000000,0.400000,205,130,205,135,203,21,47,0,0,0,0,0,135,135,0,0,0.000000,1.000000,43.464636,clear-ocean,30.000000,60.000000,0.151000,1555,4524555,1160.142308,5.297453,78,3,0,75,0,68,0,0,68,0,0,0,0,0,0,181,46,0,135,0,2,0,2,0,23,52,130,23,50,130,16.399125,331.863067,5810.481326,8.695652,3.846154,0.000000,2,0,0,4973350.911172,24.722625,119.898363,10264.252718,1578.655743,408.023686,276.700579,4970207.023063,4960971.037468,2263.380008,12379.873704,880.508103,0.031742,0.008204,0.005564,99.936785,0.017705,16.795261,9.367060,3.158232,34.702785,95,0.542968,14,0,0,100.000000,1.271243,99.024390,3804.595594,1192.428128,7103.951393,0.000000,482.788962
21960.000000,contribution,optical,hardware,1,1,1,0,priority,0.000500,180,15,hybrid,0.050000,4000.000000,6.087000,52.000000,500.000000,500.000000,2.000000,240.000000,0.400000,205,130,205,135,203,21,47,0,0,0,0,0,135,135,0,0,0.000000,1.000000,43.464636,clear-ocean,30.000000,60.000000,0.151000,1555,4524555,1160.142308,5.282980,78,3,0,75,0,68,0,0,68,0,0,0,0,0,0,181,46,0,135,0,2,0,2,0,23,52,130,23,50,130,16.399125,331.863067,5810.481326,8.695652,3.846154,0.000000,2,0,0,4986948.012644,24.722625,119.898363,10264.252718,1582.791913,409.057728,276.930366,4983798.724535,4974562.738940,2268.780008,12385.273704,880.508103,0.031739,0.008203,0.005553,99.936849,0.017656,16.795261,9.367060,3.158232,34.607969,95,0.541485,14,0,0,100.000000,1.271243,99.024390,3804.595594,1189.170128,7190.058109,0.000000,444.018019
22020.000000,contribution,optical,hardware,1,1,1,0,priority,0.000500,180,15,hybrid,0.050000,4000.000000,6.087000,52.000000,500.000000,500.000000,2.000000,240.000000,0.400000,205,130,205,135,203,21,47,0,0,0,0,0,135,135,0,0,0.000000,1.000000,43.464636,clear-ocean,30.000000,60.000000,0.151000,1555,4524555,1160.142308,5.268585,78,3,0,75,0,68,0,0,68,0,0,0,0,0,0,181,46,0,135,0,2,0,2,0,23,52,130,23,50,130,16.399125,331.863067,5810.481326,8.695652,3.846154,0.000000,2,0,0,5000545.114117,24.722625,119.898363,10264.252718,1586.928083,410.091771,277.160154,4997390.426008,4988154.440413,2274.180008,12390.673704,880.508103,0.031735,0.008201,0.005543,99.936913,0.017608,16.795261,9.367060,3.158232,34.513669,95,0.540009,14,0,0,100.000000,1.271243,99.024390,3804.595594,1185.929882,7276.164825,0.000000,386.850460
22080.000000,contribution,optical,hardware,1,1,1,0,priority,0.000500,180,15,hybrid,0.050000,4000.000000,6.087000,52.000000,500.000000,500.000000,2.000000,240.000000,0.400000,205,130,205,135,203,21,47,0,0,0,0,0,135,135,0,0,0.000000,1.000000,43.464636,clear-ocean,30.000000,60.000000,0.151000,1555,4524555,1160.142308,5.254268,78,3,0,75,0,68,0,0,68,0,0,0,0,0,0,181,46,0,135,0,2,0,2,0,23,52,130,23,50,130,16.399125,331.863067,5810.481326,8.695652,3.846154,0.000000,2,0,0,5014142.215589,24.722625,119.898363,10264.252718,1591.064254,411.125813,277.389941,5010982.127480,5001746.141885,2279.580008,12396.073704,880.508103,0.031732,0.008199,0.005532,99.936976,0.017560,16.795261,9.367060,3.158232,34.419882,95,0.538542,14,0,0,100.000000,1.271243,99.024390,3804.595594,1182.707246,7362.271541,0.000000,316.706863
22140.000000,contribution,optical,hardware,1,1,1,0,priority,0.000500,180,15,hybrid,0.050000,4000.000000,6.087000,52.000000,500.000000,500.000000,2.000000,240.000000,0.400000,205,130,205,135,203,21,47,0,0,0,0,0,135,135,0,0,0.000000,1.000000,43.464636,clear-ocean,30.000000,60.000000,0.151000,1555,4524555,1160.142308,5.240028,78,3,0,75,0,68,0,0,68,0,0,0,0,0,0,181,46,0,135,0,2,0,2,0,23,52,130,23,50,130,16.399125,331.863067,5810.481326,8.695652,3.846154,0.000000,2,0,0,5027739.317062,24.722625,119.898363,10264.252718,1595.200424,412.159856,277.619728,5024573.828953,5015337.843358,2284.980008,12401.473704,880.508103,0.031728,0.008198,0.005522,99.937040,0.017513,16.795261,9.367060,3.158232,34.326603,95,0.537082,14,0,0,100.000000,1.271243,99.024390,3804.595594,1179.502078,7448.378257,0.000000,240.238181
22200.000000,contribution,optical,hardware,1,1,1,0,priority,0.000500,180,15,hybrid,0.050000,4000.000000,6.087000,52.000000,500.000000,500.000000,2.000000,240.000000,0.400000,205,130,205,135,203,21,47,0,0,0,0,0,135,135,0,0,0.000000,1.000000,43.464636,clear-ocean,30.000000,60.000000,0.151000,1555,4524555,1160.142308,5.225866,78,3,0,75,0,68,0,0,68,0,0,0,0,0,0,181,46,0,135,0,2,0,2,0,23,52,130,23,50,130,16.399125,331.863067,5810.481326,8.695652,3.846154,0.000000,2,0,0,5041336.418534,24.722625,119.898363,10264.252718,1599.336594,413.193899,277.849515,5038165.530425,5028929.544830,2290.380008,12406.873704,880.508103,0.031724,0.008196,0.005511,99.937102,0.017466,16.795261,9.367060,3.158232,34.233829,95,0.535631,14,0,0,100.000000,1.271243,99.024390,3804.595594,1176.314234,7534.484973,0.000000,164.695106
22260.000000,contribution,optical,hardware,1,1,1,0,priority,0.000500,180,15,hybrid,0.050000,4000.000000,6.087000,52.000000,500.000000,500.000000,2.000000,240.000000,0.400000,205,130,205,135,203,21,47,0,0,0,0,0,135,135,0,0,0.000000,1.000000,43.464636,clear-ocean,30.000000,60.000000,0.151000,1555,4524555,1160.142308,5.211780,78,3,0,75,0,68,0,0,68,0,0,0,0,0,0,181,46,0,135,0,2,0,2,0,23,52,130,23,50,130,16.399125,331.863067,5810.481326,8.695652,3.846154,0.000000,2,0,0,5054933.520007,24.722625,119.898363,10264.252718,1603.472764,414.227941,278.079303,5051757.231898,5042521.246303,2295.780008,12412.273704,880.508103,0.031721,0.008195,0.005501,99.937165,0.017419,16.795261,9.367060,3.158232,34.141554,95,0.534187,14,0,0,100.000000,1.271243,99.024390,3804.595594,1173.143576,7620.591690,0.000000,97.240565
22320.000000,contribution,optical,hardware,1,1,1,0,priority,0.000500,180,15,hybrid,0.050000,4000.000000,6.087000,52.000000,500.000000,500.000000,2.000000,240.000000,0.400000,205,130,205,135,203,21,47,0,0,0,0,0,135,135,0,0,0.000000,1.000000,43.464636,clear-ocean,30.000000,60.000000,0.151000,1555,4524555,1160.142308,5.197770,78,3,0,75,0,68,0,0,68,0,0,0,0,0,0,181,46,0,135,0,2,0,2,0,23,52,130,23,50,130,16.399125,331.863067,5810.481326,8.695652,3.846154,0.000000,2,0,0,5068530.621479,24.722625,119.898363,10264.252718,1607.608935,415.261984,278.309090,5065348.933370,5056112.947775,2301.180008,12417.673704,880.508103,0.031717,0.008193,0.005491,99.937227,0.017372,16.795261,9.367060,3.158232,34.049776,95,0.532751,14,0,0,100.000000,1.271243,99.024390,3804.595594,1169.989964,7706.698406,0.000000,44.270537
22380.000000,contribution,optical,hardware,1,1,1,0,priority,0.000500,180,15,hybrid,0.050000,4000.000000,6.087000,52.000000,500.000000,500.000000,2.000000,240.000000,0.400000,205,130,205,135,203,21,47,0,0,0,0,0,135,135,0,0,0.000000,1.000000,43.464636,clear-ocean,30.000000,60.000000,0.151000,1555,4524555,1160.142308,5.183835,78,3,0,75,0,68,0,0,68,0,0,0,0,0,0,181,46,0,135,0,2,0,2,0,23,52,130,23,50,130,16.399125,331.863067,5810.481326,8.695652,3.846154,0.000000,2,0,0,5082127.722952,24.722625,119.898363,10264.252718,1611.745105,416.296026,278.538877,5078940.634843,5069704.649248,2306.580008,12423.073704,880.508103,0.031714,0.008191,0.005481,99.937288,0.017326,16.795261,9.367060,3.158232,33.958490,95,0.531323,14,0,0,100.000000,1.271243,99.024390,3804.595594,1166.853262,7792.805122,0.000000,10.807592
22440.000000,contribution,optical,hardware,1,1,1,0,priority,0.000500,180,15,hybrid,0.050000,4000.000000,6.087000,52.000000,500.000000,500.000000,2.000000,240.000000,0.400000,205,130,205,135,203,21,47,0,0,0,0,0,135,135,0,0,0.000000,1.000000,43.464636,clear-ocean,30.000000,60.000000,0.151000,1555,4524555,1160.142308,5.169975,78,3,0,75,0,68,0,0,68,0,0,0,0,0,0,181,46,0,135,0,2,0,2,0,23,52,130,23,50,130,16.399125,331.863067,5810.481326,8.695652,3.846154,0.000000,2,0,0,5095724.824424,24.722625,119.898363,10264.252718,1615.881275,417.330069,278.768664,5092532.336315,5083296.350720,2311.980008,12428.473704,880.508103,0.031711,0.008190,0.005471,99.937350,0.017279,16.795261,9.367060,3.158232,33.867692,95,0.529902,14,0,0,100.000000,1.271243,99.024390,3804.595594,1163.733333,7878.911838,-0.000000,0.024657
22500.000000,contribution,optical,hardware,1,1,1,0,priority,0.000500,180,15,hybrid,0.050000,4000.000000,6.087000,52.000000,500.000000,500.000000,2.000000,240.000000,0.400000,205,130,205,135,203,21,47,0,0,0,0,0,135,135,0,0,0.000000,1.000000,43.464636,clear-ocean,30.000000,60.000000,0.151000,1555,4524555,1160.142308,5.156188,78,3,0,75,0,68,0,0,68,0,0,0,0,0,0,181,46,0,135,0,2,0,2,0,23,52,130,23,50,130,16.399125,331.863067,5810.481326,8.695652,3.846154,0.000000,2,0,0,5109321.925897,24.722625,119.898363,10264.252718,1620.017445,418.364111,278.998452,5106124.037788,5096888.052193,2317.380008,12433.873704,880.508103,0.031707,0.008188,0.005461,99.937411,0.017233,16.795261,9.367060,3.158232,33.777378,95,0.528489,14,0,0,100.000000,1.271243,99.024390,3804.595594,1160.630044,7965.018554,-0.000000,12.944161
22560.000000,contribution,optical,hardware,1,1,1,0,priority,0.000500,180,15,hybrid,0.050000,4000.000000,6.087000,52.000000,500.000000,500.000000,2.000000,240.000000,0.400000,205,130,205,135,203,21,47,0,0,0,0,0,135,135,0,0,0.000000,1.000000,43.464636,clear-ocean,30.000000,60.000000,0.151000,1555,4524555,1160.142308,5.142475,78,3,0,75,0,68,0,0,68,0,0,0,0,0,0,181,46,0,135,0,2,0,2,0,23,52,130,23,50,130,16.399125,331.863067,5810.481326,8.695652,3.846154,0.000000,2,0,0,5122919.027369,24.722625,119.898363,10264.252718,1624.153615,419.398154,279.228239,5119715.739260,5110479.753665,2322.780008,12439.273704,880.508103,0.031704,0.008187,0.005451,99.937471,0.017188,16.795261,9.367060,3.158232,33.687544,95,0.527083,14,0,0,100.000000,1.271243,99.024390,3804.595594,1157.543262,8051.125270,-0.000000,48.341087
22620.000000,contribution,optical,hardware,1,1,1,0,priority,0.000500,180,15,hybrid,0.050000,4000.000000,6.087000,52.000000,500.000000,500.000000,2.000000,240.000000,0.400000,205,130,205,135,203,21,47,0,0,0,0,0,135,135,0,0,0.000000,1.000000,43.464636,clear-ocean,30.000000,60.000000,0.151000,1555,4524555,1160.142308,5.128834,78,3,0,75,0,68,0,0,68,0,0,0,0,0,0,181,46,0,135,0,2,0,2,0,23,52,130,23,50,130,16.399125,331.863067,5810.481326,8.695652,3.846154,0.000000,2,0,0,5136516.128842,24.722625,119.898363,10264.252718,1628.289786,420.432196,279.458026,5133307.440733,5124071.455138,2328.180008,12444.673704,880.508103,0.031700,0.008185,0.005441,99.937532,0.017142,16.795261,9.367060,3.158232,33.598187,95,0.525685,14,0,0,100.000000,1.271243,99.024390,3804.595594,1154.472856,8137.231986,-0.000000,102.859131
22680.000000,contribution,optical,hardware,1,1,1,0,priority,0.000500,180,15,hybrid,0.050000,4000.000000,6.087000,52.000000,500.000000,500.000000,2.000000,240.000000,0.400000,205,130,205,135,203,21,47,0,0,0,0,0,135,135,0,0,0.000000,1.000000,43.464636,clear-ocean,30.000000,60.000000,0.151000,1555,4524555,1160.142308,5.115266,78,3,0,75,0,68,0,0,68,0,0,0,0,0,0,181,46,0,135,0,2,0,2,0,23,52,130,23,50,130,16.399125,331.863067,5810.481326,8.695652,3.846154,0.000000,2,0,0,5150113.230315,24.722625,119.898363,10264.252718,1632.425956,421.466239,279.687813,5146899.142206,5137663.156610,2333.580008,12450.073704,880.508103,0.031697,0.008184,0.005431,99.937592,0.017097,16.795261,9.367060,3.158232,33.509303,95,0.524295,14,0,0,100.000000,1.271243,99.024390,3804.595594,1151.418695,8223.338703,-0.000000,171.328940
22740.000000,contribution,optical,hardware,1,1,1,0,priority,0.000500,180,15,hybrid,0.050000,4000.000000,6.087000,52.000000,500.000000,500.000000,2.000000,240.000000,0.400000,205,130,205,135,203,21,47,0,0,0,0,0,135,135,0,0,0.000000,1.000000,43.464636,clear-ocean,30.000000,60.000000,0.151000,1555,4524555,1160.142308,5.101769,78,3,0,75,0,68,0,0,68,0,0,0,0,0,0,181,46,0,135,0,2,0,2,0,23,52,130,23,50,130,16.399125,331.863067,5810.481326,8.695652,3.846154,0.000000,2,0,0,5163710.331787,24.722625,119.898363,10264.252718,1636.562126,422.500282,279.917600,5160490.843678,5151254.858083,2338.980008,12455.473704,880.508103,0.031694,0.008182,0.005421,99.937652,0.017052,16.795261,9.367060,3.158232,33.420888,95,0.522911,14,0,0,100.000000,1.271243,99.024390,3804.595594,1148.380651,8309.445419,-0.000000,247.258269
22800.000000,contribution,optical,hardware,1,1,1,0,priority,0.000500,180,15,hybrid,0.050000,4000.000000,6.087000,52.000000,500.000000,500.000000,2.000000,240.000000,0.400000,205,130,205,135,203,21,47,0,0,0,0,0,135,135,0,0,0.000000,1.000000,43.464636,clear-ocean,30.000000,60.000000,0.151000,1555,4524555,1160.142308,5.088343,78,3,0,75,0,68,0,0,68,0,0,0,0,0,0,181,46,0,135,0,2,0,2,0,23,52,130,23,50,130,16.399125,331.863067,5810.481326,8.695652,3.846154,0.000000,2,0,0,5177307.433260,24.722625,119.898363,10264.252718,1640.698296,423.534324,280.147388,5174082.545151,5164846.559556,2344.380008,12460.873704,880.508103,0.031690,0.008181,0.005411,99.937711,0.017007,16.795261,9.367060,3.158232,33.332939,95,0.521535,14,0,0,100.000000,1.271243,99.024390,3804.595594,1145.358596,8395.552135,-0.000000,323.447567
22860.000000,contribution,optical,hardware,1,1,1,0,priority,0.000500,180,15,hybrid,0.050000,4000.000000,6.087000,52.000000,500.000000,500.000000,2.000000,240.000000,0.400000,205,130,205,135,203,21,47,0,0,0,0,0,135,135,0,0,0.000000,1.000000,43.464636,clear-ocean,30.000000,60.000000,0.151000,1555,4524555,1160.142308,5.074988,78,3,0,75,0,68,0,0,68,0,0,0,0,0,0,181,46,0,135,0,2,0,2,0,23,52,130,23,50,130,16.399125,331.863067,5810.481326,8.695652,3.846154,0.000000,2,0,0,5190904.534732,24.722625,119.898363,10264.252718,1644.834466,424.568367,280.377175,5187674.246623,5178438.261028,2349.780008,12466.273704,880.508103,0.031687,0.008179,0.005401,99.937770,0.016963,16.795261,9.367060,3.158232,33.245451,95,0.520166,14,0,0,100.000000,1.271243,99.024390,3804.595594,1142.352406,8481.658851,-0.000000,392.672631
22920.000000,contribution,optical,hardware,1,1,1,0,priority,0.000500,180,15,hybrid,0.050000,4000.000000,6.087000,52.000000,500.000000,500.000000,2.000000,240.000000,0.400000,205,130,205,135,203,21,47,0,0,0,0,0,135,135,0,0,0.000000,1.000000,43.464636,clear-ocean,30.000000,60.000000,0.151000,1555,4524555,1160.142308,5.061703,78,3,0,75,0,68,0,0,68,0,0,0,0,0,0,181,46,0,135,0,2,0,2,0,23,52,130,23,50,130,16.399125,331.863067,5810.481326,8.695652,3.846154,0.000000,2,0,0,5204501.636205,24.722625,119.898363,10264.252718,1648.970637,425.602409,280.606962,5201265.948096,5192029.962501,2355.180008,12471.673704,880.508103,0.031684,0.008178,0.005392,99.937829,0.016918,16.795261,9.367060,3.158232,33.158421,95,0.518805,14,0,0,100.000000,1.271243,99.024390,3804.595594,1139.361955,8567.765567,-0.000000,448.369605
22980.000000,contribution,optical,hardware,1,1,1,0,priority,0.000500,180,15,hybrid,0.050000,4000.000000,6.087000,52.000000,500.000000,500.000000,2.000000,240.000000,0.400000,205,130,205,135,203,21,47,0,0,0,0,0,135,135,0,0,0.000000,1.000000,43.464636,clear-ocean,30.000000,60.000000,0.151000,1555,4524555,1160.142308,5.048487,78,3,0,75,0,68,0,0,68,0,0,0,0,0,0,181,46,0,135,0,2,0,2,0,23,52,130,23,50,130,16.399125,331.863067,5810.481326,8.695652,3.846154,0.000000,2,0,0,5218098.737677,24.722625,119.898363,10264.252718,1653.106807,426.636452,280.836749,5214857.649568,5205621.663973,2360.580008,12477.073704,880.508103,0.031680,0.008176,0.005382,99.937888,0.016874,16.795261,9.367060,3.158232,33.071845,95,0.517450,14,0,0,100.000000,1.271243,99.024390,3804.595594,1136.387119,8653.872283,-0.000000,485.257350
23040.000000,contribution,optical,hardware,1,1,1,0,priority,0.000500,180,15,hybrid,0.050000,4000.000000,6.087000,52.000000,500.000000,500.000000,2.000000,240.000000,0.400000,205,130,205,135,203,21,47,0,0,0,0,0,135,135,0,0,0.000000,1.000000,43.464636,clear-ocean,30.000000,60.000000,0.151000,1555,4524555,1160.142308,5.035340,78,3,0,75,0,68,0,0,68,0,0,0,0,0,0,181,46,0,135,0,2,0,2,0,23,52,130,23,50,130,16.399125,331.863067,5810.481326,8.695652,3.846154,0.000000,2,0,0,5231695.839150,24.722625,119.898363,10264.252718,1657.242977,427.670494,281.066537,5228449.351041,5219213.365446,2365.980008,12482.473704,880.508103,0.031677,0.008175,0.005372,99.937946,0.016830,16.795261,9.367060,3.158232,32.985720,95,0.516102,14,0,0,100.000000,1.271243,99.024390,3804.595594,1133.427778,8739.978999,-0.000000,499.838204
23100.000000,contribution,optical,hardware,1,1,1,0,priority,0.000500,180,15,hybrid,0.050000,4000.000000,6.087000,52.000000,500.000000,500.000000,2.000000,240.000000,0.400000,205,130,205,135,203,21,47,0,0,0,0,0,135,135,0,0,0.000000,1.000000,43.464636,clear-ocean,30.000000,60.000000,0.151000,1555,4524555,1160.142308,5.022261,78,3,0,75,0,68,0,0,68,0,0,0,0,0,0,181,46,0,135,0,2,0,2,0,23,52,130,23,50,130,16.399125,331.863067,5810.481326,8.695652,3.846154,0.000000,2,0,0,5245292.940622,24.722625,119.898363,10264.252718,1661.379147,428.704537,281.296324,5242041.052513,5232805.066918,2371.380008,12487.873704,880.508103,0.031674,0.008173,0.005363,99.938004,0.016787,16.795261,9.367060,3.158232,32.900043,95,0.514762,14,0,0,100.000000,1.271243,99.024390,3804.595594,1130.483810,8826.085716,0.000000,490.729622
23160.000000,contribution,optical,hardware,1,1,1,0,priority,0.000500,180,15,hybrid,0.050000,4000.000000,6.087000,52.000000,500.000000,500.000000,2.000000,240.000000,0.400000,205,130,205,135,203,21,47,0,0,0,0,0,135,135,0,0,0.000000,1.000000,43.464636,clear-ocean,30.000000,60.000000,0.151000,1555,4524555,1160.142308,5.009250,78,3,0,75,0,68,0,0,68,0,0,0,0,0,0,181,46,0,135,0,2,0,2,0,23,52,130,23,50,130,16.399125,331.863067,5810.481326,8.695652,3.846154,0.000000,2,0,0,5258890.042095,24.722625,119.898363,10264.252718,1665.515318,429.738579,281.526111,5255632.753986,5246396.768391,2376.780008,12493.273704,880.508103,0.031670,0.008172,0.005353,99.938061,0.016743,16.795261,9.367060,3.158232,32.814810,95,0.513428,14,0,0,100.000000,1.271243,99.024390,3804.595594,1127.555095,8912.192432,0.000000,458.795274
23220.000000,contribution,optical,hardware,1,1,1,0,priority,0.000500,180,15,hybrid,0.050000,4000.000000,6.087000,52.000000,500.000000,500.000000,2.000000,240.000000,0.400000,205,130,205,135,203,21,47,0,0,0,0,0,135,135,0,0,0.000000,1.000000,43.464636,clear-ocean,30.000000,60.000000,0.151000,1555,4524555,1160.142308,4.996306,78,3,0,75,0,68,0,0,68,0,0,0,0,0,0,181,46,0,135,0,2,0,2,0,23,52,130,23,50,130,16.399125,331.863067,5810.481326,8.695652,3.846154,0.000000,2,0,0,5272487.143567,24.722625,119.898363,10264.252718,1669.651488,430.772622,281.755898,5269224.455458,5259988.469863,2382.180008,12498.673704,880.508103,0.031667,0.008170,0.005344,99.938119,0.016700,16.795261,9.367060,3.158232,32.730017,95,0.512102,14,0,0,100.000000,1.271243,99.024390,3804.595594,1124.641516,8998.299148,0.000000,407.063144
23280.000000,contribution,optical,hardware,1,1,1,0,priority,0.000500,180,15,hybrid,0.050000,4000.000000,6.087000,52.000000,500.000000,500.000000,2.000000,240.000000,0.400000,205,130,205,135,203,21,47,0,0,0,0,0,135,135,0,0,0.000000,1.000000,43.464636,clear-ocean,30.000000,60.000000,0.151000,1555,4524555,1160.142308,4.983429,78,3,0,75,0,68,0,0,68,0,0,0,0,0,0,181,46,0,135,0,2,0,2,0,23,52,130,23,50,130,16.399125,331.863067,5810.481326,8.695652,3.846154,0.000000,2,0,0,5286084.245040,24.722625,119.898363,10264.252718,1673.787658,431.806664,281.985686,5282816.156931,5273580.171336,2387.580008,12504.073704,880.508103,0.031664,0.008169,0.005334,99.938176,0.016657,16.795261,9.367060,3.158232,32.645662,95,0.510782,14,0,0,100.000000,1.271243,99.024390,3804.595594,1121.742955,9084.405864,0.000000,340.438428
23340.000000,contribution,optical,hardware,1,1,1,0,priority,0.000500,180,15,hybrid,0.050000,4000.000000,6.087000,52.000000,500.000000,500.000000,2.000000,240.000000,0.400000,205,130,205,135,203,21,47,0,0,0,0,0,135,135,0,0,0.000000,1.000000,43.464636,clear-ocean,30.000000,60.000000,0.151000,1555,4524555,1160.142308,4.970618,78,3,0,75,0,68,0,0,68,0,0,0,0,0,0,181,46,0,135,0,2,0,2,0,23,52,130,23,50,130,16.399125,331.863067,5810.481326,8.695652,3.846154,0.000000,2,0,0,5299681.346512,24.722625,119.898363,10264.252718,1677.923828,432.840707,282.215473,5296407.858403,5287171.872808,2392.980008,12509.473704,880.508103,0.031661,0.008167,0.005325,99.938232,0.016614,16.795261,9.367060,3.158232,32.561740,95,0.509469,14,0,0,100.000000,1.271243,99.024390,3804.595594,1118.859297,9170.512580,0.000000,265.238421
23400.000000,contribution,optical,hardware,1,1,1,0,priority,0.000500,180,15,hybrid,0.050000,4000.000000,6.087000,52.000000,500.000000,500.000000,2.000000,240.000000,0.400000,205,130,205,135,203,21,47,0,0,0,0,0,135,135,0,0,0.000000,1.000000,43.464636,clear-ocean,30.000000,60.000000,0.151000,1555,4524555,1160.142308,4.957873,78,3,0,75,0,68,0,0,68,0,0,0,0,0,0,181,46,0,135,0,2,0,2,0,23,52,130,23,50,130,16.399125,331.863067,5810.481326,8.695652,3.846154,0.000000,2,0,0,5313278.447985,24.722625,119.898363,10264.252718,1682.059998,433.874750,282.445260,5309999.559876,5300763.574281,2398.380008,12514.873704,880.508103,0.031658,0.008166,0.005316,99.938289,0.016572,16.795261,9.367060,3.158232,32.478248,95,0.508162,14,0,0,100.000000,1.271243,99.024390,3804.595594,1115.990427,9256.619296,0.000000,188.593520
23450.000000,contribution,optical,hardware,1,1,1,0,priority,0.000500,180,15,hybrid,0.050000,4000.000000,6.087000,52.000000,500.000000,500.000000,2.000000,240.000000,0.400000,205,130,205,135,203,21,47,0,0,0,0,0,135,135,0,0,0.000000,1.000000,43.464636,clear-ocean,30.000000,60.000000,0.151000,1555,4524555,1160.142308,4.947302,78,3,0,75,0,68,0,0,68,0,0,0,0,0,0,181,46,0,135,0,2,0,2,0,23,52,130,23,50,130,16.399125,331.863067,5810.481326,8.695652,3.846154,0.000000,2,0,0,5324609.365879,24.722625,119.898363,10264.252718,1685.506807,434.736452,282.636749,5321325.977770,5312089.992175,2402.880008,12519.373704,880.508103,0.031655,0.008165,0.005308,99.938336,0.016537,16.795261,9.367060,3.158232,32.408998,95,0.507079,14,0,0,100.000000,1.271243,99.024390,3804.595594,1113.610917,9328.374893,0.000000,128.874011
