time,protocol,auvCollectionMedium,energyModel,lowPayloadAtGateway,enableHighFallback,enableMediumFallback,matchHybridQueues,ddnBufferPolicy,nodeIdlePowerW,nodes,sinks,sinkPlacement,trafficLoad,trafficStop,auvSpeedKmh,txPowerMarginDb,ddnEomOffset,ddnDepth,highFallbackTimeout,mediumFallbackTimeout,mediumFallbackRhoMax,generated,gatewayOriginated,reachedDdn,collectedByAuv,delivered,directCriticalToSink,directMediumToSink,directLowToSink,bufferDropped,bufferDroppedHigh,bufferDroppedMedium,bufferDroppedLow,opticalTransfers,opticalAttempted,opticalLost,opticalPending,opticalLossPct,opticalMeanPktSuccess,opticalMeanSnrDb,opticalWaterType,opticalRange,opticalPointingCoherenceSeconds,opticalExtCoeff,acousticTransfers,acousticTxBytes,acousticTxAirtimeS,acousticTxAirtimePct,acousticSourceAttempts,acousticRetransmissions,acousticRetryExhausted,acousticAcks,acousticPending,directSourceAttempts,directRetransmissions,directCyclesExhausted,directAcks,directPending,mobileSourceAttempts,mobileRetransmissions,mobileContactFailures,mobileAcks,mobilePending,auvSurfaceSourceAttempts,auvSurfaceRetransmissions,auvSurfaceContactFailures,auvSurfaceAcks,auvSurfacePending,deadlineExpired,deadlineExpiredHigh,deadlineExpiredMedium,deadlineExpiredLow,highGenerated,mediumGenerated,lowGenerated,highDelivered,mediumDelivered,lowDelivered,highAvgDelay,mediumAvgDelay,lowAvgDelay,highMissRatio,mediumMissRatio,lowMissRatio,highDeadlineMiss,mediumDeadlineMiss,lowDeadlineMiss,energyConsumedJ,highEnergyJ,mediumEnergyJ,lowEnergyJ,bsnEnergyJ,drnEnergyJ,ddnEnergyJ,auvEnergyJ,auvOperationalEnergyJ,submergedEnergyJ,incrementalMissionEnergyJ,sinkEnergyJ,bsnEnergyPct,drnEnergyPct,ddnEnergyPct,auvEnergyPct,sinkEnergyPct,highEnergyMjByte,mediumEnergyMjByte,lowEnergyMjByte,meanDdnBuffered,maxDdnBuffered,meanAuvBuffered,maxAuvBuffered,ddnBuffered,auvBuffered,upstreamPdr,avgDelayAcoustic,pdr,avgDelay,throughputBps,auvX,auvY,auvZ
0.000000,contribution,optical,hardware,1,1,1,0,priority,0.000500,180,15,hybrid,0.050000,4000.000000,6.087000,52.000000,500.000000,500.000000,2.000000,60.000000,0.400000,0,0,0,0,0,0,0,0,0,0,0,0,0,0,0,0,0.000000,0.000000,0.000000,clear-ocean,30.000000,60.000000,0.151000,0,0,0.000000,0.000000,0,0,0,0,0,0,0,0,0,0,0,0,0,0,0,0,0,0,0,0,0,0,0,0,0,0,0,0,0,0,0.000000,0.000000,0.000000,0.000000,0.000000,0.000000,0,0,0,226.618358,0.000000,0.000000,0.000000,0.068936,0.017234,0.003830,226.528358,226.528358,0.090000,0.090000,0.000000,0.030419,0.007605,0.001690,99.960286,0.000000,0.000000,0.000000,0.000000,0.000000,0,0.000000,0,0,0,0.000000,0.000000,0.000000,0.000000,0.000000,875.000000,0.000000,0.000000
60.000000,contribution,optical,hardware,1,1,1,0,priority,0.000500,180,15,hybrid,0.050000,4000.000000,6.087000,52.000000,500.000000,500.000000,2.000000,60.000000,0.400000,4,2,4,0,1,1,0,0,0,0,0,0,0,0,0,0,0.000000,0.000000,0.000000,clear-ocean,30.000000,60.000000,0.151000,4,612,0.156923,0.261538,2,0,0,2,0,1,0,0,1,0,0,0,0,0,0,0,0,0,0,0,0,0,0,0,1,1,2,1,0,0,2.939884,0.000000,0.000000,0.000000,100.000000,100.000000,0,0,0,13598.245190,0.638103,0.505615,0.000000,4.879273,1.116504,0.493582,13591.701473,13591.701473,6.489359,6.543718,0.054359,0.035882,0.008211,0.003630,99.951878,0.000400,9.970353,0.000000,0.000000,1.233333,3,0.000000,0,3,0,100.000000,0.243846,25.000000,2.939884,8.533333,961.106716,-0.000000,11.852388
120.000000,contribution,optical,hardware,1,1,1,0,priority,0.000500,180,15,hybrid,0.050000,4000.000000,6.087000,52.000000,500.000000,500.000000,2.000000,60.000000,0.400000,8,5,8,0,2,1,1,0,0,0,0,0,0,0,0,0,0.000000,0.000000,0.000000,clear-ocean,30.000000,60.000000,0.151000,7,1503,0.385385,0.321154,3,0,0,3,0,2,0,0,2,0,0,0,0,0,0,0,0,0,0,0,0,0,0,0,1,2,5,1,1,0,2.939884,66.014872,0.000000,0.000000,50.000000,100.000000,0,0,0,27197.238945,0.638103,2.397897,0.000000,9.437571,2.881624,1.368703,27183.402945,27183.402945,13.687897,13.836000,0.148103,0.034700,0.010595,0.005033,99.949127,0.000545,9.970353,9.366787,0.000000,2.533333,5,0.000000,0,6,0,100.000000,0.376923,25.000000,34.477378,21.333333,1047.213432,-0.000000,46.285720
180.000000,contribution,optical,hardware,1,1,1,0,priority,0.000500,180,15,hybrid,0.050000,4000.000000,6.087000,52.000000,500.000000,500.000000,2.000000,60.000000,0.400000,14,9,14,0,3,1,2,0,0,0,0,0,0,0,0,0,0.000000,0.000000,0.000000,clear-ocean,30.000000,60.000000,0.151000,15,3879,0.994615,0.552564,5,0,0,5,0,3,0,0,3,0,0,0,0,0,0,0,0,0,0,0,0,0,0,0,1,4,9,1,2,0,2.939884,63.762803,0.000000,0.000000,50.000000,100.000000,0,0,0,40799.130469,0.638103,7.187949,0.000000,15.377536,6.047974,2.358695,40775.104418,40775.104418,23.784205,24.026051,0.241846,0.037691,0.014824,0.005781,99.941111,0.000593,9.970353,14.038962,0.000000,4.250000,11,0.000000,0,11,0,100.000000,0.657641,21.428571,43.488497,25.600000,1133.320148,-0.000000,100.035057
240.000000,contribution,optical,hardware,1,1,1,0,priority,0.000500,180,15,hybrid,0.050000,4000.000000,6.087000,52.000000,500.000000,500.000000,2.000000,60.000000,0.400000,15,10,15,0,4,1,3,0,0,0,0,0,0,0,0,0,0.000000,0.000000,0.000000,clear-ocean,30.000000,60.000000,0.151000,16,4176,1.070769,0.446154,5,0,0,5,0,4,0,0,4,0,0,0,0,0,0,0,0,0,0,0,0,0,0,0,1,4,10,1,3,0,2.939884,69.621573,0.000000,0.000000,25.000000,100.000000,0,0,0,54396.938198,0.638103,7.894205,0.000000,19.513706,7.082016,3.200995,54366.805890,54366.805890,29.796718,30.132308,0.335590,0.035873,0.013019,0.005885,99.944607,0.000617,9.970353,10.278913,0.000000,5.845833,11,0.000000,0,11,0,100.000000,0.657641,26.666667,52.951151,27.733333,1219.426865,-0.000000,168.003936
300.000000,contribution,optical,hardware,1,1,1,0,priority,0.000500,180,15,hybrid,0.050000,4000.000000,6.087000,52.000000,500.000000,500.000000,2.000000,60.000000,0.400000,22,14,22,0,6,2,4,0,0,0,0,0,0,0,0,0,0.000000,0.000000,0.000000,clear-ocean,30.000000,60.000000,0.151000,23,5679,1.456154,0.485385,8,0,0,8,0,6,0,0,6,0,0,0,0,0,0,0,0,0,0,0,0,0,0,0,2,6,14,2,4,0,2.732186,76.220377,0.000000,0.000000,33.333333,100.000000,0,0,0,67997.075670,1.276205,10.292103,0.000000,24.815107,8.929597,4.339911,67958.507363,67958.507363,38.084615,38.568308,0.483692,0.036494,0.013132,0.006382,99.943279,0.000711,9.970353,10.050881,0.000000,7.506667,17,0.000000,0,16,0,100.000000,0.552372,27.272727,51.724313,30.720000,1305.533581,-0.000000,243.747609
360.000000,contribution,optical,hardware,1,1,1,0,priority,0.000500,180,15,hybrid,0.050000,4000.000000,6.087000,52.000000,500.000000,500.000000,2.000000,60.000000,0.400000,23,14,23,0,7,2,5,0,0,0,0,0,0,0,0,0,0.000000,0.000000,0.000000,clear-ocean,30.000000,60.000000,0.151000,27,6867,1.760769,0.489103,9,0,0,9,0,7,0,0,7,0,0,0,0,0,0,0,0,0,0,0,0,0,0,0,2,7,14,2,5,0,2.732186,80.341303,0.000000,0.000000,28.571429,100.000000,0,0,0,81596.348553,1.276205,12.463513,0.000000,30.332944,10.024563,5.204775,81550.208835,81550.208835,45.562282,46.139718,0.577436,0.037174,0.012286,0.006379,99.943454,0.000708,9.970353,9.737119,0.000000,8.963889,17,0.000000,0,16,0,100.000000,0.567066,30.434783,58.167269,31.288889,1391.640297,-0.000000,320.084127
420.000000,contribution,optical,hardware,1,1,1,0,priority,0.000500,180,15,hybrid,0.050000,4000.000000,6.087000,52.000000,500.000000,500.000000,2.000000,60.000000,0.400000,25,16,25,0,8,2,6,0,0,0,0,0,0,0,0,0,0.000000,0.000000,0.000000,clear-ocean,30.000000,60.000000,0.151000,28,7164,1.836923,0.437363,9,0,0,9,0,8,0,0,8,0,0,0,0,0,0,0,0,0,0,0,0,0,0,0,2,7,16,2,6,0,2.732186,87.890840,0.000000,0.000000,14.285714,100.000000,0,0,0,95194.156282,1.276205,13.169769,0.000000,34.469115,11.058606,6.047075,95141.910308,95141.910308,51.574795,52.245974,0.671179,0.036209,0.011617,0.006352,99.945116,0.000705,9.970353,8.574069,0.000000,10.073810,18,0.000000,0,17,0,100.000000,0.567066,32.000000,66.601176,31.695238,1477.747013,-0.000000,389.775332
480.000000,contribution,optical,hardware,1,1,1,0,priority,0.000500,180,15,hybrid,0.050000,4000.000000,6.087000,52.000000,500.000000,500.000000,2.000000,60.000000,0.400000,28,18,28,0,9,2,7,0,0,0,0,0,0,0,0,0,0.000000,0.000000,0.000000,clear-ocean,30.000000,60.000000,0.151000,34,8946,2.293846,0.477885,10,0,0,10,0,9,0,0,9,0,0,0,0,0,0,0,0,0,0,0,0,0,0,0,2,8,18,2,7,0,2.732186,96.674562,0.000000,0.000000,12.500000,100.000000,0,0,0,108794.630370,1.276205,16.542385,0.000000,40.466721,12.823725,6.963221,108733.611780,108733.611780,60.253667,61.018590,0.764923,0.037196,0.011787,0.006400,99.943914,0.000703,9.970353,9.231241,0.000000,11.170833,20,0.000000,0,19,0,100.000000,0.643128,32.142857,75.798478,32.000000,1563.853729,-0.000000,446.213164
540.000000,contribution,optical,hardware,1,1,1,0,priority,0.000500,180,15,hybrid,0.050000,4000.000000,6.087000,52.000000,500.000000,500.000000,2.000000,60.000000,0.400000,34,23,34,0,10,3,7,0,0,0,0,0,0,0,0,0,0.000000,0.000000,0.000000,clear-ocean,30.000000,60.000000,0.151000,39,9471,2.428462,0.449715,11,0,0,11,0,10,0,0,10,0,0,0,0,0,0,0,0,0,0,0,0,0,0,0,3,8,23,3,7,0,2.887780,96.674562,0.000000,0.000000,12.500000,100.000000,0,0,0,122392.895073,2.439436,16.542385,0.000000,44.923865,14.353152,7.485521,122325.313253,122325.313253,66.762538,67.581821,0.819282,0.036705,0.011727,0.006116,99.944783,0.000669,12.705395,9.231241,0.000000,12.351852,24,0.000000,0,24,0,100.000000,0.665781,29.411765,68.538527,29.392593,1649.960445,-0.000000,484.046240
600.000000,contribution,optical,hardware,1,1,1,0,priority,0.000500,180,15,hybrid,0.050000,4000.000000,6.087000,52.000000,500.000000,500.000000,2.000000,60.000000,0.400000,35,24,35,14,12,3,8,0,0,0,0,0,14,14,0,0,0.000000,1.000000,42.933303,clear-ocean,30.000000,60.000000,0.151000,49,43329,11.110000,1.851667,11,0,0,11,0,11,0,0,11,0,0,0,0,0,0,2,0,0,1,1,0,0,0,0,3,8,24,3,8,1,2.887780,94.866473,446.420238,0.000000,0.000000,95.833333,0,0,0,136092.769058,2.439436,17.248641,102.066256,49.060035,15.387195,25.127821,135997.061084,135917.014725,89.575051,175.754333,6.132923,0.036049,0.011306,0.018464,99.929674,0.004506,12.705395,8.422188,4.082650,13.245000,24,0.213333,13,10,12,100.000000,0.665781,34.285714,101.167947,363.200000,1736.067161,-0.000000,499.687261
660.000000,contribution,optical,hardware,1,1,1,0,priority,0.000500,180,15,hybrid,0.050000,4000.000000,6.087000,52.000000,500.000000,500.000000,2.000000,60.000000,0.400000,35,24,35,14,13,3,8,0,0,0,0,0,14,14,0,0,0.000000,1.000000,42.933303,clear-ocean,30.000000,60.000000,0.151000,75,136203,34.923846,5.291492,11,0,0,11,0,11,0,0,11,0,0,0,0,0,0,5,2,0,2,1,0,0,0,0,3,8,24,3,8,2,2.887780,94.866473,448.227207,0.000000,0.000000,91.666667,0,0,0,149896.922634,2.439436,17.248641,309.118359,53.196206,16.421237,25.357608,149779.276608,149508.716198,94.975051,388.206436,22.670974,0.035489,0.010955,0.016917,99.921515,0.015124,12.705395,8.422188,6.182367,12.950000,24,1.204545,13,10,11,100.000000,0.665781,37.142857,128.003811,633.212121,1822.173878,0.000000,491.653159
720.000000,contribution,optical,hardware,1,1,1,0,priority,0.000500,180,15,hybrid,0.050000,4000.000000,6.087000,52.000000,500.000000,500.000000,2.000000,60.000000,0.400000,39,26,39,14,18,4,8,0,0,0,0,0,14,14,0,0,0.000000,1.000000,42.933303,clear-ocean,30.000000,60.000000,0.151000,121,276465,70.888462,9.845620,13,0,0,13,0,12,0,0,12,0,0,0,0,0,0,11,4,0,6,1,0,0,0,0,4,9,26,4,8,6,2.977656,94.866473,462.293499,0.000000,11.111111,76.923077,0,0,0,163807.368952,3.427026,18.713795,620.010462,59.374248,17.537741,25.861447,163655.803516,163100.417670,102.773436,706.951282,48.792000,0.036246,0.010706,0.015788,99.907473,0.029786,13.386819,9.137595,4.133403,12.856944,24,1.887500,13,13,7,100.000000,0.655937,46.153846,196.922411,1692.266667,1908.280594,0.000000,460.705721
780.000000,contribution,optical,hardware,1,1,1,0,priority,0.000500,180,15,hybrid,0.050000,4000.000000,6.087000,52.000000,500.000000,500.000000,2.000000,60.000000,0.400000,41,27,41,14,22,5,9,0,0,0,0,0,14,14,0,0,0.000000,1.000000,42.933303,clear-ocean,30.000000,60.000000,0.151000,156,390996,100.255385,12.853254,14,0,0,14,0,14,0,0,14,0,0,0,0,0,0,15,6,0,8,1,0,0,0,0,5,9,27,5,9,8,2.981014,91.112812,469.046547,0.000000,0.000000,70.370370,0,0,0,177661.209681,3.895513,19.420051,875.574974,63.661777,18.593322,26.944978,177481.406938,176692.119143,109.200077,969.090538,70.602667,0.035833,0.010466,0.015166,99.898795,0.039740,12.173478,8.428842,4.377875,12.832051,24,2.255128,13,13,5,100.000000,0.618352,53.658537,208.513307,2078.194872,1994.387310,0.000000,409.779355
840.000000,contribution,optical,hardware,1,1,1,0,priority,0.000500,180,15,hybrid,0.050000,4000.000000,6.087000,52.000000,500.000000,500.000000,2.000000,60.000000,0.400000,43,29,43,14,26,5,9,0,0,0,0,0,14,14,0,0,0.000000,1.000000,42.933303,clear-ocean,30.000000,60.000000,0.151000,191,517431,132.674615,15.794597,14,0,0,14,0,14,0,0,14,0,0,0,0,0,0,20,7,0,12,1,0,0,0,0,5,9,29,5,9,12,2.981014,91.112812,445.004538,0.000000,0.000000,58.620690,0,0,0,191542.991564,3.895513,19.420051,1160.255385,67.797947,19.627365,27.174765,191332.475384,190283.820615,114.600077,1259.170949,95.916103,0.035396,0.010247,0.014187,99.890095,0.050075,12.173478,8.428842,3.867518,12.928571,24,2.303571,13,15,1,100.000000,0.618352,60.465116,237.499032,2882.133333,2080.494026,0.000000,343.702853
900.000000,contribution,optical,hardware,1,1,1,0,priority,0.000500,180,15,hybrid,0.050000,4000.000000,6.087000,52.000000,500.000000,500.000000,2.000000,60.000000,0.400000,46,32,46,14,28,5,9,0,0,0,0,0,14,14,0,0,0.000000,1.000000,42.933303,clear-ocean,30.000000,60.000000,0.151000,205,568005,145.642308,16.182479,14,0,0,14,0,14,0,0,14,0,0,0,0,0,0,22,8,0,14,0,0,0,0,0,5,9,32,5,9,14,2.981014,91.112812,434.064191,0.000000,0.000000,56.250000,0,0,0,205254.280934,3.895513,19.420051,1274.443282,71.934117,20.661408,27.404552,205027.924960,203875.522088,120.000077,1378.758846,106.355897,0.035046,0.010066,0.013352,99.889719,0.051817,12.173478,8.428842,3.641267,13.171111,24,2.165556,13,18,0,100.000000,0.618352,60.869565,246.850681,3134.435556,2166.600742,0.000000,268.741531
960.000000,contribution,optical,hardware,1,1,1,0,priority,0.000500,180,15,hybrid,0.050000,4000.000000,6.087000,52.000000,500.000000,500.000000,2.000000,60.000000,0.400000,47,33,47,14,28,5,9,0,0,0,0,0,14,14,0,0,0.000000,1.000000,42.933303,clear-ocean,30.000000,60.000000,0.151000,205,568005,145.642308,15.171074,14,0,0,14,0,14,0,0,14,0,0,0,0,0,0,22,8,0,14,0,0,0,0,0,5,9,33,5,9,14,2.981014,91.112812,434.064191,0.000000,0.000000,57.575758,0,0,0,218851.382406,3.895513,19.420051,1274.443282,76.070288,21.695450,27.634339,218619.626432,217467.223560,125.400077,1384.158846,106.355897,0.034759,0.009913,0.012627,99.894103,0.048597,12.173478,8.428842,3.641267,13.527083,24,2.030208,13,19,0,100.000000,0.618352,59.574468,246.850681,2938.533333,2252.707458,0.000000,192.003154
1020.000000,contribution,optical,hardware,1,1,1,0,priority,0.000500,180,15,hybrid,0.050000,4000.000000,6.087000,52.000000,500.000000,500.000000,2.000000,60.000000,0.400000,50,34,50,14,29,6,9,0,0,0,0,0,14,14,0,0,0.000000,1.000000,42.933303,clear-ocean,30.000000,60.000000,0.151000,213,569613,146.054615,14.319080,16,0,0,16,0,15,0,0,15,0,0,0,0,0,0,22,8,0,14,0,0,0,0,0,6,10,34,6,9,14,2.968773,91.112812,434.064191,0.000000,10.000000,58.823529,0,0,0,232451.854469,4.889128,21.797026,1274.443282,81.259714,24.626108,28.230486,232211.327905,231058.925033,134.116308,1392.929436,106.410256,0.034958,0.010594,0.012145,99.896526,0.045777,12.732105,9.460515,3.641267,13.928431,24,1.910784,13,21,0,100.000000,0.669103,58.000000,238.438849,2766.180392,2338.814174,0.000000,120.763985
1080.000000,contribution,optical,hardware,1,1,1,0,priority,0.000500,180,15,hybrid,0.050000,4000.000000,6.087000,52.000000,500.000000,500.000000,2.000000,60.000000,0.400000,53,35,53,14,31,7,10,0,0,0,0,0,14,14,0,0,0.000000,1.000000,42.933303,clear-ocean,30.000000,60.000000,0.151000,224,571920,146.646154,13.578348,18,0,0,18,0,17,0,0,17,0,0,0,0,0,0,22,8,0,14,0,0,0,0,0,7,11,35,7,10,14,2.896306,88.103263,434.064191,0.000000,9.090909,60.000000,0,0,0,246053.491787,6.052359,25.169641,1274.443282,87.578295,26.886612,29.439145,245803.029377,244650.626505,143.904051,1402.865282,106.558359,0.035593,0.010927,0.011965,99.898208,0.043307,13.509730,9.831891,3.641267,14.371296,24,1.804630,13,22,0,100.000000,0.718091,58.490566,225.103401,2614.874074,2424.920891,0.000000,61.778860
1140.000000,contribution,optical,hardware,1,1,1,0,priority,0.000500,180,15,hybrid,0.050000,4000.000000,6.087000,52.000000,500.000000,500.000000,2.000000,60.000000,0.400000,55,36,55,14,32,7,11,0,0,0,0,0,14,14,0,0,0.000000,1.000000,42.933303,clear-ocean,30.000000,60.000000,0.151000,228,573108,146.950769,12.890418,19,0,0,19,0,18,0,0,18,0,0,0,0,0,0,22,8,0,14,0,0,0,0,0,7,12,36,7,11,14,2.896306,86.921086,434.064191,0.000000,8.333333,61.111111,0,0,0,259652.965311,6.052359,27.541692,1274.443282,92.616362,28.651732,30.314265,259394.730850,258242.327978,151.582359,1410.637333,106.652103,0.035669,0.011035,0.011675,99.900546,0.041075,13.509730,9.780431,3.641267,14.828070,24,1.709649,13,23,0,100.000000,0.726154,58.181818,220.415774,2479.045614,2511.027607,0.000000,20.640695
1200.000000,contribution,optical,hardware,1,1,1,0,priority,0.000500,180,15,hybrid,0.050000,4000.000000,6.087000,52.000000,500.000000,500.000000,2.000000,60.000000,0.400000,57,38,57,14,33,7,12,0,0,0,0,0,14,14,0,0,0.000000,1.000000,42.933303,clear-ocean,30.000000,60.000000,0.151000,229,573405,147.026923,12.252244,19,0,0,19,0,19,0,0,19,0,0,0,0,0,0,22,8,0,14,0,0,0,0,0,7,12,38,7,12,14,2.896306,86.286781,434.064191,0.000000,0.000000,63.157895,0,0,0,273250.773040,6.052359,28.247949,1274.443282,96.752532,29.685774,31.156565,272986.432322,271834.029450,157.594872,1416.743590,106.745846,0.035408,0.010864,0.011402,99.903261,0.039065,13.509730,9.195296,3.641267,15.300000,25,1.624167,13,24,0,100.000000,0.726154,57.894737,216.139824,2356.800000,2597.134323,0.000000,1.250174
1260.000000,contribution,optical,hardware,1,1,1,0,priority,0.000500,180,15,hybrid,0.050000,4000.000000,6.087000,52.000000,500.000000,500.000000,2.000000,60.000000,0.400000,60,40,60,14,33,7,12,0,0,0,0,0,14,14,0,0,0.000000,1.000000,42.933303,clear-ocean,30.000000,60.000000,0.151000,232,574296,147.255385,11.686935,20,0,0,20,0,19,0,0,19,0,0,0,0,0,0,22,8,0,14,0,0,0,0,0,7,13,40,7,12,14,2.896306,86.286781,434.064191,0.000000,7.692308,65.000000,0,0,0,286849.339666,6.052359,29.713103,1274.443282,102.270369,30.780740,31.408917,286578.133795,285425.730923,164.460026,1423.608744,106.745846,0.035653,0.010731,0.010950,99.905454,0.037213,13.509730,9.672234,3.641267,15.801587,27,1.546825,13,27,0,100.000000,0.724077,55.000000,216.139824,2244.571429,2683.241039,-0.000000,5.445889
1320.000000,contribution,optical,hardware,1,1,1,0,priority,0.000500,180,15,hybrid,0.050000,4000.000000,6.087000,52.000000,500.000000,500.000000,2.000000,60.000000,0.400000,62,42,62,14,34,7,13,0,0,0,0,0,14,14,0,0,0.000000,1.000000,42.933303,clear-ocean,30.000000,60.000000,0.151000,233,574593,147.331538,11.161480,20,0,0,20,0,20,0,0,20,0,0,0,0,0,0,22,8,0,14,0,0,0,0,0,7,13,42,7,13,14,2.896306,84.344098,434.064191,0.000000,0.000000,66.666667,0,0,0,300447.147395,6.052359,30.419359,1274.443282,106.406540,31.814782,32.251217,300169.835267,299017.432395,170.472538,1429.715000,106.839590,0.035416,0.010589,0.010734,99.907700,0.035560,13.509730,9.140432,3.641267,16.349242,28,1.476515,13,28,0,100.000000,0.724077,54.838710,211.577826,2144.096970,2769.347755,-0.000000,32.830006
1380.000000,contribution,optical,hardware,1,1,1,0,priority,0.000500,180,15,hybrid,0.050000,4000.000000,6.087000,52.000000,500.000000,500.000000,2.000000,60.000000,0.400000,65,44,65,14,34,7,13,0,0,0,0,0,14,14,0,0,0.000000,1.000000,42.933303,clear-ocean,30.000000,60.000000,0.151000,237,575781,147.636154,10.698272,21,0,0,21,0,20,0,0,20,0,0,0,0,0,0,22,8,0,14,0,0,0,0,0,7,14,44,7,13,14,2.896306,84.344098,434.064191,0.000000,7.142857,68.181818,0,0,0,314046.204047,6.052359,32.374538,1274.443282,112.404146,32.909748,32.513824,313761.536740,312609.133868,177.827718,1437.070179,106.839590,0.035792,0.010479,0.010353,99.909355,0.034020,13.509730,9.727926,3.641267,16.928261,31,1.412319,13,31,0,100.000000,0.733065,52.307692,211.577826,2050.875362,2855.454471,-0.000000,80.805987
1440.000000,contribution,optical,hardware,1,1,1,0,priority,0.000500,180,15,hybrid,0.050000,4000.000000,6.087000,52.000000,500.000000,500.000000,2.000000,60.000000,0.400000,68,47,68,14,35,7,14,0,0,0,0,0,14,14,0,0,0.000000,1.000000,42.933303,clear-ocean,30.000000,60.000000,0.151000,238,576078,147.712308,10.257799,21,0,0,21,0,21,0,0,21,0,0,0,0,0,0,22,8,0,14,0,0,0,0,0,7,14,47,7,14,14,2.896306,82.680098,434.064191,0.000000,0.000000,70.212766,0,0,0,327644.011776,6.052359,33.080795,1274.443282,116.540316,33.943791,33.356124,327353.238212,326200.835340,183.840231,1443.176436,106.933333,0.035569,0.010360,0.010181,99.911253,0.032637,13.509730,9.230132,3.641267,17.561806,33,1.353472,13,33,0,100.000000,0.733065,51.470588,207.276977,1966.844444,2941.561187,-0.000000,144.824794
1500.000000,contribution,optical,hardware,1,1,1,0,priority,0.000500,180,15,hybrid,0.050000,4000.000000,6.087000,52.000000,500.000000,500.000000,2.000000,60.000000,0.400000,71,50,71,14,35,7,14,0,0,0,0,0,14,14,0,0,0.000000,1.000000,42.933303,clear-ocean,30.000000,60.000000,0.151000,238,576078,147.712308,9.847487,21,0,0,21,0,21,0,0,21,0,0,0,0,0,0,22,8,0,14,0,0,0,0,0,7,14,50,7,14,14,2.896306,82.680098,434.064191,0.000000,0.000000,72.000000,0,0,0,341241.113249,6.052359,33.080795,1274.443282,120.676486,34.977833,33.585912,340944.939685,339792.536813,189.240231,1448.576436,106.933333,0.035364,0.010250,0.009842,99.913207,0.031337,13.509730,9.230132,3.641267,18.254667,36,1.299333,13,36,0,100.000000,0.733065,49.295775,207.276977,1888.170667,3027.667904,-0.000000,218.816219
1560.000000,contribution,optical,hardware,1,1,1,0,priority,0.000500,180,15,hybrid,0.050000,4000.000000,6.087000,52.000000,500.000000,500.000000,2.000000,60.000000,0.400000,73,52,73,14,35,7,14,0,0,0,0,0,14,14,0,0,0.000000,1.000000,42.933303,clear-ocean,30.000000,60.000000,0.151000,238,576078,147.712308,9.468738,21,0,0,21,0,21,0,0,21,0,0,0,0,0,0,22,8,0,14,0,0,0,0,0,7,14,52,7,14,14,2.896306,82.680098,434.064191,0.000000,0.000000,73.076923,0,0,0,354838.214721,6.052359,33.080795,1274.443282,124.812656,36.011876,33.815699,354536.641157,353384.238285,194.640231,1453.976436,106.933333,0.035175,0.010149,0.009530,99.915011,0.030136,13.509730,9.230132,3.641267,18.969872,38,1.249359,13,38,0,100.000000,0.733065,47.945205,207.276977,1815.548718,3113.774620,-0.000000,295.764462
1620.000000,contribution,optical,hardware,1,1,1,0,priority,0.000500,180,15,hybrid,0.050000,4000.000000,6.087000,52.000000,500.000000,500.000000,2.000000,60.000000,0.400000,74,52,74,14,35,7,14,0,0,0,0,0,14,14,0,0,0.000000,1.000000,42.933303,clear-ocean,30.000000,60.000000,0.151000,242,577266,148.016923,9.136847,22,0,0,22,0,21,0,0,21,0,0,0,0,0,0,22,8,0,14,0,0,0,0,0,7,15,52,7,14,14,2.896306,82.680098,434.064191,0.000000,6.666667,73.076923,0,0,0,368437.502784,6.052359,35.267385,1274.443282,130.330493,37.776995,34.119332,368128.342630,366975.939758,202.226821,1461.563026,106.933333,0.035374,0.010253,0.009261,99.916089,0.029023,13.509730,9.840230,3.641267,19.709877,39,1.203086,13,39,0,100.000000,0.749720,47.297297,207.276977,1748.306173,3199.881336,-0.000000,368.373360
1680.000000,contribution,optical,hardware,1,1,1,0,priority,0.000500,180,15,hybrid,0.050000,4000.000000,6.087000,52.000000,500.000000,500.000000,2.000000,60.000000,0.400000,75,52,75,14,36,7,15,0,0,0,0,0,14,14,0,0,0.000000,1.000000,42.933303,clear-ocean,30.000000,60.000000,0.151000,246,578454,148.321538,8.828663,23,0,0,23,0,22,0,0,22,0,0,0,0,0,0,22,8,0,14,0,0,0,0,0,7,16,52,7,15,14,2.896306,81.249555,434.064191,0.000000,6.250000,73.076923,0,0,0,382036.976307,6.052359,37.639436,1274.443282,135.368561,39.542115,34.994453,381720.044102,380567.641230,209.905128,1469.335077,107.027077,0.035433,0.010350,0.009160,99.917041,0.028015,13.509730,9.801936,3.641267,20.377381,39,1.160119,13,39,0,100.000000,0.755006,48.000000,203.219893,1687.085714,3285.988052,-0.000000,429.758202
1740.000000,contribution,optical,hardware,1,1,1,0,priority,0.000500,180,15,hybrid,0.050000,4000.000000,6.087000,52.000000,500.000000,500.000000,2.000000,60.000000,0.400000,77,53,77,14,37,7,16,0,0,0,0,0,14,14,0,0,0.000000,1.000000,42.933303,clear-ocean,30.000000,60.000000,0.151000,249,579345,148.550000,8.537356,24,0,0,24,0,23,0,0,23,0,0,0,0,0,0,22,8,0,14,0,0,0,0,0,7,17,53,7,16,14,2.896306,79.968729,434.064191,0.000000,5.882353,73.584906,0,0,0,395635.970062,6.052359,39.531718,1274.443282,139.926859,41.307234,35.869573,395311.745575,394159.342703,217.103667,1476.627359,107.120821,0.035368,0.010441,0.009066,99.918050,0.027076,13.509730,9.651298,3.641267,21.016667,40,1.120115,13,40,0,100.000000,0.750342,48.051948,199.369526,1630.087356,3372.094768,-0.000000,474.098532
1800.000000,contribution,optical,hardware,1,1,1,0,priority,0.000500,180,15,hybrid,0.050000,4000.000000,6.087000,52.000000,500.000000,500.000000,2.000000,60.000000,0.400000,80,55,80,14,39,8,17,0,0,0,0,0,14,14,0,0,0.000000,1.000000,42.933303,clear-ocean,30.000000,60.000000,0.151000,252,579852,148.680000,8.260000,25,0,0,25,0,25,0,0,25,0,0,0,0,0,0,22,8,0,14,0,0,0,0,0,8,17,55,8,17,14,2.865318,78.878955,434.064191,0.000000,0.000000,74.545455,0,0,0,409234.246278,6.520846,40.237974,1274.443282,144.214388,42.362815,36.953104,408903.447047,407751.044175,223.530308,1483.202103,107.268923,0.035240,0.010352,0.009030,99.919166,0.026212,12.736028,9.245858,3.641267,21.686667,43,1.082778,13,41,0,100.000000,0.725518,48.750000,190.788807,1577.173333,3458.201484,-0.000000,497.190040
1860.000000,contribution,optical,hardware,1,1,1,0,priority,0.000500,180,15,hybrid,0.050000,4000.000000,6.087000,52.000000,500.000000,500.000000,2.000000,60.000000,0.400000,82,56,82,28,41,8,17,0,0,0,0,0,28,28,0,0,0.000000,1.000000,43.327125,clear-ocean,30.000000,60.000000,0.151000,281,681297,174.691538,9.392018,26,0,0,26,0,25,0,0,25,0,0,0,0,0,0,26,9,0,16,1,0,0,0,0,8,18,56,8,17,16,2.865318,78.878955,543.283850,0.000000,5.555556,71.428571,0,0,0,423086.459725,6.520846,40.743590,1529.049641,148.772687,43.457781,54.005456,422713.838161,421342.745648,246.235923,1743.714077,126.385641,0.035164,0.010272,0.012765,99.911928,0.029872,12.736028,9.362038,3.822624,21.979032,43,1.356989,13,29,11,100.000000,0.706391,50.000000,245.278205,1741.350538,3544.308200,0.000000,496.843209
1920.000000,contribution,optical,hardware,1,1,1,0,priority,0.000500,180,15,hybrid,0.050000,4000.000000,6.087000,52.000000,500.000000,500.000000,2.000000,60.000000,0.400000,84,57,84,28,45,9,18,0,0,0,0,0,28,28,0,0,0.000000,1.000000,43.327125,clear-ocean,30.000000,60.000000,0.151000,316,791436,202.932308,10.569391,27,0,0,27,0,27,0,0,27,0,0,0,0,0,0,31,11,1,18,1,0,0,0,0,9,18,57,9,18,18,2.858477,77.874750,634.730297,0.000000,0.000000,68.421053,0,0,0,436923.466762,7.328564,41.449846,1767.441231,153.399447,44.513362,55.088986,436530.001582,434934.447120,253.001795,1989.019641,140.463385,0.035109,0.010188,0.012608,99.909946,0.032148,12.723202,8.995192,3.927647,22.178125,43,1.652083,13,29,9,100.000000,0.694644,53.571429,285.613714,1896.600000,3630.414917,0.000000,473.090927
1980.000000,contribution,optical,hardware,1,1,1,0,priority,0.000500,180,15,hybrid,0.050000,4000.000000,6.087000,52.000000,500.000000,500.000000,2.000000,60.000000,0.400000,96,64,96,28,51,10,18,0,0,0,0,0,28,28,0,0,0.000000,1.000000,43.327125,clear-ocean,30.000000,60.000000,0.151000,378,948138,243.112308,12.278399,33,1,0,32,0,28,0,0,28,0,0,0,0,0,0,37,12,1,23,1,0,0,0,0,10,22,64,10,18,23,2.891552,77.874750,760.195229,0.000000,18.181818,64.062500,0,0,0,450870.916849,8.491795,49.804872,2108.271590,162.362797,49.637250,55.865645,450432.944080,448526.148593,267.865692,2344.768256,170.107077,0.036011,0.011009,0.012391,99.902861,0.037729,13.268429,10.808349,3.666559,22.537879,43,1.831818,13,40,4,100.000000,1.162468,53.125000,370.885319,2344.436364,3716.521633,0.000000,428.185362
2040.000000,contribution,optical,hardware,1,1,1,0,priority,0.000500,180,15,hybrid,0.050000,4000.000000,6.087000,52.000000,500.000000,500.000000,2.000000,60.000000,0.400000,98,64,98,28,58,11,19,0,0,0,0,0,28,28,0,0,0.000000,1.000000,43.327125,clear-ocean,30.000000,60.000000,0.151000,420,1068012,273.849231,13.423982,35,1,0,34,0,30,0,0,30,0,0,0,0,0,0,41,12,1,28,0,0,0,0,0,11,23,64,11,19,28,2.886007,76.976293,822.039458,0.000000,17.391304,56.250000,0,0,0,464739.674758,9.479385,51.976282,2376.769026,168.540839,50.753755,56.981997,464267.043501,462117.850065,276.276590,2621.824692,196.354667,0.036266,0.010921,0.012261,99.898302,0.042250,13.465035,10.685913,3.395384,23.040196,43,1.815196,13,40,0,100.000000,1.129487,59.183673,422.610353,2766.933333,3802.628349,0.000000,366.384420
2100.000000,contribution,optical,hardware,1,1,1,0,priority,0.000500,180,15,hybrid,0.050000,4000.000000,6.087000,52.000000,500.000000,500.000000,2.000000,60.000000,0.400000,103,65,103,28,60,12,20,0,0,0,0,0,28,28,0,0,0.000000,1.000000,43.327125,clear-ocean,30.000000,60.000000,0.151000,428,1069812,274.310769,13.062418,39,1,0,38,0,32,0,0,32,0,0,0,0,0,0,41,12,1,28,0,0,0,0,0,12,26,65,12,20,28,2.876225,79.265456,822.039458,0.000000,23.076923,56.923077,0,0,0,478340.117205,10.117487,54.679154,2376.769026,174.744137,51.992105,58.133220,477858.744974,475709.551538,284.869462,2630.565667,196.502769,0.036531,0.010869,0.012153,99.899366,0.041080,13.173811,10.679522,3.395384,23.564762,43,1.763333,13,43,0,100.000000,1.041444,58.252427,410.615477,2689.097143,3888.735065,0.000000,293.548012
2160.000000,contribution,optical,hardware,1,1,1,0,priority,0.000500,180,15,hybrid,0.050000,4000.000000,6.087000,52.000000,500.000000,500.000000,2.000000,60.000000,0.400000,107,68,107,28,61,12,21,0,0,0,0,0,28,28,0,0,0.000000,1.000000,43.327125,clear-ocean,30.000000,60.000000,0.151000,433,1071297,274.691538,12.717201,40,1,0,39,0,33,0,0,33,0,0,0,0,0,0,41,12,1,28,0,0,0,0,0,12,27,68,12,21,28,2.876225,84.756187,822.039458,0.000000,22.222222,58.823529,0,0,0,491940.111523,10.117487,57.572000,2376.769026,180.261974,53.757224,59.049366,491450.446446,489301.253011,293.068564,2638.858513,196.596513,0.036643,0.010928,0.012003,99.900462,0.039964,13.173811,10.709077,3.395384,24.144444,46,1.714352,13,46,0,100.000000,1.042932,57.009346,407.073761,2615.348148,3974.841781,0.000000,216.582421
2220.000000,contribution,optical,hardware,1,1,1,0,priority,0.000500,180,15,hybrid,0.050000,4000.000000,6.087000,52.000000,500.000000,500.000000,2.000000,60.000000,0.400000,107,68,107,28,62,12,22,0,0,0,0,0,28,28,0,0,0.000000,1.000000,43.327125,clear-ocean,30.000000,60.000000,0.151000,434,1071594,274.767692,12.376923,40,1,0,39,0,34,0,0,34,0,0,0,0,0,0,41,12,1,28,0,0,0,0,0,12,27,68,12,22,28,2.876225,91.220203,822.039458,0.000000,18.518519,58.823529,0,0,0,505537.919252,10.117487,58.278256,2376.769026,184.398144,54.791267,59.891666,505042.147919,502892.954483,299.081077,2644.964769,196.690256,0.036476,0.010838,0.011847,99.901932,0.038907,13.173811,10.347702,3.395384,24.724324,46,1.668018,13,45,0,100.000000,1.042932,57.943925,404.168774,2545.585586,4060.948497,0.000000,142.785454
2280.000000,contribution,optical,hardware,1,1,1,0,priority,0.000500,180,15,hybrid,0.050000,4000.000000,6.087000,52.000000,500.000000,500.000000,2.000000,60.000000,0.400000,108,69,108,28,63,12,23,0,0,0,0,0,28,28,0,0,0.000000,1.000000,43.327125,clear-ocean,30.000000,60.000000,0.151000,435,1071891,274.843846,12.054555,40,1,0,39,0,35,0,0,35,0,0,0,0,0,0,41,12,1,28,0,0,0,0,0,12,27,69,12,23,28,2.876225,97.836999,822.039458,0.000000,14.814815,59.420290,0,0,0,519135.726981,10.117487,58.984513,2376.769026,188.534314,55.825309,60.733966,518633.849391,516484.655956,305.093590,2651.071026,196.784000,0.036317,0.010754,0.011699,99.903324,0.037906,13.173811,10.017750,3.395384,25.259211,46,1.624123,13,45,0,100.000000,1.042932,58.333333,401.616992,2479.494737,4147.055213,0.000000,79.154475
2340.000000,contribution,optical,hardware,1,1,1,0,priority,0.000500,180,15,hybrid,0.050000,4000.000000,6.087000,52.000000,500.000000,500.000000,2.000000,60.000000,0.400000,110,70,109,28,64,12,24,0,0,0,0,0,28,28,0,0,0.000000,1.000000,43.327125,clear-ocean,30.000000,60.000000,0.151000,439,1073079,275.148462,11.758481,41,1,0,39,1,36,0,0,36,0,0,0,0,0,0,41,12,1,28,0,0,0,0,0,12,28,70,12,24,28,2.876225,105.063989,822.039458,0.000000,14.285714,60.000000,0,0,0,532735.293864,10.117487,61.449923,2376.769026,193.089331,58.199660,61.576266,532225.550864,530076.357428,312.865256,2658.936436,196.877744,0.036245,0.010925,0.011559,99.904316,0.036956,13.173811,10.001615,3.395384,25.764103,46,1.582479,13,45,0,99.090909,1.042932,58.181818,399.580551,2416.793162,4233.161930,0.000000,31.722915
2400.000000,contribution,optical,hardware,1,1,1,0,priority,0.000500,180,15,hybrid,0.050000,4000.000000,6.087000,52.000000,500.000000,500.000000,2.000000,60.000000,0.400000,113,73,113,28,65,12,25,0,0,0,0,0,28,28,0,0,0.000000,1.000000,43.327125,clear-ocean,30.000000,60.000000,0.151000,443,1074267,275.453077,11.477212,42,2,0,40,0,37,0,0,37,0,0,0,0,0,0,41,12,1,28,0,0,0,0,0,12,28,73,12,25,28,2.876225,114.122855,822.039458,0.000000,10.714286,61.643836,0,0,0,546334.998798,10.117487,64.053385,2376.769026,197.647629,60.634933,62.492412,545817.252336,543668.058901,320.774974,2666.939897,196.971487,0.036177,0.011098,0.011438,99.905233,0.036053,13.173811,10.008341,3.395384,26.314167,49,1.542917,13,48,0,100.000000,1.362681,57.522124,398.533706,2357.226667,4319.268646,0.000000,4.988194
2460.000000,contribution,optical,hardware,1,1,1,0,priority,0.000500,180,15,hybrid,0.050000,4000.000000,6.087000,52.000000,500.000000,500.000000,2.000000,60.000000,0.400000,116,74,116,28,65,12,25,0,0,0,0,0,28,28,0,0,0.000000,1.000000,43.327125,clear-ocean,30.000000,60.000000,0.151000,450,1076346,275.986154,11.218949,44,2,0,42,0,37,0,0,37,0,0,0,0,0,0,41,12,1,28,0,0,0,0,0,12,30,74,12,25,28,2.876225,114.122855,822.039458,0.000000,16.666667,62.162162,0,0,0,559935.952655,10.117487,67.905769,2376.769026,204.067363,63.131129,62.828866,559408.953809,557259.760373,330.027359,2676.192282,196.971487,0.036445,0.011275,0.011221,99.905882,0.035178,13.173811,10.610276,3.395384,26.867886,50,1.505285,13,51,0,100.000000,1.344714,56.034483,398.533706,2299.733333,4405.375362,-0.000000,1.485272
2520.000000,contribution,optical,hardware,1,1,1,0,priority,0.000500,180,15,hybrid,0.050000,4000.000000,6.087000,52.000000,500.000000,500.000000,2.000000,60.000000,0.400000,119,76,119,28,66,12,26,0,0,0,0,0,28,28,0,0,0.000000,1.000000,43.327125,clear-ocean,30.000000,60.000000,0.151000,455,1077831,276.366923,10.966941,45,2,0,43,0,38,0,0,38,0,0,0,0,0,0,41,12,1,28,0,0,0,0,0,12,31,76,12,26,28,2.876225,124.817871,822.039458,0.000000,16.129032,63.157895,0,0,0,573535.715564,10.117487,70.567205,2376.769026,210.064969,64.226095,63.703987,573000.655282,570851.461846,337.995051,2684.253718,197.065231,0.036626,0.011198,0.011107,99.906708,0.034360,13.173811,10.602044,3.395384,27.451190,53,1.469444,13,53,0,100.000000,1.334670,55.462185,398.437639,2245.790476,4491.482078,-0.000000,21.546295
2580.000000,contribution,optical,hardware,1,1,1,0,priority,0.000500,180,15,hybrid,0.050000,4000.000000,6.087000,52.000000,500.000000,500.000000,2.000000,60.000000,0.400000,120,77,120,28,67,12,27,0,0,0,0,0,28,28,0,0,0.000000,1.000000,43.327125,clear-ocean,30.000000,60.000000,0.151000,456,1078128,276.443077,10.714848,45,2,0,43,0,39,0,0,39,0,0,0,0,0,0,41,12,1,28,0,0,0,0,0,12,31,77,12,27,28,2.876225,134.572328,822.039458,0.000000,12.903226,63.636364,0,0,0,587133.523293,10.117487,71.273462,2376.769026,214.201140,65.260137,64.546287,586592.356754,584443.163318,344.007564,2690.359974,197.158974,0.036483,0.011115,0.010993,99.907829,0.033580,13.173811,10.311554,3.395384,28.048450,54,1.435271,13,53,0,100.000000,1.334670,55.833333,398.284662,2194.356589,4577.588794,-0.000000,63.269094
2640.000000,contribution,optical,hardware,1,1,1,0,priority,0.000500,180,15,hybrid,0.050000,4000.000000,6.087000,52.000000,500.000000,500.000000,2.000000,60.000000,0.400000,122,78,122,28,68,12,28,0,0,0,0,0,28,28,0,0,0.000000,1.000000,43.327125,clear-ocean,30.000000,60.000000,0.151000,459,1079019,276.671538,10.479983,46,2,0,44,0,40,0,0,40,0,0,0,0,0,0,41,12,1,28,0,0,0,0,0,12,32,78,12,28,28,2.876225,139.376295,822.039458,0.000000,12.500000,64.102564,0,0,0,600732.316406,10.117487,72.965103,2376.769026,219.239207,66.355103,65.411151,600184.058227,598034.864791,351.005462,2697.451615,197.252718,0.036495,0.011046,0.010889,99.908735,0.032835,13.173811,10.179283,3.395384,28.620833,54,1.402652,13,54,0,100.000000,1.314710,55.737705,396.384644,2145.260606,4663.695510,-0.000000,122.697550
2700.000000,contribution,optical,hardware,1,1,1,0,priority,0.000500,180,15,hybrid,0.050000,4000.000000,6.087000,52.000000,500.000000,500.000000,2.000000,60.000000,0.400000,124,79,124,28,69,12,29,0,0,0,0,0,28,28,0,0,0.000000,1.000000,43.327125,clear-ocean,30.000000,60.000000,0.151000,464,1080504,277.052308,10.261197,47,2,0,45,0,41,0,0,41,0,0,0,0,0,0,41,12,1,28,0,0,0,0,0,12,33,79,12,29,28,2.876225,142.891068,822.039458,0.000000,12.121212,64.556962,0,0,0,614332.079314,10.117487,75.626538,2376.769026,225.236813,67.450069,66.286272,613775.759699,611626.566263,358.973154,2705.513051,197.346462,0.036664,0.010979,0.010790,99.909443,0.032124,13.173811,10.186764,3.395384,29.180000,55,1.371481,13,55,0,100.000000,1.305779,55.645161,394.137108,2098.346667,4749.802227,-0.000000,194.196710
2760.000000,contribution,optical,hardware,1,1,1,0,priority,0.000500,180,15,hybrid,0.050000,4000.000000,6.087000,52.000000,500.000000,500.000000,2.000000,60.000000,0.400000,125,80,125,28,70,12,30,0,0,0,0,0,28,28,0,0,0.000000,1.000000,43.327125,clear-ocean,30.000000,60.000000,0.151000,465,1080801,277.128462,10.040886,47,2,0,45,0,42,0,0,42,0,0,0,0,0,0,41,12,1,28,0,0,0,0,0,12,33,80,12,30,28,2.876225,148.101376,822.039458,0.000000,9.090909,65.000000,0,0,0,627929.887043,10.117487,76.332795,2376.769026,229.372984,68.484111,67.128572,627367.461172,625218.267736,364.985667,2711.619308,197.440205,0.036528,0.010906,0.010690,99.910432,0.031443,13.173811,9.939166,3.395384,29.752536,56,1.341667,13,55,0,100.000000,1.305779,56.000000,392.780869,2053.472464,4835.908943,-0.000000,270.987089
2820.000000,contribution,optical,hardware,1,1,1,0,priority,0.000500,180,15,hybrid,0.050000,4000.000000,6.087000,52.000000,500.000000,500.000000,2.000000,60.000000,0.400000,126,80,126,28,71,12,31,0,0,0,0,0,28,28,0,0,0.000000,1.000000,43.327125,clear-ocean,30.000000,60.000000,0.151000,469,1081989,277.433077,9.838052,48,2,0,46,0,43,0,0,43,0,0,0,0,0,0,41,12,1,28,0,0,0,0,0,12,34,80,12,31,28,2.876225,153.594978,822.039458,0.000000,8.823529,65.000000,0,0,0,641529.360567,10.117487,78.704846,2376.769026,234.411051,70.249231,68.003692,640959.162644,638809.969208,372.663974,2719.391359,197.533949,0.036539,0.010950,0.010600,99.911119,0.030791,13.173811,9.917445,3.395384,30.299291,56,1.313121,13,55,0,100.000000,1.296333,56.349206,391.733293,2010.507801,4922.015659,-0.000000,345.787490
2880.000000,contribution,optical,hardware,1,1,1,0,priority,0.000500,180,15,hybrid,0.050000,4000.000000,6.087000,52.000000,500.000000,500.000000,2.000000,60.000000,0.400000,131,84,131,28,73,13,32,0,0,0,0,0,28,28,0,0,0.000000,1.000000,43.327125,clear-ocean,30.000000,60.000000,0.151000,475,1082811,277.643846,9.640411,49,2,0,47,0,45,0,0,45,0,0,0,0,0,0,41,12,1,28,0,0,0,0,0,13,34,84,13,32,28,2.885885,156.390124,822.039458,0.000000,5.882353,66.666667,0,0,0,655128.331527,11.280718,79.411103,2376.769026,238.868196,71.778658,69.138505,654550.864117,652401.670681,379.785359,2726.660846,197.682051,0.036461,0.010956,0.010553,99.911854,0.030175,13.558555,9.693738,3.395384,30.856944,59,1.285764,13,58,0,100.000000,1.287737,55.725191,384.371305,1969.511111,5008.122375,-0.000000,411.505408
2940.000000,contribution,optical,hardware,1,1,1,0,priority,0.000500,180,15,hybrid,0.050000,4000.000000,6.087000,52.000000,500.000000,500.000000,2.000000,60.000000,0.400000,136,86,136,28,75,14,33,0,0,0,0,0,28,28,0,0,0.000000,1.000000,43.327125,clear-ocean,30.000000,60.000000,0.151000,491,1086219,278.517692,9.473391,53,3,0,50,0,47,0,0,47,0,0,0,0,0,0,41,12,1,28,0,0,0,0,0,14,36,86,14,33,28,3.774296,159.039029,822.039458,0.000000,8.333333,67.441860,0,0,0,668732.116435,12.694333,84.680923,2376.769026,246.096212,75.203470,70.421010,668142.565589,665993.372153,391.720692,2738.744282,197.830154,0.036800,0.011246,0.010531,99.911841,0.029583,14.167783,10.023784,3.395384,31.469388,62,1.259524,13,61,0,100.000000,1.561842,55.147059,377.576439,1930.187755,5094.229091,-0.000000,461.909527
3000.000000,contribution,optical,hardware,1,1,1,0,priority,0.000500,180,15,hybrid,0.050000,4000.000000,6.087000,52.000000,500.000000,500.000000,2.000000,60.000000,0.400000,138,86,138,28,77,15,34,0,0,0,0,0,28,28,0,0,0.000000,1.000000,43.327125,clear-ocean,30.000000,60.000000,0.151000,500,1087932,278.956923,9.298564,55,3,0,52,0,49,0,0,49,0,0,0,0,0,0,41,12,1,28,0,0,0,0,0,15,37,86,15,34,28,3.710458,161.091475,822.039458,0.000000,8.108108,67.441860,0,0,0,682332.376908,13.681923,86.852333,2376.769026,252.274254,76.319974,71.537362,681734.267062,679585.073626,400.131590,2747.303282,197.978256,0.036972,0.011185,0.010484,99.912343,0.029015,14.252003,9.978439,3.395384,32.063000,62,1.234333,13,61,0,100.000000,1.524917,55.797101,370.777556,1892.437333,5180.335807,-0.000000,492.220574
3060.000000,contribution,optical,hardware,1,1,1,0,priority,0.000500,180,15,hybrid,0.050000,4000.000000,6.087000,52.000000,500.000000,500.000000,2.000000,60.000000,0.400000,140,87,140,43,78,15,34,0,0,0,0,0,43,43,0,0,0.000000,1.000000,43.259999,clear-ocean,30.000000,60.000000,0.151000,520,1155648,296.320000,9.683660,56,3,0,53,0,49,0,0,49,0,0,0,0,0,0,44,13,1,29,1,0,0,0,0,15,38,87,15,34,29,3.710458,161.091475,862.752095,0.000000,10.526316,66.666667,0,0,0,696108.560175,13.681923,87.837718,2554.865436,257.312322,77.414939,89.789713,695475.657970,693176.775098,424.516974,2931.785077,208.385231,0.036964,0.011121,0.012899,99.909080,0.029936,14.252003,10.091650,3.523952,32.495752,62,1.344118,14,48,13,100.000000,1.504756,55.714286,391.699715,1920.690196,5266.442523,0.000000,499.564484
3120.000000,contribution,optical,hardware,1,1,1,0,priority,0.000500,180,15,hybrid,0.050000,4000.000000,6.087000,52.000000,500.000000,500.000000,2.000000,60.000000,0.400000,141,88,141,43,85,15,35,0,0,0,0,0,43,43,0,0,0.000000,1.000000,43.259999,clear-ocean,30.000000,60.000000,0.151000,566,1316406,337.540000,10.818590,56,3,0,53,0,50,0,0,50,0,0,0,0,0,0,50,13,1,35,1,0,0,0,0,15,38,88,15,35,35,3.710458,161.642873,1040.003939,0.000000,7.894737,60.227273,0,0,0,710070.347596,13.681923,88.543974,2918.845128,261.448492,78.448982,90.632013,709396.529904,706768.476571,430.529487,3301.871026,243.288205,0.036820,0.011048,0.012764,99.905106,0.034263,14.252003,9.882140,3.335823,32.795192,62,1.502885,14,48,7,100.000000,1.504756,60.283688,495.450533,2269.025641,5352.549240,0.000000,483.244912
3180.000000,contribution,optical,hardware,1,1,1,0,priority,0.000500,180,15,hybrid,0.050000,4000.000000,6.087000,52.000000,500.000000,500.000000,2.000000,60.000000,0.400000,145,90,145,43,93,16,36,0,0,0,0,0,43,43,0,0,0.000000,1.000000,43.259999,clear-ocean,30.000000,60.000000,0.151000,624,1495128,383.366154,12.055539,58,3,0,55,0,52,0,0,52,0,0,0,0,0,0,57,14,1,41,1,0,0,0,0,16,39,90,16,36,41,3.651842,163.999939,1149.754345,0.000000,7.692308,54.444444,0,0,0,724068.436992,14.669513,90.715385,3316.674051,267.626534,79.565486,91.748364,723351.346454,720360.178043,438.940385,3708.258949,278.150154,0.036961,0.010989,0.012671,99.900964,0.038415,14.325696,9.843249,3.235780,33.098113,62,1.557547,14,50,1,100.000000,1.471921,64.137931,570.993069,2604.377358,5438.655956,0.000000,444.809266
3240.000000,contribution,optical,hardware,1,1,1,0,priority,0.000500,180,15,hybrid,0.050000,4000.000000,6.087000,52.000000,500.000000,500.000000,2.000000,60.000000,0.400000,148,91,148,43,97,17,37,0,0,0,0,0,43,43,0,0,0.000000,1.000000,43.259999,clear-ocean,30.000000,60.000000,0.151000,646,1547502,396.795385,12.246771,60,3,0,57,0,54,0,0,54,0,0,0,0,0,0,59,15,1,43,0,0,0,0,0,17,40,91,17,37,43,3.622277,165.207015,1177.700653,0.000000,7.500000,52.747253,0,0,0,737783.969900,15.307615,93.376821,3431.805949,273.945115,80.681990,92.864716,737046.796029,733951.879516,447.491821,3832.090385,289.682051,0.037131,0.010936,0.012587,99.900083,0.039264,14.069499,9.858195,3.192378,33.405247,62,1.535494,14,51,0,100.000000,1.440842,65.540541,585.725426,2680.395062,5524.762672,0.000000,387.901981
3300.000000,contribution,optical,hardware,1,1,1,0,priority,0.000500,180,15,hybrid,0.050000,4000.000000,6.087000,52.000000,500.000000,500.000000,2.000000,60.000000,0.400000,150,92,150,43,98,17,38,0,0,0,0,0,43,43,0,0,0.000000,1.000000,43.259999,clear-ocean,30.000000,60.000000,0.151000,650,1548690,397.100000,12.033333,61,3,0,58,0,55,0,0,55,0,0,0,0,0,0,59,15,1,43,0,0,0,0,0,17,41,92,17,38,43,3.622277,167.306369,1177.700653,0.000000,7.317073,53.260870,0,0,0,751383.443424,15.307615,95.748872,3431.805949,278.983182,82.447110,93.739836,750638.497501,747543.580988,455.170128,3839.862436,289.775795,0.037129,0.010973,0.012476,99.900857,0.038566,14.069499,9.842606,3.192378,33.725455,62,1.507576,14,52,0,100.000000,1.431022,65.333333,582.248457,2632.281212,5610.869388,0.000000,317.918952
3360.000000,contribution,optical,hardware,1,1,1,0,priority,0.000500,180,15,hybrid,0.050000,4000.000000,6.087000,52.000000,500.000000,500.000000,2.000000,60.000000,0.400000,154,95,154,43,99,17,39,0,0,0,0,0,43,43,0,0,0.000000,1.000000,43.259999,clear-ocean,30.000000,60.000000,0.151000,654,1549878,397.404615,11.827518,62,3,0,59,0,56,0,0,56,0,0,0,0,0,0,59,15,1,43,0,0,0,0,0,17,42,95,17,39,43,3.622277,165.654725,1177.700653,0.000000,7.142857,54.736842,0,0,0,764983.148358,15.307615,98.352333,3431.805949,283.541481,84.882383,94.655983,764230.198974,761135.282461,463.079846,3847.865897,289.869538,0.037065,0.011096,0.012374,99.901573,0.037892,14.069499,9.850995,3.192378,34.076488,62,1.480655,14,55,0,100.000000,1.424698,64.285714,577.406475,2585.885714,5696.976104,0.000000,241.495910
3420.000000,contribution,optical,hardware,1,1,1,0,priority,0.000500,180,15,hybrid,0.050000,4000.000000,6.087000,52.000000,500.000000,500.000000,2.000000,60.000000,0.400000,154,95,154,43,100,17,40,0,0,0,0,0,43,43,0,0,0.000000,1.000000,43.259999,clear-ocean,30.000000,60.000000,0.151000,655,1550175,397.480769,11.622245,62,3,0,59,0,57,0,0,57,0,0,0,0,0,0,59,15,1,43,0,0,0,0,0,17,42,95,17,40,43,3.622277,164.226601,1177.700653,0.000000,4.761905,54.736842,0,0,0,778580.956087,15.307615,99.058590,3431.805949,287.677651,85.916426,95.498283,777821.900446,774726.983933,469.092359,3853.972154,289.963282,0.036949,0.011035,0.012266,99.902508,0.037243,14.069499,9.673690,3.192378,34.438304,62,1.454678,14,54,0,100.000000,1.424698,64.935065,572.717708,2541.118129,5783.082820,0.000000,165.879217
3480.000000,contribution,optical,hardware,1,1,1,0,priority,0.000500,180,15,hybrid,0.050000,4000.000000,6.087000,52.000000,500.000000,500.000000,2.000000,60.000000,0.400000,155,96,155,43,101,17,41,0,0,0,0,0,43,43,0,0,0.000000,1.000000,43.259999,clear-ocean,30.000000,60.000000,0.151000,656,1550472,397.556923,11.424050,62,3,0,59,0,58,0,0,58,0,0,0,0,0,0,59,15,1,43,0,0,0,0,0,17,42,96,17,41,43,3.622277,163.251897,1177.700653,0.000000,2.380952,55.208333,0,0,0,792178.763816,15.307615,99.764846,3431.805949,291.813821,86.950468,96.340583,791413.601919,788318.685406,475.104872,3860.078410,290.057026,0.036837,0.010976,0.012161,99.903410,0.036615,14.069499,9.505035,3.192378,34.779310,62,1.429598,14,54,0,100.000000,1.424698,65.161290,568.277570,2497.894253,5869.189536,0.000000,98.238782
3540.000000,contribution,optical,hardware,1,1,1,0,priority,0.000500,180,15,hybrid,0.050000,4000.000000,6.087000,52.000000,500.000000,500.000000,2.000000,60.000000,0.400000,156,97,156,43,102,17,42,0,0,0,0,0,43,43,0,0,0.000000,1.000000,43.259999,clear-ocean,30.000000,60.000000,0.151000,657,1550769,397.633077,11.232573,62,3,0,59,0,59,0,0,59,0,0,0,0,0,0,59,15,1,43,0,0,0,0,0,17,42,97,17,42,43,3.622277,168.488855,1177.700653,0.000000,0.000000,55.670103,0,0,0,805776.571545,15.307615,100.471103,3431.805949,295.949991,87.984511,97.182883,805005.303391,801910.386878,481.117385,3866.184667,290.150769,0.036729,0.010919,0.012061,99.904283,0.036009,14.069499,9.344411,3.192378,35.111864,62,1.405367,14,54,0,100.000000,1.424698,65.384615,566.463124,2456.135593,5955.296253,0.000000,44.988210
3600.000000,contribution,optical,hardware,1,1,1,0,priority,0.000500,180,15,hybrid,0.050000,4000.000000,6.087000,52.000000,500.000000,500.000000,2.000000,60.000000,0.400000,158,98,158,43,103,18,42,0,0,0,0,0,43,43,0,0,0.000000,1.000000,43.259999,clear-ocean,30.000000,60.000000,0.151000,663,1551399,397.794615,11.049850,63,3,0,60,0,60,0,0,60,0,0,0,0,0,0,59,15,1,43,0,0,0,0,0,18,42,98,18,42,43,3.600784,168.488855,1177.700653,0.000000,0.000000,56.122449,0,0,0,819374.938556,16.573154,100.471103,3431.805949,300.746367,89.277015,97.705183,818597.004864,815502.088351,487.728564,3872.850205,290.205128,0.036704,0.010896,0.011924,99.905058,0.035418,14.386418,9.344411,3.192378,35.434167,62,1.381944,14,55,0,100.000000,1.414877,65.189873,560.994894,2415.342222,6041.402969,0.000000,11.176673
3660.000000,contribution,optical,hardware,1,1,1,0,priority,0.000500,180,15,hybrid,0.050000,4000.000000,6.087000,52.000000,500.000000,500.000000,2.000000,60.000000,0.400000,164,103,164,43,103,18,42,0,0,0,0,0,43,43,0,0,0.000000,1.000000,43.259999,clear-ocean,30.000000,60.000000,0.151000,664,1551696,397.870769,10.870786,64,3,0,61,0,60,0,0,60,0,0,0,0,0,0,59,15,1,43,0,0,0,0,0,18,43,103,18,42,43,3.600784,168.488855,1177.700653,0.000000,2.325581,58.252427,0,0,0,832972.545644,16.573154,100.976718,3431.805949,305.304665,90.371980,97.957534,832188.706336,829093.789823,493.634179,3878.755820,290.205128,0.036652,0.010849,0.011760,99.905899,0.034840,14.386418,9.391436,3.192378,35.808470,62,1.359290,14,61,0,100.000000,1.395423,62.804878,560.994894,2375.746448,6127.509685,-0.000000,0.010149
3720.000000,contribution,optical,hardware,1,1,1,0,priority,0.000500,180,15,hybrid,0.050000,4000.000000,6.087000,52.000000,500.000000,500.000000,2.000000,60.000000,0.400000,168,105,168,43,106,20,43,0,0,0,0,0,43,43,0,0,0.000000,1.000000,43.259999,clear-ocean,30.000000,60.000000,0.151000,672,1552728,398.135385,10.702564,66,3,0,63,0,63,0,0,63,0,0,0,0,0,0,59,15,1,43,0,0,0,0,0,20,43,105,20,43,43,3.541239,165.990926,1177.700653,0.000000,0.000000,59.047619,0,0,0,846571.799193,18.018974,101.682974,3431.805949,310.252399,91.449100,99.282296,845780.407809,842685.491296,500.983795,3886.307897,290.407590,0.036648,0.010802,0.011728,99.906518,0.034304,14.077324,9.237189,3.192378,36.236559,63,1.337366,14,62,0,100.000000,1.361421,63.095238,545.750591,2338.253763,6213.616401,-0.000000,12.547440
3780.000000,contribution,optical,hardware,1,1,1,0,priority,0.000500,180,15,hybrid,0.050000,4000.000000,6.087000,52.000000,500.000000,500.000000,2.000000,60.000000,0.400000,171,106,170,43,106,20,43,0,0,0,0,0,43,43,0,0,0.000000,1.000000,43.259999,clear-ocean,30.000000,60.000000,0.151000,676,1553916,398.440000,10.540741,68,3,0,64,1,63,0,0,63,0,0,0,0,0,0,59,15,1,43,0,0,0,0,0,20,45,106,20,43,43,3.541239,165.990926,1177.700653,0.000000,4.444444,59.433962,0,0,0,860170.985307,18.018974,103.767615,3431.805949,315.709313,93.214219,99.544903,859372.109281,856277.192769,508.468436,3893.792538,290.407590,0.036703,0.010837,0.011573,99.907126,0.033762,14.077324,9.426564,3.192378,36.665873,64,1.316138,14,64,0,99.415205,1.350197,61.988304,545.750591,2301.138624,6299.723117,-0.000000,47.599769
3840.000000,contribution,optical,hardware,1,1,1,0,priority,0.000500,180,15,hybrid,0.050000,4000.000000,6.087000,52.000000,500.000000,500.000000,2.000000,60.000000,0.400000,173,107,173,43,107,20,44,0,0,0,0,0,43,43,0,0,0.000000,1.000000,43.259999,clear-ocean,30.000000,60.000000,0.151000,684,1556292,399.049231,10.391907,69,3,0,66,0,64,0,0,64,0,0,0,0,0,0,59,15,1,43,0,0,0,0,0,20,46,107,20,44,43,3.541239,163.598646,1177.700653,0.000000,4.347826,59.813084,0,0,0,873772.747369,18.018974,108.428205,3431.805949,322.189971,95.710416,100.534896,872963.810754,869868.894241,518.435282,3903.853128,290.501333,0.036873,0.010954,0.011506,99.907420,0.033247,14.077324,9.626084,3.192378,37.115104,66,1.295573,14,66,0,100.000000,1.346057,61.849711,541.217694,2265.716667,6385.829833,-0.000000,101.843508
3900.000000,contribution,optical,hardware,1,1,1,0,priority,0.000500,180,15,hybrid,0.050000,4000.000000,6.087000,52.000000,500.000000,500.000000,2.000000,60.000000,0.400000,177,110,177,43,108,20,45,0,0,0,0,0,43,43,0,0,0.000000,1.000000,43.259999,clear-ocean,30.000000,60.000000,0.151000,688,1557480,399.353846,10.239842,70,3,0,67,0,65,0,0,65,0,0,0,0,0,0,59,15,1,43,0,0,0,0,0,20,47,110,20,45,43,3.541239,161.827757,1177.700653,0.000000,4.255319,60.909091,0,0,0,887372.452303,18.018974,111.031667,3431.805949,326.748269,98.145689,101.451042,886555.512226,883460.595714,526.345000,3911.856590,290.595077,0.036822,0.011060,0.011433,99.907937,0.032748,14.077324,9.638166,3.192378,37.569231,69,1.275641,14,69,0,100.000000,1.341757,61.016949,536.983351,2231.384615,6471.936549,-0.000000,170.135312
3960.000000,contribution,optical,hardware,1,1,1,0,priority,0.000500,180,15,hybrid,0.050000,4000.000000,6.087000,52.000000,500.000000,500.000000,2.000000,60.000000,0.400000,181,113,181,43,110,21,46,0,0,0,0,0,43,43,0,0,0.000000,1.000000,43.259999,clear-ocean,30.000000,60.000000,0.151000,692,1558092,399.510769,10.088656,71,3,0,68,0,67,0,0,67,0,0,0,0,0,0,59,15,1,43,0,0,0,0,0,21,47,113,21,46,43,3.525859,161.179039,1177.700653,0.000000,2.127660,61.946903,0,0,0,900970.975699,18.734641,111.737923,3431.805949,331.035798,99.438193,102.544829,900147.213699,897052.297186,533.018821,3918.678513,290.743179,0.036742,0.011037,0.011382,99.908570,0.032270,13.939465,9.488614,3.192378,38.067677,71,1.256313,14,71,0,100.000000,1.328586,60.773481,528.449154,2198.222222,6558.043266,-0.000000,245.999815
4020.000000,contribution,optical,hardware,1,1,1,0,priority,0.000500,180,15,hybrid,0.050000,4000.000000,6.087000,52.000000,500.000000,500.000000,2.000000,60.000000,0.400000,184,114,184,43,111,21,47,0,0,0,0,0,43,43,0,0,0.000000,1.000000,43.259999,clear-ocean,30.000000,60.000000,0.151000,697,1559577,399.891538,9.947551,73,3,0,70,0,68,0,0,68,0,0,0,0,0,0,59,15,1,43,0,0,0,0,0,21,49,114,21,47,43,3.525859,160.193905,1177.700653,0.000000,4.081633,62.280702,0,0,0,914570.754197,18.734641,114.414949,3431.805949,336.975763,100.594082,103.432258,913738.915171,910643.998659,541.002103,3926.755538,290.836923,0.036845,0.010999,0.011309,99.909046,0.031800,13.939465,9.509221,3.192378,38.590050,74,1.237562,14,73,0,100.000000,1.303667,60.326087,524.723285,2165.922388,6644.149982,-0.000000,322.243612
4080.000000,contribution,optical,hardware,1,1,1,0,priority,0.000500,180,15,hybrid,0.050000,4000.000000,6.087000,52.000000,500.000000,500.000000,2.000000,60.000000,0.400000,184,114,184,43,112,21,48,0,0,0,0,0,43,43,0,0,0.000000,1.000000,43.259999,clear-ocean,30.000000,60.000000,0.151000,698,1559874,399.967692,9.803130,73,3,0,70,0,69,0,0,69,0,0,0,0,0,0,59,15,1,43,0,0,0,0,0,21,49,114,21,48,43,3.525859,158.962047,1177.700653,0.000000,2.040816,62.280702,0,0,0,928168.561926,18.734641,115.121205,3431.805949,341.111933,101.628124,104.274558,927330.616644,924235.700131,547.014615,3932.861795,290.930667,0.036751,0.010949,0.011234,99.909721,0.031345,13.939465,9.368588,3.192378,39.092402,74,1.219363,14,72,0,100.000000,1.303667,60.869565,520.940619,2134.572549,6730.256698,-0.000000,391.637334
4140.000000,contribution,optical,hardware,1,1,1,0,priority,0.000500,180,15,hybrid,0.050000,4000.000000,6.087000,52.000000,500.000000,500.000000,2.000000,60.000000,0.400000,184,114,184,43,113,21,49,0,0,0,0,0,43,43,0,0,0.000000,1.000000,43.259999,clear-ocean,30.000000,60.000000,0.151000,699,1560171,400.043846,9.662895,73,3,0,70,0,70,0,0,70,0,0,0,0,0,0,59,15,1,43,0,0,0,0,0,21,49,114,21,49,43,3.525859,158.886611,1177.700653,0.000000,0.000000,62.280702,0,0,0,941766.369655,18.734641,115.827462,3431.805949,345.248104,102.662167,105.116858,940922.318116,937827.401604,553.027128,3938.968051,291.024410,0.036660,0.010901,0.011162,99.910376,0.030902,13.939465,9.233694,3.192378,39.567391,74,1.201691,14,71,0,100.000000,1.303667,61.413043,517.704558,2104.131401,6816.363414,-0.000000,447.601131
4200.000000,contribution,optical,hardware,1,1,1,0,priority,0.000500,180,15,hybrid,0.050000,4000.000000,6.087000,52.000000,500.000000,500.000000,2.000000,60.000000,0.400000,184,114,184,43,113,21,49,0,0,0,0,0,43,43,0,0,0.000000,1.000000,43.259999,clear-ocean,30.000000,60.000000,0.151000,699,1560171,400.043846,9.524853,73,3,0,70,0,70,0,0,70,0,0,0,0,0,0,59,15,1,43,0,0,0,0,0,21,49,114,21,49,43,3.525859,158.886611,1177.700653,0.000000,0.000000,62.280702,0,0,0,955363.471127,18.734641,115.827462,3431.805949,349.384274,103.696209,105.346645,954514.019589,951419.103076,558.427128,3944.368051,291.024410,0.036571,0.010854,0.011027,99.911086,0.030462,13.939465,9.233694,3.192378,40.016429,74,1.184524,14,71,0,100.000000,1.303667,61.413043,517.704558,2074.072381,6902.470130,-0.000000,484.828565
4260.000000,contribution,optical,hardware,1,1,1,0,priority,0.000500,180,15,hybrid,0.050000,4000.000000,6.087000,52.000000,500.000000,500.000000,2.000000,60.000000,0.400000,184,114,184,53,113,21,49,0,0,0,0,0,53,53,0,0,0.000000,1.000000,43.323790,clear-ocean,30.000000,60.000000,0.151000,706,1585458,406.527692,9.542904,73,3,0,70,0,70,0,0,70,0,0,0,0,0,0,60,15,1,43,1,0,0,0,0,21,49,114,21,49,43,3.525859,158.886611,1177.700653,0.000000,0.000000,62.280702,0,0,0,969036.781831,18.734641,115.827462,3508.015179,353.520444,104.730252,117.576432,968165.591831,965010.804549,575.827128,4025.977282,295.362872,0.036482,0.010808,0.012133,99.910097,0.030480,13.939465,9.233694,3.263270,40.426995,74,1.191315,14,61,9,100.000000,1.303667,61.413043,517.704558,2044.860094,6988.576846,-0.000000,499.789765
4320.000000,contribution,optical,hardware,1,1,1,0,priority,0.000500,180,15,hybrid,0.050000,4000.000000,6.087000,52.000000,500.000000,500.000000,2.000000,60.000000,0.400000,184,114,184,53,116,21,49,0,0,0,0,0,53,53,0,0,0.000000,1.000000,43.323790,clear-ocean,30.000000,60.000000,0.151000,741,1711893,438.946923,10.160808,73,3,0,70,0,70,0,0,70,0,0,0,0,0,0,65,17,1,46,1,0,0,0,0,21,49,114,21,49,46,3.525859,158.886611,1282.353156,0.000000,0.000000,59.649123,0,0,0,982917.488226,18.734641,115.827462,3791.620103,357.656614,105.764295,117.806219,982016.656996,978602.506021,581.227128,4314.982205,319.604103,0.036387,0.010760,0.011985,99.908351,0.032516,13.939465,9.233694,3.297061,40.712731,74,1.285417,14,61,6,100.000000,1.303667,63.043478,576.273553,2155.348148,7074.683562,0.000000,491.066123
4380.000000,contribution,optical,hardware,1,1,1,0,priority,0.000500,180,15,hybrid,0.050000,4000.000000,6.087000,52.000000,500.000000,500.000000,2.000000,60.000000,0.400000,184,114,184,53,120,21,49,0,0,0,0,0,53,53,0,0,0.000000,1.000000,43.323790,clear-ocean,30.000000,60.000000,0.151000,776,1838328,471.366154,10.761784,73,3,0,70,0,70,0,0,70,0,0,0,0,0,0,70,18,1,50,1,0,0,0,0,21,49,114,21,49,50,3.525859,158.886611,1385.331399,0.000000,0.000000,56.140351,0,0,0,996799.270109,18.734641,115.827462,4076.300513,361.792785,106.798337,118.036007,995867.725442,992194.207494,586.627128,4605.062615,344.917538,0.036295,0.010714,0.011842,99.906546,0.034603,13.939465,9.233694,3.261040,40.990639,74,1.317123,14,61,2,100.000000,1.303667,65.217391,642.717141,2308.471233,7160.790279,0.000000,459.484807
4440.000000,contribution,optical,hardware,1,1,1,0,priority,0.000500,180,15,hybrid,0.050000,4000.000000,6.087000,52.000000,500.000000,500.000000,2.000000,60.000000,0.400000,184,114,184,53,123,21,49,0,0,0,0,0,53,53,0,0,0.000000,1.000000,43.323790,clear-ocean,30.000000,60.000000,0.151000,804,1939476,497.301538,11.200485,73,3,0,70,0,70,0,0,70,0,0,0,0,0,0,74,20,1,53,0,0,0,0,0,21,49,114,21,49,53,3.525859,158.886611,1447.501601,0.000000,0.000000,53.508772,0,0,0,1010623.862658,18.734641,115.827462,4303.791590,365.928955,107.832380,118.265794,1009666.919838,1005785.908966,592.027128,4837.953692,364.915692,0.036208,0.010670,0.011702,99.905312,0.036108,13.939465,9.233694,3.248145,41.261036,74,1.307432,14,61,0,100.000000,1.303667,66.847826,687.618470,2412.410811,7246.896995,0.000000,408.040329
4500.000000,contribution,optical,hardware,1,1,1,0,priority,0.000500,180,15,hybrid,0.050000,4000.000000,6.087000,52.000000,500.000000,500.000000,2.000000,60.000000,0.400000,184,114,184,53,123,21,49,0,0,0,0,0,53,53,0,0,0.000000,1.000000,43.323790,clear-ocean,30.000000,60.000000,0.151000,804,1939476,497.301538,11.051145,73,3,0,70,0,70,0,0,70,0,0,0,0,0,0,74,20,1,53,0,0,0,0,0,21,49,114,21,49,53,3.525859,158.886611,1447.501601,0.000000,0.000000,53.508772,0,0,0,1024220.964131,18.734641,115.827462,4303.791590,370.065125,108.866422,118.495581,1023258.621311,1019377.610439,597.427128,4843.353692,364.915692,0.036131,0.010629,0.011569,99.906041,0.035629,13.939465,9.233694,3.248145,41.524222,74,1.290000,14,61,0,100.000000,1.303667,66.847826,687.618470,2380.245333,7333.003711,0.000000,341.610608
4560.000000,contribution,optical,hardware,1,1,1,0,priority,0.000500,180,15,hybrid,0.050000,4000.000000,6.087000,52.000000,500.000000,500.000000,2.000000,60.000000,0.400000,184,114,184,53,123,21,49,0,0,0,0,0,53,53,0,0,0.000000,1.000000,43.323790,clear-ocean,30.000000,60.000000,0.151000,804,1939476,497.301538,10.905735,73,3,0,70,0,70,0,0,70,0,0,0,0,0,0,74,20,1,53,0,0,0,0,0,21,49,114,21,49,53,3.525859,158.886611,1447.501601,0.000000,0.000000,53.508772,0,0,0,1037818.065603,18.734641,115.827462,4303.791590,374.201295,109.900465,118.725368,1036850.322783,1032969.311911,602.827128,4848.753692,364.915692,0.036057,0.010590,0.011440,99.906752,0.035162,13.939465,9.233694,3.248145,41.780482,74,1.273026,14,61,0,100.000000,1.303667,66.847826,687.618470,2348.926316,7419.110427,0.000000,266.494452
4620.000000,contribution,optical,hardware,1,1,1,0,priority,0.000500,180,15,hybrid,0.050000,4000.000000,6.087000,52.000000,500.000000,500.000000,2.000000,60.000000,0.400000,184,114,184,53,123,21,49,0,0,0,0,0,53,53,0,0,0.000000,1.000000,43.323790,clear-ocean,30.000000,60.000000,0.151000,804,1939476,497.301538,10.764103,73,3,0,70,0,70,0,0,70,0,0,0,0,0,0,74,20,1,53,0,0,0,0,0,21,49,114,21,49,53,3.525859,158.886611,1447.501601,0.000000,0.000000,53.508772,0,0,0,1051415.167076,18.734641,115.827462,4303.791590,378.337465,110.934507,118.955155,1050442.024256,1046561.013384,608.227128,4854.153692,364.915692,0.035984,0.010551,0.011314,99.907444,0.034707,13.939465,9.233694,3.248145,42.030087,74,1.256494,14,61,0,100.000000,1.303667,66.847826,687.618470,2318.420779,7505.217143,0.000000,189.814306
4680.000000,contribution,optical,hardware,1,1,1,0,priority,0.000500,180,15,hybrid,0.050000,4000.000000,6.087000,52.000000,500.000000,500.000000,2.000000,60.000000,0.400000,184,114,184,53,123,21,49,0,0,0,0,0,53,53,0,0,0.000000,1.000000,43.323790,clear-ocean,30.000000,60.000000,0.151000,804,1939476,497.301538,10.626101,73,3,0,70,0,70,0,0,70,0,0,0,0,0,0,74,20,1,53,0,0,0,0,0,21,49,114,21,49,53,3.525859,158.886611,1447.501601,0.000000,0.000000,53.508772,0,0,0,1065012.268549,18.734641,115.827462,4303.791590,382.473636,111.968550,119.184943,1064033.725728,1060152.714856,613.627128,4859.553692,364.915692,0.035913,0.010513,0.011191,99.908119,0.034264,13.939465,9.233694,3.248145,42.273291,74,1.240385,14,61,0,100.000000,1.303667,66.847826,687.618470,2288.697436,7591.323859,0.000000,118.840914
4740.000000,contribution,optical,hardware,1,1,1,0,priority,0.000500,180,15,hybrid,0.050000,4000.000000,6.087000,52.000000,500.000000,500.000000,2.000000,60.000000,0.400000,184,114,184,53,123,21,49,0,0,0,0,0,53,53,0,0,0.000000,1.000000,43.323790,clear-ocean,30.000000,60.000000,0.151000,804,1939476,497.301538,10.491594,73,3,0,70,0,70,0,0,70,0,0,0,0,0,0,74,20,1,53,0,0,0,0,0,21,49,114,21,49,53,3.525859,158.886611,1447.501601,0.000000,0.000000,53.508772,0,0,0,1078609.370021,18.734641,115.827462,4303.791590,386.609806,113.002592,119.414730,1077625.427201,1073744.416329,619.027128,4864.953692,364.915692,0.035843,0.010477,0.011071,99.908777,0.033832,13.939465,9.233694,3.248145,42.510338,74,1.224684,14,61,0,100.000000,1.303667,66.847826,687.618470,2259.726582,7677.430575,0.000000,60.303909
4800.000000,contribution,optical,hardware,1,1,1,0,priority,0.000500,180,15,hybrid,0.050000,4000.000000,6.087000,52.000000,500.000000,500.000000,2.000000,60.000000,0.400000,184,114,184,53,123,21,49,0,0,0,0,0,53,53,0,0,0.000000,1.000000,43.323790,clear-ocean,30.000000,60.000000,0.151000,804,1939476,497.301538,10.360449,73,3,0,70,0,70,0,0,70,0,0,0,0,0,0,74,20,1,53,0,0,0,0,0,21,49,114,21,49,53,3.525859,158.886611,1447.501601,0.000000,0.000000,53.508772,0,0,0,1092206.471494,18.734641,115.827462,4303.791590,390.745976,114.036635,119.644517,1091217.128673,1087336.117801,624.427128,4870.353692,364.915692,0.035776,0.010441,0.010954,99.909418,0.033411,13.939465,9.233694,3.248145,42.741458,74,1.209375,14,61,0,100.000000,1.303667,66.847826,687.618470,2231.480000,7763.537292,0.000000,19.753718
4860.000000,contribution,optical,hardware,1,1,1,0,priority,0.000500,180,15,hybrid,0.050000,4000.000000,6.087000,52.000000,500.000000,500.000000,2.000000,60.000000,0.400000,184,114,184,53,123,21,49,0,0,0,0,0,53,53,0,0,0.000000,1.000000,43.323790,clear-ocean,30.000000,60.000000,0.151000,804,1939476,497.301538,10.232542,73,3,0,70,0,70,0,0,70,0,0,0,0,0,0,74,20,1,53,0,0,0,0,0,21,49,114,21,49,53,3.525859,158.886611,1447.501601,0.000000,0.000000,53.508772,0,0,0,1105803.572966,18.734641,115.827462,4303.791590,394.882146,115.070678,119.874304,1104808.830146,1100927.819274,629.827128,4875.753692,364.915692,0.035710,0.010406,0.010840,99.910043,0.033000,13.939465,9.233694,3.248145,42.966872,74,1.194444,14,61,0,100.000000,1.303667,66.847826,687.618470,2203.930864,7849.644008,0.000000,1.035273
4920.000000,contribution,optical,hardware,1,1,1,0,priority,0.000500,180,15,hybrid,0.050000,4000.000000,6.087000,52.000000,500.000000,500.000000,2.000000,60.000000,0.400000,184,114,184,53,123,21,49,0,0,0,0,0,53,53,0,0,0.000000,1.000000,43.323790,clear-ocean,30.000000,60.000000,0.151000,804,1939476,497.301538,10.107755,73,3,0,70,0,70,0,0,70,0,0,0,0,0,0,74,20,1,53,0,0,0,0,0,21,49,114,21,49,53,3.525859,158.886611,1447.501601,0.000000,0.000000,53.508772,0,0,0,1119400.674439,18.734641,115.827462,4303.791590,399.018316,116.104720,120.104092,1118400.531618,1114519.520746,635.227128,4881.153692,364.915692,0.035646,0.010372,0.010729,99.910654,0.032599,13.939465,9.233694,3.248145,43.186789,74,1.179878,14,61,0,100.000000,1.303667,66.847826,687.618470,2177.053659,7935.750724,-0.000000,5.923441
4980.000000,contribution,optical,hardware,1,1,1,0,priority,0.000500,180,15,hybrid,0.050000,4000.000000,6.087000,52.000000,500.000000,500.000000,2.000000,60.000000,0.400000,184,114,184,53,123,21,49,0,0,0,0,0,53,53,0,0,0.000000,1.000000,43.323790,clear-ocean,30.000000,60.000000,0.151000,804,1939476,497.301538,9.985975,73,3,0,70,0,70,0,0,70,0,0,0,0,0,0,74,20,1,53,0,0,0,0,0,21,49,114,21,49,53,3.525859,158.886611,1447.501601,0.000000,0.000000,53.508772,0,0,0,1132997.775911,18.734641,115.827462,4303.791590,403.154487,117.138763,120.333879,1131992.233091,1128111.222219,640.627128,4886.553692,364.915692,0.035583,0.010339,0.010621,99.911249,0.032208,13.939465,9.233694,3.248145,43.401406,74,1.165663,14,61,0,100.000000,1.303667,66.847826,687.618470,2150.824096,8021.857440,-0.000000,33.954730
5040.000000,contribution,optical,hardware,1,1,1,0,priority,0.000500,180,15,hybrid,0.050000,4000.000000,6.087000,52.000000,500.000000,500.000000,2.000000,60.000000,0.400000,184,114,184,53,123,21,49,0,0,0,0,0,53,53,0,0,0.000000,1.000000,43.323790,clear-ocean,30.000000,60.000000,0.151000,804,1939476,497.301538,9.867094,73,3,0,70,0,70,0,0,70,0,0,0,0,0,0,74,20,1,53,0,0,0,0,0,21,49,114,21,49,53,3.525859,158.886611,1447.501601,0.000000,0.000000,53.508772,0,0,0,1146594.877384,18.734641,115.827462,4303.791590,407.290657,118.172805,120.563666,1145583.934563,1141702.923691,646.027128,4891.953692,364.915692,0.035522,0.010306,0.010515,99.911831,0.031826,13.939465,9.233694,3.248145,43.610913,74,1.151786,14,61,0,100.000000,1.303667,66.847826,687.618470,2125.219048,8107.964156,-0.000000,82.471238
5100.000000,contribution,optical,hardware,1,1,1,0,priority,0.000500,180,15,hybrid,0.050000,4000.000000,6.087000,52.000000,500.000000,500.000000,2.000000,60.000000,0.400000,184,114,184,53,123,21,49,0,0,0,0,0,53,53,0,0,0.000000,1.000000,43.323790,clear-ocean,30.000000,60.000000,0.151000,804,1939476,497.301538,9.751011,73,3,0,70,0,70,0,0,70,0,0,0,0,0,0,74,20,1,53,0,0,0,0,0,21,49,114,21,49,53,3.525859,158.886611,1447.501601,0.000000,0.000000,53.508772,0,0,0,1160191.978856,18.734641,115.827462,4303.791590,411.426827,119.206848,120.793453,1159175.636036,1155294.625164,651.427128,4897.353692,364.915692,0.035462,0.010275,0.010412,99.912399,0.031453,13.939465,9.233694,3.248145,43.815490,74,1.138235,14,61,0,100.000000,1.303667,66.847826,687.618470,2100.216471,8194.070872,-0.000000,146.872673
5160.000000,contribution,optical,hardware,1,1,1,0,priority,0.000500,180,15,hybrid,0.050000,4000.000000,6.087000,52.000000,500.000000,500.000000,2.000000,60.000000,0.400000,184,114,184,53,123,21,49,0,0,0,0,0,53,53,0,0,0.000000,1.000000,43.323790,clear-ocean,30.000000,60.000000,0.151000,804,1939476,497.301538,9.637627,73,3,0,70,0,70,0,0,70,0,0,0,0,0,0,74,20,1,53,0,0,0,0,0,21,49,114,21,49,53,3.525859,158.886611,1447.501601,0.000000,0.000000,53.508772,0,0,0,1173789.080329,18.734641,115.827462,4303.791590,415.562997,120.240890,121.023241,1172767.337508,1168886.326636,656.827128,4902.753692,364.915692,0.035404,0.010244,0.010310,99.912953,0.031089,13.939465,9.233694,3.248145,44.015310,74,1.125000,14,61,0,100.000000,1.303667,66.847826,687.618470,2075.795349,8280.177588,-0.000000,221.052549
5220.000000,contribution,optical,hardware,1,1,1,0,priority,0.000500,180,15,hybrid,0.050000,4000.000000,6.087000,52.000000,500.000000,500.000000,2.000000,60.000000,0.400000,184,114,184,53,123,21,49,0,0,0,0,0,53,53,0,0,0.000000,1.000000,43.323790,clear-ocean,30.000000,60.000000,0.151000,804,1939476,497.301538,9.526849,73,3,0,70,0,70,0,0,70,0,0,0,0,0,0,74,20,1,53,0,0,0,0,0,21,49,114,21,49,53,3.525859,158.886611,1447.501601,0.000000,0.000000,53.508772,0,0,0,1187386.181801,18.734641,115.827462,4303.791590,419.699167,121.274933,121.253028,1186359.038981,1182478.028109,662.227128,4908.153692,364.915692,0.035346,0.010214,0.010212,99.913495,0.030733,13.939465,9.233694,3.248145,44.210536,74,1.112069,14,61,0,100.000000,1.303667,66.847826,687.618470,2051.935632,8366.284305,-0.000000,297.977197
5280.000000,contribution,optical,hardware,1,1,1,0,priority,0.000500,180,15,hybrid,0.050000,4000.000000,6.087000,52.000000,500.000000,500.000000,2.000000,60.000000,0.400000,184,114,184,53,123,21,49,0,0,0,0,0,53,53,0,0,0.000000,1.000000,43.323790,clear-ocean,30.000000,60.000000,0.151000,804,1939476,497.301538,9.418590,73,3,0,70,0,70,0,0,70,0,0,0,0,0,0,74,20,1,53,0,0,0,0,0,21,49,114,21,49,53,3.525859,158.886611,1447.501601,0.000000,0.000000,53.508772,0,0,0,1200983.283274,18.734641,115.827462,4303.791590,423.835338,122.308975,121.482815,1199950.740453,1196069.729581,667.627128,4913.553692,364.915692,0.035291,0.010184,0.010115,99.914025,0.030385,13.939465,9.233694,3.248145,44.401326,74,1.099432,14,61,0,100.000000,1.303667,66.847826,687.618470,2028.618182,8452.391021,-0.000000,370.352689
5340.000000,contribution,optical,hardware,1,1,1,0,priority,0.000500,180,15,hybrid,0.050000,4000.000000,6.087000,52.000000,500.000000,500.000000,2.000000,60.000000,0.400000,184,114,184,53,123,21,49,0,0,0,0,0,53,53,0,0,0.000000,1.000000,43.323790,clear-ocean,30.000000,60.000000,0.151000,804,1939476,497.301538,9.312763,73,3,0,70,0,70,0,0,70,0,0,0,0,0,0,74,20,1,53,0,0,0,0,0,21,49,114,21,49,53,3.525859,158.886611,1447.501601,0.000000,0.000000,53.508772,0,0,0,1214580.384746,18.734641,115.827462,4303.791590,427.971508,123.343018,121.712602,1213542.441926,1209661.431054,673.027128,4918.953692,364.915692,0.035236,0.010155,0.010021,99.914543,0.030045,13.939465,9.233694,3.248145,44.587828,74,1.087079,14,61,0,100.000000,1.303667,66.847826,687.618470,2005.824719,8538.497737,-0.000000,431.316448
5400.000000,contribution,optical,hardware,1,1,1,0,priority,0.000500,180,15,hybrid,0.050000,4000.000000,6.087000,52.000000,500.000000,500.000000,2.000000,60.000000,0.400000,184,114,184,53,123,21,49,0,0,0,0,0,53,53,0,0,0.000000,1.000000,43.323790,clear-ocean,30.000000,60.000000,0.151000,804,1939476,497.301538,9.209288,73,3,0,70,0,70,0,0,70,0,0,0,0,0,0,74,20,1,53,0,0,0,0,0,21,49,114,21,49,53,3.525859,158.886611,1447.501601,0.000000,0.000000,53.508772,0,0,0,1228177.486219,18.734641,115.827462,4303.791590,432.107678,124.377061,121.942390,1227134.143398,1223253.132526,678.427128,4924.353692,364.915692,0.035183,0.010127,0.009929,99.915050,0.029712,13.939465,9.233694,3.248145,44.770185,74,1.075000,14,61,0,100.000000,1.303667,66.847826,687.618470,1983.537778,8624.604453,-0.000000,475.087943
5460.000000,contribution,optical,hardware,1,1,1,0,priority,0.000500,180,15,hybrid,0.050000,4000.000000,6.087000,52.000000,500.000000,500.000000,2.000000,60.000000,0.400000,184,114,184,53,123,21,49,0,0,0,0,0,53,53,0,0,0.000000,1.000000,43.323790,clear-ocean,30.000000,60.000000,0.151000,804,1939476,497.301538,9.108087,73,3,0,70,0,70,0,0,70,0,0,0,0,0,0,74,20,1,53,0,0,0,0,0,21,49,114,21,49,53,3.525859,158.886611,1447.501601,0.000000,0.000000,53.508772,0,0,0,1241774.587691,18.734641,115.827462,4303.791590,436.243848,125.411103,122.172177,1240725.844871,1236844.833999,683.827128,4929.753692,364.915692,0.035131,0.010099,0.009839,99.915545,0.029387,13.939465,9.233694,3.248145,44.948535,74,1.063187,14,61,0,100.000000,1.303667,66.847826,687.618470,1961.740659,8710.711169,-0.000000,497.516801
5520.000000,contribution,optical,hardware,1,1,1,0,priority,0.000500,180,15,hybrid,0.050000,4000.000000,6.087000,52.000000,500.000000,500.000000,2.000000,60.000000,0.400000,184,114,184,64,127,21,49,0,0,0,0,0,64,64,0,0,0.000000,1.000000,43.303254,clear-ocean,30.000000,60.000000,0.151000,840,2070048,530.781538,9.615608,73,3,0,70,0,70,0,0,70,0,0,0,0,0,0,80,21,1,57,1,0,0,0,0,21,49,114,21,49,57,3.525859,158.886611,1594.534130,0.000000,0.000000,50.000000,0,0,0,1255685.911728,18.734641,115.827462,4618.014154,440.380019,126.445146,135.601964,1254594.199472,1250436.535472,702.427128,5249.376256,389.285128,0.035071,0.010070,0.010799,99.913058,0.031002,13.939465,9.233694,3.240712,45.019384,74,1.133877,14,50,6,100.000000,1.303667,69.021739,777.542775,2085.344928,8796.817885,0.000000,496.476337
5580.000000,contribution,optical,hardware,1,1,1,0,priority,0.000500,180,15,hybrid,0.050000,4000.000000,6.087000,52.000000,500.000000,500.000000,2.000000,60.000000,0.400000,184,114,184,64,132,21,49,0,0,0,0,0,64,64,0,0,0.000000,1.000000,43.303254,clear-ocean,30.000000,60.000000,0.151000,883,2225907,570.745385,10.228412,73,3,0,70,0,70,0,0,70,0,0,0,0,0,0,86,22,1,62,1,0,0,0,0,21,49,114,21,49,62,3.525859,158.886611,1744.579359,0.000000,0.000000,45.614035,0,0,0,1269633.178329,18.734641,115.827462,4968.179282,444.516189,127.479188,135.831751,1268505.628124,1264028.236944,707.827128,5604.941385,419.723077,0.035011,0.010041,0.010699,99.911191,0.033059,13.939465,9.233694,3.205277,45.072939,74,1.153943,14,50,1,100.000000,1.303667,71.739130,878.965207,2242.133333,8882.924601,0.000000,472.065207
5640.000000,contribution,optical,hardware,1,1,1,0,priority,0.000500,180,15,hybrid,0.050000,4000.000000,6.087000,52.000000,500.000000,500.000000,2.000000,60.000000,0.400000,184,114,184,64,134,21,49,0,0,0,0,0,64,64,0,0,0.000000,1.000000,43.303254,clear-ocean,30.000000,60.000000,0.151000,895,2268207,581.591538,10.311907,73,3,0,70,0,70,0,0,70,0,0,0,0,0,0,87,22,1,64,0,0,0,0,0,21,49,114,21,49,64,3.525859,158.886611,1793.023543,0.000000,0.000000,43.859649,0,0,0,1283327.495391,18.734641,115.827462,5065.394872,448.652359,128.513231,136.061538,1282184.105391,1277619.938417,713.227128,5707.556974,430.162872,0.034960,0.010014,0.010602,99.910904,0.033519,13.939465,9.233694,3.165872,45.125355,74,1.143085,14,50,0,100.000000,1.303667,72.826087,915.022341,2289.202837,8969.031318,0.000000,426.598054
5700.000000,contribution,optical,hardware,1,1,1,0,priority,0.000500,180,15,hybrid,0.050000,4000.000000,6.087000,52.000000,500.000000,500.000000,2.000000,60.000000,0.400000,184,114,184,64,134,21,49,0,0,0,0,0,64,64,0,0,0.000000,1.000000,43.303254,clear-ocean,30.000000,60.000000,0.151000,895,2268207,581.591538,10.203360,73,3,0,70,0,70,0,0,70,0,0,0,0,0,0,87,22,1,64,0,0,0,0,0,21,49,114,21,49,64,3.525859,158.886611,1793.023543,0.000000,0.000000,43.859649,0,0,0,1296924.596863,18.734641,115.827462,5065.394872,452.788529,129.547273,136.291326,1295775.806863,1291211.639889,718.627128,5712.956974,430.162872,0.034912,0.009989,0.010509,99.911422,0.033168,13.939465,9.233694,3.165872,45.176667,74,1.131053,14,50,0,100.000000,1.303667,72.826087,915.022341,2265.105965,9055.138034,0.000000,364.386030
5760.000000,contribution,optical,hardware,1,1,1,0,priority,0.000500,180,15,hybrid,0.050000,4000.000000,6.087000,52.000000,500.000000,500.000000,2.000000,60.000000,0.400000,184,114,184,64,134,21,49,0,0,0,0,0,64,64,0,0,0.000000,1.000000,43.303254,clear-ocean,30.000000,60.000000,0.151000,895,2268207,581.591538,10.097075,73,3,0,70,0,70,0,0,70,0,0,0,0,0,0,87,22,1,64,0,0,0,0,0,21,49,114,21,49,64,3.525859,158.886611,1793.023543,0.000000,0.000000,43.859649,0,0,0,1310521.698336,18.734641,115.827462,5065.394872,456.924699,130.581316,136.521113,1309367.508336,1304803.341362,724.027128,5718.356974,430.162872,0.034866,0.009964,0.010417,99.911929,0.032824,13.939465,9.233694,3.165872,45.226910,74,1.119271,14,50,0,100.000000,1.303667,72.826087,915.022341,2241.511111,9141.244750,0.000000,291.328026
5820.000000,contribution,optical,hardware,1,1,1,0,priority,0.000500,180,15,hybrid,0.050000,4000.000000,6.087000,52.000000,500.000000,500.000000,2.000000,60.000000,0.400000,184,114,184,64,134,21,49,0,0,0,0,0,64,64,0,0,0.000000,1.000000,43.303254,clear-ocean,30.000000,60.000000,0.151000,895,2268207,581.591538,9.992982,73,3,0,70,0,70,0,0,70,0,0,0,0,0,0,87,22,1,64,0,0,0,0,0,21,49,114,21,49,64,3.525859,158.886611,1793.023543,0.000000,0.000000,43.859649,0,0,0,1324118.799809,18.734641,115.827462,5065.394872,461.060870,131.615358,136.750900,1322959.209808,1318395.042834,729.427128,5723.756974,430.162872,0.034820,0.009940,0.010328,99.912426,0.032487,13.939465,9.233694,3.165872,45.276117,74,1.107732,14,50,0,100.000000,1.303667,72.826087,915.022341,2218.402749,9227.351466,0.000000,214.351336
5880.000000,contribution,optical,hardware,1,1,1,0,priority,0.000500,180,15,hybrid,0.050000,4000.000000,6.087000,52.000000,500.000000,500.000000,2.000000,60.000000,0.400000,184,114,184,64,134,21,49,0,0,0,0,0,64,64,0,0,0.000000,1.000000,43.303254,clear-ocean,30.000000,60.000000,0.151000,895,2268207,581.591538,9.891013,73,3,0,70,0,70,0,0,70,0,0,0,0,0,0,87,22,1,64,0,0,0,0,0,21,49,114,21,49,64,3.525859,158.886611,1793.023543,0.000000,0.000000,43.859649,0,0,0,1337715.901281,18.734641,115.827462,5065.394872,465.197040,132.649401,136.980687,1336550.911281,1331986.744307,734.827128,5729.156974,430.162872,0.034775,0.009916,0.010240,99.912912,0.032157,13.939465,9.233694,3.165872,45.324320,74,1.096429,14,50,0,100.000000,1.303667,72.826087,915.022341,2195.765986,9313.458182,0.000000,140.754819
5940.000000,contribution,optical,hardware,1,1,1,0,priority,0.000500,180,15,hybrid,0.050000,4000.000000,6.087000,52.000000,500.000000,500.000000,2.000000,60.000000,0.400000,184,114,184,64,134,21,49,0,0,0,0,0,64,64,0,0,0.000000,1.000000,43.303254,clear-ocean,30.000000,60.000000,0.151000,895,2268207,581.591538,9.791103,73,3,0,70,0,70,0,0,70,0,0,0,0,0,0,87,22,1,64,0,0,0,0,0,21,49,114,21,49,64,3.525859,158.886611,1793.023543,0.000000,0.000000,43.859649,0,0,0,1351313.002754,18.734641,115.827462,5065.394872,469.333210,133.683444,137.210475,1350142.612754,1345578.445779,740.227128,5734.556974,430.162872,0.034732,0.009893,0.010154,99.913389,0.031833,13.939465,9.233694,3.165872,45.371549,74,1.085354,14,50,0,100.000000,1.303667,72.826087,915.022341,2173.586532,9399.564898,0.000000,77.516833
6000.000000,contribution,optical,hardware,1,1,1,0,priority,0.000500,180,15,hybrid,0.050000,4000.000000,6.087000,52.000000,500.000000,500.000000,2.000000,60.000000,0.400000,184,114,184,64,134,21,49,0,0,0,0,0,64,64,0,0,0.000000,1.000000,43.303254,clear-ocean,30.000000,60.000000,0.151000,895,2268207,581.591538,9.693192,73,3,0,70,0,70,0,0,70,0,0,0,0,0,0,87,22,1,64,0,0,0,0,0,21,49,114,21,49,64,3.525859,158.886611,1793.023543,0.000000,0.000000,43.859649,0,0,0,1364910.104226,18.734641,115.827462,5065.394872,473.469380,134.717486,137.440262,1363734.314226,1359170.147252,745.627128,5739.956974,430.162872,0.034689,0.009870,0.010070,99.913856,0.031516,13.939465,9.233694,3.165872,45.417833,74,1.074500,14,50,0,100.000000,1.303667,72.826087,915.022341,2151.850667,9485.671614,0.000000,30.633547
6060.000000,contribution,optical,hardware,1,1,1,0,priority,0.000500,180,15,hybrid,0.050000,4000.000000,6.087000,52.000000,500.000000,500.000000,2.000000,60.000000,0.400000,184,114,184,64,134,21,49,0,0,0,0,0,64,64,0,0,0.000000,1.000000,43.303254,clear-ocean,30.000000,60.000000,0.151000,895,2268207,581.591538,9.597220,73,3,0,70,0,70,0,0,70,0,0,0,0,0,0,87,22,1,64,0,0,0,0,0,21,49,114,21,49,64,3.525859,158.886611,1793.023543,0.000000,0.000000,43.859649,0,0,0,1378507.205699,18.734641,115.827462,5065.394872,477.605550,135.751529,137.670049,1377326.015699,1372761.848724,751.027128,5745.356974,430.162872,0.034647,0.009848,0.009987,99.914314,0.031205,13.939465,9.233694,3.165872,45.463201,74,1.063861,14,50,0,100.000000,1.303667,72.826087,915.022341,2130.545215,9571.778331,0.000000,4.550391
6120.000000,contribution,optical,hardware,1,1,1,0,priority,0.000500,180,15,hybrid,0.050000,4000.000000,6.087000,52.000000,500.000000,500.000000,2.000000,60.000000,0.400000,184,114,184,64,134,21,49,0,0,0,0,0,64,64,0,0,0.000000,1.000000,43.303254,clear-ocean,30.000000,60.000000,0.151000,895,2268207,581.591538,9.503130,73,3,0,70,0,70,0,0,70,0,0,0,0,0,0,87,22,1,64,0,0,0,0,0,21,49,114,21,49,64,3.525859,158.886611,1793.023543,0.000000,0.000000,43.859649,0,0,0,1392104.307171,18.734641,115.827462,5065.394872,481.741721,136.785571,137.899836,1390917.717171,1386353.550197,756.427128,5750.756974,430.162872,0.034605,0.009826,0.009906,99.914763,0.030900,13.939465,9.233694,3.165872,45.507680,74,1.053431,14,50,0,100.000000,1.303667,72.826087,915.022341,2109.657516,9657.885047,-0.000000,1.740548
6180.000000,contribution,optical,hardware,1,1,1,0,priority,0.000500,180,15,hybrid,0.050000,4000.000000,6.087000,52.000000,500.000000,500.000000,2.000000,60.000000,0.400000,184,114,184,64,134,21,49,0,0,0,0,0,64,64,0,0,0.000000,1.000000,43.303254,clear-ocean,30.000000,60.000000,0.151000,895,2268207,581.591538,9.410866,73,3,0,70,0,70,0,0,70,0,0,0,0,0,0,87,22,1,64,0,0,0,0,0,21,49,114,21,49,64,3.525859,158.886611,1793.023543,0.000000,0.000000,43.859649,0,0,0,1405701.408644,18.734641,115.827462,5065.394872,485.877891,137.819614,138.129624,1404509.418644,1399945.251669,761.827128,5756.156974,430.162872,0.034565,0.009804,0.009826,99.915203,0.030601,13.939465,9.233694,3.165872,45.551294,74,1.043204,14,50,0,100.000000,1.303667,72.826087,915.022341,2089.175405,9743.991763,-0.000000,22.470444
6240.000000,contribution,optical,hardware,1,1,1,0,priority,0.000500,180,15,hybrid,0.050000,4000.000000,6.087000,52.000000,500.000000,500.000000,2.000000,60.000000,0.400000,184,114,184,64,134,21,49,0,0,0,0,0,64,64,0,0,0.000000,1.000000,43.303254,clear-ocean,30.000000,60.000000,0.151000,895,2268207,581.591538,9.320377,73,3,0,70,0,70,0,0,70,0,0,0,0,0,0,87,22,1,64,0,0,0,0,0,21,49,114,21,49,64,3.525859,158.886611,1793.023543,0.000000,0.000000,43.859649,0,0,0,1419298.510116,18.734641,115.827462,5065.394872,490.014061,138.853656,138.359411,1418101.120116,1413536.953142,767.227128,5761.556974,430.162872,0.034525,0.009783,0.009748,99.915635,0.030308,13.939465,9.233694,3.165872,45.594071,74,1.033173,14,50,0,100.000000,1.303667,72.826087,915.022341,2069.087179,9830.098479,-0.000000,64.774488
6300.000000,contribution,optical,hardware,1,1,1,0,priority,0.000500,180,15,hybrid,0.050000,4000.000000,6.087000,52.000000,500.000000,500.000000,2.000000,60.000000,0.400000,184,114,184,64,134,21,49,0,0,0,0,0,64,64,0,0,0.000000,1.000000,43.303254,clear-ocean,30.000000,60.000000,0.151000,895,2268207,581.591538,9.231612,73,3,0,70,0,70,0,0,70,0,0,0,0,0,0,87,22,1,64,0,0,0,0,0,21,49,114,21,49,64,3.525859,158.886611,1793.023543,0.000000,0.000000,43.859649,0,0,0,1432895.611589,18.734641,115.827462,5065.394872,494.150231,139.887699,138.589198,1431692.821589,1427128.654614,772.627128,5766.956974,430.162872,0.034486,0.009763,0.009672,99.916059,0.030021,13.939465,9.233694,3.165872,45.636032,74,1.023333,14,50,0,100.000000,1.303667,72.826087,915.022341,2049.381587,9916.205195,-0.000000,124.641450
6360.000000,contribution,optical,hardware,1,1,1,0,priority,0.000500,180,15,hybrid,0.050000,4000.000000,6.087000,52.000000,500.000000,500.000000,2.000000,60.000000,0.400000,184,114,184,64,134,21,49,0,0,0,0,0,64,64,0,0,0.000000,1.000000,43.303254,clear-ocean,30.000000,60.000000,0.151000,895,2268207,581.591538,9.144521,73,3,0,70,0,70,0,0,70,0,0,0,0,0,0,87,22,1,64,0,0,0,0,0,21,49,114,21,49,64,3.525859,158.886611,1793.023543,0.000000,0.000000,43.859649,0,0,0,1446492.713061,18.734641,115.827462,5065.394872,498.286402,140.921741,138.818985,1445284.523061,1440720.356087,778.027128,5772.356974,430.162872,0.034448,0.009742,0.009597,99.916475,0.029738,13.939465,9.233694,3.165872,45.677201,74,1.013679,14,50,0,100.000000,1.303667,72.826087,915.022341,2030.047799,10002.311911,-0.000000,196.394798
6420.000000,contribution,optical,hardware,1,1,1,0,priority,0.000500,180,15,hybrid,0.050000,4000.000000,6.087000,52.000000,500.000000,500.000000,2.000000,60.000000,0.400000,184,114,184,64,134,21,49,0,0,0,0,0,64,64,0,0,0.000000,1.000000,43.303254,clear-ocean,30.000000,60.000000,0.151000,895,2268207,581.591538,9.059058,73,3,0,70,0,70,0,0,70,0,0,0,0,0,0,87,22,1,64,0,0,0,0,0,21,49,114,21,49,64,3.525859,158.886611,1793.023543,0.000000,0.000000,43.859649,0,0,0,1460089.814534,18.734641,115.827462,5065.394872,502.422572,141.955784,139.048773,1458876.224534,1454312.057559,783.427128,5777.756974,430.162872,0.034410,0.009722,0.009523,99.916883,0.029461,13.939465,9.233694,3.165872,45.717601,74,1.004206,14,50,0,100.000000,1.303667,72.826087,915.022341,2011.075389,10088.418627,-0.000000,273.230942
6480.000000,contribution,optical,hardware,1,1,1,0,priority,0.000500,180,15,hybrid,0.050000,4000.000000,6.087000,52.000000,500.000000,500.000000,2.000000,60.000000,0.400000,184,114,184,64,134,21,49,0,0,0,0,0,64,64,0,0,0.000000,1.000000,43.303254,clear-ocean,30.000000,60.000000,0.151000,895,2268207,581.591538,8.975178,73,3,0,70,0,70,0,0,70,0,0,0,0,0,0,87,22,1,64,0,0,0,0,0,21,49,114,21,49,64,3.525859,158.886611,1793.023543,0.000000,0.000000,43.859649,0,0,0,1473686.916006,18.734641,115.827462,5065.394872,506.558742,142.989827,139.278560,1472467.926006,1467903.759032,788.827128,5783.156974,430.162872,0.034374,0.009703,0.009451,99.917283,0.029190,13.939465,9.233694,3.165872,45.757253,74,0.994907,14,50,0,100.000000,1.303667,72.826087,915.022341,1992.454321,10174.525344,-0.000000,347.864350
6540.000000,contribution,optical,hardware,1,1,1,0,priority,0.000500,180,15,hybrid,0.050000,4000.000000,6.087000,52.000000,500.000000,500.000000,2.000000,60.000000,0.400000,184,114,184,64,134,21,49,0,0,0,0,0,64,64,0,0,0.000000,1.000000,43.303254,clear-ocean,30.000000,60.000000,0.151000,895,2268207,581.591538,8.892837,73,3,0,70,0,70,0,0,70,0,0,0,0,0,0,87,22,1,64,0,0,0,0,0,21,49,114,21,49,64,3.525859,158.886611,1793.023543,0.000000,0.000000,43.859649,0,0,0,1487284.017479,18.734641,115.827462,5065.394872,510.694912,144.023869,139.508347,1486059.627479,1481495.460504,794.227128,5788.556974,430.162872,0.034337,0.009684,0.009380,99.917676,0.028923,13.939465,9.233694,3.165872,45.796177,74,0.985780,14,50,0,100.000000,1.303667,72.826087,915.022341,1974.174924,10260.632060,-0.000000,413.218348
6600.000000,contribution,optical,hardware,1,1,1,0,priority,0.000500,180,15,hybrid,0.050000,4000.000000,6.087000,52.000000,500.000000,500.000000,2.000000,60.000000,0.400000,184,114,184,64,134,21,49,0,0,0,0,0,64,64,0,0,0.000000,1.000000,43.303254,clear-ocean,30.000000,60.000000,0.151000,895,2268207,581.591538,8.811993,73,3,0,70,0,70,0,0,70,0,0,0,0,0,0,87,22,1,64,0,0,0,0,0,21,49,114,21,49,64,3.525859,158.886611,1793.023543,0.000000,0.000000,43.859649,0,0,0,1500881.118951,18.734641,115.827462,5065.394872,514.831082,145.057912,139.738134,1499651.328951,1495087.161977,799.627128,5793.956974,430.162872,0.034302,0.009665,0.009310,99.918062,0.028661,13.939465,9.233694,3.165872,45.834394,74,0.976818,14,50,0,100.000000,1.303667,72.826087,915.022341,1956.227879,10346.738776,-0.000000,463.096127
6660.000000,contribution,optical,hardware,1,1,1,0,priority,0.000500,180,15,hybrid,0.050000,4000.000000,6.087000,52.000000,500.000000,500.000000,2.000000,60.000000,0.400000,184,114,184,64,134,21,49,0,0,0,0,0,64,64,0,0,0.000000,1.000000,43.303254,clear-ocean,30.000000,60.000000,0.151000,895,2268207,581.591538,8.732606,73,3,0,70,0,70,0,0,70,0,0,0,0,0,0,87,22,1,64,0,0,0,0,0,21,49,114,21,49,64,3.525859,158.886611,1793.023543,0.000000,0.000000,43.859649,0,0,0,1514478.220424,18.734641,115.827462,5065.394872,518.967253,146.091954,139.967921,1513243.030424,1508678.863449,805.027128,5799.356974,430.162872,0.034267,0.009646,0.009242,99.918441,0.028403,13.939465,9.233694,3.165872,45.871922,74,0.968018,14,50,0,100.000000,1.303667,72.826087,915.022341,1938.604204,10432.845492,-0.000000,492.768323
6720.000000,contribution,optical,hardware,1,1,1,0,priority,0.000500,180,15,hybrid,0.050000,4000.000000,6.087000,52.000000,500.000000,500.000000,2.000000,60.000000,0.400000,184,114,184,77,135,21,49,0,0,0,0,0,77,77,0,0,0.000000,1.000000,43.168635,clear-ocean,30.000000,60.000000,0.151000,914,2339466,599.863077,8.926534,73,3,0,70,0,70,0,0,70,0,0,0,0,0,0,90,23,1,65,1,0,0,0,0,21,49,114,21,49,65,3.525859,158.886611,1832.543734,0.000000,0.000000,42.982456,0,0,0,1528259.601691,18.734641,115.827462,5249.674667,523.103423,147.125997,155.797709,1526991.307486,1522270.564922,826.027128,5989.036769,442.267077,0.034229,0.009627,0.010194,99.917011,0.028939,13.939465,9.233694,3.230569,45.844940,74,1.017708,14,37,11,100.000000,1.303667,73.369565,940.554294,1951.057143,10518.952208,0.000000,499.421444
6780.000000,contribution,optical,hardware,1,1,1,0,priority,0.000500,180,15,hybrid,0.050000,4000.000000,6.087000,52.000000,500.000000,500.000000,2.000000,60.000000,0.400000,184,114,184,77,137,21,49,0,0,0,0,0,77,77,0,0,0.000000,1.000000,43.168635,clear-ocean,30.000000,60.000000,0.151000,944,2445216,626.978462,9.247470,73,3,0,70,0,70,0,0,70,0,0,0,0,0,0,94,25,1,67,1,0,0,0,0,21,49,114,21,49,67,3.525859,158.886611,1908.579827,0.000000,0.000000,41.228070,0,0,0,1542093.693523,18.734641,115.827462,5486.665026,527.239593,148.160039,156.027496,1540799.938600,1535862.266394,831.427128,6231.427128,462.327795,0.034190,0.009608,0.010118,99.916104,0.029981,13.939465,9.233694,3.275621,45.766667,74,1.096608,14,37,9,100.000000,1.303667,74.456522,990.761572,1992.788201,10605.058924,0.000000,482.424646
6840.000000,contribution,optical,hardware,1,1,1,0,priority,0.000500,180,15,hybrid,0.050000,4000.000000,6.087000,52.000000,500.000000,500.000000,2.000000,60.000000,0.400000,184,114,184,77,140,21,49,0,0,0,0,0,77,77,0,0,0.000000,1.000000,43.168635,clear-ocean,30.000000,60.000000,0.151000,978,2571186,659.278462,9.638574,73,3,0,70,0,70,0,0,70,0,0,0,0,0,0,99,27,1,70,1,0,0,0,0,21,49,114,21,49,70,3.525859,158.886611,2012.775670,0.000000,0.000000,38.596491,0,0,0,1555972.597457,18.734641,115.827462,5768.467487,531.375763,149.194082,156.257283,1554650.049918,1549453.967867,836.827128,6518.629590,485.720410,0.034151,0.009588,0.010042,99.915002,0.031217,13.939465,9.233694,3.296267,45.689766,74,1.160234,14,37,6,100.000000,1.303667,76.086957,1062.527028,2063.026901,10691.165640,0.000000,443.389552
6900.000000,contribution,optical,hardware,1,1,1,0,priority,0.000500,180,15,hybrid,0.050000,4000.000000,6.087000,52.000000,500.000000,500.000000,2.000000,60.000000,0.400000,184,114,184,77,142,21,49,0,0,0,0,0,77,77,0,0,0.000000,1.000000,43.168635,clear-ocean,30.000000,60.000000,0.151000,1007,2672799,685.333077,9.932363,73,3,0,70,0,70,0,0,70,0,0,0,0,0,0,103,29,1,72,1,0,0,0,0,21,49,114,21,49,72,3.525859,158.886611,2075.885922,0.000000,0.000000,36.842105,0,0,0,1569798.203134,18.734641,115.827462,5996.971692,535.511933,150.228124,156.487070,1568450.194878,1563045.669339,842.227128,6752.533795,505.781128,0.034113,0.009570,0.009969,99.914129,0.032219,13.939465,9.233694,3.331651,45.614203,74,1.186957,14,37,4,100.000000,1.303667,77.173913,1107.910376,2103.058551,10777.272357,0.000000,386.017433
6960.000000,contribution,optical,hardware,1,1,1,0,priority,0.000500,180,15,hybrid,0.050000,4000.000000,6.087000,52.000000,500.000000,500.000000,2.000000,60.000000,0.400000,184,114,184,77,147,21,49,0,0,0,0,0,77,77,0,0,0.000000,1.000000,43.168635,clear-ocean,30.000000,60.000000,0.151000,1042,2799234,717.752308,10.312533,73,3,0,70,0,70,0,0,70,0,0,0,0,0,0,108,30,1,77,0,0,0,0,0,21,49,114,21,49,77,3.525859,158.886611,2210.794294,0.000000,0.000000,32.456140,0,0,0,1583680.774351,18.734641,115.827462,6282.441436,539.648104,151.262167,156.716858,1582301.266607,1576637.370812,847.627128,7043.403539,531.880615,0.034076,0.009551,0.009896,99.912892,0.033585,13.939465,9.233694,3.263606,45.539943,74,1.193966,14,37,0,100.000000,1.303667,79.891304,1211.501004,2228.606897,10863.379073,0.000000,315.748263
7020.000000,contribution,optical,hardware,1,1,1,0,priority,0.000500,180,15,hybrid,0.050000,4000.000000,6.087000,52.000000,500.000000,500.000000,2.000000,60.000000,0.400000,184,114,184,77,147,21,49,0,0,0,0,0,77,77,0,0,0.000000,1.000000,43.168635,clear-ocean,30.000000,60.000000,0.151000,1042,2799234,717.752308,10.224392,73,3,0,70,0,70,0,0,70,0,0,0,0,0,0,108,30,1,77,0,0,0,0,0,21,49,114,21,49,77,3.525859,158.886611,2210.794294,0.000000,0.000000,32.456140,0,0,0,1597277.875823,18.734641,115.827462,6282.441436,543.784274,152.296209,156.946645,1595892.968079,1590229.072284,853.027128,7048.803539,531.880615,0.034044,0.009535,0.009826,99.913296,0.033299,13.939465,9.233694,3.263606,45.466952,74,1.183761,14,37,0,100.000000,1.303667,79.891304,1211.501004,2209.558974,10949.485789,0.000000,239.244901
7080.000000,contribution,optical,hardware,1,1,1,0,priority,0.000500,180,15,hybrid,0.050000,4000.000000,6.087000,52.000000,500.000000,500.000000,2.000000,60.000000,0.400000,184,114,184,77,147,21,49,0,0,0,0,0,77,77,0,0,0.000000,1.000000,43.168635,clear-ocean,30.000000,60.000000,0.151000,1042,2799234,717.752308,10.137744,73,3,0,70,0,70,0,0,70,0,0,0,0,0,0,108,30,1,77,0,0,0,0,0,21,49,114,21,49,77,3.525859,158.886611,2210.794294,0.000000,0.000000,32.456140,0,0,0,1610874.977296,18.734641,115.827462,6282.441436,547.920444,153.330252,157.176432,1609484.669552,1603820.773757,858.427128,7054.203539,531.880615,0.034014,0.009518,0.009757,99.913692,0.033018,13.939465,9.233694,3.263606,45.395198,74,1.173729,14,37,0,100.000000,1.303667,79.891304,1211.501004,2190.833898,11035.592505,0.000000,163.761329
7140.000000,contribution,optical,hardware,1,1,1,0,priority,0.000500,180,15,hybrid,0.050000,4000.000000,6.087000,52.000000,500.000000,500.000000,2.000000,60.000000,0.400000,184,114,184,77,147,21,49,0,0,0,0,0,77,77,0,0,0.000000,1.000000,43.168635,clear-ocean,30.000000,60.000000,0.151000,1042,2799234,717.752308,10.052553,73,3,0,70,0,70,0,0,70,0,0,0,0,0,0,108,30,1,77,0,0,0,0,0,21,49,114,21,49,77,3.525859,158.886611,2210.794294,0.000000,0.000000,32.456140,0,0,0,1624472.078768,18.734641,115.827462,6282.441436,552.056614,154.364295,157.406219,1623076.371024,1617412.475230,863.827128,7059.603539,531.880615,0.033984,0.009502,0.009690,99.914082,0.032742,13.939465,9.233694,3.263606,45.324650,74,1.163866,14,37,0,100.000000,1.303667,79.891304,1211.501004,2172.423529,11121.699221,0.000000,96.454830
7200.000000,contribution,optical,hardware,1,1,1,0,priority,0.000500,180,15,hybrid,0.050000,4000.000000,6.087000,52.000000,500.000000,500.000000,2.000000,60.000000,0.400000,184,114,184,77,147,21,49,0,0,0,0,0,77,77,0,0,0.000000,1.000000,43.168635,clear-ocean,30.000000,60.000000,0.151000,1042,2799234,717.752308,9.968782,73,3,0,70,0,70,0,0,70,0,0,0,0,0,0,108,30,1,77,0,0,0,0,0,21,49,114,21,49,77,3.525859,158.886611,2210.794294,0.000000,0.000000,32.456140,0,0,0,1638069.180241,18.734641,115.827462,6282.441436,556.192785,155.398337,157.636007,1636668.072497,1631004.176702,869.227128,7065.003539,531.880615,0.033954,0.009487,0.009623,99.914466,0.032470,13.939465,9.233694,3.263606,45.255278,74,1.154167,14,37,0,100.000000,1.303667,79.891304,1211.501004,2154.320000,11207.805937,0.000000,43.707346
7260.000000,contribution,optical,hardware,1,1,1,0,priority,0.000500,180,15,hybrid,0.050000,4000.000000,6.087000,52.000000,500.000000,500.000000,2.000000,60.000000,0.400000,184,114,184,77,147,21,49,0,0,0,0,0,77,77,0,0,0.000000,1.000000,43.168635,clear-ocean,30.000000,60.000000,0.151000,1042,2799234,717.752308,9.886395,73,3,0,70,0,70,0,0,70,0,0,0,0,0,0,108,30,1,77,0,0,0,0,0,21,49,114,21,49,77,3.525859,158.886611,2210.794294,0.000000,0.000000,32.456140,0,0,0,1651666.281713,18.734641,115.827462,6282.441436,560.328955,156.432380,157.865794,1650259.773969,1644595.878175,874.627128,7070.403539,531.880615,0.033925,0.009471,0.009558,99.914843,0.032203,13.939465,9.233694,3.263606,45.187052,74,1.144628,14,37,0,100.000000,1.303667,79.891304,1211.501004,2136.515702,11293.912653,0.000000,10.520348
7320.000000,contribution,optical,hardware,1,1,1,0,priority,0.000500,180,15,hybrid,0.050000,4000.000000,6.087000,52.000000,500.000000,500.000000,2.000000,60.000000,0.400000,184,114,184,77,147,21,49,0,0,0,0,0,77,77,0,0,0.000000,1.000000,43.168635,clear-ocean,30.000000,60.000000,0.151000,1042,2799234,717.752308,9.805359,73,3,0,70,0,70,0,0,70,0,0,0,0,0,0,108,30,1,77,0,0,0,0,0,21,49,114,21,49,77,3.525859,158.886611,2210.794294,0.000000,0.000000,32.456140,0,0,0,1665263.383186,18.734641,115.827462,6282.441436,564.465125,157.466422,158.095581,1663851.475442,1658187.579647,880.027128,7075.803539,531.880615,0.033896,0.009456,0.009494,99.915214,0.031940,13.939465,9.233694,3.263606,45.119945,74,1.135246,14,37,0,100.000000,1.303667,79.891304,1211.501004,2119.003279,11380.019370,-0.000000,0.040596
7380.000000,contribution,optical,hardware,1,1,1,0,priority,0.000500,180,15,hybrid,0.050000,4000.000000,6.087000,52.000000,500.000000,500.000000,2.000000,60.000000,0.400000,184,114,184,77,147,21,49,0,0,0,0,0,77,77,0,0,0.000000,1.000000,43.168635,clear-ocean,30.000000,60.000000,0.151000,1042,2799234,717.752308,9.725641,73,3,0,70,0,70,0,0,70,0,0,0,0,0,0,108,30,1,77,0,0,0,0,0,21,49,114,21,49,77,3.525859,158.886611,2210.794294,0.000000,0.000000,32.456140,0,0,0,1678860.484658,18.734641,115.827462,6282.441436,568.601295,158.500465,158.325368,1677443.176914,1671779.281120,885.427128,7081.203539,531.880615,0.033868,0.009441,0.009431,99.915579,0.031681,13.939465,9.233694,3.263606,45.053930,74,1.126016,14,37,0,100.000000,1.303667,79.891304,1211.501004,2101.775610,11466.126086,-0.000000,13.261771
7440.000000,contribution,optical,hardware,1,1,1,0,priority,0.000500,180,15,hybrid,0.050000,4000.000000,6.087000,52.000000,500.000000,500.000000,2.000000,60.000000,0.400000,184,114,184,77,147,21,49,0,0,0,0,0,77,77,0,0,0.000000,1.000000,43.168635,clear-ocean,30.000000,60.000000,0.151000,1042,2799234,717.752308,9.647208,73,3,0,70,0,70,0,0,70,0,0,0,0,0,0,108,30,1,77,0,0,0,0,0,21,49,114,21,49,77,3.525859,158.886611,2210.794294,0.000000,0.000000,32.456140,0,0,0,1692457.586131,18.734641,115.827462,6282.441436,572.737465,159.534507,158.555155,1691034.878387,1685370.982592,890.827128,7086.603539,531.880615,0.033841,0.009426,0.009368,99.915938,0.031427,13.939465,9.233694,3.263606,44.988978,74,1.116935,14,37,0,100.000000,1.303667,79.891304,1211.501004,2084.825806,11552.232802,-0.000000,48.930253
7500.000000,contribution,optical,hardware,1,1,1,0,priority,0.000500,180,15,hybrid,0.050000,4000.000000,6.087000,52.000000,500.000000,500.000000,2.000000,60.000000,0.400000,184,114,184,77,147,21,49,0,0,0,0,0,77,77,0,0,0.000000,1.000000,43.168635,clear-ocean,30.000000,60.000000,0.151000,1042,2799234,717.752308,9.570031,73,3,0,70,0,70,0,0,70,0,0,0,0,0,0,108,30,1,77,0,0,0,0,0,21,49,114,21,49,77,3.525859,158.886611,2210.794294,0.000000,0.000000,32.456140,0,0,0,1706054.687603,18.734641,115.827462,6282.441436,576.873636,160.568550,158.784943,1704626.579859,1698962.684065,896.227128,7092.003539,531.880615,0.033813,0.009412,0.009307,99.916292,0.031176,13.939465,9.233694,3.263606,44.925067,74,1.108000,14,37,0,100.000000,1.303667,79.891304,1211.501004,2068.147200,11638.339518,-0.000000,103.663988
7560.000000,contribution,optical,hardware,1,1,1,0,priority,0.000500,180,15,hybrid,0.050000,4000.000000,6.087000,52.000000,500.000000,500.000000,2.000000,60.000000,0.400000,184,114,184,77,147,21,49,0,0,0,0,0,77,77,0,0,0.000000,1.000000,43.168635,clear-ocean,30.000000,60.000000,0.151000,1042,2799234,717.752308,9.494078,73,3,0,70,0,70,0,0,70,0,0,0,0,0,0,108,30,1,77,0,0,0,0,0,21,49,114,21,49,77,3.525859,158.886611,2210.794294,0.000000,0.000000,32.456140,0,0,0,1719651.789076,18.734641,115.827462,6282.441436,581.009806,161.602592,159.014730,1718218.281332,1712554.385537,901.627128,7097.403539,531.880615,0.033786,0.009397,0.009247,99.916640,0.030930,13.939465,9.233694,3.263606,44.862169,74,1.099206,14,37,0,100.000000,1.303667,79.891304,1211.501004,2051.733333,11724.446234,-0.000000,172.273173
7620.000000,contribution,optical,hardware,1,1,1,0,priority,0.000500,180,15,hybrid,0.050000,4000.000000,6.087000,52.000000,500.000000,500.000000,2.000000,60.000000,0.400000,184,114,184,77,147,21,49,0,0,0,0,0,77,77,0,0,0.000000,1.000000,43.168635,clear-ocean,30.000000,60.000000,0.151000,1042,2799234,717.752308,9.419322,73,3,0,70,0,70,0,0,70,0,0,0,0,0,0,108,30,1,77,0,0,0,0,0,21,49,114,21,49,77,3.525859,158.886611,2210.794294,0.000000,0.000000,32.456140,0,0,0,1733248.890548,18.734641,115.827462,6282.441436,585.145976,162.636635,159.244517,1731809.982805,1726146.087010,907.027128,7102.803539,531.880615,0.033760,0.009383,0.009188,99.916982,0.030687,13.939465,9.233694,3.263606,44.800262,74,1.090551,14,37,0,100.000000,1.303667,79.891304,1211.501004,2035.577953,11810.552950,-0.000000,248.252347
7680.000000,contribution,optical,hardware,1,1,1,0,priority,0.000500,180,15,hybrid,0.050000,4000.000000,6.087000,52.000000,500.000000,500.000000,2.000000,60.000000,0.400000,184,114,184,77,147,21,49,0,0,0,0,0,77,77,0,0,0.000000,1.000000,43.168635,clear-ocean,30.000000,60.000000,0.151000,1042,2799234,717.752308,9.345733,73,3,0,70,0,70,0,0,70,0,0,0,0,0,0,108,30,1,77,0,0,0,0,0,21,49,114,21,49,77,3.525859,158.886611,2210.794294,0.000000,0.000000,32.456140,0,0,0,1746845.992021,18.734641,115.827462,6282.441436,589.282146,163.670678,159.474304,1745401.684277,1739737.788482,912.427128,7108.203539,531.880615,0.033734,0.009369,0.009129,99.917319,0.030448,13.939465,9.233694,3.263606,44.739323,74,1.082031,14,37,0,100.000000,1.303667,79.891304,1211.501004,2019.675000,11896.659666,-0.000000,324.397231
7740.000000,contribution,optical,hardware,1,1,1,0,priority,0.000500,180,15,hybrid,0.050000,4000.000000,6.087000,52.000000,500.000000,500.000000,2.000000,60.000000,0.400000,184,114,184,77,147,21,49,0,0,0,0,0,77,77,0,0,0.000000,1.000000,43.168635,clear-ocean,30.000000,60.000000,0.151000,1042,2799234,717.752308,9.273286,73,3,0,70,0,70,0,0,70,0,0,0,0,0,0,108,30,1,77,0,0,0,0,0,21,49,114,21,49,77,3.525859,158.886611,2210.794294,0.000000,0.000000,32.456140,0,0,0,1760443.093493,18.734641,115.827462,6282.441436,593.418316,164.704720,159.704092,1758993.385750,1753329.489955,917.827128,7113.603539,531.880615,0.033708,0.009356,0.009072,99.917651,0.030213,13.939465,9.233694,3.263606,44.679328,74,1.073643,14,37,0,100.000000,1.303667,79.891304,1211.501004,2004.018605,11982.766383,-0.000000,393.487836
7800.000000,contribution,optical,hardware,1,1,1,0,priority,0.000500,180,15,hybrid,0.050000,4000.000000,6.087000,52.000000,500.000000,500.000000,2.000000,60.000000,0.400000,184,114,184,77,147,21,49,0,0,0,0,0,77,77,0,0,0.000000,1.000000,43.168635,clear-ocean,30.000000,60.000000,0.151000,1042,2799234,717.752308,9.201953,73,3,0,70,0,70,0,0,70,0,0,0,0,0,0,108,30,1,77,0,0,0,0,0,21,49,114,21,49,77,3.525859,158.886611,2210.794294,0.000000,0.000000,32.456140,0,0,0,1774040.194966,18.734641,115.827462,6282.441436,597.554487,165.738763,159.933879,1772585.087222,1766921.191427,923.227128,7119.003539,531.880615,0.033683,0.009342,0.009015,99.917978,0.029981,13.939465,9.233694,3.263606,44.620256,74,1.065385,14,37,0,100.000000,1.303667,79.891304,1211.501004,1988.603077,12068.873099,-0.000000,448.973053
7860.000000,contribution,optical,hardware,1,1,1,0,priority,0.000500,180,15,hybrid,0.050000,4000.000000,6.087000,52.000000,500.000000,500.000000,2.000000,60.000000,0.400000,184,114,184,77,147,21,49,0,0,0,0,0,77,77,0,0,0.000000,1.000000,43.168635,clear-ocean,30.000000,60.000000,0.151000,1042,2799234,717.752308,9.131709,73,3,0,70,0,70,0,0,70,0,0,0,0,0,0,108,30,1,77,0,0,0,0,0,21,49,114,21,49,77,3.525859,158.886611,2210.794294,0.000000,0.000000,32.456140,0,0,0,1787637.296438,18.734641,115.827462,6282.441436,601.690657,166.772805,160.163666,1786176.788695,1780512.892900,928.627128,7124.403539,531.880615,0.033658,0.009329,0.008960,99.918300,0.029753,13.939465,9.233694,3.263606,44.562087,74,1.057252,14,37,0,100.000000,1.303667,79.891304,1211.501004,1973.422901,12154.979815,-0.000000,485.591824
7920.000000,contribution,optical,hardware,1,1,1,0,priority,0.000500,180,15,hybrid,0.050000,4000.000000,6.087000,52.000000,500.000000,500.000000,2.000000,60.000000,0.400000,184,114,184,83,148,21,49,0,0,0,0,0,83,83,0,0,0.000000,1.000000,43.163604,clear-ocean,30.000000,60.000000,0.151000,1054,2845206,729.540000,9.211364,73,3,0,70,0,70,0,0,70,0,0,0,0,0,0,110,30,1,78,1,0,0,0,0,21,49,114,21,49,78,3.525859,158.886611,2247.081419,0.000000,0.000000,31.578947,0,0,0,1801348.468475,18.734641,115.827462,6396.512000,605.826827,167.806848,167.593453,1799867.594988,1794104.594372,941.227128,7243.874103,539.646359,0.033632,0.009316,0.009304,99.917791,0.029958,13.939465,9.233694,3.280263,44.494949,74,1.057071,14,31,4,100.000000,1.303667,80.434783,1237.377282,1983.725253,12241.086531,-0.000000,499.871988
7980.000000,contribution,optical,hardware,1,1,1,0,priority,0.000500,180,15,hybrid,0.050000,4000.000000,6.087000,52.000000,500.000000,500.000000,2.000000,60.000000,0.400000,184,114,184,83,153,21,49,0,0,0,0,0,83,83,0,0,0.000000,1.000000,43.163604,clear-ocean,30.000000,60.000000,0.151000,1084,2950956,756.655385,9.481897,73,3,0,70,0,70,0,0,70,0,0,0,0,0,0,114,30,1,83,0,0,0,0,0,21,49,114,21,49,83,3.525859,158.886611,2408.745499,0.000000,0.000000,27.192982,0,0,0,1815186.063076,18.734641,115.827462,6637.005128,609.962997,168.840890,167.823241,1813676.235947,1807696.295845,946.627128,7489.767231,563.200000,0.033603,0.009302,0.009246,99.916822,0.031027,13.939465,9.233694,3.198557,44.393484,74,1.057143,14,31,0,100.000000,1.303667,83.152174,1358.074271,2094.123308,12327.193247,0.000000,490.459514
8040.000000,contribution,optical,hardware,1,1,1,0,priority,0.000500,180,15,hybrid,0.050000,4000.000000,6.087000,52.000000,500.000000,500.000000,2.000000,60.000000,0.400000,184,114,184,83,153,21,49,0,0,0,0,0,83,83,0,0,0.000000,1.000000,43.163604,clear-ocean,30.000000,60.000000,0.151000,1084,2950956,756.655385,9.411137,73,3,0,70,0,70,0,0,70,0,0,0,0,0,0,114,30,1,83,0,0,0,0,0,21,49,114,21,49,83,3.525859,158.886611,2408.745499,0.000000,0.000000,27.192982,0,0,0,1828783.164548,18.734641,115.827462,6637.005128,614.099167,169.874933,168.053028,1827267.937420,1821287.997317,952.027128,7495.167231,563.200000,0.033580,0.009289,0.009189,99.917146,0.030796,13.939465,9.233694,3.198557,44.293532,74,1.049254,14,31,0,100.000000,1.303667,83.152174,1358.074271,2078.495522,12413.299963,0.000000,458.246884
8100.000000,contribution,optical,hardware,1,1,1,0,priority,0.000500,180,15,hybrid,0.050000,4000.000000,6.087000,52.000000,500.000000,500.000000,2.000000,60.000000,0.400000,184,114,184,83,153,21,49,0,0,0,0,0,83,83,0,0,0.000000,1.000000,43.163604,clear-ocean,30.000000,60.000000,0.151000,1084,2950956,756.655385,9.341425,73,3,0,70,0,70,0,0,70,0,0,0,0,0,0,114,30,1,83,0,0,0,0,0,21,49,114,21,49,83,3.525859,158.886611,2408.745499,0.000000,0.000000,27.192982,0,0,0,1842380.266021,18.734641,115.827462,6637.005128,618.235338,170.908975,168.282815,1840859.638892,1834879.698790,957.427128,7500.567231,563.200000,0.033556,0.009277,0.009134,99.917464,0.030569,13.939465,9.233694,3.198557,44.195062,74,1.041481,14,31,0,100.000000,1.303667,83.152174,1358.074271,2063.099259,12499.406680,0.000000,406.288471
8160.000000,contribution,optical,hardware,1,1,1,0,priority,0.000500,180,15,hybrid,0.050000,4000.000000,6.087000,52.000000,500.000000,500.000000,2.000000,60.000000,0.400000,184,114,184,83,153,21,49,0,0,0,0,0,83,83,0,0,0.000000,1.000000,43.163604,clear-ocean,30.000000,60.000000,0.151000,1084,2950956,756.655385,9.272738,73,3,0,70,0,70,0,0,70,0,0,0,0,0,0,114,30,1,83,0,0,0,0,0,21,49,114,21,49,83,3.525859,158.886611,2408.745499,0.000000,0.000000,27.192982,0,0,0,1855977.367493,18.734641,115.827462,6637.005128,622.371508,171.943018,168.512602,1854451.340365,1848471.400262,962.827128,7505.967231,563.200000,0.033533,0.009264,0.009079,99.917778,0.030345,13.939465,9.233694,3.198557,44.098039,74,1.033824,14,31,0,100.000000,1.303667,83.152174,1358.074271,2047.929412,12585.513396,0.000000,339.510925
8220.000000,contribution,optical,hardware,1,1,1,0,priority,0.000500,180,15,hybrid,0.050000,4000.000000,6.087000,52.000000,500.000000,500.000000,2.000000,60.000000,0.400000,184,114,184,83,153,21,49,0,0,0,0,0,83,83,0,0,0.000000,1.000000,43.163604,clear-ocean,30.000000,60.000000,0.151000,1084,2950956,756.655385,9.205053,73,3,0,70,0,70,0,0,70,0,0,0,0,0,0,114,30,1,83,0,0,0,0,0,21,49,114,21,49,83,3.525859,158.886611,2408.745499,0.000000,0.000000,27.192982,0,0,0,1869574.468966,18.734641,115.827462,6637.005128,626.507678,172.977061,168.742390,1868043.041837,1862063.101735,968.227128,7511.367231,563.200000,0.033511,0.009252,0.009026,99.918087,0.030125,13.939465,9.233694,3.198557,44.002433,74,1.026277,14,31,0,100.000000,1.303667,83.152174,1358.074271,2032.981022,12528.379888,0.000000,385.182255
8280.000000,contribution,optical,hardware,1,1,1,0,priority,0.000500,180,15,hybrid,0.050000,4000.000000,6.087000,52.000000,500.000000,500.000000,2.000000,60.000000,0.400000,184,114,184,83,153,21,49,0,0,0,0,0,83,83,0,0,0.000000,1.000000,43.163604,clear-ocean,30.000000,60.000000,0.151000,1084,2950956,756.655385,9.138350,73,3,0,70,0,70,0,0,70,0,0,0,0,0,0,114,30,1,83,0,0,0,0,0,21,49,114,21,49,83,3.525859,158.886611,2408.745499,0.000000,0.000000,27.192982,0,0,0,1883171.570438,18.734641,115.827462,6637.005128,630.643848,174.011103,168.972177,1881634.743310,1875654.803207,973.627128,7516.767231,563.200000,0.033488,0.009240,0.008973,99.918392,0.029907,13.939465,9.233694,3.198557,43.908213,74,1.018841,14,31,0,100.000000,1.303667,83.152174,1358.074271,2018.249275,12442.273172,0.000000,442.758027
8340.000000,contribution,optical,hardware,1,1,1,0,priority,0.000500,180,15,hybrid,0.050000,4000.000000,6.087000,52.000000,500.000000,500.000000,2.000000,60.000000,0.400000,184,114,184,83,153,21,49,0,0,0,0,0,83,83,0,0,0.000000,1.000000,43.163604,clear-ocean,30.000000,60.000000,0.151000,1084,2950956,756.655385,9.072607,73,3,0,70,0,70,0,0,70,0,0,0,0,0,0,114,30,1,83,0,0,0,0,0,21,49,114,21,49,83,3.525859,158.886611,2408.745499,0.000000,0.000000,27.192982,0,0,0,1896768.671911,18.734641,115.827462,6637.005128,634.780019,175.045146,169.201964,1895226.444782,1889246.504680,979.027128,7522.167231,563.200000,0.033466,0.009229,0.008921,99.918692,0.029693,13.939465,9.233694,3.198557,43.815348,74,1.011511,14,31,0,100.000000,1.303667,83.152174,1358.074271,2003.729496,12356.166456,0.000000,482.056655
8400.000000,contribution,optical,hardware,1,1,1,0,priority,0.000500,180,15,hybrid,0.050000,4000.000000,6.087000,52.000000,500.000000,500.000000,2.000000,60.000000,0.400000,184,114,184,83,153,21,49,0,0,0,0,0,83,83,0,0,0.000000,1.000000,43.163604,clear-ocean,30.000000,60.000000,0.151000,1084,2950956,756.655385,9.007802,73,3,0,70,0,70,0,0,70,0,0,0,0,0,0,114,30,1,83,0,0,0,0,0,21,49,114,21,49,83,3.525859,158.886611,2408.745499,0.000000,0.000000,27.192982,0,0,0,1910365.773383,18.734641,115.827462,6637.005128,638.916189,176.079188,169.431751,1908818.146255,1902838.206152,984.427128,7527.567231,563.200000,0.033445,0.009217,0.008869,99.918988,0.029481,13.939465,9.233694,3.198557,43.723810,74,1.004286,14,31,0,100.000000,1.303667,83.152174,1358.074271,1989.417143,12270.059740,0.000000,499.351878
8460.000000,contribution,optical,hardware,1,1,1,0,priority,0.000500,180,15,hybrid,0.050000,4000.000000,6.087000,52.000000,500.000000,500.000000,2.000000,60.000000,0.400000,184,114,184,83,153,21,49,0,0,0,0,0,83,83,0,0,0.000000,1.000000,43.163604,clear-ocean,30.000000,60.000000,0.151000,1084,2950956,756.655385,8.943917,73,3,0,70,0,70,0,0,70,0,0,0,0,0,0,114,30,1,83,0,0,0,0,0,21,49,114,21,49,83,3.525859,158.886611,2408.745499,0.000000,0.000000,27.192982,0,0,0,1923962.874856,18.734641,115.827462,6637.005128,643.052359,177.113231,169.661538,1922409.847727,1916429.907625,989.827128,7532.967231,563.200000,0.033423,0.009206,0.008818,99.919280,0.029273,13.939465,9.233694,3.198557,43.633570,74,0.997163,14,31,0,100.000000,1.303667,83.152174,1358.074271,1975.307801,12183.953024,-0.000000,493.003780
8520.000000,contribution,optical,hardware,1,1,1,0,priority,0.000500,180,15,hybrid,0.050000,4000.000000,6.087000,52.000000,500.000000,500.000000,2.000000,60.000000,0.400000,184,114,184,83,153,21,49,0,0,0,0,0,83,83,0,0,0.000000,1.000000,43.163604,clear-ocean,30.000000,60.000000,0.151000,1084,2950956,756.655385,8.880932,73,3,0,70,0,70,0,0,70,0,0,0,0,0,0,114,30,1,83,0,0,0,0,0,21,49,114,21,49,83,3.525859,158.886611,2408.745499,0.000000,0.000000,27.192982,0,0,0,1937559.976328,18.734641,115.827462,6637.005128,647.188529,178.147273,169.891326,1936001.549200,1930021.609097,995.227128,7538.367231,563.200000,0.033402,0.009194,0.008768,99.919568,0.029067,13.939465,9.233694,3.198557,43.544601,74,0.990141,14,31,0,100.000000,1.303667,83.152174,1358.074271,1961.397183,12097.846307,-0.000000,463.614281
8580.000000,contribution,optical,hardware,1,1,1,0,priority,0.000500,180,15,hybrid,0.050000,4000.000000,6.087000,52.000000,500.000000,500.000000,2.000000,60.000000,0.400000,184,114,184,83,153,21,49,0,0,0,0,0,83,83,0,0,0.000000,1.000000,43.163604,clear-ocean,30.000000,60.000000,0.151000,1084,2950956,756.655385,8.818827,73,3,0,70,0,70,0,0,70,0,0,0,0,0,0,114,30,1,83,0,0,0,0,0,21,49,114,21,49,83,3.525859,158.886611,2408.745499,0.000000,0.000000,27.192982,0,0,0,1951157.077801,18.734641,115.827462,6637.005128,651.324699,179.181316,170.121113,1949593.250673,1943613.310570,1000.627128,7543.767231,563.200000,0.033381,0.009183,0.008719,99.919851,0.028865,13.939465,9.233694,3.198557,43.456876,74,0.983217,14,31,0,100.000000,1.303667,83.152174,1358.074271,1947.681119,12011.739591,-0.000000,413.970067
8640.000000,contribution,optical,hardware,1,1,1,0,priority,0.000500,180,15,hybrid,0.050000,4000.000000,6.087000,52.000000,500.000000,500.000000,2.000000,60.000000,0.400000,184,114,184,83,153,21,49,0,0,0,0,0,83,83,0,0,0.000000,1.000000,43.163604,clear-ocean,30.000000,60.000000,0.151000,1084,2950956,756.655385,8.757585,73,3,0,70,0,70,0,0,70,0,0,0,0,0,0,114,30,1,83,0,0,0,0,0,21,49,114,21,49,83,3.525859,158.886611,2408.745499,0.000000,0.000000,27.192982,0,0,0,1964754.179274,18.734641,115.827462,6637.005128,655.460870,180.215358,170.350900,1963184.952145,1957205.012042,1006.027128,7549.167231,563.200000,0.033361,0.009172,0.008670,99.920131,0.028665,13.939465,9.233694,3.198557,43.370370,74,0.976389,14,31,0,100.000000,1.303667,83.152174,1358.074271,1934.155556,11925.632875,-0.000000,348.778358
8700.000000,contribution,optical,hardware,1,1,1,0,priority,0.000500,180,15,hybrid,0.050000,4000.000000,6.087000,52.000000,500.000000,500.000000,2.000000,60.000000,0.400000,184,114,184,83,153,21,49,0,0,0,0,0,83,83,0,0,0.000000,1.000000,43.163604,clear-ocean,30.000000,60.000000,0.151000,1084,2950956,756.655385,8.697188,73,3,0,70,0,70,0,0,70,0,0,0,0,0,0,114,30,1,83,0,0,0,0,0,21,49,114,21,49,83,3.525859,158.886611,2408.745499,0.000000,0.000000,27.192982,0,0,0,1978351.280746,18.734641,115.827462,6637.005128,659.597040,181.249401,170.580687,1976776.653618,1970796.713515,1011.427128,7554.567231,563.200000,0.033341,0.009162,0.008622,99.920407,0.028468,13.939465,9.233694,3.198557,43.285057,74,0.969655,14,31,0,100.000000,1.303667,83.152174,1358.074271,1920.816552,11839.526159,-0.000000,274.220573
8760.000000,contribution,optical,hardware,1,1,1,0,priority,0.000500,180,15,hybrid,0.050000,4000.000000,6.087000,52.000000,500.000000,500.000000,2.000000,60.000000,0.400000,184,114,184,83,153,21,49,0,0,0,0,0,83,83,0,0,0.000000,1.000000,43.163604,clear-ocean,30.000000,60.000000,0.151000,1084,2950956,756.655385,8.637619,73,3,0,70,0,70,0,0,70,0,0,0,0,0,0,114,30,1,83,0,0,0,0,0,21,49,114,21,49,83,3.525859,158.886611,2408.745499,0.000000,0.000000,27.192982,0,0,0,1991948.382219,18.734641,115.827462,6637.005128,663.733210,182.283444,170.810475,1990368.355090,1984388.414987,1016.827128,7559.967231,563.200000,0.033321,0.009151,0.008575,99.920679,0.028274,13.939465,9.233694,3.198557,43.200913,74,0.963014,14,31,0,100.000000,1.303667,83.152174,1358.074271,1907.660274,11753.419443,-0.000000,197.366215
8820.000000,contribution,optical,hardware,1,1,1,0,priority,0.000500,180,15,hybrid,0.050000,4000.000000,6.087000,52.000000,500.000000,500.000000,2.000000,60.000000,0.400000,184,114,184,83,153,21,49,0,0,0,0,0,83,83,0,0,0.000000,1.000000,43.163604,clear-ocean,30.000000,60.000000,0.151000,1084,2950956,756.655385,8.578859,73,3,0,70,0,70,0,0,70,0,0,0,0,0,0,114,30,1,83,0,0,0,0,0,21,49,114,21,49,83,3.525859,158.886611,2408.745499,0.000000,0.000000,27.192982,0,0,0,2005545.483691,18.734641,115.827462,6637.005128,667.869380,183.317486,171.040262,2003960.056563,1997980.116460,1022.227128,7565.367231,563.200000,0.033301,0.009141,0.008528,99.920948,0.028082,13.939465,9.233694,3.198557,43.117914,74,0.956463,14,31,0,100.000000,1.303667,83.152174,1358.074271,1894.682993,11667.312727,-0.000000,125.502546
8880.000000,contribution,optical,hardware,1,1,1,0,priority,0.000500,180,15,hybrid,0.050000,4000.000000,6.087000,52.000000,500.000000,500.000000,2.000000,60.000000,0.400000,184,114,184,83,153,21,49,0,0,0,0,0,83,83,0,0,0.000000,1.000000,43.163604,clear-ocean,30.000000,60.000000,0.151000,1084,2950956,756.655385,8.520894,73,3,0,70,0,70,0,0,70,0,0,0,0,0,0,114,30,1,83,0,0,0,0,0,21,49,114,21,49,83,3.525859,158.886611,2408.745499,0.000000,0.000000,27.192982,0,0,0,2019142.585164,18.734641,115.827462,6637.005128,672.005550,184.351529,171.270049,2017551.758035,2011571.817933,1027.627128,7570.767231,563.200000,0.033282,0.009130,0.008482,99.921213,0.027893,13.939465,9.233694,3.198557,43.036036,74,0.950000,14,31,0,100.000000,1.303667,83.152174,1358.074271,1881.881081,11581.206011,-0.000000,65.443614
8940.000000,contribution,optical,hardware,1,1,1,0,priority,0.000500,180,15,hybrid,0.050000,4000.000000,6.087000,52.000000,500.000000,500.000000,2.000000,60.000000,0.400000,184,114,184,83,153,21,49,0,0,0,0,0,83,83,0,0,0.000000,1.000000,43.163604,clear-ocean,30.000000,60.000000,0.151000,1084,2950956,756.655385,8.463707,73,3,0,70,0,70,0,0,70,0,0,0,0,0,0,114,30,1,83,0,0,0,0,0,21,49,114,21,49,83,3.525859,158.886611,2408.745499,0.000000,0.000000,27.192982,0,0,0,2032739.686636,18.734641,115.827462,6637.005128,676.141721,185.385571,171.499836,2031143.459508,2025163.519405,1033.027128,7576.167231,563.200000,0.033263,0.009120,0.008437,99.921474,0.027706,13.939465,9.233694,3.198557,42.955257,74,0.943624,14,31,0,100.000000,1.303667,83.152174,1358.074271,1869.251007,11495.099294,-0.000000,22.884153
9000.000000,contribution,optical,hardware,1,1,1,0,priority,0.000500,180,15,hybrid,0.050000,4000.000000,6.087000,52.000000,500.000000,500.000000,2.000000,60.000000,0.400000,184,114,184,83,153,21,49,0,0,0,0,0,83,83,0,0,0.000000,1.000000,43.163604,clear-ocean,30.000000,60.000000,0.151000,1084,2950956,756.655385,8.407282,73,3,0,70,0,70,0,0,70,0,0,0,0,0,0,114,30,1,83,0,0,0,0,0,21,49,114,21,49,83,3.525859,158.886611,2408.745499,0.000000,0.000000,27.192982,0,0,0,2046336.788109,18.734641,115.827462,6637.005128,680.277891,186.419614,171.729624,2044735.160980,2038755.220878,1038.427128,7581.567231,563.200000,0.033244,0.009110,0.008392,99.921732,0.027522,13.939465,9.233694,3.198557,42.875556,74,0.937333,14,31,0,100.000000,1.303667,83.152174,1358.074271,1856.789333,11408.992578,-0.000000,1.859614
9060.000000,contribution,optical,hardware,1,1,1,0,priority,0.000500,180,15,hybrid,0.050000,4000.000000,6.087000,52.000000,500.000000,500.000000,2.000000,60.000000,0.400000,184,114,184,83,153,21,49,0,0,0,0,0,83,83,0,0,0.000000,1.000000,43.163604,clear-ocean,30.000000,60.000000,0.151000,1084,2950956,756.655385,8.351605,73,3,0,70,0,70,0,0,70,0,0,0,0,0,0,114,30,1,83,0,0,0,0,0,21,49,114,21,49,83,3.525859,158.886611,2408.745499,0.000000,0.000000,27.192982,0,0,0,2059933.889581,18.734641,115.827462,6637.005128,684.414061,187.453656,171.959411,2058326.862453,2052346.922350,1043.827128,7586.967231,563.200000,0.033225,0.009100,0.008348,99.921986,0.027341,13.939465,9.233694,3.198557,42.796909,74,0.931126,14,31,0,100.000000,1.303667,83.152174,1358.074271,1844.492715,11322.885862,0.000000,4.363524
9120.000000,contribution,optical,hardware,1,1,1,0,priority,0.000500,180,15,hybrid,0.050000,4000.000000,6.087000,52.000000,500.000000,500.000000,2.000000,60.000000,0.400000,184,114,184,83,153,21,49,0,0,0,0,0,83,83,0,0,0.000000,1.000000,43.163604,clear-ocean,30.000000,60.000000,0.151000,1084,2950956,756.655385,8.296660,73,3,0,70,0,70,0,0,70,0,0,0,0,0,0,114,30,1,83,0,0,0,0,0,21,49,114,21,49,83,3.525859,158.886611,2408.745499,0.000000,0.000000,27.192982,0,0,0,2073530.991054,18.734641,115.827462,6637.005128,688.550231,188.487699,172.189198,2071918.563925,2065938.623823,1049.227128,7592.367231,563.200000,0.033207,0.009090,0.008304,99.922238,0.027161,13.939465,9.233694,3.198557,42.719298,74,0.925000,14,31,0,100.000000,1.303667,83.152174,1358.074271,1832.357895,11236.779146,0.000000,30.158465
9180.000000,contribution,optical,hardware,1,1,1,0,priority,0.000500,180,15,hybrid,0.050000,4000.000000,6.087000,52.000000,500.000000,500.000000,2.000000,60.000000,0.400000,184,114,184,83,153,21,49,0,0,0,0,0,83,83,0,0,0.000000,1.000000,43.163604,clear-ocean,30.000000,60.000000,0.151000,1084,2950956,756.655385,8.242433,73,3,0,70,0,70,0,0,70,0,0,0,0,0,0,114,30,1,83,0,0,0,0,0,21,49,114,21,49,83,3.525859,158.886611,2408.745499,0.000000,0.000000,27.192982,0,0,0,2087128.092526,18.734641,115.827462,6637.005128,692.686402,189.521741,172.418985,2085510.265398,2079530.325295,1054.627128,7597.767231,563.200000,0.033188,0.009081,0.008261,99.922485,0.026984,13.939465,9.233694,3.198557,42.642702,74,0.918954,14,31,0,100.000000,1.303667,83.152174,1358.074271,1820.381699,11150.672430,0.000000,76.798583
9240.000000,contribution,optical,hardware,1,1,1,0,priority,0.000500,180,15,hybrid,0.050000,4000.000000,6.087000,52.000000,500.000000,500.000000,2.000000,60.000000,0.400000,184,114,184,83,153,21,49,0,0,0,0,0,83,83,0,0,0.000000,1.000000,43.163604,clear-ocean,30.000000,60.000000,0.151000,1084,2950956,756.655385,8.188911,73,3,0,70,0,70,0,0,70,0,0,0,0,0,0,114,30,1,83,0,0,0,0,0,21,49,114,21,49,83,3.525859,158.886611,2408.745499,0.000000,0.000000,27.192982,0,0,0,2100725.193999,18.734641,115.827462,6637.005128,696.822572,190.555784,172.648773,2099101.966870,2093122.026768,1060.027128,7603.167231,563.200000,0.033171,0.009071,0.008219,99.922730,0.026810,13.939465,9.233694,3.198557,42.567100,74,0.912987,14,31,0,100.000000,1.303667,83.152174,1358.074271,1808.561039,11064.565714,0.000000,139.861505
9300.000000,contribution,optical,hardware,1,1,1,0,priority,0.000500,180,15,hybrid,0.050000,4000.000000,6.087000,52.000000,500.000000,500.000000,2.000000,60.000000,0.400000,184,114,184,83,153,21,49,0,0,0,0,0,83,83,0,0,0.000000,1.000000,43.163604,clear-ocean,30.000000,60.000000,0.151000,1084,2950956,756.655385,8.136079,73,3,0,70,0,70,0,0,70,0,0,0,0,0,0,114,30,1,83,0,0,0,0,0,21,49,114,21,49,83,3.525859,158.886611,2408.745499,0.000000,0.000000,27.192982,0,0,0,2114322.295471,18.734641,115.827462,6637.005128,700.958742,191.589827,172.878560,2112693.668343,2106713.728240,1065.427128,7608.567231,563.200000,0.033153,0.009062,0.008177,99.922972,0.026637,13.939465,9.233694,3.198557,42.492473,74,0.907097,14,31,0,100.000000,1.303667,83.152174,1358.074271,1796.892903,10978.458998,0.000000,213.367661
9360.000000,contribution,optical,hardware,1,1,1,0,priority,0.000500,180,15,hybrid,0.050000,4000.000000,6.087000,52.000000,500.000000,500.000000,2.000000,60.000000,0.400000,184,114,184,83,153,21,49,0,0,0,0,0,83,83,0,0,0.000000,1.000000,43.163604,clear-ocean,30.000000,60.000000,0.151000,1084,2950956,756.655385,8.083925,73,3,0,70,0,70,0,0,70,0,0,0,0,0,0,114,30,1,83,0,0,0,0,0,21,49,114,21,49,83,3.525859,158.886611,2408.745499,0.000000,0.000000,27.192982,0,0,0,2127919.396944,18.734641,115.827462,6637.005128,705.094912,192.623869,173.108347,2126285.369815,2120305.429713,1070.827128,7613.967231,563.200000,0.033135,0.009052,0.008135,99.923210,0.026467,13.939465,9.233694,3.198557,42.418803,74,0.901282,14,31,0,100.000000,1.303667,83.152174,1358.074271,1785.374359,10892.352281,0.000000,290.347262
9420.000000,contribution,optical,hardware,1,1,1,0,priority,0.000500,180,15,hybrid,0.050000,4000.000000,6.087000,52.000000,500.000000,500.000000,2.000000,60.000000,0.400000,184,114,184,83,153,21,49,0,0,0,0,0,83,83,0,0,0.000000,1.000000,43.163604,clear-ocean,30.000000,60.000000,0.151000,1084,2950956,756.655385,8.032435,73,3,0,70,0,70,0,0,70,0,0,0,0,0,0,114,30,1,83,0,0,0,0,0,21,49,114,21,49,83,3.525859,158.886611,2408.745499,0.000000,0.000000,27.192982,0,0,0,2141516.498416,18.734641,115.827462,6637.005128,709.231082,193.657912,173.338134,2139877.071288,2133897.131185,1076.227128,7619.367231,563.200000,0.033118,0.009043,0.008094,99.923446,0.026299,13.939465,9.233694,3.198557,42.346072,74,0.895541,14,31,0,100.000000,1.303667,83.152174,1358.074271,1774.002548,10806.245565,0.000000,363.501172
9480.000000,contribution,optical,hardware,1,1,1,0,priority,0.000500,180,15,hybrid,0.050000,4000.000000,6.087000,52.000000,500.000000,500.000000,2.000000,60.000000,0.400000,184,114,184,83,153,21,49,0,0,0,0,0,83,83,0,0,0.000000,1.000000,43.163604,clear-ocean,30.000000,60.000000,0.151000,1084,2950956,756.655385,7.981597,73,3,0,70,0,70,0,0,70,0,0,0,0,0,0,114,30,1,83,0,0,0,0,0,21,49,114,21,49,83,3.525859,158.886611,2408.745499,0.000000,0.000000,27.192982,0,0,0,2155113.599889,18.734641,115.827462,6637.005128,713.367253,194.691954,173.567921,2153468.772760,2147488.832658,1081.627128,7624.767231,563.200000,0.033101,0.009034,0.008054,99.923678,0.026133,13.939465,9.233694,3.198557,42.274262,74,0.889873,14,31,0,100.000000,1.303667,83.152174,1358.074271,1762.774684,10720.138849,0.000000,425.893002
9540.000000,contribution,optical,hardware,1,1,1,0,priority,0.000500,180,15,hybrid,0.050000,4000.000000,6.087000,52.000000,500.000000,500.000000,2.000000,60.000000,0.400000,184,114,184,83,153,21,49,0,0,0,0,0,83,83,0,0,0.000000,1.000000,43.163604,clear-ocean,30.000000,60.000000,0.151000,1084,2950956,756.655385,7.931398,73,3,0,70,0,70,0,0,70,0,0,0,0,0,0,114,30,1,83,0,0,0,0,0,21,49,114,21,49,83,3.525859,158.886611,2408.745499,0.000000,0.000000,27.192982,0,0,0,2168710.701361,18.734641,115.827462,6637.005128,717.503423,195.725997,173.797709,2167060.474233,2161080.534130,1087.027128,7630.167231,563.200000,0.033084,0.009025,0.008014,99.923907,0.025969,13.939465,9.233694,3.198557,42.203354,74,0.884277,14,31,0,100.000000,1.303667,83.152174,1358.074271,1751.688050,10634.032133,0.000000,471.606815
9600.000000,contribution,optical,hardware,1,1,1,0,priority,0.000500,180,15,hybrid,0.050000,4000.000000,6.087000,52.000000,500.000000,500.000000,2.000000,60.000000,0.400000,184,114,184,83,153,21,49,0,0,0,0,0,83,83,0,0,0.000000,1.000000,43.163604,clear-ocean,30.000000,60.000000,0.151000,1084,2950956,756.655385,7.881827,73,3,0,70,0,70,0,0,70,0,0,0,0,0,0,114,30,1,83,0,0,0,0,0,21,49,114,21,49,83,3.525859,158.886611,2408.745499,0.000000,0.000000,27.192982,0,0,0,2182307.802834,18.734641,115.827462,6637.005128,721.639593,196.760039,174.027496,2180652.175705,2174672.235603,1092.427128,7635.567231,563.200000,0.033068,0.009016,0.007974,99.924134,0.025808,13.939465,9.233694,3.198557,42.133333,74,0.878750,14,31,0,100.000000,1.303667,83.152174,1358.074271,1740.740000,10547.925417,0.000000,496.308069
9660.000000,contribution,optical,hardware,1,1,1,0,priority,0.000500,180,15,hybrid,0.050000,4000.000000,6.087000,52.000000,500.000000,500.000000,2.000000,60.000000,0.400000,184,114,184,83,153,21,49,0,0,0,0,0,83,83,0,0,0.000000,1.000000,43.163604,clear-ocean,30.000000,60.000000,0.151000,1084,2950956,756.655385,7.832871,73,3,0,70,0,70,0,0,70,0,0,0,0,0,0,114,30,1,83,0,0,0,0,0,21,49,114,21,49,83,3.525859,158.886611,2408.745499,0.000000,0.000000,27.192982,0,0,0,2195904.904306,18.734641,115.827462,6637.005128,725.775763,197.794082,174.257283,2194243.877178,2188263.937075,1097.827128,7640.967231,563.200000,0.033051,0.009007,0.007936,99.924358,0.025648,13.939465,9.233694,3.198557,42.064182,74,0.873292,14,31,0,100.000000,1.303667,83.152174,1358.074271,1729.927950,10461.818701,-0.000000,497.654611
9720.000000,contribution,optical,hardware,1,1,1,0,priority,0.000500,180,15,hybrid,0.050000,4000.000000,6.087000,52.000000,500.000000,500.000000,2.000000,60.000000,0.400000,184,114,184,83,153,21,49,0,0,0,0,0,83,83,0,0,0.000000,1.000000,43.163604,clear-ocean,30.000000,60.000000,0.151000,1084,2950956,756.655385,7.784520,73,3,0,70,0,70,0,0,70,0,0,0,0,0,0,114,30,1,83,0,0,0,0,0,21,49,114,21,49,83,3.525859,158.886611,2408.745499,0.000000,0.000000,27.192982,0,0,0,2209502.005779,18.734641,115.827462,6637.005128,729.911933,198.828124,174.487070,2207835.578650,2201855.638548,1103.227128,7646.367231,563.200000,0.033035,0.008999,0.007897,99.924579,0.025490,13.939465,9.233694,3.198557,41.995885,74,0.867901,14,31,0,100.000000,1.303667,83.152174,1358.074271,1719.249383,10375.711985,-0.000000,475.518765
9780.000000,contribution,optical,hardware,1,1,1,0,priority,0.000500,180,15,hybrid,0.050000,4000.000000,6.087000,52.000000,500.000000,500.000000,2.000000,60.000000,0.400000,184,114,184,83,153,21,49,0,0,0,0,0,83,83,0,0,0.000000,1.000000,43.163604,clear-ocean,30.000000,60.000000,0.151000,1084,2950956,756.655385,7.736763,73,3,0,70,0,70,0,0,70,0,0,0,0,0,0,114,30,1,83,0,0,0,0,0,21,49,114,21,49,83,3.525859,158.886611,2408.745499,0.000000,0.000000,27.192982,0,0,0,2223099.107251,18.734641,115.827462,6637.005128,734.048104,199.862167,174.716858,2221427.280123,2215447.340020,1108.627128,7651.767231,563.200000,0.033019,0.008990,0.007859,99.924797,0.025334,13.939465,9.233694,3.198557,41.928425,74,0.862577,14,31,0,100.000000,1.303667,83.152174,1358.074271,1708.701840,10289.605268,-0.000000,431.999432
9840.000000,contribution,optical,hardware,1,1,1,0,priority,0.000500,180,15,hybrid,0.050000,4000.000000,6.087000,52.000000,500.000000,500.000000,2.000000,60.000000,0.400000,184,114,184,83,153,21,49,0,0,0,0,0,83,83,0,0,0.000000,1.000000,43.163604,clear-ocean,30.000000,60.000000,0.151000,1084,2950956,756.655385,7.689587,73,3,0,70,0,70,0,0,70,0,0,0,0,0,0,114,30,1,83,0,0,0,0,0,21,49,114,21,49,83,3.525859,158.886611,2408.745499,0.000000,0.000000,27.192982,0,0,0,2236696.208724,18.734641,115.827462,6637.005128,738.184274,200.896209,174.946645,2235018.981595,2229039.041493,1114.027128,7657.167231,563.200000,0.033003,0.008982,0.007822,99.925013,0.025180,13.939465,9.233694,3.198557,41.861789,74,0.857317,14,31,0,100.000000,1.303667,83.152174,1358.074271,1698.282927,10203.498552,-0.000000,371.223075
9900.000000,contribution,optical,hardware,1,1,1,0,priority,0.000500,180,15,hybrid,0.050000,4000.000000,6.087000,52.000000,500.000000,500.000000,2.000000,60.000000,0.400000,184,114,184,83,153,21,49,0,0,0,0,0,83,83,0,0,0.000000,1.000000,43.163604,clear-ocean,30.000000,60.000000,0.151000,1084,2950956,756.655385,7.642984,73,3,0,70,0,70,0,0,70,0,0,0,0,0,0,114,30,1,83,0,0,0,0,0,21,49,114,21,49,83,3.525859,158.886611,2408.745499,0.000000,0.000000,27.192982,0,0,0,2250293.310196,18.734641,115.827462,6637.005128,742.320444,201.930252,175.176432,2248610.683068,2242630.742965,1119.427128,7662.567231,563.200000,0.032988,0.008974,0.007785,99.925226,0.025028,13.939465,9.233694,3.198557,41.795960,74,0.852121,14,31,0,100.000000,1.303667,83.152174,1358.074271,1687.990303,10117.391836,-0.000000,298.952455
9960.000000,contribution,optical,hardware,1,1,1,0,priority,0.000500,180,15,hybrid,0.050000,4000.000000,6.087000,52.000000,500.000000,500.000000,2.000000,60.000000,0.400000,184,114,184,83,153,21,49,0,0,0,0,0,83,83,0,0,0.000000,1.000000,43.163604,clear-ocean,30.000000,60.000000,0.151000,1084,2950956,756.655385,7.596942,73,3,0,70,0,70,0,0,70,0,0,0,0,0,0,114,30,1,83,0,0,0,0,0,21,49,114,21,49,83,3.525859,158.886611,2408.745499,0.000000,0.000000,27.192982,0,0,0,2263890.411669,18.734641,115.827462,6637.005128,746.456614,202.964295,175.406219,2262202.384540,2256222.444438,1124.827128,7667.967231,563.200000,0.032972,0.008965,0.007748,99.925437,0.024878,13.939465,9.233694,3.198557,41.730924,74,0.846988,14,31,0,100.000000,1.303667,83.152174,1358.074271,1677.821687,10031.285120,-0.000000,222.040207
10020.000000,contribution,optical,hardware,1,1,1,0,priority,0.000500,180,15,hybrid,0.050000,4000.000000,6.087000,52.000000,500.000000,500.000000,2.000000,60.000000,0.400000,184,114,184,83,153,21,49,0,0,0,0,0,83,83,0,0,0.000000,1.000000,43.163604,clear-ocean,30.000000,60.000000,0.151000,1084,2950956,756.655385,7.551451,73,3,0,70,0,70,0,0,70,0,0,0,0,0,0,114,30,1,83,0,0,0,0,0,21,49,114,21,49,83,3.525859,158.886611,2408.745499,0.000000,0.000000,27.192982,0,0,0,2277487.513141,18.734641,115.827462,6637.005128,750.592785,203.998337,175.636007,2275794.086013,2269814.145910,1130.227128,7673.367231,563.200000,0.032957,0.008957,0.007712,99.925645,0.024729,13.939465,9.233694,3.198557,41.666667,74,0.841916,14,31,0,100.000000,1.303667,83.152174,1358.074271,1667.774850,9945.178404,-0.000000,147.779081
10080.000000,contribution,optical,hardware,1,1,1,0,priority,0.000500,180,15,hybrid,0.050000,4000.000000,6.087000,52.000000,500.000000,500.000000,2.000000,60.000000,0.400000,184,114,184,83,153,21,49,0,0,0,0,0,83,83,0,0,0.000000,1.000000,43.163604,clear-ocean,30.000000,60.000000,0.151000,1084,2950956,756.655385,7.506502,73,3,0,70,0,70,0,0,70,0,0,0,0,0,0,114,30,1,83,0,0,0,0,0,21,49,114,21,49,83,3.525859,158.886611,2408.745499,0.000000,0.000000,27.192982,0,0,0,2291084.614614,18.734641,115.827462,6637.005128,754.728955,205.032380,175.865794,2289385.787485,2283405.847383,1135.627128,7678.767231,563.200000,0.032942,0.008949,0.007676,99.925851,0.024582,13.939465,9.233694,3.198557,41.603175,74,0.836905,14,31,0,100.000000,1.303667,83.152174,1358.074271,1657.847619,9859.071688,-0.000000,83.210451
10140.000000,contribution,optical,hardware,1,1,1,0,priority,0.000500,180,15,hybrid,0.050000,4000.000000,6.087000,52.000000,500.000000,500.000000,2.000000,60.000000,0.400000,184,114,184,83,153,21,49,0,0,0,0,0,83,83,0,0,0.000000,1.000000,43.163604,clear-ocean,30.000000,60.000000,0.151000,1084,2950956,756.655385,7.462085,73,3,0,70,0,70,0,0,70,0,0,0,0,0,0,114,30,1,83,0,0,0,0,0,21,49,114,21,49,83,3.525859,158.886611,2408.745499,0.000000,0.000000,27.192982,0,0,0,2304681.716086,18.734641,115.827462,6637.005128,758.865125,206.066422,176.095581,2302977.488958,2296997.548855,1141.027128,7684.167231,563.200000,0.032927,0.008941,0.007641,99.926054,0.024437,13.939465,9.233694,3.198557,41.540434,74,0.831953,14,31,0,100.000000,1.303667,83.152174,1358.074271,1648.037870,9772.964972,-0.000000,34.456658
10200.000000,contribution,optical,hardware,1,1,1,0,priority,0.000500,180,15,hybrid,0.050000,4000.000000,6.087000,52.000000,500.000000,500.000000,2.000000,60.000000,0.400000,184,114,184,83,153,21,49,0,0,0,0,0,83,83,0,0,0.000000,1.000000,43.163604,clear-ocean,30.000000,60.000000,0.151000,1084,2950956,756.655385,7.418190,73,3,0,70,0,70,0,0,70,0,0,0,0,0,0,114,30,1,83,0,0,0,0,0,21,49,114,21,49,83,3.525859,158.886611,2408.745499,0.000000,0.000000,27.192982,0,0,0,2318278.817559,18.734641,115.827462,6637.005128,763.001295,207.100465,176.325368,2316569.190430,2310589.250328,1146.427128,7689.567231,563.200000,0.032912,0.008933,0.007606,99.926254,0.024294,13.939465,9.233694,3.198557,41.478431,74,0.827059,14,31,0,100.000000,1.303667,83.152174,1358.074271,1638.343529,9686.858255,-0.000000,6.140491
10260.000000,contribution,optical,hardware,1,1,1,0,priority,0.000500,180,15,hybrid,0.050000,4000.000000,6.087000,52.000000,500.000000,500.000000,2.000000,60.000000,0.400000,184,114,184,83,153,21,49,0,0,0,0,0,83,83,0,0,0.000000,1.000000,43.163604,clear-ocean,30.000000,60.000000,0.151000,1084,2950956,756.655385,7.374809,73,3,0,70,0,70,0,0,70,0,0,0,0,0,0,114,30,1,83,0,0,0,0,0,21,49,114,21,49,83,3.525859,158.886611,2408.745499,0.000000,0.000000,27.192982,0,0,0,2331875.919031,18.734641,115.827462,6637.005128,767.137465,208.134507,176.555155,2330160.891903,2324180.951800,1151.827128,7694.967231,563.200000,0.032898,0.008926,0.007571,99.926453,0.024152,13.939465,9.233694,3.198557,41.417154,74,0.822222,14,31,0,100.000000,1.303667,83.152174,1358.074271,1628.762573,9600.751539,0.000000,0.946864
10320.000000,contribution,optical,hardware,1,1,1,0,priority,0.000500,180,15,hybrid,0.050000,4000.000000,6.087000,52.000000,500.000000,500.000000,2.000000,60.000000,0.400000,184,114,184,83,153,21,49,0,0,0,0,0,83,83,0,0,0.000000,1.000000,43.163604,clear-ocean,30.000000,60.000000,0.151000,1084,2950956,756.655385,7.331932,73,3,0,70,0,70,0,0,70,0,0,0,0,0,0,114,30,1,83,0,0,0,0,0,21,49,114,21,49,83,3.525859,158.886611,2408.745499,0.000000,0.000000,27.192982,0,0,0,2345473.020504,18.734641,115.827462,6637.005128,771.273636,209.168550,176.784943,2343752.593375,2337772.653273,1157.227128,7700.367231,563.200000,0.032884,0.008918,0.007537,99.926649,0.024012,13.939465,9.233694,3.198557,41.356589,74,0.817442,14,31,0,100.000000,1.303667,83.152174,1358.074271,1619.293023,9514.644823,0.000000,19.368233
10380.000000,contribution,optical,hardware,1,1,1,0,priority,0.000500,180,15,hybrid,0.050000,4000.000000,6.087000,52.000000,500.000000,500.000000,2.000000,60.000000,0.400000,184,114,184,83,153,21,49,0,0,0,0,0,83,83,0,0,0.000000,1.000000,43.163604,clear-ocean,30.000000,60.000000,0.151000,1084,2950956,756.655385,7.289551,73,3,0,70,0,70,0,0,70,0,0,0,0,0,0,114,30,1,83,0,0,0,0,0,21,49,114,21,49,83,3.525859,158.886611,2408.745499,0.000000,0.000000,27.192982,0,0,0,2359070.121976,18.734641,115.827462,6637.005128,775.409806,210.202592,177.014730,2357344.294848,2351364.354745,1162.627128,7705.767231,563.200000,0.032869,0.008910,0.007504,99.926843,0.023874,13.939465,9.233694,3.198557,41.296724,74,0.812717,14,31,0,100.000000,1.303667,83.152174,1358.074271,1609.932948,9428.538107,0.000000,59.657900
10440.000000,contribution,optical,hardware,1,1,1,0,priority,0.000500,180,15,hybrid,0.050000,4000.000000,6.087000,52.000000,500.000000,500.000000,2.000000,60.000000,0.400000,184,114,184,83,153,21,49,0,0,0,0,0,83,83,0,0,0.000000,1.000000,43.163604,clear-ocean,30.000000,60.000000,0.151000,1084,2950956,756.655385,7.247657,73,3,0,70,0,70,0,0,70,0,0,0,0,0,0,114,30,1,83,0,0,0,0,0,21,49,114,21,49,83,3.525859,158.886611,2408.745499,0.000000,0.000000,27.192982,0,0,0,2372667.223449,18.734641,115.827462,6637.005128,779.545976,211.236635,177.244517,2370935.996320,2364956.056218,1168.027128,7711.167231,563.200000,0.032855,0.008903,0.007470,99.927035,0.023737,13.939465,9.233694,3.198557,41.237548,74,0.808046,14,31,0,100.000000,1.303667,83.152174,1358.074271,1600.680460,9342.431391,0.000000,117.995634
10500.000000,contribution,optical,hardware,1,1,1,0,priority,0.000500,180,15,hybrid,0.050000,4000.000000,6.087000,52.000000,500.000000,500.000000,2.000000,60.000000,0.400000,184,114,184,83,153,21,49,0,0,0,0,0,83,83,0,0,0.000000,1.000000,43.163604,clear-ocean,30.000000,60.000000,0.151000,1084,2950956,756.655385,7.206242,73,3,0,70,0,70,0,0,70,0,0,0,0,0,0,114,30,1,83,0,0,0,0,0,21,49,114,21,49,83,3.525859,158.886611,2408.745499,0.000000,0.000000,27.192982,0,0,0,2386264.324921,18.734641,115.827462,6637.005128,783.682146,212.270678,177.474304,2384527.697793,2378547.757690,1173.427128,7716.567231,563.200000,0.032841,0.008896,0.007437,99.927224,0.023602,13.939465,9.233694,3.198557,41.179048,74,0.803429,14,31,0,100.000000,1.303667,83.152174,1358.074271,1591.533714,9256.324675,0.000000,188.849904
10560.000000,contribution,optical,hardware,1,1,1,0,priority,0.000500,180,15,hybrid,0.050000,4000.000000,6.087000,52.000000,500.000000,500.000000,2.000000,60.000000,0.400000,184,114,184,83,153,21,49,0,0,0,0,0,83,83,0,0,0.000000,1.000000,43.163604,clear-ocean,30.000000,60.000000,0.151000,1084,2950956,756.655385,7.165297,73,3,0,70,0,70,0,0,70,0,0,0,0,0,0,114,30,1,83,0,0,0,0,0,21,49,114,21,49,83,3.525859,158.886611,2408.745499,0.000000,0.000000,27.192982,0,0,0,2399861.426394,18.734641,115.827462,6637.005128,787.818316,213.304720,177.704092,2398119.399265,2392139.459163,1178.827128,7721.967231,563.200000,0.032828,0.008888,0.007405,99.927411,0.023468,13.939465,9.233694,3.198557,41.121212,74,0.798864,14,31,0,100.000000,1.303667,83.152174,1358.074271,1582.490909,9170.217959,0.000000,265.502372
10620.000000,contribution,optical,hardware,1,1,1,0,priority,0.000500,180,15,hybrid,0.050000,4000.000000,6.087000,52.000000,500.000000,500.000000,2.000000,60.000000,0.400000,184,114,184,83,153,21,49,0,0,0,0,0,83,83,0,0,0.000000,1.000000,43.163604,clear-ocean,30.000000,60.000000,0.151000,1084,2950956,756.655385,7.124815,73,3,0,70,0,70,0,0,70,0,0,0,0,0,0,114,30,1,83,0,0,0,0,0,21,49,114,21,49,83,3.525859,158.886611,2408.745499,0.000000,0.000000,27.192982,0,0,0,2413458.527866,18.734641,115.827462,6637.005128,791.954487,214.338763,177.933879,2411711.100738,2405731.160635,1184.227128,7727.367231,563.200000,0.032814,0.008881,0.007373,99.927597,0.023336,13.939465,9.233694,3.198557,41.064030,74,0.794350,14,31,0,100.000000,1.303667,83.152174,1358.074271,1573.550282,9084.111242,0.000000,340.684918
10680.000000,contribution,optical,hardware,1,1,1,0,priority,0.000500,180,15,hybrid,0.050000,4000.000000,6.087000,52.000000,500.000000,500.000000,2.000000,60.000000,0.400000,184,114,184,83,153,21,49,0,0,0,0,0,83,83,0,0,0.000000,1.000000,43.163604,clear-ocean,30.000000,60.000000,0.151000,1084,2950956,756.655385,7.084788,73,3,0,70,0,70,0,0,70,0,0,0,0,0,0,114,30,1,83,0,0,0,0,0,21,49,114,21,49,83,3.525859,158.886611,2408.745499,0.000000,0.000000,27.192982,0,0,0,2427055.629339,18.734641,115.827462,6637.005128,796.090657,215.372805,178.163666,2425302.802210,2419322.862108,1189.627128,7732.767231,563.200000,0.032801,0.008874,0.007341,99.927780,0.023205,13.939465,9.233694,3.198557,41.007491,74,0.789888,14,31,0,100.000000,1.303667,83.152174,1358.074271,1564.710112,8998.004526,0.000000,407.268802
10740.000000,contribution,optical,hardware,1,1,1,0,priority,0.000500,180,15,hybrid,0.050000,4000.000000,6.087000,52.000000,500.000000,500.000000,2.000000,60.000000,0.400000,184,114,184,83,153,21,49,0,0,0,0,0,83,83,0,0,0.000000,1.000000,43.163604,clear-ocean,30.000000,60.000000,0.151000,1084,2950956,756.655385,7.045208,73,3,0,70,0,70,0,0,70,0,0,0,0,0,0,114,30,1,83,0,0,0,0,0,21,49,114,21,49,83,3.525859,158.886611,2408.745499,0.000000,0.000000,27.192982,0,0,0,2440652.730811,18.734641,115.827462,6637.005128,800.226827,216.406848,178.393453,2438894.503683,2432914.563580,1195.027128,7738.167231,563.200000,0.032787,0.008867,0.007309,99.927961,0.023076,13.939465,9.233694,3.198557,40.951583,74,0.785475,14,31,0,100.000000,1.303667,83.152174,1358.074271,1555.968715,8911.897810,0.000000,458.940599
10800.000000,contribution,optical,hardware,1,1,1,0,priority,0.000500,180,15,hybrid,0.050000,4000.000000,6.087000,52.000000,500.000000,500.000000,2.000000,60.000000,0.400000,184,114,184,83,153,21,49,0,0,0,0,0,83,83,0,0,0.000000,1.000000,43.163604,clear-ocean,30.000000,60.000000,0.151000,1084,2950956,756.655385,7.006068,73,3,0,70,0,70,0,0,70,0,0,0,0,0,0,114,30,1,83,0,0,0,0,0,21,49,114,21,49,83,3.525859,158.886611,2408.745499,0.000000,0.000000,27.192982,0,0,0,2454249.832284,18.734641,115.827462,6637.005128,804.362997,217.440890,178.623241,2452486.205155,2446506.265053,1200.427128,7743.567231,563.200000,0.032774,0.008860,0.007278,99.928140,0.022948,13.939465,9.233694,3.198557,40.896296,74,0.781111,14,31,0,100.000000,1.303667,83.152174,1358.074271,1547.324444,8825.791094,0.000000,490.800835
10860.000000,contribution,optical,hardware,1,1,1,0,priority,0.000500,180,15,hybrid,0.050000,4000.000000,6.087000,52.000000,500.000000,500.000000,2.000000,60.000000,0.400000,184,114,184,83,153,21,49,0,0,0,0,0,83,83,0,0,0.000000,1.000000,43.163604,clear-ocean,30.000000,60.000000,0.151000,1084,2950956,756.655385,6.967361,73,3,0,70,0,70,0,0,70,0,0,0,0,0,0,114,30,1,83,0,0,0,0,0,21,49,114,21,49,83,3.525859,158.886611,2408.745499,0.000000,0.000000,27.192982,0,0,0,2467846.933756,18.734641,115.827462,6637.005128,808.499167,218.474933,178.853028,2466077.906628,2460097.966525,1205.827128,7748.967231,563.200000,0.032761,0.008853,0.007247,99.928317,0.022822,13.939465,9.233694,3.198557,40.841621,74,0.776796,14,31,0,100.000000,1.303667,83.152174,1358.074271,1538.775691,8739.684378,-0.000000,499.828551
10920.000000,contribution,optical,hardware,1,1,1,0,priority,0.000500,180,15,hybrid,0.050000,4000.000000,6.087000,52.000000,500.000000,500.000000,2.000000,60.000000,0.400000,184,114,184,83,153,21,49,0,0,0,0,0,83,83,0,0,0.000000,1.000000,43.163604,clear-ocean,30.000000,60.000000,0.151000,1084,2950956,756.655385,6.929079,73,3,0,70,0,70,0,0,70,0,0,0,0,0,0,114,30,1,83,0,0,0,0,0,21,49,114,21,49,83,3.525859,158.886611,2408.745499,0.000000,0.000000,27.192982,0,0,0,2481444.035229,18.734641,115.827462,6637.005128,812.635338,219.508975,179.082815,2479669.608100,2473689.667998,1211.227128,7754.367231,563.200000,0.032748,0.008846,0.007217,99.928492,0.022696,13.939465,9.233694,3.198557,40.787546,74,0.772527,14,31,0,100.000000,1.303667,83.152174,1358.074271,1530.320879,8653.577662,-0.000000,485.167748
10980.000000,contribution,optical,hardware,1,1,1,0,priority,0.000500,180,15,hybrid,0.050000,4000.000000,6.087000,52.000000,500.000000,500.000000,2.000000,60.000000,0.400000,184,114,184,83,153,21,49,0,0,0,0,0,83,83,0,0,0.000000,1.000000,43.163604,clear-ocean,30.000000,60.000000,0.151000,1084,2950956,756.655385,6.891215,73,3,0,70,0,70,0,0,70,0,0,0,0,0,0,114,30,1,83,0,0,0,0,0,21,49,114,21,49,83,3.525859,158.886611,2408.745499,0.000000,0.000000,27.192982,0,0,0,2495041.136701,18.734641,115.827462,6637.005128,816.771508,220.543018,179.312602,2493261.309573,2487281.369470,1216.627128,7759.767231,563.200000,0.032736,0.008839,0.007187,99.928665,0.022573,13.939465,9.233694,3.198557,40.734062,74,0.768306,14,31,0,100.000000,1.303667,83.152174,1358.074271,1521.958470,8567.470946,-0.000000,448.208549
11040.000000,contribution,optical,hardware,1,1,1,0,priority,0.000500,180,15,hybrid,0.050000,4000.000000,6.087000,52.000000,500.000000,500.000000,2.000000,60.000000,0.400000,184,114,184,83,153,21,49,0,0,0,0,0,83,83,0,0,0.000000,1.000000,43.163604,clear-ocean,30.000000,60.000000,0.151000,1084,2950956,756.655385,6.853763,73,3,0,70,0,70,0,0,70,0,0,0,0,0,0,114,30,1,83,0,0,0,0,0,21,49,114,21,49,83,3.525859,158.886611,2408.745499,0.000000,0.000000,27.192982,0,0,0,2508638.238174,18.734641,115.827462,6637.005128,820.907678,221.577061,179.542390,2506853.011045,2500873.070943,1222.027128,7765.167231,563.200000,0.032723,0.008833,0.007157,99.928837,0.022450,13.939465,9.233694,3.198557,40.681159,74,0.764130,14,31,0,100.000000,1.303667,83.152174,1358.074271,1513.686957,8481.364229,-0.000000,392.455393
11100.000000,contribution,optical,hardware,1,1,1,0,priority,0.000500,180,15,hybrid,0.050000,4000.000000,6.087000,52.000000,500.000000,500.000000,2.000000,60.000000,0.400000,184,114,184,83,153,21,49,0,0,0,0,0,83,83,0,0,0.000000,1.000000,43.163604,clear-ocean,30.000000,60.000000,0.151000,1084,2950956,756.655385,6.816715,73,3,0,70,0,70,0,0,70,0,0,0,0,0,0,114,30,1,83,0,0,0,0,0,21,49,114,21,49,83,3.525859,158.886611,2408.745499,0.000000,0.000000,27.192982,0,0,0,2522235.339646,18.734641,115.827462,6637.005128,825.043848,222.611103,179.772177,2520444.712518,2514464.772415,1227.427128,7770.567231,563.200000,0.032711,0.008826,0.007127,99.929006,0.022329,13.939465,9.233694,3.198557,40.628829,74,0.760000,14,31,0,100.000000,1.303667,83.152174,1358.074271,1505.504865,8395.257513,-0.000000,323.194744
11160.000000,contribution,optical,hardware,1,1,1,0,priority,0.000500,180,15,hybrid,0.050000,4000.000000,6.087000,52.000000,500.000000,500.000000,2.000000,60.000000,0.400000,184,114,184,83,153,21,49,0,0,0,0,0,83,83,0,0,0.000000,1.000000,43.163604,clear-ocean,30.000000,60.000000,0.151000,1084,2950956,756.655385,6.780066,73,3,0,70,0,70,0,0,70,0,0,0,0,0,0,114,30,1,83,0,0,0,0,0,21,49,114,21,49,83,3.525859,158.886611,2408.745499,0.000000,0.000000,27.192982,0,0,0,2535832.441119,18.734641,115.827462,6637.005128,829.180019,223.645146,180.001964,2534036.413990,2528056.473888,1232.827128,7775.967231,563.200000,0.032699,0.008819,0.007098,99.929174,0.022210,13.939465,9.233694,3.198557,40.577061,74,0.755914,14,31,0,100.000000,1.303667,83.152174,1358.074271,1497.410753,8309.150797,-0.000000,246.993835
11220.000000,contribution,optical,hardware,1,1,1,0,priority,0.000500,180,15,hybrid,0.050000,4000.000000,6.087000,52.000000,500.000000,500.000000,2.000000,60.000000,0.400000,184,114,184,83,153,21,49,0,0,0,0,0,83,83,0,0,0.000000,1.000000,43.163604,clear-ocean,30.000000,60.000000,0.151000,1084,2950956,756.655385,6.743809,73,3,0,70,0,70,0,0,70,0,0,0,0,0,0,114,30,1,83,0,0,0,0,0,21,49,114,21,49,83,3.525859,158.886611,2408.745499,0.000000,0.000000,27.192982,0,0,0,2549429.542591,18.734641,115.827462,6637.005128,833.316189,224.679188,180.231751,2547628.115463,2541648.175360,1238.227128,7781.367231,563.200000,0.032686,0.008813,0.007069,99.929340,0.022091,13.939465,9.233694,3.198557,40.525847,74,0.751872,14,31,0,100.000000,1.303667,83.152174,1358.074271,1489.403209,8223.044081,-0.000000,171.077968
11280.000000,contribution,optical,hardware,1,1,1,0,priority,0.000500,180,15,hybrid,0.050000,4000.000000,6.087000,52.000000,500.000000,500.000000,2.000000,60.000000,0.400000,184,114,184,83,153,21,49,0,0,0,0,0,83,83,0,0,0.000000,1.000000,43.163604,clear-ocean,30.000000,60.000000,0.151000,1084,2950956,756.655385,6.707938,73,3,0,70,0,70,0,0,70,0,0,0,0,0,0,114,30,1,83,0,0,0,0,0,21,49,114,21,49,83,3.525859,158.886611,2408.745499,0.000000,0.000000,27.192982,0,0,0,2563026.644064,18.734641,115.827462,6637.005128,837.452359,225.713231,180.461538,2561219.816935,2555239.876833,1243.627128,7786.767231,563.200000,0.032674,0.008807,0.007041,99.929504,0.021974,13.939465,9.233694,3.198557,40.475177,74,0.747872,14,31,0,100.000000,1.303667,83.152174,1358.074271,1481.480851,8136.937365,-0.000000,102.645417
11340.000000,contribution,optical,hardware,1,1,1,0,priority,0.000500,180,15,hybrid,0.050000,4000.000000,6.087000,52.000000,500.000000,500.000000,2.000000,60.000000,0.400000,184,114,184,83,153,21,49,0,0,0,0,0,83,83,0,0,0.000000,1.000000,43.163604,clear-ocean,30.000000,60.000000,0.151000,1084,2950956,756.655385,6.672446,73,3,0,70,0,70,0,0,70,0,0,0,0,0,0,114,30,1,83,0,0,0,0,0,21,49,114,21,49,83,3.525859,158.886611,2408.745499,0.000000,0.000000,27.192982,0,0,0,2576623.745536,18.734641,115.827462,6637.005128,841.588529,226.747273,180.691326,2574811.518408,2568831.578305,1249.027128,7792.167231,563.200000,0.032662,0.008800,0.007013,99.929667,0.021858,13.939465,9.233694,3.198557,40.425044,74,0.743915,14,31,0,100.000000,1.303667,83.152174,1358.074271,1473.642328,8050.830649,-0.000000,48.184896
11400.000000,contribution,optical,hardware,1,1,1,0,priority,0.000500,180,15,hybrid,0.050000,4000.000000,6.087000,52.000000,500.000000,500.000000,2.000000,60.000000,0.400000,184,114,184,83,153,21,49,0,0,0,0,0,83,83,0,0,0.000000,1.000000,43.163604,clear-ocean,30.000000,60.000000,0.151000,1084,2950956,756.655385,6.637328,73,3,0,70,0,70,0,0,70,0,0,0,0,0,0,114,30,1,83,0,0,0,0,0,21,49,114,21,49,83,3.525859,158.886611,2408.745499,0.000000,0.000000,27.192982,0,0,0,2590220.847009,18.734641,115.827462,6637.005128,845.724699,227.781316,180.921113,2588403.219880,2582423.279778,1254.427128,7797.567231,563.200000,0.032651,0.008794,0.006985,99.929827,0.021743,13.939465,9.233694,3.198557,40.375439,74,0.740000,14,31,0,100.000000,1.303667,83.152174,1358.074271,1465.886316,7964.723933,-0.000000,12.860303
11460.000000,contribution,optical,hardware,1,1,1,0,priority,0.000500,180,15,hybrid,0.050000,4000.000000,6.087000,52.000000,500.000000,500.000000,2.000000,60.000000,0.400000,184,114,184,83,153,21,49,0,0,0,0,0,83,83,0,0,0.000000,1.000000,43.163604,clear-ocean,30.000000,60.000000,0.151000,1084,2950956,756.655385,6.602578,73,3,0,70,0,70,0,0,70,0,0,0,0,0,0,114,30,1,83,0,0,0,0,0,21,49,114,21,49,83,3.525859,158.886611,2408.745499,0.000000,0.000000,27.192982,0,0,0,2603817.948481,18.734641,115.827462,6637.005128,849.860870,228.815358,181.150900,2601994.921353,2596014.981250,1259.827128,7802.967231,563.200000,0.032639,0.008788,0.006957,99.929986,0.021630,13.939465,9.233694,3.198557,40.326353,74,0.736126,14,31,0,100.000000,1.303667,83.152174,1358.074271,1458.211518,7878.617216,-0.000000,0.021083
11520.000000,contribution,optical,hardware,1,1,1,0,priority,0.000500,180,15,hybrid,0.050000,4000.000000,6.087000,52.000000,500.000000,500.000000,2.000000,60.000000,0.400000,184,114,184,83,153,21,49,0,0,0,0,0,83,83,0,0,0.000000,1.000000,43.163604,clear-ocean,30.000000,60.000000,0.151000,1084,2950956,756.655385,6.568189,73,3,0,70,0,70,0,0,70,0,0,0,0,0,0,114,30,1,83,0,0,0,0,0,21,49,114,21,49,83,3.525859,158.886611,2408.745499,0.000000,0.000000,27.192982,0,0,0,2617415.049954,18.734641,115.827462,6637.005128,853.997040,229.849401,181.380687,2615586.622825,2609606.682723,1265.227128,7808.367231,563.200000,0.032627,0.008782,0.006930,99.930144,0.021517,13.939465,9.233694,3.198557,40.277778,74,0.732292,14,31,0,100.000000,1.303667,83.152174,1358.074271,1450.616667,7792.510500,0.000000,10.884641
11580.000000,contribution,optical,hardware,1,1,1,0,priority,0.000500,180,15,hybrid,0.050000,4000.000000,6.087000,52.000000,500.000000,500.000000,2.000000,60.000000,0.400000,184,114,184,83,153,21,49,0,0,0,0,0,83,83,0,0,0.000000,1.000000,43.163604,clear-ocean,30.000000,60.000000,0.151000,1084,2950956,756.655385,6.534157,73,3,0,70,0,70,0,0,70,0,0,0,0,0,0,114,30,1,83,0,0,0,0,0,21,49,114,21,49,83,3.525859,158.886611,2408.745499,0.000000,0.000000,27.192982,0,0,0,2631012.151426,18.734641,115.827462,6637.005128,858.133210,230.883444,181.610475,2629178.324298,2623198.384195,1270.627128,7813.767231,563.200000,0.032616,0.008775,0.006903,99.930300,0.021406,13.939465,9.233694,3.198557,40.229706,74,0.728497,14,31,0,100.000000,1.303667,83.152174,1358.074271,1443.100518,7706.403784,0.000000,44.420903
11640.000000,contribution,optical,hardware,1,1,1,0,priority,0.000500,180,15,hybrid,0.050000,4000.000000,6.087000,52.000000,500.000000,500.000000,2.000000,60.000000,0.400000,184,114,184,83,153,21,49,0,0,0,0,0,83,83,0,0,0.000000,1.000000,43.163604,clear-ocean,30.000000,60.000000,0.151000,1084,2950956,756.655385,6.500476,73,3,0,70,0,70,0,0,70,0,0,0,0,0,0,114,30,1,83,0,0,0,0,0,21,49,114,21,49,83,3.525859,158.886611,2408.745499,0.000000,0.000000,27.192982,0,0,0,2644609.252899,18.734641,115.827462,6637.005128,862.269380,231.917486,181.840262,2642770.025770,2636790.085668,1276.027128,7819.167231,563.200000,0.032605,0.008769,0.006876,99.930454,0.021296,13.939465,9.233694,3.198557,40.182131,74,0.724742,14,31,0,100.000000,1.303667,83.152174,1358.074271,1435.661856,7620.297068,0.000000,97.449991
11700.000000,contribution,optical,hardware,1,1,1,0,priority,0.000500,180,15,hybrid,0.050000,4000.000000,6.087000,52.000000,500.000000,500.000000,2.000000,60.000000,0.400000,184,114,184,83,153,21,49,0,0,0,0,0,83,83,0,0,0.000000,1.000000,43.163604,clear-ocean,30.000000,60.000000,0.151000,1084,2950956,756.655385,6.467140,73,3,0,70,0,70,0,0,70,0,0,0,0,0,0,114,30,1,83,0,0,0,0,0,21,49,114,21,49,83,3.525859,158.886611,2408.745499,0.000000,0.000000,27.192982,0,0,0,2658206.354371,18.734641,115.827462,6637.005128,866.405550,232.951529,182.070049,2656361.727243,2650381.787140,1281.427128,7824.567231,563.200000,0.032594,0.008763,0.006849,99.930606,0.021187,13.939465,9.233694,3.198557,40.135043,74,0.721026,14,31,0,100.000000,1.303667,83.152174,1358.074271,1428.299487,7534.190352,0.000000,164.943734
11760.000000,contribution,optical,hardware,1,1,1,0,priority,0.000500,180,15,hybrid,0.050000,4000.000000,6.087000,52.000000,500.000000,500.000000,2.000000,60.000000,0.400000,184,114,184,83,153,21,49,0,0,0,0,0,83,83,0,0,0.000000,1.000000,43.163604,clear-ocean,30.000000,60.000000,0.151000,1084,2950956,756.655385,6.434144,73,3,0,70,0,70,0,0,70,0,0,0,0,0,0,114,30,1,83,0,0,0,0,0,21,49,114,21,49,83,3.525859,158.886611,2408.745499,0.000000,0.000000,27.192982,0,0,0,2671803.455844,18.734641,115.827462,6637.005128,870.541721,233.985571,182.299836,2669953.428715,2663973.488613,1286.827128,7829.967231,563.200000,0.032583,0.008758,0.006823,99.930757,0.021079,13.939465,9.233694,3.198557,40.088435,74,0.717347,14,31,0,100.000000,1.303667,83.152174,1358.074271,1421.012245,7448.083636,0.000000,240.502437
11820.000000,contribution,optical,hardware,1,1,1,0,priority,0.000500,180,15,hybrid,0.050000,4000.000000,6.087000,52.000000,500.000000,500.000000,2.000000,60.000000,0.400000,184,114,184,83,153,21,49,0,0,0,0,0,83,83,0,0,0.000000,1.000000,43.163604,clear-ocean,30.000000,60.000000,0.151000,1084,2950956,756.655385,6.401484,73,3,0,70,0,70,0,0,70,0,0,0,0,0,0,114,30,1,83,0,0,0,0,0,21,49,114,21,49,83,3.525859,158.886611,2408.745499,0.000000,0.000000,27.192982,0,0,0,2685400.557316,18.734641,115.827462,6637.005128,874.677891,235.019614,182.529624,2683545.130188,2677565.190085,1292.227128,7835.367231,563.200000,0.032572,0.008752,0.006797,99.930907,0.020973,13.939465,9.233694,3.198557,40.042301,74,0.713706,14,31,0,100.000000,1.303667,83.152174,1358.074271,1413.798985,7361.976920,0.000000,316.961690
11880.000000,contribution,optical,hardware,1,1,1,0,priority,0.000500,180,15,hybrid,0.050000,4000.000000,6.087000,52.000000,500.000000,500.000000,2.000000,60.000000,0.400000,184,114,184,83,153,21,49,0,0,0,0,0,83,83,0,0,0.000000,1.000000,43.163604,clear-ocean,30.000000,60.000000,0.151000,1084,2950956,756.655385,6.369153,73,3,0,70,0,70,0,0,70,0,0,0,0,0,0,114,30,1,83,0,0,0,0,0,21,49,114,21,49,83,3.525859,158.886611,2408.745499,0.000000,0.000000,27.192982,0,0,0,2698997.658789,18.734641,115.827462,6637.005128,878.814061,236.053656,182.759411,2697136.831660,2691156.891558,1297.627128,7840.767231,563.200000,0.032561,0.008746,0.006771,99.931055,0.020867,13.939465,9.233694,3.198557,39.996633,74,0.710101,14,31,0,100.000000,1.303667,83.152174,1358.074271,1406.658586,7275.870203,0.000000,387.071695
11940.000000,contribution,optical,hardware,1,1,1,0,priority,0.000500,180,15,hybrid,0.050000,4000.000000,6.087000,52.000000,500.000000,500.000000,2.000000,60.000000,0.400000,184,114,184,83,153,21,49,0,0,0,0,0,83,83,0,0,0.000000,1.000000,43.163604,clear-ocean,30.000000,60.000000,0.151000,1084,2950956,756.655385,6.337147,73,3,0,70,0,70,0,0,70,0,0,0,0,0,0,114,30,1,83,0,0,0,0,0,21,49,114,21,49,83,3.525859,158.886611,2408.745499,0.000000,0.000000,27.192982,0,0,0,2712594.760261,18.734641,115.827462,6637.005128,882.950231,237.087699,182.989198,2710728.533133,2704748.593030,1303.027128,7846.167231,563.200000,0.032550,0.008740,0.006746,99.931201,0.020762,13.939465,9.233694,3.198557,39.951424,74,0.706533,14,31,0,100.000000,1.303667,83.152174,1358.074271,1399.589950,7189.763487,0.000000,444.184685
12000.000000,contribution,optical,hardware,1,1,1,0,priority,0.000500,180,15,hybrid,0.050000,4000.000000,6.087000,52.000000,500.000000,500.000000,2.000000,60.000000,0.400000,184,114,184,83,153,21,49,0,0,0,0,0,83,83,0,0,0.000000,1.000000,43.163604,clear-ocean,30.000000,60.000000,0.151000,1084,2950956,756.655385,6.305462,73,3,0,70,0,70,0,0,70,0,0,0,0,0,0,114,30,1,83,0,0,0,0,0,21,49,114,21,49,83,3.525859,158.886611,2408.745499,0.000000,0.000000,27.192982,0,0,0,2726191.861734,18.734641,115.827462,6637.005128,887.086402,238.121741,183.218985,2724320.234605,2718340.294503,1308.427128,7851.567231,563.200000,0.032539,0.008735,0.006721,99.931346,0.020659,13.939465,9.233694,3.198557,39.906667,74,0.703000,14,31,0,100.000000,1.303667,83.152174,1358.074271,1392.592000,7103.656771,0.000000,482.885257
12060.000000,contribution,optical,hardware,1,1,1,0,priority,0.000500,180,15,hybrid,0.050000,4000.000000,6.087000,52.000000,500.000000,500.000000,2.000000,60.000000,0.400000,184,114,184,83,153,21,49,0,0,0,0,0,83,83,0,0,0.000000,1.000000,43.163604,clear-ocean,30.000000,60.000000,0.151000,1084,2950956,756.655385,6.274091,73,3,0,70,0,70,0,0,70,0,0,0,0,0,0,114,30,1,83,0,0,0,0,0,21,49,114,21,49,83,3.525859,158.886611,2408.745499,0.000000,0.000000,27.192982,0,0,0,2739788.963206,18.734641,115.827462,6637.005128,891.222572,239.155784,183.448773,2737911.936078,2731931.995975,1313.827128,7856.967231,563.200000,0.032529,0.008729,0.006696,99.931490,0.020556,13.939465,9.233694,3.198557,39.862355,74,0.699502,14,31,0,100.000000,1.303667,83.152174,1358.074271,1385.663682,7017.550055,0.000000,499.503857
12120.000000,contribution,optical,hardware,1,1,1,0,priority,0.000500,180,15,hybrid,0.050000,4000.000000,6.087000,52.000000,500.000000,500.000000,2.000000,60.000000,0.400000,184,114,184,83,153,21,49,0,0,0,0,0,83,83,0,0,0.000000,1.000000,43.163604,clear-ocean,30.000000,60.000000,0.151000,1084,2950956,756.655385,6.243031,73,3,0,70,0,70,0,0,70,0,0,0,0,0,0,114,30,1,83,0,0,0,0,0,21,49,114,21,49,83,3.525859,158.886611,2408.745499,0.000000,0.000000,27.192982,0,0,0,2753386.064679,18.734641,115.827462,6637.005128,895.358742,240.189827,183.678560,2751503.637550,2745523.697448,1319.227128,7862.367231,563.200000,0.032518,0.008723,0.006671,99.931632,0.020455,13.939465,9.233694,3.198557,39.818482,74,0.696040,14,31,0,100.000000,1.303667,83.152174,1358.074271,1378.803960,6931.443339,-0.000000,492.464725
12180.000000,contribution,optical,hardware,1,1,1,0,priority,0.000500,180,15,hybrid,0.050000,4000.000000,6.087000,52.000000,500.000000,500.000000,2.000000,60.000000,0.400000,184,114,184,83,153,21,49,0,0,0,0,0,83,83,0,0,0.000000,1.000000,43.163604,clear-ocean,30.000000,60.000000,0.151000,1084,2950956,756.655385,6.212277,73,3,0,70,0,70,0,0,70,0,0,0,0,0,0,114,30,1,83,0,0,0,0,0,21,49,114,21,49,83,3.525859,158.886611,2408.745499,0.000000,0.000000,27.192982,0,0,0,2766983.166151,18.734641,115.827462,6637.005128,899.494912,241.223869,183.908347,2765095.339023,2759115.398920,1324.627128,7867.767231,563.200000,0.032508,0.008718,0.006647,99.931773,0.020354,13.939465,9.233694,3.198557,39.775041,74,0.692611,14,31,0,100.000000,1.303667,83.152174,1358.074271,1372.011823,6845.336623,-0.000000,462.435304
12240.000000,contribution,optical,hardware,1,1,1,0,priority,0.000500,180,15,hybrid,0.050000,4000.000000,6.087000,52.000000,500.000000,500.000000,2.000000,60.000000,0.400000,184,114,184,83,153,21,49,0,0,0,0,0,83,83,0,0,0.000000,1.000000,43.163604,clear-ocean,30.000000,60.000000,0.151000,1084,2950956,756.655385,6.181825,73,3,0,70,0,70,0,0,70,0,0,0,0,0,0,114,30,1,83,0,0,0,0,0,21,49,114,21,49,83,3.525859,158.886611,2408.745499,0.000000,0.000000,27.192982,0,0,0,2780580.267624,18.734641,115.827462,6637.005128,903.631082,242.257912,184.138134,2778687.040495,2772707.100393,1330.027128,7873.167231,563.200000,0.032498,0.008712,0.006622,99.931913,0.020255,13.939465,9.233694,3.198557,39.732026,74,0.689216,14,31,0,100.000000,1.303667,83.152174,1358.074271,1365.286275,6759.229907,-0.000000,412.262958
12300.000000,contribution,optical,hardware,1,1,1,0,priority,0.000500,180,15,hybrid,0.050000,4000.000000,6.087000,52.000000,500.000000,500.000000,2.000000,60.000000,0.400000,184,114,184,83,153,21,49,0,0,0,0,0,83,83,0,0,0.000000,1.000000,43.163604,clear-ocean,30.000000,60.000000,0.151000,1084,2950956,756.655385,6.151670,73,3,0,70,0,70,0,0,70,0,0,0,0,0,0,114,30,1,83,0,0,0,0,0,21,49,114,21,49,83,3.525859,158.886611,2408.745499,0.000000,0.000000,27.192982,0,0,0,2794177.369096,18.734641,115.827462,6637.005128,907.767253,243.291954,184.367921,2792278.741968,2786298.801865,1335.427128,7878.567231,563.200000,0.032488,0.008707,0.006598,99.932051,0.020156,13.939465,9.233694,3.198557,39.689431,74,0.685854,14,31,0,100.000000,1.303667,83.152174,1358.074271,1358.626341,6673.123190,-0.000000,346.704984
12360.000000,contribution,optical,hardware,1,1,1,0,priority,0.000500,180,15,hybrid,0.050000,4000.000000,6.087000,52.000000,500.000000,500.000000,2.000000,60.000000,0.400000,184,114,184,83,153,21,49,0,0,0,0,0,83,83,0,0,0.000000,1.000000,43.163604,clear-ocean,30.000000,60.000000,0.151000,1084,2950956,756.655385,6.121807,73,3,0,70,0,70,0,0,70,0,0,0,0,0,0,114,30,1,83,0,0,0,0,0,21,49,114,21,49,83,3.525859,158.886611,2408.745499,0.000000,0.000000,27.192982,0,0,0,2807774.470568,18.734641,115.827462,6637.005128,911.903423,244.325997,184.597709,2805870.443440,2799890.503338,1340.827128,7883.967231,563.200000,0.032478,0.008702,0.006575,99.932187,0.020059,13.939465,9.233694,3.198557,39.647249,74,0.682524,14,31,0,100.000000,1.303667,83.152174,1358.074271,1352.031068,6587.016474,-0.000000,271.977529
12420.000000,contribution,optical,hardware,1,1,1,0,priority,0.000500,180,15,hybrid,0.050000,4000.000000,6.087000,52.000000,500.000000,500.000000,2.000000,60.000000,0.400000,184,114,184,83,153,21,49,0,0,0,0,0,83,83,0,0,0.000000,1.000000,43.163604,clear-ocean,30.000000,60.000000,0.151000,1084,2950956,756.655385,6.092233,73,3,0,70,0,70,0,0,70,0,0,0,0,0,0,114,30,1,83,0,0,0,0,0,21,49,114,21,49,83,3.525859,158.886611,2408.745499,0.000000,0.000000,27.192982,0,0,0,2821371.572041,18.734641,115.827462,6637.005128,916.039593,245.360039,184.827496,2819462.144913,2813482.204810,1346.227128,7889.367231,563.200000,0.032468,0.008696,0.006551,99.932323,0.019962,13.939465,9.233694,3.198557,39.605475,74,0.679227,14,31,0,100.000000,1.303667,83.152174,1358.074271,1345.499517,6500.909758,-0.000000,195.166185
12480.000000,contribution,optical,hardware,1,1,1,0,priority,0.000500,180,15,hybrid,0.050000,4000.000000,6.087000,52.000000,500.000000,500.000000,2.000000,60.000000,0.400000,184,114,184,83,153,21,49,0,0,0,0,0,83,83,0,0,0.000000,1.000000,43.163604,clear-ocean,30.000000,60.000000,0.151000,1084,2950956,756.655385,6.062944,73,3,0,70,0,70,0,0,70,0,0,0,0,0,0,114,30,1,83,0,0,0,0,0,21,49,114,21,49,83,3.525859,158.886611,2408.745499,0.000000,0.000000,27.192982,0,0,0,2834968.673513,18.734641,115.827462,6637.005128,920.175763,246.394082,185.057283,2833053.846385,2827073.906283,1351.627128,7894.767231,563.200000,0.032458,0.008691,0.006528,99.932457,0.019866,13.939465,9.233694,3.198557,39.564103,74,0.675962,14,31,0,100.000000,1.303667,83.152174,1358.074271,1339.030769,6414.803042,-0.000000,123.554134
12540.000000,contribution,optical,hardware,1,1,1,0,priority,0.000500,180,15,hybrid,0.050000,4000.000000,6.087000,52.000000,500.000000,500.000000,2.000000,60.000000,0.400000,184,114,184,83,153,21,49,0,0,0,0,0,83,83,0,0,0.000000,1.000000,43.163604,clear-ocean,30.000000,60.000000,0.151000,1084,2950956,756.655385,6.033934,73,3,0,70,0,70,0,0,70,0,0,0,0,0,0,114,30,1,83,0,0,0,0,0,21,49,114,21,49,83,3.525859,158.886611,2408.745499,0.000000,0.000000,27.192982,0,0,0,2848565.774986,18.734641,115.827462,6637.005128,924.311933,247.428124,185.287070,2846645.547858,2840665.607755,1357.027128,7900.167231,563.200000,0.032448,0.008686,0.006505,99.932590,0.019771,13.939465,9.233694,3.198557,39.523126,74,0.672727,14,31,0,100.000000,1.303667,83.152174,1358.074271,1332.623923,6328.696326,-0.000000,63.931567
12600.000000,contribution,optical,hardware,1,1,1,0,priority,0.000500,180,15,hybrid,0.050000,4000.000000,6.087000,52.000000,500.000000,500.000000,2.000000,60.000000,0.400000,184,114,184,83,153,21,49,0,0,0,0,0,83,83,0,0,0.000000,1.000000,43.163604,clear-ocean,30.000000,60.000000,0.151000,1084,2950956,756.655385,6.005201,73,3,0,70,0,70,0,0,70,0,0,0,0,0,0,114,30,1,83,0,0,0,0,0,21,49,114,21,49,83,3.525859,158.886611,2408.745499,0.000000,0.000000,27.192982,0,0,0,2862162.876458,18.734641,115.827462,6637.005128,928.448104,248.462167,185.516858,2860237.249330,2854257.309228,1362.427128,7905.567231,563.200000,0.032439,0.008681,0.006482,99.932721,0.019677,13.939465,9.233694,3.198557,39.482540,74,0.669524,14,31,0,100.000000,1.303667,83.152174,1358.074271,1326.278095,6242.589610,-0.000000,21.951842
12660.000000,contribution,optical,hardware,1,1,1,0,priority,0.000500,180,15,hybrid,0.050000,4000.000000,6.087000,52.000000,500.000000,500.000000,2.000000,60.000000,0.400000,184,114,184,83,153,21,49,0,0,0,0,0,83,83,0,0,0.000000,1.000000,43.163604,clear-ocean,30.000000,60.000000,0.151000,1084,2950956,756.655385,5.976741,73,3,0,70,0,70,0,0,70,0,0,0,0,0,0,114,30,1,83,0,0,0,0,0,21,49,114,21,49,83,3.525859,158.886611,2408.745499,0.000000,0.000000,27.192982,0,0,0,2875759.977931,18.734641,115.827462,6637.005128,932.584274,249.496209,185.746645,2873828.950803,2867849.010700,1367.827128,7910.967231,563.200000,0.032429,0.008676,0.006459,99.932852,0.019584,13.939465,9.233694,3.198557,39.442338,74,0.666351,14,31,0,100.000000,1.303667,83.152174,1358.074271,1319.992417,6156.482894,-0.000000,1.595440
12720.000000,contribution,optical,hardware,1,1,1,0,priority,0.000500,180,15,hybrid,0.050000,4000.000000,6.087000,52.000000,500.000000,500.000000,2.000000,60.000000,0.400000,184,114,184,83,153,21,49,0,0,0,0,0,83,83,0,0,0.000000,1.000000,43.163604,clear-ocean,30.000000,60.000000,0.151000,1084,2950956,756.655385,5.948549,73,3,0,70,0,70,0,0,70,0,0,0,0,0,0,114,30,1,83,0,0,0,0,0,21,49,114,21,49,83,3.525859,158.886611,2408.745499,0.000000,0.000000,27.192982,0,0,0,2889357.079403,18.734641,115.827462,6637.005128,936.720444,250.530252,185.976432,2887420.652275,2881440.712173,1373.227128,7916.367231,563.200000,0.032420,0.008671,0.006437,99.932981,0.019492,13.939465,9.233694,3.198557,39.402516,74,0.663208,14,31,0,100.000000,1.303667,83.152174,1358.074271,1313.766038,6070.376177,0.000000,4.792536
12780.000000,contribution,optical,hardware,1,1,1,0,priority,0.000500,180,15,hybrid,0.050000,4000.000000,6.087000,52.000000,500.000000,500.000000,2.000000,60.000000,0.400000,184,114,184,83,153,21,49,0,0,0,0,0,83,83,0,0,0.000000,1.000000,43.163604,clear-ocean,30.000000,60.000000,0.151000,1084,2950956,756.655385,5.920621,73,3,0,70,0,70,0,0,70,0,0,0,0,0,0,114,30,1,83,0,0,0,0,0,21,49,114,21,49,83,3.525859,158.886611,2408.745499,0.000000,0.000000,27.192982,0,0,0,2902954.180876,18.734641,115.827462,6637.005128,940.856614,251.564295,186.206219,2901012.353748,2895032.413645,1378.627128,7921.767231,563.200000,0.032410,0.008666,0.006414,99.933109,0.019401,13.939465,9.233694,3.198557,39.363067,74,0.660094,14,31,0,100.000000,1.303667,83.152174,1358.074271,1307.598122,5984.269461,0.000000,31.239984
12840.000000,contribution,optical,hardware,1,1,1,0,priority,0.000500,180,15,hybrid,0.050000,4000.000000,6.087000,52.000000,500.000000,500.000000,2.000000,60.000000,0.400000,184,114,184,83,153,21,49,0,0,0,0,0,83,83,0,0,0.000000,1.000000,43.163604,clear-ocean,30.000000,60.000000,0.151000,1084,2950956,756.655385,5.892955,73,3,0,70,0,70,0,0,70,0,0,0,0,0,0,114,30,1,83,0,0,0,0,0,21,49,114,21,49,83,3.525859,158.886611,2408.745499,0.000000,0.000000,27.192982,0,0,0,2916551.282348,18.734641,115.827462,6637.005128,944.992785,252.598337,186.436007,2914604.055220,2908624.115118,1384.027128,7927.167231,563.200000,0.032401,0.008661,0.006392,99.933235,0.019310,13.939465,9.233694,3.198557,39.323988,74,0.657009,14,31,0,100.000000,1.303667,83.152174,1358.074271,1301.487850,5898.162745,0.000000,78.430061
12900.000000,contribution,optical,hardware,1,1,1,0,priority,0.000500,180,15,hybrid,0.050000,4000.000000,6.087000,52.000000,500.000000,500.000000,2.000000,60.000000,0.400000,184,114,184,83,153,21,49,0,0,0,0,0,83,83,0,0,0.000000,1.000000,43.163604,clear-ocean,30.000000,60.000000,0.151000,1084,2950956,756.655385,5.865546,73,3,0,70,0,70,0,0,70,0,0,0,0,0,0,114,30,1,83,0,0,0,0,0,21,49,114,21,49,83,3.525859,158.886611,2408.745499,0.000000,0.000000,27.192982,0,0,0,2930148.383821,18.734641,115.827462,6637.005128,949.128955,253.632380,186.665794,2928195.756693,2922215.816590,1389.427128,7932.567231,563.200000,0.032392,0.008656,0.006371,99.933361,0.019221,13.939465,9.233694,3.198557,39.285271,74,0.653953,14,31,0,100.000000,1.303667,83.152174,1358.074271,1295.434419,5812.056029,0.000000,141.888246
12960.000000,contribution,optical,hardware,1,1,1,0,priority,0.000500,180,15,hybrid,0.050000,4000.000000,6.087000,52.000000,500.000000,500.000000,2.000000,60.000000,0.400000,184,114,184,83,153,21,49,0,0,0,0,0,83,83,0,0,0.000000,1.000000,43.163604,clear-ocean,30.000000,60.000000,0.151000,1084,2950956,756.655385,5.838390,73,3,0,70,0,70,0,0,70,0,0,0,0,0,0,114,30,1,83,0,0,0,0,0,21,49,114,21,49,83,3.525859,158.886611,2408.745499,0.000000,0.000000,27.192982,0,0,0,2943745.485293,18.734641,115.827462,6637.005128,953.265125,254.666422,186.895581,2941787.458165,2935807.518063,1394.827128,7937.967231,563.200000,0.032383,0.008651,0.006349,99.933485,0.019132,13.939465,9.233694,3.198557,39.246914,74,0.650926,14,31,0,100.000000,1.303667,83.152174,1358.074271,1289.437037,5725.949313,0.000000,215.597491
13020.000000,contribution,optical,hardware,1,1,1,0,priority,0.000500,180,15,hybrid,0.050000,4000.000000,6.087000,52.000000,500.000000,500.000000,2.000000,60.000000,0.400000,184,114,184,83,153,21,49,0,0,0,0,0,83,83,0,0,0.000000,1.000000,43.163604,clear-ocean,30.000000,60.000000,0.151000,1084,2950956,756.655385,5.811485,73,3,0,70,0,70,0,0,70,0,0,0,0,0,0,114,30,1,83,0,0,0,0,0,21,49,114,21,49,83,3.525859,158.886611,2408.745499,0.000000,0.000000,27.192982,0,0,0,2957342.586766,18.734641,115.827462,6637.005128,957.401295,255.700465,187.125368,2955379.159638,2949399.219535,1400.227128,7943.367231,563.200000,0.032374,0.008646,0.006327,99.933608,0.019044,13.939465,9.233694,3.198557,39.208909,74,0.647926,14,31,0,100.000000,1.303667,83.152174,1358.074271,1283.494931,5639.842597,0.000000,292.568751
13080.000000,contribution,optical,hardware,1,1,1,0,priority,0.000500,180,15,hybrid,0.050000,4000.000000,6.087000,52.000000,500.000000,500.000000,2.000000,60.000000,0.400000,184,114,184,83,153,21,49,0,0,0,0,0,83,83,0,0,0.000000,1.000000,43.163604,clear-ocean,30.000000,60.000000,0.151000,1084,2950956,756.655385,5.784827,73,3,0,70,0,70,0,0,70,0,0,0,0,0,0,114,30,1,83,0,0,0,0,0,21,49,114,21,49,83,3.525859,158.886611,2408.745499,0.000000,0.000000,27.192982,0,0,0,2970939.688238,18.734641,115.827462,6637.005128,961.537465,256.734507,187.355155,2968970.861110,2962990.921008,1405.627128,7948.767231,563.200000,0.032365,0.008642,0.006306,99.933730,0.018957,13.939465,9.233694,3.198557,39.171254,74,0.644954,14,31,0,100.000000,1.303667,83.152174,1358.074271,1277.607339,5553.735880,0.000000,365.503680
13140.000000,contribution,optical,hardware,1,1,1,0,priority,0.000500,180,15,hybrid,0.050000,4000.000000,6.087000,52.000000,500.000000,500.000000,2.000000,60.000000,0.400000,184,114,184,83,153,21,49,0,0,0,0,0,83,83,0,0,0.000000,1.000000,43.163604,clear-ocean,30.000000,60.000000,0.151000,1084,2950956,756.655385,5.758412,73,3,0,70,0,70,0,0,70,0,0,0,0,0,0,114,30,1,83,0,0,0,0,0,21,49,114,21,49,83,3.525859,158.886611,2408.745499,0.000000,0.000000,27.192982,0,0,0,2984536.789711,18.734641,115.827462,6637.005128,965.673636,257.768550,187.584943,2982562.562583,2976582.622480,1411.027128,7954.167231,563.200000,0.032356,0.008637,0.006285,99.933851,0.018871,13.939465,9.233694,3.198557,39.133942,74,0.642009,14,31,0,100.000000,1.303667,83.152174,1358.074271,1271.773516,5467.629164,0.000000,427.486654
13200.000000,contribution,optical,hardware,1,1,1,0,priority,0.000500,180,15,hybrid,0.050000,4000.000000,6.087000,52.000000,500.000000,500.000000,2.000000,60.000000,0.400000,184,114,184,83,153,21,49,0,0,0,0,0,83,83,0,0,0.000000,1.000000,43.163604,clear-ocean,30.000000,60.000000,0.151000,1084,2950956,756.655385,5.732238,73,3,0,70,0,70,0,0,70,0,0,0,0,0,0,114,30,1,83,0,0,0,0,0,21,49,114,21,49,83,3.525859,158.886611,2408.745499,0.000000,0.000000,27.192982,0,0,0,2998133.891183,18.734641,115.827462,6637.005128,969.809806,258.802592,187.814730,2996154.264055,2990174.323953,1416.427128,7959.567231,563.200000,0.032347,0.008632,0.006264,99.933971,0.018785,13.939465,9.233694,3.198557,39.096970,74,0.639091,14,31,0,100.000000,1.303667,83.152174,1358.074271,1265.992727,5381.522448,0.000000,472.640502
13260.000000,contribution,optical,hardware,1,1,1,0,priority,0.000500,180,15,hybrid,0.050000,4000.000000,6.087000,52.000000,500.000000,500.000000,2.000000,60.000000,0.400000,184,114,184,83,153,21,49,0,0,0,0,0,83,83,0,0,0.000000,1.000000,43.163604,clear-ocean,30.000000,60.000000,0.151000,1084,2950956,756.655385,5.706300,73,3,0,70,0,70,0,0,70,0,0,0,0,0,0,114,30,1,83,0,0,0,0,0,21,49,114,21,49,83,3.525859,158.886611,2408.745499,0.000000,0.000000,27.192982,0,0,0,3011730.992656,18.734641,115.827462,6637.005128,973.945976,259.836635,188.044517,3009745.965528,3003766.025425,1421.827128,7964.967231,563.200000,0.032338,0.008627,0.006244,99.934090,0.018700,13.939465,9.233694,3.198557,39.060332,74,0.636199,14,31,0,100.000000,1.303667,83.152174,1358.074271,1260.264253,5295.415732,0.000000,496.683776
13320.000000,contribution,optical,hardware,1,1,1,0,priority,0.000500,180,15,hybrid,0.050000,4000.000000,6.087000,52.000000,500.000000,500.000000,2.000000,60.000000,0.400000,184,114,184,83,153,21,49,0,0,0,0,0,83,83,0,0,0.000000,1.000000,43.163604,clear-ocean,30.000000,60.000000,0.151000,1084,2950956,756.655385,5.680596,73,3,0,70,0,70,0,0,70,0,0,0,0,0,0,114,30,1,83,0,0,0,0,0,21,49,114,21,49,83,3.525859,158.886611,2408.745499,0.000000,0.000000,27.192982,0,0,0,3025328.094128,18.734641,115.827462,6637.005128,978.082146,260.870678,188.274304,3023337.667000,3017357.726898,1427.227128,7970.367230,563.200000,0.032330,0.008623,0.006223,99.934208,0.018616,13.939465,9.233694,3.198557,39.024024,74,0.633333,14,31,0,100.000000,1.303667,83.152174,1358.074271,1254.587387,5209.309016,-0.000000,497.336716
13380.000000,contribution,optical,hardware,1,1,1,0,priority,0.000500,180,15,hybrid,0.050000,4000.000000,6.087000,52.000000,500.000000,500.000000,2.000000,60.000000,0.400000,184,114,184,83,153,21,49,0,0,0,0,0,83,83,0,0,0.000000,1.000000,43.163604,clear-ocean,30.000000,60.000000,0.151000,1084,2950956,756.655385,5.655122,73,3,0,70,0,70,0,0,70,0,0,0,0,0,0,114,30,1,83,0,0,0,0,0,21,49,114,21,49,83,3.525859,158.886611,2408.745499,0.000000,0.000000,27.192982,0,0,0,3038925.195601,18.734641,115.827462,6637.005128,982.218316,261.904720,188.504092,3036929.368473,3030949.428370,1432.627128,7975.767230,563.200000,0.032321,0.008618,0.006203,99.934325,0.018533,13.939465,9.233694,3.198557,38.988042,74,0.630493,14,31,0,100.000000,1.303667,83.152174,1358.074271,1248.961435,5123.202300,-0.000000,474.537410
13440.000000,contribution,optical,hardware,1,1,1,0,priority,0.000500,180,15,hybrid,0.050000,4000.000000,6.087000,52.000000,500.000000,500.000000,2.000000,60.000000,0.400000,184,114,184,83,153,21,49,0,0,0,0,0,83,83,0,0,0.000000,1.000000,43.163604,clear-ocean,30.000000,60.000000,0.151000,1084,2950956,756.655385,5.629876,73,3,0,70,0,70,0,0,70,0,0,0,0,0,0,114,30,1,83,0,0,0,0,0,21,49,114,21,49,83,3.525859,158.886611,2408.745499,0.000000,0.000000,27.192982,0,0,0,3052522.297073,18.734641,115.827462,6637.005128,986.354487,262.938763,188.733879,3050521.069945,3044541.129843,1438.027128,7981.167230,563.200000,0.032313,0.008614,0.006183,99.934440,0.018450,13.939465,9.233694,3.198557,38.952381,74,0.627679,14,31,0,100.000000,1.303667,83.152174,1358.074271,1243.385714,5037.095584,-0.000000,430.447668
13500.000000,contribution,optical,hardware,1,1,1,0,priority,0.000500,180,15,hybrid,0.050000,4000.000000,6.087000,52.000000,500.000000,500.000000,2.000000,60.000000,0.400000,184,114,184,83,153,21,49,0,0,0,0,0,83,83,0,0,0.000000,1.000000,43.163604,clear-ocean,30.000000,60.000000,0.151000,1084,2950956,756.655385,5.604855,73,3,0,70,0,70,0,0,70,0,0,0,0,0,0,114,30,1,83,0,0,0,0,0,21,49,114,21,49,83,3.525859,158.886611,2408.745499,0.000000,0.000000,27.192982,0,0,0,3066119.398546,18.734641,115.827462,6637.005128,990.490657,263.972805,188.963666,3064112.771418,3058132.831315,1443.427128,7986.567230,563.200000,0.032304,0.008609,0.006163,99.934555,0.018368,13.939465,9.233694,3.198557,38.917037,74,0.624889,14,31,0,100.000000,1.303667,83.152174,1358.074271,1237.859556,4950.988867,-0.000000,369.248039
13560.000000,contribution,optical,hardware,1,1,1,0,priority,0.000500,180,15,hybrid,0.050000,4000.000000,6.087000,52.000000,500.000000,500.000000,2.000000,60.000000,0.400000,184,114,184,83,153,21,49,0,0,0,0,0,83,83,0,0,0.000000,1.000000,43.163604,clear-ocean,30.000000,60.000000,0.151000,1084,2950956,756.655385,5.580054,73,3,0,70,0,70,0,0,70,0,0,0,0,0,0,114,30,1,83,0,0,0,0,0,21,49,114,21,49,83,3.525859,158.886611,2408.745499,0.000000,0.000000,27.192982,0,0,0,3079716.500018,18.734641,115.827462,6637.005128,994.626827,265.006848,189.193453,3077704.472890,3071724.532788,1448.827128,7991.967230,563.200000,0.032296,0.008605,0.006143,99.934668,0.018287,13.939465,9.233694,3.198557,38.882006,74,0.622124,14,31,0,100.000000,1.303667,83.152174,1358.074271,1232.382301,4864.882151,-0.000000,296.741417
13620.000000,contribution,optical,hardware,1,1,1,0,priority,0.000500,180,15,hybrid,0.050000,4000.000000,6.087000,52.000000,500.000000,500.000000,2.000000,60.000000,0.400000,184,114,184,83,153,21,49,0,0,0,0,0,83,83,0,0,0.000000,1.000000,43.163604,clear-ocean,30.000000,60.000000,0.151000,1084,2950956,756.655385,5.555473,73,3,0,70,0,70,0,0,70,0,0,0,0,0,0,114,30,1,83,0,0,0,0,0,21,49,114,21,49,83,3.525859,158.886611,2408.745499,0.000000,0.000000,27.192982,0,0,0,3093313.601491,18.734641,115.827462,6637.005128,998.762997,266.040890,189.423241,3091296.174363,3085316.234260,1454.227128,7997.367230,563.200000,0.032288,0.008601,0.006124,99.934781,0.018207,13.939465,9.233694,3.198557,38.847283,74,0.619383,14,31,0,100.000000,1.303667,83.152174,1358.074271,1226.953304,4778.775435,-0.000000,219.802817
13680.000000,contribution,optical,hardware,1,1,1,0,priority,0.000500,180,15,hybrid,0.050000,4000.000000,6.087000,52.000000,500.000000,500.000000,2.000000,60.000000,0.400000,184,114,184,83,153,21,49,0,0,0,0,0,83,83,0,0,0.000000,1.000000,43.163604,clear-ocean,30.000000,60.000000,0.151000,1084,2950956,756.655385,5.531107,73,3,0,70,0,70,0,0,70,0,0,0,0,0,0,114,30,1,83,0,0,0,0,0,21,49,114,21,49,83,3.525859,158.886611,2408.745499,0.000000,0.000000,27.192982,0,0,0,3106910.702963,18.734641,115.827462,6637.005128,1002.899167,267.074933,189.653028,3104887.875835,3098907.935733,1459.627128,8002.767230,563.200000,0.032280,0.008596,0.006104,99.934893,0.018127,13.939465,9.233694,3.198557,38.812865,74,0.616667,14,31,0,100.000000,1.303667,83.152174,1358.074271,1221.571930,4692.668719,-0.000000,145.727486
13740.000000,contribution,optical,hardware,1,1,1,0,priority,0.000500,180,15,hybrid,0.050000,4000.000000,6.087000,52.000000,500.000000,500.000000,2.000000,60.000000,0.400000,184,114,184,83,153,21,49,0,0,0,0,0,83,83,0,0,0.000000,1.000000,43.163604,clear-ocean,30.000000,60.000000,0.151000,1084,2950956,756.655385,5.506953,73,3,0,70,0,70,0,0,70,0,0,0,0,0,0,114,30,1,83,0,0,0,0,0,21,49,114,21,49,83,3.525859,158.886611,2408.745499,0.000000,0.000000,27.192982,0,0,0,3120507.804436,18.734641,115.827462,6637.005128,1007.035338,268.108975,189.882815,3118479.577308,3112499.637205,1465.027128,8008.167230,563.200000,0.032272,0.008592,0.006085,99.935003,0.018048,13.939465,9.233694,3.198557,38.778748,74,0.613974,14,31,0,100.000000,1.303667,83.152174,1358.074271,1216.237555,4606.562003,-0.000000,81.539182
13800.000000,contribution,optical,hardware,1,1,1,0,priority,0.000500,180,15,hybrid,0.050000,4000.000000,6.087000,52.000000,500.000000,500.000000,2.000000,60.000000,0.400000,184,114,184,83,153,21,49,0,0,0,0,0,83,83,0,0,0.000000,1.000000,43.163604,clear-ocean,30.000000,60.000000,0.151000,1084,2950956,756.655385,5.483010,73,3,0,70,0,70,0,0,70,0,0,0,0,0,0,114,30,1,83,0,0,0,0,0,21,49,114,21,49,83,3.525859,158.886611,2408.745499,0.000000,0.000000,27.192982,0,0,0,3134104.905908,18.734641,115.827462,6637.005128,1011.171508,269.143018,190.112602,3132071.278781,3126091.338678,1470.427128,8013.567230,563.200000,0.032263,0.008588,0.006066,99.935113,0.017970,13.939465,9.233694,3.198557,38.744928,74,0.611304,14,31,0,100.000000,1.303667,83.152174,1358.074271,1210.949565,4520.455287,-0.000000,33.324182
13860.000000,contribution,optical,hardware,1,1,1,0,priority,0.000500,180,15,hybrid,0.050000,4000.000000,6.087000,52.000000,500.000000,500.000000,2.000000,60.000000,0.400000,184,114,184,83,153,21,49,0,0,0,0,0,83,83,0,0,0.000000,1.000000,43.163604,clear-ocean,30.000000,60.000000,0.151000,1084,2950956,756.655385,5.459274,73,3,0,70,0,70,0,0,70,0,0,0,0,0,0,114,30,1,83,0,0,0,0,0,21,49,114,21,49,83,3.525859,158.886611,2408.745499,0.000000,0.000000,27.192982,0,0,0,3147702.007381,18.734641,115.827462,6637.005128,1015.307678,270.177061,190.342390,3145662.980253,3139683.040150,1475.827128,8018.967230,563.200000,0.032256,0.008583,0.006047,99.935222,0.017892,13.939465,9.233694,3.198557,38.711400,74,0.608658,14,31,0,100.000000,1.303667,83.152174,1358.074271,1205.707359,4434.348571,-0.000000,5.654189
13920.000000,contribution,optical,hardware,1,1,1,0,priority,0.000500,180,15,hybrid,0.050000,4000.000000,6.087000,52.000000,500.000000,500.000000,2.000000,60.000000,0.400000,184,114,184,83,153,21,49,0,0,0,0,0,83,83,0,0,0.000000,1.000000,43.163604,clear-ocean,30.000000,60.000000,0.151000,1084,2950956,756.655385,5.435743,73,3,0,70,0,70,0,0,70,0,0,0,0,0,0,114,30,1,83,0,0,0,0,0,21,49,114,21,49,83,3.525859,158.886611,2408.745499,0.000000,0.000000,27.192982,0,0,0,3161299.108853,18.734641,115.827462,6637.005128,1019.443848,271.211103,190.572177,3159254.681726,3153274.741623,1481.227128,8024.367230,563.200000,0.032248,0.008579,0.006028,99.935330,0.017815,13.939465,9.233694,3.198557,38.678161,74,0.606034,14,31,0,100.000000,1.303667,83.152174,1358.074271,1200.510345,4348.241854,0.000000,1.152847
13980.000000,contribution,optical,hardware,1,1,1,0,priority,0.000500,180,15,hybrid,0.050000,4000.000000,6.087000,52.000000,500.000000,500.000000,2.000000,60.000000,0.400000,184,114,184,83,153,21,49,0,0,0,0,0,83,83,0,0,0.000000,1.000000,43.163604,clear-ocean,30.000000,60.000000,0.151000,1084,2950956,756.655385,5.412413,73,3,0,70,0,70,0,0,70,0,0,0,0,0,0,114,30,1,83,0,0,0,0,0,21,49,114,21,49,83,3.525859,158.886611,2408.745499,0.000000,0.000000,27.192982,0,0,0,3174896.210326,18.734641,115.827462,6637.005128,1023.580019,272.245146,190.801964,3172846.383198,3166866.443095,1486.627128,8029.767230,563.200000,0.032240,0.008575,0.006010,99.935436,0.017739,13.939465,9.233694,3.198557,38.645207,74,0.603433,14,31,0,100.000000,1.303667,83.152174,1358.074271,1195.357940,4262.135138,0.000000,20.246969
14040.000000,contribution,optical,hardware,1,1,1,0,priority,0.000500,180,15,hybrid,0.050000,4000.000000,6.087000,52.000000,500.000000,500.000000,2.000000,60.000000,0.400000,184,114,184,83,153,21,49,0,0,0,0,0,83,83,0,0,0.000000,1.000000,43.163604,clear-ocean,30.000000,60.000000,0.151000,1084,2950956,756.655385,5.389283,73,3,0,70,0,70,0,0,70,0,0,0,0,0,0,114,30,1,83,0,0,0,0,0,21,49,114,21,49,83,3.525859,158.886611,2408.745499,0.000000,0.000000,27.192982,0,0,0,3188493.311798,18.734641,115.827462,6637.005128,1027.716189,273.279188,191.031751,3186438.084671,3180458.144568,1492.027128,8035.167230,563.200000,0.032232,0.008571,0.005991,99.935542,0.017664,13.939465,9.233694,3.198557,38.612536,74,0.600855,14,31,0,100.000000,1.303667,83.152174,1358.074271,1190.249573,4176.028422,0.000000,61.126069
14100.000000,contribution,optical,hardware,1,1,1,0,priority,0.000500,180,15,hybrid,0.050000,4000.000000,6.087000,52.000000,500.000000,500.000000,2.000000,60.000000,0.400000,184,114,184,83,153,21,49,0,0,0,0,0,83,83,0,0,0.000000,1.000000,43.163604,clear-ocean,30.000000,60.000000,0.151000,1084,2950956,756.655385,5.366350,73,3,0,70,0,70,0,0,70,0,0,0,0,0,0,114,30,1,83,0,0,0,0,0,21,49,114,21,49,83,3.525859,158.886611,2408.745499,0.000000,0.000000,27.192982,0,0,0,3202090.413271,18.734641,115.827462,6637.005128,1031.852359,274.313231,191.261538,3200029.786143,3194049.846040,1497.427128,8040.567230,563.200000,0.032224,0.008567,0.005973,99.935647,0.017589,13.939465,9.233694,3.198557,38.580142,74,0.598298,14,31,0,100.000000,1.303667,83.152174,1358.074271,1185.184681,4089.921706,0.000000,119.914025
14160.000000,contribution,optical,hardware,1,1,1,0,priority,0.000500,180,15,hybrid,0.050000,4000.000000,6.087000,52.000000,500.000000,500.000000,2.000000,60.000000,0.400000,184,114,184,83,153,21,49,0,0,0,0,0,83,83,0,0,0.000000,1.000000,43.163604,clear-ocean,30.000000,60.000000,0.151000,1084,2950956,756.655385,5.343611,73,3,0,70,0,70,0,0,70,0,0,0,0,0,0,114,30,1,83,0,0,0,0,0,21,49,114,21,49,83,3.525859,158.886611,2408.745499,0.000000,0.000000,27.192982,0,0,0,3215687.514743,18.734641,115.827462,6637.005128,1035.988529,275.347273,191.491326,3213621.487616,3207641.547513,1502.827128,8045.967230,563.200000,0.032217,0.008563,0.005955,99.935752,0.017514,13.939465,9.233694,3.198557,38.548023,74,0.595763,14,31,0,100.000000,1.303667,83.152174,1358.074271,1180.162712,4003.814990,0.000000,191.036617
14220.000000,contribution,optical,hardware,1,1,1,0,priority,0.000500,180,15,hybrid,0.050000,4000.000000,6.087000,52.000000,500.000000,500.000000,2.000000,60.000000,0.400000,184,114,184,83,153,21,49,0,0,0,0,0,83,83,0,0,0.000000,1.000000,43.163604,clear-ocean,30.000000,60.000000,0.151000,1084,2950956,756.655385,5.321065,73,3,0,70,0,70,0,0,70,0,0,0,0,0,0,114,30,1,83,0,0,0,0,0,21,49,114,21,49,83,3.525859,158.886611,2408.745499,0.000000,0.000000,27.192982,0,0,0,3229284.616216,18.734641,115.827462,6637.005128,1040.124699,276.381316,191.721113,3227213.189088,3221233.248985,1508.227128,8051.367230,563.200000,0.032209,0.008559,0.005937,99.935855,0.017440,13.939465,9.233694,3.198557,38.516174,74,0.593249,14,31,0,100.000000,1.303667,83.152174,1358.074271,1175.183122,3917.708274,0.000000,267.750065
14280.000000,contribution,optical,hardware,1,1,1,0,priority,0.000500,180,15,hybrid,0.050000,4000.000000,6.087000,52.000000,500.000000,500.000000,2.000000,60.000000,0.400000,184,114,184,83,153,21,49,0,0,0,0,0,83,83,0,0,0.000000,1.000000,43.163604,clear-ocean,30.000000,60.000000,0.151000,1084,2950956,756.655385,5.298707,73,3,0,70,0,70,0,0,70,0,0,0,0,0,0,114,30,1,83,0,0,0,0,0,21,49,114,21,49,83,3.525859,158.886611,2408.745499,0.000000,0.000000,27.192982,0,0,0,3242881.717688,18.734641,115.827462,6637.005128,1044.260870,277.415358,191.950900,3240804.890561,3234824.950458,1513.627128,8056.767230,563.200000,0.032202,0.008555,0.005919,99.935957,0.017367,13.939465,9.233694,3.198557,38.484594,74,0.590756,14,31,0,100.000000,1.303667,83.152174,1358.074271,1170.245378,3831.601558,0.000000,342.780467
14340.000000,contribution,optical,hardware,1,1,1,0,priority,0.000500,180,15,hybrid,0.050000,4000.000000,6.087000,52.000000,500.000000,500.000000,2.000000,60.000000,0.400000,184,114,184,83,153,21,49,0,0,0,0,0,83,83,0,0,0.000000,1.000000,43.163604,clear-ocean,30.000000,60.000000,0.151000,1084,2950956,756.655385,5.276537,73,3,0,70,0,70,0,0,70,0,0,0,0,0,0,114,30,1,83,0,0,0,0,0,21,49,114,21,49,83,3.525859,158.886611,2408.745499,0.000000,0.000000,27.192982,0,0,0,3256478.819161,18.734641,115.827462,6637.005128,1048.397040,278.449401,192.180687,3254396.592033,3248416.651930,1519.027128,8062.167230,563.200000,0.032194,0.008551,0.005901,99.936059,0.017295,13.939465,9.233694,3.198557,38.453278,74,0.588285,14,31,0,100.000000,1.303667,83.152174,1358.074271,1165.348954,3745.494841,0.000000,409.013508
14400.000000,contribution,optical,hardware,1,1,1,0,priority,0.000500,180,15,hybrid,0.050000,4000.000000,6.087000,52.000000,500.000000,500.000000,2.000000,60.000000,0.400000,184,114,184,83,153,21,49,0,0,0,0,0,83,83,0,0,0.000000,1.000000,43.163604,clear-ocean,30.000000,60.000000,0.151000,1084,2950956,756.655385,5.254551,73,3,0,70,0,70,0,0,70,0,0,0,0,0,0,114,30,1,83,0,0,0,0,0,21,49,114,21,49,83,3.525859,158.886611,2408.745499,0.000000,0.000000,27.192982,0,0,0,3270075.920633,18.734641,115.827462,6637.005128,1052.533210,279.483444,192.410475,3267988.293506,3262008.353403,1524.427128,8067.567230,563.200000,0.032187,0.008547,0.005884,99.936160,0.017223,13.939465,9.233694,3.198557,38.422222,74,0.585833,14,31,0,100.000000,1.303667,83.152174,1358.074271,1160.493333,3659.388125,0.000000,460.169031
14460.000000,contribution,optical,hardware,1,1,1,0,priority,0.000500,180,15,hybrid,0.050000,4000.000000,6.087000,52.000000,500.000000,500.000000,2.000000,60.000000,0.400000,184,114,184,83,153,21,49,0,0,0,0,0,83,83,0,0,0.000000,1.000000,43.163604,clear-ocean,30.000000,60.000000,0.151000,1084,2950956,756.655385,5.232748,73,3,0,70,0,70,0,0,70,0,0,0,0,0,0,114,30,1,83,0,0,0,0,0,21,49,114,21,49,83,3.525859,158.886611,2408.745499,0.000000,0.000000,27.192982,0,0,0,3283673.022106,18.734641,115.827462,6637.005128,1056.669380,280.517486,192.640262,3281579.994978,3275600.054876,1529.827128,8072.967230,563.200000,0.032179,0.008543,0.005867,99.936260,0.017152,13.939465,9.233694,3.198557,38.391425,74,0.583402,14,31,0,100.000000,1.303667,83.152174,1358.074271,1155.678008,3573.281409,0.000000,491.396514
14520.000000,contribution,optical,hardware,1,1,1,0,priority,0.000500,180,15,hybrid,0.050000,4000.000000,6.087000,52.000000,500.000000,500.000000,2.000000,60.000000,0.400000,184,114,184,89,155,21,49,0,0,0,0,0,89,89,0,0,0.000000,1.000000,43.178933,clear-ocean,30.000000,60.000000,0.151000,1105,3026817,776.106923,5.345089,73,3,0,70,0,70,0,0,70,0,0,0,0,0,0,117,30,1,85,1,0,0,0,0,21,49,114,21,49,85,3.525859,158.886611,2601.959677,0.000000,0.000000,25.438596,0,0,0,3297451.672091,18.734641,115.827462,6818.553641,1060.805550,281.551529,200.070049,3295332.115322,3289191.756348,1542.427128,8259.915743,577.129641,0.032170,0.008538,0.006067,99.935721,0.017502,13.939465,9.233694,3.208731,38.349311,74,0.588636,14,25,3,100.000000,1.303667,84.239130,1477.587481,1178.450689,3487.174693,-0.000000,499.734996
14580.000000,contribution,optical,hardware,1,1,1,0,priority,0.000500,180,15,hybrid,0.050000,4000.000000,6.087000,52.000000,500.000000,500.000000,2.000000,60.000000,0.400000,184,114,184,89,156,21,49,0,0,0,0,0,89,89,0,0,0.000000,1.000000,43.178933,clear-ocean,30.000000,60.000000,0.151000,1131,3123363,800.862308,5.492883,73,3,0,70,0,70,0,0,70,0,0,0,0,0,0,121,33,1,86,1,0,0,0,0,21,49,114,21,49,86,3.525859,158.886611,2695.498468,0.000000,0.000000,24.561404,0,0,0,3311263.262589,18.734641,115.827462,7033.042667,1064.941721,282.585571,200.299836,3309121.863154,3302783.457821,1547.827128,8479.804769,593.572308,0.032161,0.008534,0.006049,99.935330,0.017926,13.939465,9.233694,3.271183,38.294376,74,0.596914,14,25,2,100.000000,1.303667,84.782609,1536.361252,1187.318519,3401.067977,-0.000000,484.393829
14640.000000,contribution,optical,hardware,1,1,1,0,priority,0.000500,180,15,hybrid,0.050000,4000.000000,6.087000,52.000000,500.000000,500.000000,2.000000,60.000000,0.400000,184,114,184,89,158,21,49,0,0,0,0,0,89,89,0,0,0.000000,1.000000,43.178933,clear-ocean,30.000000,60.000000,0.151000,1161,3229113,827.977692,5.655585,73,3,0,70,0,70,0,0,70,0,0,0,0,0,0,125,35,1,88,1,0,0,0,0,21,49,114,21,49,88,3.525859,158.886611,2876.702090,0.000000,0.000000,22.807018,0,0,0,3325096.505805,18.734641,115.827462,7269.184410,1069.077891,283.619614,200.529624,3322930.494267,3316375.159293,1553.227128,8721.346512,612.784410,0.032152,0.008530,0.006031,99.934859,0.018429,13.939465,9.233694,3.304175,38.239891,74,0.596926,14,25,0,100.000000,1.303667,85.869565,1651.957411,1209.774863,3314.961261,-0.000000,446.827649
14700.000000,contribution,optical,hardware,1,1,1,0,priority,0.000500,180,15,hybrid,0.050000,4000.000000,6.087000,52.000000,500.000000,500.000000,2.000000,60.000000,0.400000,184,114,184,89,159,21,49,0,0,0,0,0,89,89,0,0,0.000000,1.000000,43.178933,clear-ocean,30.000000,60.000000,0.151000,1168,3254400,834.461538,5.676609,73,3,0,70,0,70,0,0,70,0,0,0,0,0,0,126,36,1,89,0,0,0,0,0,21,49,114,21,49,89,3.525859,158.886611,2964.459065,0.000000,0.000000,21.929825,0,0,0,3338750.701227,18.734641,115.827462,7326.278359,1073.214061,284.653656,200.759411,3336574.069791,3329966.860766,1558.627128,8783.840461,618.004308,0.032144,0.008526,0.006013,99.934807,0.018510,13.939465,9.233694,3.292709,38.185850,74,0.594490,14,25,0,100.000000,1.303667,86.413043,1708.782036,1218.442449,3228.854545,-0.000000,390.598447
14760.000000,contribution,optical,hardware,1,1,1,0,priority,0.000500,180,15,hybrid,0.050000,4000.000000,6.087000,52.000000,500.000000,500.000000,2.000000,60.000000,0.400000,184,114,184,89,159,21,49,0,0,0,0,0,89,89,0,0,0.000000,1.000000,43.178933,clear-ocean,30.000000,60.000000,0.151000,1168,3254400,834.461538,5.653533,73,3,0,70,0,70,0,0,70,0,0,0,0,0,0,126,36,1,89,0,0,0,0,0,21,49,114,21,49,89,3.525859,158.886611,2964.459065,0.000000,0.000000,21.929825,0,0,0,3352347.802699,18.734641,115.827462,7326.278359,1077.350231,285.687699,200.989198,3350165.771264,3343558.562238,1564.027128,8789.240461,618.004308,0.032137,0.008522,0.005995,99.934910,0.018435,13.939465,9.233694,3.292709,38.132249,74,0.592073,14,25,0,100.000000,1.303667,86.413043,1708.782036,1213.489431,3142.747828,-0.000000,321.037826
14820.000000,contribution,optical,hardware,1,1,1,0,priority,0.000500,180,15,hybrid,0.050000,4000.000000,6.087000,52.000000,500.000000,500.000000,2.000000,60.000000,0.400000,184,114,184,89,159,21,49,0,0,0,0,0,89,89,0,0,0.000000,1.000000,43.178933,clear-ocean,30.000000,60.000000,0.151000,1168,3254400,834.461538,5.630645,73,3,0,70,0,70,0,0,70,0,0,0,0,0,0,126,36,1,89,0,0,0,0,0,21,49,114,21,49,89,3.525859,158.886611,2964.459065,0.000000,0.000000,21.929825,0,0,0,3365944.904172,18.734641,115.827462,7326.278359,1081.486402,286.721741,201.218985,3363757.472736,3357150.263711,1569.427128,8794.640461,618.004308,0.032130,0.008518,0.005978,99.935013,0.018360,13.939465,9.233694,3.292709,38.079082,74,0.589676,14,25,0,100.000000,1.303667,86.413043,1708.782036,1208.576518,3056.641112,-0.000000,244.741463
14880.000000,contribution,optical,hardware,1,1,1,0,priority,0.000500,180,15,hybrid,0.050000,4000.000000,6.087000,52.000000,500.000000,500.000000,2.000000,60.000000,0.400000,184,114,184,89,159,21,49,0,0,0,0,0,89,89,0,0,0.000000,1.000000,43.178933,clear-ocean,30.000000,60.000000,0.151000,1168,3254400,834.461538,5.607940,73,3,0,70,0,70,0,0,70,0,0,0,0,0,0,126,36,1,89,0,0,0,0,0,21,49,114,21,49,89,3.525859,158.886611,2964.459065,0.000000,0.000000,21.929825,0,0,0,3379542.005644,18.734641,115.827462,7326.278359,1085.622572,287.755784,201.448773,3377349.174209,3370741.965183,1574.827128,8800.040461,618.004308,0.032123,0.008515,0.005961,99.935115,0.018287,13.939465,9.233694,3.292709,38.026344,74,0.587298,14,25,0,100.000000,1.303667,86.413043,1708.782036,1203.703226,2970.534396,-0.000000,168.943709
14940.000000,contribution,optical,hardware,1,1,1,0,priority,0.000500,180,15,hybrid,0.050000,4000.000000,6.087000,52.000000,500.000000,500.000000,2.000000,60.000000,0.400000,184,114,184,89,159,21,49,0,0,0,0,0,89,89,0,0,0.000000,1.000000,43.178933,clear-ocean,30.000000,60.000000,0.151000,1168,3254400,834.461538,5.585419,73,3,0,70,0,70,0,0,70,0,0,0,0,0,0,126,36,1,89,0,0,0,0,0,21,49,114,21,49,89,3.525859,158.886611,2964.459065,0.000000,0.000000,21.929825,0,0,0,3393139.107117,18.734641,115.827462,7326.278359,1089.758742,288.789827,201.678560,3390940.875681,3384333.666656,1580.227128,8805.440461,618.004308,0.032117,0.008511,0.005944,99.935215,0.018213,13.939465,9.233694,3.292709,37.974029,74,0.584940,14,25,0,100.000000,1.303667,86.413043,1708.782036,1198.869076,2884.427680,-0.000000,100.831640
15000.000000,contribution,optical,hardware,1,1,1,0,priority,0.000500,180,15,hybrid,0.050000,4000.000000,6.087000,52.000000,500.000000,500.000000,2.000000,60.000000,0.400000,184,114,184,89,159,21,49,0,0,0,0,0,89,89,0,0,0.000000,1.000000,43.178933,clear-ocean,30.000000,60.000000,0.151000,1168,3254400,834.461538,5.563077,73,3,0,70,0,70,0,0,70,0,0,0,0,0,0,126,36,1,89,0,0,0,0,0,21,49,114,21,49,89,3.525859,158.886611,2964.459065,0.000000,0.000000,21.929825,0,0,0,3406736.208589,18.734641,115.827462,7326.278359,1093.894912,289.823869,201.908347,3404532.577154,3397925.368128,1585.627128,8810.840461,618.004308,0.032110,0.008507,0.005927,99.935315,0.018141,13.939465,9.233694,3.292709,37.922133,74,0.582600,14,25,0,100.000000,1.303667,86.413043,1708.782036,1194.073600,2798.320964,-0.000000,46.863581
15060.000000,contribution,optical,hardware,1,1,1,0,priority,0.000500,180,15,hybrid,0.050000,4000.000000,6.087000,52.000000,500.000000,500.000000,2.000000,60.000000,0.400000,184,114,184,89,159,21,49,0,0,0,0,0,89,89,0,0,0.000000,1.000000,43.178933,clear-ocean,30.000000,60.000000,0.151000,1168,3254400,834.461538,5.540913,73,3,0,70,0,70,0,0,70,0,0,0,0,0,0,126,36,1,89,0,0,0,0,0,21,49,114,21,49,89,3.525859,158.886611,2964.459065,0.000000,0.000000,21.929825,0,0,0,3420333.310062,18.734641,115.827462,7326.278359,1098.031082,290.857912,202.138134,3418124.278626,3411517.069601,1591.027128,8816.240461,618.004308,0.032103,0.008504,0.005910,99.935415,0.018069,13.939465,9.233694,3.292709,37.870651,74,0.580279,14,25,0,100.000000,1.303667,86.413043,1708.782036,1189.316335,2712.214248,-0.000000,12.156736
15120.000000,contribution,optical,hardware,1,1,1,0,priority,0.000500,180,15,hybrid,0.050000,4000.000000,6.087000,52.000000,500.000000,500.000000,2.000000,60.000000,0.400000,184,114,184,89,159,21,49,0,0,0,0,0,89,89,0,0,0.000000,1.000000,43.178933,clear-ocean,30.000000,60.000000,0.151000,1168,3254400,834.461538,5.518926,73,3,0,70,0,70,0,0,70,0,0,0,0,0,0,126,36,1,89,0,0,0,0,0,21,49,114,21,49,89,3.525859,158.886611,2964.459065,0.000000,0.000000,21.929825,0,0,0,3433930.411534,18.734641,115.827462,7326.278359,1102.167253,291.891954,202.367921,3431715.980099,3425108.771073,1596.427128,8821.640461,618.004308,0.032096,0.008500,0.005893,99.935513,0.017997,13.939465,9.233694,3.292709,37.819577,74,0.577976,14,25,0,100.000000,1.303667,86.413043,1708.782036,1184.596825,2626.107532,-0.000000,0.001977
15180.000000,contribution,optical,hardware,1,1,1,0,priority,0.000500,180,15,hybrid,0.050000,4000.000000,6.087000,52.000000,500.000000,500.000000,2.000000,60.000000,0.400000,184,114,184,89,159,21,49,0,0,0,0,0,89,89,0,0,0.000000,1.000000,43.178933,clear-ocean,30.000000,60.000000,0.151000,1168,3254400,834.461538,5.497112,73,3,0,70,0,70,0,0,70,0,0,0,0,0,0,126,36,1,89,0,0,0,0,0,21,49,114,21,49,89,3.525859,158.886611,2964.459065,0.000000,0.000000,21.929825,0,0,0,3447527.513007,18.734641,115.827462,7326.278359,1106.303423,292.925997,202.597709,3445307.681571,3438700.472546,1601.827128,8827.040461,618.004308,0.032090,0.008497,0.005877,99.935611,0.017926,13.939465,9.233694,3.292709,37.768906,74,0.575692,14,25,0,100.000000,1.303667,86.413043,1708.782036,1179.914625,2540.000815,0.000000,11.551806
15240.000000,contribution,optical,hardware,1,1,1,0,priority,0.000500,180,15,hybrid,0.050000,4000.000000,6.087000,52.000000,500.000000,500.000000,2.000000,60.000000,0.400000,184,114,184,89,159,21,49,0,0,0,0,0,89,89,0,0,0.000000,1.000000,43.178933,clear-ocean,30.000000,60.000000,0.151000,1168,3254400,834.461538,5.475469,73,3,0,70,0,70,0,0,70,0,0,0,0,0,0,126,36,1,89,0,0,0,0,0,21,49,114,21,49,89,3.525859,158.886611,2964.459065,0.000000,0.000000,21.929825,0,0,0,3461124.614479,18.734641,115.827462,7326.278359,1110.439593,293.960039,202.827496,3458899.383044,3452292.174018,1607.227128,8832.440461,618.004308,0.032083,0.008493,0.005860,99.935708,0.017856,13.939465,9.233694,3.292709,37.718635,74,0.573425,14,25,0,100.000000,1.303667,86.413043,1708.782036,1175.269291,2453.894099,0.000000,45.711080
15300.000000,contribution,optical,hardware,1,1,1,0,priority,0.000500,180,15,hybrid,0.050000,4000.000000,6.087000,52.000000,500.000000,500.000000,2.000000,60.000000,0.400000,184,114,184,89,159,21,49,0,0,0,0,0,89,89,0,0,0.000000,1.000000,43.178933,clear-ocean,30.000000,60.000000,0.151000,1168,3254400,834.461538,5.453997,73,3,0,70,0,70,0,0,70,0,0,0,0,0,0,126,36,1,89,0,0,0,0,0,21,49,114,21,49,89,3.525859,158.886611,2964.459065,0.000000,0.000000,21.929825,0,0,0,3474721.715952,18.734641,115.827462,7326.278359,1114.575763,294.994082,203.057283,3472491.084516,3465883.875491,1612.627128,8837.840461,618.004308,0.032077,0.008490,0.005844,99.935804,0.017786,13.939465,9.233694,3.292709,37.668758,74,0.571176,14,25,0,100.000000,1.303667,86.413043,1708.782036,1170.660392,2367.787383,0.000000,99.240846
15360.000000,contribution,optical,hardware,1,1,1,0,priority,0.000500,180,15,hybrid,0.050000,4000.000000,6.087000,52.000000,500.000000,500.000000,2.000000,60.000000,0.400000,184,114,184,89,159,21,49,0,0,0,0,0,89,89,0,0,0.000000,1.000000,43.178933,clear-ocean,30.000000,60.000000,0.151000,1168,3254400,834.461538,5.432692,73,3,0,70,0,70,0,0,70,0,0,0,0,0,0,126,36,1,89,0,0,0,0,0,21,49,114,21,49,89,3.525859,158.886611,2964.459065,0.000000,0.000000,21.929825,0,0,0,3488318.817424,18.734641,115.827462,7326.278359,1118.711933,296.028124,203.287070,3486082.785989,3479475.576963,1618.027128,8843.240461,618.004308,0.032070,0.008486,0.005828,99.935899,0.017716,13.939465,9.233694,3.292709,37.619271,74,0.568945,14,25,0,100.000000,1.303667,86.413043,1708.782036,1166.087500,2281.680667,0.000000,167.065460
15420.000000,contribution,optical,hardware,1,1,1,0,priority,0.000500,180,15,hybrid,0.050000,4000.000000,6.087000,52.000000,500.000000,500.000000,2.000000,60.000000,0.400000,184,114,184,89,159,21,49,0,0,0,0,0,89,89,0,0,0.000000,1.000000,43.178933,clear-ocean,30.000000,60.000000,0.151000,1168,3254400,834.461538,5.411553,73,3,0,70,0,70,0,0,70,0,0,0,0,0,0,126,36,1,89,0,0,0,0,0,21,49,114,21,49,89,3.525859,158.886611,2964.459065,0.000000,0.000000,21.929825,0,0,0,3501915.918897,18.734641,115.827462,7326.278359,1122.848104,297.062167,203.516858,3499674.487461,3493067.278436,1623.427128,8848.640461,618.004308,0.032064,0.008483,0.005812,99.935994,0.017648,13.939465,9.233694,3.292709,37.570169,74,0.566732,14,25,0,100.000000,1.303667,86.413043,1708.782036,1161.550195,2195.573951,0.000000,242.753854
15480.000000,contribution,optical,hardware,1,1,1,0,priority,0.000500,180,15,hybrid,0.050000,4000.000000,6.087000,52.000000,500.000000,500.000000,2.000000,60.000000,0.400000,184,114,184,89,159,21,49,0,0,0,0,0,89,89,0,0,0.000000,1.000000,43.178933,clear-ocean,30.000000,60.000000,0.151000,1168,3254400,834.461538,5.390578,73,3,0,70,0,70,0,0,70,0,0,0,0,0,0,126,36,1,89,0,0,0,0,0,21,49,114,21,49,89,3.525859,158.886611,2964.459065,0.000000,0.000000,21.929825,0,0,0,3515513.020369,18.734641,115.827462,7326.278359,1126.984274,298.096209,203.746645,3513266.188934,3506658.979908,1628.827128,8854.040461,618.004308,0.032057,0.008479,0.005796,99.936088,0.017579,13.939465,9.233694,3.292709,37.521447,74,0.564535,14,25,0,100.000000,1.303667,86.413043,1708.782036,1157.048062,2109.467235,0.000000,319.129320
15540.000000,contribution,optical,hardware,1,1,1,0,priority,0.000500,180,15,hybrid,0.050000,4000.000000,6.087000,52.000000,500.000000,500.000000,2.000000,60.000000,0.400000,184,114,184,89,159,21,49,0,0,0,0,0,89,89,0,0,0.000000,1.000000,43.178933,clear-ocean,30.000000,60.000000,0.151000,1168,3254400,834.461538,5.369765,73,3,0,70,0,70,0,0,70,0,0,0,0,0,0,126,36,1,89,0,0,0,0,0,21,49,114,21,49,89,3.525859,158.886611,2964.459065,0.000000,0.000000,21.929825,0,0,0,3529110.121842,18.734641,115.827462,7326.278359,1131.120444,299.130252,203.976432,3526857.890406,3520250.681381,1634.227128,8859.440461,618.004308,0.032051,0.008476,0.005780,99.936181,0.017512,13.939465,9.233694,3.292709,37.473102,74,0.562355,14,25,0,100.000000,1.303667,86.413043,1708.782036,1152.580695,2023.360519,0.000000,388.950006
15600.000000,contribution,optical,hardware,1,1,1,0,priority,0.000500,180,15,hybrid,0.050000,4000.000000,6.087000,52.000000,500.000000,500.000000,2.000000,60.000000,0.400000,184,114,184,89,159,21,49,0,0,0,0,0,89,89,0,0,0.000000,1.000000,43.178933,clear-ocean,30.000000,60.000000,0.151000,1168,3254400,834.461538,5.349112,73,3,0,70,0,70,0,0,70,0,0,0,0,0,0,126,36,1,89,0,0,0,0,0,21,49,114,21,49,89,3.525859,158.886611,2964.459065,0.000000,0.000000,21.929825,0,0,0,3542707.223314,18.734641,115.827462,7326.278359,1135.256614,300.164295,204.206219,3540449.591879,3533842.382853,1639.627128,8864.840461,618.004308,0.032045,0.008473,0.005764,99.936274,0.017444,13.939465,9.233694,3.292709,37.425128,74,0.560192,14,25,0,100.000000,1.303667,86.413043,1708.782036,1148.147692,1937.253802,0.000000,445.595577
15660.000000,contribution,optical,hardware,1,1,1,0,priority,0.000500,180,15,hybrid,0.050000,4000.000000,6.087000,52.000000,500.000000,500.000000,2.000000,60.000000,0.400000,184,114,184,89,159,21,49,0,0,0,0,0,89,89,0,0,0.000000,1.000000,43.178933,clear-ocean,30.000000,60.000000,0.151000,1168,3254400,834.461538,5.328618,73,3,0,70,0,70,0,0,70,0,0,0,0,0,0,126,36,1,89,0,0,0,0,0,21,49,114,21,49,89,3.525859,158.886611,2964.459065,0.000000,0.000000,21.929825,0,0,0,3556304.324787,18.734641,115.827462,7326.278359,1139.392785,301.198337,204.436007,3554041.293351,3547434.084326,1645.027128,8870.240461,618.004308,0.032039,0.008469,0.005749,99.936366,0.017378,13.939465,9.233694,3.292709,37.377522,74,0.558046,14,25,0,100.000000,1.303667,86.413043,1708.782036,1143.748659,1851.147086,0.000000,483.694950
15720.000000,contribution,optical,hardware,1,1,1,0,priority,0.000500,180,15,hybrid,0.050000,4000.000000,6.087000,52.000000,500.000000,500.000000,2.000000,60.000000,0.400000,184,114,184,102,160,21,49,0,0,0,0,0,102,102,0,0,0.000000,1.000000,43.146443,clear-ocean,30.000000,60.000000,0.151000,1176,3283824,842.006154,5.356273,73,3,0,70,0,70,0,0,70,0,0,0,0,0,0,128,36,1,90,1,0,0,0,0,21,49,114,21,49,90,3.525859,158.886611,3067.777305,0.000000,0.000000,21.052632,0,0,0,3569993.006362,18.734641,115.827462,7417.858462,1143.528955,302.232380,220.265794,3567703.755029,3561025.785798,1666.027128,8967.220563,623.224205,0.032032,0.008466,0.006170,99.935875,0.017457,13.939465,9.233694,3.296826,37.322837,74,0.562786,14,12,11,100.000000,1.303667,86.956522,1774.746528,1152.105852,1765.040370,0.000000,499.635578
15780.000000,contribution,optical,hardware,1,1,1,0,priority,0.000500,180,15,hybrid,0.050000,4000.000000,6.087000,52.000000,500.000000,500.000000,2.000000,60.000000,0.400000,184,114,184,102,162,21,49,0,0,0,0,0,102,102,0,0,0.000000,1.000000,43.146443,clear-ocean,30.000000,60.000000,0.151000,1209,3405657,873.245385,5.533874,73,3,0,70,0,70,0,0,70,0,0,0,0,0,0,132,38,1,92,1,0,0,0,0,21,49,114,21,49,92,3.525859,158.886611,3266.246973,0.000000,0.000000,19.298246,0,0,0,3583861.690808,18.734641,115.827462,7689.441436,1147.665125,303.266422,220.495581,3581545.376912,3574617.487271,1671.427128,9244.203538,644.886769,0.032023,0.008462,0.006152,99.935368,0.017994,13.939465,9.233694,3.343235,37.226553,74,0.597655,14,12,9,100.000000,1.303667,88.043478,1903.421040,1173.073764,1678.933654,-0.000000,491.905983
15840.000000,contribution,optical,hardware,1,1,1,0,priority,0.000500,180,15,hybrid,0.050000,4000.000000,6.087000,52.000000,500.000000,500.000000,2.000000,60.000000,0.400000,184,114,184,102,166,21,49,0,0,0,0,0,102,102,0,0,0.000000,1.000000,43.146443,clear-ocean,30.000000,60.000000,0.151000,1245,3532557,905.783846,5.718332,73,3,0,70,0,70,0,0,70,0,0,0,0,0,0,137,39,1,96,1,0,0,0,0,21,49,114,21,49,96,3.525859,158.886611,3638.145049,0.000000,0.000000,15.789474,0,0,0,3597746.876999,18.734641,115.827462,7977.526154,1151.801295,304.300465,220.725368,3595397.399205,3588209.188743,1676.827128,9537.688256,672.650667,0.032015,0.008458,0.006135,99.934696,0.018696,13.939465,9.233694,3.323969,37.130997,74,0.620896,14,12,5,100.000000,1.303667,90.217391,2151.333806,1219.135354,1592.826938,-0.000000,461.239079
15900.000000,contribution,optical,hardware,1,1,1,0,priority,0.000500,180,15,hybrid,0.050000,4000.000000,6.087000,52.000000,500.000000,500.000000,2.000000,60.000000,0.400000,184,114,184,102,171,21,49,0,0,0,0,0,102,102,0,0,0.000000,1.000000,43.146443,clear-ocean,30.000000,60.000000,0.151000,1287,3684279,944.686923,5.941427,73,3,0,70,0,70,0,0,70,0,0,0,0,0,0,143,40,1,101,1,0,0,0,0,21,49,114,21,49,101,3.525859,158.886611,4059.811841,0.000000,0.000000,11.403509,0,0,0,3611685.657446,18.734641,115.827462,8319.205128,1155.937465,305.334507,220.955155,3609300.341703,3601800.890216,1682.227128,9884.767230,703.088615,0.032005,0.008454,0.006118,99.933956,0.019467,13.939465,9.233694,3.294735,37.036164,74,0.628302,14,12,0,100.000000,1.303667,92.934783,2443.862473,1277.427925,1506.720222,-0.000000,410.542675
15960.000000,contribution,optical,hardware,1,1,1,0,priority,0.000500,180,15,hybrid,0.050000,4000.000000,6.087000,52.000000,500.000000,500.000000,2.000000,60.000000,0.400000,184,114,184,102,172,21,49,0,0,0,0,0,102,102,0,0,0.000000,1.000000,43.146443,clear-ocean,30.000000,60.000000,0.151000,1294,3709566,951.170769,5.959717,73,3,0,70,0,70,0,0,70,0,0,0,0,0,0,144,41,1,102,0,0,0,0,0,21,49,114,21,49,102,3.525859,158.886611,4138.052263,0.000000,0.000000,10.526316,0,0,0,3625339.852867,18.734641,115.827462,8376.299077,1160.073636,306.368550,221.184943,3622943.917227,3615392.591688,1687.627128,9947.261179,708.308513,0.031999,0.008451,0.006101,99.933911,0.019538,13.939465,9.233694,3.284823,36.942043,74,0.625940,14,12,0,100.000000,1.303667,93.478261,2499.655917,1285.156892,1420.613506,-0.000000,344.623758
16020.000000,contribution,optical,hardware,1,1,1,0,priority,0.000500,180,15,hybrid,0.050000,4000.000000,6.087000,52.000000,500.000000,500.000000,2.000000,60.000000,0.400000,184,114,184,102,172,21,49,0,0,0,0,0,102,102,0,0,0.000000,1.000000,43.146443,clear-ocean,30.000000,60.000000,0.151000,1294,3709566,951.170769,5.937396,73,3,0,70,0,70,0,0,70,0,0,0,0,0,0,144,41,1,102,0,0,0,0,0,21,49,114,21,49,102,3.525859,158.886611,4138.052263,0.000000,0.000000,10.526316,0,0,0,3638936.954339,18.734641,115.827462,8376.299077,1164.209806,307.402592,221.414730,3636535.618699,3628984.293161,1693.027128,9952.661179,708.308513,0.031993,0.008448,0.006085,99.934010,0.019465,13.939465,9.233694,3.284823,36.848627,74,0.623596,14,12,0,100.000000,1.303667,93.478261,2499.655917,1280.343571,1334.506789,-0.000000,269.732701
16080.000000,contribution,optical,hardware,1,1,1,0,priority,0.000500,180,15,hybrid,0.050000,4000.000000,6.087000,52.000000,500.000000,500.000000,2.000000,60.000000,0.400000,184,114,184,102,172,21,49,0,0,0,0,0,102,102,0,0,0.000000,1.000000,43.146443,clear-ocean,30.000000,60.000000,0.151000,1294,3709566,951.170769,5.915241,73,3,0,70,0,70,0,0,70,0,0,0,0,0,0,144,41,1,102,0,0,0,0,0,21,49,114,21,49,102,3.525859,158.886611,4138.052263,0.000000,0.000000,10.526316,0,0,0,3652534.055812,18.734641,115.827462,8376.299077,1168.345976,308.436635,221.644517,3650127.320172,3642575.994633,1698.427128,9958.061179,708.308513,0.031987,0.008444,0.006068,99.934108,0.019392,13.939465,9.233694,3.284823,36.755908,74,0.621269,14,12,0,100.000000,1.303667,93.478261,2499.655917,1275.566169,1248.400073,-0.000000,192.970607
16140.000000,contribution,optical,hardware,1,1,1,0,priority,0.000500,180,15,hybrid,0.050000,4000.000000,6.087000,52.000000,500.000000,500.000000,2.000000,60.000000,0.400000,184,114,184,102,172,21,49,0,0,0,0,0,102,102,0,0,0.000000,1.000000,43.146443,clear-ocean,30.000000,60.000000,0.151000,1294,3709566,951.170769,5.893251,73,3,0,70,0,70,0,0,70,0,0,0,0,0,0,144,41,1,102,0,0,0,0,0,21,49,114,21,49,102,3.525859,158.886611,4138.052263,0.000000,0.000000,10.526316,0,0,0,3666131.157284,18.734641,115.827462,8376.299077,1172.482146,309.470678,221.874304,3663719.021644,3656167.696106,1703.827128,9963.461179,708.308513,0.031981,0.008441,0.006052,99.934205,0.019320,13.939465,9.233694,3.284823,36.663879,74,0.618959,14,12,0,100.000000,1.303667,93.478261,2499.655917,1270.824287,1162.293357,-0.000000,121.615989
16200.000000,contribution,optical,hardware,1,1,1,0,priority,0.000500,180,15,hybrid,0.050000,4000.000000,6.087000,52.000000,500.000000,500.000000,2.000000,60.000000,0.400000,184,114,184,102,172,21,49,0,0,0,0,0,102,102,0,0,0.000000,1.000000,43.146443,clear-ocean,30.000000,60.000000,0.151000,1294,3709566,951.170769,5.871425,73,3,0,70,0,70,0,0,70,0,0,0,0,0,0,144,41,1,102,0,0,0,0,0,21,49,114,21,49,102,3.525859,158.886611,4138.052263,0.000000,0.000000,10.526316,0,0,0,3679728.258757,18.734641,115.827462,8376.299077,1176.618316,310.504720,222.104092,3677310.723117,3669759.397578,1709.227128,9968.861179,708.308513,0.031976,0.008438,0.006036,99.934301,0.019249,13.939465,9.233694,3.284823,36.572531,74,0.616667,14,12,0,100.000000,1.303667,93.478261,2499.655917,1266.117531,1076.186641,-0.000000,62.434628
16260.000000,contribution,optical,hardware,1,1,1,0,priority,0.000500,180,15,hybrid,0.050000,4000.000000,6.087000,52.000000,500.000000,500.000000,2.000000,60.000000,0.400000,184,114,184,102,172,21,49,0,0,0,0,0,102,102,0,0,0.000000,1.000000,43.146443,clear-ocean,30.000000,60.000000,0.151000,1294,3709566,951.170769,5.849759,73,3,0,70,0,70,0,0,70,0,0,0,0,0,0,144,41,1,102,0,0,0,0,0,21,49,114,21,49,102,3.525859,158.886611,4138.052263,0.000000,0.000000,10.526316,0,0,0,3693325.360229,18.734641,115.827462,8376.299077,1180.754487,311.538763,222.333879,3690902.424589,3683351.099051,1714.627128,9974.261179,708.308513,0.031970,0.008435,0.006020,99.934397,0.019178,13.939465,9.233694,3.284823,36.481857,74,0.614391,14,12,0,100.000000,1.303667,93.478261,2499.655917,1261.445510,990.079925,-0.000000,21.038048
16320.000000,contribution,optical,hardware,1,1,1,0,priority,0.000500,180,15,hybrid,0.050000,4000.000000,6.087000,52.000000,500.000000,500.000000,2.000000,60.000000,0.400000,184,114,184,102,172,21,49,0,0,0,0,0,102,102,0,0,0.000000,1.000000,43.146443,clear-ocean,30.000000,60.000000,0.151000,1294,3709566,951.170769,5.828252,73,3,0,70,0,70,0,0,70,0,0,0,0,0,0,144,41,1,102,0,0,0,0,0,21,49,114,21,49,102,3.525859,158.886611,4138.052263,0.000000,0.000000,10.526316,0,0,0,3706922.461702,18.734641,115.827462,8376.299077,1184.890657,312.572805,222.563666,3704494.126062,3696942.800523,1720.027128,9979.661179,708.308513,0.031964,0.008432,0.006004,99.934492,0.019108,13.939465,9.233694,3.284823,36.391850,74,0.612132,14,12,0,100.000000,1.303667,93.478261,2499.655917,1256.807843,903.973209,-0.000000,1.351435
16380.000000,contribution,optical,hardware,1,1,1,0,priority,0.000500,180,15,hybrid,0.050000,4000.000000,6.087000,52.000000,500.000000,500.000000,2.000000,60.000000,0.400000,184,114,184,102,172,21,49,0,0,0,0,0,102,102,0,0,0.000000,1.000000,43.146443,clear-ocean,30.000000,60.000000,0.151000,1294,3709566,951.170769,5.806903,73,3,0,70,0,70,0,0,70,0,0,0,0,0,0,144,41,1,102,0,0,0,0,0,21,49,114,21,49,102,3.525859,158.886611,4138.052263,0.000000,0.000000,10.526316,0,0,0,3720519.563174,18.734641,115.827462,8376.299077,1189.026827,313.606848,222.793453,3718085.827534,3710534.501996,1725.427128,9985.061179,708.308513,0.031959,0.008429,0.005988,99.934586,0.019038,13.939465,9.233694,3.284823,36.302503,74,0.609890,14,12,0,100.000000,1.303667,93.478261,2499.655917,1252.204151,817.866493,0.000000,5.241457
16440.000000,contribution,optical,hardware,1,1,1,0,priority,0.000500,180,15,hybrid,0.050000,4000.000000,6.087000,52.000000,500.000000,500.000000,2.000000,60.000000,0.400000,184,114,184,102,172,21,49,0,0,0,0,0,102,102,0,0,0.000000,1.000000,43.146443,clear-ocean,30.000000,60.000000,0.151000,1294,3709566,951.170769,5.785710,73,3,0,70,0,70,0,0,70,0,0,0,0,0,0,144,41,1,102,0,0,0,0,0,21,49,114,21,49,102,3.525859,158.886611,4138.052263,0.000000,0.000000,10.526316,0,0,0,3734116.664647,18.734641,115.827462,8376.299077,1193.162997,314.640890,223.023241,3731677.529007,3724126.203468,1730.827128,9990.461179,708.308513,0.031953,0.008426,0.005973,99.934680,0.018969,13.939465,9.233694,3.284823,36.213808,74,0.607664,14,12,0,100.000000,1.303667,93.478261,2499.655917,1247.634063,731.759776,0.000000,32.339264
16500.000000,contribution,optical,hardware,1,1,1,0,priority,0.000500,180,15,hybrid,0.050000,4000.000000,6.087000,52.000000,500.000000,500.000000,2.000000,60.000000,0.400000,184,114,184,102,172,21,49,0,0,0,0,0,102,102,0,0,0.000000,1.000000,43.146443,clear-ocean,30.000000,60.000000,0.151000,1294,3709566,951.170769,5.764671,73,3,0,70,0,70,0,0,70,0,0,0,0,0,0,144,41,1,102,0,0,0,0,0,21,49,114,21,49,102,3.525859,158.886611,4138.052263,0.000000,0.000000,10.526316,0,0,0,3747713.766119,18.734641,115.827462,8376.299077,1197.299167,315.674933,223.253028,3745269.230479,3737717.904941,1736.227128,9995.861179,708.308513,0.031947,0.008423,0.005957,99.934773,0.018900,13.939465,9.233694,3.284823,36.125758,74,0.605455,14,12,0,100.000000,1.303667,93.478261,2499.655917,1243.097212,645.653060,0.000000,80.075468
16560.000000,contribution,optical,hardware,1,1,1,0,priority,0.000500,180,15,hybrid,0.050000,4000.000000,6.087000,52.000000,500.000000,500.000000,2.000000,60.000000,0.400000,184,114,184,102,172,21,49,0,0,0,0,0,102,102,0,0,0.000000,1.000000,43.146443,clear-ocean,30.000000,60.000000,0.151000,1294,3709566,951.170769,5.743785,73,3,0,70,0,70,0,0,70,0,0,0,0,0,0,144,41,1,102,0,0,0,0,0,21,49,114,21,49,102,3.525859,158.886611,4138.052263,0.000000,0.000000,10.526316,0,0,0,3761310.867592,18.734641,115.827462,8376.299077,1201.435338,316.708975,223.482815,3758860.931952,3751309.606413,1741.627128,10001.261179,708.308513,0.031942,0.008420,0.005942,99.934865,0.018831,13.939465,9.233694,3.284823,36.038345,74,0.603261,14,12,0,100.000000,1.303667,93.478261,2499.655917,1238.593237,559.546344,0.000000,143.923764
16620.000000,contribution,optical,hardware,1,1,1,0,priority,0.000500,180,15,hybrid,0.050000,4000.000000,6.087000,52.000000,500.000000,500.000000,2.000000,60.000000,0.400000,184,114,184,102,172,21,49,0,0,0,0,0,102,102,0,0,0.000000,1.000000,43.146443,clear-ocean,30.000000,60.000000,0.151000,1294,3709566,951.170769,5.723049,73,3,0,70,0,70,0,0,70,0,0,0,0,0,0,144,41,1,102,0,0,0,0,0,21,49,114,21,49,102,3.525859,158.886611,4138.052263,0.000000,0.000000,10.526316,0,0,0,3774907.969064,18.734641,115.827462,8376.299077,1205.571508,317.743018,223.712602,3772452.633424,3764901.307886,1747.027128,10006.661179,708.308513,0.031936,0.008417,0.005926,99.934956,0.018764,13.939465,9.233694,3.284823,35.951564,74,0.601083,14,12,0,100.000000,1.303667,93.478261,2499.655917,1234.121781,473.439628,0.000000,217.830114
16680.000000,contribution,optical,hardware,1,1,1,0,priority,0.000500,180,15,hybrid,0.050000,4000.000000,6.087000,52.000000,500.000000,500.000000,2.000000,60.000000,0.400000,184,114,184,102,172,21,49,0,0,0,0,0,102,102,0,0,0.000000,1.000000,43.146443,clear-ocean,30.000000,60.000000,0.151000,1294,3709566,951.170769,5.702463,73,3,0,70,0,70,0,0,70,0,0,0,0,0,0,144,41,1,102,0,0,0,0,0,21,49,114,21,49,102,3.525859,158.886611,4138.052263,0.000000,0.000000,10.526316,0,0,0,3788505.070537,18.734641,115.827462,8376.299077,1209.707678,318.777061,223.942390,3786044.334897,3778493.009358,1752.427128,10012.061179,708.308513,0.031931,0.008414,0.005911,99.935047,0.018696,13.939465,9.233694,3.284823,35.865408,74,0.598921,14,12,0,100.000000,1.303667,93.478261,2499.655917,1229.682494,387.332912,0.000000,294.786783
16740.000000,contribution,optical,hardware,1,1,1,0,priority,0.000500,180,15,hybrid,0.050000,4000.000000,6.087000,52.000000,500.000000,500.000000,2.000000,60.000000,0.400000,184,114,184,102,172,21,49,0,0,0,0,0,102,102,0,0,0.000000,1.000000,43.146443,clear-ocean,30.000000,60.000000,0.151000,1294,3709566,951.170769,5.682024,73,3,0,70,0,70,0,0,70,0,0,0,0,0,0,144,41,1,102,0,0,0,0,0,21,49,114,21,49,102,3.525859,158.886611,4138.052263,0.000000,0.000000,10.526316,0,0,0,3802102.172009,18.734641,115.827462,8376.299077,1213.843848,319.811103,224.172177,3799636.036369,3792084.710831,1757.827128,10017.461179,708.308513,0.031926,0.008411,0.005896,99.935138,0.018629,13.939465,9.233694,3.284823,35.779869,74,0.596774,14,12,0,100.000000,1.303667,93.478261,2499.655917,1225.275030,301.226196,0.000000,367.496810
16800.000000,contribution,optical,hardware,1,1,1,0,priority,0.000500,180,15,hybrid,0.050000,4000.000000,6.087000,52.000000,500.000000,500.000000,2.000000,60.000000,0.400000,184,114,184,102,172,21,49,0,0,0,0,0,102,102,0,0,0.000000,1.000000,43.146443,clear-ocean,30.000000,60.000000,0.151000,1294,3709566,951.170769,5.661731,73,3,0,70,0,70,0,0,70,0,0,0,0,0,0,144,41,1,102,0,0,0,0,0,21,49,114,21,49,102,3.525859,158.886611,4138.052263,0.000000,0.000000,10.526316,0,0,0,3815699.273482,18.734641,115.827462,8376.299077,1217.980019,320.845146,224.401964,3813227.737842,3805676.412303,1763.227128,10022.861179,708.308513,0.031920,0.008409,0.005881,99.935227,0.018563,13.939465,9.233694,3.284823,35.694940,74,0.594643,14,12,0,100.000000,1.303667,93.478261,2499.655917,1220.899048,215.119480,0.000000,429.065895
16860.000000,contribution,optical,hardware,1,1,1,0,priority,0.000500,180,15,hybrid,0.050000,4000.000000,6.087000,52.000000,500.000000,500.000000,2.000000,60.000000,0.400000,184,114,184,102,172,21,49,0,0,0,0,0,102,102,0,0,0.000000,1.000000,43.146443,clear-ocean,30.000000,60.000000,0.151000,1294,3709566,951.170769,5.641582,73,3,0,70,0,70,0,0,70,0,0,0,0,0,0,144,41,1,102,0,0,0,0,0,21,49,114,21,49,102,3.525859,158.886611,4138.052263,0.000000,0.000000,10.526316,0,0,0,3829296.374954,18.734641,115.827462,8376.299077,1222.116189,321.879188,224.631751,3826819.439314,3819268.113776,1768.627128,10028.261179,708.308513,0.031915,0.008406,0.005866,99.935316,0.018497,13.939465,9.233694,3.284823,35.610617,74,0.592527,14,12,0,100.000000,1.303667,93.478261,2499.655917,1216.554211,129.012763,0.000000,473.656111
16920.000000,contribution,optical,hardware,1,1,1,0,priority,0.000500,180,15,hybrid,0.050000,4000.000000,6.087000,52.000000,500.000000,500.000000,2.000000,60.000000,0.400000,184,114,184,102,172,21,49,0,0,0,0,0,102,102,0,0,0.000000,1.000000,43.146443,clear-ocean,30.000000,60.000000,0.151000,1294,3709566,951.170769,5.621577,73,3,0,70,0,70,0,0,70,0,0,0,0,0,0,144,41,1,102,0,0,0,0,0,21,49,114,21,49,102,3.525859,158.886611,4138.052263,0.000000,0.000000,10.526316,0,0,0,3842893.476427,18.734641,115.827462,8376.299077,1226.252359,322.913231,224.861538,3840411.140787,3832859.815248,1774.027128,10033.661179,708.308513,0.031910,0.008403,0.005851,99.935405,0.018432,13.939465,9.233694,3.284823,35.526891,74,0.590426,14,12,0,100.000000,1.303667,93.478261,2499.655917,1212.240189,42.906047,0.000000,497.039455
16980.000000,contribution,optical,hardware,1,1,1,0,priority,0.000500,180,15,hybrid,0.050000,4000.000000,6.087000,52.000000,500.000000,500.000000,2.000000,60.000000,0.400000,184,114,184,114,177,21,49,0,0,0,0,0,114,114,0,0,0.000000,1.000000,43.230648,clear-ocean,30.000000,60.000000,0.151000,1336,3861288,990.073846,5.830824,73,3,0,70,0,70,0,0,70,0,0,0,0,0,0,150,41,1,107,1,0,0,0,0,21,49,114,21,49,107,3.525859,158.886611,4733.184648,0.000000,0.000000,6.140351,0,0,0,3856856.256874,18.734641,115.827462,8741.978051,1230.388529,323.947273,239.491326,3854323.683285,3846451.516721,1793.827128,10404.740153,738.746462,0.031901,0.008399,0.006209,99.934336,0.019154,13.939465,9.233694,3.268029,35.409128,74,0.613074,14,0,6,100.000000,1.303667,96.195652,2905.707595,1266.849470,43.200669,0.000000,496.998739
17040.000000,contribution,optical,hardware,1,1,1,0,priority,0.000500,180,15,hybrid,0.050000,4000.000000,6.087000,52.000000,500.000000,500.000000,2.000000,60.000000,0.400000,184,114,184,114,179,21,49,0,0,0,0,0,114,114,0,0,0.000000,1.000000,43.230648,clear-ocean,30.000000,60.000000,0.151000,1364,3962436,1016.009231,5.962495,73,3,0,70,0,70,0,0,70,0,0,0,0,0,0,154,43,1,109,1,0,0,0,0,21,49,114,21,49,109,3.525859,158.886611,4927.944121,0.000000,0.000000,4.385965,0,0,0,3870679.964705,18.734641,115.827462,8968.584410,1234.524699,324.981316,239.721113,3868122.874398,3860043.218193,1799.227128,10636.746512,757.863179,0.031894,0.008396,0.006193,99.933937,0.019580,13.939465,9.233694,3.291224,35.284448,74,0.627817,14,0,4,100.000000,1.303667,97.282609,3044.722884,1285.862911,129.307385,0.000000,473.537824
17100.000000,contribution,optical,hardware,1,1,1,0,priority,0.000500,180,15,hybrid,0.050000,4000.000000,6.087000,52.000000,500.000000,500.000000,2.000000,60.000000,0.400000,184,114,184,114,183,21,49,0,0,0,0,0,114,114,0,0,0.000000,1.000000,43.230648,clear-ocean,30.000000,60.000000,0.151000,1401,4097145,1050.550000,6.143567,73,3,0,70,0,70,0,0,70,0,0,0,0,0,0,160,45,1,113,1,0,0,0,0,21,49,114,21,49,113,3.525859,158.886611,5241.869608,0.000000,0.000000,0.877193,0,0,0,3884578.623511,18.734641,115.827462,9270.141744,1238.660870,326.015358,239.950900,3881990.915153,3873634.919666,1804.627128,10943.703845,783.081231,0.031887,0.008393,0.006177,99.933385,0.020159,13.939465,9.233694,3.281466,35.160643,74,0.635439,14,0,0,100.000000,1.303667,99.456522,3279.730889,1328.134737,215.414101,0.000000,428.881252
17160.000000,contribution,optical,hardware,1,1,1,0,priority,0.000500,180,15,hybrid,0.050000,4000.000000,6.087000,52.000000,500.000000,500.000000,2.000000,60.000000,0.400000,184,114,184,114,184,21,49,0,0,0,0,0,114,114,0,0,0.000000,1.000000,43.230648,clear-ocean,30.000000,60.000000,0.151000,1406,4114158,1054.912308,6.147508,73,3,0,70,0,70,0,0,70,0,0,0,0,0,0,160,45,1,114,0,0,0,0,0,21,49,114,21,49,114,3.525859,158.886611,5316.568319,0.000000,0.000000,0.000000,0,0,0,3898215.846625,18.734641,115.827462,9310.263385,1242.797040,327.049401,240.180687,3895617.518369,3887226.621138,1810.027128,10989.225486,788.301128,0.031881,0.008390,0.006161,99.933346,0.020222,13.939465,9.233694,3.266759,35.037704,74,0.633217,14,0,0,100.000000,1.303667,100.000000,3336.675409,1335.145921,301.520817,0.000000,367.263320
17220.000000,contribution,optical,hardware,1,1,1,0,priority,0.000500,180,15,hybrid,0.050000,4000.000000,6.087000,52.000000,500.000000,500.000000,2.000000,60.000000,0.400000,184,114,184,114,184,21,49,0,0,0,0,0,114,114,0,0,0.000000,1.000000,43.230648,clear-ocean,30.000000,60.000000,0.151000,1406,4114158,1054.912308,6.126088,73,3,0,70,0,70,0,0,70,0,0,0,0,0,0,160,45,1,114,0,0,0,0,0,21,49,114,21,49,114,3.525859,158.886611,5316.568319,0.000000,0.000000,0.000000,0,0,0,3911812.948097,18.734641,115.827462,9310.263385,1246.933210,328.083444,240.410475,3909209.219841,3900818.322611,1815.427128,10994.625486,788.301128,0.031876,0.008387,0.006146,99.933439,0.020152,13.939465,9.233694,3.266759,34.915621,74,0.631010,14,0,0,100.000000,1.303667,100.000000,3336.675409,1330.493844,387.627533,0.000000,294.526585
17280.000000,contribution,optical,hardware,1,1,1,0,priority,0.000500,180,15,hybrid,0.050000,4000.000000,6.087000,52.000000,500.000000,500.000000,2.000000,60.000000,0.400000,184,114,184,114,184,21,49,0,0,0,0,0,114,114,0,0,0.000000,1.000000,43.230648,clear-ocean,30.000000,60.000000,0.151000,1406,4114158,1054.912308,6.104817,73,3,0,70,0,70,0,0,70,0,0,0,0,0,0,160,45,1,114,0,0,0,0,0,21,49,114,21,49,114,3.525859,158.886611,5316.568319,0.000000,0.000000,0.000000,0,0,0,3925410.049570,18.734641,115.827462,9310.263385,1251.069380,329.117486,240.640262,3922800.921314,3914410.024083,1820.827128,11000.025486,788.301128,0.031871,0.008384,0.006130,99.933532,0.020082,13.939465,9.233694,3.266759,34.794387,74,0.628819,14,0,0,100.000000,1.303667,100.000000,3336.675409,1325.874074,473.734250,0.000000,217.567879
17340.000000,contribution,optical,hardware,1,1,1,0,priority,0.000500,180,15,hybrid,0.050000,4000.000000,6.087000,52.000000,500.000000,500.000000,2.000000,60.000000,0.400000,184,114,184,114,184,21,49,0,0,0,0,0,114,114,0,0,0.000000,1.000000,43.230648,clear-ocean,30.000000,60.000000,0.151000,1406,4114158,1054.912308,6.083693,73,3,0,70,0,70,0,0,70,0,0,0,0,0,0,160,45,1,114,0,0,0,0,0,21,49,114,21,49,114,3.525859,158.886611,5316.568319,0.000000,0.000000,0.000000,0,0,0,3939007.151042,18.734641,115.827462,9310.263385,1255.205550,330.151529,240.870049,3936392.622786,3928001.725556,1826.227128,11005.425486,788.301128,0.031866,0.008382,0.006115,99.933625,0.020013,13.939465,9.233694,3.266759,34.673991,74,0.626644,14,0,0,100.000000,1.303667,100.000000,3336.675409,1321.286275,559.840966,0.000000,143.684357
17400.000000,contribution,optical,hardware,1,1,1,0,priority,0.000500,180,15,hybrid,0.050000,4000.000000,6.087000,52.000000,500.000000,500.000000,2.000000,60.000000,0.400000,184,114,184,114,184,21,49,0,0,0,0,0,114,114,0,0,0.000000,1.000000,43.230648,clear-ocean,30.000000,60.000000,0.151000,1406,4114158,1054.912308,6.062714,73,3,0,70,0,70,0,0,70,0,0,0,0,0,0,160,45,1,114,0,0,0,0,0,21,49,114,21,49,114,3.525859,158.886611,5316.568319,0.000000,0.000000,0.000000,0,0,0,3952604.252515,18.734641,115.827462,9310.263385,1259.341721,331.185571,241.099836,3949984.324259,3941593.427028,1831.627128,11010.825486,788.301128,0.031861,0.008379,0.006100,99.933716,0.019944,13.939465,9.233694,3.266759,34.554425,74,0.624483,14,0,0,100.000000,1.303667,100.000000,3336.675409,1316.730115,645.947682,0.000000,79.881590
17460.000000,contribution,optical,hardware,1,1,1,0,priority,0.000500,180,15,hybrid,0.050000,4000.000000,6.087000,52.000000,500.000000,500.000000,2.000000,60.000000,0.400000,184,114,184,114,184,21,49,0,0,0,0,0,114,114,0,0,0.000000,1.000000,43.230648,clear-ocean,30.000000,60.000000,0.151000,1406,4114158,1054.912308,6.041880,73,3,0,70,0,70,0,0,70,0,0,0,0,0,0,160,45,1,114,0,0,0,0,0,21,49,114,21,49,114,3.525859,158.886611,5316.568319,0.000000,0.000000,0.000000,0,0,0,3966201.353987,18.734641,115.827462,9310.263385,1263.477891,332.219614,241.329624,3963576.025731,3955185.128501,1837.027128,11016.225486,788.301128,0.031856,0.008376,0.006085,99.933807,0.019875,13.939465,9.233694,3.266759,34.435682,74,0.622337,14,0,0,100.000000,1.303667,100.000000,3336.675409,1312.205269,732.054398,0.000000,32.209298
17520.000000,contribution,optical,hardware,1,1,1,0,priority,0.000500,180,15,hybrid,0.050000,4000.000000,6.087000,52.000000,500.000000,500.000000,2.000000,60.000000,0.400000,184,114,184,114,184,21,49,0,0,0,0,0,114,114,0,0,0.000000,1.000000,43.230648,clear-ocean,30.000000,60.000000,0.151000,1406,4114158,1054.912308,6.021189,73,3,0,70,0,70,0,0,70,0,0,0,0,0,0,160,45,1,114,0,0,0,0,0,21,49,114,21,49,114,3.525859,158.886611,5316.568319,0.000000,0.000000,0.000000,0,0,0,3979798.455459,18.734641,115.827462,9310.263385,1267.614061,333.253656,241.559411,3977167.727204,3968776.829973,1842.427128,11021.625486,788.301128,0.031851,0.008374,0.006070,99.933898,0.019808,13.939465,9.233694,3.266759,34.317751,74,0.620205,14,0,0,100.000000,1.303667,100.000000,3336.675409,1307.711416,818.161114,0.000000,5.187726
17580.000000,contribution,optical,hardware,1,1,1,0,priority,0.000500,180,15,hybrid,0.050000,4000.000000,6.087000,52.000000,500.000000,500.000000,2.000000,60.000000,0.400000,184,114,184,114,184,21,49,0,0,0,0,0,114,114,0,0,0.000000,1.000000,43.230648,clear-ocean,30.000000,60.000000,0.151000,1406,4114158,1054.912308,6.000639,73,3,0,70,0,70,0,0,70,0,0,0,0,0,0,160,45,1,114,0,0,0,0,0,21,49,114,21,49,114,3.525859,158.886611,5316.568319,0.000000,0.000000,0.000000,0,0,0,3993395.556932,18.734641,115.827462,9310.263385,1271.750231,334.287699,241.789198,3990759.428676,3982368.531446,1847.827128,11027.025486,788.301128,0.031846,0.008371,0.006055,99.933988,0.019740,13.939465,9.233694,3.266759,34.200626,74,0.618089,14,0,0,100.000000,1.303667,100.000000,3336.675409,1303.248237,904.267830,-0.000000,1.379034
17640.000000,contribution,optical,hardware,1,1,1,0,priority,0.000500,180,15,hybrid,0.050000,4000.000000,6.087000,52.000000,500.000000,500.000000,2.000000,60.000000,0.400000,184,114,184,114,184,21,49,0,0,0,0,0,114,114,0,0,0.000000,1.000000,43.230648,clear-ocean,30.000000,60.000000,0.151000,1406,4114158,1054.912308,5.980229,73,3,0,70,0,70,0,0,70,0,0,0,0,0,0,160,45,1,114,0,0,0,0,0,21,49,114,21,49,114,3.525859,158.886611,5316.568319,0.000000,0.000000,0.000000,0,0,0,4006992.658404,18.734641,115.827462,9310.263385,1275.886402,335.321741,242.018985,4004351.130149,3995960.232918,1853.227128,11032.425486,788.301128,0.031841,0.008368,0.006040,99.934077,0.019673,13.939465,9.233694,3.266759,34.084297,74,0.615986,14,0,0,100.000000,1.303667,100.000000,3336.675409,1298.815420,990.374546,-0.000000,21.144360
17700.000000,contribution,optical,hardware,1,1,1,0,priority,0.000500,180,15,hybrid,0.050000,4000.000000,6.087000,52.000000,500.000000,500.000000,2.000000,60.000000,0.400000,184,114,184,114,184,21,49,0,0,0,0,0,114,114,0,0,0.000000,1.000000,43.230648,clear-ocean,30.000000,60.000000,0.151000,1406,4114158,1054.912308,5.959957,73,3,0,70,0,70,0,0,70,0,0,0,0,0,0,160,45,1,114,0,0,0,0,0,21,49,114,21,49,114,3.525859,158.886611,5316.568319,0.000000,0.000000,0.000000,0,0,0,4020589.759877,18.734641,115.827462,9310.263385,1280.022572,336.355784,242.248773,4017942.831621,4009551.934391,1858.627128,11037.825486,788.301128,0.031837,0.008366,0.006025,99.934166,0.019607,13.939465,9.233694,3.266759,33.968757,74,0.613898,14,0,0,100.000000,1.303667,100.000000,3336.675409,1294.412655,1076.481263,-0.000000,62.609573
17760.000000,contribution,optical,hardware,1,1,1,0,priority,0.000500,180,15,hybrid,0.050000,4000.000000,6.087000,52.000000,500.000000,500.000000,2.000000,60.000000,0.400000,184,114,184,114,184,21,49,0,0,0,0,0,114,114,0,0,0.000000,1.000000,43.230648,clear-ocean,30.000000,60.000000,0.151000,1406,4114158,1054.912308,5.939822,73,3,0,70,0,70,0,0,70,0,0,0,0,0,0,160,45,1,114,0,0,0,0,0,21,49,114,21,49,114,3.525859,158.886611,5316.568319,0.000000,0.000000,0.000000,0,0,0,4034186.861349,18.734641,115.827462,9310.263385,1284.158742,337.389827,242.478560,4031534.533094,4023143.635863,1864.027128,11043.225486,788.301128,0.031832,0.008363,0.006011,99.934254,0.019541,13.939465,9.233694,3.266759,33.853998,74,0.611824,14,0,0,100.000000,1.303667,100.000000,3336.675409,1290.039640,1162.587979,-0.000000,121.842978
17820.000000,contribution,optical,hardware,1,1,1,0,priority,0.000500,180,15,hybrid,0.050000,4000.000000,6.087000,52.000000,500.000000,500.000000,2.000000,60.000000,0.400000,184,114,184,114,184,21,49,0,0,0,0,0,114,114,0,0,0.000000,1.000000,43.230648,clear-ocean,30.000000,60.000000,0.151000,1406,4114158,1054.912308,5.919822,73,3,0,70,0,70,0,0,70,0,0,0,0,0,0,160,45,1,114,0,0,0,0,0,21,49,114,21,49,114,3.525859,158.886611,5316.568319,0.000000,0.000000,0.000000,0,0,0,4047783.962822,18.734641,115.827462,9310.263385,1288.294912,338.423869,242.708347,4045126.234566,4036735.337336,1869.427128,11048.625486,788.301128,0.031827,0.008361,0.005996,99.934341,0.019475,13.939465,9.233694,3.266759,33.740011,74,0.609764,14,0,0,100.000000,1.303667,100.000000,3336.675409,1285.696072,1248.694695,-0.000000,193.228118
17880.000000,contribution,optical,hardware,1,1,1,0,priority,0.000500,180,15,hybrid,0.050000,4000.000000,6.087000,52.000000,500.000000,500.000000,2.000000,60.000000,0.400000,184,114,184,114,184,21,49,0,0,0,0,0,114,114,0,0,0.000000,1.000000,43.230648,clear-ocean,30.000000,60.000000,0.151000,1406,4114158,1054.912308,5.899957,73,3,0,70,0,70,0,0,70,0,0,0,0,0,0,160,45,1,114,0,0,0,0,0,21,49,114,21,49,114,3.525859,158.886611,5316.568319,0.000000,0.000000,0.000000,0,0,0,4061381.064294,18.734641,115.827462,9310.263385,1292.431082,339.457912,242.938134,4058717.936039,4050327.038808,1874.827128,11054.025486,788.301128,0.031822,0.008358,0.005982,99.934428,0.019410,13.939465,9.233694,3.266759,33.626790,74,0.607718,14,0,0,100.000000,1.303667,100.000000,3336.675409,1281.381655,1334.801411,-0.000000,269.996317
17940.000000,contribution,optical,hardware,1,1,1,0,priority,0.000500,180,15,hybrid,0.050000,4000.000000,6.087000,52.000000,500.000000,500.000000,2.000000,60.000000,0.400000,184,114,184,114,184,21,49,0,0,0,0,0,114,114,0,0,0.000000,1.000000,43.230648,clear-ocean,30.000000,60.000000,0.151000,1406,4114158,1054.912308,5.880225,73,3,0,70,0,70,0,0,70,0,0,0,0,0,0,160,45,1,114,0,0,0,0,0,21,49,114,21,49,114,3.525859,158.886611,5316.568319,0.000000,0.000000,0.000000,0,0,0,4074978.165767,18.734641,115.827462,9310.263385,1296.567253,340.491954,243.167921,4072309.637511,4063918.740281,1880.227128,11059.425486,788.301128,0.031818,0.008356,0.005967,99.934514,0.019345,13.939465,9.233694,3.266759,33.514326,74,0.605686,14,0,0,100.000000,1.303667,100.000000,3336.675409,1277.096098,1420.908127,-0.000000,344.868482
18000.000000,contribution,optical,hardware,1,1,1,0,priority,0.000500,180,15,hybrid,0.050000,4000.000000,6.087000,52.000000,500.000000,500.000000,2.000000,60.000000,0.400000,184,114,184,114,184,21,49,0,0,0,0,0,114,114,0,0,0.000000,1.000000,43.230648,clear-ocean,30.000000,60.000000,0.151000,1406,4114158,1054.912308,5.860624,73,3,0,70,0,70,0,0,70,0,0,0,0,0,0,160,45,1,114,0,0,0,0,0,21,49,114,21,49,114,3.525859,158.886611,5316.568319,0.000000,0.000000,0.000000,0,0,0,4088575.267239,18.734641,115.827462,9310.263385,1300.703423,341.525997,243.397709,4085901.338984,4077510.441753,1885.627128,11064.825486,788.301128,0.031813,0.008353,0.005953,99.934600,0.019281,13.939465,9.233694,3.266759,33.402611,74,0.603667,14,0,0,100.000000,1.303667,100.000000,3336.675409,1272.839111,1507.014843,-0.000000,410.745304
18060.000000,contribution,optical,hardware,1,1,1,0,priority,0.000500,180,15,hybrid,0.050000,4000.000000,6.087000,52.000000,500.000000,500.000000,2.000000,60.000000,0.400000,184,114,184,114,184,21,49,0,0,0,0,0,114,114,0,0,0.000000,1.000000,43.230648,clear-ocean,30.000000,60.000000,0.151000,1406,4114158,1054.912308,5.841153,73,3,0,70,0,70,0,0,70,0,0,0,0,0,0,160,45,1,114,0,0,0,0,0,21,49,114,21,49,114,3.525859,158.886611,5316.568319,0.000000,0.000000,0.000000,0,0,0,4102172.368712,18.734641,115.827462,9310.263385,1304.839593,342.560039,243.627496,4099493.040456,4091102.143226,1891.027128,11070.225486,788.301128,0.031809,0.008351,0.005939,99.934685,0.019217,13.939465,9.233694,3.266759,33.291639,74,0.601661,14,0,0,100.000000,1.303667,100.000000,3336.675409,1268.610410,1593.121559,-0.000000,461.380399
18120.000000,contribution,optical,hardware,1,1,1,0,priority,0.000500,180,15,hybrid,0.050000,4000.000000,6.087000,52.000000,500.000000,500.000000,2.000000,60.000000,0.400000,184,114,184,114,184,21,49,0,0,0,0,0,114,114,0,0,0.000000,1.000000,43.230648,clear-ocean,30.000000,60.000000,0.151000,1406,4114158,1054.912308,5.821812,73,3,0,70,0,70,0,0,70,0,0,0,0,0,0,160,45,1,114,0,0,0,0,0,21,49,114,21,49,114,3.525859,158.886611,5316.568319,0.000000,0.000000,0.000000,0,0,0,4115769.470184,18.734641,115.827462,9310.263385,1308.975763,343.594082,243.857283,4113084.741929,4104693.844698,1896.427128,11075.625486,788.301128,0.031804,0.008348,0.005925,99.934770,0.019153,13.939465,9.233694,3.266759,33.181402,74,0.599669,14,0,0,100.000000,1.303667,100.000000,3336.675409,1264.409713,1679.228276,-0.000000,491.972594
18180.000000,contribution,optical,hardware,1,1,1,0,priority,0.000500,180,15,hybrid,0.050000,4000.000000,6.087000,52.000000,500.000000,500.000000,2.000000,60.000000,0.400000,184,114,184,114,184,21,49,0,0,0,0,0,114,114,0,0,0.000000,1.000000,43.230648,clear-ocean,30.000000,60.000000,0.151000,1406,4114158,1054.912308,5.802598,73,3,0,70,0,70,0,0,70,0,0,0,0,0,0,160,45,1,114,0,0,0,0,0,21,49,114,21,49,114,3.525859,158.886611,5316.568319,0.000000,0.000000,0.000000,0,0,0,4129366.571657,18.734641,115.827462,9310.263385,1313.111933,344.628124,244.087070,4126676.443401,4118285.546171,1901.827128,11081.025486,788.301128,0.031799,0.008346,0.005911,99.934854,0.019090,13.939465,9.233694,3.266759,33.071892,74,0.597690,14,0,0,100.000000,1.303667,100.000000,3336.675409,1260.236744,1765.334992,0.000000,499.621164
18240.000000,contribution,optical,hardware,1,1,1,0,priority,0.000500,180,15,hybrid,0.050000,4000.000000,6.087000,52.000000,500.000000,500.000000,2.000000,60.000000,0.400000,184,114,184,114,184,21,49,0,0,0,0,0,114,114,0,0,0.000000,1.000000,43.230648,clear-ocean,30.000000,60.000000,0.151000,1406,4114158,1054.912308,5.783510,73,3,0,70,0,70,0,0,70,0,0,0,0,0,0,160,45,1,114,0,0,0,0,0,21,49,114,21,49,114,3.525859,158.886611,5316.568319,0.000000,0.000000,0.000000,0,0,0,4142963.673129,18.734641,115.827462,9310.263385,1317.248104,345.662167,244.316858,4140268.144874,4131877.247643,1907.227128,11086.425486,788.301128,0.031795,0.008343,0.005897,99.934937,0.019027,13.939465,9.233694,3.266759,32.963103,74,0.595724,14,0,0,100.000000,1.303667,100.000000,3336.675409,1256.091228,1851.441708,0.000000,483.600879
18300.000000,contribution,optical,hardware,1,1,1,0,priority,0.000500,180,15,hybrid,0.050000,4000.000000,6.087000,52.000000,500.000000,500.000000,2.000000,60.000000,0.400000,184,114,184,114,184,21,49,0,0,0,0,0,114,114,0,0,0.000000,1.000000,43.230648,clear-ocean,30.000000,60.000000,0.151000,1406,4114158,1054.912308,5.764548,73,3,0,70,0,70,0,0,70,0,0,0,0,0,0,160,45,1,114,0,0,0,0,0,21,49,114,21,49,114,3.525859,158.886611,5316.568319,0.000000,0.000000,0.000000,0,0,0,4156560.774602,18.734641,115.827462,9310.263385,1321.384274,346.696209,244.546645,4153859.846346,4145468.949116,1912.627128,11091.825486,788.301128,0.031790,0.008341,0.005883,99.935020,0.018965,13.939465,9.233694,3.266759,32.855027,74,0.593770,14,0,0,100.000000,1.303667,100.000000,3336.675409,1251.972896,1937.548424,0.000000,445.430767
18360.000000,contribution,optical,hardware,1,1,1,0,priority,0.000500,180,15,hybrid,0.050000,4000.000000,6.087000,52.000000,500.000000,500.000000,2.000000,60.000000,0.400000,184,114,184,114,184,21,49,0,0,0,0,0,114,114,0,0,0.000000,1.000000,43.230648,clear-ocean,30.000000,60.000000,0.151000,1406,4114158,1054.912308,5.745710,73,3,0,70,0,70,0,0,70,0,0,0,0,0,0,160,45,1,114,0,0,0,0,0,21,49,114,21,49,114,3.525859,158.886611,5316.568319,0.000000,0.000000,0.000000,0,0,0,4170157.876074,18.734641,115.827462,9310.263385,1325.520444,347.730252,244.776432,4167451.547819,4159060.650588,1918.027128,11097.225486,788.301128,0.031786,0.008339,0.005870,99.935102,0.018903,13.939465,9.233694,3.266759,32.747658,74,0.591830,14,0,0,100.000000,1.303667,100.000000,3336.675409,1247.881481,2023.655140,0.000000,388.730085
18420.000000,contribution,optical,hardware,1,1,1,0,priority,0.000500,180,15,hybrid,0.050000,4000.000000,6.087000,52.000000,500.000000,500.000000,2.000000,60.000000,0.400000,184,114,184,114,184,21,49,0,0,0,0,0,114,114,0,0,0.000000,1.000000,43.230648,clear-ocean,30.000000,60.000000,0.151000,1406,4114158,1054.912308,5.726994,73,3,0,70,0,70,0,0,70,0,0,0,0,0,0,160,45,1,114,0,0,0,0,0,21,49,114,21,49,114,3.525859,158.886611,5316.568319,0.000000,0.000000,0.000000,0,0,0,4183754.977547,18.734641,115.827462,9310.263385,1329.656614,348.764295,245.006219,4181043.249292,4172652.352061,1923.427128,11102.625486,788.301128,0.031781,0.008336,0.005856,99.935184,0.018842,13.939465,9.233694,3.266759,32.640988,74,0.589902,14,0,0,100.000000,1.303667,100.000000,3336.675409,1243.816721,2109.761856,0.000000,318.875141
18480.000000,contribution,optical,hardware,1,1,1,0,priority,0.000500,180,15,hybrid,0.050000,4000.000000,6.087000,52.000000,500.000000,500.000000,2.000000,60.000000,0.400000,184,114,184,114,184,21,49,0,0,0,0,0,114,114,0,0,0.000000,1.000000,43.230648,clear-ocean,30.000000,60.000000,0.151000,1406,4114158,1054.912308,5.708400,73,3,0,70,0,70,0,0,70,0,0,0,0,0,0,160,45,1,114,0,0,0,0,0,21,49,114,21,49,114,3.525859,158.886611,5316.568319,0.000000,0.000000,0.000000,0,0,0,4197352.079019,18.734641,115.827462,9310.263385,1333.792785,349.798337,245.236007,4194634.950764,4186244.053533,1928.827128,11108.025486,788.301128,0.031777,0.008334,0.005843,99.935266,0.018781,13.939465,9.233694,3.266759,32.535011,74,0.587987,14,0,0,100.000000,1.303667,100.000000,3336.675409,1239.778355,2195.868573,0.000000,242.489517
18540.000000,contribution,optical,hardware,1,1,1,0,priority,0.000500,180,15,hybrid,0.050000,4000.000000,6.087000,52.000000,500.000000,500.000000,2.000000,60.000000,0.400000,184,114,184,114,184,21,49,0,0,0,0,0,114,114,0,0,0.000000,1.000000,43.230648,clear-ocean,30.000000,60.000000,0.151000,1406,4114158,1054.912308,5.689926,73,3,0,70,0,70,0,0,70,0,0,0,0,0,0,160,45,1,114,0,0,0,0,0,21,49,114,21,49,114,3.525859,158.886611,5316.568319,0.000000,0.000000,0.000000,0,0,0,4210949.180492,18.734641,115.827462,9310.263385,1337.928955,350.832380,245.465794,4208226.652237,4199835.755006,1934.227128,11113.425486,788.301128,0.031773,0.008331,0.005829,99.935346,0.018720,13.939465,9.233694,3.266759,32.429720,74,0.586084,14,0,0,100.000000,1.303667,100.000000,3336.675409,1235.766127,2281.975289,0.000000,166.816031
18600.000000,contribution,optical,hardware,1,1,1,0,priority,0.000500,180,15,hybrid,0.050000,4000.000000,6.087000,52.000000,500.000000,500.000000,2.000000,60.000000,0.400000,184,114,184,114,184,21,49,0,0,0,0,0,114,114,0,0,0.000000,1.000000,43.230648,clear-ocean,30.000000,60.000000,0.151000,1406,4114158,1054.912308,5.671572,73,3,0,70,0,70,0,0,70,0,0,0,0,0,0,160,45,1,114,0,0,0,0,0,21,49,114,21,49,114,3.525859,158.886611,5316.568319,0.000000,0.000000,0.000000,0,0,0,4224546.281964,18.734641,115.827462,9310.263385,1342.065125,351.866422,245.695581,4221818.353709,4213427.456478,1939.627128,11118.825486,788.301128,0.031768,0.008329,0.005816,99.935427,0.018660,13.939465,9.233694,3.266759,32.325108,74,0.584194,14,0,0,100.000000,1.303667,100.000000,3336.675409,1231.779785,2368.082005,0.000000,99.029974
18660.000000,contribution,optical,hardware,1,1,1,0,priority,0.000500,180,15,hybrid,0.050000,4000.000000,6.087000,52.000000,500.000000,500.000000,2.000000,60.000000,0.400000,184,114,184,114,184,21,49,0,0,0,0,0,114,114,0,0,0.000000,1.000000,43.230648,clear-ocean,30.000000,60.000000,0.151000,1406,4114158,1054.912308,5.653335,73,3,0,70,0,70,0,0,70,0,0,0,0,0,0,160,45,1,114,0,0,0,0,0,21,49,114,21,49,114,3.525859,158.886611,5316.568319,0.000000,0.000000,0.000000,0,0,0,4238143.383437,18.734641,115.827462,9310.263385,1346.201295,352.900465,245.925368,4235410.055182,4227019.157951,1945.027128,11124.225486,788.301128,0.031764,0.008327,0.005803,99.935506,0.018600,13.939465,9.233694,3.266759,32.221168,74,0.582315,14,0,0,100.000000,1.303667,100.000000,3336.675409,1227.819078,2454.188721,0.000000,45.558759
18720.000000,contribution,optical,hardware,1,1,1,0,priority,0.000500,180,15,hybrid,0.050000,4000.000000,6.087000,52.000000,500.000000,500.000000,2.000000,60.000000,0.400000,184,114,184,114,184,21,49,0,0,0,0,0,114,114,0,0,0.000000,1.000000,43.230648,clear-ocean,30.000000,60.000000,0.151000,1406,4114158,1054.912308,5.635215,73,3,0,70,0,70,0,0,70,0,0,0,0,0,0,160,45,1,114,0,0,0,0,0,21,49,114,21,49,114,3.525859,158.886611,5316.568319,0.000000,0.000000,0.000000,0,0,0,4251740.484910,18.734641,115.827462,9310.263385,1350.337465,353.934507,246.155155,4249001.756654,4240610.859423,1950.427128,11129.625486,788.301128,0.031760,0.008324,0.005790,99.935586,0.018541,13.939465,9.233694,3.266759,32.117895,74,0.580449,14,0,0,100.000000,1.303667,100.000000,3336.675409,1223.883761,2540.295437,0.000000,11.472481
18780.000000,contribution,optical,hardware,1,1,1,0,priority,0.000500,180,15,hybrid,0.050000,4000.000000,6.087000,52.000000,500.000000,500.000000,2.000000,60.000000,0.400000,184,114,184,114,184,21,49,0,0,0,0,0,114,114,0,0,0.000000,1.000000,43.230648,clear-ocean,30.000000,60.000000,0.151000,1406,4114158,1054.912308,5.617211,73,3,0,70,0,70,0,0,70,0,0,0,0,0,0,160,45,1,114,0,0,0,0,0,21,49,114,21,49,114,3.525859,158.886611,5316.568319,0.000000,0.000000,0.000000,0,0,0,4265337.586382,18.734641,115.827462,9310.263385,1354.473636,354.968550,246.384943,4262593.458127,4254202.560896,1955.827128,11135.025486,788.301128,0.031755,0.008322,0.005776,99.935664,0.018482,13.939465,9.233694,3.266759,32.015282,74,0.578594,14,0,0,100.000000,1.303667,100.000000,3336.675409,1219.973589,2626.402153,-0.000000,0.003168
18840.000000,contribution,optical,hardware,1,1,1,0,priority,0.000500,180,15,hybrid,0.050000,4000.000000,6.087000,52.000000,500.000000,500.000000,2.000000,60.000000,0.400000,184,114,184,114,184,21,49,0,0,0,0,0,114,114,0,0,0.000000,1.000000,43.230648,clear-ocean,30.000000,60.000000,0.151000,1406,4114158,1054.912308,5.599322,73,3,0,70,0,70,0,0,70,0,0,0,0,0,0,160,45,1,114,0,0,0,0,0,21,49,114,21,49,114,3.525859,158.886611,5316.568319,0.000000,0.000000,0.000000,0,0,0,4278934.687855,18.734641,115.827462,9310.263385,1358.609806,356.002592,246.614730,4276185.159599,4267794.262368,1961.227128,11140.425486,788.301128,0.031751,0.008320,0.005763,99.935743,0.018423,13.939465,9.233694,3.266759,31.913323,74,0.576752,14,0,0,100.000000,1.303667,100.000000,3336.675409,1216.088323,2712.508869,-0.000000,12.238331
18900.000000,contribution,optical,hardware,1,1,1,0,priority,0.000500,180,15,hybrid,0.050000,4000.000000,6.087000,52.000000,500.000000,500.000000,2.000000,60.000000,0.400000,184,114,184,114,184,21,49,0,0,0,0,0,114,114,0,0,0.000000,1.000000,43.230648,clear-ocean,30.000000,60.000000,0.151000,1406,4114158,1054.912308,5.581547,73,3,0,70,0,70,0,0,70,0,0,0,0,0,0,160,45,1,114,0,0,0,0,0,21,49,114,21,49,114,3.525859,158.886611,5316.568319,0.000000,0.000000,0.000000,0,0,0,4292531.789327,18.734641,115.827462,9310.263385,1362.745976,357.036635,246.844517,4289776.861072,4281385.963841,1966.627128,11145.825486,788.301128,0.031747,0.008318,0.005751,99.935820,0.018364,13.939465,9.233694,3.266759,31.812011,74,0.574921,14,0,0,100.000000,1.303667,100.000000,3336.675409,1212.227725,2798.615586,-0.000000,47.017843
18960.000000,contribution,optical,hardware,1,1,1,0,priority,0.000500,180,15,hybrid,0.050000,4000.000000,6.087000,52.000000,500.000000,500.000000,2.000000,60.000000,0.400000,184,114,184,114,184,21,49,0,0,0,0,0,114,114,0,0,0.000000,1.000000,43.230648,clear-ocean,30.000000,60.000000,0.151000,1406,4114158,1054.912308,5.563883,73,3,0,70,0,70,0,0,70,0,0,0,0,0,0,160,45,1,114,0,0,0,0,0,21,49,114,21,49,114,3.525859,158.886611,5316.568319,0.000000,0.000000,0.000000,0,0,0,4306128.890800,18.734641,115.827462,9310.263385,1366.882146,358.070678,247.074304,4303368.562544,4294977.665314,1972.027128,11151.225486,788.301128,0.031743,0.008315,0.005738,99.935898,0.018306,13.939465,9.233694,3.266759,31.711340,74,0.573101,14,0,0,100.000000,1.303667,100.000000,3336.675409,1208.391561,2884.722302,-0.000000,101.043941
19020.000000,contribution,optical,hardware,1,1,1,0,priority,0.000500,180,15,hybrid,0.050000,4000.000000,6.087000,52.000000,500.000000,500.000000,2.000000,60.000000,0.400000,184,114,184,114,184,21,49,0,0,0,0,0,114,114,0,0,0.000000,1.000000,43.230648,clear-ocean,30.000000,60.000000,0.151000,1406,4114158,1054.912308,5.546332,73,3,0,70,0,70,0,0,70,0,0,0,0,0,0,160,45,1,114,0,0,0,0,0,21,49,114,21,49,114,3.525859,158.886611,5316.568319,0.000000,0.000000,0.000000,0,0,0,4319725.992272,18.734641,115.827462,9310.263385,1371.018316,359.104720,247.304092,4316960.264017,4308569.366786,1977.427128,11156.625486,788.301128,0.031739,0.008313,0.005725,99.935974,0.018249,13.939465,9.233694,3.266759,31.611304,74,0.571293,14,0,0,100.000000,1.303667,100.000000,3336.675409,1204.579600,2970.829018,-0.000000,169.193920
19080.000000,contribution,optical,hardware,1,1,1,0,priority,0.000500,180,15,hybrid,0.050000,4000.000000,6.087000,52.000000,500.000000,500.000000,2.000000,60.000000,0.400000,184,114,184,114,184,21,49,0,0,0,0,0,114,114,0,0,0.000000,1.000000,43.230648,clear-ocean,30.000000,60.000000,0.151000,1406,4114158,1054.912308,5.528891,73,3,0,70,0,70,0,0,70,0,0,0,0,0,0,160,45,1,114,0,0,0,0,0,21,49,114,21,49,114,3.525859,158.886611,5316.568319,0.000000,0.000000,0.000000,0,0,0,4333323.093745,18.734641,115.827462,9310.263385,1375.154487,360.138763,247.533879,4330551.965489,4322161.068259,1982.827128,11162.025486,788.301128,0.031734,0.008311,0.005712,99.936051,0.018192,13.939465,9.233694,3.266759,31.511897,74,0.569497,14,0,0,100.000000,1.303667,100.000000,3336.675409,1200.791614,3056.935734,-0.000000,245.005859
19140.000000,contribution,optical,hardware,1,1,1,0,priority,0.000500,180,15,hybrid,0.050000,4000.000000,6.087000,52.000000,500.000000,500.000000,2.000000,60.000000,0.400000,184,114,184,114,184,21,49,0,0,0,0,0,114,114,0,0,0.000000,1.000000,43.230648,clear-ocean,30.000000,60.000000,0.151000,1406,4114158,1054.912308,5.511559,73,3,0,70,0,70,0,0,70,0,0,0,0,0,0,160,45,1,114,0,0,0,0,0,21,49,114,21,49,114,3.525859,158.886611,5316.568319,0.000000,0.000000,0.000000,0,0,0,4346920.195217,18.734641,115.827462,9310.263385,1379.290657,361.172805,247.763666,4344143.666962,4335752.769731,1988.227128,11167.425486,788.301128,0.031730,0.008309,0.005700,99.936127,0.018135,13.939465,9.233694,3.266759,31.413114,74,0.567712,14,0,0,100.000000,1.303667,100.000000,3336.675409,1197.027377,3143.042450,-0.000000,321.291337
19200.000000,contribution,optical,hardware,1,1,1,0,priority,0.000500,180,15,hybrid,0.050000,4000.000000,6.087000,52.000000,500.000000,500.000000,2.000000,60.000000,0.400000,184,114,184,114,184,21,49,0,0,0,0,0,114,114,0,0,0.000000,1.000000,43.230648,clear-ocean,30.000000,60.000000,0.151000,1406,4114158,1054.912308,5.494335,73,3,0,70,0,70,0,0,70,0,0,0,0,0,0,160,45,1,114,0,0,0,0,0,21,49,114,21,49,114,3.525859,158.886611,5316.568319,0.000000,0.000000,0.000000,0,0,0,4360517.296690,18.734641,115.827462,9310.263385,1383.426827,362.206848,247.993453,4357735.368434,4349344.471204,1993.627128,11172.825486,788.301128,0.031726,0.008307,0.005687,99.936202,0.018078,13.939465,9.233694,3.266759,31.314948,74,0.565937,14,0,0,100.000000,1.303667,100.000000,3336.675409,1193.286667,3229.149166,-0.000000,390.817035
19260.000000,contribution,optical,hardware,1,1,1,0,priority,0.000500,180,15,hybrid,0.050000,4000.000000,6.087000,52.000000,500.000000,500.000000,2.000000,60.000000,0.400000,184,114,184,114,184,21,49,0,0,0,0,0,114,114,0,0,0.000000,1.000000,43.230648,clear-ocean,30.000000,60.000000,0.151000,1406,4114158,1054.912308,5.477219,73,3,0,70,0,70,0,0,70,0,0,0,0,0,0,160,45,1,114,0,0,0,0,0,21,49,114,21,49,114,3.525859,158.886611,5316.568319,0.000000,0.000000,0.000000,0,0,0,4374114.398162,18.734641,115.827462,9310.263385,1387.562997,363.240890,248.223241,4371327.069907,4362936.172676,1999.027128,11178.225486,788.301128,0.031722,0.008304,0.005675,99.936277,0.018022,13.939465,9.233694,3.266759,31.217394,74,0.564174,14,0,0,100.000000,1.303667,100.000000,3336.675409,1189.569263,3315.255882,-0.000000,446.990588
19320.000000,contribution,optical,hardware,1,1,1,0,priority,0.000500,180,15,hybrid,0.050000,4000.000000,6.087000,52.000000,500.000000,500.000000,2.000000,60.000000,0.400000,184,114,184,114,184,21,49,0,0,0,0,0,114,114,0,0,0.000000,1.000000,43.230648,clear-ocean,30.000000,60.000000,0.151000,1406,4114158,1054.912308,5.460209,73,3,0,70,0,70,0,0,70,0,0,0,0,0,0,160,45,1,114,0,0,0,0,0,21,49,114,21,49,114,3.525859,158.886611,5316.568319,0.000000,0.000000,0.000000,0,0,0,4387711.499635,18.734641,115.827462,9310.263385,1391.699167,364.274933,248.453028,4384918.771379,4376527.874149,2004.427128,11183.625486,788.301128,0.031718,0.008302,0.005662,99.936351,0.017966,13.939465,9.233694,3.266759,31.120445,74,0.562422,14,0,0,100.000000,1.303667,100.000000,3336.675409,1185.874948,3401.362599,-0.000000,484.485669
19380.000000,contribution,optical,hardware,1,1,1,0,priority,0.000500,180,15,hybrid,0.050000,4000.000000,6.087000,52.000000,500.000000,500.000000,2.000000,60.000000,0.400000,184,114,184,114,184,21,49,0,0,0,0,0,114,114,0,0,0.000000,1.000000,43.230648,clear-ocean,30.000000,60.000000,0.151000,1406,4114158,1054.912308,5.443304,73,3,0,70,0,70,0,0,70,0,0,0,0,0,0,160,45,1,114,0,0,0,0,0,21,49,114,21,49,114,3.525859,158.886611,5316.568319,0.000000,0.000000,0.000000,0,0,0,4401308.601107,18.734641,115.827462,9310.263385,1395.835338,365.308975,248.682815,4398510.472852,4390119.575621,2009.827128,11189.025486,788.301128,0.031714,0.008300,0.005650,99.936425,0.017911,13.939465,9.233694,3.266759,31.024097,74,0.560681,14,0,0,100.000000,1.303667,100.000000,3336.675409,1182.203509,3487.469315,-0.000000,499.747029
19440.000000,contribution,optical,hardware,1,1,1,0,priority,0.000500,180,15,hybrid,0.050000,4000.000000,6.087000,52.000000,500.000000,500.000000,2.000000,60.000000,0.400000,184,114,184,114,184,21,49,0,0,0,0,0,114,114,0,0,0.000000,1.000000,43.230648,clear-ocean,30.000000,60.000000,0.151000,1406,4114158,1054.912308,5.426504,73,3,0,70,0,70,0,0,70,0,0,0,0,0,0,160,45,1,114,0,0,0,0,0,21,49,114,21,49,114,3.525859,158.886611,5316.568319,0.000000,0.000000,0.000000,0,0,0,4414905.702580,18.734641,115.827462,9310.263385,1399.971508,366.343018,248.912602,4412102.174325,4403711.277094,2015.227128,11194.425486,788.301128,0.031710,0.008298,0.005638,99.936499,0.017855,13.939465,9.233694,3.266759,30.928344,74,0.558951,14,0,0,100.000000,1.303667,100.000000,3336.675409,1178.554733,3573.576031,0.000000,491.327600
19500.000000,contribution,optical,hardware,1,1,1,0,priority,0.000500,180,15,hybrid,0.050000,4000.000000,6.087000,52.000000,500.000000,500.000000,2.000000,60.000000,0.400000,184,114,184,114,184,21,49,0,0,0,0,0,114,114,0,0,0.000000,1.000000,43.230648,clear-ocean,30.000000,60.000000,0.151000,1406,4114158,1054.912308,5.409807,73,3,0,70,0,70,0,0,70,0,0,0,0,0,0,160,45,1,114,0,0,0,0,0,21,49,114,21,49,114,3.525859,158.886611,5316.568319,0.000000,0.000000,0.000000,0,0,0,4428502.804052,18.734641,115.827462,9310.263385,1404.107678,367.377061,249.142390,4425693.875797,4417302.978566,2020.627128,11199.825486,788.301128,0.031706,0.008296,0.005626,99.936572,0.017801,13.939465,9.233694,3.266759,30.833179,74,0.557231,14,0,0,100.000000,1.303667,100.000000,3336.675409,1174.928410,3659.682747,0.000000,460.025703
19560.000000,contribution,optical,hardware,1,1,1,0,priority,0.000500,180,15,hybrid,0.050000,4000.000000,6.087000,52.000000,500.000000,500.000000,2.000000,60.000000,0.400000,184,114,184,114,184,21,49,0,0,0,0,0,114,114,0,0,0.000000,1.000000,43.230648,clear-ocean,30.000000,60.000000,0.151000,1406,4114158,1054.912308,5.393212,73,3,0,70,0,70,0,0,70,0,0,0,0,0,0,160,45,1,114,0,0,0,0,0,21,49,114,21,49,114,3.525859,158.886611,5316.568319,0.000000,0.000000,0.000000,0,0,0,4442099.905525,18.734641,115.827462,9310.263385,1408.243848,368.411103,249.372177,4439285.577270,4430894.680039,2026.027128,11205.225486,788.301128,0.031702,0.008294,0.005614,99.936644,0.017746,13.939465,9.233694,3.266759,30.738599,74,0.555521,14,0,0,100.000000,1.303667,100.000000,3336.675409,1171.324335,3745.789463,0.000000,408.809357
19620.000000,contribution,optical,hardware,1,1,1,0,priority,0.000500,180,15,hybrid,0.050000,4000.000000,6.087000,52.000000,500.000000,500.000000,2.000000,60.000000,0.400000,184,114,184,114,184,21,49,0,0,0,0,0,114,114,0,0,0.000000,1.000000,43.230648,clear-ocean,30.000000,60.000000,0.151000,1406,4114158,1054.912308,5.376719,73,3,0,70,0,70,0,0,70,0,0,0,0,0,0,160,45,1,114,0,0,0,0,0,21,49,114,21,49,114,3.525859,158.886611,5316.568319,0.000000,0.000000,0.000000,0,0,0,4455697.006997,18.734641,115.827462,9310.263385,1412.380019,369.445146,249.601964,4452877.278742,4444486.381511,2031.427128,11210.625486,788.301128,0.031698,0.008292,0.005602,99.936716,0.017692,13.939465,9.233694,3.266759,30.644597,74,0.553823,14,0,0,100.000000,1.303667,100.000000,3336.675409,1167.742304,3831.896179,0.000000,342.534849
19680.000000,contribution,optical,hardware,1,1,1,0,priority,0.000500,180,15,hybrid,0.050000,4000.000000,6.087000,52.000000,500.000000,500.000000,2.000000,60.000000,0.400000,184,114,184,114,184,21,49,0,0,0,0,0,114,114,0,0,0.000000,1.000000,43.230648,clear-ocean,30.000000,60.000000,0.151000,1406,4114158,1054.912308,5.360327,73,3,0,70,0,70,0,0,70,0,0,0,0,0,0,160,45,1,114,0,0,0,0,0,21,49,114,21,49,114,3.525859,158.886611,5316.568319,0.000000,0.000000,0.000000,0,0,0,4469294.108470,18.734641,115.827462,9310.263385,1416.516189,370.479188,249.831751,4466468.980215,4458078.082984,2036.827128,11216.025486,788.301128,0.031694,0.008289,0.005590,99.936788,0.017638,13.939465,9.233694,3.266759,30.551169,74,0.552134,14,0,0,100.000000,1.303667,100.000000,3336.675409,1164.182114,3918.002895,0.000000,267.486271
19740.000000,contribution,optical,hardware,1,1,1,0,priority,0.000500,180,15,hybrid,0.050000,4000.000000,6.087000,52.000000,500.000000,500.000000,2.000000,60.000000,0.400000,184,114,184,114,184,21,49,0,0,0,0,0,114,114,0,0,0.000000,1.000000,43.230648,clear-ocean,30.000000,60.000000,0.151000,1406,4114158,1054.912308,5.344034,73,3,0,70,0,70,0,0,70,0,0,0,0,0,0,160,45,1,114,0,0,0,0,0,21,49,114,21,49,114,3.525859,158.886611,5316.568319,0.000000,0.000000,0.000000,0,0,0,4482891.209942,18.734641,115.827462,9310.263385,1420.652359,371.513231,250.061538,4480060.681687,4471669.784456,2042.227128,11221.425486,788.301128,0.031691,0.008287,0.005578,99.936859,0.017585,13.939465,9.233694,3.266759,30.458308,74,0.550456,14,0,0,100.000000,1.303667,100.000000,3336.675409,1160.643566,4004.109612,0.000000,190.779659
19800.000000,contribution,optical,hardware,1,1,1,0,priority,0.000500,180,15,hybrid,0.050000,4000.000000,6.087000,52.000000,500.000000,500.000000,2.000000,60.000000,0.400000,184,114,184,114,184,21,49,0,0,0,0,0,114,114,0,0,0.000000,1.000000,43.230648,clear-ocean,30.000000,60.000000,0.151000,1406,4114158,1054.912308,5.327840,73,3,0,70,0,70,0,0,70,0,0,0,0,0,0,160,45,1,114,0,0,0,0,0,21,49,114,21,49,114,3.525859,158.886611,5316.568319,0.000000,0.000000,0.000000,0,0,0,4496488.311415,18.734641,115.827462,9310.263385,1424.788529,372.547273,250.291326,4493652.383160,4485261.485929,2047.627128,11226.825486,788.301128,0.031687,0.008285,0.005566,99.936930,0.017531,13.939465,9.233694,3.266759,30.366010,74,0.548788,14,0,0,100.000000,1.303667,100.000000,3336.675409,1157.126465,4090.216328,0.000000,119.688268
19860.000000,contribution,optical,hardware,1,1,1,0,priority,0.000500,180,15,hybrid,0.050000,4000.000000,6.087000,52.000000,500.000000,500.000000,2.000000,60.000000,0.400000,184,114,184,114,184,21,49,0,0,0,0,0,114,114,0,0,0.000000,1.000000,43.230648,clear-ocean,30.000000,60.000000,0.151000,1406,4114158,1054.912308,5.311744,73,3,0,70,0,70,0,0,70,0,0,0,0,0,0,160,45,1,114,0,0,0,0,0,21,49,114,21,49,114,3.525859,158.886611,5316.568319,0.000000,0.000000,0.000000,0,0,0,4510085.412887,18.734641,115.827462,9310.263385,1428.924699,373.581316,250.521113,4507244.084632,4498853.187401,2053.027128,11232.225486,788.301128,0.031683,0.008283,0.005555,99.937001,0.017479,13.939465,9.233694,3.266759,30.274270,74,0.547130,14,0,0,100.000000,1.303667,100.000000,3336.675409,1153.630614,4176.323044,0.000000,60.952918
19920.000000,contribution,optical,hardware,1,1,1,0,priority,0.000500,180,15,hybrid,0.050000,4000.000000,6.087000,52.000000,500.000000,500.000000,2.000000,60.000000,0.400000,184,114,184,114,184,21,49,0,0,0,0,0,114,114,0,0,0.000000,1.000000,43.230648,clear-ocean,30.000000,60.000000,0.151000,1406,4114158,1054.912308,5.295745,73,3,0,70,0,70,0,0,70,0,0,0,0,0,0,160,45,1,114,0,0,0,0,0,21,49,114,21,49,114,3.525859,158.886611,5316.568319,0.000000,0.000000,0.000000,0,0,0,4523682.514360,18.734641,115.827462,9310.263385,1433.060870,374.615358,250.750900,4520835.786105,4512444.888874,2058.427128,11237.625486,788.301128,0.031679,0.008281,0.005543,99.937071,0.017426,13.939465,9.233694,3.266759,30.183082,74,0.545482,14,0,0,100.000000,1.303667,100.000000,3336.675409,1150.155823,4262.429760,0.000000,20.142843
19980.000000,contribution,optical,hardware,1,1,1,0,priority,0.000500,180,15,hybrid,0.050000,4000.000000,6.087000,52.000000,500.000000,500.000000,2.000000,60.000000,0.400000,184,114,184,114,184,21,49,0,0,0,0,0,114,114,0,0,0.000000,1.000000,43.230648,clear-ocean,30.000000,60.000000,0.151000,1406,4114158,1054.912308,5.279841,73,3,0,70,0,70,0,0,70,0,0,0,0,0,0,160,45,1,114,0,0,0,0,0,21,49,114,21,49,114,3.525859,158.886611,5316.568319,0.000000,0.000000,0.000000,0,0,0,4537279.615833,18.734641,115.827462,9310.263385,1437.197040,375.649401,250.980687,4534427.487577,4526036.590347,2063.827128,11243.025486,788.301128,0.031675,0.008279,0.005532,99.937140,0.017374,13.939465,9.233694,3.266759,30.092442,74,0.543844,14,0,0,100.000000,1.303667,100.000000,3336.675409,1146.701902,4348.536476,0.000000,1.127619
20040.000000,contribution,optical,hardware,1,1,1,0,priority,0.000500,180,15,hybrid,0.050000,4000.000000,6.087000,52.000000,500.000000,500.000000,2.000000,60.000000,0.400000,184,114,184,114,184,21,49,0,0,0,0,0,114,114,0,0,0.000000,1.000000,43.230648,clear-ocean,30.000000,60.000000,0.151000,1406,4114158,1054.912308,5.264033,73,3,0,70,0,70,0,0,70,0,0,0,0,0,0,160,45,1,114,0,0,0,0,0,21,49,114,21,49,114,3.525859,158.886611,5316.568319,0.000000,0.000000,0.000000,0,0,0,4550876.717305,18.734641,115.827462,9310.263385,1441.333210,376.683444,251.210475,4548019.189050,4539628.291819,2069.227128,11248.425486,788.301128,0.031672,0.008277,0.005520,99.937209,0.017322,13.939465,9.233694,3.266759,30.002345,74,0.542216,14,0,0,100.000000,1.303667,100.000000,3336.675409,1143.268663,4434.643192,-0.000000,5.710250
20100.000000,contribution,optical,hardware,1,1,1,0,priority,0.000500,180,15,hybrid,0.050000,4000.000000,6.087000,52.000000,500.000000,500.000000,2.000000,60.000000,0.400000,184,114,184,114,184,21,49,0,0,0,0,0,114,114,0,0,0.000000,1.000000,43.230648,clear-ocean,30.000000,60.000000,0.151000,1406,4114158,1054.912308,5.248320,73,3,0,70,0,70,0,0,70,0,0,0,0,0,0,160,45,1,114,0,0,0,0,0,21,49,114,21,49,114,3.525859,158.886611,5316.568319,0.000000,0.000000,0.000000,0,0,0,4564473.818778,18.734641,115.827462,9310.263385,1445.469380,377.717486,251.440262,4561610.890522,4553219.993292,2074.627128,11253.825486,788.301128,0.031668,0.008275,0.005509,99.937278,0.017270,13.939465,9.233694,3.266759,29.912786,74,0.540597,14,0,0,100.000000,1.303667,100.000000,3336.675409,1139.855920,4520.749908,-0.000000,33.456218
20160.000000,contribution,optical,hardware,1,1,1,0,priority,0.000500,180,15,hybrid,0.050000,4000.000000,6.087000,52.000000,500.000000,500.000000,2.000000,60.000000,0.400000,184,114,184,114,184,21,49,0,0,0,0,0,114,114,0,0,0.000000,1.000000,43.230648,clear-ocean,30.000000,60.000000,0.151000,1406,4114158,1054.912308,5.232700,73,3,0,70,0,70,0,0,70,0,0,0,0,0,0,160,45,1,114,0,0,0,0,0,21,49,114,21,49,114,3.525859,158.886611,5316.568319,0.000000,0.000000,0.000000,0,0,0,4578070.920250,18.734641,115.827462,9310.263385,1449.605550,378.751529,251.670049,4575202.591995,4566811.694764,2080.027128,11259.225486,788.301128,0.031664,0.008273,0.005497,99.937346,0.017219,13.939465,9.233694,3.266759,29.823760,74,0.538988,14,0,0,100.000000,1.303667,100.000000,3336.675409,1136.463492,4606.856625,-0.000000,81.734673
20220.000000,contribution,optical,hardware,1,1,1,0,priority,0.000500,180,15,hybrid,0.050000,4000.000000,6.087000,52.000000,500.000000,500.000000,2.000000,60.000000,0.400000,184,114,184,114,184,21,49,0,0,0,0,0,114,114,0,0,0.000000,1.000000,43.230648,clear-ocean,30.000000,60.000000,0.151000,1406,4114158,1054.912308,5.217173,73,3,0,70,0,70,0,0,70,0,0,0,0,0,0,160,45,1,114,0,0,0,0,0,21,49,114,21,49,114,3.525859,158.886611,5316.568319,0.000000,0.000000,0.000000,0,0,0,4591668.021723,18.734641,115.827462,9310.263385,1453.741721,379.785571,251.899836,4588794.293467,4580403.396237,2085.427128,11264.625486,788.301128,0.031660,0.008271,0.005486,99.937414,0.017168,13.939465,9.233694,3.266759,29.735262,74,0.537389,14,0,0,100.000000,1.303667,100.000000,3336.675409,1133.091197,4692.963341,-0.000000,145.967895
20280.000000,contribution,optical,hardware,1,1,1,0,priority,0.000500,180,15,hybrid,0.050000,4000.000000,6.087000,52.000000,500.000000,500.000000,2.000000,60.000000,0.400000,184,114,184,114,184,21,49,0,0,0,0,0,114,114,0,0,0.000000,1.000000,43.230648,clear-ocean,30.000000,60.000000,0.151000,1406,4114158,1054.912308,5.201737,73,3,0,70,0,70,0,0,70,0,0,0,0,0,0,160,45,1,114,0,0,0,0,0,21,49,114,21,49,114,3.525859,158.886611,5316.568319,0.000000,0.000000,0.000000,0,0,0,4605265.123195,18.734641,115.827462,9310.263385,1457.877891,380.819614,252.129624,4602385.994940,4593995.097709,2090.827128,11270.025486,788.301128,0.031657,0.008269,0.005475,99.937482,0.017117,13.939465,9.233694,3.266759,29.647288,74,0.535799,14,0,0,100.000000,1.303667,100.000000,3336.675409,1129.738856,4779.070057,-0.000000,220.065349
20340.000000,contribution,optical,hardware,1,1,1,0,priority,0.000500,180,15,hybrid,0.050000,4000.000000,6.087000,52.000000,500.000000,500.000000,2.000000,60.000000,0.400000,184,114,184,114,184,21,49,0,0,0,0,0,114,114,0,0,0.000000,1.000000,43.230648,clear-ocean,30.000000,60.000000,0.151000,1406,4114158,1054.912308,5.186393,73,3,0,70,0,70,0,0,70,0,0,0,0,0,0,160,45,1,114,0,0,0,0,0,21,49,114,21,49,114,3.525859,158.886611,5316.568319,0.000000,0.000000,0.000000,0,0,0,4618862.224668,18.734641,115.827462,9310.263385,1462.014061,381.853656,252.359411,4615977.696413,4607586.799182,2096.227128,11275.425486,788.301128,0.031653,0.008267,0.005464,99.937549,0.017067,13.939465,9.233694,3.266759,29.559833,74,0.534218,14,0,0,100.000000,1.303667,100.000000,3336.675409,1126.406293,4865.176773,-0.000000,297.001180
20400.000000,contribution,optical,hardware,1,1,1,0,priority,0.000500,180,15,hybrid,0.050000,4000.000000,6.087000,52.000000,500.000000,500.000000,2.000000,60.000000,0.400000,184,114,184,114,184,21,49,0,0,0,0,0,114,114,0,0,0.000000,1.000000,43.230648,clear-ocean,30.000000,60.000000,0.151000,1406,4114158,1054.912308,5.171139,73,3,0,70,0,70,0,0,70,0,0,0,0,0,0,160,45,1,114,0,0,0,0,0,21,49,114,21,49,114,3.525859,158.886611,5316.568319,0.000000,0.000000,0.000000,0,0,0,4632459.326140,18.734641,115.827462,9310.263385,1466.150231,382.887699,252.589198,4629569.397885,4621178.500654,2101.627128,11280.825486,788.301128,0.031650,0.008265,0.005453,99.937616,0.017017,13.939465,9.233694,3.266759,29.472892,74,0.532647,14,0,0,100.000000,1.303667,100.000000,3336.675409,1123.093333,4951.283489,-0.000000,369.480401
20460.000000,contribution,optical,hardware,1,1,1,0,priority,0.000500,180,15,hybrid,0.050000,4000.000000,6.087000,52.000000,500.000000,500.000000,2.000000,60.000000,0.400000,184,114,184,114,184,21,49,0,0,0,0,0,114,114,0,0,0.000000,1.000000,43.230648,clear-ocean,30.000000,60.000000,0.151000,1406,4114158,1054.912308,5.155974,73,3,0,70,0,70,0,0,70,0,0,0,0,0,0,160,45,1,114,0,0,0,0,0,21,49,114,21,49,114,3.525859,158.886611,5316.568319,0.000000,0.000000,0.000000,0,0,0,4646056.427613,18.734641,115.827462,9310.263385,1470.286402,383.921741,252.818985,4643161.099358,4634770.202127,2107.027128,11286.225486,788.301128,0.031646,0.008263,0.005442,99.937682,0.016967,13.939465,9.233694,3.266759,29.386461,74,0.531085,14,0,0,100.000000,1.303667,100.000000,3336.675409,1119.799804,5037.390205,-0.000000,430.630597
20520.000000,contribution,optical,hardware,1,1,1,0,priority,0.000500,180,15,hybrid,0.050000,4000.000000,6.087000,52.000000,500.000000,500.000000,2.000000,60.000000,0.400000,184,114,184,114,184,21,49,0,0,0,0,0,114,114,0,0,0.000000,1.000000,43.230648,clear-ocean,30.000000,60.000000,0.151000,1406,4114158,1054.912308,5.140898,73,3,0,70,0,70,0,0,70,0,0,0,0,0,0,160,45,1,114,0,0,0,0,0,21,49,114,21,49,114,3.525859,158.886611,5316.568319,0.000000,0.000000,0.000000,0,0,0,4659653.529085,18.734641,115.827462,9310.263385,1474.422572,384.955784,253.048773,4656752.800830,4648361.903599,2112.427128,11291.625486,788.301128,0.031642,0.008261,0.005431,99.937748,0.016918,13.939465,9.233694,3.266759,29.300536,74,0.529532,14,0,0,100.000000,1.303667,100.000000,3336.675409,1116.525536,5123.496921,-0.000000,474.653561
20580.000000,contribution,optical,hardware,1,1,1,0,priority,0.000500,180,15,hybrid,0.050000,4000.000000,6.087000,52.000000,500.000000,500.000000,2.000000,60.000000,0.400000,184,114,184,114,184,21,49,0,0,0,0,0,114,114,0,0,0.000000,1.000000,43.230648,clear-ocean,30.000000,60.000000,0.151000,1406,4114158,1054.912308,5.125910,73,3,0,70,0,70,0,0,70,0,0,0,0,0,0,160,45,1,114,0,0,0,0,0,21,49,114,21,49,114,3.525859,158.886611,5316.568319,0.000000,0.000000,0.000000,0,0,0,4673250.630558,18.734641,115.827462,9310.263385,1478.558742,385.989827,253.278560,4670344.502303,4661953.605072,2117.827128,11297.025486,788.301128,0.031639,0.008260,0.005420,99.937814,0.016868,13.939465,9.233694,3.266759,29.215112,74,0.527988,14,0,0,100.000000,1.303667,100.000000,3336.675409,1113.270360,5209.603638,-0.000000,497.375076
20640.000000,contribution,optical,hardware,1,1,1,0,priority,0.000500,180,15,hybrid,0.050000,4000.000000,6.087000,52.000000,500.000000,500.000000,2.000000,60.000000,0.400000,184,114,184,114,184,21,49,0,0,0,0,0,114,114,0,0,0.000000,1.000000,43.230648,clear-ocean,30.000000,60.000000,0.151000,1406,4114158,1054.912308,5.111009,73,3,0,70,0,70,0,0,70,0,0,0,0,0,0,160,45,1,114,0,0,0,0,0,21,49,114,21,49,114,3.525859,158.886611,5316.568319,0.000000,0.000000,0.000000,0,0,0,4686847.732030,18.734641,115.827462,9310.263385,1482.694912,387.023869,253.508347,4683936.203775,4675545.306544,2123.227128,11302.425486,788.301128,0.031635,0.008258,0.005409,99.937879,0.016819,13.939465,9.233694,3.266759,29.130184,74,0.526453,14,0,0,100.000000,1.303667,100.000000,3336.675409,1110.034109,5295.710354,0.000000,496.640708
20700.000000,contribution,optical,hardware,1,1,1,0,priority,0.000500,180,15,hybrid,0.050000,4000.000000,6.087000,52.000000,500.000000,500.000000,2.000000,60.000000,0.400000,184,114,184,114,184,21,49,0,0,0,0,0,114,114,0,0,0.000000,1.000000,43.230648,clear-ocean,30.000000,60.000000,0.151000,1406,4114158,1054.912308,5.096195,73,3,0,70,0,70,0,0,70,0,0,0,0,0,0,160,45,1,114,0,0,0,0,0,21,49,114,21,49,114,3.525859,158.886611,5316.568319,0.000000,0.000000,0.000000,0,0,0,4700444.833503,18.734641,115.827462,9310.263385,1486.831082,388.057912,253.738134,4697527.905248,4689137.008017,2128.627128,11307.825486,788.301128,0.031632,0.008256,0.005398,99.937944,0.016771,13.939465,9.233694,3.266759,29.045749,74,0.524928,14,0,0,100.000000,1.303667,100.000000,3336.675409,1106.816618,5381.817070,0.000000,472.520088
20760.000000,contribution,optical,hardware,1,1,1,0,priority,0.000500,180,15,hybrid,0.050000,4000.000000,6.087000,52.000000,500.000000,500.000000,2.000000,60.000000,0.400000,184,114,184,114,184,21,49,0,0,0,0,0,114,114,0,0,0.000000,1.000000,43.230648,clear-ocean,30.000000,60.000000,0.151000,1406,4114158,1054.912308,5.081466,73,3,0,70,0,70,0,0,70,0,0,0,0,0,0,160,45,1,114,0,0,0,0,0,21,49,114,21,49,114,3.525859,158.886611,5316.568319,0.000000,0.000000,0.000000,0,0,0,4714041.934975,18.734641,115.827462,9310.263385,1490.967253,389.091954,253.967921,4711119.606720,4702728.709489,2134.027128,11313.225486,788.301128,0.031628,0.008254,0.005387,99.938008,0.016722,13.939465,9.233694,3.266759,28.961802,74,0.523410,14,0,0,100.000000,1.303667,100.000000,3336.675409,1103.617726,5467.923786,0.000000,427.300313
20820.000000,contribution,optical,hardware,1,1,1,0,priority,0.000500,180,15,hybrid,0.050000,4000.000000,6.087000,52.000000,500.000000,500.000000,2.000000,60.000000,0.400000,184,114,184,114,184,21,49,0,0,0,0,0,114,114,0,0,0.000000,1.000000,43.230648,clear-ocean,30.000000,60.000000,0.151000,1406,4114158,1054.912308,5.066822,73,3,0,70,0,70,0,0,70,0,0,0,0,0,0,160,45,1,114,0,0,0,0,0,21,49,114,21,49,114,3.525859,158.886611,5316.568319,0.000000,0.000000,0.000000,0,0,0,4727639.036448,18.734641,115.827462,9310.263385,1495.103423,390.125997,254.197709,4724711.308193,4716320.410962,2139.427128,11318.625486,788.301128,0.031625,0.008252,0.005377,99.938072,0.016674,13.939465,9.233694,3.266759,28.878338,74,0.521902,14,0,0,100.000000,1.303667,100.000000,3336.675409,1100.437272,5554.030502,0.000000,365.269080
20880.000000,contribution,optical,hardware,1,1,1,0,priority,0.000500,180,15,hybrid,0.050000,4000.000000,6.087000,52.000000,500.000000,500.000000,2.000000,60.000000,0.400000,184,114,184,114,184,21,49,0,0,0,0,0,114,114,0,0,0.000000,1.000000,43.230648,clear-ocean,30.000000,60.000000,0.151000,1406,4114158,1054.912308,5.052262,73,3,0,70,0,70,0,0,70,0,0,0,0,0,0,160,45,1,114,0,0,0,0,0,21,49,114,21,49,114,3.525859,158.886611,5316.568319,0.000000,0.000000,0.000000,0,0,0,4741236.137920,18.734641,115.827462,9310.263385,1499.239593,391.160039,254.427496,4738303.009665,4729912.112435,2144.827128,11324.025486,788.301128,0.031621,0.008250,0.005366,99.938136,0.016626,13.939465,9.233694,3.266759,28.795354,74,0.520402,14,0,0,100.000000,1.303667,100.000000,3336.675409,1097.275096,5640.137218,0.000000,292.308137
20940.000000,contribution,optical,hardware,1,1,1,0,priority,0.000500,180,15,hybrid,0.050000,4000.000000,6.087000,52.000000,500.000000,500.000000,2.000000,60.000000,0.400000,184,114,184,114,184,21,49,0,0,0,0,0,114,114,0,0,0.000000,1.000000,43.230648,clear-ocean,30.000000,60.000000,0.151000,1406,4114158,1054.912308,5.037786,73,3,0,70,0,70,0,0,70,0,0,0,0,0,0,160,45,1,114,0,0,0,0,0,21,49,114,21,49,114,3.525859,158.886611,5316.568319,0.000000,0.000000,0.000000,0,0,0,4754833.239393,18.734641,115.827462,9310.263385,1503.375763,392.194082,254.657283,4751894.711138,4743503.813907,2150.227128,11329.425486,788.301128,0.031618,0.008248,0.005356,99.938199,0.016579,13.939465,9.233694,3.266759,28.712846,74,0.518911,14,0,0,100.000000,1.303667,100.000000,3336.675409,1094.131041,5726.243934,0.000000,215.335574
21000.000000,contribution,optical,hardware,1,1,1,0,priority,0.000500,180,15,hybrid,0.050000,4000.000000,6.087000,52.000000,500.000000,500.000000,2.000000,60.000000,0.400000,184,114,184,114,184,21,49,0,0,0,0,0,114,114,0,0,0.000000,1.000000,43.230648,clear-ocean,30.000000,60.000000,0.151000,1406,4114158,1054.912308,5.023392,73,3,0,70,0,70,0,0,70,0,0,0,0,0,0,160,45,1,114,0,0,0,0,0,21,49,114,21,49,114,3.525859,158.886611,5316.568319,0.000000,0.000000,0.000000,0,0,0,4768430.340865,18.734641,115.827462,9310.263385,1507.511933,393.228124,254.887070,4765486.412610,4757095.515380,2155.627128,11334.825486,788.301128,0.031614,0.008246,0.005345,99.938262,0.016532,13.939465,9.233694,3.266759,28.630810,74,0.517429,14,0,0,100.000000,1.303667,100.000000,3336.675409,1091.004952,5812.350651,0.000000,141.649861
21060.000000,contribution,optical,hardware,1,1,1,0,priority,0.000500,180,15,hybrid,0.050000,4000.000000,6.087000,52.000000,500.000000,500.000000,2.000000,60.000000,0.400000,184,114,184,114,184,21,49,0,0,0,0,0,114,114,0,0,0.000000,1.000000,43.230648,clear-ocean,30.000000,60.000000,0.151000,1406,4114158,1054.912308,5.009080,73,3,0,70,0,70,0,0,70,0,0,0,0,0,0,160,45,1,114,0,0,0,0,0,21,49,114,21,49,114,3.525859,158.886611,5316.568319,0.000000,0.000000,0.000000,0,0,0,4782027.442338,18.734641,115.827462,9310.263385,1511.648104,394.262167,255.116858,4779078.114083,4770687.216852,2161.027128,11340.225486,788.301128,0.031611,0.008245,0.005335,99.938325,0.016485,13.939465,9.233694,3.266759,28.549240,74,0.515954,14,0,0,100.000000,1.303667,100.000000,3336.675409,1087.896676,5898.457367,0.000000,78.237811
21120.000000,contribution,optical,hardware,1,1,1,0,priority,0.000500,180,15,hybrid,0.050000,4000.000000,6.087000,52.000000,500.000000,500.000000,2.000000,60.000000,0.400000,184,114,184,114,184,21,49,0,0,0,0,0,114,114,0,0,0.000000,1.000000,43.230648,clear-ocean,30.000000,60.000000,0.151000,1406,4114158,1054.912308,4.994850,73,3,0,70,0,70,0,0,70,0,0,0,0,0,0,160,45,1,114,0,0,0,0,0,21,49,114,21,49,114,3.525859,158.886611,5316.568319,0.000000,0.000000,0.000000,0,0,0,4795624.543810,18.734641,115.827462,9310.263385,1515.784274,395.296209,255.346645,4792669.815555,4784278.918325,2166.427128,11345.625486,788.301128,0.031608,0.008243,0.005325,99.938387,0.016438,13.939465,9.233694,3.266759,28.468134,74,0.514489,14,0,0,100.000000,1.303667,100.000000,3336.675409,1084.806061,5984.564083,0.000000,31.112098
21180.000000,contribution,optical,hardware,1,1,1,0,priority,0.000500,180,15,hybrid,0.050000,4000.000000,6.087000,52.000000,500.000000,500.000000,2.000000,60.000000,0.400000,184,114,184,114,184,21,49,0,0,0,0,0,114,114,0,0,0.000000,1.000000,43.230648,clear-ocean,30.000000,60.000000,0.151000,1406,4114158,1054.912308,4.980700,73,3,0,70,0,70,0,0,70,0,0,0,0,0,0,160,45,1,114,0,0,0,0,0,21,49,114,21,49,114,3.525859,158.886611,5316.568319,0.000000,0.000000,0.000000,0,0,0,4809221.645283,18.734641,115.827462,9310.263385,1519.920444,396.330252,255.576432,4806261.517028,4797870.619797,2171.827128,11351.025486,788.301128,0.031604,0.008241,0.005314,99.938449,0.016391,13.939465,9.233694,3.266759,28.387488,74,0.513031,14,0,0,100.000000,1.303667,100.000000,3336.675409,1081.732956,6070.670799,0.000000,4.741140
21240.000000,contribution,optical,hardware,1,1,1,0,priority,0.000500,180,15,hybrid,0.050000,4000.000000,6.087000,52.000000,500.000000,500.000000,2.000000,60.000000,0.400000,184,114,184,114,184,21,49,0,0,0,0,0,114,114,0,0,0.000000,1.000000,43.230648,clear-ocean,30.000000,60.000000,0.151000,1406,4114158,1054.912308,4.966630,73,3,0,70,0,70,0,0,70,0,0,0,0,0,0,160,45,1,114,0,0,0,0,0,21,49,114,21,49,114,3.525859,158.886611,5316.568319,0.000000,0.000000,0.000000,0,0,0,4822818.746755,18.734641,115.827462,9310.263385,1524.056614,397.364295,255.806219,4819853.218500,4811462.321270,2177.227128,11356.425486,788.301128,0.031601,0.008239,0.005304,99.938510,0.016345,13.939465,9.233694,3.266759,28.307298,74,0.511582,14,0,0,100.000000,1.303667,100.000000,3336.675409,1078.677213,6156.777515,-0.000000,1.625408
21300.000000,contribution,optical,hardware,1,1,1,0,priority,0.000500,180,15,hybrid,0.050000,4000.000000,6.087000,52.000000,500.000000,500.000000,2.000000,60.000000,0.400000,184,114,184,114,184,21,49,0,0,0,0,0,114,114,0,0,0.000000,1.000000,43.230648,clear-ocean,30.000000,60.000000,0.151000,1406,4114158,1054.912308,4.952640,73,3,0,70,0,70,0,0,70,0,0,0,0,0,0,160,45,1,114,0,0,0,0,0,21,49,114,21,49,114,3.525859,158.886611,5316.568319,0.000000,0.000000,0.000000,0,0,0,4836415.848228,18.734641,115.827462,9310.263385,1528.192785,398.398337,256.036007,4833444.919973,4825054.022742,2182.627128,11361.825486,788.301128,0.031598,0.008237,0.005294,99.938572,0.016299,13.939465,9.233694,3.266759,28.227559,74,0.510141,14,0,0,100.000000,1.303667,100.000000,3336.675409,1075.638685,6242.884231,-0.000000,22.060332
21360.000000,contribution,optical,hardware,1,1,1,0,priority,0.000500,180,15,hybrid,0.050000,4000.000000,6.087000,52.000000,500.000000,500.000000,2.000000,60.000000,0.400000,184,114,184,114,184,21,49,0,0,0,0,0,114,114,0,0,0.000000,1.000000,43.230648,clear-ocean,30.000000,60.000000,0.151000,1406,4114158,1054.912308,4.938728,73,3,0,70,0,70,0,0,70,0,0,0,0,0,0,160,45,1,114,0,0,0,0,0,21,49,114,21,49,114,3.525859,158.886611,5316.568319,0.000000,0.000000,0.000000,0,0,0,4850012.949701,18.734641,115.827462,9310.263385,1532.328955,399.432380,256.265794,4847036.621446,4838645.724215,2188.027128,11367.225486,788.301128,0.031594,0.008236,0.005284,99.938633,0.016254,13.939465,9.233694,3.266759,28.148268,74,0.508708,14,0,0,100.000000,1.303667,100.000000,3336.675409,1072.617228,6328.990947,-0.000000,64.108292
21420.000000,contribution,optical,hardware,1,1,1,0,priority,0.000500,180,15,hybrid,0.050000,4000.000000,6.087000,52.000000,500.000000,500.000000,2.000000,60.000000,0.400000,184,114,184,114,184,21,49,0,0,0,0,0,114,114,0,0,0.000000,1.000000,43.230648,clear-ocean,30.000000,60.000000,0.151000,1406,4114158,1054.912308,4.924894,73,3,0,70,0,70,0,0,70,0,0,0,0,0,0,160,45,1,114,0,0,0,0,0,21,49,114,21,49,114,3.525859,158.886611,5316.568319,0.000000,0.000000,0.000000,0,0,0,4863610.051173,18.734641,115.827462,9310.263385,1536.465125,400.466422,256.495581,4860628.322918,4852237.425687,2193.427128,11372.625486,788.301128,0.031591,0.008234,0.005274,99.938693,0.016208,13.939465,9.233694,3.266759,28.069421,74,0.507283,14,0,0,100.000000,1.303667,100.000000,3336.675409,1069.612698,6415.097664,-0.000000,123.782337
21480.000000,contribution,optical,hardware,1,1,1,0,priority,0.000500,180,15,hybrid,0.050000,4000.000000,6.087000,52.000000,500.000000,500.000000,2.000000,60.000000,0.400000,184,114,184,114,184,21,49,0,0,0,0,0,114,114,0,0,0.000000,1.000000,43.230648,clear-ocean,30.000000,60.000000,0.151000,1406,4114158,1054.912308,4.911137,73,3,0,70,0,70,0,0,70,0,0,0,0,0,0,160,45,1,114,0,0,0,0,0,21,49,114,21,49,114,3.525859,158.886611,5316.568319,0.000000,0.000000,0.000000,0,0,0,4877207.152646,18.734641,115.827462,9310.263385,1540.601295,401.500465,256.725368,4874220.024391,4865829.127160,2198.827128,11378.025486,788.301128,0.031588,0.008232,0.005264,99.938753,0.016163,13.939465,9.233694,3.266759,27.991015,74,0.505866,14,0,0,100.000000,1.303667,100.000000,3336.675409,1066.624953,6501.204380,-0.000000,195.424228
21540.000000,contribution,optical,hardware,1,1,1,0,priority,0.000500,180,15,hybrid,0.050000,4000.000000,6.087000,52.000000,500.000000,500.000000,2.000000,60.000000,0.400000,184,114,184,114,184,21,49,0,0,0,0,0,114,114,0,0,0.000000,1.000000,43.230648,clear-ocean,30.000000,60.000000,0.151000,1406,4114158,1054.912308,4.897457,73,3,0,70,0,70,0,0,70,0,0,0,0,0,0,160,45,1,114,0,0,0,0,0,21,49,114,21,49,114,3.525859,158.886611,5316.568319,0.000000,0.000000,0.000000,0,0,0,4890804.254118,18.734641,115.827462,9310.263385,1544.737465,402.534507,256.955155,4887811.725863,4879420.828632,2204.227128,11383.425486,788.301128,0.031585,0.008230,0.005254,99.938813,0.016118,13.939465,9.233694,3.266759,27.913045,74,0.504457,14,0,0,100.000000,1.303667,100.000000,3336.675409,1063.653853,6587.311096,-0.000000,272.240945
21600.000000,contribution,optical,hardware,1,1,1,0,priority,0.000500,180,15,hybrid,0.050000,4000.000000,6.087000,52.000000,500.000000,500.000000,2.000000,60.000000,0.400000,184,114,184,114,184,21,49,0,0,0,0,0,114,114,0,0,0.000000,1.000000,43.230648,clear-ocean,30.000000,60.000000,0.151000,1406,4114158,1054.912308,4.883853,73,3,0,70,0,70,0,0,70,0,0,0,0,0,0,160,45,1,114,0,0,0,0,0,21,49,114,21,49,114,3.525859,158.886611,5316.568319,0.000000,0.000000,0.000000,0,0,0,4904401.355591,18.734641,115.827462,9310.263385,1548.873636,403.568550,257.184943,4901403.427336,4893012.530105,2209.627128,11388.825486,788.301128,0.031581,0.008229,0.005244,99.938873,0.016073,13.939465,9.233694,3.266759,27.835509,74,0.503056,14,0,0,100.000000,1.303667,100.000000,3336.675409,1060.699259,6673.417812,-0.000000,346.948795
21660.000000,contribution,optical,hardware,1,1,1,0,priority,0.000500,180,15,hybrid,0.050000,4000.000000,6.087000,52.000000,500.000000,500.000000,2.000000,60.000000,0.400000,184,114,184,114,184,21,49,0,0,0,0,0,114,114,0,0,0.000000,1.000000,43.230648,clear-ocean,30.000000,60.000000,0.151000,1406,4114158,1054.912308,4.870325,73,3,0,70,0,70,0,0,70,0,0,0,0,0,0,160,45,1,114,0,0,0,0,0,21,49,114,21,49,114,3.525859,158.886611,5316.568319,0.000000,0.000000,0.000000,0,0,0,4917998.457063,18.734641,115.827462,9310.263385,1553.009806,404.602592,257.414730,4914995.128808,4906604.231577,2215.027128,11394.225486,788.301128,0.031578,0.008227,0.005234,99.938932,0.016029,13.939465,9.233694,3.266759,27.758403,74,0.501662,14,0,0,100.000000,1.303667,100.000000,3336.675409,1057.761034,6759.524528,-0.000000,412.464047
21720.000000,contribution,optical,hardware,1,1,1,0,priority,0.000500,180,15,hybrid,0.050000,4000.000000,6.087000,52.000000,500.000000,500.000000,2.000000,60.000000,0.400000,184,114,184,114,184,21,49,0,0,0,0,0,114,114,0,0,0.000000,1.000000,43.230648,clear-ocean,30.000000,60.000000,0.151000,1406,4114158,1054.912308,4.856871,73,3,0,70,0,70,0,0,70,0,0,0,0,0,0,160,45,1,114,0,0,0,0,0,21,49,114,21,49,114,3.525859,158.886611,5316.568319,0.000000,0.000000,0.000000,0,0,0,4931595.558536,18.734641,115.827462,9310.263385,1557.145976,405.636635,257.644517,4928586.830281,4920195.933050,2220.427128,11399.625486,788.301128,0.031575,0.008225,0.005224,99.938991,0.015985,13.939465,9.233694,3.266759,27.681722,74,0.500276,14,0,0,100.000000,1.303667,100.000000,3336.675409,1054.839042,6845.631244,-0.000000,462.574604
21780.000000,contribution,optical,hardware,1,1,1,0,priority,0.000500,180,15,hybrid,0.050000,4000.000000,6.087000,52.000000,500.000000,500.000000,2.000000,60.000000,0.400000,184,114,184,114,184,21,49,0,0,0,0,0,114,114,0,0,0.000000,1.000000,43.230648,clear-ocean,30.000000,60.000000,0.151000,1406,4114158,1054.912308,4.843491,73,3,0,70,0,70,0,0,70,0,0,0,0,0,0,160,45,1,114,0,0,0,0,0,21,49,114,21,49,114,3.525859,158.886611,5316.568319,0.000000,0.000000,0.000000,0,0,0,4945192.660008,18.734641,115.827462,9310.263385,1561.282146,406.670678,257.874304,4942178.531753,4933787.634523,2225.827128,11405.025486,788.301128,0.031572,0.008224,0.005215,99.939049,0.015941,13.939465,9.233694,3.266759,27.605464,74,0.498898,14,0,0,100.000000,1.303667,100.000000,3336.675409,1051.933150,6931.737960,-0.000000,492.529027
21840.000000,contribution,optical,hardware,1,1,1,0,priority,0.000500,180,15,hybrid,0.050000,4000.000000,6.087000,52.000000,500.000000,500.000000,2.000000,60.000000,0.400000,184,114,184,114,184,21,49,0,0,0,0,0,114,114,0,0,0.000000,1.000000,43.230648,clear-ocean,30.000000,60.000000,0.151000,1406,4114158,1054.912308,4.830185,73,3,0,70,0,70,0,0,70,0,0,0,0,0,0,160,45,1,114,0,0,0,0,0,21,49,114,21,49,114,3.525859,158.886611,5316.568319,0.000000,0.000000,0.000000,0,0,0,4958789.761481,18.734641,115.827462,9310.263385,1565.418316,407.704720,258.104092,4955770.233226,4947379.335995,2231.227128,11410.425486,788.301128,0.031569,0.008222,0.005205,99.939108,0.015897,13.939465,9.233694,3.266759,27.529625,74,0.497527,14,0,0,100.000000,1.303667,100.000000,3336.675409,1049.043223,7017.844677,0.000000,499.487065
21900.000000,contribution,optical,hardware,1,1,1,0,priority,0.000500,180,15,hybrid,0.050000,4000.000000,6.087000,52.000000,500.000000,500.000000,2.000000,60.000000,0.400000,184,114,184,114,184,21,49,0,0,0,0,0,114,114,0,0,0.000000,1.000000,43.230648,clear-ocean,30.000000,60.000000,0.151000,1406,4114158,1054.912308,4.816951,73,3,0,70,0,70,0,0,70,0,0,0,0,0,0,160,45,1,114,0,0,0,0,0,21,49,114,21,49,114,3.525859,158.886611,5316.568319,0.000000,0.000000,0.000000,0,0,0,4972386.862953,18.734641,115.827462,9310.263385,1569.554487,408.738763,258.333879,4969361.934698,4960971.037468,2236.627128,11415.825486,788.301128,0.031565,0.008220,0.005195,99.939165,0.015854,13.939465,9.233694,3.266759,27.454201,74,0.496164,14,0,0,100.000000,1.303667,100.000000,3336.675409,1046.169132,7103.951393,0.000000,482.788962
21960.000000,contribution,optical,hardware,1,1,1,0,priority,0.000500,180,15,hybrid,0.050000,4000.000000,6.087000,52.000000,500.000000,500.000000,2.000000,60.000000,0.400000,184,114,184,114,184,21,49,0,0,0,0,0,114,114,0,0,0.000000,1.000000,43.230648,clear-ocean,30.000000,60.000000,0.151000,1406,4114158,1054.912308,4.803790,73,3,0,70,0,70,0,0,70,0,0,0,0,0,0,160,45,1,114,0,0,0,0,0,21,49,114,21,49,114,3.525859,158.886611,5316.568319,0.000000,0.000000,0.000000,0,0,0,4985983.964426,18.734641,115.827462,9310.263385,1573.690657,409.772805,258.563666,4982953.636171,4974562.738940,2242.027128,11421.225486,788.301128,0.031562,0.008218,0.005186,99.939223,0.015810,13.939465,9.233694,3.266759,27.379189,74,0.494809,14,0,0,100.000000,1.303667,100.000000,3336.675409,1043.310747,7190.058109,0.000000,444.018019
22020.000000,contribution,optical,hardware,1,1,1,0,priority,0.000500,180,15,hybrid,0.050000,4000.000000,6.087000,52.000000,500.000000,500.000000,2.000000,60.000000,0.400000,184,114,184,114,184,21,49,0,0,0,0,0,114,114,0,0,0.000000,1.000000,43.230648,clear-ocean,30.000000,60.000000,0.151000,1406,4114158,1054.912308,4.790701,73,3,0,70,0,70,0,0,70,0,0,0,0,0,0,160,45,1,114,0,0,0,0,0,21,49,114,21,49,114,3.525859,158.886611,5316.568319,0.000000,0.000000,0.000000,0,0,0,4999581.065898,18.734641,115.827462,9310.263385,1577.826827,410.806848,258.793453,4996545.337643,4988154.440413,2247.427128,11426.625486,788.301128,0.031559,0.008217,0.005176,99.939280,0.015767,13.939465,9.233694,3.266759,27.304587,74,0.493460,14,0,0,100.000000,1.303667,100.000000,3336.675409,1040.467938,7276.164825,0.000000,386.850460
22080.000000,contribution,optical,hardware,1,1,1,0,priority,0.000500,180,15,hybrid,0.050000,4000.000000,6.087000,52.000000,500.000000,500.000000,2.000000,60.000000,0.400000,184,114,184,114,184,21,49,0,0,0,0,0,114,114,0,0,0.000000,1.000000,43.230648,clear-ocean,30.000000,60.000000,0.151000,1406,4114158,1054.912308,4.777683,73,3,0,70,0,70,0,0,70,0,0,0,0,0,0,160,45,1,114,0,0,0,0,0,21,49,114,21,49,114,3.525859,158.886611,5316.568319,0.000000,0.000000,0.000000,0,0,0,5013178.167371,18.734641,115.827462,9310.263385,1581.962997,411.840890,259.023241,5010137.039116,5001746.141885,2252.827128,11432.025486,788.301128,0.031556,0.008215,0.005167,99.939337,0.015725,13.939465,9.233694,3.266759,27.230389,74,0.492120,14,0,0,100.000000,1.303667,100.000000,3336.675409,1037.640580,7362.271541,0.000000,316.706863
22140.000000,contribution,optical,hardware,1,1,1,0,priority,0.000500,180,15,hybrid,0.050000,4000.000000,6.087000,52.000000,500.000000,500.000000,2.000000,60.000000,0.400000,184,114,184,114,184,21,49,0,0,0,0,0,114,114,0,0,0.000000,1.000000,43.230648,clear-ocean,30.000000,60.000000,0.151000,1406,4114158,1054.912308,4.764735,73,3,0,70,0,70,0,0,70,0,0,0,0,0,0,160,45,1,114,0,0,0,0,0,21,49,114,21,49,114,3.525859,158.886611,5316.568319,0.000000,0.000000,0.000000,0,0,0,5026775.268843,18.734641,115.827462,9310.263385,1586.099167,412.874933,259.253028,5023728.740588,5015337.843358,2258.227128,11437.425486,788.301128,0.031553,0.008214,0.005157,99.939394,0.015682,13.939465,9.233694,3.266759,27.156594,74,0.490786,14,0,0,100.000000,1.303667,100.000000,3336.675409,1034.828546,7448.378257,0.000000,240.238181
22200.000000,contribution,optical,hardware,1,1,1,0,priority,0.000500,180,15,hybrid,0.050000,4000.000000,6.087000,52.000000,500.000000,500.000000,2.000000,60.000000,0.400000,184,114,184,114,184,21,49,0,0,0,0,0,114,114,0,0,0.000000,1.000000,43.230648,clear-ocean,30.000000,60.000000,0.151000,1406,4114158,1054.912308,4.751857,73,3,0,70,0,70,0,0,70,0,0,0,0,0,0,160,45,1,114,0,0,0,0,0,21,49,114,21,49,114,3.525859,158.886611,5316.568319,0.000000,0.000000,0.000000,0,0,0,5040372.370316,18.734641,115.827462,9310.263385,1590.235338,413.908975,259.482815,5037320.442061,5028929.544830,2263.627128,11442.825486,788.301128,0.031550,0.008212,0.005148,99.939450,0.015640,13.939465,9.233694,3.266759,27.083198,74,0.489459,14,0,0,100.000000,1.303667,100.000000,3336.675409,1032.031712,7534.484973,0.000000,164.695106
22260.000000,contribution,optical,hardware,1,1,1,0,priority,0.000500,180,15,hybrid,0.050000,4000.000000,6.087000,52.000000,500.000000,500.000000,2.000000,60.000000,0.400000,184,114,184,114,184,21,49,0,0,0,0,0,114,114,0,0,0.000000,1.000000,43.230648,clear-ocean,30.000000,60.000000,0.151000,1406,4114158,1054.912308,4.739049,73,3,0,70,0,70,0,0,70,0,0,0,0,0,0,160,45,1,114,0,0,0,0,0,21,49,114,21,49,114,3.525859,158.886611,5316.568319,0.000000,0.000000,0.000000,0,0,0,5053969.471788,18.734641,115.827462,9310.263385,1594.371508,414.943018,259.712602,5050912.143534,5042521.246303,2269.027128,11448.225486,788.301128,0.031547,0.008210,0.005139,99.939506,0.015598,13.939465,9.233694,3.266759,27.010198,74,0.488140,14,0,0,100.000000,1.303667,100.000000,3336.675409,1029.249955,7620.591690,0.000000,97.240565
22320.000000,contribution,optical,hardware,1,1,1,0,priority,0.000500,180,15,hybrid,0.050000,4000.000000,6.087000,52.000000,500.000000,500.000000,2.000000,60.000000,0.400000,184,114,184,114,184,21,49,0,0,0,0,0,114,114,0,0,0.000000,1.000000,43.230648,clear-ocean,30.000000,60.000000,0.151000,1406,4114158,1054.912308,4.726310,73,3,0,70,0,70,0,0,70,0,0,0,0,0,0,160,45,1,114,0,0,0,0,0,21,49,114,21,49,114,3.525859,158.886611,5316.568319,0.000000,0.000000,0.000000,0,0,0,5067566.573261,18.734641,115.827462,9310.263385,1598.507678,415.977061,259.942390,5064503.845006,5056112.947775,2274.427128,11453.625486,788.301128,0.031544,0.008209,0.005130,99.939562,0.015556,13.939465,9.233694,3.266759,26.937590,74,0.486828,14,0,0,100.000000,1.303667,100.000000,3336.675409,1026.483154,7706.698406,0.000000,44.270537
22380.000000,contribution,optical,hardware,1,1,1,0,priority,0.000500,180,15,hybrid,0.050000,4000.000000,6.087000,52.000000,500.000000,500.000000,2.000000,60.000000,0.400000,184,114,184,114,184,21,49,0,0,0,0,0,114,114,0,0,0.000000,1.000000,43.230648,clear-ocean,30.000000,60.000000,0.151000,1406,4114158,1054.912308,4.713639,73,3,0,70,0,70,0,0,70,0,0,0,0,0,0,160,45,1,114,0,0,0,0,0,21,49,114,21,49,114,3.525859,158.886611,5316.568319,0.000000,0.000000,0.000000,0,0,0,5081163.674733,18.734641,115.827462,9310.263385,1602.643848,417.011103,260.172177,5078095.546479,5069704.649248,2279.827128,11459.025486,788.301128,0.031541,0.008207,0.005120,99.939618,0.015514,13.939465,9.233694,3.266759,26.865371,74,0.485523,14,0,0,100.000000,1.303667,100.000000,3336.675409,1023.731189,7792.805122,0.000000,10.807592
22440.000000,contribution,optical,hardware,1,1,1,0,priority,0.000500,180,15,hybrid,0.050000,4000.000000,6.087000,52.000000,500.000000,500.000000,2.000000,60.000000,0.400000,184,114,184,114,184,21,49,0,0,0,0,0,114,114,0,0,0.000000,1.000000,43.230648,clear-ocean,30.000000,60.000000,0.151000,1406,4114158,1054.912308,4.701035,73,3,0,70,0,70,0,0,70,0,0,0,0,0,0,160,45,1,114,0,0,0,0,0,21,49,114,21,49,114,3.525859,158.886611,5316.568319,0.000000,0.000000,0.000000,0,0,0,5094760.776206,18.734641,115.827462,9310.263385,1606.780019,418.045146,260.401964,5091687.247951,5083296.350720,2285.227128,11464.425486,788.301128,0.031538,0.008205,0.005111,99.939673,0.015473,13.939465,9.233694,3.266759,26.793538,74,0.484225,14,0,0,100.000000,1.303667,100.000000,3336.675409,1020.993939,7878.911838,-0.000000,0.024657
22500.000000,contribution,optical,hardware,1,1,1,0,priority,0.000500,180,15,hybrid,0.050000,4000.000000,6.087000,52.000000,500.000000,500.000000,2.000000,60.000000,0.400000,184,114,184,114,184,21,49,0,0,0,0,0,114,114,0,0,0.000000,1.000000,43.230648,clear-ocean,30.000000,60.000000,0.151000,1406,4114158,1054.912308,4.688499,73,3,0,70,0,70,0,0,70,0,0,0,0,0,0,160,45,1,114,0,0,0,0,0,21,49,114,21,49,114,3.525859,158.886611,5316.568319,0.000000,0.000000,0.000000,0,0,0,5108357.877678,18.734641,115.827462,9310.263385,1610.916189,419.079188,260.631751,5105278.949424,5096888.052193,2290.627128,11469.825486,788.301128,0.031535,0.008204,0.005102,99.939728,0.015432,13.939465,9.233694,3.266759,26.722089,74,0.482933,14,0,0,100.000000,1.303667,100.000000,3336.675409,1018.271289,7965.018554,-0.000000,12.944161
22560.000000,contribution,optical,hardware,1,1,1,0,priority,0.000500,180,15,hybrid,0.050000,4000.000000,6.087000,52.000000,500.000000,500.000000,2.000000,60.000000,0.400000,184,114,184,114,184,21,49,0,0,0,0,0,114,114,0,0,0.000000,1.000000,43.230648,clear-ocean,30.000000,60.000000,0.151000,1406,4114158,1054.912308,4.676030,73,3,0,70,0,70,0,0,70,0,0,0,0,0,0,160,45,1,114,0,0,0,0,0,21,49,114,21,49,114,3.525859,158.886611,5316.568319,0.000000,0.000000,0.000000,0,0,0,5121954.979151,18.734641,115.827462,9310.263385,1615.052359,420.113231,260.861538,5118870.650896,5110479.753665,2296.027128,11475.225486,788.301128,0.031532,0.008202,0.005093,99.939782,0.015391,13.939465,9.233694,3.266759,26.651020,74,0.481649,14,0,0,100.000000,1.303667,100.000000,3336.675409,1015.563121,8051.125270,-0.000000,48.341087
22620.000000,contribution,optical,hardware,1,1,1,0,priority,0.000500,180,15,hybrid,0.050000,4000.000000,6.087000,52.000000,500.000000,500.000000,2.000000,60.000000,0.400000,184,114,184,114,184,21,49,0,0,0,0,0,114,114,0,0,0.000000,1.000000,43.230648,clear-ocean,30.000000,60.000000,0.151000,1406,4114158,1054.912308,4.663626,73,3,0,70,0,70,0,0,70,0,0,0,0,0,0,160,45,1,114,0,0,0,0,0,21,49,114,21,49,114,3.525859,158.886611,5316.568319,0.000000,0.000000,0.000000,0,0,0,5135552.080624,18.734641,115.827462,9310.263385,1619.188529,421.147273,261.091326,5132462.352369,5124071.455138,2301.427128,11480.625486,788.301128,0.031529,0.008201,0.005084,99.939836,0.015350,13.939465,9.233694,3.266759,26.580327,74,0.480371,14,0,0,100.000000,1.303667,100.000000,3336.675409,1012.869319,8137.231986,-0.000000,102.859131
22680.000000,contribution,optical,hardware,1,1,1,0,priority,0.000500,180,15,hybrid,0.050000,4000.000000,6.087000,52.000000,500.000000,500.000000,2.000000,60.000000,0.400000,184,114,184,114,184,21,49,0,0,0,0,0,114,114,0,0,0.000000,1.000000,43.230648,clear-ocean,30.000000,60.000000,0.151000,1406,4114158,1054.912308,4.651289,73,3,0,70,0,70,0,0,70,0,0,0,0,0,0,160,45,1,114,0,0,0,0,0,21,49,114,21,49,114,3.525859,158.886611,5316.568319,0.000000,0.000000,0.000000,0,0,0,5149149.182096,18.734641,115.827462,9310.263385,1623.324699,422.181316,261.321113,5146054.053841,5137663.156610,2306.827128,11486.025486,788.301128,0.031526,0.008199,0.005075,99.939890,0.015309,13.939465,9.233694,3.266759,26.510009,74,0.479101,14,0,0,100.000000,1.303667,100.000000,3336.675409,1010.189771,8223.338703,-0.000000,171.328940
22740.000000,contribution,optical,hardware,1,1,1,0,priority,0.000500,180,15,hybrid,0.050000,4000.000000,6.087000,52.000000,500.000000,500.000000,2.000000,60.000000,0.400000,184,114,184,114,184,21,49,0,0,0,0,0,114,114,0,0,0.000000,1.000000,43.230648,clear-ocean,30.000000,60.000000,0.151000,1406,4114158,1054.912308,4.639016,73,3,0,70,0,70,0,0,70,0,0,0,0,0,0,160,45,1,114,0,0,0,0,0,21,49,114,21,49,114,3.525859,158.886611,5316.568319,0.000000,0.000000,0.000000,0,0,0,5162746.283569,18.734641,115.827462,9310.263385,1627.460870,423.215358,261.550900,5159645.755314,5151254.858083,2312.227128,11491.425486,788.301128,0.031523,0.008197,0.005066,99.939944,0.015269,13.939465,9.233694,3.266759,26.440062,74,0.477836,14,0,0,100.000000,1.303667,100.000000,3336.675409,1007.524362,8309.445419,-0.000000,247.258269
22800.000000,contribution,optical,hardware,1,1,1,0,priority,0.000500,180,15,hybrid,0.050000,4000.000000,6.087000,52.000000,500.000000,500.000000,2.000000,60.000000,0.400000,184,114,184,114,184,21,49,0,0,0,0,0,114,114,0,0,0.000000,1.000000,43.230648,clear-ocean,30.000000,60.000000,0.151000,1406,4114158,1054.912308,4.626808,73,3,0,70,0,70,0,0,70,0,0,0,0,0,0,160,45,1,114,0,0,0,0,0,21,49,114,21,49,114,3.525859,158.886611,5316.568319,0.000000,0.000000,0.000000,0,0,0,5176343.385041,18.734641,115.827462,9310.263385,1631.597040,424.249401,261.780687,5173237.456786,5164846.559556,2317.627128,11496.825486,788.301128,0.031520,0.008196,0.005057,99.939998,0.015229,13.939465,9.233694,3.266759,26.370482,74,0.476579,14,0,0,100.000000,1.303667,100.000000,3336.675409,1004.872982,8395.552135,-0.000000,323.447567
22860.000000,contribution,optical,hardware,1,1,1,0,priority,0.000500,180,15,hybrid,0.050000,4000.000000,6.087000,52.000000,500.000000,500.000000,2.000000,60.000000,0.400000,184,114,184,114,184,21,49,0,0,0,0,0,114,114,0,0,0.000000,1.000000,43.230648,clear-ocean,30.000000,60.000000,0.151000,1406,4114158,1054.912308,4.614665,73,3,0,70,0,70,0,0,70,0,0,0,0,0,0,160,45,1,114,0,0,0,0,0,21,49,114,21,49,114,3.525859,158.886611,5316.568319,0.000000,0.000000,0.000000,0,0,0,5189940.486514,18.734641,115.827462,9310.263385,1635.733210,425.283444,262.010475,5186829.158259,5178438.261028,2323.027128,11502.225486,788.301128,0.031517,0.008194,0.005048,99.940051,0.015189,13.939465,9.233694,3.266759,26.301269,74,0.475328,14,0,0,100.000000,1.303667,100.000000,3336.675409,1002.235521,8481.658851,-0.000000,392.672631
22920.000000,contribution,optical,hardware,1,1,1,0,priority,0.000500,180,15,hybrid,0.050000,4000.000000,6.087000,52.000000,500.000000,500.000000,2.000000,60.000000,0.400000,184,114,184,114,184,21,49,0,0,0,0,0,114,114,0,0,0.000000,1.000000,43.230648,clear-ocean,30.000000,60.000000,0.151000,1406,4114158,1054.912308,4.602584,73,3,0,70,0,70,0,0,70,0,0,0,0,0,0,160,45,1,114,0,0,0,0,0,21,49,114,21,49,114,3.525859,158.886611,5316.568319,0.000000,0.000000,0.000000,0,0,0,5203537.587986,18.734641,115.827462,9310.263385,1639.869380,426.317486,262.240262,5200420.859731,5192029.962501,2328.427128,11507.625486,788.301128,0.031515,0.008193,0.005040,99.940104,0.015149,13.939465,9.233694,3.266759,26.232417,74,0.474084,14,0,0,100.000000,1.303667,100.000000,3336.675409,999.611867,8567.765567,-0.000000,448.369605
22980.000000,contribution,optical,hardware,1,1,1,0,priority,0.000500,180,15,hybrid,0.050000,4000.000000,6.087000,52.000000,500.000000,500.000000,2.000000,60.000000,0.400000,184,114,184,114,184,21,49,0,0,0,0,0,114,114,0,0,0.000000,1.000000,43.230648,clear-ocean,30.000000,60.000000,0.151000,1406,4114158,1054.912308,4.590567,73,3,0,70,0,70,0,0,70,0,0,0,0,0,0,160,45,1,114,0,0,0,0,0,21,49,114,21,49,114,3.525859,158.886611,5316.568319,0.000000,0.000000,0.000000,0,0,0,5217134.689459,18.734641,115.827462,9310.263385,1644.005550,427.351529,262.470049,5214012.561204,5205621.663973,2333.827128,11513.025486,788.301128,0.031512,0.008191,0.005031,99.940156,0.015110,13.939465,9.233694,3.266759,26.163925,74,0.472846,14,0,0,100.000000,1.303667,100.000000,3336.675409,997.001915,8653.872283,-0.000000,485.257350
23040.000000,contribution,optical,hardware,1,1,1,0,priority,0.000500,180,15,hybrid,0.050000,4000.000000,6.087000,52.000000,500.000000,500.000000,2.000000,60.000000,0.400000,184,114,184,114,184,21,49,0,0,0,0,0,114,114,0,0,0.000000,1.000000,43.230648,clear-ocean,30.000000,60.000000,0.151000,1406,4114158,1054.912308,4.578612,73,3,0,70,0,70,0,0,70,0,0,0,0,0,0,160,45,1,114,0,0,0,0,0,21,49,114,21,49,114,3.525859,158.886611,5316.568319,0.000000,0.000000,0.000000,0,0,0,5230731.790931,18.734641,115.827462,9310.263385,1648.141721,428.385571,262.699836,5227604.262676,5219213.365446,2339.227128,11518.425485,788.301128,0.031509,0.008190,0.005022,99.940209,0.015071,13.939465,9.233694,3.266759,26.095790,74,0.471615,14,0,0,100.000000,1.303667,100.000000,3336.675409,994.405556,8739.978999,-0.000000,499.838204
23100.000000,contribution,optical,hardware,1,1,1,0,priority,0.000500,180,15,hybrid,0.050000,4000.000000,6.087000,52.000000,500.000000,500.000000,2.000000,60.000000,0.400000,184,114,184,114,184,21,49,0,0,0,0,0,114,114,0,0,0.000000,1.000000,43.230648,clear-ocean,30.000000,60.000000,0.151000,1406,4114158,1054.912308,4.566720,73,3,0,70,0,70,0,0,70,0,0,0,0,0,0,160,45,1,114,0,0,0,0,0,21,49,114,21,49,114,3.525859,158.886611,5316.568319,0.000000,0.000000,0.000000,0,0,0,5244328.892404,18.734641,115.827462,9310.263385,1652.277891,429.419614,262.929624,5241195.964149,5232805.066918,2344.627128,11523.825485,788.301128,0.031506,0.008188,0.005014,99.940261,0.015031,13.939465,9.233694,3.266759,26.028009,74,0.470390,14,0,0,100.000000,1.303667,100.000000,3336.675409,991.822684,8826.085716,0.000000,490.729622
23160.000000,contribution,optical,hardware,1,1,1,0,priority,0.000500,180,15,hybrid,0.050000,4000.000000,6.087000,52.000000,500.000000,500.000000,2.000000,60.000000,0.400000,184,114,184,114,184,21,49,0,0,0,0,0,114,114,0,0,0.000000,1.000000,43.230648,clear-ocean,30.000000,60.000000,0.151000,1406,4114158,1054.912308,4.554889,73,3,0,70,0,70,0,0,70,0,0,0,0,0,0,160,45,1,114,0,0,0,0,0,21,49,114,21,49,114,3.525859,158.886611,5316.568319,0.000000,0.000000,0.000000,0,0,0,5257925.993876,18.734641,115.827462,9310.263385,1656.414061,430.453656,263.159411,5254787.665622,5246396.768391,2350.027128,11529.225485,788.301128,0.031503,0.008187,0.005005,99.940312,0.014993,13.939465,9.233694,3.266759,25.960579,74,0.469171,14,0,0,100.000000,1.303667,100.000000,3336.675409,989.253195,8912.192432,0.000000,458.795274
23220.000000,contribution,optical,hardware,1,1,1,0,priority,0.000500,180,15,hybrid,0.050000,4000.000000,6.087000,52.000000,500.000000,500.000000,2.000000,60.000000,0.400000,184,114,184,114,184,21,49,0,0,0,0,0,114,114,0,0,0.000000,1.000000,43.230648,clear-ocean,30.000000,60.000000,0.151000,1406,4114158,1054.912308,4.543119,73,3,0,70,0,70,0,0,70,0,0,0,0,0,0,160,45,1,114,0,0,0,0,0,21,49,114,21,49,114,3.525859,158.886611,5316.568319,0.000000,0.000000,0.000000,0,0,0,5271523.095349,18.734641,115.827462,9310.263385,1660.550231,431.487699,263.389198,5268379.367094,5259988.469863,2355.427128,11534.625485,788.301128,0.031500,0.008185,0.004996,99.940364,0.014954,13.939465,9.233694,3.266759,25.893497,74,0.467959,14,0,0,100.000000,1.303667,100.000000,3336.675409,986.696985,8998.299148,0.000000,407.063144
23280.000000,contribution,optical,hardware,1,1,1,0,priority,0.000500,180,15,hybrid,0.050000,4000.000000,6.087000,52.000000,500.000000,500.000000,2.000000,60.000000,0.400000,184,114,184,114,184,21,49,0,0,0,0,0,114,114,0,0,0.000000,1.000000,43.230648,clear-ocean,30.000000,60.000000,0.151000,1406,4114158,1054.912308,4.531410,73,3,0,70,0,70,0,0,70,0,0,0,0,0,0,160,45,1,114,0,0,0,0,0,21,49,114,21,49,114,3.525859,158.886611,5316.568319,0.000000,0.000000,0.000000,0,0,0,5285120.196821,18.734641,115.827462,9310.263385,1664.686402,432.521741,263.618985,5281971.068567,5273580.171336,2360.827128,11540.025485,788.301128,0.031498,0.008184,0.004988,99.940415,0.014915,13.939465,9.233694,3.266759,25.826761,74,0.466753,14,0,0,100.000000,1.303667,100.000000,3336.675409,984.153952,9084.405864,0.000000,340.438428
23340.000000,contribution,optical,hardware,1,1,1,0,priority,0.000500,180,15,hybrid,0.050000,4000.000000,6.087000,52.000000,500.000000,500.000000,2.000000,60.000000,0.400000,184,114,184,114,184,21,49,0,0,0,0,0,114,114,0,0,0.000000,1.000000,43.230648,clear-ocean,30.000000,60.000000,0.151000,1406,4114158,1054.912308,4.519761,73,3,0,70,0,70,0,0,70,0,0,0,0,0,0,160,45,1,114,0,0,0,0,0,21,49,114,21,49,114,3.525859,158.886611,5316.568319,0.000000,0.000000,0.000000,0,0,0,5298717.298294,18.734641,115.827462,9310.263385,1668.822572,433.555784,263.848773,5295562.770039,5287171.872808,2366.227128,11545.425485,788.301128,0.031495,0.008182,0.004979,99.940466,0.014877,13.939465,9.233694,3.266759,25.760368,74,0.465553,14,0,0,100.000000,1.303667,100.000000,3336.675409,981.623993,9170.512580,0.000000,265.238421
23400.000000,contribution,optical,hardware,1,1,1,0,priority,0.000500,180,15,hybrid,0.050000,4000.000000,6.087000,52.000000,500.000000,500.000000,2.000000,60.000000,0.400000,184,114,184,114,184,21,49,0,0,0,0,0,114,114,0,0,0.000000,1.000000,43.230648,clear-ocean,30.000000,60.000000,0.151000,1406,4114158,1054.912308,4.508172,73,3,0,70,0,70,0,0,70,0,0,0,0,0,0,160,45,1,114,0,0,0,0,0,21,49,114,21,49,114,3.525859,158.886611,5316.568319,0.000000,0.000000,0.000000,0,0,0,5312314.399766,18.734641,115.827462,9310.263385,1672.958742,434.589827,264.078560,5309154.471512,5300763.574281,2371.627128,11550.825485,788.301128,0.031492,0.008181,0.004971,99.940517,0.014839,13.939465,9.233694,3.266759,25.694316,74,0.464359,14,0,0,100.000000,1.303667,100.000000,3336.675409,979.107009,9256.619296,0.000000,188.593520
23450.000000,contribution,optical,hardware,1,1,1,0,priority,0.000500,180,15,hybrid,0.050000,4000.000000,6.087000,52.000000,500.000000,500.000000,2.000000,60.000000,0.400000,184,114,184,114,184,21,49,0,0,0,0,0,114,114,0,0,0.000000,1.000000,43.230648,clear-ocean,30.000000,60.000000,0.151000,1406,4114158,1054.912308,4.498560,73,3,0,70,0,70,0,0,70,0,0,0,0,0,0,160,45,1,114,0,0,0,0,0,21,49,114,21,49,114,3.525859,158.886611,5316.568319,0.000000,0.000000,0.000000,0,0,0,5323645.317660,18.734641,115.827462,9310.263385,1676.405550,435.451529,264.270049,5320480.889405,5312089.992175,2376.127128,11555.325485,788.301128,0.031490,0.008180,0.004964,99.940559,0.014808,13.939465,9.233694,3.266759,25.639531,74,0.463369,14,0,0,100.000000,1.303667,100.000000,3336.675409,977.019360,9328.374893,0.000000,128.874011
