time,protocol,auvCollectionMedium,energyModel,lowPayloadAtGateway,enableHighFallback,enableMediumFallback,matchHybridQueues,ddnBufferPolicy,nodeIdlePowerW,nodes,sinks,sinkPlacement,trafficLoad,trafficStop,auvSpeedKmh,txPowerMarginDb,ddnEomOffset,ddnDepth,highFallbackTimeout,mediumFallbackTimeout,mediumFallbackRhoMax,generated,gatewayOriginated,reachedDdn,collectedByAuv,delivered,directCriticalToSink,directMediumToSink,directLowToSink,bufferDropped,bufferDroppedHigh,bufferDroppedMedium,bufferDroppedLow,opticalTransfers,opticalAttempted,opticalLost,opticalPending,opticalLossPct,opticalMeanPktSuccess,opticalMeanSnrDb,opticalWaterType,opticalRange,opticalPointingCoherenceSeconds,opticalExtCoeff,acousticTransfers,acousticTxBytes,acousticTxAirtimeS,acousticTxAirtimePct,acousticSourceAttempts,acousticRetransmissions,acousticRetryExhausted,acousticAcks,acousticPending,directSourceAttempts,directRetransmissions,directCyclesExhausted,directAcks,directPending,mobileSourceAttempts,mobileRetransmissions,mobileContactFailures,mobileAcks,mobilePending,auvSurfaceSourceAttempts,auvSurfaceRetransmissions,auvSurfaceContactFailures,auvSurfaceAcks,auvSurfacePending,deadlineExpired,deadlineExpiredHigh,deadlineExpiredMedium,deadlineExpiredLow,highGenerated,mediumGenerated,lowGenerated,highDelivered,mediumDelivered,lowDelivered,highAvgDelay,mediumAvgDelay,lowAvgDelay,highMissRatio,mediumMissRatio,lowMissRatio,highDeadlineMiss,mediumDeadlineMiss,lowDeadlineMiss,energyConsumedJ,highEnergyJ,mediumEnergyJ,lowEnergyJ,bsnEnergyJ,drnEnergyJ,ddnEnergyJ,auvEnergyJ,auvOperationalEnergyJ,submergedEnergyJ,incrementalMissionEnergyJ,sinkEnergyJ,bsnEnergyPct,drnEnergyPct,ddnEnergyPct,auvEnergyPct,sinkEnergyPct,highEnergyMjByte,mediumEnergyMjByte,lowEnergyMjByte,meanDdnBuffered,maxDdnBuffered,meanAuvBuffered,maxAuvBuffered,ddnBuffered,auvBuffered,upstreamPdr,avgDelayAcoustic,pdr,avgDelay,throughputBps,auvX,auvY,auvZ
0.000000,pure-acoustic,none,hardware,1,0,0,1,priority,0.000500,180,15,hybrid,0.050000,4000.000000,6.087000,64.000000,500.000000,500.000000,2.000000,120.000000,0.000000,0,0,0,0,0,0,0,0,0,0,0,0,0,0,0,0,0.000000,0.000000,0.000000,clear-ocean,30.000000,60.000000,0.151000,0,0,0.000000,0.000000,0,0,0,0,0,0,0,0,0,0,0,0,0,0,0,0,0,0,0,0,0,0,0,0,0,0,0,0,0,0,0.000000,0.000000,0.000000,0.000000,0.000000,0.000000,0,0,0,0.090000,0.000000,0.000000,0.000000,0.068936,0.017234,0.003830,0.000000,0.000000,0.090000,0.090000,0.000000,76.595745,19.148936,4.255319,0.000000,0.000000,0.000000,0.000000,0.000000,0.000000,0,0.000000,0,0,0,0.000000,0.000000,0.000000,0.000000,0.000000,875.000000,0.000000,0.000000
60.000000,pure-acoustic,none,hardware,1,0,0,1,priority,0.000500,180,15,hybrid,0.050000,4000.000000,6.087000,64.000000,500.000000,500.000000,2.000000,120.000000,0.000000,4,2,3,0,2,1,0,1,0,0,0,0,0,0,0,0,0.000000,0.000000,0.000000,clear-ocean,30.000000,60.000000,0.151000,17,43233,11.085385,18.475641,2,0,0,1,1,3,0,0,2,1,0,0,0,0,0,0,0,0,0,0,0,0,0,0,1,1,2,1,0,1,0.916410,0.000000,8.197485,0.000000,100.000000,50.000000,0,0,0,100.462436,0.468487,1.858154,92.735795,6.145683,1.055581,86.289685,0.000000,0.000000,93.490949,100.462436,6.971487,6.117394,1.050722,85.892487,0.000000,6.939397,7.320112,0.000000,3.709432,0.050000,1,0.000000,0,0,0,75.000000,0.129744,50.000000,4.556948,3341.866667,961.106716,-0.000000,11.852388
120.000000,pure-acoustic,none,hardware,1,0,0,1,priority,0.000500,180,15,hybrid,0.050000,4000.000000,6.087000,64.000000,500.000000,500.000000,2.000000,120.000000,0.000000,10,6,10,0,9,3,1,5,0,0,0,0,0,0,0,0,0.000000,0.000000,0.000000,clear-ocean,30.000000,60.000000,0.151000,56,142464,36.529231,30.441026,5,1,0,4,0,10,0,0,9,1,0,0,0,0,0,0,0,0,0,0,0,0,0,0,3,1,6,3,1,5,1.236119,14.758867,11.242851,0.000000,0.000000,16.666667,0,0,0,329.165846,2.069436,4.519590,311.776821,12.615622,2.667470,286.677831,0.000000,0.000000,301.960923,329.165846,27.204923,3.832604,0.810373,87.092216,0.000000,8.264807,10.778312,17.654647,2.494215,0.208333,2,0.000000,0,0,0,100.000000,3.741431,90.000000,8.297942,8363.200000,1047.213432,-0.000000,46.285720
180.000000,pure-acoustic,none,hardware,1,0,0,1,priority,0.000500,180,15,hybrid,0.050000,4000.000000,6.087000,64.000000,500.000000,500.000000,2.000000,120.000000,0.000000,12,7,12,0,12,3,2,7,0,0,0,0,0,0,0,0,0.000000,0.000000,0.000000,clear-ocean,30.000000,60.000000,0.151000,74,182706,46.847692,26.026496,7,2,0,5,0,12,0,0,12,0,0,0,0,0,0,0,0,0,0,0,0,0,0,0,3,2,7,3,2,7,1.236119,15.035708,10.504852,0.000000,0.000000,0.000000,0,0,0,426.809282,2.069436,8.882205,399.657641,17.592767,6.443051,365.883618,0.000000,0.000000,389.919436,426.809282,36.889846,4.121927,1.509585,85.725319,0.000000,8.643169,10.778312,17.348057,2.283758,0.150000,2,0.000000,0,0,0,100.000000,5.796113,100.000000,8.942812,7809.066667,1133.320148,-0.000000,100.035057
240.000000,pure-acoustic,none,hardware,1,0,0,1,priority,0.000500,180,15,hybrid,0.050000,4000.000000,6.087000,64.000000,500.000000,500.000000,2.000000,120.000000,0.000000,15,10,15,0,14,3,2,9,0,0,0,0,0,0,0,0,0.000000,0.000000,0.000000,clear-ocean,30.000000,60.000000,0.151000,92,249828,64.058462,26.691026,7,2,0,5,0,15,0,0,14,1,0,0,0,0,0,0,0,0,0,0,0,0,0,0,3,2,10,3,2,9,1.236119,15.035708,10.027699,0.000000,0.000000,10.000000,0,0,0,582.039026,2.069436,8.882205,549.487385,21.728937,7.477093,503.806123,0.000000,0.000000,533.012154,582.039026,49.026872,3.733244,1.284638,86.558822,0.000000,8.423296,10.778312,17.348057,2.442166,0.125000,2,0.000000,0,0,0,100.000000,5.796113,93.333333,8.859218,7523.466667,1219.426865,-0.000000,168.003936
300.000000,pure-acoustic,none,hardware,1,0,0,1,priority,0.000500,180,15,hybrid,0.050000,4000.000000,6.087000,64.000000,500.000000,500.000000,2.000000,120.000000,0.000000,18,11,17,0,17,3,3,11,0,0,0,0,0,0,0,0,0.000000,0.000000,0.000000,clear-ocean,30.000000,60.000000,0.151000,108,285060,73.092308,24.364103,9,2,0,6,1,17,0,0,17,0,0,0,0,0,0,0,0,0,0,0,0,0,0,0,4,3,11,3,3,11,1.236119,10.420352,9.764709,25.000000,0.000000,0.000000,0,0,0,668.364667,2.556744,10.774487,628.033436,26.774543,9.242213,574.484731,0.000000,0.000000,610.501487,668.364667,57.863179,4.005978,1.382810,85.953785,0.000000,8.657426,13.316373,14.029280,2.283758,0.106667,2,0.000000,0,0,0,94.444444,4.937273,94.444444,8.375365,7358.933333,1305.533581,-0.000000,243.747609
360.000000,pure-acoustic,none,hardware,1,0,0,1,priority,0.000500,180,15,hybrid,0.050000,4000.000000,6.087000,64.000000,500.000000,500.000000,2.000000,120.000000,0.000000,20,12,20,0,20,4,4,12,0,0,0,0,0,0,0,0,0.000000,0.000000,0.000000,clear-ocean,30.000000,60.000000,0.151000,124,311676,79.916923,22.199145,12,4,0,8,0,20,0,0,20,0,0,0,0,0,0,0,0,0,0,0,0,0,0,0,4,4,12,4,4,12,7.845380,8.199962,9.657949,0.000000,0.000000,0.000000,0,0,0,733.365513,3.851769,11.986359,685.127385,32.310739,10.358717,627.464877,0.000000,0.000000,670.134333,733.365513,63.231179,4.405817,1.412490,85.559638,0.000000,8.622055,15.045974,11.705429,2.283758,0.097222,2,0.000000,0,0,0,100.000000,7.080484,100.000000,9.003838,6695.111111,1391.640297,-0.000000,320.084127
420.000000,pure-acoustic,none,hardware,1,0,0,1,priority,0.000500,180,15,hybrid,0.050000,4000.000000,6.087000,64.000000,500.000000,500.000000,2.000000,120.000000,0.000000,22,14,22,0,22,4,4,14,0,0,0,0,0,0,0,0,0.000000,0.000000,0.000000,clear-ocean,30.000000,60.000000,0.151000,138,362250,92.884615,22.115385,12,4,0,8,0,22,0,0,22,0,0,0,0,0,0,0,0,0,0,0,0,0,0,0,4,4,14,4,4,14,7.845380,8.199962,9.466406,0.000000,0.000000,0.000000,0,0,0,852.953410,3.851769,11.986359,799.315282,36.446909,11.392759,731.442767,0.000000,0.000000,779.282436,852.953410,73.670974,4.273025,1.335684,85.754129,0.000000,8.637163,15.045974,11.705429,2.283758,0.088095,2,0.000000,0,0,0,100.000000,7.080484,100.000000,8.941412,6691.047619,1477.747013,-0.000000,389.775332
480.000000,pure-acoustic,none,hardware,1,0,0,1,priority,0.000500,180,15,hybrid,0.050000,4000.000000,6.087000,64.000000,500.000000,500.000000,2.000000,120.000000,0.000000,27,17,27,0,27,5,5,17,0,0,0,0,0,0,0,0,0.000000,0.000000,0.000000,clear-ocean,30.000000,60.000000,0.151000,169,440121,112.851538,23.510737,15,5,0,10,0,27,0,0,27,0,0,0,0,0,0,0,0,0,0,0,0,0,0,0,5,5,17,5,5,17,9.038606,8.436392,9.788330,0.000000,0.000000,0.000000,0,0,0,1033.397359,4.952436,14.647795,970.597128,42.743951,12.983110,888.191529,0.000000,0.000000,943.918590,1033.397359,89.478769,4.136255,1.256352,85.948693,0.000000,8.658699,15.476362,11.443590,2.283758,0.118750,2,0.000000,0,0,0,100.000000,7.057658,100.000000,9.399133,7110.000000,1563.853729,-0.000000,446.213164
540.000000,pure-acoustic,none,hardware,1,0,0,1,priority,0.000500,180,15,hybrid,0.050000,4000.000000,6.087000,64.000000,500.000000,500.000000,2.000000,120.000000,0.000000,27,17,27,0,27,5,5,17,0,0,0,0,0,0,0,0,0.000000,0.000000,0.000000,clear-ocean,30.000000,60.000000,0.151000,169,440121,112.851538,20.898433,15,5,0,10,0,27,0,0,27,0,0,0,0,0,0,0,0,0,0,0,0,0,0,0,5,5,17,5,5,17,9.038606,8.436392,9.788330,0.000000,0.000000,0.000000,0,0,0,1038.797359,4.952436,14.647795,970.597128,46.880122,14.017152,888.421316,0.000000,0.000000,949.318590,1038.797359,89.478769,4.512923,1.349363,85.524025,0.000000,8.613689,15.476362,11.443590,2.283758,0.105556,2,0.000000,0,0,0,100.000000,7.057658,100.000000,9.399133,6320.000000,1649.960445,-0.000000,484.046240
600.000000,pure-acoustic,none,hardware,1,0,0,1,priority,0.000500,180,15,hybrid,0.050000,4000.000000,6.087000,64.000000,500.000000,500.000000,2.000000,120.000000,0.000000,30,20,30,0,29,5,5,19,0,0,0,0,0,0,0,0,0.000000,0.000000,0.000000,clear-ocean,30.000000,60.000000,0.151000,188,511380,131.123077,21.853846,15,5,0,10,0,30,0,0,29,1,0,0,0,0,0,0,0,0,0,0,0,0,0,0,5,5,20,5,5,19,9.038606,8.436392,9.609327,0.000000,0.000000,5.000000,0,0,0,1203.361872,4.952436,14.647795,1129.761641,51.016292,15.051195,1034.829975,0.000000,0.000000,1100.897462,1203.361872,102.464410,4.239480,1.250762,85.994911,0.000000,8.514846,15.476362,11.443590,2.378446,0.110000,2,0.000000,0,0,0,100.000000,7.057658,96.666667,9.308697,6354.666667,1736.067161,-0.000000,499.687261
660.000000,pure-acoustic,none,hardware,1,0,0,1,priority,0.000500,180,15,hybrid,0.050000,4000.000000,6.087000,64.000000,500.000000,500.000000,2.000000,120.000000,0.000000,31,21,31,0,31,5,5,21,0,0,0,0,0,0,0,0,0.000000,0.000000,0.000000,clear-ocean,30.000000,60.000000,0.151000,197,541269,138.786923,21.028322,15,5,0,10,0,31,0,0,31,0,0,0,0,0,0,0,0,0,0,0,0,0,0,0,5,5,21,5,5,21,9.038606,8.436392,9.789695,0.000000,0.000000,0.000000,0,0,0,1277.973154,4.952436,14.647795,1198.972923,55.152462,16.085237,1096.377095,0.000000,0.000000,1167.614795,1277.973154,110.358359,4.315620,1.258652,85.790307,0.000000,8.635421,15.476362,11.443590,2.283758,0.101515,2,0.000000,0,0,0,100.000000,7.057658,100.000000,9.450277,6383.030303,1822.173878,0.000000,491.653159
720.000000,pure-acoustic,none,hardware,1,0,0,1,priority,0.000500,180,15,hybrid,0.050000,4000.000000,6.087000,64.000000,500.000000,500.000000,2.000000,120.000000,0.000000,33,22,33,0,33,5,6,22,0,0,0,0,0,0,0,0,0.000000,0.000000,0.000000,clear-ocean,30.000000,60.000000,0.151000,210,568338,145.727692,20.239957,16,5,0,11,0,33,0,0,33,0,0,0,0,0,0,0,0,0,0,0,0,0,0,0,5,6,22,5,6,22,9.038606,7.495363,9.725745,0.000000,0.000000,0.000000,0,0,0,1343.839718,4.952436,18.020410,1256.066872,61.150068,17.850357,1149.167293,0.000000,0.000000,1228.167718,1343.839718,115.672000,4.550399,1.328310,85.513717,0.000000,8.607574,15.476362,11.732038,2.283758,0.095833,2,0.000000,0,0,0,100.000000,6.536752,100.000000,9.216109,6131.733333,1908.280594,0.000000,460.705721
780.000000,pure-acoustic,none,hardware,1,0,0,1,priority,0.000500,180,15,hybrid,0.050000,4000.000000,6.087000,64.000000,500.000000,500.000000,2.000000,120.000000,0.000000,36,24,36,0,36,5,7,24,0,0,0,0,0,0,0,0,0.000000,0.000000,0.000000,clear-ocean,30.000000,60.000000,0.151000,227,619803,158.923846,20.374852,17,5,0,12,0,36,0,0,36,0,0,0,0,0,0,0,0,0,0,0,0,0,0,0,5,7,24,5,7,24,9.038606,6.636880,9.589059,0.000000,0.000000,0.000000,0,0,0,1465.319897,4.952436,19.912692,1370.254769,65.708367,19.615476,1253.790516,0.000000,0.000000,1339.114359,1465.319897,126.205538,4.484234,1.338648,85.564287,0.000000,8.612832,15.476362,11.111993,2.283758,0.092308,2,0.000000,0,0,0,100.000000,6.045613,100.000000,8.938572,6175.507692,1994.387310,0.000000,409.779355
840.000000,pure-acoustic,none,hardware,1,0,0,1,priority,0.000500,180,15,hybrid,0.050000,4000.000000,6.087000,64.000000,500.000000,500.000000,2.000000,120.000000,0.000000,38,24,38,0,38,5,9,24,0,0,0,0,0,0,0,0,0.000000,0.000000,0.000000,clear-ocean,30.000000,60.000000,0.151000,236,622476,159.609231,19.001099,19,5,0,14,0,38,0,0,38,0,0,0,0,0,0,0,0,0,0,0,0,0,0,0,5,9,24,5,9,24,9.038606,5.684809,9.589059,0.000000,0.000000,0.000000,0,0,0,1475.552744,4.952436,24.745538,1370.254769,73.087639,20.771365,1255.300714,0.000000,0.000000,1349.159718,1475.552744,126.393026,4.953238,1.407701,85.073253,0.000000,8.565809,15.476362,10.740251,2.283758,0.089286,2,0.000000,0,0,0,100.000000,5.296056,100.000000,8.591940,5739.276190,2080.494026,0.000000,343.702853
900.000000,pure-acoustic,none,hardware,1,0,0,1,priority,0.000500,180,15,hybrid,0.050000,4000.000000,6.087000,64.000000,500.000000,500.000000,2.000000,120.000000,0.000000,40,26,40,0,40,5,9,26,0,0,0,0,0,0,0,0,0.000000,0.000000,0.000000,clear-ocean,30.000000,60.000000,0.151000,250,673050,172.576923,19.175214,19,5,0,14,0,40,0,0,40,0,0,0,0,0,0,0,0,0,0,0,0,0,0,0,5,9,26,5,9,26,9.038606,5.684809,9.485486,0.000000,0.000000,0.000000,0,0,0,1595.140641,4.952436,24.745538,1484.442667,77.223810,21.805408,1359.278603,0.000000,0.000000,1458.307821,1595.140641,136.832821,4.841191,1.366990,85.213715,0.000000,8.578104,15.476362,10.740251,2.283758,0.085556,2,0.000000,0,0,0,100.000000,5.296056,100.000000,8.574474,5801.102222,2166.600742,0.000000,268.741531
960.000000,pure-acoustic,none,hardware,1,0,0,1,priority,0.000500,180,15,hybrid,0.050000,4000.000000,6.087000,64.000000,500.000000,500.000000,2.000000,120.000000,0.000000,42,28,42,0,42,5,9,28,0,0,0,0,0,0,0,0,0.000000,0.000000,0.000000,clear-ocean,30.000000,60.000000,0.151000,264,723624,185.544615,19.327564,19,5,0,14,0,42,0,0,42,0,0,0,0,0,0,0,0,0,0,0,0,0,0,0,5,9,28,5,9,28,9.038606,5.684809,9.398366,0.000000,0.000000,0.000000,0,0,0,1714.728538,4.952436,24.745538,1598.630564,81.359980,22.839450,1463.256493,0.000000,0.000000,1567.455923,1714.728538,147.272615,4.744773,1.331957,85.334586,0.000000,8.588684,15.476362,10.740251,2.283758,0.082292,2,0.000000,0,0,0,100.000000,5.296056,100.000000,8.559775,5855.200000,2252.707458,0.000000,192.003154
1020.000000,pure-acoustic,none,hardware,1,0,0,1,priority,0.000500,180,15,hybrid,0.050000,4000.000000,6.087000,64.000000,500.000000,500.000000,2.000000,120.000000,0.000000,44,29,43,0,43,5,9,29,0,0,0,0,0,0,0,0,0.000000,0.000000,0.000000,clear-ocean,30.000000,60.000000,0.151000,275,749331,192.136154,18.836878,20,5,0,14,1,43,0,0,43,0,0,0,0,0,0,0,0,0,0,0,0,0,0,0,6,9,29,5,9,29,9.038606,5.684809,9.371926,16.666667,0.000000,0.000000,0,0,0,1777.879410,5.609359,24.745538,1655.724513,86.153073,23.873493,1515.360332,0.000000,0.000000,1625.386897,1777.879410,152.492513,4.845833,1.342807,85.234146,0.000000,8.577214,17.529247,10.740251,2.283758,0.078431,2,0.000000,0,0,0,97.727273,5.296056,97.727273,8.561446,5706.854902,2338.814174,0.000000,120.763985
1080.000000,pure-acoustic,none,hardware,1,0,0,1,priority,0.000500,180,15,hybrid,0.050000,4000.000000,6.087000,64.000000,500.000000,500.000000,2.000000,120.000000,0.000000,48,33,48,0,48,6,9,33,0,0,0,0,0,0,0,0,0.000000,0.000000,0.000000,clear-ocean,30.000000,60.000000,0.151000,304,850584,218.098462,20.194302,20,5,0,15,0,48,0,0,48,0,0,0,0,0,0,0,0,0,0,0,0,0,0,0,6,9,33,6,9,33,7.845328,5.684809,9.520899,0.000000,0.000000,0.000000,0,0,0,2011.985872,5.940026,24.745538,1884.100308,90.292525,24.929074,1723.337811,0.000000,0.000000,1838.559410,2011.985872,173.426462,4.487732,1.239028,85.653574,0.000000,8.619666,15.468817,10.740251,2.283758,0.087037,2,0.000000,0,0,0,100.000000,4.977584,100.000000,8.592185,6131.022222,2424.920891,0.000000,61.778860
1140.000000,pure-acoustic,none,hardware,1,0,0,1,priority,0.000500,180,15,hybrid,0.050000,4000.000000,6.087000,64.000000,500.000000,500.000000,2.000000,120.000000,0.000000,49,34,49,0,49,6,9,34,0,0,0,0,0,0,0,0,0.000000,0.000000,0.000000,clear-ocean,30.000000,60.000000,0.151000,311,875871,224.582308,19.700202,20,5,0,15,0,49,0,0,49,0,0,0,0,0,0,0,0,0,0,0,0,0,0,0,6,9,34,6,9,34,7.845328,5.684809,9.484640,0.000000,0.000000,0.000000,0,0,0,2074.479821,5.940026,24.745538,1941.194256,94.428696,25.963116,1775.441650,0.000000,0.000000,1895.833462,2074.479821,178.646359,4.551922,1.251548,85.584908,0.000000,8.611622,15.468817,10.740251,2.283758,0.083333,2,0.000000,0,0,0,100.000000,4.977584,100.000000,8.585980,5983.775439,2511.027607,0.000000,20.640695
1200.000000,pure-acoustic,none,hardware,1,0,0,1,priority,0.000500,180,15,hybrid,0.050000,4000.000000,6.087000,64.000000,500.000000,500.000000,2.000000,120.000000,0.000000,52,34,52,0,52,6,12,34,0,0,0,0,0,0,0,0,0.000000,0.000000,0.000000,clear-ocean,30.000000,60.000000,0.151000,325,880029,225.648462,18.804038,23,5,0,18,0,52,0,0,52,0,0,0,0,0,0,0,0,0,0,0,0,0,0,0,6,12,34,6,12,34,7.845328,4.912993,9.484640,0.000000,0.000000,0.000000,0,0,0,2088.649744,5.940026,33.515462,1941.194256,100.790789,31.200851,1777.730514,0.000000,0.000000,1909.722154,2088.649744,178.927590,4.825643,1.493829,85.113865,0.000000,8.566663,15.468817,10.909981,2.283758,0.081667,2,0.000000,0,0,0,100.000000,4.349668,100.000000,8.240493,5689.706667,2597.134323,0.000000,1.250174
1260.000000,pure-acoustic,none,hardware,1,0,0,1,priority,0.000500,180,15,hybrid,0.050000,4000.000000,6.087000,64.000000,500.000000,500.000000,2.000000,120.000000,0.000000,54,36,54,0,52,6,12,34,0,0,0,0,0,0,0,0,0.000000,0.000000,0.000000,clear-ocean,30.000000,60.000000,0.151000,326,884166,226.709231,17.992796,23,5,0,18,0,53,0,0,52,1,0,0,0,0,0,0,0,0,0,0,0,0,0,0,6,12,36,6,12,34,7.845328,4.912993,9.484640,0.000000,0.000000,5.555556,0,0,0,2102.535897,5.940026,33.515462,1949.680410,104.926959,32.234894,1786.446455,0.000000,0.000000,1923.608308,2102.535897,178.927590,4.990495,1.533144,84.966276,0.000000,8.510085,15.468817,10.909981,2.293742,0.078571,2,0.000000,0,1,0,100.000000,4.349668,96.296296,8.240493,5418.768254,2683.241039,-0.000000,5.445889
1320.000000,pure-acoustic,none,hardware,1,0,0,1,priority,0.000500,180,15,hybrid,0.050000,4000.000000,6.087000,64.000000,500.000000,500.000000,2.000000,120.000000,0.000000,58,38,58,0,58,7,13,38,0,0,0,0,0,0,0,0,0.000000,0.000000,0.000000,clear-ocean,30.000000,60.000000,0.151000,362,982890,252.023077,19.092657,25,5,0,20,0,58,0,0,58,0,0,0,0,0,0,0,0,0,0,0,0,0,0,0,7,13,38,7,13,38,6.858844,4.678578,9.780389,0.000000,0.000000,0.000000,0,0,0,2330.984538,6.927615,35.686872,2169.570051,111.105001,33.351398,1986.572858,0.000000,0.000000,2131.029256,2330.984538,199.955282,4.766441,1.430786,85.224626,0.000000,8.578147,15.463427,10.723219,2.283758,0.090909,2,0.000000,0,0,0,100.000000,3.974880,100.000000,8.284279,5780.460606,2769.347755,-0.000000,32.830006
1380.000000,pure-acoustic,none,hardware,1,0,0,1,priority,0.000500,180,15,hybrid,0.050000,4000.000000,6.087000,64.000000,500.000000,500.000000,2.000000,120.000000,0.000000,65,40,65,0,64,9,15,40,0,0,0,0,0,0,0,0,0.000000,0.000000,0.000000,clear-ocean,30.000000,60.000000,0.151000,393,1037169,265.940769,19.271070,30,5,0,25,0,64,0,0,64,0,0,0,0,0,0,0,0,0,0,0,0,0,0,0,9,16,40,9,15,40,5.556014,4.330804,9.746333,0.000000,6.250000,0.000000,0,0,0,2457.557359,8.373436,41.225974,2283.757949,119.238197,35.281440,2092.346440,0.000000,0.000000,2246.866077,2457.557359,210.691282,4.851899,1.435630,85.139272,0.000000,8.573199,14.537215,10.735931,2.283758,0.092029,2,0.000000,0,1,0,100.000000,3.286345,98.461538,7.887805,5822.701449,2855.454471,-0.000000,80.805987
1440.000000,pure-acoustic,none,hardware,1,0,0,1,priority,0.000500,180,15,hybrid,0.050000,4000.000000,6.087000,64.000000,500.000000,500.000000,2.000000,120.000000,0.000000,68,42,68,0,68,9,17,42,0,0,0,0,0,0,0,0,0.000000,0.000000,0.000000,clear-ocean,30.000000,60.000000,0.151000,414,1089822,279.441538,19.405662,31,5,0,26,0,68,0,0,68,0,0,0,0,0,0,0,0,0,0,0,0,0,0,0,9,17,42,9,17,42,5.556014,4.057417,9.678038,0.000000,0.000000,0.000000,0,0,0,2581.224128,8.373436,45.304846,2397.945846,125.235803,37.046560,2197.623201,0.000000,0.000000,2359.905564,2581.224128,221.318564,4.851799,1.435232,85.138798,0.000000,8.574171,14.537215,10.410121,2.283758,0.090972,2,0.000000,0,0,0,100.000000,3.211013,100.000000,7.727321,5860.711111,2941.561187,-0.000000,144.824794
1500.000000,pure-acoustic,none,hardware,1,0,0,1,priority,0.000500,180,15,hybrid,0.050000,4000.000000,6.087000,64.000000,500.000000,500.000000,2.000000,120.000000,0.000000,71,45,71,0,71,9,17,45,0,0,0,0,0,0,0,0,0.000000,0.000000,0.000000,clear-ocean,30.000000,60.000000,0.151000,435,1165683,298.893077,19.926205,31,5,0,26,0,71,0,0,71,0,0,0,0,0,0,0,0,0,0,0,0,0,0,0,9,17,45,9,17,45,5.556014,4.057417,9.715108,0.000000,0.000000,0.000000,0,0,0,2757.905974,8.373436,45.304846,2569.227692,129.371973,38.080602,2353.475142,0.000000,0.000000,2520.927718,2757.905974,236.978256,4.690949,1.380780,85.335583,0.000000,8.592688,14.537215,10.410121,2.283758,0.092667,2,0.000000,0,0,0,100.000000,3.211013,100.000000,7.833240,6026.282667,3027.667904,-0.000000,218.816219
1560.000000,pure-acoustic,none,hardware,1,0,0,1,priority,0.000500,180,15,hybrid,0.050000,4000.000000,6.087000,64.000000,500.000000,500.000000,2.000000,120.000000,0.000000,72,46,72,0,71,9,17,45,0,0,0,0,0,0,0,0,0.000000,0.000000,0.000000,clear-ocean,30.000000,60.000000,0.151000,437,1173957,301.014615,19.295809,31,5,0,26,0,72,0,0,71,1,0,0,0,0,0,0,0,0,0,0,0,0,0,0,9,17,46,9,17,45,5.556014,4.057417,9.715108,0.000000,0.000000,2.173913,0,0,0,2780.278282,8.373436,45.304846,2586.200000,133.508143,39.114645,2370.677237,0.000000,0.000000,2543.300026,2780.278282,236.978256,4.801971,1.406861,85.267624,0.000000,8.523544,14.537215,10.410121,2.298844,0.089744,2,0.000000,0,0,0,100.000000,3.211013,98.611111,7.833240,5794.502564,3113.774620,-0.000000,295.764462
1620.000000,pure-acoustic,none,hardware,1,0,0,1,priority,0.000500,180,15,hybrid,0.050000,4000.000000,6.087000,64.000000,500.000000,500.000000,2.000000,120.000000,0.000000,73,46,73,0,73,9,18,46,0,0,0,0,0,0,0,0,0.000000,0.000000,0.000000,clear-ocean,30.000000,60.000000,0.151000,448,1192752,305.833846,18.878632,32,5,0,27,0,73,0,0,73,0,0,0,0,0,0,0,0,0,0,0,0,0,0,0,9,18,46,9,18,46,5.556014,3.977419,9.677553,0.000000,0.000000,0.000000,0,0,0,2829.172538,8.373436,48.677462,2626.321641,139.505750,40.879764,2406.495127,0.000000,0.000000,2586.880641,2829.172538,242.291897,4.930974,1.444937,85.060034,0.000000,8.564055,14.537215,10.563685,2.283758,0.087037,2,0.000000,0,0,0,100.000000,3.141260,100.000000,7.763905,5704.612346,3199.881336,-0.000000,368.373360
1680.000000,pure-acoustic,none,hardware,1,0,0,1,priority,0.000500,180,15,hybrid,0.050000,4000.000000,6.087000,64.000000,500.000000,500.000000,2.000000,120.000000,0.000000,76,47,76,0,76,9,20,47,0,0,0,0,0,0,0,0,0.000000,0.000000,0.000000,clear-ocean,30.000000,60.000000,0.151000,464,1220712,313.003077,18.631136,34,5,0,29,0,76,0,0,76,0,0,0,0,0,0,0,0,0,0,0,0,0,0,0,9,20,47,9,20,47,5.556014,3.796058,9.671783,0.000000,0.000000,0.000000,0,0,0,2896.931385,8.373436,53.942359,2683.415590,145.925484,43.375961,2459.930658,0.000000,0.000000,2649.232103,2896.931385,247.699282,5.037243,1.497307,84.915047,0.000000,8.550402,14.537215,10.535617,2.283758,0.086310,2,0.000000,0,0,0,100.000000,2.992579,100.000000,7.638146,5622.361905,3285.988052,-0.000000,429.758202
1740.000000,pure-acoustic,none,hardware,1,0,0,1,priority,0.000500,180,15,hybrid,0.050000,4000.000000,6.087000,64.000000,500.000000,500.000000,2.000000,120.000000,0.000000,79,49,79,0,79,9,21,49,0,0,0,0,0,0,0,0,0.000000,0.000000,0.000000,clear-ocean,30.000000,60.000000,0.151000,481,1272177,326.199231,18.747082,35,5,0,30,0,79,0,0,79,0,0,0,0,0,0,0,0,0,0,0,0,0,0,0,9,21,49,9,21,49,5.556014,3.687600,9.657543,0.000000,0.000000,0.000000,0,0,0,3018.210923,8.373436,55.634000,2797.603487,150.963552,44.470926,2564.543625,0.000000,0.000000,2759.978103,3018.210923,258.232821,5.001756,1.473420,84.969000,0.000000,8.555824,14.537215,10.348586,2.283758,0.086207,2,0.000000,0,0,0,100.000000,2.908040,100.000000,7.603334,5659.549425,3372.094768,-0.000000,474.098532
1800.000000,pure-acoustic,none,hardware,1,0,0,1,priority,0.000500,180,15,hybrid,0.050000,4000.000000,6.087000,64.000000,500.000000,500.000000,2.000000,120.000000,0.000000,81,51,81,0,81,9,21,51,0,0,0,0,0,0,0,0,0.000000,0.000000,0.000000,clear-ocean,30.000000,60.000000,0.151000,495,1322751,339.166923,18.842607,35,5,0,30,0,81,0,0,81,0,0,0,0,0,0,0,0,0,0,0,0,0,0,0,9,21,51,9,21,51,5.556014,3.687600,9.734070,0.000000,0.000000,0.000000,0,0,0,3137.798821,8.373436,55.634000,2911.791385,155.099722,45.504969,2668.521514,0.000000,0.000000,2869.126205,3137.798821,268.672615,4.942947,1.450219,85.044379,0.000000,8.562455,14.537215,10.348586,2.283758,0.087778,2,0.000000,0,0,0,100.000000,2.908040,100.000000,7.702238,5693.120000,3458.201484,-0.000000,497.190040
1860.000000,pure-acoustic,none,hardware,1,0,0,1,priority,0.000500,180,15,hybrid,0.050000,4000.000000,6.087000,64.000000,500.000000,500.000000,2.000000,120.000000,0.000000,85,54,85,0,85,9,22,54,0,0,0,0,0,0,0,0,0.000000,0.000000,0.000000,clear-ocean,30.000000,60.000000,0.151000,519,1399503,358.846923,19.292845,36,5,0,31,0,85,0,0,85,0,0,0,0,0,0,0,0,0,0,0,0,0,0,0,9,22,54,9,22,54,5.556014,3.600731,10.030509,0.000000,0.000000,0.000000,0,0,0,3316.172308,8.373436,57.325641,3083.073231,160.137789,46.599935,2825.008532,0.000000,0.000000,3031.746256,3316.172308,284.426051,4.828995,1.405233,85.188834,0.000000,8.576938,14.537215,10.178558,2.283758,0.097849,2,0.000000,0,0,0,100.000000,2.828955,100.000000,7.892561,5833.152688,3544.308200,0.000000,496.843209
1920.000000,pure-acoustic,none,hardware,1,0,0,1,priority,0.000500,180,15,hybrid,0.050000,4000.000000,6.087000,64.000000,500.000000,500.000000,2.000000,120.000000,0.000000,85,54,85,0,85,9,22,54,0,0,0,0,0,0,0,0,0.000000,0.000000,0.000000,clear-ocean,30.000000,60.000000,0.151000,519,1399503,358.846923,18.689944,36,5,0,31,0,85,0,0,85,0,0,0,0,0,0,0,0,0,0,0,0,0,0,0,9,22,54,9,22,54,5.556014,3.600731,10.030509,0.000000,0.000000,0.000000,0,0,0,3321.572308,8.373436,57.325641,3083.073231,164.273960,47.633977,2825.238320,0.000000,0.000000,3037.146256,3321.572308,284.426051,4.945669,1.434079,85.057258,0.000000,8.562994,14.537215,10.178558,2.283758,0.094792,2,0.000000,0,0,0,100.000000,2.828955,100.000000,7.892561,5650.866667,3630.414917,0.000000,473.090927
1980.000000,pure-acoustic,none,hardware,1,0,0,1,priority,0.000500,180,15,hybrid,0.050000,4000.000000,6.087000,64.000000,500.000000,500.000000,2.000000,120.000000,0.000000,87,56,87,0,87,9,22,56,0,0,0,0,0,0,0,0,0.000000,0.000000,0.000000,clear-ocean,30.000000,60.000000,0.151000,533,1450077,371.814615,18.778516,36,5,0,31,0,87,0,0,87,0,0,0,0,0,0,0,0,0,0,0,0,0,0,0,9,22,56,9,22,56,5.556014,3.600731,9.973058,0.000000,0.000000,0.000000,0,0,0,3441.160205,8.373436,57.325641,3197.261128,168.410130,48.668020,2929.216209,0.000000,0.000000,3146.294359,3441.160205,294.865846,4.893993,1.414291,85.122925,0.000000,8.568792,14.537215,10.178558,2.283758,0.092929,2,0.000000,0,0,0,100.000000,2.828955,100.000000,7.904729,5681.648485,3716.521633,0.000000,428.185362
2040.000000,pure-acoustic,none,hardware,1,0,0,1,priority,0.000500,180,15,hybrid,0.050000,4000.000000,6.087000,64.000000,500.000000,500.000000,2.000000,120.000000,0.000000,88,57,88,0,88,9,22,57,0,0,0,0,0,0,0,0,0.000000,0.000000,0.000000,clear-ocean,30.000000,60.000000,0.151000,540,1475364,378.298462,18.544042,36,5,0,31,0,88,0,0,88,0,0,0,0,0,0,0,0,0,0,0,0,0,0,0,9,22,57,9,22,57,5.556014,3.600731,9.947430,0.000000,0.000000,0.000000,0,0,0,3503.654154,8.373436,57.325641,3254.355077,172.546300,49.702062,2981.320048,0.000000,0.000000,3203.568410,3503.654154,300.085744,4.924753,1.418578,85.091733,0.000000,8.564936,14.537215,10.178558,2.283758,0.090686,2,0.000000,0,0,0,100.000000,2.828955,100.000000,7.911633,5612.580392,3802.628349,0.000000,366.384420
2100.000000,pure-acoustic,none,hardware,1,0,0,1,priority,0.000500,180,15,hybrid,0.050000,4000.000000,6.087000,64.000000,500.000000,500.000000,2.000000,120.000000,0.000000,91,60,91,0,90,9,22,59,0,0,0,0,0,0,0,0,0.000000,0.000000,0.000000,clear-ocean,30.000000,60.000000,0.151000,554,1525938,391.266154,18.631722,36,5,0,31,0,90,0,0,90,0,0,0,0,0,0,0,0,0,0,0,0,0,0,0,9,22,60,9,22,59,5.556014,3.600731,9.887488,0.000000,0.000000,1.666667,0,0,0,3623.242051,8.373436,57.325641,3368.542974,176.682470,50.736105,3085.297938,0.000000,0.000000,3312.716513,3623.242051,310.525538,4.876364,1.400296,85.152962,0.000000,8.570378,14.537215,10.178558,2.283758,0.089048,2,0.000000,0,1,0,100.000000,2.828955,98.901099,7.917578,5642.697143,3888.735065,0.000000,293.548012
2160.000000,pure-acoustic,none,hardware,1,0,0,1,priority,0.000500,180,15,hybrid,0.050000,4000.000000,6.087000,64.000000,500.000000,500.000000,2.000000,120.000000,0.000000,93,61,93,0,93,9,23,61,0,0,0,0,0,0,0,0,0.000000,0.000000,0.000000,clear-ocean,30.000000,60.000000,0.151000,572,1577700,404.538462,18.728632,37,5,0,32,0,93,0,0,93,0,0,0,0,0,0,0,0,0,0,0,0,0,0,0,9,23,61,9,23,61,5.556014,3.553589,9.834088,0.000000,0.000000,0.000000,0,0,0,3745.433410,8.373436,59.929103,3482.730872,181.240769,53.171378,3189.962187,0.000000,0.000000,3424.374333,3745.433410,321.059077,4.838980,1.419632,85.169374,0.000000,8.572014,14.537215,10.178176,2.283758,0.087963,2,0.000000,0,0,0,100.000000,2.773611,100.000000,7.866839,5672.088889,3974.841781,0.000000,216.582421
2220.000000,pure-acoustic,none,hardware,1,0,0,1,priority,0.000500,180,15,hybrid,0.050000,4000.000000,6.087000,64.000000,500.000000,500.000000,2.000000,120.000000,0.000000,96,62,96,0,96,9,25,62,0,0,0,0,0,0,0,0,0.000000,0.000000,0.000000,clear-ocean,30.000000,60.000000,0.151000,588,1605660,411.707692,18.545392,39,5,0,34,0,96,0,0,96,0,0,0,0,0,0,0,0,0,0,0,0,0,0,0,9,25,62,9,25,62,5.556014,3.407785,9.815316,0.000000,0.000000,0.000000,0,0,0,3813.192256,8.373436,65.194000,3539.824821,187.660503,55.667574,3243.397717,0.000000,0.000000,3486.725795,3813.192256,326.466462,4.921349,1.459868,85.057283,0.000000,8.561500,14.537215,10.186562,2.283758,0.086937,2,0.000000,0,0,0,100.000000,2.668421,100.000000,7.747379,5610.724324,4060.948497,0.000000,142.785454
2280.000000,pure-acoustic,none,hardware,1,0,0,1,priority,0.000500,180,15,hybrid,0.050000,4000.000000,6.087000,64.000000,500.000000,500.000000,2.000000,120.000000,0.000000,97,63,97,0,97,9,25,63,0,0,0,0,0,0,0,0,0.000000,0.000000,0.000000,clear-ocean,30.000000,60.000000,0.151000,595,1630947,418.191538,18.341734,39,5,0,34,0,97,0,0,97,0,0,0,0,0,0,0,0,0,0,0,0,0,0,0,9,25,63,9,25,63,5.556014,3.407785,9.790715,0.000000,0.000000,0.000000,0,0,0,3875.686205,8.373436,65.194000,3596.918769,191.796673,56.701617,3295.501556,0.000000,0.000000,3543.999846,3875.686205,331.686359,4.948715,1.463008,85.030144,0.000000,8.558132,14.537215,10.186562,2.283758,0.085088,2,0.000000,0,0,0,100.000000,2.668421,100.000000,7.752720,5550.792982,4147.055213,0.000000,79.154475
2340.000000,pure-acoustic,none,hardware,1,0,0,1,priority,0.000500,180,15,hybrid,0.050000,4000.000000,6.087000,64.000000,500.000000,500.000000,2.000000,120.000000,0.000000,100,65,100,0,100,9,26,65,0,0,0,0,0,0,0,0,0.000000,0.000000,0.000000,clear-ocean,30.000000,60.000000,0.151000,613,1682709,431.463846,18.438626,40,5,0,35,0,100,0,0,100,0,0,0,0,0,0,0,0,0,0,0,0,0,0,0,9,26,65,9,26,65,5.556014,3.328055,9.746649,0.000000,0.000000,0.000000,0,0,0,3997.445513,8.373436,67.365410,3711.106667,197.314510,57.796583,3400.114523,0.000000,0.000000,3655.225615,3997.445513,342.219897,4.936015,1.445838,85.057182,0.000000,8.560965,14.537215,10.121005,2.283758,0.084188,2,0.000000,0,0,0,100.000000,2.611741,100.000000,7.700657,5580.280342,4233.161930,0.000000,31.722915
2400.000000,pure-acoustic,none,hardware,1,0,0,1,priority,0.000500,180,15,hybrid,0.050000,4000.000000,6.087000,64.000000,500.000000,500.000000,2.000000,120.000000,0.000000,106,70,106,0,104,9,27,68,0,0,0,0,0,0,0,0,0.000000,0.000000,0.000000,clear-ocean,30.000000,60.000000,0.151000,646,1785342,457.780000,19.074167,41,5,0,36,0,105,0,0,104,1,0,0,0,0,0,0,0,0,0,0,0,0,0,0,9,27,70,9,27,68,5.556014,3.293969,9.786573,0.000000,0.000000,2.857143,0,0,0,4232.902641,8.373436,70.026846,3938.502359,203.312116,58.891548,3608.482566,0.000000,0.000000,3870.686231,4232.902641,362.216410,4.803137,1.391280,85.248419,0.000000,8.557164,14.537215,10.131199,2.316766,0.087917,2,0.000000,0,1,0,100.000000,2.564549,98.113208,7.734887,5691.626667,4319.268646,0.000000,4.988194
2460.000000,pure-acoustic,none,hardware,1,0,0,1,priority,0.000500,180,15,hybrid,0.050000,4000.000000,6.087000,64.000000,500.000000,500.000000,2.000000,120.000000,0.000000,108,71,108,0,108,10,27,71,0,0,0,0,0,0,0,0,0.000000,0.000000,0.000000,clear-ocean,30.000000,60.000000,0.151000,666,1836546,470.909231,19.142652,42,5,0,37,0,108,0,0,108,0,0,0,0,0,0,0,0,0,0,0,0,0,0,0,10,27,71,10,27,71,5.216868,3.293969,9.751125,0.000000,0.000000,0.000000,0,0,0,4354.736179,9.638974,70.026846,4053.670359,208.108492,60.184052,3712.756251,0.000000,0.000000,3981.048795,4354.736179,373.687385,4.778900,1.382037,85.257892,0.000000,8.581172,15.060897,10.131199,2.283758,0.087398,2,0.000000,0,0,0,100.000000,2.517815,100.000000,7.716998,5796.917073,4405.375362,-0.000000,1.485272
2520.000000,pure-acoustic,none,hardware,1,0,0,1,priority,0.000500,180,15,hybrid,0.050000,4000.000000,6.087000,64.000000,500.000000,500.000000,2.000000,120.000000,0.000000,111,74,111,0,111,10,27,74,0,0,0,0,0,0,0,0,0.000000,0.000000,0.000000,clear-ocean,30.000000,60.000000,0.151000,687,1912407,490.360769,19.458761,42,5,0,37,0,111,0,0,111,0,0,0,0,0,0,0,0,0,0,0,0,0,0,0,10,27,74,10,27,74,5.216868,3.293969,9.747407,0.000000,0.000000,0.000000,0,0,0,4531.418026,9.638974,70.026846,4224.952205,212.244662,61.218095,3868.608192,0.000000,0.000000,4142.070949,4531.418026,389.347077,4.683846,1.350970,85.373015,0.000000,8.592169,15.060897,10.131199,2.283758,0.088095,2,0.000000,0,0,0,100.000000,2.517815,100.000000,7.769495,5896.990476,4491.482078,-0.000000,21.546295
2580.000000,pure-acoustic,none,hardware,1,0,0,1,priority,0.000500,180,15,hybrid,0.050000,4000.000000,6.087000,64.000000,500.000000,500.000000,2.000000,120.000000,0.000000,112,75,112,0,111,10,27,74,0,0,0,0,0,0,0,0,0.000000,0.000000,0.000000,clear-ocean,30.000000,60.000000,0.151000,692,1933092,495.664615,19.211807,42,5,0,37,0,112,0,0,111,1,0,0,0,0,0,0,0,0,0,0,0,0,0,0,10,27,75,10,27,74,5.216868,3.293969,9.747407,0.000000,0.000000,1.333333,0,0,0,4581.794641,9.638974,70.026846,4269.928821,216.380832,62.252137,3911.268748,0.000000,0.000000,4189.901718,4581.794641,391.892923,4.722622,1.358685,85.365431,0.000000,8.553263,15.060897,10.131199,2.308070,0.086434,2,0.000000,0,0,0,100.000000,2.517815,99.107143,7.769495,5759.851163,4577.588794,-0.000000,63.269094
2640.000000,pure-acoustic,none,hardware,1,0,0,1,priority,0.000500,180,15,hybrid,0.050000,4000.000000,6.087000,64.000000,500.000000,500.000000,2.000000,120.000000,0.000000,114,77,114,0,114,10,27,77,0,0,0,0,0,0,0,0,0.000000,0.000000,0.000000,clear-ocean,30.000000,60.000000,0.151000,708,1988268,509.812308,19.311072,42,5,0,37,0,114,0,0,114,0,0,0,0,0,0,0,0,0,0,0,0,0,0,0,10,27,77,10,27,77,5.216868,3.293969,9.777524,0.000000,0.000000,0.000000,0,0,0,4713.499872,9.638974,70.026846,4396.234051,220.517002,63.286180,4024.689920,0.000000,0.000000,4308.493103,4713.499872,405.006769,4.678413,1.342658,85.386444,0.000000,8.592485,15.060897,10.131199,2.283758,0.087879,2,0.000000,0,0,0,100.000000,2.517815,100.000000,7.841887,5856.218182,4663.695510,-0.000000,122.697550
2700.000000,pure-acoustic,none,hardware,1,0,0,1,priority,0.000500,180,15,hybrid,0.050000,4000.000000,6.087000,64.000000,500.000000,500.000000,2.000000,120.000000,0.000000,119,80,119,0,119,10,29,80,0,0,0,0,0,0,0,0,0.000000,0.000000,0.000000,clear-ocean,30.000000,60.000000,0.151000,736,2066208,529.796923,19.622108,44,5,0,39,0,119,0,0,119,0,0,0,0,0,0,0,0,0,0,0,0,0,0,0,10,29,80,10,29,80,5.216868,3.193008,9.725610,0.000000,0.000000,0.000000,0,0,0,4894.446051,9.638974,74.291179,4567.515897,225.977198,65.782376,4181.832528,0.000000,0.000000,4473.592103,4894.446051,420.853949,4.617013,1.344021,85.440364,0.000000,8.598602,15.060897,10.006894,2.283758,0.087778,2,0.000000,0,0,0,100.000000,2.427526,100.000000,7.754746,5949.819259,4749.802227,-0.000000,194.196710
2760.000000,pure-acoustic,none,hardware,1,0,0,1,priority,0.000500,180,15,hybrid,0.050000,4000.000000,6.087000,64.000000,500.000000,500.000000,2.000000,120.000000,0.000000,124,82,124,0,124,11,31,82,0,0,0,0,0,0,0,0,0.000000,0.000000,0.000000,clear-ocean,30.000000,60.000000,0.151000,761,2119281,543.405385,19.688601,47,5,0,42,0,124,0,0,124,0,0,0,0,0,0,0,0,0,0,0,0,0,0,0,11,31,82,11,31,82,4.863792,3.074344,9.750801,0.000000,0.000000,0.000000,0,0,0,5018.714974,10.446692,78.164487,4681.703795,232.887522,66.959804,4287.332059,0.000000,0.000000,4587.179385,5018.714974,431.535590,4.640382,1.334202,85.426889,0.000000,8.598528,14.839052,9.849356,2.283758,0.089130,2,0.000000,0,0,0,100.000000,2.290566,100.000000,7.648162,5967.072464,4835.908943,-0.000000,270.987089
2820.000000,pure-acoustic,none,hardware,1,0,0,1,priority,0.000500,180,15,hybrid,0.050000,4000.000000,6.087000,64.000000,500.000000,500.000000,2.000000,120.000000,0.000000,126,83,126,0,126,12,31,83,0,0,0,0,0,0,0,0,0.000000,0.000000,0.000000,clear-ocean,30.000000,60.000000,0.151000,775,2145303,550.077692,19.506301,49,6,0,43,0,126,0,0,126,0,0,0,0,0,0,0,0,0,0,0,0,0,0,0,12,31,83,12,31,83,5.668492,3.074344,9.735202,0.000000,0.000000,0.000000,0,0,0,5082.648821,11.886590,78.164487,4738.797744,237.662359,68.489231,4339.687385,0.000000,0.000000,4645.838974,5082.648821,436.809846,4.675955,1.347511,85.382397,0.000000,8.594138,15.477330,9.849356,2.283758,0.087943,2,0.000000,0,0,0,100.000000,2.557418,100.000000,7.709114,5911.217021,4922.015659,-0.000000,345.787490
2880.000000,pure-acoustic,none,hardware,1,0,0,1,priority,0.000500,180,15,hybrid,0.050000,4000.000000,6.087000,64.000000,500.000000,500.000000,2.000000,120.000000,0.000000,129,85,129,0,129,12,32,85,0,0,0,0,0,0,0,0,0.000000,0.000000,0.000000,clear-ocean,30.000000,60.000000,0.151000,793,2197065,563.350000,19.560764,50,6,0,44,0,129,0,0,129,0,0,0,0,0,0,0,0,0,0,0,0,0,0,0,12,32,85,12,32,85,5.668492,3.056922,9.713435,0.000000,0.000000,0.000000,0,0,0,5204.840179,11.886590,80.767949,4852.985641,242.220657,70.924504,4444.351633,0.000000,0.000000,4757.496795,5204.840179,447.343385,4.653758,1.362664,85.388820,0.000000,8.594757,15.477330,9.859369,2.283758,0.087153,2,0.000000,0,0,0,100.000000,2.523340,100.000000,7.685933,5927.666667,5008.122375,-0.000000,411.505408
2940.000000,pure-acoustic,none,hardware,1,0,0,1,priority,0.000500,180,15,hybrid,0.050000,4000.000000,6.087000,64.000000,500.000000,500.000000,2.000000,120.000000,0.000000,135,89,135,0,132,13,33,86,0,0,0,0,0,0,0,0,0.000000,0.000000,0.000000,clear-ocean,30.000000,60.000000,0.151000,815,2248887,576.637692,19.613527,52,6,0,46,0,133,0,0,132,1,0,0,0,0,0,0,0,0,0,0,0,0,0,0,13,33,89,13,33,86,5.375360,3.031646,9.701325,0.000000,0.000000,3.370787,0,0,0,5325.412205,13.049821,83.371410,4964.390974,247.099930,73.855162,4548.351267,0.000000,0.000000,4869.306359,5325.412205,456.105846,4.640015,1.386844,85.408436,0.000000,8.564705,15.684880,9.868775,2.309019,0.088776,2,0.000000,0,2,0,100.000000,2.456026,97.777778,7.607863,5875.591837,5094.229091,-0.000000,461.909527
3000.000000,pure-acoustic,none,hardware,1,0,0,1,priority,0.000500,180,15,hybrid,0.050000,4000.000000,6.087000,64.000000,500.000000,500.000000,2.000000,120.000000,0.000000,137,91,137,0,137,13,33,91,0,0,0,0,0,0,0,0,0.000000,0.000000,0.000000,clear-ocean,30.000000,60.000000,0.151000,844,2350500,602.692308,20.089744,52,6,0,46,0,137,0,0,137,0,0,0,0,0,0,0,0,0,0,0,0,0,0,0,13,33,91,13,33,91,5.375360,3.031646,9.847678,0.000000,0.000000,0.000000,0,0,0,5561.970564,13.049821,83.371410,5195.549333,251.236100,74.889205,4757.034387,0.000000,0.000000,5083.159692,5561.970564,478.810872,4.517034,1.346451,85.527860,0.000000,8.608655,15.684880,9.868775,2.283758,0.093000,2,0.000000,0,0,0,100.000000,2.456026,100.000000,7.781479,6091.413333,5180.335807,-0.000000,492.220574
3060.000000,pure-acoustic,none,hardware,1,0,0,1,priority,0.000500,180,15,hybrid,0.050000,4000.000000,6.087000,64.000000,500.000000,500.000000,2.000000,120.000000,0.000000,140,92,140,0,140,14,34,92,0,0,0,0,0,0,0,0,0.000000,0.000000,0.000000,clear-ocean,30.000000,60.000000,0.151000,858,2377290,609.561538,19.920312,54,6,0,48,0,140,0,0,140,0,0,0,0,0,0,0,0,0,0,0,0,0,0,0,14,34,92,14,34,92,5.109904,3.003836,9.834579,0.000000,0.000000,0.000000,0,0,0,5627.274026,13.687923,85.542821,5252.643282,257.074912,76.005709,4810.014534,0.000000,0.000000,5143.095154,5627.274026,484.178872,4.568374,1.350667,85.476814,0.000000,8.604146,15.276700,9.827989,2.283758,0.092157,2,0.000000,0,0,0,100.000000,2.373360,100.000000,7.703217,6038.169935,5266.442523,0.000000,499.564484
3120.000000,pure-acoustic,none,hardware,1,0,0,1,priority,0.000500,180,15,hybrid,0.050000,4000.000000,6.087000,64.000000,500.000000,500.000000,2.000000,120.000000,0.000000,148,99,148,0,147,14,35,98,0,0,0,0,0,0,0,0,0.000000,0.000000,0.000000,clear-ocean,30.000000,60.000000,0.151000,912,2551776,654.301538,20.971203,56,7,0,49,0,148,0,0,147,1,0,0,0,0,0,0,0,0,0,0,0,0,0,0,14,35,99,14,35,98,5.109904,3.339919,9.976021,0.000000,0.000000,1.010101,0,0,0,6023.764128,13.687923,89.092615,5640.183590,263.971133,77.100674,5164.554475,0.000000,0.000000,5505.626282,6023.764128,518.137846,4.382163,1.279942,85.736333,0.000000,8.601563,15.276700,9.943372,2.302116,0.100000,2,0.000000,0,0,0,100.000000,2.608575,99.324324,7.932557,6307.323077,5352.549240,0.000000,483.244912
3180.000000,pure-acoustic,none,hardware,1,0,0,1,priority,0.000500,180,15,hybrid,0.050000,4000.000000,6.087000,64.000000,500.000000,500.000000,2.000000,120.000000,0.000000,149,100,149,0,149,14,35,100,0,0,0,0,0,0,0,0,0.000000,0.000000,0.000000,clear-ocean,30.000000,60.000000,0.151000,921,2581665,661.965385,20.816522,56,7,0,49,0,149,0,0,149,0,0,0,0,0,0,0,0,0,0,0,0,0,0,0,14,35,100,14,35,100,5.109904,3.339919,9.944084,0.000000,0.000000,0.000000,0,0,0,6098.375410,13.687923,89.092615,5709.394872,268.107303,78.134717,5226.101595,0.000000,0.000000,5572.343615,6098.375410,526.031795,4.396373,1.281238,85.696620,0.000000,8.625769,15.276700,9.943372,2.283758,0.098428,2,0.000000,0,0,0,100.000000,2.608575,100.000000,7.938552,6314.103145,5438.655956,0.000000,444.809266
3240.000000,pure-acoustic,none,hardware,1,0,0,1,priority,0.000500,180,15,hybrid,0.050000,4000.000000,6.087000,64.000000,500.000000,500.000000,2.000000,120.000000,0.000000,152,101,152,0,152,14,37,101,0,0,0,0,0,0,0,0,0.000000,0.000000,0.000000,clear-ocean,30.000000,60.000000,0.151000,937,2609625,669.134615,20.652303,58,7,0,51,0,152,0,0,152,0,0,0,0,0,0,0,0,0,0,0,0,0,0,0,14,37,101,14,37,101,5.109904,3.247593,9.931422,0.000000,0.000000,0.000000,0,0,0,6166.134256,13.687923,94.357513,5766.488821,274.527038,80.630913,5279.537126,0.000000,0.000000,5634.695077,6166.134256,531.439179,4.452174,1.307641,85.621508,0.000000,8.618677,15.276700,9.961731,2.283758,0.097531,2,0.000000,0,0,0,100.000000,2.544921,100.000000,7.860350,6260.167901,5524.762672,0.000000,387.901981
3300.000000,pure-acoustic,none,hardware,1,0,0,1,priority,0.000500,180,15,hybrid,0.050000,4000.000000,6.087000,64.000000,500.000000,500.000000,2.000000,120.000000,0.000000,154,102,154,0,154,14,38,102,0,0,0,0,0,0,0,0,0.000000,0.000000,0.000000,clear-ocean,30.000000,60.000000,0.151000,948,2636100,675.923077,20.482517,59,7,0,52,0,154,0,0,154,0,0,0,0,0,0,0,0,0,0,0,0,0,0,0,14,38,102,14,38,102,5.109904,3.223499,9.927686,0.000000,0.000000,0.000000,0,0,0,6231.231667,13.687923,96.960974,5823.582769,279.085336,83.066187,5332.327324,0.000000,0.000000,5694.478846,6231.231667,536.752821,4.478815,1.333062,85.574211,0.000000,8.613912,15.276700,9.967205,2.283758,0.096667,2,0.000000,0,0,0,100.000000,2.516325,100.000000,7.835426,6207.573333,5610.869388,0.000000,317.918952
3360.000000,pure-acoustic,none,hardware,1,0,0,1,priority,0.000500,180,15,hybrid,0.050000,4000.000000,6.087000,64.000000,500.000000,500.000000,2.000000,120.000000,0.000000,156,103,156,0,156,14,39,103,0,0,0,0,0,0,0,0,0.000000,0.000000,0.000000,clear-ocean,30.000000,60.000000,0.151000,959,2662575,682.711538,20.318796,60,7,0,53,0,156,0,0,156,0,0,0,0,0,0,0,0,0,0,0,0,0,0,0,14,39,103,14,39,103,5.109904,3.384559,9.917750,0.000000,0.000000,0.000000,0,0,0,6296.329077,13.687923,99.564436,5880.676718,283.643634,85.501460,5385.117521,0.000000,0.000000,5754.262615,6296.329077,542.066462,4.504905,1.357957,85.527892,0.000000,8.609246,15.276700,9.972399,2.283758,0.097619,2,0.000000,0,0,0,100.000000,2.488808,100.000000,7.852979,6156.857143,5696.976104,0.000000,241.495910
3420.000000,pure-acoustic,none,hardware,1,0,0,1,priority,0.000500,180,15,hybrid,0.050000,4000.000000,6.087000,64.000000,500.000000,500.000000,2.000000,120.000000,0.000000,159,104,159,0,159,15,40,104,0,0,0,0,0,0,0,0,0.000000,0.000000,0.000000,clear-ocean,30.000000,60.000000,0.151000,975,2689767,689.683846,20.166194,62,7,0,55,0,159,0,0,159,0,0,0,0,0,0,0,0,0,0,0,0,0,0,0,15,40,104,15,40,104,4.863519,3.363534,9.906420,0.000000,0.000000,0.000000,0,0,0,6362.601154,14.573205,102.457282,5937.770667,289.482446,87.525041,5438.159206,0.000000,0.000000,5815.166692,6362.601154,547.434462,4.549750,1.375617,85.470692,0.000000,8.603941,15.180422,10.005594,2.283758,0.096784,2,0.000000,0,0,0,100.000000,2.428768,100.000000,7.784665,6108.070175,5783.082820,0.000000,165.879217
3480.000000,pure-acoustic,none,hardware,1,0,0,1,priority,0.000500,180,15,hybrid,0.050000,4000.000000,6.087000,64.000000,500.000000,500.000000,2.000000,120.000000,0.000000,160,105,160,0,160,15,40,105,0,0,0,0,0,0,0,0,0.000000,0.000000,0.000000,clear-ocean,30.000000,60.000000,0.151000,982,2715054,696.167692,20.004819,62,7,0,55,0,160,0,0,160,0,0,0,0,0,0,0,0,0,0,0,0,0,0,0,15,40,105,15,40,105,4.863519,3.363534,9.895203,0.000000,0.000000,0.000000,0,0,0,6425.095103,14.573205,102.457282,5994.864615,293.618616,88.559083,5490.263044,0.000000,0.000000,5872.440744,6425.095103,552.654359,4.569872,1.378331,85.450300,0.000000,8.601497,15.180422,10.005594,2.283758,0.095402,2,0.000000,0,0,0,100.000000,2.428768,100.000000,7.790565,6060.229885,5869.189536,0.000000,98.238782
3540.000000,pure-acoustic,none,hardware,1,0,0,1,priority,0.000500,180,15,hybrid,0.050000,4000.000000,6.087000,64.000000,500.000000,500.000000,2.000000,120.000000,0.000000,160,105,160,0,160,15,40,105,0,0,0,0,0,0,0,0,0.000000,0.000000,0.000000,clear-ocean,30.000000,60.000000,0.151000,982,2715054,696.167692,19.665754,62,7,0,55,0,160,0,0,160,0,0,0,0,0,0,0,0,0,0,0,0,0,0,0,15,40,105,15,40,105,4.863519,3.363534,9.895203,0.000000,0.000000,0.000000,0,0,0,6430.495103,14.573205,102.457282,5994.864615,297.754786,89.593126,5490.492831,0.000000,0.000000,5877.840744,6430.495103,552.654359,4.630356,1.393254,85.382117,0.000000,8.594274,15.180422,10.005594,2.283758,0.093785,2,0.000000,0,0,0,100.000000,2.428768,100.000000,7.790565,5957.514124,5955.296253,0.000000,44.988210
3600.000000,pure-acoustic,none,hardware,1,0,0,1,priority,0.000500,180,15,hybrid,0.050000,4000.000000,6.087000,64.000000,500.000000,500.000000,2.000000,120.000000,0.000000,163,108,163,0,162,15,40,107,0,0,0,0,0,0,0,0,0.000000,0.000000,0.000000,clear-ocean,30.000000,60.000000,0.151000,1002,2790450,715.500000,19.875000,62,7,0,55,0,163,0,0,162,1,0,0,0,0,0,0,0,0,0,0,0,0,0,0,15,40,108,15,40,107,4.863519,3.363534,9.869357,0.000000,0.000000,0.925926,0,0,0,6604.394385,14.573205,102.457282,6163.363897,301.890956,90.627169,5645.387644,0.000000,0.000000,6037.905769,6604.394385,566.488615,4.571062,1.372225,85.479263,0.000000,8.577450,15.180422,10.005594,2.304061,0.093056,2,0.000000,0,0,0,100.000000,2.428768,99.386503,7.799477,5969.333333,6041.402969,0.000000,11.176673
3660.000000,pure-acoustic,none,hardware,1,0,0,1,priority,0.000500,180,15,hybrid,0.050000,4000.000000,6.087000,64.000000,500.000000,500.000000,2.000000,120.000000,0.000000,163,108,163,0,163,15,40,108,0,0,0,0,0,0,0,0,0.000000,0.000000,0.000000,clear-ocean,30.000000,60.000000,0.151000,1003,2790915,715.619231,19.552438,62,7,0,55,0,163,0,0,163,0,0,0,0,0,0,0,0,0,0,0,0,0,0,0,15,40,108,15,40,108,4.863519,3.363534,9.853694,0.000000,0.000000,0.000000,0,0,0,6612.576949,14.573205,102.457282,6166.146462,306.027127,91.661211,5646.574560,0.000000,0.000000,6044.262897,6612.576949,568.314051,4.627956,1.386165,85.391438,0.000000,8.594441,15.180422,10.005594,2.283758,0.091530,2,0.000000,0,0,0,100.000000,2.428768,100.000000,7.801798,5926.120219,6127.509685,-0.000000,0.010149
3720.000000,pure-acoustic,none,hardware,1,0,0,1,priority,0.000500,180,15,hybrid,0.050000,4000.000000,6.087000,64.000000,500.000000,500.000000,2.000000,120.000000,0.000000,165,109,165,0,165,15,41,109,0,0,0,0,0,0,0,0,0.000000,0.000000,0.000000,clear-ocean,30.000000,60.000000,0.151000,1012,2816796,722.255385,19.415467,63,7,0,56,0,165,0,0,165,0,0,0,0,0,0,0,0,0,0,0,0,0,0,0,15,41,109,15,41,109,4.863519,3.319228,9.835923,0.000000,0.000000,0.000000,0,0,0,6676.282769,14.573205,103.669154,6223.240410,310.585425,92.756177,5699.313475,0.000000,0.000000,6102.655077,6676.282769,573.627692,4.652071,1.389339,85.366568,0.000000,8.592022,15.180422,9.877015,2.283758,0.090591,2,0.000000,0,0,0,100.000000,2.389472,100.000000,7.764586,5884.851613,6213.616401,-0.000000,12.547440
3780.000000,pure-acoustic,none,hardware,1,0,0,1,priority,0.000500,180,15,hybrid,0.050000,4000.000000,6.087000,64.000000,500.000000,500.000000,2.000000,120.000000,0.000000,169,112,169,0,168,15,42,111,0,0,0,0,0,0,0,0,0.000000,0.000000,0.000000,clear-ocean,30.000000,60.000000,0.151000,1032,2880672,738.633846,19.540578,64,7,0,57,0,169,0,0,168,1,0,0,0,0,0,0,0,0,0,0,0,0,0,0,15,42,112,15,42,111,4.863519,3.283407,9.818608,0.000000,0.000000,0.892857,0,0,0,6823.869385,14.573205,105.360795,6363.735385,315.623493,93.851142,5829.384903,0.000000,0.000000,6238.859538,6823.869385,585.009846,4.625286,1.375336,85.426385,0.000000,8.572993,15.180422,9.799181,2.293238,0.090476,2,0.000000,0,0,0,100.000000,2.355559,99.408284,7.742389,5897.803175,6299.723117,-0.000000,47.599769
3840.000000,pure-acoustic,none,hardware,1,0,0,1,priority,0.000500,180,15,hybrid,0.050000,4000.000000,6.087000,64.000000,500.000000,500.000000,2.000000,120.000000,0.000000,175,116,175,0,174,15,44,115,0,0,0,0,0,0,0,0,0.000000,0.000000,0.000000,clear-ocean,30.000000,60.000000,0.151000,1071,2988927,766.391538,19.958113,66,7,0,59,0,175,0,0,174,1,0,0,0,0,0,0,0,0,0,0,0,0,0,0,15,44,116,15,44,115,4.863519,3.225146,9.764783,0.000000,0.000000,0.862069,0,0,0,7072.724615,14.573205,111.105462,6601.445949,322.522996,96.347339,6046.928742,0.000000,0.000000,6465.799077,7072.724615,606.925538,4.560095,1.362238,85.496454,0.000000,8.581213,15.180422,9.863766,2.296155,0.090625,2,0.000000,0,0,0,100.000000,2.312980,99.428571,7.688559,6015.050000,6385.829833,-0.000000,101.843508
3900.000000,pure-acoustic,none,hardware,1,0,0,1,priority,0.000500,180,15,hybrid,0.050000,4000.000000,6.087000,64.000000,500.000000,500.000000,2.000000,120.000000,0.000000,177,117,177,0,177,15,45,117,0,0,0,0,0,0,0,0,0.000000,0.000000,0.000000,clear-ocean,30.000000,60.000000,0.151000,1087,3024735,775.573077,19.886489,67,7,0,60,0,177,0,0,177,0,0,0,0,0,0,0,0,0,0,0,0,0,0,0,15,45,117,15,45,117,4.863519,3.205367,9.737539,0.000000,0.000000,0.000000,0,0,0,7160.043282,14.573205,114.478077,6679.992000,328.520602,98.112458,6117.648375,0.000000,0.000000,6544.281436,7160.043282,615.761846,4.588249,1.370277,85.441500,0.000000,8.599974,15.180422,9.937333,2.283758,0.089744,2,0.000000,0,0,0,100.000000,2.296559,100.000000,7.663765,6025.600000,6471.936549,-0.000000,170.135312
3960.000000,pure-acoustic,none,hardware,1,0,0,1,priority,0.000500,180,15,hybrid,0.050000,4000.000000,6.087000,64.000000,500.000000,500.000000,2.000000,120.000000,0.000000,180,119,180,0,180,16,45,119,0,0,0,0,0,0,0,0,0.000000,0.000000,0.000000,clear-ocean,30.000000,60.000000,0.151000,1106,3075834,788.675385,19.916045,68,7,0,61,0,180,0,0,180,0,0,0,0,0,0,0,0,0,0,0,0,0,0,0,16,45,119,16,45,119,4.667271,3.205367,9.714320,0.000000,0.000000,0.000000,0,0,0,7280.727103,15.669128,114.478077,6794.179897,333.147362,99.404962,6221.918778,0.000000,0.000000,6654.471103,7280.727103,626.256000,4.575743,1.365316,85.457382,0.000000,8.601558,15.301883,9.937333,2.283758,0.089141,2,0.000000,0,0,0,100.000000,2.270478,100.000000,7.638455,6035.442424,6558.043266,-0.000000,245.999815
4020.000000,pure-acoustic,none,hardware,1,0,0,1,priority,0.000500,180,15,hybrid,0.050000,4000.000000,6.087000,64.000000,500.000000,500.000000,2.000000,120.000000,0.000000,181,120,181,0,181,16,45,120,0,0,0,0,0,0,0,0,0.000000,0.000000,0.000000,clear-ocean,30.000000,60.000000,0.151000,1113,3101121,795.159231,19.780080,68,7,0,61,0,181,0,0,181,0,0,0,0,0,0,0,0,0,0,0,0,0,0,0,16,45,120,16,45,120,4.667271,3.205367,9.700011,0.000000,0.000000,0.000000,0,0,0,7343.221051,15.669128,114.478077,6851.273846,337.283532,100.439005,6274.022616,0.000000,0.000000,6711.745154,7343.221051,631.475897,4.593128,1.367779,85.439653,0.000000,8.599440,15.301883,9.937333,2.283758,0.088060,2,0.000000,0,0,0,100.000000,2.270478,100.000000,7.640437,5995.112438,6644.149982,-0.000000,322.243612
4080.000000,pure-acoustic,none,hardware,1,0,0,1,priority,0.000500,180,15,hybrid,0.050000,4000.000000,6.087000,64.000000,500.000000,500.000000,2.000000,120.000000,0.000000,181,120,181,0,181,16,45,120,0,0,0,0,0,0,0,0,0.000000,0.000000,0.000000,clear-ocean,30.000000,60.000000,0.151000,1113,3101121,795.159231,19.489197,68,7,0,61,0,181,0,0,181,0,0,0,0,0,0,0,0,0,0,0,0,0,0,0,16,45,120,16,45,120,4.667271,3.205367,9.700011,0.000000,0.000000,0.000000,0,0,0,7348.621051,15.669128,114.478077,6851.273846,341.419703,101.473047,6274.252404,0.000000,0.000000,6717.145154,7348.621051,631.475897,4.646038,1.380845,85.379997,0.000000,8.593121,15.301883,9.937333,2.283758,0.086765,2,0.000000,0,0,0,100.000000,2.270478,100.000000,7.640437,5906.949020,6730.256698,-0.000000,391.637334
4140.000000,pure-acoustic,none,hardware,1,0,0,1,priority,0.000500,180,15,hybrid,0.050000,4000.000000,6.087000,64.000000,500.000000,500.000000,2.000000,120.000000,0.000000,181,120,181,0,181,16,45,120,0,0,0,0,0,0,0,0,0.000000,0.000000,0.000000,clear-ocean,30.000000,60.000000,0.151000,1113,3101121,795.159231,19.206745,68,7,0,61,0,181,0,0,181,0,0,0,0,0,0,0,0,0,0,0,0,0,0,0,16,45,120,16,45,120,4.667271,3.205367,9.700011,0.000000,0.000000,0.000000,0,0,0,7354.021051,15.669128,114.478077,6851.273846,345.555873,102.507090,6274.482191,0.000000,0.000000,6722.545154,7354.021051,631.475897,4.698870,1.393892,85.320427,0.000000,8.586811,15.301883,9.937333,2.283758,0.085507,2,0.000000,0,0,0,100.000000,2.270478,100.000000,7.640437,5821.341063,6816.363414,-0.000000,447.601131
4200.000000,pure-acoustic,none,hardware,1,0,0,1,priority,0.000500,180,15,hybrid,0.050000,4000.000000,6.087000,64.000000,500.000000,500.000000,2.000000,120.000000,0.000000,181,120,181,0,181,16,45,120,0,0,0,0,0,0,0,0,0.000000,0.000000,0.000000,clear-ocean,30.000000,60.000000,0.151000,1113,3101121,795.159231,18.932363,68,7,0,61,0,181,0,0,181,0,0,0,0,0,0,0,0,0,0,0,0,0,0,0,16,45,120,16,45,120,4.667271,3.205367,9.700011,0.000000,0.000000,0.000000,0,0,0,7359.421051,15.669128,114.478077,6851.273846,349.692043,103.541133,6274.711978,0.000000,0.000000,6727.945154,7359.421051,631.475897,4.751624,1.406920,85.260946,0.000000,8.580511,15.301883,9.937333,2.283758,0.084286,2,0.000000,0,0,0,100.000000,2.270478,100.000000,7.640437,5738.179048,6902.470130,-0.000000,484.828565
4260.000000,pure-acoustic,none,hardware,1,0,0,1,priority,0.000500,180,15,hybrid,0.050000,4000.000000,6.087000,64.000000,500.000000,500.000000,2.000000,120.000000,0.000000,181,120,181,0,181,16,45,120,0,0,0,0,0,0,0,0,0.000000,0.000000,0.000000,clear-ocean,30.000000,60.000000,0.151000,1113,3101121,795.159231,18.665710,68,7,0,61,0,181,0,0,181,0,0,0,0,0,0,0,0,0,0,0,0,0,0,0,16,45,120,16,45,120,4.667271,3.205367,9.700011,0.000000,0.000000,0.000000,0,0,0,7364.821051,15.669128,114.478077,6851.273846,353.828213,104.575175,6274.941765,0.000000,0.000000,6733.345154,7364.821051,631.475897,4.804302,1.419928,85.201551,0.000000,8.574219,15.301883,9.937333,2.283758,0.083099,2,0.000000,0,0,0,100.000000,2.270478,100.000000,7.640437,5657.359624,6988.576846,-0.000000,499.789765
4320.000000,pure-acoustic,none,hardware,1,0,0,1,priority,0.000500,180,15,hybrid,0.050000,4000.000000,6.087000,64.000000,500.000000,500.000000,2.000000,120.000000,0.000000,181,120,181,0,181,16,45,120,0,0,0,0,0,0,0,0,0.000000,0.000000,0.000000,clear-ocean,30.000000,60.000000,0.151000,1113,3101121,795.159231,18.406464,68,7,0,61,0,181,0,0,181,0,0,0,0,0,0,0,0,0,0,0,0,0,0,0,16,45,120,16,45,120,4.667271,3.205367,9.700011,0.000000,0.000000,0.000000,0,0,0,7370.221051,15.669128,114.478077,6851.273846,357.964384,105.609218,6275.171553,0.000000,0.000000,6738.745154,7370.221051,631.475897,4.856902,1.432918,85.142243,0.000000,8.567937,15.301883,9.937333,2.283758,0.081944,2,0.000000,0,0,0,100.000000,2.270478,100.000000,7.640437,5578.785185,7074.683562,0.000000,491.066123
4380.000000,pure-acoustic,none,hardware,1,0,0,1,priority,0.000500,180,15,hybrid,0.050000,4000.000000,6.087000,64.000000,500.000000,500.000000,2.000000,120.000000,0.000000,181,120,181,0,181,16,45,120,0,0,0,0,0,0,0,0,0.000000,0.000000,0.000000,clear-ocean,30.000000,60.000000,0.151000,1113,3101121,795.159231,18.154320,68,7,0,61,0,181,0,0,181,0,0,0,0,0,0,0,0,0,0,0,0,0,0,0,16,45,120,16,45,120,4.667271,3.205367,9.700011,0.000000,0.000000,0.000000,0,0,0,7375.621051,15.669128,114.478077,6851.273846,362.100554,106.643260,6275.401340,0.000000,0.000000,6744.145154,7375.621051,631.475897,4.909425,1.445889,85.083023,0.000000,8.561664,15.301883,9.937333,2.283758,0.080822,2,0.000000,0,0,0,100.000000,2.270478,100.000000,7.640437,5502.363470,7160.790279,0.000000,459.484807
4440.000000,pure-acoustic,none,hardware,1,0,0,1,priority,0.000500,180,15,hybrid,0.050000,4000.000000,6.087000,64.000000,500.000000,500.000000,2.000000,120.000000,0.000000,181,120,181,0,181,16,45,120,0,0,0,0,0,0,0,0,0.000000,0.000000,0.000000,clear-ocean,30.000000,60.000000,0.151000,1113,3101121,795.159231,17.908992,68,7,0,61,0,181,0,0,181,0,0,0,0,0,0,0,0,0,0,0,0,0,0,0,16,45,120,16,45,120,4.667271,3.205367,9.700011,0.000000,0.000000,0.000000,0,0,0,7381.021051,15.669128,114.478077,6851.273846,366.236724,107.677303,6275.631127,0.000000,0.000000,6749.545154,7381.021051,631.475897,4.961871,1.458840,85.023889,0.000000,8.555400,15.301883,9.937333,2.283758,0.079730,2,0.000000,0,0,0,100.000000,2.270478,100.000000,7.640437,5428.007207,7246.896995,0.000000,408.040329
4500.000000,pure-acoustic,none,hardware,1,0,0,1,priority,0.000500,180,15,hybrid,0.050000,4000.000000,6.087000,64.000000,500.000000,500.000000,2.000000,120.000000,0.000000,181,120,181,0,181,16,45,120,0,0,0,0,0,0,0,0,0.000000,0.000000,0.000000,clear-ocean,30.000000,60.000000,0.151000,1113,3101121,795.159231,17.670205,68,7,0,61,0,181,0,0,181,0,0,0,0,0,0,0,0,0,0,0,0,0,0,0,16,45,120,16,45,120,4.667271,3.205367,9.700011,0.000000,0.000000,0.000000,0,0,0,7386.421051,15.669128,114.478077,6851.273846,370.372894,108.711345,6275.860914,0.000000,0.000000,6754.945154,7386.421051,631.475897,5.014240,1.471773,84.964841,0.000000,8.549146,15.301883,9.937333,2.283758,0.078667,2,0.000000,0,0,0,100.000000,2.270478,100.000000,7.640437,5355.633778,7333.003711,0.000000,341.610608
4560.000000,pure-acoustic,none,hardware,1,0,0,1,priority,0.000500,180,15,hybrid,0.050000,4000.000000,6.087000,64.000000,500.000000,500.000000,2.000000,120.000000,0.000000,181,120,181,0,181,16,45,120,0,0,0,0,0,0,0,0,0.000000,0.000000,0.000000,clear-ocean,30.000000,60.000000,0.151000,1113,3101121,795.159231,17.437702,68,7,0,61,0,181,0,0,181,0,0,0,0,0,0,0,0,0,0,0,0,0,0,0,16,45,120,16,45,120,4.667271,3.205367,9.700011,0.000000,0.000000,0.000000,0,0,0,7391.821051,15.669128,114.478077,6851.273846,374.509064,109.745388,6276.090702,0.000000,0.000000,6760.345154,7391.821051,631.475897,5.066533,1.484687,84.905880,0.000000,8.542900,15.301883,9.937333,2.283758,0.077632,2,0.000000,0,0,0,100.000000,2.270478,100.000000,7.640437,5285.164912,7419.110427,0.000000,266.494452
4620.000000,pure-acoustic,none,hardware,1,0,0,1,priority,0.000500,180,15,hybrid,0.050000,4000.000000,6.087000,64.000000,500.000000,500.000000,2.000000,120.000000,0.000000,181,120,181,0,181,16,45,120,0,0,0,0,0,0,0,0,0.000000,0.000000,0.000000,clear-ocean,30.000000,60.000000,0.151000,1113,3101121,795.159231,17.211239,68,7,0,61,0,181,0,0,181,0,0,0,0,0,0,0,0,0,0,0,0,0,0,0,16,45,120,16,45,120,4.667271,3.205367,9.700011,0.000000,0.000000,0.000000,0,0,0,7397.221051,15.669128,114.478077,6851.273846,378.645235,110.779430,6276.320489,0.000000,0.000000,6765.745154,7397.221051,631.475897,5.118750,1.497582,84.847005,0.000000,8.536664,15.301883,9.937333,2.283758,0.076623,2,0.000000,0,0,0,100.000000,2.270478,100.000000,7.640437,5216.526407,7505.217143,0.000000,189.814306
4680.000000,pure-acoustic,none,hardware,1,0,0,1,priority,0.000500,180,15,hybrid,0.050000,4000.000000,6.087000,64.000000,500.000000,500.000000,2.000000,120.000000,0.000000,181,120,181,0,181,16,45,120,0,0,0,0,0,0,0,0,0.000000,0.000000,0.000000,clear-ocean,30.000000,60.000000,0.151000,1113,3101121,795.159231,16.990582,68,7,0,61,0,181,0,0,181,0,0,0,0,0,0,0,0,0,0,0,0,0,0,0,16,45,120,16,45,120,4.667271,3.205367,9.700011,0.000000,0.000000,0.000000,0,0,0,7402.621051,15.669128,114.478077,6851.273846,382.781405,111.813473,6276.550276,0.000000,0.000000,6771.145154,7402.621051,631.475897,5.170890,1.510458,84.788215,0.000000,8.530437,15.301883,9.937333,2.283758,0.075641,2,0.000000,0,0,0,100.000000,2.270478,100.000000,7.640437,5149.647863,7591.323859,0.000000,118.840914
4740.000000,pure-acoustic,none,hardware,1,0,0,1,priority,0.000500,180,15,hybrid,0.050000,4000.000000,6.087000,64.000000,500.000000,500.000000,2.000000,120.000000,0.000000,181,120,181,0,181,16,45,120,0,0,0,0,0,0,0,0,0.000000,0.000000,0.000000,clear-ocean,30.000000,60.000000,0.151000,1113,3101121,795.159231,16.775511,68,7,0,61,0,181,0,0,181,0,0,0,0,0,0,0,0,0,0,0,0,0,0,0,16,45,120,16,45,120,4.667271,3.205367,9.700011,0.000000,0.000000,0.000000,0,0,0,7408.021051,15.669128,114.478077,6851.273846,386.917575,112.847516,6276.780063,0.000000,0.000000,6776.545154,7408.021051,631.475897,5.222955,1.523315,84.729512,0.000000,8.524218,15.301883,9.937333,2.283758,0.074684,2,0.000000,0,0,0,100.000000,2.270478,100.000000,7.640437,5084.462447,7677.430575,0.000000,60.303909
4800.000000,pure-acoustic,none,hardware,1,0,0,1,priority,0.000500,180,15,hybrid,0.050000,4000.000000,6.087000,64.000000,500.000000,500.000000,2.000000,120.000000,0.000000,181,120,181,0,181,16,45,120,0,0,0,0,0,0,0,0,0.000000,0.000000,0.000000,clear-ocean,30.000000,60.000000,0.151000,1113,3101121,795.159231,16.565817,68,7,0,61,0,181,0,0,181,0,0,0,0,0,0,0,0,0,0,0,0,0,0,0,16,45,120,16,45,120,4.667271,3.205367,9.700011,0.000000,0.000000,0.000000,0,0,0,7413.421051,15.669128,114.478077,6851.273846,391.053745,113.881558,6277.009851,0.000000,0.000000,6781.945154,7413.421051,631.475897,5.274943,1.536154,84.670894,0.000000,8.518009,15.301883,9.937333,2.283758,0.073750,2,0.000000,0,0,0,100.000000,2.270478,100.000000,7.640437,5020.906667,7763.537292,0.000000,19.753718
4860.000000,pure-acoustic,none,hardware,1,0,0,1,priority,0.000500,180,15,hybrid,0.050000,4000.000000,6.087000,64.000000,500.000000,500.000000,2.000000,120.000000,0.000000,181,120,181,0,181,16,45,120,0,0,0,0,0,0,0,0,0.000000,0.000000,0.000000,clear-ocean,30.000000,60.000000,0.151000,1113,3101121,795.159231,16.361301,68,7,0,61,0,181,0,0,181,0,0,0,0,0,0,0,0,0,0,0,0,0,0,0,16,45,120,16,45,120,4.667271,3.205367,9.700011,0.000000,0.000000,0.000000,0,0,0,7418.821051,15.669128,114.478077,6851.273846,395.189915,114.915601,6277.239638,0.000000,0.000000,6787.345154,7418.821051,631.475897,5.326856,1.548974,84.612361,0.000000,8.511809,15.301883,9.937333,2.283758,0.072840,2,0.000000,0,0,0,100.000000,2.270478,100.000000,7.640437,4958.920165,7849.644008,0.000000,1.035273
4920.000000,pure-acoustic,none,hardware,1,0,0,1,priority,0.000500,180,15,hybrid,0.050000,4000.000000,6.087000,64.000000,500.000000,500.000000,2.000000,120.000000,0.000000,181,120,181,0,181,16,45,120,0,0,0,0,0,0,0,0,0.000000,0.000000,0.000000,clear-ocean,30.000000,60.000000,0.151000,1113,3101121,795.159231,16.161773,68,7,0,61,0,181,0,0,181,0,0,0,0,0,0,0,0,0,0,0,0,0,0,0,16,45,120,16,45,120,4.667271,3.205367,9.700011,0.000000,0.000000,0.000000,0,0,0,7424.221051,15.669128,114.478077,6851.273846,399.326086,115.949643,6277.469425,0.000000,0.000000,6792.745154,7424.221051,631.475897,5.378693,1.561775,84.553913,0.000000,8.505618,15.301883,9.937333,2.283758,0.071951,2,0.000000,0,0,0,100.000000,2.270478,100.000000,7.640437,4898.445528,7935.750724,-0.000000,5.923441
4980.000000,pure-acoustic,none,hardware,1,0,0,1,priority,0.000500,180,15,hybrid,0.050000,4000.000000,6.087000,64.000000,500.000000,500.000000,2.000000,120.000000,0.000000,181,120,181,0,181,16,45,120,0,0,0,0,0,0,0,0,0.000000,0.000000,0.000000,clear-ocean,30.000000,60.000000,0.151000,1113,3101121,795.159231,15.967053,68,7,0,61,0,181,0,0,181,0,0,0,0,0,0,0,0,0,0,0,0,0,0,0,16,45,120,16,45,120,4.667271,3.205367,9.700011,0.000000,0.000000,0.000000,0,0,0,7429.621051,15.669128,114.478077,6851.273846,403.462256,116.983686,6277.699212,0.000000,0.000000,6798.145154,7429.621051,631.475897,5.430455,1.574558,84.495551,0.000000,8.499436,15.301883,9.937333,2.283758,0.071084,2,0.000000,0,0,0,100.000000,2.270478,100.000000,7.640437,4839.428112,8021.857440,-0.000000,33.954730
5040.000000,pure-acoustic,none,hardware,1,0,0,1,priority,0.000500,180,15,hybrid,0.050000,4000.000000,6.087000,64.000000,500.000000,500.000000,2.000000,120.000000,0.000000,181,120,181,0,181,16,45,120,0,0,0,0,0,0,0,0,0.000000,0.000000,0.000000,clear-ocean,30.000000,60.000000,0.151000,1113,3101121,795.159231,15.776969,68,7,0,61,0,181,0,0,181,0,0,0,0,0,0,0,0,0,0,0,0,0,0,0,16,45,120,16,45,120,4.667271,3.205367,9.700011,0.000000,0.000000,0.000000,0,0,0,7435.021051,15.669128,114.478077,6851.273846,407.598426,118.017728,6277.928999,0.000000,0.000000,6803.545154,7435.021051,631.475897,5.482142,1.587322,84.437273,0.000000,8.493263,15.301883,9.937333,2.283758,0.070238,2,0.000000,0,0,0,100.000000,2.270478,100.000000,7.640437,4781.815873,8107.964156,-0.000000,82.471238
5100.000000,pure-acoustic,none,hardware,1,0,0,1,priority,0.000500,180,15,hybrid,0.050000,4000.000000,6.087000,64.000000,500.000000,500.000000,2.000000,120.000000,0.000000,181,120,181,0,181,16,45,120,0,0,0,0,0,0,0,0,0.000000,0.000000,0.000000,clear-ocean,30.000000,60.000000,0.151000,1113,3101121,795.159231,15.591357,68,7,0,61,0,181,0,0,181,0,0,0,0,0,0,0,0,0,0,0,0,0,0,0,16,45,120,16,45,120,4.667271,3.205367,9.700011,0.000000,0.000000,0.000000,0,0,0,7440.421051,15.669128,114.478077,6851.273846,411.734596,119.051771,6278.158787,0.000000,0.000000,6808.945154,7440.421051,631.475897,5.533754,1.600068,84.379079,0.000000,8.487099,15.301883,9.937333,2.283758,0.069412,2,0.000000,0,0,0,100.000000,2.270478,100.000000,7.640437,4725.559216,8194.070872,-0.000000,146.872673
5160.000000,pure-acoustic,none,hardware,1,0,0,1,priority,0.000500,180,15,hybrid,0.050000,4000.000000,6.087000,64.000000,500.000000,500.000000,2.000000,120.000000,0.000000,181,120,181,0,181,16,45,120,0,0,0,0,0,0,0,0,0.000000,0.000000,0.000000,clear-ocean,30.000000,60.000000,0.151000,1113,3101121,795.159231,15.410063,68,7,0,61,0,181,0,0,181,0,0,0,0,0,0,0,0,0,0,0,0,0,0,0,16,45,120,16,45,120,4.667271,3.205367,9.700011,0.000000,0.000000,0.000000,0,0,0,7445.821051,15.669128,114.478077,6851.273846,415.870767,120.085813,6278.388574,0.000000,0.000000,6814.345154,7445.821051,631.475897,5.585291,1.612795,84.320971,0.000000,8.480944,15.301883,9.937333,2.283758,0.068605,2,0.000000,0,0,0,100.000000,2.270478,100.000000,7.640437,4670.610853,8280.177588,-0.000000,221.052549
5220.000000,pure-acoustic,none,hardware,1,0,0,1,priority,0.000500,180,15,hybrid,0.050000,4000.000000,6.087000,64.000000,500.000000,500.000000,2.000000,120.000000,0.000000,181,120,181,0,181,16,45,120,0,0,0,0,0,0,0,0,0.000000,0.000000,0.000000,clear-ocean,30.000000,60.000000,0.151000,1113,3101121,795.159231,15.232935,68,7,0,61,0,181,0,0,181,0,0,0,0,0,0,0,0,0,0,0,0,0,0,0,16,45,120,16,45,120,4.667271,3.205367,9.700011,0.000000,0.000000,0.000000,0,0,0,7451.221051,15.669128,114.478077,6851.273846,420.006937,121.119856,6278.618361,0.000000,0.000000,6819.745154,7451.221051,631.475897,5.636753,1.625503,84.262946,0.000000,8.474798,15.301883,9.937333,2.283758,0.067816,2,0.000000,0,0,0,100.000000,2.270478,100.000000,7.640437,4616.925670,8366.284305,-0.000000,297.977197
5280.000000,pure-acoustic,none,hardware,1,0,0,1,priority,0.000500,180,15,hybrid,0.050000,4000.000000,6.087000,64.000000,500.000000,500.000000,2.000000,120.000000,0.000000,181,120,181,0,181,16,45,120,0,0,0,0,0,0,0,0,0.000000,0.000000,0.000000,clear-ocean,30.000000,60.000000,0.151000,1113,3101121,795.159231,15.059834,68,7,0,61,0,181,0,0,181,0,0,0,0,0,0,0,0,0,0,0,0,0,0,0,16,45,120,16,45,120,4.667271,3.205367,9.700011,0.000000,0.000000,0.000000,0,0,0,7456.621051,15.669128,114.478077,6851.273846,424.143107,122.153899,6278.848148,0.000000,0.000000,6825.145154,7456.621051,631.475897,5.688141,1.638194,84.205005,0.000000,8.468660,15.301883,9.937333,2.283758,0.067045,2,0.000000,0,0,0,100.000000,2.270478,100.000000,7.640437,4564.460606,8452.391021,-0.000000,370.352689
5340.000000,pure-acoustic,none,hardware,1,0,0,1,priority,0.000500,180,15,hybrid,0.050000,4000.000000,6.087000,64.000000,500.000000,500.000000,2.000000,120.000000,0.000000,181,120,181,0,181,16,45,120,0,0,0,0,0,0,0,0,0.000000,0.000000,0.000000,clear-ocean,30.000000,60.000000,0.151000,1113,3101121,795.159231,14.890622,68,7,0,61,0,181,0,0,181,0,0,0,0,0,0,0,0,0,0,0,0,0,0,0,16,45,120,16,45,120,4.667271,3.205367,9.700011,0.000000,0.000000,0.000000,0,0,0,7462.021051,15.669128,114.478077,6851.273846,428.279277,123.187941,6279.077936,0.000000,0.000000,6830.545154,7462.021051,631.475897,5.739454,1.650866,84.147149,0.000000,8.462532,15.301883,9.937333,2.283758,0.066292,2,0.000000,0,0,0,100.000000,2.270478,100.000000,7.640437,4513.174532,8538.497737,-0.000000,431.316448
5400.000000,pure-acoustic,none,hardware,1,0,0,1,priority,0.000500,180,15,hybrid,0.050000,4000.000000,6.087000,64.000000,500.000000,500.000000,2.000000,120.000000,0.000000,181,120,181,0,181,16,45,120,0,0,0,0,0,0,0,0,0.000000,0.000000,0.000000,clear-ocean,30.000000,60.000000,0.151000,1113,3101121,795.159231,14.725171,68,7,0,61,0,181,0,0,181,0,0,0,0,0,0,0,0,0,0,0,0,0,0,0,16,45,120,16,45,120,4.667271,3.205367,9.700011,0.000000,0.000000,0.000000,0,0,0,7467.421051,15.669128,114.478077,6851.273846,432.415447,124.221984,6279.307723,0.000000,0.000000,6835.945154,7467.421051,631.475897,5.790693,1.663519,84.089375,0.000000,8.456412,15.301883,9.937333,2.283758,0.065556,2,0.000000,0,0,0,100.000000,2.270478,100.000000,7.640437,4463.028148,8624.604453,-0.000000,475.087943
5460.000000,pure-acoustic,none,hardware,1,0,0,1,priority,0.000500,180,15,hybrid,0.050000,4000.000000,6.087000,64.000000,500.000000,500.000000,2.000000,120.000000,0.000000,181,120,181,0,181,16,45,120,0,0,0,0,0,0,0,0,0.000000,0.000000,0.000000,clear-ocean,30.000000,60.000000,0.151000,1113,3101121,795.159231,14.563356,68,7,0,61,0,181,0,0,181,0,0,0,0,0,0,0,0,0,0,0,0,0,0,0,16,45,120,16,45,120,4.667271,3.205367,9.700011,0.000000,0.000000,0.000000,0,0,0,7472.821051,15.669128,114.478077,6851.273846,436.551618,125.256026,6279.537510,0.000000,0.000000,6841.345154,7472.821051,631.475897,5.841858,1.676154,84.031686,0.000000,8.450301,15.301883,9.937333,2.283758,0.064835,2,0.000000,0,0,0,100.000000,2.270478,100.000000,7.640437,4413.983883,8710.711169,-0.000000,497.516801
5520.000000,pure-acoustic,none,hardware,1,0,0,1,priority,0.000500,180,15,hybrid,0.050000,4000.000000,6.087000,64.000000,500.000000,500.000000,2.000000,120.000000,0.000000,181,120,181,0,181,16,45,120,0,0,0,0,0,0,0,0,0.000000,0.000000,0.000000,clear-ocean,30.000000,60.000000,0.151000,1113,3101121,795.159231,14.405059,68,7,0,61,0,181,0,0,181,0,0,0,0,0,0,0,0,0,0,0,0,0,0,0,16,45,120,16,45,120,4.667271,3.205367,9.700011,0.000000,0.000000,0.000000,0,0,0,7478.221051,15.669128,114.478077,6851.273846,440.687788,126.290069,6279.767297,0.000000,0.000000,6846.745154,7478.221051,631.475897,5.892949,1.688772,83.974080,0.000000,8.444199,15.301883,9.937333,2.283758,0.064130,2,0.000000,0,0,0,100.000000,2.270478,100.000000,7.640437,4366.005797,8796.817885,0.000000,496.476337
5580.000000,pure-acoustic,none,hardware,1,0,0,1,priority,0.000500,180,15,hybrid,0.050000,4000.000000,6.087000,64.000000,500.000000,500.000000,2.000000,120.000000,0.000000,181,120,181,0,181,16,45,120,0,0,0,0,0,0,0,0,0.000000,0.000000,0.000000,clear-ocean,30.000000,60.000000,0.151000,1113,3101121,795.159231,14.250165,68,7,0,61,0,181,0,0,181,0,0,0,0,0,0,0,0,0,0,0,0,0,0,0,16,45,120,16,45,120,4.667271,3.205367,9.700011,0.000000,0.000000,0.000000,0,0,0,7483.621051,15.669128,114.478077,6851.273846,444.823958,127.324111,6279.997085,0.000000,0.000000,6852.145154,7483.621051,631.475897,5.943967,1.701370,83.916556,0.000000,8.438106,15.301883,9.937333,2.283758,0.063441,2,0.000000,0,0,0,100.000000,2.270478,100.000000,7.640437,4319.059498,8882.924601,0.000000,472.065207
5640.000000,pure-acoustic,none,hardware,1,0,0,1,priority,0.000500,180,15,hybrid,0.050000,4000.000000,6.087000,64.000000,500.000000,500.000000,2.000000,120.000000,0.000000,181,120,181,0,181,16,45,120,0,0,0,0,0,0,0,0,0.000000,0.000000,0.000000,clear-ocean,30.000000,60.000000,0.151000,1113,3101121,795.159231,14.098568,68,7,0,61,0,181,0,0,181,0,0,0,0,0,0,0,0,0,0,0,0,0,0,0,16,45,120,16,45,120,4.667271,3.205367,9.700011,0.000000,0.000000,0.000000,0,0,0,7489.021051,15.669128,114.478077,6851.273846,448.960128,128.358154,6280.226872,0.000000,0.000000,6857.545154,7489.021051,631.475897,5.994911,1.713951,83.859116,0.000000,8.432022,15.301883,9.937333,2.283758,0.062766,2,0.000000,0,0,0,100.000000,2.270478,100.000000,7.640437,4273.112057,8969.031318,0.000000,426.598054
5700.000000,pure-acoustic,none,hardware,1,0,0,1,priority,0.000500,180,15,hybrid,0.050000,4000.000000,6.087000,64.000000,500.000000,500.000000,2.000000,120.000000,0.000000,181,120,181,0,181,16,45,120,0,0,0,0,0,0,0,0,0.000000,0.000000,0.000000,clear-ocean,30.000000,60.000000,0.151000,1113,3101121,795.159231,13.950162,68,7,0,61,0,181,0,0,181,0,0,0,0,0,0,0,0,0,0,0,0,0,0,0,16,45,120,16,45,120,4.667271,3.205367,9.700011,0.000000,0.000000,0.000000,0,0,0,7494.421051,15.669128,114.478077,6851.273846,453.096298,129.392196,6280.456659,0.000000,0.000000,6862.945154,7494.421051,631.475897,6.045781,1.726514,83.801759,0.000000,8.425946,15.301883,9.937333,2.283758,0.062105,2,0.000000,0,0,0,100.000000,2.270478,100.000000,7.640437,4228.131930,9055.138034,0.000000,364.386030
5760.000000,pure-acoustic,none,hardware,1,0,0,1,priority,0.000500,180,15,hybrid,0.050000,4000.000000,6.087000,64.000000,500.000000,500.000000,2.000000,120.000000,0.000000,181,120,181,0,181,16,45,120,0,0,0,0,0,0,0,0,0.000000,0.000000,0.000000,clear-ocean,30.000000,60.000000,0.151000,1113,3101121,795.159231,13.804848,68,7,0,61,0,181,0,0,181,0,0,0,0,0,0,0,0,0,0,0,0,0,0,0,16,45,120,16,45,120,4.667271,3.205367,9.700011,0.000000,0.000000,0.000000,0,0,0,7499.821051,15.669128,114.478077,6851.273846,457.232469,130.426239,6280.686446,0.000000,0.000000,6868.345154,7499.821051,631.475897,6.096578,1.739058,83.744484,0.000000,8.419880,15.301883,9.937333,2.283758,0.061458,2,0.000000,0,0,0,100.000000,2.270478,100.000000,7.640437,4184.088889,9141.244750,0.000000,291.328026
5820.000000,pure-acoustic,none,hardware,1,0,0,1,priority,0.000500,180,15,hybrid,0.050000,4000.000000,6.087000,64.000000,500.000000,500.000000,2.000000,120.000000,0.000000,181,120,181,0,181,16,45,120,0,0,0,0,0,0,0,0,0.000000,0.000000,0.000000,clear-ocean,30.000000,60.000000,0.151000,1113,3101121,795.159231,13.662530,68,7,0,61,0,181,0,0,181,0,0,0,0,0,0,0,0,0,0,0,0,0,0,0,16,45,120,16,45,120,4.667271,3.205367,9.700011,0.000000,0.000000,0.000000,0,0,0,7505.221051,15.669128,114.478077,6851.273846,461.368639,131.460282,6280.916233,0.000000,0.000000,6873.745154,7505.221051,631.475897,6.147302,1.751584,83.687292,0.000000,8.413821,15.301883,9.937333,2.283758,0.060825,2,0.000000,0,0,0,100.000000,2.270478,100.000000,7.640437,4140.953952,9227.351466,0.000000,214.351336
5880.000000,pure-acoustic,none,hardware,1,0,0,1,priority,0.000500,180,15,hybrid,0.050000,4000.000000,6.087000,64.000000,500.000000,500.000000,2.000000,120.000000,0.000000,181,120,181,0,181,16,45,120,0,0,0,0,0,0,0,0,0.000000,0.000000,0.000000,clear-ocean,30.000000,60.000000,0.151000,1113,3101121,795.159231,13.523116,68,7,0,61,0,181,0,0,181,0,0,0,0,0,0,0,0,0,0,0,0,0,0,0,16,45,120,16,45,120,4.667271,3.205367,9.700011,0.000000,0.000000,0.000000,0,0,0,7510.621051,15.669128,114.478077,6851.273846,465.504809,132.494324,6281.146021,0.000000,0.000000,6879.145154,7510.621051,631.475897,6.197954,1.764093,83.630182,0.000000,8.407772,15.301883,9.937333,2.283758,0.060204,2,0.000000,0,0,0,100.000000,2.270478,100.000000,7.640437,4098.699320,9313.458182,0.000000,140.754819
5940.000000,pure-acoustic,none,hardware,1,0,0,1,priority,0.000500,180,15,hybrid,0.050000,4000.000000,6.087000,64.000000,500.000000,500.000000,2.000000,120.000000,0.000000,181,120,181,0,181,16,45,120,0,0,0,0,0,0,0,0,0.000000,0.000000,0.000000,clear-ocean,30.000000,60.000000,0.151000,1113,3101121,795.159231,13.386519,68,7,0,61,0,181,0,0,181,0,0,0,0,0,0,0,0,0,0,0,0,0,0,0,16,45,120,16,45,120,4.667271,3.205367,9.700011,0.000000,0.000000,0.000000,0,0,0,7516.021051,15.669128,114.478077,6851.273846,469.640979,133.528367,6281.375808,0.000000,0.000000,6884.545154,7516.021051,631.475897,6.248532,1.776583,83.573153,0.000000,8.401731,15.301883,9.937333,2.283758,0.059596,2,0.000000,0,0,0,100.000000,2.270478,100.000000,7.640437,4057.298316,9399.564898,0.000000,77.516833
6000.000000,pure-acoustic,none,hardware,1,0,0,1,priority,0.000500,180,15,hybrid,0.050000,4000.000000,6.087000,64.000000,500.000000,500.000000,2.000000,120.000000,0.000000,181,120,181,0,181,16,45,120,0,0,0,0,0,0,0,0,0.000000,0.000000,0.000000,clear-ocean,30.000000,60.000000,0.151000,1113,3101121,795.159231,13.252654,68,7,0,61,0,181,0,0,181,0,0,0,0,0,0,0,0,0,0,0,0,0,0,0,16,45,120,16,45,120,4.667271,3.205367,9.700011,0.000000,0.000000,0.000000,0,0,0,7521.421051,15.669128,114.478077,6851.273846,473.777149,134.562409,6281.605595,0.000000,0.000000,6889.945154,7521.421051,631.475897,6.299038,1.789056,83.516207,0.000000,8.395699,15.301883,9.937333,2.283758,0.059000,2,0.000000,0,0,0,100.000000,2.270478,100.000000,7.640437,4016.725333,9485.671614,0.000000,30.633547
6060.000000,pure-acoustic,none,hardware,1,0,0,1,priority,0.000500,180,15,hybrid,0.050000,4000.000000,6.087000,64.000000,500.000000,500.000000,2.000000,120.000000,0.000000,181,120,181,0,181,16,45,120,0,0,0,0,0,0,0,0,0.000000,0.000000,0.000000,clear-ocean,30.000000,60.000000,0.151000,1113,3101121,795.159231,13.121439,68,7,0,61,0,181,0,0,181,0,0,0,0,0,0,0,0,0,0,0,0,0,0,0,16,45,120,16,45,120,4.667271,3.205367,9.700011,0.000000,0.000000,0.000000,0,0,0,7526.821051,15.669128,114.478077,6851.273846,477.913320,135.596452,6281.835382,0.000000,0.000000,6895.345154,7526.821051,631.475897,6.349471,1.801510,83.459343,0.000000,8.389676,15.301883,9.937333,2.283758,0.058416,2,0.000000,0,0,0,100.000000,2.270478,100.000000,7.640437,3976.955776,9571.778331,0.000000,4.550391
6120.000000,pure-acoustic,none,hardware,1,0,0,1,priority,0.000500,180,15,hybrid,0.050000,4000.000000,6.087000,64.000000,500.000000,500.000000,2.000000,120.000000,0.000000,181,120,181,0,181,16,45,120,0,0,0,0,0,0,0,0,0.000000,0.000000,0.000000,clear-ocean,30.000000,60.000000,0.151000,1113,3101121,795.159231,12.992798,68,7,0,61,0,181,0,0,181,0,0,0,0,0,0,0,0,0,0,0,0,0,0,0,16,45,120,16,45,120,4.667271,3.205367,9.700011,0.000000,0.000000,0.000000,0,0,0,7532.221051,15.669128,114.478077,6851.273846,482.049490,136.630494,6282.065170,0.000000,0.000000,6900.745154,7532.221051,631.475897,6.399832,1.813947,83.402560,0.000000,8.383661,15.301883,9.937333,2.283758,0.057843,2,0.000000,0,0,0,100.000000,2.270478,100.000000,7.640437,3937.966013,9657.885047,-0.000000,1.740548
6180.000000,pure-acoustic,none,hardware,1,0,0,1,priority,0.000500,180,15,hybrid,0.050000,4000.000000,6.087000,64.000000,500.000000,500.000000,2.000000,120.000000,0.000000,181,120,181,0,181,16,45,120,0,0,0,0,0,0,0,0,0.000000,0.000000,0.000000,clear-ocean,30.000000,60.000000,0.151000,1113,3101121,795.159231,12.866654,68,7,0,61,0,181,0,0,181,0,0,0,0,0,0,0,0,0,0,0,0,0,0,0,16,45,120,16,45,120,4.667271,3.205367,9.700011,0.000000,0.000000,0.000000,0,0,0,7537.621051,15.669128,114.478077,6851.273846,486.185660,137.664537,6282.294957,0.000000,0.000000,6906.145154,7537.621051,631.475897,6.450121,1.826366,83.345858,0.000000,8.377655,15.301883,9.937333,2.283758,0.057282,2,0.000000,0,0,0,100.000000,2.270478,100.000000,7.640437,3899.733333,9743.991763,-0.000000,22.470444
6240.000000,pure-acoustic,none,hardware,1,0,0,1,priority,0.000500,180,15,hybrid,0.050000,4000.000000,6.087000,64.000000,500.000000,500.000000,2.000000,120.000000,0.000000,181,120,181,0,181,16,45,120,0,0,0,0,0,0,0,0,0.000000,0.000000,0.000000,clear-ocean,30.000000,60.000000,0.151000,1113,3101121,795.159231,12.742936,68,7,0,61,0,181,0,0,181,0,0,0,0,0,0,0,0,0,0,0,0,0,0,0,16,45,120,16,45,120,4.667271,3.205367,9.700011,0.000000,0.000000,0.000000,0,0,0,7543.021051,15.669128,114.478077,6851.273846,490.321830,138.698579,6282.524744,0.000000,0.000000,6911.545154,7543.021051,631.475897,6.500338,1.838767,83.289238,0.000000,8.371658,15.301883,9.937333,2.283758,0.056731,2,0.000000,0,0,0,100.000000,2.270478,100.000000,7.640437,3862.235897,9830.098479,-0.000000,64.774488
6300.000000,pure-acoustic,none,hardware,1,0,0,1,priority,0.000500,180,15,hybrid,0.050000,4000.000000,6.087000,64.000000,500.000000,500.000000,2.000000,120.000000,0.000000,181,120,181,0,181,16,45,120,0,0,0,0,0,0,0,0,0.000000,0.000000,0.000000,clear-ocean,30.000000,60.000000,0.151000,1113,3101121,795.159231,12.621575,68,7,0,61,0,181,0,0,181,0,0,0,0,0,0,0,0,0,0,0,0,0,0,0,16,45,120,16,45,120,4.667271,3.205367,9.700011,0.000000,0.000000,0.000000,0,0,0,7548.421051,15.669128,114.478077,6851.273846,494.458001,139.732622,6282.754531,0.000000,0.000000,6916.945154,7548.421051,631.475897,6.550483,1.851150,83.232698,0.000000,8.365669,15.301883,9.937333,2.283758,0.056190,2,0.000000,0,0,0,100.000000,2.270478,100.000000,7.640437,3825.452698,9916.205195,-0.000000,124.641450
6360.000000,pure-acoustic,none,hardware,1,0,0,1,priority,0.000500,180,15,hybrid,0.050000,4000.000000,6.087000,64.000000,500.000000,500.000000,2.000000,120.000000,0.000000,181,120,181,0,181,16,45,120,0,0,0,0,0,0,0,0,0.000000,0.000000,0.000000,clear-ocean,30.000000,60.000000,0.151000,1113,3101121,795.159231,12.502504,68,7,0,61,0,181,0,0,181,0,0,0,0,0,0,0,0,0,0,0,0,0,0,0,16,45,120,16,45,120,4.667271,3.205367,9.700011,0.000000,0.000000,0.000000,0,0,0,7553.821051,15.669128,114.478077,6851.273846,498.594171,140.766664,6282.984319,0.000000,0.000000,6922.345154,7553.821051,631.475897,6.600556,1.863516,83.176240,0.000000,8.359688,15.301883,9.937333,2.283758,0.055660,2,0.000000,0,0,0,100.000000,2.270478,100.000000,7.640437,3789.363522,10002.311911,-0.000000,196.394798
6420.000000,pure-acoustic,none,hardware,1,0,0,1,priority,0.000500,180,15,hybrid,0.050000,4000.000000,6.087000,64.000000,500.000000,500.000000,2.000000,120.000000,0.000000,181,120,181,0,181,16,45,120,0,0,0,0,0,0,0,0,0.000000,0.000000,0.000000,clear-ocean,30.000000,60.000000,0.151000,1113,3101121,795.159231,12.385658,68,7,0,61,0,181,0,0,181,0,0,0,0,0,0,0,0,0,0,0,0,0,0,0,16,45,120,16,45,120,4.667271,3.205367,9.700011,0.000000,0.000000,0.000000,0,0,0,7559.221051,15.669128,114.478077,6851.273846,502.730341,141.800707,6283.214106,0.000000,0.000000,6927.745154,7559.221051,631.475897,6.650557,1.875864,83.119862,0.000000,8.353717,15.301883,9.937333,2.283758,0.055140,2,0.000000,0,0,0,100.000000,2.270478,100.000000,7.640437,3753.948910,10088.418627,-0.000000,273.230942
6480.000000,pure-acoustic,none,hardware,1,0,0,1,priority,0.000500,180,15,hybrid,0.050000,4000.000000,6.087000,64.000000,500.000000,500.000000,2.000000,120.000000,0.000000,181,120,181,0,181,16,45,120,0,0,0,0,0,0,0,0,0.000000,0.000000,0.000000,clear-ocean,30.000000,60.000000,0.151000,1113,3101121,795.159231,12.270976,68,7,0,61,0,181,0,0,181,0,0,0,0,0,0,0,0,0,0,0,0,0,0,0,16,45,120,16,45,120,4.667271,3.205367,9.700011,0.000000,0.000000,0.000000,0,0,0,7564.621051,15.669128,114.478077,6851.273846,506.866511,142.834750,6283.443893,0.000000,0.000000,6933.145154,7564.621051,631.475897,6.700488,1.888194,83.063565,0.000000,8.347753,15.301883,9.937333,2.283758,0.054630,2,0.000000,0,0,0,100.000000,2.270478,100.000000,7.640437,3719.190123,10174.525344,-0.000000,347.864350
6540.000000,pure-acoustic,none,hardware,1,0,0,1,priority,0.000500,180,15,hybrid,0.050000,4000.000000,6.087000,64.000000,500.000000,500.000000,2.000000,120.000000,0.000000,181,120,181,0,181,16,45,120,0,0,0,0,0,0,0,0,0.000000,0.000000,0.000000,clear-ocean,30.000000,60.000000,0.151000,1113,3101121,795.159231,12.158398,68,7,0,61,0,181,0,0,181,0,0,0,0,0,0,0,0,0,0,0,0,0,0,0,16,45,120,16,45,120,4.667271,3.205367,9.700011,0.000000,0.000000,0.000000,0,0,0,7570.021051,15.669128,114.478077,6851.273846,511.002681,143.868792,6283.673680,0.000000,0.000000,6938.545154,7570.021051,631.475897,6.750347,1.900507,83.007348,0.000000,8.341798,15.301883,9.937333,2.283758,0.054128,2,0.000000,0,0,0,100.000000,2.270478,100.000000,7.640437,3685.069113,10260.632060,-0.000000,413.218348
6600.000000,pure-acoustic,none,hardware,1,0,0,1,priority,0.000500,180,15,hybrid,0.050000,4000.000000,6.087000,64.000000,500.000000,500.000000,2.000000,120.000000,0.000000,181,120,181,0,181,16,45,120,0,0,0,0,0,0,0,0,0.000000,0.000000,0.000000,clear-ocean,30.000000,60.000000,0.151000,1113,3101121,795.159231,12.047867,68,7,0,61,0,181,0,0,181,0,0,0,0,0,0,0,0,0,0,0,0,0,0,0,16,45,120,16,45,120,4.667271,3.205367,9.700011,0.000000,0.000000,0.000000,0,0,0,7575.421051,15.669128,114.478077,6851.273846,515.138852,144.902835,6283.903468,0.000000,0.000000,6943.945154,7575.421051,631.475897,6.800135,1.912802,82.951211,0.000000,8.335852,15.301883,9.937333,2.283758,0.053636,2,0.000000,0,0,0,100.000000,2.270478,100.000000,7.640437,3651.568485,10346.738776,-0.000000,463.096127
6660.000000,pure-acoustic,none,hardware,1,0,0,1,priority,0.000500,180,15,hybrid,0.050000,4000.000000,6.087000,64.000000,500.000000,500.000000,2.000000,120.000000,0.000000,181,120,181,0,181,16,45,120,0,0,0,0,0,0,0,0,0.000000,0.000000,0.000000,clear-ocean,30.000000,60.000000,0.151000,1113,3101121,795.159231,11.939328,68,7,0,61,0,181,0,0,181,0,0,0,0,0,0,0,0,0,0,0,0,0,0,0,16,45,120,16,45,120,4.667271,3.205367,9.700011,0.000000,0.000000,0.000000,0,0,0,7580.821051,15.669128,114.478077,6851.273846,519.275022,145.936877,6284.133255,0.000000,0.000000,6949.345154,7580.821051,631.475897,6.849852,1.925080,82.895154,0.000000,8.329914,15.301883,9.937333,2.283758,0.053153,2,0.000000,0,0,0,100.000000,2.270478,100.000000,7.640437,3618.671471,10432.845492,-0.000000,492.768323
6720.000000,pure-acoustic,none,hardware,1,0,0,1,priority,0.000500,180,15,hybrid,0.050000,4000.000000,6.087000,64.000000,500.000000,500.000000,2.000000,120.000000,0.000000,181,120,181,0,181,16,45,120,0,0,0,0,0,0,0,0,0.000000,0.000000,0.000000,clear-ocean,30.000000,60.000000,0.151000,1113,3101121,795.159231,11.832727,68,7,0,61,0,181,0,0,181,0,0,0,0,0,0,0,0,0,0,0,0,0,0,0,16,45,120,16,45,120,4.667271,3.205367,9.700011,0.000000,0.000000,0.000000,0,0,0,7586.221051,15.669128,114.478077,6851.273846,523.411192,146.970920,6284.363042,0.000000,0.000000,6954.745154,7586.221051,631.475897,6.899498,1.937340,82.839176,0.000000,8.323985,15.301883,9.937333,2.283758,0.052679,2,0.000000,0,0,0,100.000000,2.270478,100.000000,7.640437,3586.361905,10518.952208,0.000000,499.421444
6780.000000,pure-acoustic,none,hardware,1,0,0,1,priority,0.000500,180,15,hybrid,0.050000,4000.000000,6.087000,64.000000,500.000000,500.000000,2.000000,120.000000,0.000000,181,120,181,0,181,16,45,120,0,0,0,0,0,0,0,0,0.000000,0.000000,0.000000,clear-ocean,30.000000,60.000000,0.151000,1113,3101121,795.159231,11.728012,68,7,0,61,0,181,0,0,181,0,0,0,0,0,0,0,0,0,0,0,0,0,0,0,16,45,120,16,45,120,4.667271,3.205367,9.700011,0.000000,0.000000,0.000000,0,0,0,7591.621051,15.669128,114.478077,6851.273846,527.547362,148.004962,6284.592829,0.000000,0.000000,6960.145154,7591.621051,631.475897,6.949074,1.949583,82.783279,0.000000,8.318064,15.301883,9.937333,2.283758,0.052212,2,0.000000,0,0,0,100.000000,2.270478,100.000000,7.640437,3554.624189,10605.058924,0.000000,482.424646
6840.000000,pure-acoustic,none,hardware,1,0,0,1,priority,0.000500,180,15,hybrid,0.050000,4000.000000,6.087000,64.000000,500.000000,500.000000,2.000000,120.000000,0.000000,181,120,181,0,181,16,45,120,0,0,0,0,0,0,0,0,0.000000,0.000000,0.000000,clear-ocean,30.000000,60.000000,0.151000,1113,3101121,795.159231,11.625135,68,7,0,61,0,181,0,0,181,0,0,0,0,0,0,0,0,0,0,0,0,0,0,0,16,45,120,16,45,120,4.667271,3.205367,9.700011,0.000000,0.000000,0.000000,0,0,0,7597.021051,15.669128,114.478077,6851.273846,531.683532,149.039005,6284.822616,0.000000,0.000000,6965.545154,7597.021051,631.475897,6.998579,1.961809,82.727461,0.000000,8.312151,15.301883,9.937333,2.283758,0.051754,2,0.000000,0,0,0,100.000000,2.270478,100.000000,7.640437,3523.443275,10691.165640,0.000000,443.389552
6900.000000,pure-acoustic,none,hardware,1,0,0,1,priority,0.000500,180,15,hybrid,0.050000,4000.000000,6.087000,64.000000,500.000000,500.000000,2.000000,120.000000,0.000000,181,120,181,0,181,16,45,120,0,0,0,0,0,0,0,0,0.000000,0.000000,0.000000,clear-ocean,30.000000,60.000000,0.151000,1113,3101121,795.159231,11.524047,68,7,0,61,0,181,0,0,181,0,0,0,0,0,0,0,0,0,0,0,0,0,0,0,16,45,120,16,45,120,4.667271,3.205367,9.700011,0.000000,0.000000,0.000000,0,0,0,7602.421051,15.669128,114.478077,6851.273846,535.819703,150.073047,6285.052404,0.000000,0.000000,6970.945154,7602.421051,631.475897,7.048014,1.974017,82.671722,0.000000,8.306247,15.301883,9.937333,2.283758,0.051304,2,0.000000,0,0,0,100.000000,2.270478,100.000000,7.640437,3492.804638,10777.272357,0.000000,386.017433
6960.000000,pure-acoustic,none,hardware,1,0,0,1,priority,0.000500,180,15,hybrid,0.050000,4000.000000,6.087000,64.000000,500.000000,500.000000,2.000000,120.000000,0.000000,181,120,181,0,181,16,45,120,0,0,0,0,0,0,0,0,0.000000,0.000000,0.000000,clear-ocean,30.000000,60.000000,0.151000,1113,3101121,795.159231,11.424702,68,7,0,61,0,181,0,0,181,0,0,0,0,0,0,0,0,0,0,0,0,0,0,0,16,45,120,16,45,120,4.667271,3.205367,9.700011,0.000000,0.000000,0.000000,0,0,0,7607.821051,15.669128,114.478077,6851.273846,539.955873,151.107090,6285.282191,0.000000,0.000000,6976.345154,7607.821051,631.475897,7.097379,1.986207,82.616062,0.000000,8.300352,15.301883,9.937333,2.283758,0.050862,2,0.000000,0,0,0,100.000000,2.270478,100.000000,7.640437,3462.694253,10863.379073,0.000000,315.748263
7020.000000,pure-acoustic,none,hardware,1,0,0,1,priority,0.000500,180,15,hybrid,0.050000,4000.000000,6.087000,64.000000,500.000000,500.000000,2.000000,120.000000,0.000000,181,120,181,0,181,16,45,120,0,0,0,0,0,0,0,0,0.000000,0.000000,0.000000,clear-ocean,30.000000,60.000000,0.151000,1113,3101121,795.159231,11.327055,68,7,0,61,0,181,0,0,181,0,0,0,0,0,0,0,0,0,0,0,0,0,0,0,16,45,120,16,45,120,4.667271,3.205367,9.700011,0.000000,0.000000,0.000000,0,0,0,7613.221051,15.669128,114.478077,6851.273846,544.092043,152.141133,6285.511978,0.000000,0.000000,6981.745154,7613.221051,631.475897,7.146673,1.998381,82.560482,0.000000,8.294464,15.301883,9.937333,2.283758,0.050427,2,0.000000,0,0,0,100.000000,2.270478,100.000000,7.640437,3433.098575,10949.485789,0.000000,239.244901
7080.000000,pure-acoustic,none,hardware,1,0,0,1,priority,0.000500,180,15,hybrid,0.050000,4000.000000,6.087000,64.000000,500.000000,500.000000,2.000000,120.000000,0.000000,181,120,181,0,181,16,45,120,0,0,0,0,0,0,0,0,0.000000,0.000000,0.000000,clear-ocean,30.000000,60.000000,0.151000,1113,3101121,795.159231,11.231063,68,7,0,61,0,181,0,0,181,0,0,0,0,0,0,0,0,0,0,0,0,0,0,0,16,45,120,16,45,120,4.667271,3.205367,9.700011,0.000000,0.000000,0.000000,0,0,0,7618.621051,15.669128,114.478077,6851.273846,548.228213,153.175175,6285.741765,0.000000,0.000000,6987.145154,7618.621051,631.475897,7.195898,2.010537,82.504980,0.000000,8.288585,15.301883,9.937333,2.283758,0.050000,2,0.000000,0,0,0,100.000000,2.270478,100.000000,7.640437,3404.004520,11035.592505,0.000000,163.761329
7140.000000,pure-acoustic,none,hardware,1,0,0,1,priority,0.000500,180,15,hybrid,0.050000,4000.000000,6.087000,64.000000,500.000000,500.000000,2.000000,120.000000,0.000000,181,120,181,0,181,16,45,120,0,0,0,0,0,0,0,0,0.000000,0.000000,0.000000,clear-ocean,30.000000,60.000000,0.151000,1113,3101121,795.159231,11.136684,68,7,0,61,0,181,0,0,181,0,0,0,0,0,0,0,0,0,0,0,0,0,0,0,16,45,120,16,45,120,4.667271,3.205367,9.700011,0.000000,0.000000,0.000000,0,0,0,7624.021051,15.669128,114.478077,6851.273846,552.364384,154.209218,6285.971553,0.000000,0.000000,6992.545154,7624.021051,631.475897,7.245053,2.022676,82.449557,0.000000,8.282715,15.301883,9.937333,2.283758,0.049580,2,0.000000,0,0,0,100.000000,2.270478,100.000000,7.640437,3375.399440,11121.699221,0.000000,96.454830
7200.000000,pure-acoustic,none,hardware,1,0,0,1,priority,0.000500,180,15,hybrid,0.050000,4000.000000,6.087000,64.000000,500.000000,500.000000,2.000000,120.000000,0.000000,181,120,181,0,181,16,45,120,0,0,0,0,0,0,0,0,0.000000,0.000000,0.000000,clear-ocean,30.000000,60.000000,0.151000,1113,3101121,795.159231,11.043878,68,7,0,61,0,181,0,0,181,0,0,0,0,0,0,0,0,0,0,0,0,0,0,0,16,45,120,16,45,120,4.667271,3.205367,9.700011,0.000000,0.000000,0.000000,0,0,0,7629.421051,15.669128,114.478077,6851.273846,556.500554,155.243260,6286.201340,0.000000,0.000000,6997.945154,7629.421051,631.475897,7.294139,2.034797,82.394212,0.000000,8.276852,15.301883,9.937333,2.283758,0.049167,2,0.000000,0,0,0,100.000000,2.270478,100.000000,7.640437,3347.271111,11207.805937,0.000000,43.707346
7260.000000,pure-acoustic,none,hardware,1,0,0,1,priority,0.000500,180,15,hybrid,0.050000,4000.000000,6.087000,64.000000,500.000000,500.000000,2.000000,120.000000,0.000000,181,120,181,0,181,16,45,120,0,0,0,0,0,0,0,0,0.000000,0.000000,0.000000,clear-ocean,30.000000,60.000000,0.151000,1113,3101121,795.159231,10.952606,68,7,0,61,0,181,0,0,181,0,0,0,0,0,0,0,0,0,0,0,0,0,0,0,16,45,120,16,45,120,4.667271,3.205367,9.700011,0.000000,0.000000,0.000000,0,0,0,7634.821051,15.669128,114.478077,6851.273846,560.636724,156.277303,6286.431127,0.000000,0.000000,7003.345154,7634.821051,631.475897,7.343155,2.046902,82.338945,0.000000,8.270998,15.301883,9.937333,2.283758,0.048760,2,0.000000,0,0,0,100.000000,2.270478,100.000000,7.640437,3319.607713,11293.912653,0.000000,10.520348
7320.000000,pure-acoustic,none,hardware,1,0,0,1,priority,0.000500,180,15,hybrid,0.050000,4000.000000,6.087000,64.000000,500.000000,500.000000,2.000000,120.000000,0.000000,181,120,181,0,181,16,45,120,0,0,0,0,0,0,0,0,0.000000,0.000000,0.000000,clear-ocean,30.000000,60.000000,0.151000,1113,3101121,795.159231,10.862831,68,7,0,61,0,181,0,0,181,0,0,0,0,0,0,0,0,0,0,0,0,0,0,0,16,45,120,16,45,120,4.667271,3.205367,9.700011,0.000000,0.000000,0.000000,0,0,0,7640.221051,15.669128,114.478077,6851.273846,564.772894,157.311345,6286.660914,0.000000,0.000000,7008.745154,7640.221051,631.475897,7.392101,2.058989,82.283757,0.000000,8.265152,15.301883,9.937333,2.283758,0.048361,2,0.000000,0,0,0,100.000000,2.270478,100.000000,7.640437,3292.397814,11380.019370,-0.000000,0.040596
7380.000000,pure-acoustic,none,hardware,1,0,0,1,priority,0.000500,180,15,hybrid,0.050000,4000.000000,6.087000,64.000000,500.000000,500.000000,2.000000,120.000000,0.000000,181,120,181,0,181,16,45,120,0,0,0,0,0,0,0,0,0.000000,0.000000,0.000000,clear-ocean,30.000000,60.000000,0.151000,1113,3101121,795.159231,10.774515,68,7,0,61,0,181,0,0,181,0,0,0,0,0,0,0,0,0,0,0,0,0,0,0,16,45,120,16,45,120,4.667271,3.205367,9.700011,0.000000,0.000000,0.000000,0,0,0,7645.621051,15.669128,114.478077,6851.273846,568.909064,158.345388,6286.890702,0.000000,0.000000,7014.145154,7645.621051,631.475897,7.440979,2.071060,82.228646,0.000000,8.259315,15.301883,9.937333,2.283758,0.047967,2,0.000000,0,0,0,100.000000,2.270478,100.000000,7.640437,3265.630352,11466.126086,-0.000000,13.261771
7440.000000,pure-acoustic,none,hardware,1,0,0,1,priority,0.000500,180,15,hybrid,0.050000,4000.000000,6.087000,64.000000,500.000000,500.000000,2.000000,120.000000,0.000000,181,120,181,0,181,16,45,120,0,0,0,0,0,0,0,0,0.000000,0.000000,0.000000,clear-ocean,30.000000,60.000000,0.151000,1113,3101121,795.159231,10.687624,68,7,0,61,0,181,0,0,181,0,0,0,0,0,0,0,0,0,0,0,0,0,0,0,16,45,120,16,45,120,4.667271,3.205367,9.700011,0.000000,0.000000,0.000000,0,0,0,7651.021051,15.669128,114.478077,6851.273846,573.045235,159.379430,6287.120489,0.000000,0.000000,7019.545154,7651.021051,631.475897,7.489788,2.083113,82.173614,0.000000,8.253485,15.301883,9.937333,2.283758,0.047581,2,0.000000,0,0,0,100.000000,2.270478,100.000000,7.640437,3239.294624,11552.232802,-0.000000,48.930253
7500.000000,pure-acoustic,none,hardware,1,0,0,1,priority,0.000500,180,15,hybrid,0.050000,4000.000000,6.087000,64.000000,500.000000,500.000000,2.000000,120.000000,0.000000,181,120,181,0,181,16,45,120,0,0,0,0,0,0,0,0,0.000000,0.000000,0.000000,clear-ocean,30.000000,60.000000,0.151000,1113,3101121,795.159231,10.602123,68,7,0,61,0,181,0,0,181,0,0,0,0,0,0,0,0,0,0,0,0,0,0,0,16,45,120,16,45,120,4.667271,3.205367,9.700011,0.000000,0.000000,0.000000,0,0,0,7656.421051,15.669128,114.478077,6851.273846,577.181405,160.413473,6287.350276,0.000000,0.000000,7024.945154,7656.421051,631.475897,7.538527,2.095150,82.118659,0.000000,8.247664,15.301883,9.937333,2.283758,0.047200,2,0.000000,0,0,0,100.000000,2.270478,100.000000,7.640437,3213.380267,11638.339518,-0.000000,103.663988
7560.000000,pure-acoustic,none,hardware,1,0,0,1,priority,0.000500,180,15,hybrid,0.050000,4000.000000,6.087000,64.000000,500.000000,500.000000,2.000000,120.000000,0.000000,181,120,181,0,181,16,45,120,0,0,0,0,0,0,0,0,0.000000,0.000000,0.000000,clear-ocean,30.000000,60.000000,0.151000,1113,3101121,795.159231,10.517979,68,7,0,61,0,181,0,0,181,0,0,0,0,0,0,0,0,0,0,0,0,0,0,0,16,45,120,16,45,120,4.667271,3.205367,9.700011,0.000000,0.000000,0.000000,0,0,0,7661.821051,15.669128,114.478077,6851.273846,581.317575,161.447516,6287.580063,0.000000,0.000000,7030.345154,7661.821051,631.475897,7.587199,2.107169,82.063781,0.000000,8.241851,15.301883,9.937333,2.283758,0.046825,2,0.000000,0,0,0,100.000000,2.270478,100.000000,7.640437,3187.877249,11724.446234,-0.000000,172.273173
7620.000000,pure-acoustic,none,hardware,1,0,0,1,priority,0.000500,180,15,hybrid,0.050000,4000.000000,6.087000,64.000000,500.000000,500.000000,2.000000,120.000000,0.000000,181,120,181,0,181,16,45,120,0,0,0,0,0,0,0,0,0.000000,0.000000,0.000000,clear-ocean,30.000000,60.000000,0.151000,1113,3101121,795.159231,10.435161,68,7,0,61,0,181,0,0,181,0,0,0,0,0,0,0,0,0,0,0,0,0,0,0,16,45,120,16,45,120,4.667271,3.205367,9.700011,0.000000,0.000000,0.000000,0,0,0,7667.221051,15.669128,114.478077,6851.273846,585.453745,162.481558,6287.809851,0.000000,0.000000,7035.745154,7667.221051,631.475897,7.635801,2.119171,82.008981,0.000000,8.236047,15.301883,9.937333,2.283758,0.046457,2,0.000000,0,0,0,100.000000,2.270478,100.000000,7.640437,3162.775853,11810.552950,-0.000000,248.252347
7680.000000,pure-acoustic,none,hardware,1,0,0,1,priority,0.000500,180,15,hybrid,0.050000,4000.000000,6.087000,64.000000,500.000000,500.000000,2.000000,120.000000,0.000000,181,120,181,0,181,16,45,120,0,0,0,0,0,0,0,0,0.000000,0.000000,0.000000,clear-ocean,30.000000,60.000000,0.151000,1113,3101121,795.159231,10.353636,68,7,0,61,0,181,0,0,181,0,0,0,0,0,0,0,0,0,0,0,0,0,0,0,16,45,120,16,45,120,4.667271,3.205367,9.700011,0.000000,0.000000,0.000000,0,0,0,7672.621051,15.669128,114.478077,6851.273846,589.589915,163.515601,6288.039638,0.000000,0.000000,7041.145154,7672.621051,631.475897,7.684335,2.131157,81.954258,0.000000,8.230250,15.301883,9.937333,2.283758,0.046094,2,0.000000,0,0,0,100.000000,2.270478,100.000000,7.640437,3138.066667,11896.659666,-0.000000,324.397231
7740.000000,pure-acoustic,none,hardware,1,0,0,1,priority,0.000500,180,15,hybrid,0.050000,4000.000000,6.087000,64.000000,500.000000,500.000000,2.000000,120.000000,0.000000,181,120,181,0,181,16,45,120,0,0,0,0,0,0,0,0,0.000000,0.000000,0.000000,clear-ocean,30.000000,60.000000,0.151000,1113,3101121,795.159231,10.273375,68,7,0,61,0,181,0,0,181,0,0,0,0,0,0,0,0,0,0,0,0,0,0,0,16,45,120,16,45,120,4.667271,3.205367,9.700011,0.000000,0.000000,0.000000,0,0,0,7678.021051,15.669128,114.478077,6851.273846,593.726086,164.549643,6288.269425,0.000000,0.000000,7046.545154,7678.021051,631.475897,7.732801,2.143126,81.899612,0.000000,8.224462,15.301883,9.937333,2.283758,0.045736,2,0.000000,0,0,0,100.000000,2.270478,100.000000,7.640437,3113.740568,11982.766383,-0.000000,393.487836
7800.000000,pure-acoustic,none,hardware,1,0,0,1,priority,0.000500,180,15,hybrid,0.050000,4000.000000,6.087000,64.000000,500.000000,500.000000,2.000000,120.000000,0.000000,181,120,181,0,181,16,45,120,0,0,0,0,0,0,0,0,0.000000,0.000000,0.000000,clear-ocean,30.000000,60.000000,0.151000,1113,3101121,795.159231,10.194349,68,7,0,61,0,181,0,0,181,0,0,0,0,0,0,0,0,0,0,0,0,0,0,0,16,45,120,16,45,120,4.667271,3.205367,9.700011,0.000000,0.000000,0.000000,0,0,0,7683.421051,15.669128,114.478077,6851.273846,597.862256,165.583686,6288.499212,0.000000,0.000000,7051.945154,7683.421051,631.475897,7.781199,2.155078,81.845042,0.000000,8.218681,15.301883,9.937333,2.283758,0.045385,2,0.000000,0,0,0,100.000000,2.270478,100.000000,7.640437,3089.788718,12068.873099,-0.000000,448.973053
7860.000000,pure-acoustic,none,hardware,1,0,0,1,priority,0.000500,180,15,hybrid,0.050000,4000.000000,6.087000,64.000000,500.000000,500.000000,2.000000,120.000000,0.000000,181,120,181,0,181,16,45,120,0,0,0,0,0,0,0,0,0.000000,0.000000,0.000000,clear-ocean,30.000000,60.000000,0.151000,1113,3101121,795.159231,10.116530,68,7,0,61,0,181,0,0,181,0,0,0,0,0,0,0,0,0,0,0,0,0,0,0,16,45,120,16,45,120,4.667271,3.205367,9.700011,0.000000,0.000000,0.000000,0,0,0,7688.821051,15.669128,114.478077,6851.273846,601.998426,166.617728,6288.728999,0.000000,0.000000,7057.345154,7688.821051,631.475897,7.829528,2.167013,81.790550,0.000000,8.212909,15.301883,9.937333,2.283758,0.045038,2,0.000000,0,0,0,100.000000,2.270478,100.000000,7.640437,3066.202545,12154.979815,-0.000000,485.591824
7920.000000,pure-acoustic,none,hardware,1,0,0,1,priority,0.000500,180,15,hybrid,0.050000,4000.000000,6.087000,64.000000,500.000000,500.000000,2.000000,120.000000,0.000000,181,120,181,0,181,16,45,120,0,0,0,0,0,0,0,0,0.000000,0.000000,0.000000,clear-ocean,30.000000,60.000000,0.151000,1113,3101121,795.159231,10.039889,68,7,0,61,0,181,0,0,181,0,0,0,0,0,0,0,0,0,0,0,0,0,0,0,16,45,120,16,45,120,4.667271,3.205367,9.700011,0.000000,0.000000,0.000000,0,0,0,7694.221051,15.669128,114.478077,6851.273846,606.134596,167.651771,6288.958787,0.000000,0.000000,7062.745154,7694.221051,631.475897,7.877790,2.178931,81.736133,0.000000,8.207145,15.301883,9.937333,2.283758,0.044697,2,0.000000,0,0,0,100.000000,2.270478,100.000000,7.640437,3042.973737,12241.086531,-0.000000,499.871988
7980.000000,pure-acoustic,none,hardware,1,0,0,1,priority,0.000500,180,15,hybrid,0.050000,4000.000000,6.087000,64.000000,500.000000,500.000000,2.000000,120.000000,0.000000,181,120,181,0,181,16,45,120,0,0,0,0,0,0,0,0,0.000000,0.000000,0.000000,clear-ocean,30.000000,60.000000,0.151000,1113,3101121,795.159231,9.964401,68,7,0,61,0,181,0,0,181,0,0,0,0,0,0,0,0,0,0,0,0,0,0,0,16,45,120,16,45,120,4.667271,3.205367,9.700011,0.000000,0.000000,0.000000,0,0,0,7699.621051,15.669128,114.478077,6851.273846,610.270767,168.685813,6289.188574,0.000000,0.000000,7068.145154,7699.621051,631.475897,7.925984,2.190833,81.681794,0.000000,8.201389,15.301883,9.937333,2.283758,0.044361,2,0.000000,0,0,0,100.000000,2.270478,100.000000,7.640437,3020.094236,12327.193247,0.000000,490.459514
8040.000000,pure-acoustic,none,hardware,1,0,0,1,priority,0.000500,180,15,hybrid,0.050000,4000.000000,6.087000,64.000000,500.000000,500.000000,2.000000,120.000000,0.000000,181,120,181,0,181,16,45,120,0,0,0,0,0,0,0,0,0.000000,0.000000,0.000000,clear-ocean,30.000000,60.000000,0.151000,1113,3101121,795.159231,9.890040,68,7,0,61,0,181,0,0,181,0,0,0,0,0,0,0,0,0,0,0,0,0,0,0,16,45,120,16,45,120,4.667271,3.205367,9.700011,0.000000,0.000000,0.000000,0,0,0,7705.021051,15.669128,114.478077,6851.273846,614.406937,169.719856,6289.418361,0.000000,0.000000,7073.545154,7705.021051,631.475897,7.974111,2.202718,81.627530,0.000000,8.195641,15.301883,9.937333,2.283758,0.044030,2,0.000000,0,0,0,100.000000,2.270478,100.000000,7.640437,2997.556219,12413.299963,0.000000,458.246884
8100.000000,pure-acoustic,none,hardware,1,0,0,1,priority,0.000500,180,15,hybrid,0.050000,4000.000000,6.087000,64.000000,500.000000,500.000000,2.000000,120.000000,0.000000,181,120,181,0,181,16,45,120,0,0,0,0,0,0,0,0,0.000000,0.000000,0.000000,clear-ocean,30.000000,60.000000,0.151000,1113,3101121,795.159231,9.816781,68,7,0,61,0,181,0,0,181,0,0,0,0,0,0,0,0,0,0,0,0,0,0,0,16,45,120,16,45,120,4.667271,3.205367,9.700011,0.000000,0.000000,0.000000,0,0,0,7710.421051,15.669128,114.478077,6851.273846,618.543107,170.753899,6289.648148,0.000000,0.000000,7078.945154,7710.421051,631.475897,8.022170,2.214586,81.573342,0.000000,8.189902,15.301883,9.937333,2.283758,0.043704,2,0.000000,0,0,0,100.000000,2.270478,100.000000,7.640437,2975.352099,12499.406680,0.000000,406.288471
8160.000000,pure-acoustic,none,hardware,1,0,0,1,priority,0.000500,180,15,hybrid,0.050000,4000.000000,6.087000,64.000000,500.000000,500.000000,2.000000,120.000000,0.000000,181,120,181,0,181,16,45,120,0,0,0,0,0,0,0,0,0.000000,0.000000,0.000000,clear-ocean,30.000000,60.000000,0.151000,1113,3101121,795.159231,9.744598,68,7,0,61,0,181,0,0,181,0,0,0,0,0,0,0,0,0,0,0,0,0,0,0,16,45,120,16,45,120,4.667271,3.205367,9.700011,0.000000,0.000000,0.000000,0,0,0,7715.821051,15.669128,114.478077,6851.273846,622.679277,171.787941,6289.877936,0.000000,0.000000,7084.345154,7715.821051,631.475897,8.070162,2.226438,81.519230,0.000000,8.184170,15.301883,9.937333,2.283758,0.043382,2,0.000000,0,0,0,100.000000,2.270478,100.000000,7.640437,2953.474510,12585.513396,0.000000,339.510925
8220.000000,pure-acoustic,none,hardware,1,0,0,1,priority,0.000500,180,15,hybrid,0.050000,4000.000000,6.087000,64.000000,500.000000,500.000000,2.000000,120.000000,0.000000,181,120,181,0,181,16,45,120,0,0,0,0,0,0,0,0,0.000000,0.000000,0.000000,clear-ocean,30.000000,60.000000,0.151000,1113,3101121,795.159231,9.673470,68,7,0,61,0,181,0,0,181,0,0,0,0,0,0,0,0,0,0,0,0,0,0,0,16,45,120,16,45,120,4.667271,3.205367,9.700011,0.000000,0.000000,0.000000,0,0,0,7721.221051,15.669128,114.478077,6851.273846,626.815447,172.821984,6290.107723,0.000000,0.000000,7089.745154,7721.221051,631.475897,8.118087,2.238273,81.465194,0.000000,8.178446,15.301883,9.937333,2.283758,0.043066,2,0.000000,0,0,0,100.000000,2.270478,100.000000,7.640437,2931.916302,12528.379888,0.000000,385.182255
8280.000000,pure-acoustic,none,hardware,1,0,0,1,priority,0.000500,180,15,hybrid,0.050000,4000.000000,6.087000,64.000000,500.000000,500.000000,2.000000,120.000000,0.000000,181,120,181,0,181,16,45,120,0,0,0,0,0,0,0,0,0.000000,0.000000,0.000000,clear-ocean,30.000000,60.000000,0.151000,1113,3101121,795.159231,9.603372,68,7,0,61,0,181,0,0,181,0,0,0,0,0,0,0,0,0,0,0,0,0,0,0,16,45,120,16,45,120,4.667271,3.205367,9.700011,0.000000,0.000000,0.000000,0,0,0,7726.621051,15.669128,114.478077,6851.273846,630.951618,173.856026,6290.337510,0.000000,0.000000,7095.145154,7726.621051,631.475897,8.165945,2.250091,81.411234,0.000000,8.172730,15.301883,9.937333,2.283758,0.042754,2,0.000000,0,0,0,100.000000,2.270478,100.000000,7.640437,2910.670531,12442.273172,0.000000,442.758027
8340.000000,pure-acoustic,none,hardware,1,0,0,1,priority,0.000500,180,15,hybrid,0.050000,4000.000000,6.087000,64.000000,500.000000,500.000000,2.000000,120.000000,0.000000,181,120,181,0,181,16,45,120,0,0,0,0,0,0,0,0,0.000000,0.000000,0.000000,clear-ocean,30.000000,60.000000,0.151000,1113,3101121,795.159231,9.534283,68,7,0,61,0,181,0,0,181,0,0,0,0,0,0,0,0,0,0,0,0,0,0,0,16,45,120,16,45,120,4.667271,3.205367,9.700011,0.000000,0.000000,0.000000,0,0,0,7732.021051,15.669128,114.478077,6851.273846,635.087788,174.890069,6290.567297,0.000000,0.000000,7100.545154,7732.021051,631.475897,8.213736,2.261893,81.357348,0.000000,8.167022,15.301883,9.937333,2.283758,0.042446,2,0.000000,0,0,0,100.000000,2.270478,100.000000,7.640437,2889.730456,12356.166456,0.000000,482.056655
8400.000000,pure-acoustic,none,hardware,1,0,0,1,priority,0.000500,180,15,hybrid,0.050000,4000.000000,6.087000,64.000000,500.000000,500.000000,2.000000,120.000000,0.000000,181,120,181,0,181,16,45,120,0,0,0,0,0,0,0,0,0.000000,0.000000,0.000000,clear-ocean,30.000000,60.000000,0.151000,1113,3101121,795.159231,9.466181,68,7,0,61,0,181,0,0,181,0,0,0,0,0,0,0,0,0,0,0,0,0,0,0,16,45,120,16,45,120,4.667271,3.205367,9.700011,0.000000,0.000000,0.000000,0,0,0,7737.421051,15.669128,114.478077,6851.273846,639.223958,175.924111,6290.797085,0.000000,0.000000,7105.945154,7737.421051,631.475897,8.261460,2.273679,81.303538,0.000000,8.161323,15.301883,9.937333,2.283758,0.042143,2,0.000000,0,0,0,100.000000,2.270478,100.000000,7.640437,2869.089524,12270.059740,0.000000,499.351878
8460.000000,pure-acoustic,none,hardware,1,0,0,1,priority,0.000500,180,15,hybrid,0.050000,4000.000000,6.087000,64.000000,500.000000,500.000000,2.000000,120.000000,0.000000,181,120,181,0,181,16,45,120,0,0,0,0,0,0,0,0,0.000000,0.000000,0.000000,clear-ocean,30.000000,60.000000,0.151000,1113,3101121,795.159231,9.399045,68,7,0,61,0,181,0,0,181,0,0,0,0,0,0,0,0,0,0,0,0,0,0,0,16,45,120,16,45,120,4.667271,3.205367,9.700011,0.000000,0.000000,0.000000,0,0,0,7742.821051,15.669128,114.478077,6851.273846,643.360128,176.958154,6291.026872,0.000000,0.000000,7111.345154,7742.821051,631.475897,8.309118,2.285448,81.249803,0.000000,8.155631,15.301883,9.937333,2.283758,0.041844,2,0.000000,0,0,0,100.000000,2.270478,100.000000,7.640437,2848.741371,12183.953024,-0.000000,493.003780
8520.000000,pure-acoustic,none,hardware,1,0,0,1,priority,0.000500,180,15,hybrid,0.050000,4000.000000,6.087000,64.000000,500.000000,500.000000,2.000000,120.000000,0.000000,181,120,181,0,181,16,45,120,0,0,0,0,0,0,0,0,0.000000,0.000000,0.000000,clear-ocean,30.000000,60.000000,0.151000,1113,3101121,795.159231,9.332855,68,7,0,61,0,181,0,0,181,0,0,0,0,0,0,0,0,0,0,0,0,0,0,0,16,45,120,16,45,120,4.667271,3.205367,9.700011,0.000000,0.000000,0.000000,0,0,0,7748.221051,15.669128,114.478077,6851.273846,647.496298,177.992196,6291.256659,0.000000,0.000000,7116.745154,7748.221051,631.475897,8.356709,2.297201,81.196143,0.000000,8.149947,15.301883,9.937333,2.283758,0.041549,2,0.000000,0,0,0,100.000000,2.270478,100.000000,7.640437,2828.679812,12097.846307,-0.000000,463.614281
8580.000000,pure-acoustic,none,hardware,1,0,0,1,priority,0.000500,180,15,hybrid,0.050000,4000.000000,6.087000,64.000000,500.000000,500.000000,2.000000,120.000000,0.000000,181,120,181,0,181,16,45,120,0,0,0,0,0,0,0,0,0.000000,0.000000,0.000000,clear-ocean,30.000000,60.000000,0.151000,1113,3101121,795.159231,9.267590,68,7,0,61,0,181,0,0,181,0,0,0,0,0,0,0,0,0,0,0,0,0,0,0,16,45,120,16,45,120,4.667271,3.205367,9.700011,0.000000,0.000000,0.000000,0,0,0,7753.621051,15.669128,114.478077,6851.273846,651.632469,179.026239,6291.486446,0.000000,0.000000,7122.145154,7753.621051,631.475897,8.404234,2.308937,81.142558,0.000000,8.144271,15.301883,9.937333,2.283758,0.041259,2,0.000000,0,0,0,100.000000,2.270478,100.000000,7.640437,2808.898834,12011.739591,-0.000000,413.970067
8640.000000,pure-acoustic,none,hardware,1,0,0,1,priority,0.000500,180,15,hybrid,0.050000,4000.000000,6.087000,64.000000,500.000000,500.000000,2.000000,120.000000,0.000000,181,120,181,0,181,16,45,120,0,0,0,0,0,0,0,0,0.000000,0.000000,0.000000,clear-ocean,30.000000,60.000000,0.151000,1113,3101121,795.159231,9.203232,68,7,0,61,0,181,0,0,181,0,0,0,0,0,0,0,0,0,0,0,0,0,0,0,16,45,120,16,45,120,4.667271,3.205367,9.700011,0.000000,0.000000,0.000000,0,0,0,7759.021051,15.669128,114.478077,6851.273846,655.768639,180.060282,6291.716233,0.000000,0.000000,7127.545154,7759.021051,631.475897,8.451693,2.320657,81.089047,0.000000,8.138603,15.301883,9.937333,2.283758,0.040972,2,0.000000,0,0,0,100.000000,2.270478,100.000000,7.640437,2789.392593,11925.632875,-0.000000,348.778358
8700.000000,pure-acoustic,none,hardware,1,0,0,1,priority,0.000500,180,15,hybrid,0.050000,4000.000000,6.087000,64.000000,500.000000,500.000000,2.000000,120.000000,0.000000,181,120,181,0,181,16,45,120,0,0,0,0,0,0,0,0,0.000000,0.000000,0.000000,clear-ocean,30.000000,60.000000,0.151000,1113,3101121,795.159231,9.139761,68,7,0,61,0,181,0,0,181,0,0,0,0,0,0,0,0,0,0,0,0,0,0,0,16,45,120,16,45,120,4.667271,3.205367,9.700011,0.000000,0.000000,0.000000,0,0,0,7764.421051,15.669128,114.478077,6851.273846,659.904809,181.094324,6291.946021,0.000000,0.000000,7132.945154,7764.421051,631.475897,8.499086,2.332361,81.035611,0.000000,8.132942,15.301883,9.937333,2.283758,0.040690,2,0.000000,0,0,0,100.000000,2.270478,100.000000,7.640437,2770.155402,11839.526159,-0.000000,274.220573
8760.000000,pure-acoustic,none,hardware,1,0,0,1,priority,0.000500,180,15,hybrid,0.050000,4000.000000,6.087000,64.000000,500.000000,500.000000,2.000000,120.000000,0.000000,181,120,181,0,181,16,45,120,0,0,0,0,0,0,0,0,0.000000,0.000000,0.000000,clear-ocean,30.000000,60.000000,0.151000,1113,3101121,795.159231,9.077160,68,7,0,61,0,181,0,0,181,0,0,0,0,0,0,0,0,0,0,0,0,0,0,0,16,45,120,16,45,120,4.667271,3.205367,9.700011,0.000000,0.000000,0.000000,0,0,0,7769.821051,15.669128,114.478077,6851.273846,664.040979,182.128367,6292.175808,0.000000,0.000000,7138.345154,7769.821051,631.475897,8.546413,2.344048,80.982249,0.000000,8.127290,15.301883,9.937333,2.283758,0.040411,2,0.000000,0,0,0,100.000000,2.270478,100.000000,7.640437,2751.181735,11753.419443,-0.000000,197.366215
8820.000000,pure-acoustic,none,hardware,1,0,0,1,priority,0.000500,180,15,hybrid,0.050000,4000.000000,6.087000,64.000000,500.000000,500.000000,2.000000,120.000000,0.000000,181,120,181,0,181,16,45,120,0,0,0,0,0,0,0,0,0.000000,0.000000,0.000000,clear-ocean,30.000000,60.000000,0.151000,1113,3101121,795.159231,9.015411,68,7,0,61,0,181,0,0,181,0,0,0,0,0,0,0,0,0,0,0,0,0,0,0,16,45,120,16,45,120,4.667271,3.205367,9.700011,0.000000,0.000000,0.000000,0,0,0,7775.221051,15.669128,114.478077,6851.273846,668.177149,183.162409,6292.405595,0.000000,0.000000,7143.745154,7775.221051,631.475897,8.593674,2.355720,80.928961,0.000000,8.121646,15.301883,9.937333,2.283758,0.040136,2,0.000000,0,0,0,100.000000,2.270478,100.000000,7.640437,2732.466213,11667.312727,-0.000000,125.502546
8880.000000,pure-acoustic,none,hardware,1,0,0,1,priority,0.000500,180,15,hybrid,0.050000,4000.000000,6.087000,64.000000,500.000000,500.000000,2.000000,120.000000,0.000000,181,120,181,0,181,16,45,120,0,0,0,0,0,0,0,0,0.000000,0.000000,0.000000,clear-ocean,30.000000,60.000000,0.151000,1113,3101121,795.159231,8.954496,68,7,0,61,0,181,0,0,181,0,0,0,0,0,0,0,0,0,0,0,0,0,0,0,16,45,120,16,45,120,4.667271,3.205367,9.700011,0.000000,0.000000,0.000000,0,0,0,7780.621051,15.669128,114.478077,6851.273846,672.313320,184.196452,6292.635382,0.000000,0.000000,7149.145154,7780.621051,631.475897,8.640870,2.367375,80.875747,0.000000,8.116009,15.301883,9.937333,2.283758,0.039865,2,0.000000,0,0,0,100.000000,2.270478,100.000000,7.640437,2714.003604,11581.206011,-0.000000,65.443614
8940.000000,pure-acoustic,none,hardware,1,0,0,1,priority,0.000500,180,15,hybrid,0.050000,4000.000000,6.087000,64.000000,500.000000,500.000000,2.000000,120.000000,0.000000,181,120,181,0,181,16,45,120,0,0,0,0,0,0,0,0,0.000000,0.000000,0.000000,clear-ocean,30.000000,60.000000,0.151000,1113,3101121,795.159231,8.894399,68,7,0,61,0,181,0,0,181,0,0,0,0,0,0,0,0,0,0,0,0,0,0,0,16,45,120,16,45,120,4.667271,3.205367,9.700011,0.000000,0.000000,0.000000,0,0,0,7786.021051,15.669128,114.478077,6851.273846,676.449490,185.230494,6292.865170,0.000000,0.000000,7154.545154,7786.021051,631.475897,8.688000,2.379014,80.822607,0.000000,8.110380,15.301883,9.937333,2.283758,0.039597,2,0.000000,0,0,0,100.000000,2.270478,100.000000,7.640437,2695.788814,11495.099294,-0.000000,22.884153
9000.000000,pure-acoustic,none,hardware,1,0,0,1,priority,0.000500,180,15,hybrid,0.050000,4000.000000,6.087000,64.000000,500.000000,500.000000,2.000000,120.000000,0.000000,181,120,181,0,181,16,45,120,0,0,0,0,0,0,0,0,0.000000,0.000000,0.000000,clear-ocean,30.000000,60.000000,0.151000,1113,3101121,795.159231,8.835103,68,7,0,61,0,181,0,0,181,0,0,0,0,0,0,0,0,0,0,0,0,0,0,0,16,45,120,16,45,120,4.667271,3.205367,9.700011,0.000000,0.000000,0.000000,0,0,0,7791.421051,15.669128,114.478077,6851.273846,680.585660,186.264537,6293.094957,0.000000,0.000000,7159.945154,7791.421051,631.475897,8.735065,2.390636,80.769540,0.000000,8.104759,15.301883,9.937333,2.283758,0.039333,2,0.000000,0,0,0,100.000000,2.270478,100.000000,7.640437,2677.816889,11408.992578,-0.000000,1.859614
9060.000000,pure-acoustic,none,hardware,1,0,0,1,priority,0.000500,180,15,hybrid,0.050000,4000.000000,6.087000,64.000000,500.000000,500.000000,2.000000,120.000000,0.000000,181,120,181,0,181,16,45,120,0,0,0,0,0,0,0,0,0.000000,0.000000,0.000000,clear-ocean,30.000000,60.000000,0.151000,1113,3101121,795.159231,8.776592,68,7,0,61,0,181,0,0,181,0,0,0,0,0,0,0,0,0,0,0,0,0,0,0,16,45,120,16,45,120,4.667271,3.205367,9.700011,0.000000,0.000000,0.000000,0,0,0,7796.821051,15.669128,114.478077,6851.273846,684.721830,187.298579,6293.324744,0.000000,0.000000,7165.345154,7796.821051,631.475897,8.782064,2.402243,80.716547,0.000000,8.099146,15.301883,9.937333,2.283758,0.039073,2,0.000000,0,0,0,100.000000,2.270478,100.000000,7.640437,2660.083002,11322.885862,0.000000,4.363524
9120.000000,pure-acoustic,none,hardware,1,0,0,1,priority,0.000500,180,15,hybrid,0.050000,4000.000000,6.087000,64.000000,500.000000,500.000000,2.000000,120.000000,0.000000,181,120,181,0,181,16,45,120,0,0,0,0,0,0,0,0,0.000000,0.000000,0.000000,clear-ocean,30.000000,60.000000,0.151000,1113,3101121,795.159231,8.718851,68,7,0,61,0,181,0,0,181,0,0,0,0,0,0,0,0,0,0,0,0,0,0,0,16,45,120,16,45,120,4.667271,3.205367,9.700011,0.000000,0.000000,0.000000,0,0,0,7802.221051,15.669128,114.478077,6851.273846,688.858001,188.332622,6293.554531,0.000000,0.000000,7170.745154,7802.221051,631.475897,8.828999,2.413833,80.663628,0.000000,8.093540,15.301883,9.937333,2.283758,0.038816,2,0.000000,0,0,0,100.000000,2.270478,100.000000,7.640437,2642.582456,11236.779146,0.000000,30.158465
9180.000000,pure-acoustic,none,hardware,1,0,0,1,priority,0.000500,180,15,hybrid,0.050000,4000.000000,6.087000,64.000000,500.000000,500.000000,2.000000,120.000000,0.000000,181,120,181,0,181,16,45,120,0,0,0,0,0,0,0,0,0.000000,0.000000,0.000000,clear-ocean,30.000000,60.000000,0.151000,1113,3101121,795.159231,8.661865,68,7,0,61,0,181,0,0,181,0,0,0,0,0,0,0,0,0,0,0,0,0,0,0,16,45,120,16,45,120,4.667271,3.205367,9.700011,0.000000,0.000000,0.000000,0,0,0,7807.621051,15.669128,114.478077,6851.273846,692.994171,189.366664,6293.784319,0.000000,0.000000,7176.145154,7807.621051,631.475897,8.875868,2.425408,80.610781,0.000000,8.087942,15.301883,9.937333,2.283758,0.038562,2,0.000000,0,0,0,100.000000,2.270478,100.000000,7.640437,2625.310675,11150.672430,0.000000,76.798583
9240.000000,pure-acoustic,none,hardware,1,0,0,1,priority,0.000500,180,15,hybrid,0.050000,4000.000000,6.087000,64.000000,500.000000,500.000000,2.000000,120.000000,0.000000,181,120,181,0,181,16,45,120,0,0,0,0,0,0,0,0,0.000000,0.000000,0.000000,clear-ocean,30.000000,60.000000,0.151000,1113,3101121,795.159231,8.605619,68,7,0,61,0,181,0,0,181,0,0,0,0,0,0,0,0,0,0,0,0,0,0,0,16,45,120,16,45,120,4.667271,3.205367,9.700011,0.000000,0.000000,0.000000,0,0,0,7813.021051,15.669128,114.478077,6851.273846,697.130341,190.400707,6294.014106,0.000000,0.000000,7181.545154,7813.021051,631.475897,8.922673,2.436967,80.558008,0.000000,8.082352,15.301883,9.937333,2.283758,0.038312,2,0.000000,0,0,0,100.000000,2.270478,100.000000,7.640437,2608.263203,11064.565714,0.000000,139.861505
9300.000000,pure-acoustic,none,hardware,1,0,0,1,priority,0.000500,180,15,hybrid,0.050000,4000.000000,6.087000,64.000000,500.000000,500.000000,2.000000,120.000000,0.000000,181,120,181,0,181,16,45,120,0,0,0,0,0,0,0,0,0.000000,0.000000,0.000000,clear-ocean,30.000000,60.000000,0.151000,1113,3101121,795.159231,8.550099,68,7,0,61,0,181,0,0,181,0,0,0,0,0,0,0,0,0,0,0,0,0,0,0,16,45,120,16,45,120,4.667271,3.205367,9.700011,0.000000,0.000000,0.000000,0,0,0,7818.421051,15.669128,114.478077,6851.273846,701.266511,191.434750,6294.243893,0.000000,0.000000,7186.945154,7818.421051,631.475897,8.969413,2.448509,80.505307,0.000000,8.076770,15.301883,9.937333,2.283758,0.038065,2,0.000000,0,0,0,100.000000,2.270478,100.000000,7.640437,2591.435699,10978.458998,0.000000,213.367661
9360.000000,pure-acoustic,none,hardware,1,0,0,1,priority,0.000500,180,15,hybrid,0.050000,4000.000000,6.087000,64.000000,500.000000,500.000000,2.000000,120.000000,0.000000,181,120,181,0,181,16,45,120,0,0,0,0,0,0,0,0,0.000000,0.000000,0.000000,clear-ocean,30.000000,60.000000,0.151000,1113,3101121,795.159231,8.495291,68,7,0,61,0,181,0,0,181,0,0,0,0,0,0,0,0,0,0,0,0,0,0,0,16,45,120,16,45,120,4.667271,3.205367,9.700011,0.000000,0.000000,0.000000,0,0,0,7823.821051,15.669128,114.478077,6851.273846,705.402681,192.468792,6294.473680,0.000000,0.000000,7192.345154,7823.821051,631.475897,9.016089,2.460036,80.452680,0.000000,8.071196,15.301883,9.937333,2.283758,0.037821,2,0.000000,0,0,0,100.000000,2.270478,100.000000,7.640437,2574.823932,10892.352281,0.000000,290.347262
9420.000000,pure-acoustic,none,hardware,1,0,0,1,priority,0.000500,180,15,hybrid,0.050000,4000.000000,6.087000,64.000000,500.000000,500.000000,2.000000,120.000000,0.000000,181,120,181,0,181,16,45,120,0,0,0,0,0,0,0,0,0.000000,0.000000,0.000000,clear-ocean,30.000000,60.000000,0.151000,1113,3101121,795.159231,8.441181,68,7,0,61,0,181,0,0,181,0,0,0,0,0,0,0,0,0,0,0,0,0,0,0,16,45,120,16,45,120,4.667271,3.205367,9.700011,0.000000,0.000000,0.000000,0,0,0,7829.221051,15.669128,114.478077,6851.273846,709.538852,193.502835,6294.703468,0.000000,0.000000,7197.745154,7829.221051,631.475897,9.062700,2.471546,80.400124,0.000000,8.065629,15.301883,9.937333,2.283758,0.037580,2,0.000000,0,0,0,100.000000,2.270478,100.000000,7.640437,2558.423779,10806.245565,0.000000,363.501172
9480.000000,pure-acoustic,none,hardware,1,0,0,1,priority,0.000500,180,15,hybrid,0.050000,4000.000000,6.087000,64.000000,500.000000,500.000000,2.000000,120.000000,0.000000,181,120,181,0,181,16,45,120,0,0,0,0,0,0,0,0,0.000000,0.000000,0.000000,clear-ocean,30.000000,60.000000,0.151000,1113,3101121,795.159231,8.387756,68,7,0,61,0,181,0,0,181,0,0,0,0,0,0,0,0,0,0,0,0,0,0,0,16,45,120,16,45,120,4.667271,3.205367,9.700011,0.000000,0.000000,0.000000,0,0,0,7834.621051,15.669128,114.478077,6851.273846,713.675022,194.536877,6294.933255,0.000000,0.000000,7203.145154,7834.621051,631.475897,9.109247,2.483041,80.347642,0.000000,8.060069,15.301883,9.937333,2.283758,0.037342,2,0.000000,0,0,0,100.000000,2.270478,100.000000,7.640437,2542.231224,10720.138849,0.000000,425.893002
9540.000000,pure-acoustic,none,hardware,1,0,0,1,priority,0.000500,180,15,hybrid,0.050000,4000.000000,6.087000,64.000000,500.000000,500.000000,2.000000,120.000000,0.000000,181,120,181,0,181,16,45,120,0,0,0,0,0,0,0,0,0.000000,0.000000,0.000000,clear-ocean,30.000000,60.000000,0.151000,1113,3101121,795.159231,8.335002,68,7,0,61,0,181,0,0,181,0,0,0,0,0,0,0,0,0,0,0,0,0,0,0,16,45,120,16,45,120,4.667271,3.205367,9.700011,0.000000,0.000000,0.000000,0,0,0,7840.021051,15.669128,114.478077,6851.273846,717.811192,195.570920,6295.163042,0.000000,0.000000,7208.545154,7840.021051,631.475897,9.155730,2.494520,80.295231,0.000000,8.054518,15.301883,9.937333,2.283758,0.037107,2,0.000000,0,0,0,100.000000,2.270478,100.000000,7.640437,2526.242348,10634.032133,0.000000,471.606815
9600.000000,pure-acoustic,none,hardware,1,0,0,1,priority,0.000500,180,15,hybrid,0.050000,4000.000000,6.087000,64.000000,500.000000,500.000000,2.000000,120.000000,0.000000,181,120,181,0,181,16,45,120,0,0,0,0,0,0,0,0,0.000000,0.000000,0.000000,clear-ocean,30.000000,60.000000,0.151000,1113,3101121,795.159231,8.282909,68,7,0,61,0,181,0,0,181,0,0,0,0,0,0,0,0,0,0,0,0,0,0,0,16,45,120,16,45,120,4.667271,3.205367,9.700011,0.000000,0.000000,0.000000,0,0,0,7845.421051,15.669128,114.478077,6851.273846,721.947362,196.604962,6295.392829,0.000000,0.000000,7213.945154,7845.421051,631.475897,9.202149,2.505984,80.242893,0.000000,8.048974,15.301883,9.937333,2.283758,0.036875,2,0.000000,0,0,0,100.000000,2.270478,100.000000,7.640437,2510.453333,10547.925417,0.000000,496.308069
9660.000000,pure-acoustic,none,hardware,1,0,0,1,priority,0.000500,180,15,hybrid,0.050000,4000.000000,6.087000,64.000000,500.000000,500.000000,2.000000,120.000000,0.000000,181,120,181,0,181,16,45,120,0,0,0,0,0,0,0,0,0.000000,0.000000,0.000000,clear-ocean,30.000000,60.000000,0.151000,1113,3101121,795.159231,8.231462,68,7,0,61,0,181,0,0,181,0,0,0,0,0,0,0,0,0,0,0,0,0,0,0,16,45,120,16,45,120,4.667271,3.205367,9.700011,0.000000,0.000000,0.000000,0,0,0,7850.821051,15.669128,114.478077,6851.273846,726.083532,197.639005,6295.622616,0.000000,0.000000,7219.345154,7850.821051,631.475897,9.248504,2.517431,80.190627,0.000000,8.043438,15.301883,9.937333,2.283758,0.036646,2,0.000000,0,0,0,100.000000,2.270478,100.000000,7.640437,2494.860455,10461.818701,-0.000000,497.654611
9720.000000,pure-acoustic,none,hardware,1,0,0,1,priority,0.000500,180,15,hybrid,0.050000,4000.000000,6.087000,64.000000,500.000000,500.000000,2.000000,120.000000,0.000000,181,120,181,0,181,16,45,120,0,0,0,0,0,0,0,0,0.000000,0.000000,0.000000,clear-ocean,30.000000,60.000000,0.151000,1113,3101121,795.159231,8.180651,68,7,0,61,0,181,0,0,181,0,0,0,0,0,0,0,0,0,0,0,0,0,0,0,16,45,120,16,45,120,4.667271,3.205367,9.700011,0.000000,0.000000,0.000000,0,0,0,7856.221051,15.669128,114.478077,6851.273846,730.219703,198.673047,6295.852404,0.000000,0.000000,7224.745154,7856.221051,631.475897,9.294796,2.528863,80.138432,0.000000,8.037909,15.301883,9.937333,2.283758,0.036420,2,0.000000,0,0,0,100.000000,2.270478,100.000000,7.640437,2479.460082,10375.711985,-0.000000,475.518765
9780.000000,pure-acoustic,none,hardware,1,0,0,1,priority,0.000500,180,15,hybrid,0.050000,4000.000000,6.087000,64.000000,500.000000,500.000000,2.000000,120.000000,0.000000,181,120,181,0,181,16,45,120,0,0,0,0,0,0,0,0,0.000000,0.000000,0.000000,clear-ocean,30.000000,60.000000,0.151000,1113,3101121,795.159231,8.130462,68,7,0,61,0,181,0,0,181,0,0,0,0,0,0,0,0,0,0,0,0,0,0,0,16,45,120,16,45,120,4.667271,3.205367,9.700011,0.000000,0.000000,0.000000,0,0,0,7861.621051,15.669128,114.478077,6851.273846,734.355873,199.707090,6296.082191,0.000000,0.000000,7230.145154,7861.621051,631.475897,9.341024,2.540279,80.086310,0.000000,8.032388,15.301883,9.937333,2.283758,0.036196,2,0.000000,0,0,0,100.000000,2.270478,100.000000,7.640437,2464.248671,10289.605268,-0.000000,431.999432
9840.000000,pure-acoustic,none,hardware,1,0,0,1,priority,0.000500,180,15,hybrid,0.050000,4000.000000,6.087000,64.000000,500.000000,500.000000,2.000000,120.000000,0.000000,181,120,181,0,181,16,45,120,0,0,0,0,0,0,0,0,0.000000,0.000000,0.000000,clear-ocean,30.000000,60.000000,0.151000,1113,3101121,795.159231,8.080886,68,7,0,61,0,181,0,0,181,0,0,0,0,0,0,0,0,0,0,0,0,0,0,0,16,45,120,16,45,120,4.667271,3.205367,9.700011,0.000000,0.000000,0.000000,0,0,0,7867.021051,15.669128,114.478077,6851.273846,738.492043,200.741133,6296.311978,0.000000,0.000000,7235.545154,7867.021051,631.475897,9.387188,2.551679,80.034259,0.000000,8.026874,15.301883,9.937333,2.283758,0.035976,2,0.000000,0,0,0,100.000000,2.270478,100.000000,7.640437,2449.222764,10203.498552,-0.000000,371.223075
9900.000000,pure-acoustic,none,hardware,1,0,0,1,priority,0.000500,180,15,hybrid,0.050000,4000.000000,6.087000,64.000000,500.000000,500.000000,2.000000,120.000000,0.000000,181,120,181,0,181,16,45,120,0,0,0,0,0,0,0,0,0.000000,0.000000,0.000000,clear-ocean,30.000000,60.000000,0.151000,1113,3101121,795.159231,8.031911,68,7,0,61,0,181,0,0,181,0,0,0,0,0,0,0,0,0,0,0,0,0,0,0,16,45,120,16,45,120,4.667271,3.205367,9.700011,0.000000,0.000000,0.000000,0,0,0,7872.421051,15.669128,114.478077,6851.273846,742.628213,201.775175,6296.541765,0.000000,0.000000,7240.945154,7872.421051,631.475897,9.433289,2.563064,79.982279,0.000000,8.021368,15.301883,9.937333,2.283758,0.035758,2,0.000000,0,0,0,100.000000,2.270478,100.000000,7.640437,2434.378990,10117.391836,-0.000000,298.952455
9960.000000,pure-acoustic,none,hardware,1,0,0,1,priority,0.000500,180,15,hybrid,0.050000,4000.000000,6.087000,64.000000,500.000000,500.000000,2.000000,120.000000,0.000000,181,120,181,0,181,16,45,120,0,0,0,0,0,0,0,0,0.000000,0.000000,0.000000,clear-ocean,30.000000,60.000000,0.151000,1113,3101121,795.159231,7.983526,68,7,0,61,0,181,0,0,181,0,0,0,0,0,0,0,0,0,0,0,0,0,0,0,16,45,120,16,45,120,4.667271,3.205367,9.700011,0.000000,0.000000,0.000000,0,0,0,7877.821051,15.669128,114.478077,6851.273846,746.764384,202.809218,6296.771553,0.000000,0.000000,7246.345154,7877.821051,631.475897,9.479327,2.574433,79.930370,0.000000,8.015870,15.301883,9.937333,2.283758,0.035542,2,0.000000,0,0,0,100.000000,2.270478,100.000000,7.640437,2419.714056,10031.285120,-0.000000,222.040207
10020.000000,pure-acoustic,none,hardware,1,0,0,1,priority,0.000500,180,15,hybrid,0.050000,4000.000000,6.087000,64.000000,500.000000,500.000000,2.000000,120.000000,0.000000,181,120,181,0,181,16,45,120,0,0,0,0,0,0,0,0,0.000000,0.000000,0.000000,clear-ocean,30.000000,60.000000,0.151000,1113,3101121,795.159231,7.935721,68,7,0,61,0,181,0,0,181,0,0,0,0,0,0,0,0,0,0,0,0,0,0,0,16,45,120,16,45,120,4.667271,3.205367,9.700011,0.000000,0.000000,0.000000,0,0,0,7883.221051,15.669128,114.478077,6851.273846,750.900554,203.843260,6297.001340,0.000000,0.000000,7251.745154,7883.221051,631.475897,9.525301,2.585786,79.878533,0.000000,8.010379,15.301883,9.937333,2.283758,0.035329,2,0.000000,0,0,0,100.000000,2.270478,100.000000,7.640437,2405.224750,9945.178404,-0.000000,147.779081
10080.000000,pure-acoustic,none,hardware,1,0,0,1,priority,0.000500,180,15,hybrid,0.050000,4000.000000,6.087000,64.000000,500.000000,500.000000,2.000000,120.000000,0.000000,181,120,181,0,181,16,45,120,0,0,0,0,0,0,0,0,0.000000,0.000000,0.000000,clear-ocean,30.000000,60.000000,0.151000,1113,3101121,795.159231,7.888484,68,7,0,61,0,181,0,0,181,0,0,0,0,0,0,0,0,0,0,0,0,0,0,0,16,45,120,16,45,120,4.667271,3.205367,9.700011,0.000000,0.000000,0.000000,0,0,0,7888.621051,15.669128,114.478077,6851.273846,755.036724,204.877303,6297.231127,0.000000,0.000000,7257.145154,7888.621051,631.475897,9.571213,2.597124,79.826767,0.000000,8.004896,15.301883,9.937333,2.283758,0.035119,2,0.000000,0,0,0,100.000000,2.270478,100.000000,7.640437,2390.907937,9859.071688,-0.000000,83.210451
10140.000000,pure-acoustic,none,hardware,1,0,0,1,priority,0.000500,180,15,hybrid,0.050000,4000.000000,6.087000,64.000000,500.000000,500.000000,2.000000,120.000000,0.000000,181,120,181,0,181,16,45,120,0,0,0,0,0,0,0,0,0.000000,0.000000,0.000000,clear-ocean,30.000000,60.000000,0.151000,1113,3101121,795.159231,7.841807,68,7,0,61,0,181,0,0,181,0,0,0,0,0,0,0,0,0,0,0,0,0,0,0,16,45,120,16,45,120,4.667271,3.205367,9.700011,0.000000,0.000000,0.000000,0,0,0,7894.021051,15.669128,114.478077,6851.273846,759.172894,205.911345,6297.460914,0.000000,0.000000,7262.545154,7894.021051,631.475897,9.617062,2.608447,79.775071,0.000000,7.999420,15.301883,9.937333,2.283758,0.034911,2,0.000000,0,0,0,100.000000,2.270478,100.000000,7.640437,2376.760552,9772.964972,-0.000000,34.456658
10200.000000,pure-acoustic,none,hardware,1,0,0,1,priority,0.000500,180,15,hybrid,0.050000,4000.000000,6.087000,64.000000,500.000000,500.000000,2.000000,120.000000,0.000000,181,120,181,0,181,16,45,120,0,0,0,0,0,0,0,0,0.000000,0.000000,0.000000,clear-ocean,30.000000,60.000000,0.151000,1113,3101121,795.159231,7.795679,68,7,0,61,0,181,0,0,181,0,0,0,0,0,0,0,0,0,0,0,0,0,0,0,16,45,120,16,45,120,4.667271,3.205367,9.700011,0.000000,0.000000,0.000000,0,0,0,7899.421051,15.669128,114.478077,6851.273846,763.309064,206.945388,6297.690702,0.000000,0.000000,7267.945154,7899.421051,631.475897,9.662848,2.619754,79.723446,0.000000,7.993952,15.301883,9.937333,2.283758,0.034706,2,0.000000,0,0,0,100.000000,2.270478,100.000000,7.640437,2362.779608,9686.858255,-0.000000,6.140491
10260.000000,pure-acoustic,none,hardware,1,0,0,1,priority,0.000500,180,15,hybrid,0.050000,4000.000000,6.087000,64.000000,500.000000,500.000000,2.000000,120.000000,0.000000,181,120,181,0,181,16,45,120,0,0,0,0,0,0,0,0,0.000000,0.000000,0.000000,clear-ocean,30.000000,60.000000,0.151000,1113,3101121,795.159231,7.750090,68,7,0,61,0,181,0,0,181,0,0,0,0,0,0,0,0,0,0,0,0,0,0,0,16,45,120,16,45,120,4.667271,3.205367,9.700011,0.000000,0.000000,0.000000,0,0,0,7904.821051,15.669128,114.478077,6851.273846,767.445235,207.979430,6297.920489,0.000000,0.000000,7273.345154,7904.821051,631.475897,9.708572,2.631045,79.671892,0.000000,7.988491,15.301883,9.937333,2.283758,0.034503,2,0.000000,0,0,0,100.000000,2.270478,100.000000,7.640437,2348.962183,9600.751539,0.000000,0.946864
10320.000000,pure-acoustic,none,hardware,1,0,0,1,priority,0.000500,180,15,hybrid,0.050000,4000.000000,6.087000,64.000000,500.000000,500.000000,2.000000,120.000000,0.000000,181,120,181,0,181,16,45,120,0,0,0,0,0,0,0,0,0.000000,0.000000,0.000000,clear-ocean,30.000000,60.000000,0.151000,1113,3101121,795.159231,7.705031,68,7,0,61,0,181,0,0,181,0,0,0,0,0,0,0,0,0,0,0,0,0,0,0,16,45,120,16,45,120,4.667271,3.205367,9.700011,0.000000,0.000000,0.000000,0,0,0,7910.221051,15.669128,114.478077,6851.273846,771.581405,209.013473,6298.150276,0.000000,0.000000,7278.745154,7910.221051,631.475897,9.754233,2.642322,79.620408,0.000000,7.983037,15.301883,9.937333,2.283758,0.034302,2,0.000000,0,0,0,100.000000,2.270478,100.000000,7.640437,2335.305426,9514.644823,0.000000,19.368233
10380.000000,pure-acoustic,none,hardware,1,0,0,1,priority,0.000500,180,15,hybrid,0.050000,4000.000000,6.087000,64.000000,500.000000,500.000000,2.000000,120.000000,0.000000,181,120,181,0,181,16,45,120,0,0,0,0,0,0,0,0,0.000000,0.000000,0.000000,clear-ocean,30.000000,60.000000,0.151000,1113,3101121,795.159231,7.660494,68,7,0,61,0,181,0,0,181,0,0,0,0,0,0,0,0,0,0,0,0,0,0,0,16,45,120,16,45,120,4.667271,3.205367,9.700011,0.000000,0.000000,0.000000,0,0,0,7915.621051,15.669128,114.478077,6851.273846,775.717575,210.047516,6298.380063,0.000000,0.000000,7284.145154,7915.621051,631.475897,9.799832,2.653582,79.568994,0.000000,7.977591,15.301883,9.937333,2.283758,0.034104,2,0.000000,0,0,0,100.000000,2.270478,100.000000,7.640437,2321.806551,9428.538107,0.000000,59.657900
10440.000000,pure-acoustic,none,hardware,1,0,0,1,priority,0.000500,180,15,hybrid,0.050000,4000.000000,6.087000,64.000000,500.000000,500.000000,2.000000,120.000000,0.000000,181,120,181,0,181,16,45,120,0,0,0,0,0,0,0,0,0.000000,0.000000,0.000000,clear-ocean,30.000000,60.000000,0.151000,1113,3101121,795.159231,7.616468,68,7,0,61,0,181,0,0,181,0,0,0,0,0,0,0,0,0,0,0,0,0,0,0,16,45,120,16,45,120,4.667271,3.205367,9.700011,0.000000,0.000000,0.000000,0,0,0,7921.021051,15.669128,114.478077,6851.273846,779.853745,211.081558,6298.609851,0.000000,0.000000,7289.545154,7921.021051,631.475897,9.845369,2.664828,79.517651,0.000000,7.972153,15.301883,9.937333,2.283758,0.033908,2,0.000000,0,0,0,100.000000,2.270478,100.000000,7.640437,2308.462835,9342.431391,0.000000,117.995634
10500.000000,pure-acoustic,none,hardware,1,0,0,1,priority,0.000500,180,15,hybrid,0.050000,4000.000000,6.087000,64.000000,500.000000,500.000000,2.000000,120.000000,0.000000,181,120,181,0,181,16,45,120,0,0,0,0,0,0,0,0,0.000000,0.000000,0.000000,clear-ocean,30.000000,60.000000,0.151000,1113,3101121,795.159231,7.572945,68,7,0,61,0,181,0,0,181,0,0,0,0,0,0,0,0,0,0,0,0,0,0,0,16,45,120,16,45,120,4.667271,3.205367,9.700011,0.000000,0.000000,0.000000,0,0,0,7926.421051,15.669128,114.478077,6851.273846,783.989915,212.115601,6298.839638,0.000000,0.000000,7294.945154,7926.421051,631.475897,9.890844,2.676058,79.466377,0.000000,7.966722,15.301883,9.937333,2.283758,0.033714,2,0.000000,0,0,0,100.000000,2.270478,100.000000,7.640437,2295.271619,9256.324675,0.000000,188.849904
10560.000000,pure-acoustic,none,hardware,1,0,0,1,priority,0.000500,180,15,hybrid,0.050000,4000.000000,6.087000,64.000000,500.000000,500.000000,2.000000,120.000000,0.000000,181,120,181,0,181,16,45,120,0,0,0,0,0,0,0,0,0.000000,0.000000,0.000000,clear-ocean,30.000000,60.000000,0.151000,1113,3101121,795.159231,7.529917,68,7,0,61,0,181,0,0,181,0,0,0,0,0,0,0,0,0,0,0,0,0,0,0,16,45,120,16,45,120,4.667271,3.205367,9.700011,0.000000,0.000000,0.000000,0,0,0,7931.821051,15.669128,114.478077,6851.273846,788.126086,213.149643,6299.069425,0.000000,0.000000,7300.345154,7931.821051,631.475897,9.936257,2.687272,79.415173,0.000000,7.961298,15.301883,9.937333,2.283758,0.033523,2,0.000000,0,0,0,100.000000,2.270478,100.000000,7.640437,2282.230303,9170.217959,0.000000,265.502372
10620.000000,pure-acoustic,none,hardware,1,0,0,1,priority,0.000500,180,15,hybrid,0.050000,4000.000000,6.087000,64.000000,500.000000,500.000000,2.000000,120.000000,0.000000,181,120,181,0,181,16,45,120,0,0,0,0,0,0,0,0,0.000000,0.000000,0.000000,clear-ocean,30.000000,60.000000,0.151000,1113,3101121,795.159231,7.487375,68,7,0,61,0,181,0,0,181,0,0,0,0,0,0,0,0,0,0,0,0,0,0,0,16,45,120,16,45,120,4.667271,3.205367,9.700011,0.000000,0.000000,0.000000,0,0,0,7937.221051,15.669128,114.478077,6851.273846,792.262256,214.183686,6299.299212,0.000000,0.000000,7305.745154,7937.221051,631.475897,9.981608,2.698472,79.364039,0.000000,7.955881,15.301883,9.937333,2.283758,0.033333,2,0.000000,0,0,0,100.000000,2.270478,100.000000,7.640437,2269.336347,9084.111242,0.000000,340.684918
10680.000000,pure-acoustic,none,hardware,1,0,0,1,priority,0.000500,180,15,hybrid,0.050000,4000.000000,6.087000,64.000000,500.000000,500.000000,2.000000,120.000000,0.000000,181,120,181,0,181,16,45,120,0,0,0,0,0,0,0,0,0.000000,0.000000,0.000000,clear-ocean,30.000000,60.000000,0.151000,1113,3101121,795.159231,7.445311,68,7,0,61,0,181,0,0,181,0,0,0,0,0,0,0,0,0,0,0,0,0,0,0,16,45,120,16,45,120,4.667271,3.205367,9.700011,0.000000,0.000000,0.000000,0,0,0,7942.621051,15.669128,114.478077,6851.273846,796.398426,215.217728,6299.528999,0.000000,0.000000,7311.145154,7942.621051,631.475897,10.026897,2.709656,79.312974,0.000000,7.950472,15.301883,9.937333,2.283758,0.033146,2,0.000000,0,0,0,100.000000,2.270478,100.000000,7.640437,2256.587266,8998.004526,0.000000,407.268802
10740.000000,pure-acoustic,none,hardware,1,0,0,1,priority,0.000500,180,15,hybrid,0.050000,4000.000000,6.087000,64.000000,500.000000,500.000000,2.000000,120.000000,0.000000,181,120,181,0,181,16,45,120,0,0,0,0,0,0,0,0,0.000000,0.000000,0.000000,clear-ocean,30.000000,60.000000,0.151000,1113,3101121,795.159231,7.403717,68,7,0,61,0,181,0,0,181,0,0,0,0,0,0,0,0,0,0,0,0,0,0,0,16,45,120,16,45,120,4.667271,3.205367,9.700011,0.000000,0.000000,0.000000,0,0,0,7948.021051,15.669128,114.478077,6851.273846,800.534596,216.251771,6299.758787,0.000000,0.000000,7316.545154,7948.021051,631.475897,10.072125,2.720825,79.261979,0.000000,7.945071,15.301883,9.937333,2.283758,0.032961,2,0.000000,0,0,0,100.000000,2.270478,100.000000,7.640437,2243.980633,8911.897810,0.000000,458.940599
10800.000000,pure-acoustic,none,hardware,1,0,0,1,priority,0.000500,180,15,hybrid,0.050000,4000.000000,6.087000,64.000000,500.000000,500.000000,2.000000,120.000000,0.000000,181,120,181,0,181,16,45,120,0,0,0,0,0,0,0,0,0.000000,0.000000,0.000000,clear-ocean,30.000000,60.000000,0.151000,1113,3101121,795.159231,7.362585,68,7,0,61,0,181,0,0,181,0,0,0,0,0,0,0,0,0,0,0,0,0,0,0,16,45,120,16,45,120,4.667271,3.205367,9.700011,0.000000,0.000000,0.000000,0,0,0,7953.421051,15.669128,114.478077,6851.273846,804.670767,217.285813,6299.988574,0.000000,0.000000,7321.945154,7953.421051,631.475897,10.117291,2.731979,79.211053,0.000000,7.939676,15.301883,9.937333,2.283758,0.032778,2,0.000000,0,0,0,100.000000,2.270478,100.000000,7.640437,2231.514074,8825.791094,0.000000,490.800835
10860.000000,pure-acoustic,none,hardware,1,0,0,1,priority,0.000500,180,15,hybrid,0.050000,4000.000000,6.087000,64.000000,500.000000,500.000000,2.000000,120.000000,0.000000,181,120,181,0,181,16,45,120,0,0,0,0,0,0,0,0,0.000000,0.000000,0.000000,clear-ocean,30.000000,60.000000,0.151000,1113,3101121,795.159231,7.321908,68,7,0,61,0,181,0,0,181,0,0,0,0,0,0,0,0,0,0,0,0,0,0,0,16,45,120,16,45,120,4.667271,3.205367,9.700011,0.000000,0.000000,0.000000,0,0,0,7958.821051,15.669128,114.478077,6851.273846,808.806937,218.319856,6300.218361,0.000000,0.000000,7327.345154,7958.821051,631.475897,10.162396,2.743118,79.160196,0.000000,7.934289,15.301883,9.937333,2.283758,0.032597,2,0.000000,0,0,0,100.000000,2.270478,100.000000,7.640437,2219.185267,8739.684378,-0.000000,499.828551
10920.000000,pure-acoustic,none,hardware,1,0,0,1,priority,0.000500,180,15,hybrid,0.050000,4000.000000,6.087000,64.000000,500.000000,500.000000,2.000000,120.000000,0.000000,181,120,181,0,181,16,45,120,0,0,0,0,0,0,0,0,0.000000,0.000000,0.000000,clear-ocean,30.000000,60.000000,0.151000,1113,3101121,795.159231,7.281678,68,7,0,61,0,181,0,0,181,0,0,0,0,0,0,0,0,0,0,0,0,0,0,0,16,45,120,16,45,120,4.667271,3.205367,9.700011,0.000000,0.000000,0.000000,0,0,0,7964.221051,15.669128,114.478077,6851.273846,812.943107,219.353899,6300.448148,0.000000,0.000000,7332.745154,7964.221051,631.475897,10.207440,2.754242,79.109408,0.000000,7.928910,15.301883,9.937333,2.283758,0.032418,2,0.000000,0,0,0,100.000000,2.270478,100.000000,7.640437,2206.991941,8653.577662,-0.000000,485.167748
10980.000000,pure-acoustic,none,hardware,1,0,0,1,priority,0.000500,180,15,hybrid,0.050000,4000.000000,6.087000,64.000000,500.000000,500.000000,2.000000,120.000000,0.000000,181,120,181,0,181,16,45,120,0,0,0,0,0,0,0,0,0.000000,0.000000,0.000000,clear-ocean,30.000000,60.000000,0.151000,1113,3101121,795.159231,7.241887,68,7,0,61,0,181,0,0,181,0,0,0,0,0,0,0,0,0,0,0,0,0,0,0,16,45,120,16,45,120,4.667271,3.205367,9.700011,0.000000,0.000000,0.000000,0,0,0,7969.621051,15.669128,114.478077,6851.273846,817.079277,220.387941,6300.677936,0.000000,0.000000,7338.145154,7969.621051,631.475897,10.252423,2.765350,79.058689,0.000000,7.923537,15.301883,9.937333,2.283758,0.032240,2,0.000000,0,0,0,100.000000,2.270478,100.000000,7.640437,2194.931876,8567.470946,-0.000000,448.208549
11040.000000,pure-acoustic,none,hardware,1,0,0,1,priority,0.000500,180,15,hybrid,0.050000,4000.000000,6.087000,64.000000,500.000000,500.000000,2.000000,120.000000,0.000000,181,120,181,0,181,16,45,120,0,0,0,0,0,0,0,0,0.000000,0.000000,0.000000,clear-ocean,30.000000,60.000000,0.151000,1113,3101121,795.159231,7.202529,68,7,0,61,0,181,0,0,181,0,0,0,0,0,0,0,0,0,0,0,0,0,0,0,16,45,120,16,45,120,4.667271,3.205367,9.700011,0.000000,0.000000,0.000000,0,0,0,7975.021051,15.669128,114.478077,6851.273846,821.215447,221.421984,6300.907723,0.000000,0.000000,7343.545154,7975.021051,631.475897,10.297345,2.776444,79.008039,0.000000,7.918172,15.301883,9.937333,2.283758,0.032065,2,0.000000,0,0,0,100.000000,2.270478,100.000000,7.640437,2183.002899,8481.364229,-0.000000,392.455393
11100.000000,pure-acoustic,none,hardware,1,0,0,1,priority,0.000500,180,15,hybrid,0.050000,4000.000000,6.087000,64.000000,500.000000,500.000000,2.000000,120.000000,0.000000,181,120,181,0,181,16,45,120,0,0,0,0,0,0,0,0,0.000000,0.000000,0.000000,clear-ocean,30.000000,60.000000,0.151000,1113,3101121,795.159231,7.163597,68,7,0,61,0,181,0,0,181,0,0,0,0,0,0,0,0,0,0,0,0,0,0,0,16,45,120,16,45,120,4.667271,3.205367,9.700011,0.000000,0.000000,0.000000,0,0,0,7980.421051,15.669128,114.478077,6851.273846,825.351618,222.456026,6301.137510,0.000000,0.000000,7348.945154,7980.421051,631.475897,10.342206,2.787522,78.957457,0.000000,7.912814,15.301883,9.937333,2.283758,0.031892,2,0.000000,0,0,0,100.000000,2.270478,100.000000,7.640437,2171.202883,8395.257513,-0.000000,323.194744
11160.000000,pure-acoustic,none,hardware,1,0,0,1,priority,0.000500,180,15,hybrid,0.050000,4000.000000,6.087000,64.000000,500.000000,500.000000,2.000000,120.000000,0.000000,181,120,181,0,181,16,45,120,0,0,0,0,0,0,0,0,0.000000,0.000000,0.000000,clear-ocean,30.000000,60.000000,0.151000,1113,3101121,795.159231,7.125083,68,7,0,61,0,181,0,0,181,0,0,0,0,0,0,0,0,0,0,0,0,0,0,0,16,45,120,16,45,120,4.667271,3.205367,9.700011,0.000000,0.000000,0.000000,0,0,0,7985.821051,15.669128,114.478077,6851.273846,829.487788,223.490069,6301.367297,0.000000,0.000000,7354.345154,7985.821051,631.475897,10.387007,2.798586,78.906943,0.000000,7.907464,15.301883,9.937333,2.283758,0.031720,2,0.000000,0,0,0,100.000000,2.270478,100.000000,7.640437,2159.529749,8309.150797,-0.000000,246.993835
11220.000000,pure-acoustic,none,hardware,1,0,0,1,priority,0.000500,180,15,hybrid,0.050000,4000.000000,6.087000,64.000000,500.000000,500.000000,2.000000,120.000000,0.000000,181,120,181,0,181,16,45,120,0,0,0,0,0,0,0,0,0.000000,0.000000,0.000000,clear-ocean,30.000000,60.000000,0.151000,1113,3101121,795.159231,7.086981,68,7,0,61,0,181,0,0,181,0,0,0,0,0,0,0,0,0,0,0,0,0,0,0,16,45,120,16,45,120,4.667271,3.205367,9.700011,0.000000,0.000000,0.000000,0,0,0,7991.221051,15.669128,114.478077,6851.273846,833.623958,224.524111,6301.597085,0.000000,0.000000,7359.745154,7991.221051,631.475897,10.431747,2.809635,78.856498,0.000000,7.902120,15.301883,9.937333,2.283758,0.031551,2,0.000000,0,0,0,100.000000,2.270478,100.000000,7.640437,2147.981462,8223.044081,-0.000000,171.077968
11280.000000,pure-acoustic,none,hardware,1,0,0,1,priority,0.000500,180,15,hybrid,0.050000,4000.000000,6.087000,64.000000,500.000000,500.000000,2.000000,120.000000,0.000000,181,120,181,0,181,16,45,120,0,0,0,0,0,0,0,0,0.000000,0.000000,0.000000,clear-ocean,30.000000,60.000000,0.151000,1113,3101121,795.159231,7.049284,68,7,0,61,0,181,0,0,181,0,0,0,0,0,0,0,0,0,0,0,0,0,0,0,16,45,120,16,45,120,4.667271,3.205367,9.700011,0.000000,0.000000,0.000000,0,0,0,7996.621051,15.669128,114.478077,6851.273846,837.760128,225.558154,6301.826872,0.000000,0.000000,7365.145154,7996.621051,631.475897,10.476427,2.820668,78.806121,0.000000,7.896784,15.301883,9.937333,2.283758,0.031383,2,0.000000,0,0,0,100.000000,2.270478,100.000000,7.640437,2136.556028,8136.937365,-0.000000,102.645417
11340.000000,pure-acoustic,none,hardware,1,0,0,1,priority,0.000500,180,15,hybrid,0.050000,4000.000000,6.087000,64.000000,500.000000,500.000000,2.000000,120.000000,0.000000,181,120,181,0,181,16,45,120,0,0,0,0,0,0,0,0,0.000000,0.000000,0.000000,clear-ocean,30.000000,60.000000,0.151000,1113,3101121,795.159231,7.011986,68,7,0,61,0,181,0,0,181,0,0,0,0,0,0,0,0,0,0,0,0,0,0,0,16,45,120,16,45,120,4.667271,3.205367,9.700011,0.000000,0.000000,0.000000,0,0,0,8002.021051,15.669128,114.478077,6851.273846,841.896298,226.592196,6302.056659,0.000000,0.000000,7370.545154,8002.021051,631.475897,10.521046,2.831687,78.755812,0.000000,7.891455,15.301883,9.937333,2.283758,0.031217,2,0.000000,0,0,0,100.000000,2.270478,100.000000,7.640437,2125.251499,8050.830649,-0.000000,48.184896
11400.000000,pure-acoustic,none,hardware,1,0,0,1,priority,0.000500,180,15,hybrid,0.050000,4000.000000,6.087000,64.000000,500.000000,500.000000,2.000000,120.000000,0.000000,181,120,181,0,181,16,45,120,0,0,0,0,0,0,0,0,0.000000,0.000000,0.000000,clear-ocean,30.000000,60.000000,0.151000,1113,3101121,795.159231,6.975081,68,7,0,61,0,181,0,0,181,0,0,0,0,0,0,0,0,0,0,0,0,0,0,0,16,45,120,16,45,120,4.667271,3.205367,9.700011,0.000000,0.000000,0.000000,0,0,0,8007.421051,15.669128,114.478077,6851.273846,846.032469,227.626239,6302.286446,0.000000,0.000000,7375.945154,8007.421051,631.475897,10.565605,2.842691,78.705571,0.000000,7.886133,15.301883,9.937333,2.283758,0.031053,2,0.000000,0,0,0,100.000000,2.270478,100.000000,7.640437,2114.065965,7964.723933,-0.000000,12.860303
11460.000000,pure-acoustic,none,hardware,1,0,0,1,priority,0.000500,180,15,hybrid,0.050000,4000.000000,6.087000,64.000000,500.000000,500.000000,2.000000,120.000000,0.000000,181,120,181,0,181,16,45,120,0,0,0,0,0,0,0,0,0.000000,0.000000,0.000000,clear-ocean,30.000000,60.000000,0.151000,1113,3101121,795.159231,6.938562,68,7,0,61,0,181,0,0,181,0,0,0,0,0,0,0,0,0,0,0,0,0,0,0,16,45,120,16,45,120,4.667271,3.205367,9.700011,0.000000,0.000000,0.000000,0,0,0,8012.821051,15.669128,114.478077,6851.273846,850.168639,228.660282,6302.516233,0.000000,0.000000,7381.345154,8012.821051,631.475897,10.610104,2.853680,78.655397,0.000000,7.880819,15.301883,9.937333,2.283758,0.030890,2,0.000000,0,0,0,100.000000,2.270478,100.000000,7.640437,2102.997557,7878.617216,-0.000000,0.021083
11520.000000,pure-acoustic,none,hardware,1,0,0,1,priority,0.000500,180,15,hybrid,0.050000,4000.000000,6.087000,64.000000,500.000000,500.000000,2.000000,120.000000,0.000000,181,120,181,0,181,16,45,120,0,0,0,0,0,0,0,0,0.000000,0.000000,0.000000,clear-ocean,30.000000,60.000000,0.151000,1113,3101121,795.159231,6.902424,68,7,0,61,0,181,0,0,181,0,0,0,0,0,0,0,0,0,0,0,0,0,0,0,16,45,120,16,45,120,4.667271,3.205367,9.700011,0.000000,0.000000,0.000000,0,0,0,8018.221051,15.669128,114.478077,6851.273846,854.304809,229.694324,6302.746021,0.000000,0.000000,7386.745154,8018.221051,631.475897,10.654543,2.864654,78.605291,0.000000,7.875511,15.301883,9.937333,2.283758,0.030729,2,0.000000,0,0,0,100.000000,2.270478,100.000000,7.640437,2092.044444,7792.510500,0.000000,10.884641
11580.000000,pure-acoustic,none,hardware,1,0,0,1,priority,0.000500,180,15,hybrid,0.050000,4000.000000,6.087000,64.000000,500.000000,500.000000,2.000000,120.000000,0.000000,181,120,181,0,181,16,45,120,0,0,0,0,0,0,0,0,0.000000,0.000000,0.000000,clear-ocean,30.000000,60.000000,0.151000,1113,3101121,795.159231,6.866660,68,7,0,61,0,181,0,0,181,0,0,0,0,0,0,0,0,0,0,0,0,0,0,0,16,45,120,16,45,120,4.667271,3.205367,9.700011,0.000000,0.000000,0.000000,0,0,0,8023.621051,15.669128,114.478077,6851.273846,858.440979,230.728367,6302.975808,0.000000,0.000000,7392.145154,8023.621051,631.475897,10.698922,2.875614,78.555253,0.000000,7.870211,15.301883,9.937333,2.283758,0.030570,2,0.000000,0,0,0,100.000000,2.270478,100.000000,7.640437,2081.204836,7706.403784,0.000000,44.420903
11640.000000,pure-acoustic,none,hardware,1,0,0,1,priority,0.000500,180,15,hybrid,0.050000,4000.000000,6.087000,64.000000,500.000000,500.000000,2.000000,120.000000,0.000000,181,120,181,0,181,16,45,120,0,0,0,0,0,0,0,0,0.000000,0.000000,0.000000,clear-ocean,30.000000,60.000000,0.151000,1113,3101121,795.159231,6.831265,68,7,0,61,0,181,0,0,181,0,0,0,0,0,0,0,0,0,0,0,0,0,0,0,16,45,120,16,45,120,4.667271,3.205367,9.700011,0.000000,0.000000,0.000000,0,0,0,8029.021051,15.669128,114.478077,6851.273846,862.577149,231.762409,6303.205595,0.000000,0.000000,7397.545154,8029.021051,631.475897,10.743242,2.886559,78.505282,0.000000,7.864918,15.301883,9.937333,2.283758,0.030412,2,0.000000,0,0,0,100.000000,2.270478,100.000000,7.640437,2070.476976,7620.297068,0.000000,97.449991
11700.000000,pure-acoustic,none,hardware,1,0,0,1,priority,0.000500,180,15,hybrid,0.050000,4000.000000,6.087000,64.000000,500.000000,500.000000,2.000000,120.000000,0.000000,181,120,181,0,181,16,45,120,0,0,0,0,0,0,0,0,0.000000,0.000000,0.000000,clear-ocean,30.000000,60.000000,0.151000,1113,3101121,795.159231,6.796233,68,7,0,61,0,181,0,0,181,0,0,0,0,0,0,0,0,0,0,0,0,0,0,0,16,45,120,16,45,120,4.667271,3.205367,9.700011,0.000000,0.000000,0.000000,0,0,0,8034.421051,15.669128,114.478077,6851.273846,866.713320,232.796452,6303.435382,0.000000,0.000000,7402.945154,8034.421051,631.475897,10.787502,2.897489,78.455378,0.000000,7.859632,15.301883,9.937333,2.283758,0.030256,2,0.000000,0,0,0,100.000000,2.270478,100.000000,7.640437,2059.859145,7534.190352,0.000000,164.943734
11760.000000,pure-acoustic,none,hardware,1,0,0,1,priority,0.000500,180,15,hybrid,0.050000,4000.000000,6.087000,64.000000,500.000000,500.000000,2.000000,120.000000,0.000000,181,120,181,0,181,16,45,120,0,0,0,0,0,0,0,0,0.000000,0.000000,0.000000,clear-ocean,30.000000,60.000000,0.151000,1113,3101121,795.159231,6.761558,68,7,0,61,0,181,0,0,181,0,0,0,0,0,0,0,0,0,0,0,0,0,0,0,16,45,120,16,45,120,4.667271,3.205367,9.700011,0.000000,0.000000,0.000000,0,0,0,8039.821051,15.669128,114.478077,6851.273846,870.849490,233.830494,6303.665170,0.000000,0.000000,7408.345154,8039.821051,631.475897,10.831702,2.908404,78.405541,0.000000,7.854353,15.301883,9.937333,2.283758,0.030102,2,0.000000,0,0,0,100.000000,2.270478,100.000000,7.640437,2049.349660,7448.083636,0.000000,240.502437
11820.000000,pure-acoustic,none,hardware,1,0,0,1,priority,0.000500,180,15,hybrid,0.050000,4000.000000,6.087000,64.000000,500.000000,500.000000,2.000000,120.000000,0.000000,181,120,181,0,181,16,45,120,0,0,0,0,0,0,0,0,0.000000,0.000000,0.000000,clear-ocean,30.000000,60.000000,0.151000,1113,3101121,795.159231,6.727235,68,7,0,61,0,181,0,0,181,0,0,0,0,0,0,0,0,0,0,0,0,0,0,0,16,45,120,16,45,120,4.667271,3.205367,9.700011,0.000000,0.000000,0.000000,0,0,0,8045.221051,15.669128,114.478077,6851.273846,874.985660,234.864537,6303.894957,0.000000,0.000000,7413.745154,8045.221051,631.475897,10.875844,2.919305,78.355771,0.000000,7.849081,15.301883,9.937333,2.283758,0.029949,2,0.000000,0,0,0,100.000000,2.270478,100.000000,7.640437,2038.946870,7361.976920,0.000000,316.961690
11880.000000,pure-acoustic,none,hardware,1,0,0,1,priority,0.000500,180,15,hybrid,0.050000,4000.000000,6.087000,64.000000,500.000000,500.000000,2.000000,120.000000,0.000000,181,120,181,0,181,16,45,120,0,0,0,0,0,0,0,0,0.000000,0.000000,0.000000,clear-ocean,30.000000,60.000000,0.151000,1113,3101121,795.159231,6.693260,68,7,0,61,0,181,0,0,181,0,0,0,0,0,0,0,0,0,0,0,0,0,0,0,16,45,120,16,45,120,4.667271,3.205367,9.700011,0.000000,0.000000,0.000000,0,0,0,8050.621051,15.669128,114.478077,6851.273846,879.121830,235.898579,6304.124744,0.000000,0.000000,7419.145154,8050.621051,631.475897,10.919926,2.930191,78.306067,0.000000,7.843816,15.301883,9.937333,2.283758,0.029798,2,0.000000,0,0,0,100.000000,2.270478,100.000000,7.640437,2028.649158,7275.870203,0.000000,387.071695
11940.000000,pure-acoustic,none,hardware,1,0,0,1,priority,0.000500,180,15,hybrid,0.050000,4000.000000,6.087000,64.000000,500.000000,500.000000,2.000000,120.000000,0.000000,181,120,181,0,181,16,45,120,0,0,0,0,0,0,0,0,0.000000,0.000000,0.000000,clear-ocean,30.000000,60.000000,0.151000,1113,3101121,795.159231,6.659625,68,7,0,61,0,181,0,0,181,0,0,0,0,0,0,0,0,0,0,0,0,0,0,0,16,45,120,16,45,120,4.667271,3.205367,9.700011,0.000000,0.000000,0.000000,0,0,0,8056.021051,15.669128,114.478077,6851.273846,883.258001,236.932622,6304.354531,0.000000,0.000000,7424.545154,8056.021051,631.475897,10.963949,2.941063,78.256431,0.000000,7.838558,15.301883,9.937333,2.283758,0.029648,2,0.000000,0,0,0,100.000000,2.270478,100.000000,7.640437,2018.454941,7189.763487,0.000000,444.184685
12000.000000,pure-acoustic,none,hardware,1,0,0,1,priority,0.000500,180,15,hybrid,0.050000,4000.000000,6.087000,64.000000,500.000000,500.000000,2.000000,120.000000,0.000000,181,120,181,0,181,16,45,120,0,0,0,0,0,0,0,0,0.000000,0.000000,0.000000,clear-ocean,30.000000,60.000000,0.151000,1113,3101121,795.159231,6.626327,68,7,0,61,0,181,0,0,181,0,0,0,0,0,0,0,0,0,0,0,0,0,0,0,16,45,120,16,45,120,4.667271,3.205367,9.700011,0.000000,0.000000,0.000000,0,0,0,8061.421051,15.669128,114.478077,6851.273846,887.394171,237.966664,6304.584319,0.000000,0.000000,7429.945154,8061.421051,631.475897,11.007912,2.951920,78.206861,0.000000,7.833307,15.301883,9.937333,2.283758,0.029500,2,0.000000,0,0,0,100.000000,2.270478,100.000000,7.640437,2008.362667,7103.656771,0.000000,482.885257
12060.000000,pure-acoustic,none,hardware,1,0,0,1,priority,0.000500,180,15,hybrid,0.050000,4000.000000,6.087000,64.000000,500.000000,500.000000,2.000000,120.000000,0.000000,181,120,181,0,181,16,45,120,0,0,0,0,0,0,0,0,0.000000,0.000000,0.000000,clear-ocean,30.000000,60.000000,0.151000,1113,3101121,795.159231,6.593360,68,7,0,61,0,181,0,0,181,0,0,0,0,0,0,0,0,0,0,0,0,0,0,0,16,45,120,16,45,120,4.667271,3.205367,9.700011,0.000000,0.000000,0.000000,0,0,0,8066.821051,15.669128,114.478077,6851.273846,891.530341,239.000707,6304.814106,0.000000,0.000000,7435.345154,8066.821051,631.475897,11.051818,2.962762,78.157357,0.000000,7.828064,15.301883,9.937333,2.283758,0.029353,2,0.000000,0,0,0,100.000000,2.270478,100.000000,7.640437,1998.370813,7017.550055,0.000000,499.503857
12120.000000,pure-acoustic,none,hardware,1,0,0,1,priority,0.000500,180,15,hybrid,0.050000,4000.000000,6.087000,64.000000,500.000000,500.000000,2.000000,120.000000,0.000000,181,120,181,0,181,16,45,120,0,0,0,0,0,0,0,0,0.000000,0.000000,0.000000,clear-ocean,30.000000,60.000000,0.151000,1113,3101121,795.159231,6.560720,68,7,0,61,0,181,0,0,181,0,0,0,0,0,0,0,0,0,0,0,0,0,0,0,16,45,120,16,45,120,4.667271,3.205367,9.700011,0.000000,0.000000,0.000000,0,0,0,8072.221051,15.669128,114.478077,6851.273846,895.666511,240.034750,6305.043893,0.000000,0.000000,7440.745154,8072.221051,631.475897,11.095664,2.973590,78.107919,0.000000,7.822827,15.301883,9.937333,2.283758,0.029208,2,0.000000,0,0,0,100.000000,2.270478,100.000000,7.640437,1988.477888,6931.443339,-0.000000,492.464725
12180.000000,pure-acoustic,none,hardware,1,0,0,1,priority,0.000500,180,15,hybrid,0.050000,4000.000000,6.087000,64.000000,500.000000,500.000000,2.000000,120.000000,0.000000,181,120,181,0,181,16,45,120,0,0,0,0,0,0,0,0,0.000000,0.000000,0.000000,clear-ocean,30.000000,60.000000,0.151000,1113,3101121,795.159231,6.528401,68,7,0,61,0,181,0,0,181,0,0,0,0,0,0,0,0,0,0,0,0,0,0,0,16,45,120,16,45,120,4.667271,3.205367,9.700011,0.000000,0.000000,0.000000,0,0,0,8077.621051,15.669128,114.478077,6851.273846,899.802681,241.068792,6305.273680,0.000000,0.000000,7446.145154,8077.621051,631.475897,11.139452,2.984403,78.058548,0.000000,7.817597,15.301883,9.937333,2.283758,0.029064,2,0.000000,0,0,0,100.000000,2.270478,100.000000,7.640437,1978.682430,6845.336623,-0.000000,462.435304
12240.000000,pure-acoustic,none,hardware,1,0,0,1,priority,0.000500,180,15,hybrid,0.050000,4000.000000,6.087000,64.000000,500.000000,500.000000,2.000000,120.000000,0.000000,181,120,181,0,181,16,45,120,0,0,0,0,0,0,0,0,0.000000,0.000000,0.000000,clear-ocean,30.000000,60.000000,0.151000,1113,3101121,795.159231,6.496399,68,7,0,61,0,181,0,0,181,0,0,0,0,0,0,0,0,0,0,0,0,0,0,0,16,45,120,16,45,120,4.667271,3.205367,9.700011,0.000000,0.000000,0.000000,0,0,0,8083.021051,15.669128,114.478077,6851.273846,903.938852,242.102835,6305.503468,0.000000,0.000000,7451.545154,8083.021051,631.475897,11.183181,2.995202,78.009242,0.000000,7.812375,15.301883,9.937333,2.283758,0.028922,2,0.000000,0,0,0,100.000000,2.270478,100.000000,7.640437,1968.983007,6759.229907,-0.000000,412.262958
12300.000000,pure-acoustic,none,hardware,1,0,0,1,priority,0.000500,180,15,hybrid,0.050000,4000.000000,6.087000,64.000000,500.000000,500.000000,2.000000,120.000000,0.000000,181,120,181,0,181,16,45,120,0,0,0,0,0,0,0,0,0.000000,0.000000,0.000000,clear-ocean,30.000000,60.000000,0.151000,1113,3101121,795.159231,6.464709,68,7,0,61,0,181,0,0,181,0,0,0,0,0,0,0,0,0,0,0,0,0,0,0,16,45,120,16,45,120,4.667271,3.205367,9.700011,0.000000,0.000000,0.000000,0,0,0,8088.421051,15.669128,114.478077,6851.273846,908.075022,243.136877,6305.733255,0.000000,0.000000,7456.945154,8088.421051,631.475897,11.226852,3.005987,77.960003,0.000000,7.807159,15.301883,9.937333,2.283758,0.028780,2,0.000000,0,0,0,100.000000,2.270478,100.000000,7.640437,1959.378211,6673.123190,-0.000000,346.704984
12360.000000,pure-acoustic,none,hardware,1,0,0,1,priority,0.000500,180,15,hybrid,0.050000,4000.000000,6.087000,64.000000,500.000000,500.000000,2.000000,120.000000,0.000000,181,120,181,0,181,16,45,120,0,0,0,0,0,0,0,0,0.000000,0.000000,0.000000,clear-ocean,30.000000,60.000000,0.151000,1113,3101121,795.159231,6.433327,68,7,0,61,0,181,0,0,181,0,0,0,0,0,0,0,0,0,0,0,0,0,0,0,16,45,120,16,45,120,4.667271,3.205367,9.700011,0.000000,0.000000,0.000000,0,0,0,8093.821051,15.669128,114.478077,6851.273846,912.211192,244.170920,6305.963042,0.000000,0.000000,7462.345154,8093.821051,631.475897,11.270464,3.016757,77.910829,0.000000,7.801950,15.301883,9.937333,2.283758,0.028641,2,0.000000,0,0,0,100.000000,2.270478,100.000000,7.640437,1949.866667,6587.016474,-0.000000,271.977529
12420.000000,pure-acoustic,none,hardware,1,0,0,1,priority,0.000500,180,15,hybrid,0.050000,4000.000000,6.087000,64.000000,500.000000,500.000000,2.000000,120.000000,0.000000,181,120,181,0,181,16,45,120,0,0,0,0,0,0,0,0,0.000000,0.000000,0.000000,clear-ocean,30.000000,60.000000,0.151000,1113,3101121,795.159231,6.402248,68,7,0,61,0,181,0,0,181,0,0,0,0,0,0,0,0,0,0,0,0,0,0,0,16,45,120,16,45,120,4.667271,3.205367,9.700011,0.000000,0.000000,0.000000,0,0,0,8099.221051,15.669128,114.478077,6851.273846,916.347362,245.204962,6306.192829,0.000000,0.000000,7467.745154,8099.221051,631.475897,11.314018,3.027513,77.861720,0.000000,7.796749,15.301883,9.937333,2.283758,0.028502,2,0.000000,0,0,0,100.000000,2.270478,100.000000,7.640437,1940.447021,6500.909758,-0.000000,195.166185
12480.000000,pure-acoustic,none,hardware,1,0,0,1,priority,0.000500,180,15,hybrid,0.050000,4000.000000,6.087000,64.000000,500.000000,500.000000,2.000000,120.000000,0.000000,181,120,181,0,181,16,45,120,0,0,0,0,0,0,0,0,0.000000,0.000000,0.000000,clear-ocean,30.000000,60.000000,0.151000,1113,3101121,795.159231,6.371468,68,7,0,61,0,181,0,0,181,0,0,0,0,0,0,0,0,0,0,0,0,0,0,0,16,45,120,16,45,120,4.667271,3.205367,9.700011,0.000000,0.000000,0.000000,0,0,0,8104.621051,15.669128,114.478077,6851.273846,920.483532,246.239005,6306.422616,0.000000,0.000000,7473.145154,8104.621051,631.475897,11.357515,3.038254,77.812677,0.000000,7.791554,15.301883,9.937333,2.283758,0.028365,2,0.000000,0,0,0,100.000000,2.270478,100.000000,7.640437,1931.117949,6414.803042,-0.000000,123.554134
12540.000000,pure-acoustic,none,hardware,1,0,0,1,priority,0.000500,180,15,hybrid,0.050000,4000.000000,6.087000,64.000000,500.000000,500.000000,2.000000,120.000000,0.000000,181,120,181,0,181,16,45,120,0,0,0,0,0,0,0,0,0.000000,0.000000,0.000000,clear-ocean,30.000000,60.000000,0.151000,1113,3101121,795.159231,6.340983,68,7,0,61,0,181,0,0,181,0,0,0,0,0,0,0,0,0,0,0,0,0,0,0,16,45,120,16,45,120,4.667271,3.205367,9.700011,0.000000,0.000000,0.000000,0,0,0,8110.021051,15.669128,114.478077,6851.273846,924.619703,247.273047,6306.652404,0.000000,0.000000,7478.545154,8110.021051,631.475897,11.400953,3.048982,77.763700,0.000000,7.786366,15.301883,9.937333,2.283758,0.028230,2,0.000000,0,0,0,100.000000,2.270478,100.000000,7.640437,1921.878150,6328.696326,-0.000000,63.931567
12600.000000,pure-acoustic,none,hardware,1,0,0,1,priority,0.000500,180,15,hybrid,0.050000,4000.000000,6.087000,64.000000,500.000000,500.000000,2.000000,120.000000,0.000000,181,120,181,0,181,16,45,120,0,0,0,0,0,0,0,0,0.000000,0.000000,0.000000,clear-ocean,30.000000,60.000000,0.151000,1113,3101121,795.159231,6.310788,68,7,0,61,0,181,0,0,181,0,0,0,0,0,0,0,0,0,0,0,0,0,0,0,16,45,120,16,45,120,4.667271,3.205367,9.700011,0.000000,0.000000,0.000000,0,0,0,8115.421051,15.669128,114.478077,6851.273846,928.755873,248.307090,6306.882191,0.000000,0.000000,7483.945154,8115.421051,631.475897,11.444334,3.059694,77.714787,0.000000,7.781185,15.301883,9.937333,2.283758,0.028095,2,0.000000,0,0,0,100.000000,2.270478,100.000000,7.640437,1912.726349,6242.589610,-0.000000,21.951842
12660.000000,pure-acoustic,none,hardware,1,0,0,1,priority,0.000500,180,15,hybrid,0.050000,4000.000000,6.087000,64.000000,500.000000,500.000000,2.000000,120.000000,0.000000,181,120,181,0,181,16,45,120,0,0,0,0,0,0,0,0,0.000000,0.000000,0.000000,clear-ocean,30.000000,60.000000,0.151000,1113,3101121,795.159231,6.280879,68,7,0,61,0,181,0,0,181,0,0,0,0,0,0,0,0,0,0,0,0,0,0,0,16,45,120,16,45,120,4.667271,3.205367,9.700011,0.000000,0.000000,0.000000,0,0,0,8120.821051,15.669128,114.478077,6851.273846,932.892043,249.341133,6307.111978,0.000000,0.000000,7489.345154,8120.821051,631.475897,11.487657,3.070393,77.665940,0.000000,7.776010,15.301883,9.937333,2.283758,0.027962,2,0.000000,0,0,0,100.000000,2.270478,100.000000,7.640437,1903.661295,6156.482894,-0.000000,1.595440
12720.000000,pure-acoustic,none,hardware,1,0,0,1,priority,0.000500,180,15,hybrid,0.050000,4000.000000,6.087000,64.000000,500.000000,500.000000,2.000000,120.000000,0.000000,181,120,181,0,181,16,45,120,0,0,0,0,0,0,0,0,0.000000,0.000000,0.000000,clear-ocean,30.000000,60.000000,0.151000,1113,3101121,795.159231,6.251252,68,7,0,61,0,181,0,0,181,0,0,0,0,0,0,0,0,0,0,0,0,0,0,0,16,45,120,16,45,120,4.667271,3.205367,9.700011,0.000000,0.000000,0.000000,0,0,0,8126.221051,15.669128,114.478077,6851.273846,937.028213,250.375175,6307.341765,0.000000,0.000000,7494.745154,8126.221051,631.475897,11.530922,3.081078,77.617157,0.000000,7.770843,15.301883,9.937333,2.283758,0.027830,2,0.000000,0,0,0,100.000000,2.270478,100.000000,7.640437,1894.681761,6070.376177,0.000000,4.792536
12780.000000,pure-acoustic,none,hardware,1,0,0,1,priority,0.000500,180,15,hybrid,0.050000,4000.000000,6.087000,64.000000,500.000000,500.000000,2.000000,120.000000,0.000000,181,120,181,0,181,16,45,120,0,0,0,0,0,0,0,0,0.000000,0.000000,0.000000,clear-ocean,30.000000,60.000000,0.151000,1113,3101121,795.159231,6.221903,68,7,0,61,0,181,0,0,181,0,0,0,0,0,0,0,0,0,0,0,0,0,0,0,16,45,120,16,45,120,4.667271,3.205367,9.700011,0.000000,0.000000,0.000000,0,0,0,8131.621051,15.669128,114.478077,6851.273846,941.164384,251.409218,6307.571553,0.000000,0.000000,7500.145154,8131.621051,631.475897,11.574130,3.091748,77.568439,0.000000,7.765683,15.301883,9.937333,2.283758,0.027700,2,0.000000,0,0,0,100.000000,2.270478,100.000000,7.640437,1885.786541,5984.269461,0.000000,31.239984
12840.000000,pure-acoustic,none,hardware,1,0,0,1,priority,0.000500,180,15,hybrid,0.050000,4000.000000,6.087000,64.000000,500.000000,500.000000,2.000000,120.000000,0.000000,181,120,181,0,181,16,45,120,0,0,0,0,0,0,0,0,0.000000,0.000000,0.000000,clear-ocean,30.000000,60.000000,0.151000,1113,3101121,795.159231,6.192829,68,7,0,61,0,181,0,0,181,0,0,0,0,0,0,0,0,0,0,0,0,0,0,0,16,45,120,16,45,120,4.667271,3.205367,9.700011,0.000000,0.000000,0.000000,0,0,0,8137.021051,15.669128,114.478077,6851.273846,945.300554,252.443260,6307.801340,0.000000,0.000000,7505.545154,8137.021051,631.475897,11.617280,3.102404,77.519786,0.000000,7.760529,15.301883,9.937333,2.283758,0.027570,2,0.000000,0,0,0,100.000000,2.270478,100.000000,7.640437,1876.974455,5898.162745,0.000000,78.430061
12900.000000,pure-acoustic,none,hardware,1,0,0,1,priority,0.000500,180,15,hybrid,0.050000,4000.000000,6.087000,64.000000,500.000000,500.000000,2.000000,120.000000,0.000000,181,120,181,0,181,16,45,120,0,0,0,0,0,0,0,0,0.000000,0.000000,0.000000,clear-ocean,30.000000,60.000000,0.151000,1113,3101121,795.159231,6.164025,68,7,0,61,0,181,0,0,181,0,0,0,0,0,0,0,0,0,0,0,0,0,0,0,16,45,120,16,45,120,4.667271,3.205367,9.700011,0.000000,0.000000,0.000000,0,0,0,8142.421051,15.669128,114.478077,6851.273846,949.436724,253.477303,6308.031127,0.000000,0.000000,7510.945154,8142.421051,631.475897,11.660374,3.113046,77.471198,0.000000,7.755383,15.301883,9.937333,2.283758,0.027442,2,0.000000,0,0,0,100.000000,2.270478,100.000000,7.640437,1868.244341,5812.056029,0.000000,141.888246
12960.000000,pure-acoustic,none,hardware,1,0,0,1,priority,0.000500,180,15,hybrid,0.050000,4000.000000,6.087000,64.000000,500.000000,500.000000,2.000000,120.000000,0.000000,181,120,181,0,181,16,45,120,0,0,0,0,0,0,0,0,0.000000,0.000000,0.000000,clear-ocean,30.000000,60.000000,0.151000,1113,3101121,795.159231,6.135488,68,7,0,61,0,181,0,0,181,0,0,0,0,0,0,0,0,0,0,0,0,0,0,0,16,45,120,16,45,120,4.667271,3.205367,9.700011,0.000000,0.000000,0.000000,0,0,0,8147.821051,15.669128,114.478077,6851.273846,953.572894,254.511345,6308.260914,0.000000,0.000000,7516.345154,8147.821051,631.475897,11.703410,3.123674,77.422674,0.000000,7.750243,15.301883,9.937333,2.283758,0.027315,2,0.000000,0,0,0,100.000000,2.270478,100.000000,7.640437,1859.595062,5725.949313,0.000000,215.597491
13020.000000,pure-acoustic,none,hardware,1,0,0,1,priority,0.000500,180,15,hybrid,0.050000,4000.000000,6.087000,64.000000,500.000000,500.000000,2.000000,120.000000,0.000000,181,120,181,0,181,16,45,120,0,0,0,0,0,0,0,0,0.000000,0.000000,0.000000,clear-ocean,30.000000,60.000000,0.151000,1113,3101121,795.159231,6.107214,68,7,0,61,0,181,0,0,181,0,0,0,0,0,0,0,0,0,0,0,0,0,0,0,16,45,120,16,45,120,4.667271,3.205367,9.700011,0.000000,0.000000,0.000000,0,0,0,8153.221051,15.669128,114.478077,6851.273846,957.709064,255.545388,6308.490702,0.000000,0.000000,7521.745154,8153.221051,631.475897,11.746389,3.134287,77.374214,0.000000,7.745109,15.301883,9.937333,2.283758,0.027189,2,0.000000,0,0,0,100.000000,2.270478,100.000000,7.640437,1851.025499,5639.842597,0.000000,292.568751
13080.000000,pure-acoustic,none,hardware,1,0,0,1,priority,0.000500,180,15,hybrid,0.050000,4000.000000,6.087000,64.000000,500.000000,500.000000,2.000000,120.000000,0.000000,181,120,181,0,181,16,45,120,0,0,0,0,0,0,0,0,0.000000,0.000000,0.000000,clear-ocean,30.000000,60.000000,0.151000,1113,3101121,795.159231,6.079199,68,7,0,61,0,181,0,0,181,0,0,0,0,0,0,0,0,0,0,0,0,0,0,0,16,45,120,16,45,120,4.667271,3.205367,9.700011,0.000000,0.000000,0.000000,0,0,0,8158.621051,15.669128,114.478077,6851.273846,961.845235,256.579430,6308.720489,0.000000,0.000000,7527.145154,8158.621051,631.475897,11.789311,3.144887,77.325818,0.000000,7.739983,15.301883,9.937333,2.283758,0.027064,2,0.000000,0,0,0,100.000000,2.270478,100.000000,7.640437,1842.534557,5553.735880,0.000000,365.503680
13140.000000,pure-acoustic,none,hardware,1,0,0,1,priority,0.000500,180,15,hybrid,0.050000,4000.000000,6.087000,64.000000,500.000000,500.000000,2.000000,120.000000,0.000000,181,120,181,0,181,16,45,120,0,0,0,0,0,0,0,0,0.000000,0.000000,0.000000,clear-ocean,30.000000,60.000000,0.151000,1113,3101121,795.159231,6.051440,68,7,0,61,0,181,0,0,181,0,0,0,0,0,0,0,0,0,0,0,0,0,0,0,16,45,120,16,45,120,4.667271,3.205367,9.700011,0.000000,0.000000,0.000000,0,0,0,8164.021051,15.669128,114.478077,6851.273846,965.981405,257.613473,6308.950276,0.000000,0.000000,7532.545154,8164.021051,631.475897,11.832177,3.155473,77.277487,0.000000,7.734864,15.301883,9.937333,2.283758,0.026941,2,0.000000,0,0,0,100.000000,2.270478,100.000000,7.640437,1834.121157,5467.629164,0.000000,427.486654
13200.000000,pure-acoustic,none,hardware,1,0,0,1,priority,0.000500,180,15,hybrid,0.050000,4000.000000,6.087000,64.000000,500.000000,500.000000,2.000000,120.000000,0.000000,181,120,181,0,181,16,45,120,0,0,0,0,0,0,0,0,0.000000,0.000000,0.000000,clear-ocean,30.000000,60.000000,0.151000,1113,3101121,795.159231,6.023934,68,7,0,61,0,181,0,0,181,0,0,0,0,0,0,0,0,0,0,0,0,0,0,0,16,45,120,16,45,120,4.667271,3.205367,9.700011,0.000000,0.000000,0.000000,0,0,0,8169.421051,15.669128,114.478077,6851.273846,970.117575,258.647516,6309.180063,0.000000,0.000000,7537.945154,8169.421051,631.475897,11.874986,3.166045,77.229219,0.000000,7.729751,15.301883,9.937333,2.283758,0.026818,2,0.000000,0,0,0,100.000000,2.270478,100.000000,7.640437,1825.784242,5381.522448,0.000000,472.640502
13260.000000,pure-acoustic,none,hardware,1,0,0,1,priority,0.000500,180,15,hybrid,0.050000,4000.000000,6.087000,64.000000,500.000000,500.000000,2.000000,120.000000,0.000000,181,120,181,0,181,16,45,120,0,0,0,0,0,0,0,0,0.000000,0.000000,0.000000,clear-ocean,30.000000,60.000000,0.151000,1113,3101121,795.159231,5.996676,68,7,0,61,0,181,0,0,181,0,0,0,0,0,0,0,0,0,0,0,0,0,0,0,16,45,120,16,45,120,4.667271,3.205367,9.700011,0.000000,0.000000,0.000000,0,0,0,8174.821051,15.669128,114.478077,6851.273846,974.253745,259.681558,6309.409851,0.000000,0.000000,7543.345154,8174.821051,631.475897,11.917738,3.176602,77.181015,0.000000,7.724645,15.301883,9.937333,2.283758,0.026697,2,0.000000,0,0,0,100.000000,2.270478,100.000000,7.640437,1817.522775,5295.415732,0.000000,496.683776
13320.000000,pure-acoustic,none,hardware,1,0,0,1,priority,0.000500,180,15,hybrid,0.050000,4000.000000,6.087000,64.000000,500.000000,500.000000,2.000000,120.000000,0.000000,181,120,181,0,181,16,45,120,0,0,0,0,0,0,0,0,0.000000,0.000000,0.000000,clear-ocean,30.000000,60.000000,0.151000,1113,3101121,795.159231,5.969664,68,7,0,61,0,181,0,0,181,0,0,0,0,0,0,0,0,0,0,0,0,0,0,0,16,45,120,16,45,120,4.667271,3.205367,9.700011,0.000000,0.000000,0.000000,0,0,0,8180.221051,15.669128,114.478077,6851.273846,978.389915,260.715601,6309.639638,0.000000,0.000000,7548.745154,8180.221051,631.475897,11.960434,3.187146,77.132875,0.000000,7.719546,15.301883,9.937333,2.283758,0.026577,2,0.000000,0,0,0,100.000000,2.270478,100.000000,7.640437,1809.335736,5209.309016,-0.000000,497.336716
13380.000000,pure-acoustic,none,hardware,1,0,0,1,priority,0.000500,180,15,hybrid,0.050000,4000.000000,6.087000,64.000000,500.000000,500.000000,2.000000,120.000000,0.000000,181,120,181,0,181,16,45,120,0,0,0,0,0,0,0,0,0.000000,0.000000,0.000000,clear-ocean,30.000000,60.000000,0.151000,1113,3101121,795.159231,5.942894,68,7,0,61,0,181,0,0,181,0,0,0,0,0,0,0,0,0,0,0,0,0,0,0,16,45,120,16,45,120,4.667271,3.205367,9.700011,0.000000,0.000000,0.000000,0,0,0,8185.621051,15.669128,114.478077,6851.273846,982.526086,261.749643,6309.869425,0.000000,0.000000,7554.145154,8185.621051,631.475897,12.003073,3.197676,77.084798,0.000000,7.714453,15.301883,9.937333,2.283758,0.026457,2,0.000000,0,0,0,100.000000,2.270478,100.000000,7.640437,1801.222123,5123.202300,-0.000000,474.537410
13440.000000,pure-acoustic,none,hardware,1,0,0,1,priority,0.000500,180,15,hybrid,0.050000,4000.000000,6.087000,64.000000,500.000000,500.000000,2.000000,120.000000,0.000000,181,120,181,0,181,16,45,120,0,0,0,0,0,0,0,0,0.000000,0.000000,0.000000,clear-ocean,30.000000,60.000000,0.151000,1113,3101121,795.159231,5.916363,68,7,0,61,0,181,0,0,181,0,0,0,0,0,0,0,0,0,0,0,0,0,0,0,16,45,120,16,45,120,4.667271,3.205367,9.700011,0.000000,0.000000,0.000000,0,0,0,8191.021051,15.669128,114.478077,6851.273846,986.662256,262.783686,6310.099212,0.000000,0.000000,7559.545154,8191.021051,631.475897,12.045656,3.208192,77.036784,0.000000,7.709367,15.301883,9.937333,2.283758,0.026339,2,0.000000,0,0,0,100.000000,2.270478,100.000000,7.640437,1793.180952,5037.095584,-0.000000,430.447668
13500.000000,pure-acoustic,none,hardware,1,0,0,1,priority,0.000500,180,15,hybrid,0.050000,4000.000000,6.087000,64.000000,500.000000,500.000000,2.000000,120.000000,0.000000,181,120,181,0,181,16,45,120,0,0,0,0,0,0,0,0,0.000000,0.000000,0.000000,clear-ocean,30.000000,60.000000,0.151000,1113,3101121,795.159231,5.890068,68,7,0,61,0,181,0,0,181,0,0,0,0,0,0,0,0,0,0,0,0,0,0,0,16,45,120,16,45,120,4.667271,3.205367,9.700011,0.000000,0.000000,0.000000,0,0,0,8196.421051,15.669128,114.478077,6851.273846,990.798426,263.817728,6310.328999,0.000000,0.000000,7564.945154,8196.421051,631.475897,12.088184,3.218694,76.988834,0.000000,7.704288,15.301883,9.937333,2.283758,0.026222,2,0.000000,0,0,0,100.000000,2.270478,100.000000,7.640437,1785.211259,4950.988867,-0.000000,369.248039
13560.000000,pure-acoustic,none,hardware,1,0,0,1,priority,0.000500,180,15,hybrid,0.050000,4000.000000,6.087000,64.000000,500.000000,500.000000,2.000000,120.000000,0.000000,181,120,181,0,181,16,45,120,0,0,0,0,0,0,0,0,0.000000,0.000000,0.000000,clear-ocean,30.000000,60.000000,0.151000,1113,3101121,795.159231,5.864006,68,7,0,61,0,181,0,0,181,0,0,0,0,0,0,0,0,0,0,0,0,0,0,0,16,45,120,16,45,120,4.667271,3.205367,9.700011,0.000000,0.000000,0.000000,0,0,0,8201.821051,15.669128,114.478077,6851.273846,994.934596,264.851771,6310.558787,0.000000,0.000000,7570.345154,8201.821051,631.475897,12.130655,3.229183,76.940947,0.000000,7.699216,15.301883,9.937333,2.283758,0.026106,2,0.000000,0,0,0,100.000000,2.270478,100.000000,7.640437,1777.312094,4864.882151,-0.000000,296.741417
13620.000000,pure-acoustic,none,hardware,1,0,0,1,priority,0.000500,180,15,hybrid,0.050000,4000.000000,6.087000,64.000000,500.000000,500.000000,2.000000,120.000000,0.000000,181,120,181,0,181,16,45,120,0,0,0,0,0,0,0,0,0.000000,0.000000,0.000000,clear-ocean,30.000000,60.000000,0.151000,1113,3101121,795.159231,5.838174,68,7,0,61,0,181,0,0,181,0,0,0,0,0,0,0,0,0,0,0,0,0,0,0,16,45,120,16,45,120,4.667271,3.205367,9.700011,0.000000,0.000000,0.000000,0,0,0,8207.221051,15.669128,114.478077,6851.273846,999.070767,265.885813,6310.788574,0.000000,0.000000,7575.745154,8207.221051,631.475897,12.173070,3.239657,76.893123,0.000000,7.694150,15.301883,9.937333,2.283758,0.025991,2,0.000000,0,0,0,100.000000,2.270478,100.000000,7.640437,1769.482526,4778.775435,-0.000000,219.802817
13680.000000,pure-acoustic,none,hardware,1,0,0,1,priority,0.000500,180,15,hybrid,0.050000,4000.000000,6.087000,64.000000,500.000000,500.000000,2.000000,120.000000,0.000000,181,120,181,0,181,16,45,120,0,0,0,0,0,0,0,0,0.000000,0.000000,0.000000,clear-ocean,30.000000,60.000000,0.151000,1113,3101121,795.159231,5.812567,68,7,0,61,0,181,0,0,181,0,0,0,0,0,0,0,0,0,0,0,0,0,0,0,16,45,120,16,45,120,4.667271,3.205367,9.700011,0.000000,0.000000,0.000000,0,0,0,8212.621051,15.669128,114.478077,6851.273846,1003.206937,266.919856,6311.018361,0.000000,0.000000,7581.145154,8212.621051,631.475897,12.215430,3.250118,76.845362,0.000000,7.689091,15.301883,9.937333,2.283758,0.025877,2,0.000000,0,0,0,100.000000,2.270478,100.000000,7.640437,1761.721637,4692.668719,-0.000000,145.727486
13740.000000,pure-acoustic,none,hardware,1,0,0,1,priority,0.000500,180,15,hybrid,0.050000,4000.000000,6.087000,64.000000,500.000000,500.000000,2.000000,120.000000,0.000000,181,120,181,0,181,16,45,120,0,0,0,0,0,0,0,0,0.000000,0.000000,0.000000,clear-ocean,30.000000,60.000000,0.151000,1113,3101121,795.159231,5.787185,68,7,0,61,0,181,0,0,181,0,0,0,0,0,0,0,0,0,0,0,0,0,0,0,16,45,120,16,45,120,4.667271,3.205367,9.700011,0.000000,0.000000,0.000000,0,0,0,8218.021051,15.669128,114.478077,6851.273846,1007.343107,267.953899,6311.248148,0.000000,0.000000,7586.545154,8218.021051,631.475897,12.257733,3.260565,76.797663,0.000000,7.684038,15.301883,9.937333,2.283758,0.025764,2,0.000000,0,0,0,100.000000,2.270478,100.000000,7.640437,1754.028530,4606.562003,-0.000000,81.539182
13800.000000,pure-acoustic,none,hardware,1,0,0,1,priority,0.000500,180,15,hybrid,0.050000,4000.000000,6.087000,64.000000,500.000000,500.000000,2.000000,120.000000,0.000000,181,120,181,0,181,16,45,120,0,0,0,0,0,0,0,0,0.000000,0.000000,0.000000,clear-ocean,30.000000,60.000000,0.151000,1113,3101121,795.159231,5.762023,68,7,0,61,0,181,0,0,181,0,0,0,0,0,0,0,0,0,0,0,0,0,0,0,16,45,120,16,45,120,4.667271,3.205367,9.700011,0.000000,0.000000,0.000000,0,0,0,8223.421051,15.669128,114.478077,6851.273846,1011.479277,268.987941,6311.477936,0.000000,0.000000,7591.945154,8223.421051,631.475897,12.299982,3.270998,76.750028,0.000000,7.678993,15.301883,9.937333,2.283758,0.025652,2,0.000000,0,0,0,100.000000,2.270478,100.000000,7.640437,1746.402319,4520.455287,-0.000000,33.324182
13860.000000,pure-acoustic,none,hardware,1,0,0,1,priority,0.000500,180,15,hybrid,0.050000,4000.000000,6.087000,64.000000,500.000000,500.000000,2.000000,120.000000,0.000000,181,120,181,0,181,16,45,120,0,0,0,0,0,0,0,0,0.000000,0.000000,0.000000,clear-ocean,30.000000,60.000000,0.151000,1113,3101121,795.159231,5.737080,68,7,0,61,0,181,0,0,181,0,0,0,0,0,0,0,0,0,0,0,0,0,0,0,16,45,120,16,45,120,4.667271,3.205367,9.700011,0.000000,0.000000,0.000000,0,0,0,8228.821051,15.669128,114.478077,6851.273846,1015.615447,270.021984,6311.707723,0.000000,0.000000,7597.345154,8228.821051,631.475897,12.342174,3.281418,76.702455,0.000000,7.673953,15.301883,9.937333,2.283758,0.025541,2,0.000000,0,0,0,100.000000,2.270478,100.000000,7.640437,1738.842136,4434.348571,-0.000000,5.654189
13920.000000,pure-acoustic,none,hardware,1,0,0,1,priority,0.000500,180,15,hybrid,0.050000,4000.000000,6.087000,64.000000,500.000000,500.000000,2.000000,120.000000,0.000000,181,120,181,0,181,16,45,120,0,0,0,0,0,0,0,0,0.000000,0.000000,0.000000,clear-ocean,30.000000,60.000000,0.151000,1113,3101121,795.159231,5.712351,68,7,0,61,0,181,0,0,181,0,0,0,0,0,0,0,0,0,0,0,0,0,0,0,16,45,120,16,45,120,4.667271,3.205367,9.700011,0.000000,0.000000,0.000000,0,0,0,8234.221051,15.669128,114.478077,6851.273846,1019.751618,271.056026,6311.937510,0.000000,0.000000,7602.745154,8234.221051,631.475897,12.384312,3.291824,76.654944,0.000000,7.668921,15.301883,9.937333,2.283758,0.025431,2,0.000000,0,0,0,100.000000,2.270478,100.000000,7.640437,1731.347126,4348.241854,0.000000,1.152847
13980.000000,pure-acoustic,none,hardware,1,0,0,1,priority,0.000500,180,15,hybrid,0.050000,4000.000000,6.087000,64.000000,500.000000,500.000000,2.000000,120.000000,0.000000,181,120,181,0,181,16,45,120,0,0,0,0,0,0,0,0,0.000000,0.000000,0.000000,clear-ocean,30.000000,60.000000,0.151000,1113,3101121,795.159231,5.687834,68,7,0,61,0,181,0,0,181,0,0,0,0,0,0,0,0,0,0,0,0,0,0,0,16,45,120,16,45,120,4.667271,3.205367,9.700011,0.000000,0.000000,0.000000,0,0,0,8239.621051,15.669128,114.478077,6851.273846,1023.887788,272.090069,6312.167297,0.000000,0.000000,7608.145154,8239.621051,631.475897,12.426394,3.302216,76.607495,0.000000,7.663895,15.301883,9.937333,2.283758,0.025322,2,0.000000,0,0,0,100.000000,2.270478,100.000000,7.640437,1723.916452,4262.135138,0.000000,20.246969
14040.000000,pure-acoustic,none,hardware,1,0,0,1,priority,0.000500,180,15,hybrid,0.050000,4000.000000,6.087000,64.000000,500.000000,500.000000,2.000000,120.000000,0.000000,181,120,181,0,181,16,45,120,0,0,0,0,0,0,0,0,0.000000,0.000000,0.000000,clear-ocean,30.000000,60.000000,0.151000,1113,3101121,795.159231,5.663527,68,7,0,61,0,181,0,0,181,0,0,0,0,0,0,0,0,0,0,0,0,0,0,0,16,45,120,16,45,120,4.667271,3.205367,9.700011,0.000000,0.000000,0.000000,0,0,0,8245.021051,15.669128,114.478077,6851.273846,1028.023958,273.124111,6312.397085,0.000000,0.000000,7613.545154,8245.021051,631.475897,12.468421,3.312594,76.560109,0.000000,7.658876,15.301883,9.937333,2.283758,0.025214,2,0.000000,0,0,0,100.000000,2.270478,100.000000,7.640437,1716.549288,4176.028422,0.000000,61.126069
14100.000000,pure-acoustic,none,hardware,1,0,0,1,priority,0.000500,180,15,hybrid,0.050000,4000.000000,6.087000,64.000000,500.000000,500.000000,2.000000,120.000000,0.000000,181,120,181,0,181,16,45,120,0,0,0,0,0,0,0,0,0.000000,0.000000,0.000000,clear-ocean,30.000000,60.000000,0.151000,1113,3101121,795.159231,5.639427,68,7,0,61,0,181,0,0,181,0,0,0,0,0,0,0,0,0,0,0,0,0,0,0,16,45,120,16,45,120,4.667271,3.205367,9.700011,0.000000,0.000000,0.000000,0,0,0,8250.421051,15.669128,114.478077,6851.273846,1032.160128,274.158154,6312.626872,0.000000,0.000000,7618.945154,8250.421051,631.475897,12.510393,3.322960,76.512784,0.000000,7.653863,15.301883,9.937333,2.283758,0.025106,2,0.000000,0,0,0,100.000000,2.270478,100.000000,7.640437,1709.244823,4089.921706,0.000000,119.914025
14160.000000,pure-acoustic,none,hardware,1,0,0,1,priority,0.000500,180,15,hybrid,0.050000,4000.000000,6.087000,64.000000,500.000000,500.000000,2.000000,120.000000,0.000000,181,120,181,0,181,16,45,120,0,0,0,0,0,0,0,0,0.000000,0.000000,0.000000,clear-ocean,30.000000,60.000000,0.151000,1113,3101121,795.159231,5.615531,68,7,0,61,0,181,0,0,181,0,0,0,0,0,0,0,0,0,0,0,0,0,0,0,16,45,120,16,45,120,4.667271,3.205367,9.700011,0.000000,0.000000,0.000000,0,0,0,8255.821051,15.669128,114.478077,6851.273846,1036.296298,275.192196,6312.856659,0.000000,0.000000,7624.345154,8255.821051,631.475897,12.552311,3.333311,76.465522,0.000000,7.648856,15.301883,9.937333,2.283758,0.025000,2,0.000000,0,0,0,100.000000,2.270478,100.000000,7.640437,1702.002260,4003.814990,0.000000,191.036617
14220.000000,pure-acoustic,none,hardware,1,0,0,1,priority,0.000500,180,15,hybrid,0.050000,4000.000000,6.087000,64.000000,500.000000,500.000000,2.000000,120.000000,0.000000,181,120,181,0,181,16,45,120,0,0,0,0,0,0,0,0,0.000000,0.000000,0.000000,clear-ocean,30.000000,60.000000,0.151000,1113,3101121,795.159231,5.591837,68,7,0,61,0,181,0,0,181,0,0,0,0,0,0,0,0,0,0,0,0,0,0,0,16,45,120,16,45,120,4.667271,3.205367,9.700011,0.000000,0.000000,0.000000,0,0,0,8261.221051,15.669128,114.478077,6851.273846,1040.432469,276.226239,6313.086446,0.000000,0.000000,7629.745154,8261.221051,631.475897,12.594173,3.343649,76.418321,0.000000,7.643857,15.301883,9.937333,2.283758,0.024895,2,0.000000,0,0,0,100.000000,2.270478,100.000000,7.640437,1694.820816,3917.708274,0.000000,267.750065
14280.000000,pure-acoustic,none,hardware,1,0,0,1,priority,0.000500,180,15,hybrid,0.050000,4000.000000,6.087000,64.000000,500.000000,500.000000,2.000000,120.000000,0.000000,181,120,181,0,181,16,45,120,0,0,0,0,0,0,0,0,0.000000,0.000000,0.000000,clear-ocean,30.000000,60.000000,0.151000,1113,3101121,795.159231,5.568342,68,7,0,61,0,181,0,0,181,0,0,0,0,0,0,0,0,0,0,0,0,0,0,0,16,45,120,16,45,120,4.667271,3.205367,9.700011,0.000000,0.000000,0.000000,0,0,0,8266.621051,15.669128,114.478077,6851.273846,1044.568639,277.260282,6313.316233,0.000000,0.000000,7635.145154,8266.621051,631.475897,12.635981,3.353974,76.371182,0.000000,7.638863,15.301883,9.937333,2.283758,0.024790,2,0.000000,0,0,0,100.000000,2.270478,100.000000,7.640437,1687.699720,3831.601558,0.000000,342.780467
14340.000000,pure-acoustic,none,hardware,1,0,0,1,priority,0.000500,180,15,hybrid,0.050000,4000.000000,6.087000,64.000000,500.000000,500.000000,2.000000,120.000000,0.000000,181,120,181,0,181,16,45,120,0,0,0,0,0,0,0,0,0.000000,0.000000,0.000000,clear-ocean,30.000000,60.000000,0.151000,1113,3101121,795.159231,5.545043,68,7,0,61,0,181,0,0,181,0,0,0,0,0,0,0,0,0,0,0,0,0,0,0,16,45,120,16,45,120,4.667271,3.205367,9.700011,0.000000,0.000000,0.000000,0,0,0,8272.021051,15.669128,114.478077,6851.273846,1048.704809,278.294324,6313.546021,0.000000,0.000000,7640.545154,8272.021051,631.475897,12.677734,3.364285,76.324105,0.000000,7.633877,15.301883,9.937333,2.283758,0.024686,2,0.000000,0,0,0,100.000000,2.270478,100.000000,7.640437,1680.638215,3745.494841,0.000000,409.013508
14400.000000,pure-acoustic,none,hardware,1,0,0,1,priority,0.000500,180,15,hybrid,0.050000,4000.000000,6.087000,64.000000,500.000000,500.000000,2.000000,120.000000,0.000000,181,120,181,0,181,16,45,120,0,0,0,0,0,0,0,0,0.000000,0.000000,0.000000,clear-ocean,30.000000,60.000000,0.151000,1113,3101121,795.159231,5.521939,68,7,0,61,0,181,0,0,181,0,0,0,0,0,0,0,0,0,0,0,0,0,0,0,16,45,120,16,45,120,4.667271,3.205367,9.700011,0.000000,0.000000,0.000000,0,0,0,8277.421051,15.669128,114.478077,6851.273846,1052.840979,279.328367,6313.775808,0.000000,0.000000,7645.945154,8277.421051,631.475897,12.719432,3.374582,76.277089,0.000000,7.628897,15.301883,9.937333,2.283758,0.024583,2,0.000000,0,0,0,100.000000,2.270478,100.000000,7.640437,1673.635556,3659.388125,0.000000,460.169031
14460.000000,pure-acoustic,none,hardware,1,0,0,1,priority,0.000500,180,15,hybrid,0.050000,4000.000000,6.087000,64.000000,500.000000,500.000000,2.000000,120.000000,0.000000,181,120,181,0,181,16,45,120,0,0,0,0,0,0,0,0,0.000000,0.000000,0.000000,clear-ocean,30.000000,60.000000,0.151000,1113,3101121,795.159231,5.499026,68,7,0,61,0,181,0,0,181,0,0,0,0,0,0,0,0,0,0,0,0,0,0,0,16,45,120,16,45,120,4.667271,3.205367,9.700011,0.000000,0.000000,0.000000,0,0,0,8282.821051,15.669128,114.478077,6851.273846,1056.977149,280.362409,6314.005595,0.000000,0.000000,7651.345154,8282.821051,631.475897,12.761077,3.384866,76.230134,0.000000,7.623923,15.301883,9.937333,2.283758,0.024481,2,0.000000,0,0,0,100.000000,2.270478,100.000000,7.640437,1666.691010,3573.281409,0.000000,491.396514
14520.000000,pure-acoustic,none,hardware,1,0,0,1,priority,0.000500,180,15,hybrid,0.050000,4000.000000,6.087000,64.000000,500.000000,500.000000,2.000000,120.000000,0.000000,181,120,181,0,181,16,45,120,0,0,0,0,0,0,0,0,0.000000,0.000000,0.000000,clear-ocean,30.000000,60.000000,0.151000,1113,3101121,795.159231,5.476303,68,7,0,61,0,181,0,0,181,0,0,0,0,0,0,0,0,0,0,0,0,0,0,0,16,45,120,16,45,120,4.667271,3.205367,9.700011,0.000000,0.000000,0.000000,0,0,0,8288.221051,15.669128,114.478077,6851.273846,1061.113320,281.396452,6314.235382,0.000000,0.000000,7656.745154,8288.221051,631.475897,12.802667,3.395137,76.183241,0.000000,7.618956,15.301883,9.937333,2.283758,0.024380,2,0.000000,0,0,0,100.000000,2.270478,100.000000,7.640437,1659.803857,3487.174693,-0.000000,499.734996
14580.000000,pure-acoustic,none,hardware,1,0,0,1,priority,0.000500,180,15,hybrid,0.050000,4000.000000,6.087000,64.000000,500.000000,500.000000,2.000000,120.000000,0.000000,181,120,181,0,181,16,45,120,0,0,0,0,0,0,0,0,0.000000,0.000000,0.000000,clear-ocean,30.000000,60.000000,0.151000,1113,3101121,795.159231,5.453767,68,7,0,61,0,181,0,0,181,0,0,0,0,0,0,0,0,0,0,0,0,0,0,0,16,45,120,16,45,120,4.667271,3.205367,9.700011,0.000000,0.000000,0.000000,0,0,0,8293.621051,15.669128,114.478077,6851.273846,1065.249490,282.430494,6314.465170,0.000000,0.000000,7662.145154,8293.621051,631.475897,12.844203,3.405394,76.136408,0.000000,7.613995,15.301883,9.937333,2.283758,0.024280,2,0.000000,0,0,0,100.000000,2.270478,100.000000,7.640437,1652.973388,3401.067977,-0.000000,484.393829
14640.000000,pure-acoustic,none,hardware,1,0,0,1,priority,0.000500,180,15,hybrid,0.050000,4000.000000,6.087000,64.000000,500.000000,500.000000,2.000000,120.000000,0.000000,181,120,181,0,181,16,45,120,0,0,0,0,0,0,0,0,0.000000,0.000000,0.000000,clear-ocean,30.000000,60.000000,0.151000,1113,3101121,795.159231,5.431416,68,7,0,61,0,181,0,0,181,0,0,0,0,0,0,0,0,0,0,0,0,0,0,0,16,45,120,16,45,120,4.667271,3.205367,9.700011,0.000000,0.000000,0.000000,0,0,0,8299.021051,15.669128,114.478077,6851.273846,1069.385660,283.464537,6314.694957,0.000000,0.000000,7667.545154,8299.021051,631.475897,12.885684,3.415638,76.089637,0.000000,7.609041,15.301883,9.937333,2.283758,0.024180,2,0.000000,0,0,0,100.000000,2.270478,100.000000,7.640437,1646.198907,3314.961261,-0.000000,446.827649
14700.000000,pure-acoustic,none,hardware,1,0,0,1,priority,0.000500,180,15,hybrid,0.050000,4000.000000,6.087000,64.000000,500.000000,500.000000,2.000000,120.000000,0.000000,181,120,181,0,181,16,45,120,0,0,0,0,0,0,0,0,0.000000,0.000000,0.000000,clear-ocean,30.000000,60.000000,0.151000,1113,3101121,795.159231,5.409246,68,7,0,61,0,181,0,0,181,0,0,0,0,0,0,0,0,0,0,0,0,0,0,0,16,45,120,16,45,120,4.667271,3.205367,9.700011,0.000000,0.000000,0.000000,0,0,0,8304.421051,15.669128,114.478077,6851.273846,1073.521830,284.498579,6314.924744,0.000000,0.000000,7672.945154,8304.421051,631.475897,12.927112,3.425869,76.042926,0.000000,7.604093,15.301883,9.937333,2.283758,0.024082,2,0.000000,0,0,0,100.000000,2.270478,100.000000,7.640437,1639.479728,3228.854545,-0.000000,390.598447
14760.000000,pure-acoustic,none,hardware,1,0,0,1,priority,0.000500,180,15,hybrid,0.050000,4000.000000,6.087000,64.000000,500.000000,500.000000,2.000000,120.000000,0.000000,181,120,181,0,181,16,45,120,0,0,0,0,0,0,0,0,0.000000,0.000000,0.000000,clear-ocean,30.000000,60.000000,0.151000,1113,3101121,795.159231,5.387258,68,7,0,61,0,181,0,0,181,0,0,0,0,0,0,0,0,0,0,0,0,0,0,0,16,45,120,16,45,120,4.667271,3.205367,9.700011,0.000000,0.000000,0.000000,0,0,0,8309.821051,15.669128,114.478077,6851.273846,1077.658001,285.532622,6315.154531,0.000000,0.000000,7678.345154,8309.821051,631.475897,12.968486,3.436086,75.996276,0.000000,7.599152,15.301883,9.937333,2.283758,0.023984,2,0.000000,0,0,0,100.000000,2.270478,100.000000,7.640437,1632.815176,3142.747828,-0.000000,321.037826
14820.000000,pure-acoustic,none,hardware,1,0,0,1,priority,0.000500,180,15,hybrid,0.050000,4000.000000,6.087000,64.000000,500.000000,500.000000,2.000000,120.000000,0.000000,181,120,181,0,181,16,45,120,0,0,0,0,0,0,0,0,0.000000,0.000000,0.000000,clear-ocean,30.000000,60.000000,0.151000,1113,3101121,795.159231,5.365447,68,7,0,61,0,181,0,0,181,0,0,0,0,0,0,0,0,0,0,0,0,0,0,0,16,45,120,16,45,120,4.667271,3.205367,9.700011,0.000000,0.000000,0.000000,0,0,0,8315.221051,15.669128,114.478077,6851.273846,1081.794171,286.566664,6315.384319,0.000000,0.000000,7683.745154,8315.221051,631.475897,13.009807,3.446290,75.949686,0.000000,7.594217,15.301883,9.937333,2.283758,0.023887,2,0.000000,0,0,0,100.000000,2.270478,100.000000,7.640437,1626.204588,3056.641112,-0.000000,244.741463
14880.000000,pure-acoustic,none,hardware,1,0,0,1,priority,0.000500,180,15,hybrid,0.050000,4000.000000,6.087000,64.000000,500.000000,500.000000,2.000000,120.000000,0.000000,181,120,181,0,181,16,45,120,0,0,0,0,0,0,0,0,0.000000,0.000000,0.000000,clear-ocean,30.000000,60.000000,0.151000,1113,3101121,795.159231,5.343812,68,7,0,61,0,181,0,0,181,0,0,0,0,0,0,0,0,0,0,0,0,0,0,0,16,45,120,16,45,120,4.667271,3.205367,9.700011,0.000000,0.000000,0.000000,0,0,0,8320.621051,15.669128,114.478077,6851.273846,1085.930341,287.600707,6315.614106,0.000000,0.000000,7689.145154,8320.621051,631.475897,13.051073,3.456481,75.903158,0.000000,7.589288,15.301883,9.937333,2.283758,0.023790,2,0.000000,0,0,0,100.000000,2.270478,100.000000,7.640437,1619.647312,2970.534396,-0.000000,168.943709
14940.000000,pure-acoustic,none,hardware,1,0,0,1,priority,0.000500,180,15,hybrid,0.050000,4000.000000,6.087000,64.000000,500.000000,500.000000,2.000000,120.000000,0.000000,181,120,181,0,181,16,45,120,0,0,0,0,0,0,0,0,0.000000,0.000000,0.000000,clear-ocean,30.000000,60.000000,0.151000,1113,3101121,795.159231,5.322351,68,7,0,61,0,181,0,0,181,0,0,0,0,0,0,0,0,0,0,0,0,0,0,0,16,45,120,16,45,120,4.667271,3.205367,9.700011,0.000000,0.000000,0.000000,0,0,0,8326.021051,15.669128,114.478077,6851.273846,1090.066511,288.634750,6315.843893,0.000000,0.000000,7694.545154,8326.021051,631.475897,13.092286,3.466659,75.856689,0.000000,7.584366,15.301883,9.937333,2.283758,0.023695,2,0.000000,0,0,0,100.000000,2.270478,100.000000,7.640437,1613.142704,2884.427680,-0.000000,100.831640
15000.000000,pure-acoustic,none,hardware,1,0,0,1,priority,0.000500,180,15,hybrid,0.050000,4000.000000,6.087000,64.000000,500.000000,500.000000,2.000000,120.000000,0.000000,181,120,181,0,181,16,45,120,0,0,0,0,0,0,0,0,0.000000,0.000000,0.000000,clear-ocean,30.000000,60.000000,0.151000,1113,3101121,795.159231,5.301062,68,7,0,61,0,181,0,0,181,0,0,0,0,0,0,0,0,0,0,0,0,0,0,0,16,45,120,16,45,120,4.667271,3.205367,9.700011,0.000000,0.000000,0.000000,0,0,0,8331.421051,15.669128,114.478077,6851.273846,1094.202681,289.668792,6316.073680,0.000000,0.000000,7699.945154,8331.421051,631.475897,13.133446,3.476823,75.810281,0.000000,7.579450,15.301883,9.937333,2.283758,0.023600,2,0.000000,0,0,0,100.000000,2.270478,100.000000,7.640437,1606.690133,2798.320964,-0.000000,46.863581
15060.000000,pure-acoustic,none,hardware,1,0,0,1,priority,0.000500,180,15,hybrid,0.050000,4000.000000,6.087000,64.000000,500.000000,500.000000,2.000000,120.000000,0.000000,181,120,181,0,181,16,45,120,0,0,0,0,0,0,0,0,0.000000,0.000000,0.000000,clear-ocean,30.000000,60.000000,0.151000,1113,3101121,795.159231,5.279942,68,7,0,61,0,181,0,0,181,0,0,0,0,0,0,0,0,0,0,0,0,0,0,0,16,45,120,16,45,120,4.667271,3.205367,9.700011,0.000000,0.000000,0.000000,0,0,0,8336.821051,15.669128,114.478077,6851.273846,1098.338852,290.702835,6316.303468,0.000000,0.000000,7705.345154,8336.821051,631.475897,13.174552,3.486975,75.763932,0.000000,7.574541,15.301883,9.937333,2.283758,0.023506,2,0.000000,0,0,0,100.000000,2.270478,100.000000,7.640437,1600.288977,2712.214248,-0.000000,12.156736
15120.000000,pure-acoustic,none,hardware,1,0,0,1,priority,0.000500,180,15,hybrid,0.050000,4000.000000,6.087000,64.000000,500.000000,500.000000,2.000000,120.000000,0.000000,181,120,181,0,181,16,45,120,0,0,0,0,0,0,0,0,0.000000,0.000000,0.000000,clear-ocean,30.000000,60.000000,0.151000,1113,3101121,795.159231,5.258990,68,7,0,61,0,181,0,0,181,0,0,0,0,0,0,0,0,0,0,0,0,0,0,0,16,45,120,16,45,120,4.667271,3.205367,9.700011,0.000000,0.000000,0.000000,0,0,0,8342.221051,15.669128,114.478077,6851.273846,1102.475022,291.736877,6316.533255,0.000000,0.000000,7710.745154,8342.221051,631.475897,13.215605,3.497113,75.717644,0.000000,7.569638,15.301883,9.937333,2.283758,0.023413,2,0.000000,0,0,0,100.000000,2.270478,100.000000,7.640437,1593.938624,2626.107532,-0.000000,0.001977
15180.000000,pure-acoustic,none,hardware,1,0,0,1,priority,0.000500,180,15,hybrid,0.050000,4000.000000,6.087000,64.000000,500.000000,500.000000,2.000000,120.000000,0.000000,181,120,181,0,181,16,45,120,0,0,0,0,0,0,0,0,0.000000,0.000000,0.000000,clear-ocean,30.000000,60.000000,0.151000,1113,3101121,795.159231,5.238203,68,7,0,61,0,181,0,0,181,0,0,0,0,0,0,0,0,0,0,0,0,0,0,0,16,45,120,16,45,120,4.667271,3.205367,9.700011,0.000000,0.000000,0.000000,0,0,0,8347.621051,15.669128,114.478077,6851.273846,1106.611192,292.770920,6316.763042,0.000000,0.000000,7716.145154,8347.621051,631.475897,13.256606,3.507238,75.671416,0.000000,7.564741,15.301883,9.937333,2.283758,0.023320,2,0.000000,0,0,0,100.000000,2.270478,100.000000,7.640437,1587.638472,2540.000815,0.000000,11.551806
15240.000000,pure-acoustic,none,hardware,1,0,0,1,priority,0.000500,180,15,hybrid,0.050000,4000.000000,6.087000,64.000000,500.000000,500.000000,2.000000,120.000000,0.000000,181,120,181,0,181,16,45,120,0,0,0,0,0,0,0,0,0.000000,0.000000,0.000000,clear-ocean,30.000000,60.000000,0.151000,1113,3101121,795.159231,5.217580,68,7,0,61,0,181,0,0,181,0,0,0,0,0,0,0,0,0,0,0,0,0,0,0,16,45,120,16,45,120,4.667271,3.205367,9.700011,0.000000,0.000000,0.000000,0,0,0,8353.021051,15.669128,114.478077,6851.273846,1110.747362,293.804962,6316.992829,0.000000,0.000000,7721.545154,8353.021051,631.475897,13.297553,3.517350,75.625247,0.000000,7.559850,15.301883,9.937333,2.283758,0.023228,2,0.000000,0,0,0,100.000000,2.270478,100.000000,7.640437,1581.387927,2453.894099,0.000000,45.711080
15300.000000,pure-acoustic,none,hardware,1,0,0,1,priority,0.000500,180,15,hybrid,0.050000,4000.000000,6.087000,64.000000,500.000000,500.000000,2.000000,120.000000,0.000000,181,120,181,0,181,16,45,120,0,0,0,0,0,0,0,0,0.000000,0.000000,0.000000,clear-ocean,30.000000,60.000000,0.151000,1113,3101121,795.159231,5.197119,68,7,0,61,0,181,0,0,181,0,0,0,0,0,0,0,0,0,0,0,0,0,0,0,16,45,120,16,45,120,4.667271,3.205367,9.700011,0.000000,0.000000,0.000000,0,0,0,8358.421051,15.669128,114.478077,6851.273846,1114.883532,294.839005,6317.222616,0.000000,0.000000,7726.945154,8358.421051,631.475897,13.338447,3.527449,75.579138,0.000000,7.554966,15.301883,9.937333,2.283758,0.023137,2,0.000000,0,0,0,100.000000,2.270478,100.000000,7.640437,1575.186405,2367.787383,0.000000,99.240846
15360.000000,pure-acoustic,none,hardware,1,0,0,1,priority,0.000500,180,15,hybrid,0.050000,4000.000000,6.087000,64.000000,500.000000,500.000000,2.000000,120.000000,0.000000,181,120,181,0,181,16,45,120,0,0,0,0,0,0,0,0,0.000000,0.000000,0.000000,clear-ocean,30.000000,60.000000,0.151000,1113,3101121,795.159231,5.176818,68,7,0,61,0,181,0,0,181,0,0,0,0,0,0,0,0,0,0,0,0,0,0,0,16,45,120,16,45,120,4.667271,3.205367,9.700011,0.000000,0.000000,0.000000,0,0,0,8363.821051,15.669128,114.478077,6851.273846,1119.019703,295.873047,6317.452404,0.000000,0.000000,7732.345154,8363.821051,631.475897,13.379288,3.537534,75.533089,0.000000,7.550089,15.301883,9.937333,2.283758,0.023047,2,0.000000,0,0,0,100.000000,2.270478,100.000000,7.640437,1569.033333,2281.680667,0.000000,167.065460
15420.000000,pure-acoustic,none,hardware,1,0,0,1,priority,0.000500,180,15,hybrid,0.050000,4000.000000,6.087000,64.000000,500.000000,500.000000,2.000000,120.000000,0.000000,181,120,181,0,181,16,45,120,0,0,0,0,0,0,0,0,0.000000,0.000000,0.000000,clear-ocean,30.000000,60.000000,0.151000,1113,3101121,795.159231,5.156675,68,7,0,61,0,181,0,0,181,0,0,0,0,0,0,0,0,0,0,0,0,0,0,0,16,45,120,16,45,120,4.667271,3.205367,9.700011,0.000000,0.000000,0.000000,0,0,0,8369.221051,15.669128,114.478077,6851.273846,1123.155873,296.907090,6317.682191,0.000000,0.000000,7737.745154,8369.221051,631.475897,13.420077,3.547607,75.487099,0.000000,7.545217,15.301883,9.937333,2.283758,0.022957,2,0.000000,0,0,0,100.000000,2.270478,100.000000,7.640437,1562.928145,2195.573951,0.000000,242.753854
15480.000000,pure-acoustic,none,hardware,1,0,0,1,priority,0.000500,180,15,hybrid,0.050000,4000.000000,6.087000,64.000000,500.000000,500.000000,2.000000,120.000000,0.000000,181,120,181,0,181,16,45,120,0,0,0,0,0,0,0,0,0.000000,0.000000,0.000000,clear-ocean,30.000000,60.000000,0.151000,1113,3101121,795.159231,5.136688,68,7,0,61,0,181,0,0,181,0,0,0,0,0,0,0,0,0,0,0,0,0,0,0,16,45,120,16,45,120,4.667271,3.205367,9.700011,0.000000,0.000000,0.000000,0,0,0,8374.621051,15.669128,114.478077,6851.273846,1127.292043,297.941133,6317.911978,0.000000,0.000000,7743.145154,8374.621051,631.475897,13.460813,3.557667,75.441168,0.000000,7.540352,15.301883,9.937333,2.283758,0.022868,2,0.000000,0,0,0,100.000000,2.270478,100.000000,7.640437,1556.870284,2109.467235,0.000000,319.129320
15540.000000,pure-acoustic,none,hardware,1,0,0,1,priority,0.000500,180,15,hybrid,0.050000,4000.000000,6.087000,64.000000,500.000000,500.000000,2.000000,120.000000,0.000000,181,120,181,0,181,16,45,120,0,0,0,0,0,0,0,0,0.000000,0.000000,0.000000,clear-ocean,30.000000,60.000000,0.151000,1113,3101121,795.159231,5.116855,68,7,0,61,0,181,0,0,181,0,0,0,0,0,0,0,0,0,0,0,0,0,0,0,16,45,120,16,45,120,4.667271,3.205367,9.700011,0.000000,0.000000,0.000000,0,0,0,8380.021051,15.669128,114.478077,6851.273846,1131.428213,298.975175,6318.141765,0.000000,0.000000,7748.545154,8380.021051,631.475897,13.501496,3.567714,75.395297,0.000000,7.535493,15.301883,9.937333,2.283758,0.022780,2,0.000000,0,0,0,100.000000,2.270478,100.000000,7.640437,1550.859202,2023.360519,0.000000,388.950006
15600.000000,pure-acoustic,none,hardware,1,0,0,1,priority,0.000500,180,15,hybrid,0.050000,4000.000000,6.087000,64.000000,500.000000,500.000000,2.000000,120.000000,0.000000,181,120,181,0,181,16,45,120,0,0,0,0,0,0,0,0,0.000000,0.000000,0.000000,clear-ocean,30.000000,60.000000,0.151000,1113,3101121,795.159231,5.097175,68,7,0,61,0,181,0,0,181,0,0,0,0,0,0,0,0,0,0,0,0,0,0,0,16,45,120,16,45,120,4.667271,3.205367,9.700011,0.000000,0.000000,0.000000,0,0,0,8385.421051,15.669128,114.478077,6851.273846,1135.564384,300.009218,6318.371553,0.000000,0.000000,7753.945154,8385.421051,631.475897,13.542127,3.577748,75.349485,0.000000,7.530640,15.301883,9.937333,2.283758,0.022692,2,0.000000,0,0,0,100.000000,2.270478,100.000000,7.640437,1544.894359,1937.253802,0.000000,445.595577
15660.000000,pure-acoustic,none,hardware,1,0,0,1,priority,0.000500,180,15,hybrid,0.050000,4000.000000,6.087000,64.000000,500.000000,500.000000,2.000000,120.000000,0.000000,181,120,181,0,181,16,45,120,0,0,0,0,0,0,0,0,0.000000,0.000000,0.000000,clear-ocean,30.000000,60.000000,0.151000,1113,3101121,795.159231,5.077645,68,7,0,61,0,181,0,0,181,0,0,0,0,0,0,0,0,0,0,0,0,0,0,0,16,45,120,16,45,120,4.667271,3.205367,9.700011,0.000000,0.000000,0.000000,0,0,0,8390.821051,15.669128,114.478077,6851.273846,1139.700554,301.043260,6318.601340,0.000000,0.000000,7759.345154,8390.821051,631.475897,13.582706,3.587769,75.303731,0.000000,7.525794,15.301883,9.937333,2.283758,0.022605,2,0.000000,0,0,0,100.000000,2.270478,100.000000,7.640437,1538.975223,1851.147086,0.000000,483.694950
15720.000000,pure-acoustic,none,hardware,1,0,0,1,priority,0.000500,180,15,hybrid,0.050000,4000.000000,6.087000,64.000000,500.000000,500.000000,2.000000,120.000000,0.000000,181,120,181,0,181,16,45,120,0,0,0,0,0,0,0,0,0.000000,0.000000,0.000000,clear-ocean,30.000000,60.000000,0.151000,1113,3101121,795.159231,5.058265,68,7,0,61,0,181,0,0,181,0,0,0,0,0,0,0,0,0,0,0,0,0,0,0,16,45,120,16,45,120,4.667271,3.205367,9.700011,0.000000,0.000000,0.000000,0,0,0,8396.221051,15.669128,114.478077,6851.273846,1143.836724,302.077303,6318.831127,0.000000,0.000000,7764.745154,8396.221051,631.475897,13.623233,3.597777,75.258037,0.000000,7.520954,15.301883,9.937333,2.283758,0.022519,2,0.000000,0,0,0,100.000000,2.270478,100.000000,7.640437,1533.101272,1765.040370,0.000000,499.635578
15780.000000,pure-acoustic,none,hardware,1,0,0,1,priority,0.000500,180,15,hybrid,0.050000,4000.000000,6.087000,64.000000,500.000000,500.000000,2.000000,120.000000,0.000000,181,120,181,0,181,16,45,120,0,0,0,0,0,0,0,0,0.000000,0.000000,0.000000,clear-ocean,30.000000,60.000000,0.151000,1113,3101121,795.159231,5.039032,68,7,0,61,0,181,0,0,181,0,0,0,0,0,0,0,0,0,0,0,0,0,0,0,16,45,120,16,45,120,4.667271,3.205367,9.700011,0.000000,0.000000,0.000000,0,0,0,8401.621051,15.669128,114.478077,6851.273846,1147.972894,303.111345,6319.060914,0.000000,0.000000,7770.145154,8401.621051,631.475897,13.663707,3.607772,75.212401,0.000000,7.516120,15.301883,9.937333,2.283758,0.022433,2,0.000000,0,0,0,100.000000,2.270478,100.000000,7.640437,1527.271990,1678.933654,-0.000000,491.905983
15840.000000,pure-acoustic,none,hardware,1,0,0,1,priority,0.000500,180,15,hybrid,0.050000,4000.000000,6.087000,64.000000,500.000000,500.000000,2.000000,120.000000,0.000000,181,120,181,0,181,16,45,120,0,0,0,0,0,0,0,0,0.000000,0.000000,0.000000,clear-ocean,30.000000,60.000000,0.151000,1113,3101121,795.159231,5.019945,68,7,0,61,0,181,0,0,181,0,0,0,0,0,0,0,0,0,0,0,0,0,0,0,16,45,120,16,45,120,4.667271,3.205367,9.700011,0.000000,0.000000,0.000000,0,0,0,8407.021051,15.669128,114.478077,6851.273846,1152.109064,304.145388,6319.290702,0.000000,0.000000,7775.545154,8407.021051,631.475897,13.704130,3.617755,75.166824,0.000000,7.511292,15.301883,9.937333,2.283758,0.022348,2,0.000000,0,0,0,100.000000,2.270478,100.000000,7.640437,1521.486869,1592.826938,-0.000000,461.239079
15900.000000,pure-acoustic,none,hardware,1,0,0,1,priority,0.000500,180,15,hybrid,0.050000,4000.000000,6.087000,64.000000,500.000000,500.000000,2.000000,120.000000,0.000000,181,120,181,0,181,16,45,120,0,0,0,0,0,0,0,0,0.000000,0.000000,0.000000,clear-ocean,30.000000,60.000000,0.151000,1113,3101121,795.159231,5.001001,68,7,0,61,0,181,0,0,181,0,0,0,0,0,0,0,0,0,0,0,0,0,0,0,16,45,120,16,45,120,4.667271,3.205367,9.700011,0.000000,0.000000,0.000000,0,0,0,8412.421051,15.669128,114.478077,6851.273846,1156.245235,305.179430,6319.520489,0.000000,0.000000,7780.945154,8412.421051,631.475897,13.744500,3.627724,75.121305,0.000000,7.506470,15.301883,9.937333,2.283758,0.022264,2,0.000000,0,0,0,100.000000,2.270478,100.000000,7.640437,1515.745409,1506.720222,-0.000000,410.542675
15960.000000,pure-acoustic,none,hardware,1,0,0,1,priority,0.000500,180,15,hybrid,0.050000,4000.000000,6.087000,64.000000,500.000000,500.000000,2.000000,120.000000,0.000000,181,120,181,0,181,16,45,120,0,0,0,0,0,0,0,0,0.000000,0.000000,0.000000,clear-ocean,30.000000,60.000000,0.151000,1113,3101121,795.159231,4.982201,68,7,0,61,0,181,0,0,181,0,0,0,0,0,0,0,0,0,0,0,0,0,0,0,16,45,120,16,45,120,4.667271,3.205367,9.700011,0.000000,0.000000,0.000000,0,0,0,8417.821051,15.669128,114.478077,6851.273846,1160.381405,306.213473,6319.750276,0.000000,0.000000,7786.345154,8417.821051,631.475897,13.784819,3.637681,75.075845,0.000000,7.501655,15.301883,9.937333,2.283758,0.022180,2,0.000000,0,0,0,100.000000,2.270478,100.000000,7.640437,1510.047118,1420.613506,-0.000000,344.623758
16020.000000,pure-acoustic,none,hardware,1,0,0,1,priority,0.000500,180,15,hybrid,0.050000,4000.000000,6.087000,64.000000,500.000000,500.000000,2.000000,120.000000,0.000000,181,120,181,0,181,16,45,120,0,0,0,0,0,0,0,0,0.000000,0.000000,0.000000,clear-ocean,30.000000,60.000000,0.151000,1113,3101121,795.159231,4.963541,68,7,0,61,0,181,0,0,181,0,0,0,0,0,0,0,0,0,0,0,0,0,0,0,16,45,120,16,45,120,4.667271,3.205367,9.700011,0.000000,0.000000,0.000000,0,0,0,8423.221051,15.669128,114.478077,6851.273846,1164.517575,307.247516,6319.980063,0.000000,0.000000,7791.745154,8423.221051,631.475897,13.825086,3.647625,75.030443,0.000000,7.496846,15.301883,9.937333,2.283758,0.022097,2,0.000000,0,0,0,100.000000,2.270478,100.000000,7.640437,1504.391511,1334.506789,-0.000000,269.732701
16080.000000,pure-acoustic,none,hardware,1,0,0,1,priority,0.000500,180,15,hybrid,0.050000,4000.000000,6.087000,64.000000,500.000000,500.000000,2.000000,120.000000,0.000000,181,120,181,0,181,16,45,120,0,0,0,0,0,0,0,0,0.000000,0.000000,0.000000,clear-ocean,30.000000,60.000000,0.151000,1113,3101121,795.159231,4.945020,68,7,0,61,0,181,0,0,181,0,0,0,0,0,0,0,0,0,0,0,0,0,0,0,16,45,120,16,45,120,4.667271,3.205367,9.700011,0.000000,0.000000,0.000000,0,0,0,8428.621051,15.669128,114.478077,6851.273846,1168.653745,308.281558,6320.209851,0.000000,0.000000,7797.145154,8428.621051,631.475897,13.865302,3.657556,74.985099,0.000000,7.492043,15.301883,9.937333,2.283758,0.022015,2,0.000000,0,0,0,100.000000,2.270478,100.000000,7.640437,1498.778109,1248.400073,-0.000000,192.970607
16140.000000,pure-acoustic,none,hardware,1,0,0,1,priority,0.000500,180,15,hybrid,0.050000,4000.000000,6.087000,64.000000,500.000000,500.000000,2.000000,120.000000,0.000000,181,120,181,0,181,16,45,120,0,0,0,0,0,0,0,0,0.000000,0.000000,0.000000,clear-ocean,30.000000,60.000000,0.151000,1113,3101121,795.159231,4.926637,68,7,0,61,0,181,0,0,181,0,0,0,0,0,0,0,0,0,0,0,0,0,0,0,16,45,120,16,45,120,4.667271,3.205367,9.700011,0.000000,0.000000,0.000000,0,0,0,8434.021051,15.669128,114.478077,6851.273846,1172.789915,309.315601,6320.439638,0.000000,0.000000,7802.545154,8434.021051,631.475897,13.905466,3.667475,74.939813,0.000000,7.487246,15.301883,9.937333,2.283758,0.021933,2,0.000000,0,0,0,100.000000,2.270478,100.000000,7.640437,1493.206444,1162.293357,-0.000000,121.615989
16200.000000,pure-acoustic,none,hardware,1,0,0,1,priority,0.000500,180,15,hybrid,0.050000,4000.000000,6.087000,64.000000,500.000000,500.000000,2.000000,120.000000,0.000000,181,120,181,0,181,16,45,120,0,0,0,0,0,0,0,0,0.000000,0.000000,0.000000,clear-ocean,30.000000,60.000000,0.151000,1113,3101121,795.159231,4.908390,68,7,0,61,0,181,0,0,181,0,0,0,0,0,0,0,0,0,0,0,0,0,0,0,16,45,120,16,45,120,4.667271,3.205367,9.700011,0.000000,0.000000,0.000000,0,0,0,8439.421051,15.669128,114.478077,6851.273846,1176.926086,310.349643,6320.669425,0.000000,0.000000,7807.945154,8439.421051,631.475897,13.945578,3.677381,74.894586,0.000000,7.482455,15.301883,9.937333,2.283758,0.021852,2,0.000000,0,0,0,100.000000,2.270478,100.000000,7.640437,1487.676049,1076.186641,-0.000000,62.434628
16260.000000,pure-acoustic,none,hardware,1,0,0,1,priority,0.000500,180,15,hybrid,0.050000,4000.000000,6.087000,64.000000,500.000000,500.000000,2.000000,120.000000,0.000000,181,120,181,0,181,16,45,120,0,0,0,0,0,0,0,0,0.000000,0.000000,0.000000,clear-ocean,30.000000,60.000000,0.151000,1113,3101121,795.159231,4.890278,68,7,0,61,0,181,0,0,181,0,0,0,0,0,0,0,0,0,0,0,0,0,0,0,16,45,120,16,45,120,4.667271,3.205367,9.700011,0.000000,0.000000,0.000000,0,0,0,8444.821051,15.669128,114.478077,6851.273846,1181.062256,311.383686,6320.899212,0.000000,0.000000,7813.345154,8444.821051,631.475897,13.985640,3.687274,74.849416,0.000000,7.477671,15.301883,9.937333,2.283758,0.021771,2,0.000000,0,0,0,100.000000,2.270478,100.000000,7.640437,1482.186470,990.079925,-0.000000,21.038048
16320.000000,pure-acoustic,none,hardware,1,0,0,1,priority,0.000500,180,15,hybrid,0.050000,4000.000000,6.087000,64.000000,500.000000,500.000000,2.000000,120.000000,0.000000,181,120,181,0,181,16,45,120,0,0,0,0,0,0,0,0,0.000000,0.000000,0.000000,clear-ocean,30.000000,60.000000,0.151000,1113,3101121,795.159231,4.872299,68,7,0,61,0,181,0,0,181,0,0,0,0,0,0,0,0,0,0,0,0,0,0,0,16,45,120,16,45,120,4.667271,3.205367,9.700011,0.000000,0.000000,0.000000,0,0,0,8450.221051,15.669128,114.478077,6851.273846,1185.198426,312.417728,6321.128999,0.000000,0.000000,7818.745154,8450.221051,631.475897,14.025650,3.697155,74.804303,0.000000,7.472892,15.301883,9.937333,2.283758,0.021691,2,0.000000,0,0,0,100.000000,2.270478,100.000000,7.640437,1476.737255,903.973209,-0.000000,1.351435
16380.000000,pure-acoustic,none,hardware,1,0,0,1,priority,0.000500,180,15,hybrid,0.050000,4000.000000,6.087000,64.000000,500.000000,500.000000,2.000000,120.000000,0.000000,181,120,181,0,181,16,45,120,0,0,0,0,0,0,0,0,0.000000,0.000000,0.000000,clear-ocean,30.000000,60.000000,0.151000,1113,3101121,795.159231,4.854452,68,7,0,61,0,181,0,0,181,0,0,0,0,0,0,0,0,0,0,0,0,0,0,0,16,45,120,16,45,120,4.667271,3.205367,9.700011,0.000000,0.000000,0.000000,0,0,0,8455.621051,15.669128,114.478077,6851.273846,1189.334596,313.451771,6321.358787,0.000000,0.000000,7824.145154,8455.621051,631.475897,14.065609,3.707022,74.759249,0.000000,7.468120,15.301883,9.937333,2.283758,0.021612,2,0.000000,0,0,0,100.000000,2.270478,100.000000,7.640437,1471.327961,817.866493,0.000000,5.241457
16440.000000,pure-acoustic,none,hardware,1,0,0,1,priority,0.000500,180,15,hybrid,0.050000,4000.000000,6.087000,64.000000,500.000000,500.000000,2.000000,120.000000,0.000000,181,120,181,0,181,16,45,120,0,0,0,0,0,0,0,0,0.000000,0.000000,0.000000,clear-ocean,30.000000,60.000000,0.151000,1113,3101121,795.159231,4.836735,68,7,0,61,0,181,0,0,181,0,0,0,0,0,0,0,0,0,0,0,0,0,0,0,16,45,120,16,45,120,4.667271,3.205367,9.700011,0.000000,0.000000,0.000000,0,0,0,8461.021051,15.669128,114.478077,6851.273846,1193.470767,314.485813,6321.588574,0.000000,0.000000,7829.545154,8461.021051,631.475897,14.105517,3.716878,74.714252,0.000000,7.463353,15.301883,9.937333,2.283758,0.021533,2,0.000000,0,0,0,100.000000,2.270478,100.000000,7.640437,1465.958151,731.759776,0.000000,32.339264
16500.000000,pure-acoustic,none,hardware,1,0,0,1,priority,0.000500,180,15,hybrid,0.050000,4000.000000,6.087000,64.000000,500.000000,500.000000,2.000000,120.000000,0.000000,181,120,181,0,181,16,45,120,0,0,0,0,0,0,0,0,0.000000,0.000000,0.000000,clear-ocean,30.000000,60.000000,0.151000,1113,3101121,795.159231,4.819147,68,7,0,61,0,181,0,0,181,0,0,0,0,0,0,0,0,0,0,0,0,0,0,0,16,45,120,16,45,120,4.667271,3.205367,9.700011,0.000000,0.000000,0.000000,0,0,0,8466.421051,15.669128,114.478077,6851.273846,1197.606937,315.519856,6321.818361,0.000000,0.000000,7834.945154,8466.421051,631.475897,14.145374,3.726721,74.669312,0.000000,7.458593,15.301883,9.937333,2.283758,0.021455,2,0.000000,0,0,0,100.000000,2.270478,100.000000,7.640437,1460.627394,645.653060,0.000000,80.075468
16560.000000,pure-acoustic,none,hardware,1,0,0,1,priority,0.000500,180,15,hybrid,0.050000,4000.000000,6.087000,64.000000,500.000000,500.000000,2.000000,120.000000,0.000000,181,120,181,0,181,16,45,120,0,0,0,0,0,0,0,0,0.000000,0.000000,0.000000,clear-ocean,30.000000,60.000000,0.151000,1113,3101121,795.159231,4.801686,68,7,0,61,0,181,0,0,181,0,0,0,0,0,0,0,0,0,0,0,0,0,0,0,16,45,120,16,45,120,4.667271,3.205367,9.700011,0.000000,0.000000,0.000000,0,0,0,8471.821051,15.669128,114.478077,6851.273846,1201.743107,316.553899,6322.048148,0.000000,0.000000,7840.345154,8471.821051,631.475897,14.185180,3.736551,74.624430,0.000000,7.453839,15.301883,9.937333,2.283758,0.021377,2,0.000000,0,0,0,100.000000,2.270478,100.000000,7.640437,1455.335266,559.546344,0.000000,143.923764
16620.000000,pure-acoustic,none,hardware,1,0,0,1,priority,0.000500,180,15,hybrid,0.050000,4000.000000,6.087000,64.000000,500.000000,500.000000,2.000000,120.000000,0.000000,181,120,181,0,181,16,45,120,0,0,0,0,0,0,0,0,0.000000,0.000000,0.000000,clear-ocean,30.000000,60.000000,0.151000,1113,3101121,795.159231,4.784352,68,7,0,61,0,181,0,0,181,0,0,0,0,0,0,0,0,0,0,0,0,0,0,0,16,45,120,16,45,120,4.667271,3.205367,9.700011,0.000000,0.000000,0.000000,0,0,0,8477.221051,15.669128,114.478077,6851.273846,1205.879277,317.587941,6322.277936,0.000000,0.000000,7845.745154,8477.221051,631.475897,14.224936,3.746369,74.579605,0.000000,7.449091,15.301883,9.937333,2.283758,0.021300,2,0.000000,0,0,0,100.000000,2.270478,100.000000,7.640437,1450.081348,473.439628,0.000000,217.830114
16680.000000,pure-acoustic,none,hardware,1,0,0,1,priority,0.000500,180,15,hybrid,0.050000,4000.000000,6.087000,64.000000,500.000000,500.000000,2.000000,120.000000,0.000000,181,120,181,0,181,16,45,120,0,0,0,0,0,0,0,0,0.000000,0.000000,0.000000,clear-ocean,30.000000,60.000000,0.151000,1113,3101121,795.159231,4.767142,68,7,0,61,0,181,0,0,181,0,0,0,0,0,0,0,0,0,0,0,0,0,0,0,16,45,120,16,45,120,4.667271,3.205367,9.700011,0.000000,0.000000,0.000000,0,0,0,8482.621051,15.669128,114.478077,6851.273846,1210.015447,318.621984,6322.507723,0.000000,0.000000,7851.145154,8482.621051,631.475897,14.264641,3.756174,74.534836,0.000000,7.444349,15.301883,9.937333,2.283758,0.021223,2,0.000000,0,0,0,100.000000,2.270478,100.000000,7.640437,1444.865228,387.332912,0.000000,294.786783
16740.000000,pure-acoustic,none,hardware,1,0,0,1,priority,0.000500,180,15,hybrid,0.050000,4000.000000,6.087000,64.000000,500.000000,500.000000,2.000000,120.000000,0.000000,181,120,181,0,181,16,45,120,0,0,0,0,0,0,0,0,0.000000,0.000000,0.000000,clear-ocean,30.000000,60.000000,0.151000,1113,3101121,795.159231,4.750055,68,7,0,61,0,181,0,0,181,0,0,0,0,0,0,0,0,0,0,0,0,0,0,0,16,45,120,16,45,120,4.667271,3.205367,9.700011,0.000000,0.000000,0.000000,0,0,0,8488.021051,15.669128,114.478077,6851.273846,1214.151618,319.656026,6322.737510,0.000000,0.000000,7856.545154,8488.021051,631.475897,14.304296,3.765966,74.490125,0.000000,7.439613,15.301883,9.937333,2.283758,0.021147,2,0.000000,0,0,0,100.000000,2.270478,100.000000,7.640437,1439.686499,301.226196,0.000000,367.496810
16800.000000,pure-acoustic,none,hardware,1,0,0,1,priority,0.000500,180,15,hybrid,0.050000,4000.000000,6.087000,64.000000,500.000000,500.000000,2.000000,120.000000,0.000000,181,120,181,0,181,16,45,120,0,0,0,0,0,0,0,0,0.000000,0.000000,0.000000,clear-ocean,30.000000,60.000000,0.151000,1113,3101121,795.159231,4.733091,68,7,0,61,0,181,0,0,181,0,0,0,0,0,0,0,0,0,0,0,0,0,0,0,16,45,120,16,45,120,4.667271,3.205367,9.700011,0.000000,0.000000,0.000000,0,0,0,8493.421051,15.669128,114.478077,6851.273846,1218.287788,320.690069,6322.967297,0.000000,0.000000,7861.945154,8493.421051,631.475897,14.343900,3.775747,74.445471,0.000000,7.434883,15.301883,9.937333,2.283758,0.021071,2,0.000000,0,0,0,100.000000,2.270478,100.000000,7.640437,1434.544762,215.119480,0.000000,429.065895
16860.000000,pure-acoustic,none,hardware,1,0,0,1,priority,0.000500,180,15,hybrid,0.050000,4000.000000,6.087000,64.000000,500.000000,500.000000,2.000000,120.000000,0.000000,181,120,181,0,181,16,45,120,0,0,0,0,0,0,0,0,0.000000,0.000000,0.000000,clear-ocean,30.000000,60.000000,0.151000,1113,3101121,795.159231,4.716247,68,7,0,61,0,181,0,0,181,0,0,0,0,0,0,0,0,0,0,0,0,0,0,0,16,45,120,16,45,120,4.667271,3.205367,9.700011,0.000000,0.000000,0.000000,0,0,0,8498.821051,15.669128,114.478077,6851.273846,1222.423958,321.724111,6323.197085,0.000000,0.000000,7867.345154,8498.821051,631.475897,14.383453,3.785515,74.400873,0.000000,7.430159,15.301883,9.937333,2.283758,0.020996,2,0.000000,0,0,0,100.000000,2.270478,100.000000,7.640437,1429.439620,129.012763,0.000000,473.656111
16920.000000,pure-acoustic,none,hardware,1,0,0,1,priority,0.000500,180,15,hybrid,0.050000,4000.000000,6.087000,64.000000,500.000000,500.000000,2.000000,120.000000,0.000000,181,120,181,0,181,16,45,120,0,0,0,0,0,0,0,0,0.000000,0.000000,0.000000,clear-ocean,30.000000,60.000000,0.151000,1113,3101121,795.159231,4.699523,68,7,0,61,0,181,0,0,181,0,0,0,0,0,0,0,0,0,0,0,0,0,0,0,16,45,120,16,45,120,4.667271,3.205367,9.700011,0.000000,0.000000,0.000000,0,0,0,8504.221051,15.669128,114.478077,6851.273846,1226.560128,322.758154,6323.426872,0.000000,0.000000,7872.745154,8504.221051,631.475897,14.422957,3.795270,74.356332,0.000000,7.425441,15.301883,9.937333,2.283758,0.020922,2,0.000000,0,0,0,100.000000,2.270478,100.000000,7.640437,1424.370686,42.906047,0.000000,497.039455
16980.000000,pure-acoustic,none,hardware,1,0,0,1,priority,0.000500,180,15,hybrid,0.050000,4000.000000,6.087000,64.000000,500.000000,500.000000,2.000000,120.000000,0.000000,181,120,181,0,181,16,45,120,0,0,0,0,0,0,0,0,0.000000,0.000000,0.000000,clear-ocean,30.000000,60.000000,0.151000,1113,3101121,795.159231,4.682917,68,7,0,61,0,181,0,0,181,0,0,0,0,0,0,0,0,0,0,0,0,0,0,0,16,45,120,16,45,120,4.667271,3.205367,9.700011,0.000000,0.000000,0.000000,0,0,0,8509.621051,15.669128,114.478077,6851.273846,1230.696298,323.792196,6323.656659,0.000000,0.000000,7878.145154,8509.621051,631.475897,14.462410,3.805013,74.311848,0.000000,7.420729,15.301883,9.937333,2.283758,0.020848,2,0.000000,0,0,0,100.000000,2.270478,100.000000,7.640437,1419.337574,43.200669,0.000000,496.998739
17040.000000,pure-acoustic,none,hardware,1,0,0,1,priority,0.000500,180,15,hybrid,0.050000,4000.000000,6.087000,64.000000,500.000000,500.000000,2.000000,120.000000,0.000000,181,120,181,0,181,16,45,120,0,0,0,0,0,0,0,0,0.000000,0.000000,0.000000,clear-ocean,30.000000,60.000000,0.151000,1113,3101121,795.159231,4.666427,68,7,0,61,0,181,0,0,181,0,0,0,0,0,0,0,0,0,0,0,0,0,0,0,16,45,120,16,45,120,4.667271,3.205367,9.700011,0.000000,0.000000,0.000000,0,0,0,8515.021051,15.669128,114.478077,6851.273846,1234.832469,324.826239,6323.886446,0.000000,0.000000,7883.545154,8515.021051,631.475897,14.501813,3.814744,74.267420,0.000000,7.416023,15.301883,9.937333,2.283758,0.020775,2,0.000000,0,0,0,100.000000,2.270478,100.000000,7.640437,1414.339906,129.307385,0.000000,473.537824
17100.000000,pure-acoustic,none,hardware,1,0,0,1,priority,0.000500,180,15,hybrid,0.050000,4000.000000,6.087000,64.000000,500.000000,500.000000,2.000000,120.000000,0.000000,181,120,181,0,181,16,45,120,0,0,0,0,0,0,0,0,0.000000,0.000000,0.000000,clear-ocean,30.000000,60.000000,0.151000,1113,3101121,795.159231,4.650054,68,7,0,61,0,181,0,0,181,0,0,0,0,0,0,0,0,0,0,0,0,0,0,0,16,45,120,16,45,120,4.667271,3.205367,9.700011,0.000000,0.000000,0.000000,0,0,0,8520.421051,15.669128,114.478077,6851.273846,1238.968639,325.860282,6324.116234,0.000000,0.000000,7888.945154,8520.421051,631.475897,14.541167,3.824462,74.223048,0.000000,7.411323,15.301883,9.937333,2.283758,0.020702,2,0.000000,0,0,0,100.000000,2.270478,100.000000,7.640437,1409.377310,215.414101,0.000000,428.881252
17160.000000,pure-acoustic,none,hardware,1,0,0,1,priority,0.000500,180,15,hybrid,0.050000,4000.000000,6.087000,64.000000,500.000000,500.000000,2.000000,120.000000,0.000000,181,120,181,0,181,16,45,120,0,0,0,0,0,0,0,0,0.000000,0.000000,0.000000,clear-ocean,30.000000,60.000000,0.151000,1113,3101121,795.159231,4.633795,68,7,0,61,0,181,0,0,181,0,0,0,0,0,0,0,0,0,0,0,0,0,0,0,16,45,120,16,45,120,4.667271,3.205367,9.700011,0.000000,0.000000,0.000000,0,0,0,8525.821051,15.669128,114.478077,6851.273846,1243.104809,326.894324,6324.346021,0.000000,0.000000,7894.345154,8525.821051,631.475897,14.580470,3.834168,74.178733,0.000000,7.406629,15.301883,9.937333,2.283758,0.020629,2,0.000000,0,0,0,100.000000,2.270478,100.000000,7.640437,1404.449417,301.520817,0.000000,367.263320
17220.000000,pure-acoustic,none,hardware,1,0,0,1,priority,0.000500,180,15,hybrid,0.050000,4000.000000,6.087000,64.000000,500.000000,500.000000,2.000000,120.000000,0.000000,181,120,181,0,181,16,45,120,0,0,0,0,0,0,0,0,0.000000,0.000000,0.000000,clear-ocean,30.000000,60.000000,0.151000,1113,3101121,795.159231,4.617649,68,7,0,61,0,181,0,0,181,0,0,0,0,0,0,0,0,0,0,0,0,0,0,0,16,45,120,16,45,120,4.667271,3.205367,9.700011,0.000000,0.000000,0.000000,0,0,0,8531.221051,15.669128,114.478077,6851.273846,1247.240979,327.928367,6324.575808,0.000000,0.000000,7899.745154,8531.221051,631.475897,14.619724,3.843862,74.134473,0.000000,7.401940,15.301883,9.937333,2.283758,0.020557,2,0.000000,0,0,0,100.000000,2.270478,100.000000,7.640437,1399.555865,387.627533,0.000000,294.526585
17280.000000,pure-acoustic,none,hardware,1,0,0,1,priority,0.000500,180,15,hybrid,0.050000,4000.000000,6.087000,64.000000,500.000000,500.000000,2.000000,120.000000,0.000000,181,120,181,0,181,16,45,120,0,0,0,0,0,0,0,0,0.000000,0.000000,0.000000,clear-ocean,30.000000,60.000000,0.151000,1113,3101121,795.159231,4.601616,68,7,0,61,0,181,0,0,181,0,0,0,0,0,0,0,0,0,0,0,0,0,0,0,16,45,120,16,45,120,4.667271,3.205367,9.700011,0.000000,0.000000,0.000000,0,0,0,8536.621051,15.669128,114.478077,6851.273846,1251.377149,328.962409,6324.805595,0.000000,0.000000,7905.145154,8536.621051,631.475897,14.658928,3.853544,74.090270,0.000000,7.397258,15.301883,9.937333,2.283758,0.020486,2,0.000000,0,0,0,100.000000,2.270478,100.000000,7.640437,1394.696296,473.734250,0.000000,217.567879
17340.000000,pure-acoustic,none,hardware,1,0,0,1,priority,0.000500,180,15,hybrid,0.050000,4000.000000,6.087000,64.000000,500.000000,500.000000,2.000000,120.000000,0.000000,181,120,181,0,181,16,45,120,0,0,0,0,0,0,0,0,0.000000,0.000000,0.000000,clear-ocean,30.000000,60.000000,0.151000,1113,3101121,795.159231,4.585693,68,7,0,61,0,181,0,0,181,0,0,0,0,0,0,0,0,0,0,0,0,0,0,0,16,45,120,16,45,120,4.667271,3.205367,9.700011,0.000000,0.000000,0.000000,0,0,0,8542.021051,15.669128,114.478077,6851.273846,1255.513320,329.996452,6325.035382,0.000000,0.000000,7910.545154,8542.021051,631.475897,14.698083,3.863213,74.046123,0.000000,7.392582,15.301883,9.937333,2.283758,0.020415,2,0.000000,0,0,0,100.000000,2.270478,100.000000,7.640437,1389.870358,559.840966,0.000000,143.684357
17400.000000,pure-acoustic,none,hardware,1,0,0,1,priority,0.000500,180,15,hybrid,0.050000,4000.000000,6.087000,64.000000,500.000000,500.000000,2.000000,120.000000,0.000000,181,120,181,0,181,16,45,120,0,0,0,0,0,0,0,0,0.000000,0.000000,0.000000,clear-ocean,30.000000,60.000000,0.151000,1113,3101121,795.159231,4.569881,68,7,0,61,0,181,0,0,181,0,0,0,0,0,0,0,0,0,0,0,0,0,0,0,16,45,120,16,45,120,4.667271,3.205367,9.700011,0.000000,0.000000,0.000000,0,0,0,8547.421051,15.669128,114.478077,6851.273846,1259.649490,331.030494,6325.265170,0.000000,0.000000,7915.945154,8547.421051,631.475897,14.737188,3.872870,74.002031,0.000000,7.387911,15.301883,9.937333,2.283758,0.020345,2,0.000000,0,0,0,100.000000,2.270478,100.000000,7.640437,1385.077701,645.947682,0.000000,79.881590
17460.000000,pure-acoustic,none,hardware,1,0,0,1,priority,0.000500,180,15,hybrid,0.050000,4000.000000,6.087000,64.000000,500.000000,500.000000,2.000000,120.000000,0.000000,181,120,181,0,181,16,45,120,0,0,0,0,0,0,0,0,0.000000,0.000000,0.000000,clear-ocean,30.000000,60.000000,0.151000,1113,3101121,795.159231,4.554177,68,7,0,61,0,181,0,0,181,0,0,0,0,0,0,0,0,0,0,0,0,0,0,0,16,45,120,16,45,120,4.667271,3.205367,9.700011,0.000000,0.000000,0.000000,0,0,0,8552.821051,15.669128,114.478077,6851.273846,1263.785660,332.064537,6325.494957,0.000000,0.000000,7921.345154,8552.821051,631.475897,14.776243,3.882515,73.957995,0.000000,7.383247,15.301883,9.937333,2.283758,0.020275,2,0.000000,0,0,0,100.000000,2.270478,100.000000,7.640437,1380.317984,732.054398,0.000000,32.209298
17520.000000,pure-acoustic,none,hardware,1,0,0,1,priority,0.000500,180,15,hybrid,0.050000,4000.000000,6.087000,64.000000,500.000000,500.000000,2.000000,120.000000,0.000000,181,120,181,0,181,16,45,120,0,0,0,0,0,0,0,0,0.000000,0.000000,0.000000,clear-ocean,30.000000,60.000000,0.151000,1113,3101121,795.159231,4.538580,68,7,0,61,0,181,0,0,181,0,0,0,0,0,0,0,0,0,0,0,0,0,0,0,16,45,120,16,45,120,4.667271,3.205367,9.700011,0.000000,0.000000,0.000000,0,0,0,8558.221051,15.669128,114.478077,6851.273846,1267.921830,333.098579,6325.724744,0.000000,0.000000,7926.745154,8558.221051,631.475897,14.815250,3.892147,73.914014,0.000000,7.378588,15.301883,9.937333,2.283758,0.020205,2,0.000000,0,0,0,100.000000,2.270478,100.000000,7.640437,1375.590868,818.161114,0.000000,5.187726
17580.000000,pure-acoustic,none,hardware,1,0,0,1,priority,0.000500,180,15,hybrid,0.050000,4000.000000,6.087000,64.000000,500.000000,500.000000,2.000000,120.000000,0.000000,181,120,181,0,181,16,45,120,0,0,0,0,0,0,0,0,0.000000,0.000000,0.000000,clear-ocean,30.000000,60.000000,0.151000,1113,3101121,795.159231,4.523090,68,7,0,61,0,181,0,0,181,0,0,0,0,0,0,0,0,0,0,0,0,0,0,0,16,45,120,16,45,120,4.667271,3.205367,9.700011,0.000000,0.000000,0.000000,0,0,0,8563.621051,15.669128,114.478077,6851.273846,1272.058001,334.132622,6325.954531,0.000000,0.000000,7932.145154,8563.621051,631.475897,14.854207,3.901768,73.870089,0.000000,7.373936,15.301883,9.937333,2.283758,0.020137,2,0.000000,0,0,0,100.000000,2.270478,100.000000,7.640437,1370.896018,904.267830,-0.000000,1.379034
17640.000000,pure-acoustic,none,hardware,1,0,0,1,priority,0.000500,180,15,hybrid,0.050000,4000.000000,6.087000,64.000000,500.000000,500.000000,2.000000,120.000000,0.000000,181,120,181,0,181,16,45,120,0,0,0,0,0,0,0,0,0.000000,0.000000,0.000000,clear-ocean,30.000000,60.000000,0.151000,1113,3101121,795.159231,4.507705,68,7,0,61,0,181,0,0,181,0,0,0,0,0,0,0,0,0,0,0,0,0,0,0,16,45,120,16,45,120,4.667271,3.205367,9.700011,0.000000,0.000000,0.000000,0,0,0,8569.021051,15.669128,114.478077,6851.273846,1276.194171,335.166664,6326.184319,0.000000,0.000000,7937.545154,8569.021051,631.475897,14.893115,3.911376,73.826220,0.000000,7.369289,15.301883,9.937333,2.283758,0.020068,2,0.000000,0,0,0,100.000000,2.270478,100.000000,7.640437,1366.233107,990.374546,-0.000000,21.144360
17700.000000,pure-acoustic,none,hardware,1,0,0,1,priority,0.000500,180,15,hybrid,0.050000,4000.000000,6.087000,64.000000,500.000000,500.000000,2.000000,120.000000,0.000000,181,120,181,0,181,16,45,120,0,0,0,0,0,0,0,0,0.000000,0.000000,0.000000,clear-ocean,30.000000,60.000000,0.151000,1113,3101121,795.159231,4.492425,68,7,0,61,0,181,0,0,181,0,0,0,0,0,0,0,0,0,0,0,0,0,0,0,16,45,120,16,45,120,4.667271,3.205367,9.700011,0.000000,0.000000,0.000000,0,0,0,8574.421051,15.669128,114.478077,6851.273846,1280.330341,336.200707,6326.414106,0.000000,0.000000,7942.945154,8574.421051,631.475897,14.931974,3.920973,73.782405,0.000000,7.364648,15.301883,9.937333,2.283758,0.020000,2,0.000000,0,0,0,100.000000,2.270478,100.000000,7.640437,1361.601808,1076.481263,-0.000000,62.609573
17760.000000,pure-acoustic,none,hardware,1,0,0,1,priority,0.000500,180,15,hybrid,0.050000,4000.000000,6.087000,64.000000,500.000000,500.000000,2.000000,120.000000,0.000000,181,120,181,0,181,16,45,120,0,0,0,0,0,0,0,0,0.000000,0.000000,0.000000,clear-ocean,30.000000,60.000000,0.151000,1113,3101121,795.159231,4.477248,68,7,0,61,0,181,0,0,181,0,0,0,0,0,0,0,0,0,0,0,0,0,0,0,16,45,120,16,45,120,4.667271,3.205367,9.700011,0.000000,0.000000,0.000000,0,0,0,8579.821051,15.669128,114.478077,6851.273846,1284.466511,337.234750,6326.643893,0.000000,0.000000,7948.345154,8579.821051,631.475897,14.970784,3.930557,73.738646,0.000000,7.360012,15.301883,9.937333,2.283758,0.019932,2,0.000000,0,0,0,100.000000,2.270478,100.000000,7.640437,1357.001802,1162.587979,-0.000000,121.842978
17820.000000,pure-acoustic,none,hardware,1,0,0,1,priority,0.000500,180,15,hybrid,0.050000,4000.000000,6.087000,64.000000,500.000000,500.000000,2.000000,120.000000,0.000000,181,120,181,0,181,16,45,120,0,0,0,0,0,0,0,0,0.000000,0.000000,0.000000,clear-ocean,30.000000,60.000000,0.151000,1113,3101121,795.159231,4.462173,68,7,0,61,0,181,0,0,181,0,0,0,0,0,0,0,0,0,0,0,0,0,0,0,16,45,120,16,45,120,4.667271,3.205367,9.700011,0.000000,0.000000,0.000000,0,0,0,8585.221051,15.669128,114.478077,6851.273846,1288.602681,338.268792,6326.873680,0.000000,0.000000,7953.745154,8585.221051,631.475897,15.009546,3.940129,73.694942,0.000000,7.355383,15.301883,9.937333,2.283758,0.019865,2,0.000000,0,0,0,100.000000,2.270478,100.000000,7.640437,1352.432772,1248.694695,-0.000000,193.228118
17880.000000,pure-acoustic,none,hardware,1,0,0,1,priority,0.000500,180,15,hybrid,0.050000,4000.000000,6.087000,64.000000,500.000000,500.000000,2.000000,120.000000,0.000000,181,120,181,0,181,16,45,120,0,0,0,0,0,0,0,0,0.000000,0.000000,0.000000,clear-ocean,30.000000,60.000000,0.151000,1113,3101121,795.159231,4.447199,68,7,0,61,0,181,0,0,181,0,0,0,0,0,0,0,0,0,0,0,0,0,0,0,16,45,120,16,45,120,4.667271,3.205367,9.700011,0.000000,0.000000,0.000000,0,0,0,8590.621051,15.669128,114.478077,6851.273846,1292.738852,339.302835,6327.103468,0.000000,0.000000,7959.145154,8590.621051,631.475897,15.048258,3.949689,73.651293,0.000000,7.350760,15.301883,9.937333,2.283758,0.019799,2,0.000000,0,0,0,100.000000,2.270478,100.000000,7.640437,1347.894407,1334.801411,-0.000000,269.996317
17940.000000,pure-acoustic,none,hardware,1,0,0,1,priority,0.000500,180,15,hybrid,0.050000,4000.000000,6.087000,64.000000,500.000000,500.000000,2.000000,120.000000,0.000000,181,120,181,0,181,16,45,120,0,0,0,0,0,0,0,0,0.000000,0.000000,0.000000,clear-ocean,30.000000,60.000000,0.151000,1113,3101121,795.159231,4.432326,68,7,0,61,0,181,0,0,181,0,0,0,0,0,0,0,0,0,0,0,0,0,0,0,16,45,120,16,45,120,4.667271,3.205367,9.700011,0.000000,0.000000,0.000000,0,0,0,8596.021051,15.669128,114.478077,6851.273846,1296.875022,340.336877,6327.333255,0.000000,0.000000,7964.545154,8596.021051,631.475897,15.086922,3.959237,73.607698,0.000000,7.346142,15.301883,9.937333,2.283758,0.019732,2,0.000000,0,0,0,100.000000,2.270478,100.000000,7.640437,1343.386399,1420.908127,-0.000000,344.868482
18000.000000,pure-acoustic,none,hardware,1,0,0,1,priority,0.000500,180,15,hybrid,0.050000,4000.000000,6.087000,64.000000,500.000000,500.000000,2.000000,120.000000,0.000000,181,120,181,0,181,16,45,120,0,0,0,0,0,0,0,0,0.000000,0.000000,0.000000,clear-ocean,30.000000,60.000000,0.151000,1113,3101121,795.159231,4.417551,68,7,0,61,0,181,0,0,181,0,0,0,0,0,0,0,0,0,0,0,0,0,0,0,16,45,120,16,45,120,4.667271,3.205367,9.700011,0.000000,0.000000,0.000000,0,0,0,8601.421051,15.669128,114.478077,6851.273846,1301.011192,341.370920,6327.563042,0.000000,0.000000,7969.945154,8601.421051,631.475897,15.125538,3.968774,73.564159,0.000000,7.341530,15.301883,9.937333,2.283758,0.019667,2,0.000000,0,0,0,100.000000,2.270478,100.000000,7.640437,1338.908444,1507.014843,-0.000000,410.745304
18060.000000,pure-acoustic,none,hardware,1,0,0,1,priority,0.000500,180,15,hybrid,0.050000,4000.000000,6.087000,64.000000,500.000000,500.000000,2.000000,120.000000,0.000000,181,120,181,0,181,16,45,120,0,0,0,0,0,0,0,0,0.000000,0.000000,0.000000,clear-ocean,30.000000,60.000000,0.151000,1113,3101121,795.159231,4.402875,68,7,0,61,0,181,0,0,181,0,0,0,0,0,0,0,0,0,0,0,0,0,0,0,16,45,120,16,45,120,4.667271,3.205367,9.700011,0.000000,0.000000,0.000000,0,0,0,8606.821051,15.669128,114.478077,6851.273846,1305.147362,342.404962,6327.792829,0.000000,0.000000,7975.345154,8606.821051,631.475897,15.164105,3.978298,73.520674,0.000000,7.336924,15.301883,9.937333,2.283758,0.019601,2,0.000000,0,0,0,100.000000,2.270478,100.000000,7.640437,1334.460244,1593.121559,-0.000000,461.380399
18120.000000,pure-acoustic,none,hardware,1,0,0,1,priority,0.000500,180,15,hybrid,0.050000,4000.000000,6.087000,64.000000,500.000000,500.000000,2.000000,120.000000,0.000000,181,120,181,0,181,16,45,120,0,0,0,0,0,0,0,0,0.000000,0.000000,0.000000,clear-ocean,30.000000,60.000000,0.151000,1113,3101121,795.159231,4.388296,68,7,0,61,0,181,0,0,181,0,0,0,0,0,0,0,0,0,0,0,0,0,0,0,16,45,120,16,45,120,4.667271,3.205367,9.700011,0.000000,0.000000,0.000000,0,0,0,8612.221051,15.669128,114.478077,6851.273846,1309.283532,343.439005,6328.022616,0.000000,0.000000,7980.745154,8612.221051,631.475897,15.202623,3.987810,73.477243,0.000000,7.332323,15.301883,9.937333,2.283758,0.019536,2,0.000000,0,0,0,100.000000,2.270478,100.000000,7.640437,1330.041501,1679.228276,-0.000000,491.972594
18180.000000,pure-acoustic,none,hardware,1,0,0,1,priority,0.000500,180,15,hybrid,0.050000,4000.000000,6.087000,64.000000,500.000000,500.000000,2.000000,120.000000,0.000000,181,120,181,0,181,16,45,120,0,0,0,0,0,0,0,0,0.000000,0.000000,0.000000,clear-ocean,30.000000,60.000000,0.151000,1113,3101121,795.159231,4.373813,68,7,0,61,0,181,0,0,181,0,0,0,0,0,0,0,0,0,0,0,0,0,0,0,16,45,120,16,45,120,4.667271,3.205367,9.700011,0.000000,0.000000,0.000000,0,0,0,8617.621051,15.669128,114.478077,6851.273846,1313.419703,344.473047,6328.252404,0.000000,0.000000,7986.145154,8617.621051,631.475897,15.241094,3.997310,73.433867,0.000000,7.327729,15.301883,9.937333,2.283758,0.019472,2,0.000000,0,0,0,100.000000,2.270478,100.000000,7.640437,1325.651925,1765.334992,0.000000,499.621164
18240.000000,pure-acoustic,none,hardware,1,0,0,1,priority,0.000500,180,15,hybrid,0.050000,4000.000000,6.087000,64.000000,500.000000,500.000000,2.000000,120.000000,0.000000,181,120,181,0,181,16,45,120,0,0,0,0,0,0,0,0,0.000000,0.000000,0.000000,clear-ocean,30.000000,60.000000,0.151000,1113,3101121,795.159231,4.359426,68,7,0,61,0,181,0,0,181,0,0,0,0,0,0,0,0,0,0,0,0,0,0,0,16,45,120,16,45,120,4.667271,3.205367,9.700011,0.000000,0.000000,0.000000,0,0,0,8623.021051,15.669128,114.478077,6851.273846,1317.555873,345.507090,6328.482191,0.000000,0.000000,7991.545154,8623.021051,631.475897,15.279516,4.006799,73.390546,0.000000,7.323140,15.301883,9.937333,2.283758,0.019408,2,0.000000,0,0,0,100.000000,2.270478,100.000000,7.640437,1321.291228,1851.441708,0.000000,483.600879
18300.000000,pure-acoustic,none,hardware,1,0,0,1,priority,0.000500,180,15,hybrid,0.050000,4000.000000,6.087000,64.000000,500.000000,500.000000,2.000000,120.000000,0.000000,181,120,181,0,181,16,45,120,0,0,0,0,0,0,0,0,0.000000,0.000000,0.000000,clear-ocean,30.000000,60.000000,0.151000,1113,3101121,795.159231,4.345132,68,7,0,61,0,181,0,0,181,0,0,0,0,0,0,0,0,0,0,0,0,0,0,0,16,45,120,16,45,120,4.667271,3.205367,9.700011,0.000000,0.000000,0.000000,0,0,0,8628.421051,15.669128,114.478077,6851.273846,1321.692043,346.541133,6328.711978,0.000000,0.000000,7996.945154,8628.421051,631.475897,15.317890,4.016275,73.347278,0.000000,7.318557,15.301883,9.937333,2.283758,0.019344,2,0.000000,0,0,0,100.000000,2.270478,100.000000,7.640437,1316.959126,1937.548424,0.000000,445.430767
18360.000000,pure-acoustic,none,hardware,1,0,0,1,priority,0.000500,180,15,hybrid,0.050000,4000.000000,6.087000,64.000000,500.000000,500.000000,2.000000,120.000000,0.000000,181,120,181,0,181,16,45,120,0,0,0,0,0,0,0,0,0.000000,0.000000,0.000000,clear-ocean,30.000000,60.000000,0.151000,1113,3101121,795.159231,4.330933,68,7,0,61,0,181,0,0,181,0,0,0,0,0,0,0,0,0,0,0,0,0,0,0,16,45,120,16,45,120,4.667271,3.205367,9.700011,0.000000,0.000000,0.000000,0,0,0,8633.821051,15.669128,114.478077,6851.273846,1325.828213,347.575175,6328.941765,0.000000,0.000000,8002.345154,8633.821051,631.475897,15.356216,4.025740,73.304065,0.000000,7.313979,15.301883,9.937333,2.283758,0.019281,2,0.000000,0,0,0,100.000000,2.270478,100.000000,7.640437,1312.655338,2023.655140,0.000000,388.730085
18420.000000,pure-acoustic,none,hardware,1,0,0,1,priority,0.000500,180,15,hybrid,0.050000,4000.000000,6.087000,64.000000,500.000000,500.000000,2.000000,120.000000,0.000000,181,120,181,0,181,16,45,120,0,0,0,0,0,0,0,0,0.000000,0.000000,0.000000,clear-ocean,30.000000,60.000000,0.151000,1113,3101121,795.159231,4.316825,68,7,0,61,0,181,0,0,181,0,0,0,0,0,0,0,0,0,0,0,0,0,0,0,16,45,120,16,45,120,4.667271,3.205367,9.700011,0.000000,0.000000,0.000000,0,0,0,8639.221051,15.669128,114.478077,6851.273846,1329.964384,348.609218,6329.171553,0.000000,0.000000,8007.745154,8639.221051,631.475897,15.394494,4.035193,73.260905,0.000000,7.309408,15.301883,9.937333,2.283758,0.019218,2,0.000000,0,0,0,100.000000,2.270478,100.000000,7.640437,1308.379587,2109.761856,0.000000,318.875141
18480.000000,pure-acoustic,none,hardware,1,0,0,1,priority,0.000500,180,15,hybrid,0.050000,4000.000000,6.087000,64.000000,500.000000,500.000000,2.000000,120.000000,0.000000,181,120,181,0,181,16,45,120,0,0,0,0,0,0,0,0,0.000000,0.000000,0.000000,clear-ocean,30.000000,60.000000,0.151000,1113,3101121,795.159231,4.302810,68,7,0,61,0,181,0,0,181,0,0,0,0,0,0,0,0,0,0,0,0,0,0,0,16,45,120,16,45,120,4.667271,3.205367,9.700011,0.000000,0.000000,0.000000,0,0,0,8644.621051,15.669128,114.478077,6851.273846,1334.100554,349.643260,6329.401340,0.000000,0.000000,8013.145154,8644.621051,631.475897,15.432725,4.044634,73.217800,0.000000,7.304842,15.301883,9.937333,2.283758,0.019156,2,0.000000,0,0,0,100.000000,2.270478,100.000000,7.640437,1304.131602,2195.868573,0.000000,242.489517
18540.000000,pure-acoustic,none,hardware,1,0,0,1,priority,0.000500,180,15,hybrid,0.050000,4000.000000,6.087000,64.000000,500.000000,500.000000,2.000000,120.000000,0.000000,181,120,181,0,181,16,45,120,0,0,0,0,0,0,0,0,0.000000,0.000000,0.000000,clear-ocean,30.000000,60.000000,0.151000,1113,3101121,795.159231,4.288885,68,7,0,61,0,181,0,0,181,0,0,0,0,0,0,0,0,0,0,0,0,0,0,0,16,45,120,16,45,120,4.667271,3.205367,9.700011,0.000000,0.000000,0.000000,0,0,0,8650.021051,15.669128,114.478077,6851.273846,1338.236724,350.677303,6329.631127,0.000000,0.000000,8018.545154,8650.021051,631.475897,15.470907,4.054063,73.174748,0.000000,7.300282,15.301883,9.937333,2.283758,0.019094,2,0.000000,0,0,0,100.000000,2.270478,100.000000,7.640437,1299.911111,2281.975289,0.000000,166.816031
18600.000000,pure-acoustic,none,hardware,1,0,0,1,priority,0.000500,180,15,hybrid,0.050000,4000.000000,6.087000,64.000000,500.000000,500.000000,2.000000,120.000000,0.000000,181,120,181,0,181,16,45,120,0,0,0,0,0,0,0,0,0.000000,0.000000,0.000000,clear-ocean,30.000000,60.000000,0.151000,1113,3101121,795.159231,4.275050,68,7,0,61,0,181,0,0,181,0,0,0,0,0,0,0,0,0,0,0,0,0,0,0,16,45,120,16,45,120,4.667271,3.205367,9.700011,0.000000,0.000000,0.000000,0,0,0,8655.421051,15.669128,114.478077,6851.273846,1342.372894,351.711345,6329.860914,0.000000,0.000000,8023.945154,8655.421051,631.475897,15.509042,4.063480,73.131750,0.000000,7.295727,15.301883,9.937333,2.283758,0.019032,2,0.000000,0,0,0,100.000000,2.270478,100.000000,7.640437,1295.717849,2368.082005,0.000000,99.029974
18660.000000,pure-acoustic,none,hardware,1,0,0,1,priority,0.000500,180,15,hybrid,0.050000,4000.000000,6.087000,64.000000,500.000000,500.000000,2.000000,120.000000,0.000000,181,120,181,0,181,16,45,120,0,0,0,0,0,0,0,0,0.000000,0.000000,0.000000,clear-ocean,30.000000,60.000000,0.151000,1113,3101121,795.159231,4.261303,68,7,0,61,0,181,0,0,181,0,0,0,0,0,0,0,0,0,0,0,0,0,0,0,16,45,120,16,45,120,4.667271,3.205367,9.700011,0.000000,0.000000,0.000000,0,0,0,8660.821051,15.669128,114.478077,6851.273846,1346.509064,352.745388,6330.090702,0.000000,0.000000,8029.345154,8660.821051,631.475897,15.547129,4.072886,73.088806,0.000000,7.291178,15.301883,9.937333,2.283758,0.018971,2,0.000000,0,0,0,100.000000,2.270478,100.000000,7.640437,1291.551554,2454.188721,0.000000,45.558759
18720.000000,pure-acoustic,none,hardware,1,0,0,1,priority,0.000500,180,15,hybrid,0.050000,4000.000000,6.087000,64.000000,500.000000,500.000000,2.000000,120.000000,0.000000,181,120,181,0,181,16,45,120,0,0,0,0,0,0,0,0,0.000000,0.000000,0.000000,clear-ocean,30.000000,60.000000,0.151000,1113,3101121,795.159231,4.247645,68,7,0,61,0,181,0,0,181,0,0,0,0,0,0,0,0,0,0,0,0,0,0,0,16,45,120,16,45,120,4.667271,3.205367,9.700011,0.000000,0.000000,0.000000,0,0,0,8666.221051,15.669128,114.478077,6851.273846,1350.645235,353.779430,6330.320489,0.000000,0.000000,8034.745154,8666.221051,631.475897,15.585169,4.082280,73.045915,0.000000,7.286635,15.301883,9.937333,2.283758,0.018910,2,0.000000,0,0,0,100.000000,2.270478,100.000000,7.640437,1287.411966,2540.295437,0.000000,11.472481
18780.000000,pure-acoustic,none,hardware,1,0,0,1,priority,0.000500,180,15,hybrid,0.050000,4000.000000,6.087000,64.000000,500.000000,500.000000,2.000000,120.000000,0.000000,181,120,181,0,181,16,45,120,0,0,0,0,0,0,0,0,0.000000,0.000000,0.000000,clear-ocean,30.000000,60.000000,0.151000,1113,3101121,795.159231,4.234075,68,7,0,61,0,181,0,0,181,0,0,0,0,0,0,0,0,0,0,0,0,0,0,0,16,45,120,16,45,120,4.667271,3.205367,9.700011,0.000000,0.000000,0.000000,0,0,0,8671.621051,15.669128,114.478077,6851.273846,1354.781405,354.813473,6330.550276,0.000000,0.000000,8040.145154,8671.621051,631.475897,15.623162,4.091663,73.003078,0.000000,7.282097,15.301883,9.937333,2.283758,0.018850,2,0.000000,0,0,0,100.000000,2.270478,100.000000,7.640437,1283.298829,2626.402153,-0.000000,0.003168
18840.000000,pure-acoustic,none,hardware,1,0,0,1,priority,0.000500,180,15,hybrid,0.050000,4000.000000,6.087000,64.000000,500.000000,500.000000,2.000000,120.000000,0.000000,181,120,181,0,181,16,45,120,0,0,0,0,0,0,0,0,0.000000,0.000000,0.000000,clear-ocean,30.000000,60.000000,0.151000,1113,3101121,795.159231,4.220590,68,7,0,61,0,181,0,0,181,0,0,0,0,0,0,0,0,0,0,0,0,0,0,0,16,45,120,16,45,120,4.667271,3.205367,9.700011,0.000000,0.000000,0.000000,0,0,0,8677.021051,15.669128,114.478077,6851.273846,1358.917575,355.847516,6330.780063,0.000000,0.000000,8045.545154,8677.021051,631.475897,15.661107,4.101033,72.960294,0.000000,7.277566,15.301883,9.937333,2.283758,0.018790,2,0.000000,0,0,0,100.000000,2.270478,100.000000,7.640437,1279.211890,2712.508869,-0.000000,12.238331
18900.000000,pure-acoustic,none,hardware,1,0,0,1,priority,0.000500,180,15,hybrid,0.050000,4000.000000,6.087000,64.000000,500.000000,500.000000,2.000000,120.000000,0.000000,181,120,181,0,181,16,45,120,0,0,0,0,0,0,0,0,0.000000,0.000000,0.000000,clear-ocean,30.000000,60.000000,0.151000,1113,3101121,795.159231,4.207192,68,7,0,61,0,181,0,0,181,0,0,0,0,0,0,0,0,0,0,0,0,0,0,0,16,45,120,16,45,120,4.667271,3.205367,9.700011,0.000000,0.000000,0.000000,0,0,0,8682.421051,15.669128,114.478077,6851.273846,1363.053745,356.881558,6331.009851,0.000000,0.000000,8050.945154,8682.421051,631.475897,15.699005,4.110392,72.917563,0.000000,7.273039,15.301883,9.937333,2.283758,0.018730,2,0.000000,0,0,0,100.000000,2.270478,100.000000,7.640437,1275.150899,2798.615586,-0.000000,47.017843
18960.000000,pure-acoustic,none,hardware,1,0,0,1,priority,0.000500,180,15,hybrid,0.050000,4000.000000,6.087000,64.000000,500.000000,500.000000,2.000000,120.000000,0.000000,181,120,181,0,181,16,45,120,0,0,0,0,0,0,0,0,0.000000,0.000000,0.000000,clear-ocean,30.000000,60.000000,0.151000,1113,3101121,795.159231,4.193878,68,7,0,61,0,181,0,0,181,0,0,0,0,0,0,0,0,0,0,0,0,0,0,0,16,45,120,16,45,120,4.667271,3.205367,9.700011,0.000000,0.000000,0.000000,0,0,0,8687.821051,15.669128,114.478077,6851.273846,1367.189915,357.915601,6331.239638,0.000000,0.000000,8056.345154,8687.821051,631.475897,15.736856,4.119740,72.874885,0.000000,7.268519,15.301883,9.937333,2.283758,0.018671,2,0.000000,0,0,0,100.000000,2.270478,100.000000,7.640437,1271.115612,2884.722302,-0.000000,101.043941
19020.000000,pure-acoustic,none,hardware,1,0,0,1,priority,0.000500,180,15,hybrid,0.050000,4000.000000,6.087000,64.000000,500.000000,500.000000,2.000000,120.000000,0.000000,181,120,181,0,181,16,45,120,0,0,0,0,0,0,0,0,0.000000,0.000000,0.000000,clear-ocean,30.000000,60.000000,0.151000,1113,3101121,795.159231,4.180648,68,7,0,61,0,181,0,0,181,0,0,0,0,0,0,0,0,0,0,0,0,0,0,0,16,45,120,16,45,120,4.667271,3.205367,9.700011,0.000000,0.000000,0.000000,0,0,0,8693.221051,15.669128,114.478077,6851.273846,1371.326086,358.949643,6331.469425,0.000000,0.000000,8061.745154,8693.221051,631.475897,15.774660,4.129075,72.832261,0.000000,7.264004,15.301883,9.937333,2.283758,0.018612,2,0.000000,0,0,0,100.000000,2.270478,100.000000,7.640437,1267.105783,2970.829018,-0.000000,169.193920
19080.000000,pure-acoustic,none,hardware,1,0,0,1,priority,0.000500,180,15,hybrid,0.050000,4000.000000,6.087000,64.000000,500.000000,500.000000,2.000000,120.000000,0.000000,181,120,181,0,181,16,45,120,0,0,0,0,0,0,0,0,0.000000,0.000000,0.000000,clear-ocean,30.000000,60.000000,0.151000,1113,3101121,795.159231,4.167501,68,7,0,61,0,181,0,0,181,0,0,0,0,0,0,0,0,0,0,0,0,0,0,0,16,45,120,16,45,120,4.667271,3.205367,9.700011,0.000000,0.000000,0.000000,0,0,0,8698.621051,15.669128,114.478077,6851.273846,1375.462256,359.983686,6331.699212,0.000000,0.000000,8067.145154,8698.621051,631.475897,15.812417,4.138399,72.789689,0.000000,7.259494,15.301883,9.937333,2.283758,0.018553,2,0.000000,0,0,0,100.000000,2.270478,100.000000,7.640437,1263.121174,3056.935734,-0.000000,245.005859
19140.000000,pure-acoustic,none,hardware,1,0,0,1,priority,0.000500,180,15,hybrid,0.050000,4000.000000,6.087000,64.000000,500.000000,500.000000,2.000000,120.000000,0.000000,181,120,181,0,181,16,45,120,0,0,0,0,0,0,0,0,0.000000,0.000000,0.000000,clear-ocean,30.000000,60.000000,0.151000,1113,3101121,795.159231,4.154437,68,7,0,61,0,181,0,0,181,0,0,0,0,0,0,0,0,0,0,0,0,0,0,0,16,45,120,16,45,120,4.667271,3.205367,9.700011,0.000000,0.000000,0.000000,0,0,0,8704.021051,15.669128,114.478077,6851.273846,1379.598426,361.017728,6331.928999,0.000000,0.000000,8072.545154,8704.021051,631.475897,15.850127,4.147712,72.747170,0.000000,7.254990,15.301883,9.937333,2.283758,0.018495,2,0.000000,0,0,0,100.000000,2.270478,100.000000,7.640437,1259.161546,3143.042450,-0.000000,321.291337
19200.000000,pure-acoustic,none,hardware,1,0,0,1,priority,0.000500,180,15,hybrid,0.050000,4000.000000,6.087000,64.000000,500.000000,500.000000,2.000000,120.000000,0.000000,181,120,181,0,181,16,45,120,0,0,0,0,0,0,0,0,0.000000,0.000000,0.000000,clear-ocean,30.000000,60.000000,0.151000,1113,3101121,795.159231,4.141454,68,7,0,61,0,181,0,0,181,0,0,0,0,0,0,0,0,0,0,0,0,0,0,0,16,45,120,16,45,120,4.667271,3.205367,9.700011,0.000000,0.000000,0.000000,0,0,0,8709.421051,15.669128,114.478077,6851.273846,1383.734596,362.051771,6332.158787,0.000000,0.000000,8077.945154,8709.421051,631.475897,15.887791,4.157013,72.704704,0.000000,7.250492,15.301883,9.937333,2.283758,0.018437,2,0.000000,0,0,0,100.000000,2.270478,100.000000,7.640437,1255.226667,3229.149166,-0.000000,390.817035
19260.000000,pure-acoustic,none,hardware,1,0,0,1,priority,0.000500,180,15,hybrid,0.050000,4000.000000,6.087000,64.000000,500.000000,500.000000,2.000000,120.000000,0.000000,181,120,181,0,181,16,45,120,0,0,0,0,0,0,0,0,0.000000,0.000000,0.000000,clear-ocean,30.000000,60.000000,0.151000,1113,3101121,795.159231,4.128553,68,7,0,61,0,181,0,0,181,0,0,0,0,0,0,0,0,0,0,0,0,0,0,0,16,45,120,16,45,120,4.667271,3.205367,9.700011,0.000000,0.000000,0.000000,0,0,0,8714.821051,15.669128,114.478077,6851.273846,1387.870767,363.085813,6332.388574,0.000000,0.000000,8083.345154,8714.821051,631.475897,15.925408,4.166303,72.662290,0.000000,7.246000,15.301883,9.937333,2.283758,0.018380,2,0.000000,0,0,0,100.000000,2.270478,100.000000,7.640437,1251.316303,3315.255882,-0.000000,446.990588
19320.000000,pure-acoustic,none,hardware,1,0,0,1,priority,0.000500,180,15,hybrid,0.050000,4000.000000,6.087000,64.000000,500.000000,500.000000,2.000000,120.000000,0.000000,181,120,181,0,181,16,45,120,0,0,0,0,0,0,0,0,0.000000,0.000000,0.000000,clear-ocean,30.000000,60.000000,0.151000,1113,3101121,795.159231,4.115731,68,7,0,61,0,181,0,0,181,0,0,0,0,0,0,0,0,0,0,0,0,0,0,0,16,45,120,16,45,120,4.667271,3.205367,9.700011,0.000000,0.000000,0.000000,0,0,0,8720.221051,15.669128,114.478077,6851.273846,1392.006937,364.119856,6332.618361,0.000000,0.000000,8088.745154,8720.221051,631.475897,15.962978,4.175581,72.619929,0.000000,7.241512,15.301883,9.937333,2.283758,0.018323,2,0.000000,0,0,0,100.000000,2.270478,100.000000,7.640437,1247.430228,3401.362599,-0.000000,484.485669
19380.000000,pure-acoustic,none,hardware,1,0,0,1,priority,0.000500,180,15,hybrid,0.050000,4000.000000,6.087000,64.000000,500.000000,500.000000,2.000000,120.000000,0.000000,181,120,181,0,181,16,45,120,0,0,0,0,0,0,0,0,0.000000,0.000000,0.000000,clear-ocean,30.000000,60.000000,0.151000,1113,3101121,795.159231,4.102989,68,7,0,61,0,181,0,0,181,0,0,0,0,0,0,0,0,0,0,0,0,0,0,0,16,45,120,16,45,120,4.667271,3.205367,9.700011,0.000000,0.000000,0.000000,0,0,0,8725.621051,15.669128,114.478077,6851.273846,1396.143107,365.153899,6332.848148,0.000000,0.000000,8094.145154,8725.621051,631.475897,16.000501,4.184847,72.577621,0.000000,7.237031,15.301883,9.937333,2.283758,0.018266,2,0.000000,0,0,0,100.000000,2.270478,100.000000,7.640437,1243.568215,3487.469315,-0.000000,499.747029
19440.000000,pure-acoustic,none,hardware,1,0,0,1,priority,0.000500,180,15,hybrid,0.050000,4000.000000,6.087000,64.000000,500.000000,500.000000,2.000000,120.000000,0.000000,181,120,181,0,181,16,45,120,0,0,0,0,0,0,0,0,0.000000,0.000000,0.000000,clear-ocean,30.000000,60.000000,0.151000,1113,3101121,795.159231,4.090325,68,7,0,61,0,181,0,0,181,0,0,0,0,0,0,0,0,0,0,0,0,0,0,0,16,45,120,16,45,120,4.667271,3.205367,9.700011,0.000000,0.000000,0.000000,0,0,0,8731.021051,15.669128,114.478077,6851.273846,1400.279277,366.187941,6333.077936,0.000000,0.000000,8099.545154,8731.021051,631.475897,16.037978,4.194102,72.535364,0.000000,7.232555,15.301883,9.937333,2.283758,0.018210,2,0.000000,0,0,0,100.000000,2.270478,100.000000,7.640437,1239.730041,3573.576031,0.000000,491.327600
19500.000000,pure-acoustic,none,hardware,1,0,0,1,priority,0.000500,180,15,hybrid,0.050000,4000.000000,6.087000,64.000000,500.000000,500.000000,2.000000,120.000000,0.000000,181,120,181,0,181,16,45,120,0,0,0,0,0,0,0,0,0.000000,0.000000,0.000000,clear-ocean,30.000000,60.000000,0.151000,1113,3101121,795.159231,4.077740,68,7,0,61,0,181,0,0,181,0,0,0,0,0,0,0,0,0,0,0,0,0,0,0,16,45,120,16,45,120,4.667271,3.205367,9.700011,0.000000,0.000000,0.000000,0,0,0,8736.421051,15.669128,114.478077,6851.273846,1404.415447,367.221984,6333.307723,0.000000,0.000000,8104.945154,8736.421051,631.475897,16.075409,4.203346,72.493160,0.000000,7.228085,15.301883,9.937333,2.283758,0.018154,2,0.000000,0,0,0,100.000000,2.270478,100.000000,7.640437,1235.915487,3659.682747,0.000000,460.025703
19560.000000,pure-acoustic,none,hardware,1,0,0,1,priority,0.000500,180,15,hybrid,0.050000,4000.000000,6.087000,64.000000,500.000000,500.000000,2.000000,120.000000,0.000000,181,120,181,0,181,16,45,120,0,0,0,0,0,0,0,0,0.000000,0.000000,0.000000,clear-ocean,30.000000,60.000000,0.151000,1113,3101121,795.159231,4.065231,68,7,0,61,0,181,0,0,181,0,0,0,0,0,0,0,0,0,0,0,0,0,0,0,16,45,120,16,45,120,4.667271,3.205367,9.700011,0.000000,0.000000,0.000000,0,0,0,8741.821051,15.669128,114.478077,6851.273846,1408.551618,368.256026,6333.537510,0.000000,0.000000,8110.345154,8741.821051,631.475897,16.112794,4.212578,72.451008,0.000000,7.223620,15.301883,9.937333,2.283758,0.018098,2,0.000000,0,0,0,100.000000,2.270478,100.000000,7.640437,1232.124335,3745.789463,0.000000,408.809357
19620.000000,pure-acoustic,none,hardware,1,0,0,1,priority,0.000500,180,15,hybrid,0.050000,4000.000000,6.087000,64.000000,500.000000,500.000000,2.000000,120.000000,0.000000,181,120,181,0,181,16,45,120,0,0,0,0,0,0,0,0,0.000000,0.000000,0.000000,clear-ocean,30.000000,60.000000,0.151000,1113,3101121,795.159231,4.052799,68,7,0,61,0,181,0,0,181,0,0,0,0,0,0,0,0,0,0,0,0,0,0,0,16,45,120,16,45,120,4.667271,3.205367,9.700011,0.000000,0.000000,0.000000,0,0,0,8747.221051,15.669128,114.478077,6851.273846,1412.687788,369.290069,6333.767297,0.000000,0.000000,8115.745154,8747.221051,631.475897,16.150132,4.221799,72.408909,0.000000,7.219160,15.301883,9.937333,2.283758,0.018043,2,0.000000,0,0,0,100.000000,2.270478,100.000000,7.640437,1228.356371,3831.896179,0.000000,342.534849
19680.000000,pure-acoustic,none,hardware,1,0,0,1,priority,0.000500,180,15,hybrid,0.050000,4000.000000,6.087000,64.000000,500.000000,500.000000,2.000000,120.000000,0.000000,181,120,181,0,181,16,45,120,0,0,0,0,0,0,0,0,0.000000,0.000000,0.000000,clear-ocean,30.000000,60.000000,0.151000,1113,3101121,795.159231,4.040443,68,7,0,61,0,181,0,0,181,0,0,0,0,0,0,0,0,0,0,0,0,0,0,0,16,45,120,16,45,120,4.667271,3.205367,9.700011,0.000000,0.000000,0.000000,0,0,0,8752.621051,15.669128,114.478077,6851.273846,1416.823958,370.324111,6333.997085,0.000000,0.000000,8121.145154,8752.621051,631.475897,16.187425,4.231008,72.366861,0.000000,7.214706,15.301883,9.937333,2.283758,0.017988,2,0.000000,0,0,0,100.000000,2.270478,100.000000,7.640437,1224.611382,3918.002895,0.000000,267.486271
19740.000000,pure-acoustic,none,hardware,1,0,0,1,priority,0.000500,180,15,hybrid,0.050000,4000.000000,6.087000,64.000000,500.000000,500.000000,2.000000,120.000000,0.000000,181,120,181,0,181,16,45,120,0,0,0,0,0,0,0,0,0.000000,0.000000,0.000000,clear-ocean,30.000000,60.000000,0.151000,1113,3101121,795.159231,4.028162,68,7,0,61,0,181,0,0,181,0,0,0,0,0,0,0,0,0,0,0,0,0,0,0,16,45,120,16,45,120,4.667271,3.205367,9.700011,0.000000,0.000000,0.000000,0,0,0,8758.021051,15.669128,114.478077,6851.273846,1420.960128,371.358154,6334.226872,0.000000,0.000000,8126.545154,8758.021051,631.475897,16.224671,4.240206,72.324865,0.000000,7.210258,15.301883,9.937333,2.283758,0.017933,2,0.000000,0,0,0,100.000000,2.270478,100.000000,7.640437,1220.889159,4004.109612,0.000000,190.779659
19800.000000,pure-acoustic,none,hardware,1,0,0,1,priority,0.000500,180,15,hybrid,0.050000,4000.000000,6.087000,64.000000,500.000000,500.000000,2.000000,120.000000,0.000000,181,120,181,0,181,16,45,120,0,0,0,0,0,0,0,0,0.000000,0.000000,0.000000,clear-ocean,30.000000,60.000000,0.151000,1113,3101121,795.159231,4.015956,68,7,0,61,0,181,0,0,181,0,0,0,0,0,0,0,0,0,0,0,0,0,0,0,16,45,120,16,45,120,4.667271,3.205367,9.700011,0.000000,0.000000,0.000000,0,0,0,8763.421051,15.669128,114.478077,6851.273846,1425.096298,372.392196,6334.456659,0.000000,0.000000,8131.945154,8763.421051,631.475897,16.261872,4.249393,72.282920,0.000000,7.205815,15.301883,9.937333,2.283758,0.017879,2,0.000000,0,0,0,100.000000,2.270478,100.000000,7.640437,1217.189495,4090.216328,0.000000,119.688268
19860.000000,pure-acoustic,none,hardware,1,0,0,1,priority,0.000500,180,15,hybrid,0.050000,4000.000000,6.087000,64.000000,500.000000,500.000000,2.000000,120.000000,0.000000,181,120,181,0,181,16,45,120,0,0,0,0,0,0,0,0,0.000000,0.000000,0.000000,clear-ocean,30.000000,60.000000,0.151000,1113,3101121,795.159231,4.003823,68,7,0,61,0,181,0,0,181,0,0,0,0,0,0,0,0,0,0,0,0,0,0,0,16,45,120,16,45,120,4.667271,3.205367,9.700011,0.000000,0.000000,0.000000,0,0,0,8768.821051,15.669128,114.478077,6851.273846,1429.232469,373.426239,6334.686446,0.000000,0.000000,8137.345154,8768.821051,631.475897,16.299027,4.258568,72.241028,0.000000,7.201377,15.301883,9.937333,2.283758,0.017825,2,0.000000,0,0,0,100.000000,2.270478,100.000000,7.640437,1213.512185,4176.323044,0.000000,60.952918
19920.000000,pure-acoustic,none,hardware,1,0,0,1,priority,0.000500,180,15,hybrid,0.050000,4000.000000,6.087000,64.000000,500.000000,500.000000,2.000000,120.000000,0.000000,181,120,181,0,181,16,45,120,0,0,0,0,0,0,0,0,0.000000,0.000000,0.000000,clear-ocean,30.000000,60.000000,0.151000,1113,3101121,795.159231,3.991763,68,7,0,61,0,181,0,0,181,0,0,0,0,0,0,0,0,0,0,0,0,0,0,0,16,45,120,16,45,120,4.667271,3.205367,9.700011,0.000000,0.000000,0.000000,0,0,0,8774.221051,15.669128,114.478077,6851.273846,1433.368639,374.460282,6334.916234,0.000000,0.000000,8142.745154,8774.221051,631.475897,16.336135,4.267732,72.199187,0.000000,7.196945,15.301883,9.937333,2.283758,0.017771,2,0.000000,0,0,0,100.000000,2.270478,100.000000,7.640437,1209.857028,4262.429760,0.000000,20.142843
19980.000000,pure-acoustic,none,hardware,1,0,0,1,priority,0.000500,180,15,hybrid,0.050000,4000.000000,6.087000,64.000000,500.000000,500.000000,2.000000,120.000000,0.000000,181,120,181,0,181,16,45,120,0,0,0,0,0,0,0,0,0.000000,0.000000,0.000000,clear-ocean,30.000000,60.000000,0.151000,1113,3101121,795.159231,3.979776,68,7,0,61,0,181,0,0,181,0,0,0,0,0,0,0,0,0,0,0,0,0,0,0,16,45,120,16,45,120,4.667271,3.205367,9.700011,0.000000,0.000000,0.000000,0,0,0,8779.621051,15.669128,114.478077,6851.273846,1437.504809,375.494324,6335.146021,0.000000,0.000000,8148.145154,8779.621051,631.475897,16.373199,4.276885,72.157397,0.000000,7.192519,15.301883,9.937333,2.283758,0.017718,2,0.000000,0,0,0,100.000000,2.270478,100.000000,7.640437,1206.223824,4348.536476,0.000000,1.127619
20040.000000,pure-acoustic,none,hardware,1,0,0,1,priority,0.000500,180,15,hybrid,0.050000,4000.000000,6.087000,64.000000,500.000000,500.000000,2.000000,120.000000,0.000000,181,120,181,0,181,16,45,120,0,0,0,0,0,0,0,0,0.000000,0.000000,0.000000,clear-ocean,30.000000,60.000000,0.151000,1113,3101121,795.159231,3.967860,68,7,0,61,0,181,0,0,181,0,0,0,0,0,0,0,0,0,0,0,0,0,0,0,16,45,120,16,45,120,4.667271,3.205367,9.700011,0.000000,0.000000,0.000000,0,0,0,8785.021051,15.669128,114.478077,6851.273846,1441.640979,376.528367,6335.375808,0.000000,0.000000,8153.545154,8785.021051,631.475897,16.410217,4.286027,72.115659,0.000000,7.188098,15.301883,9.937333,2.283758,0.017665,2,0.000000,0,0,0,100.000000,2.270478,100.000000,7.640437,1202.612375,4434.643192,-0.000000,5.710250
20100.000000,pure-acoustic,none,hardware,1,0,0,1,priority,0.000500,180,15,hybrid,0.050000,4000.000000,6.087000,64.000000,500.000000,500.000000,2.000000,120.000000,0.000000,181,120,181,0,181,16,45,120,0,0,0,0,0,0,0,0,0.000000,0.000000,0.000000,clear-ocean,30.000000,60.000000,0.151000,1113,3101121,795.159231,3.956016,68,7,0,61,0,181,0,0,181,0,0,0,0,0,0,0,0,0,0,0,0,0,0,0,16,45,120,16,45,120,4.667271,3.205367,9.700011,0.000000,0.000000,0.000000,0,0,0,8790.421051,15.669128,114.478077,6851.273846,1445.777149,377.562409,6335.605595,0.000000,0.000000,8158.945154,8790.421051,631.475897,16.447189,4.295157,72.073972,0.000000,7.183682,15.301883,9.937333,2.283758,0.017612,2,0.000000,0,0,0,100.000000,2.270478,100.000000,7.640437,1199.022488,4520.749908,-0.000000,33.456218
20160.000000,pure-acoustic,none,hardware,1,0,0,1,priority,0.000500,180,15,hybrid,0.050000,4000.000000,6.087000,64.000000,500.000000,500.000000,2.000000,120.000000,0.000000,181,120,181,0,181,16,45,120,0,0,0,0,0,0,0,0,0.000000,0.000000,0.000000,clear-ocean,30.000000,60.000000,0.151000,1113,3101121,795.159231,3.944242,68,7,0,61,0,181,0,0,181,0,0,0,0,0,0,0,0,0,0,0,0,0,0,0,16,45,120,16,45,120,4.667271,3.205367,9.700011,0.000000,0.000000,0.000000,0,0,0,8795.821051,15.669128,114.478077,6851.273846,1449.913320,378.596452,6335.835382,0.000000,0.000000,8164.345154,8795.821051,631.475897,16.484116,4.304276,72.032336,0.000000,7.179272,15.301883,9.937333,2.283758,0.017560,2,0.000000,0,0,0,100.000000,2.270478,100.000000,7.640437,1195.453968,4606.856625,-0.000000,81.734673
20220.000000,pure-acoustic,none,hardware,1,0,0,1,priority,0.000500,180,15,hybrid,0.050000,4000.000000,6.087000,64.000000,500.000000,500.000000,2.000000,120.000000,0.000000,181,120,181,0,181,16,45,120,0,0,0,0,0,0,0,0,0.000000,0.000000,0.000000,clear-ocean,30.000000,60.000000,0.151000,1113,3101121,795.159231,3.932538,68,7,0,61,0,181,0,0,181,0,0,0,0,0,0,0,0,0,0,0,0,0,0,0,16,45,120,16,45,120,4.667271,3.205367,9.700011,0.000000,0.000000,0.000000,0,0,0,8801.221051,15.669128,114.478077,6851.273846,1454.049490,379.630494,6336.065170,0.000000,0.000000,8169.745154,8801.221051,631.475897,16.520997,4.313384,71.990751,0.000000,7.174867,15.301883,9.937333,2.283758,0.017507,2,0.000000,0,0,0,100.000000,2.270478,100.000000,7.640437,1191.906627,4692.963341,-0.000000,145.967895
20280.000000,pure-acoustic,none,hardware,1,0,0,1,priority,0.000500,180,15,hybrid,0.050000,4000.000000,6.087000,64.000000,500.000000,500.000000,2.000000,120.000000,0.000000,181,120,181,0,181,16,45,120,0,0,0,0,0,0,0,0,0.000000,0.000000,0.000000,clear-ocean,30.000000,60.000000,0.151000,1113,3101121,795.159231,3.920904,68,7,0,61,0,181,0,0,181,0,0,0,0,0,0,0,0,0,0,0,0,0,0,0,16,45,120,16,45,120,4.667271,3.205367,9.700011,0.000000,0.000000,0.000000,0,0,0,8806.621051,15.669128,114.478077,6851.273846,1458.185660,380.664537,6336.294957,0.000000,0.000000,8175.145154,8806.621051,631.475897,16.557834,4.322481,71.949218,0.000000,7.170467,15.301883,9.937333,2.283758,0.017456,2,0.000000,0,0,0,100.000000,2.270478,100.000000,7.640437,1188.380276,4779.070057,-0.000000,220.065349
20340.000000,pure-acoustic,none,hardware,1,0,0,1,priority,0.000500,180,15,hybrid,0.050000,4000.000000,6.087000,64.000000,500.000000,500.000000,2.000000,120.000000,0.000000,181,120,181,0,181,16,45,120,0,0,0,0,0,0,0,0,0.000000,0.000000,0.000000,clear-ocean,30.000000,60.000000,0.151000,1113,3101121,795.159231,3.909337,68,7,0,61,0,181,0,0,181,0,0,0,0,0,0,0,0,0,0,0,0,0,0,0,16,45,120,16,45,120,4.667271,3.205367,9.700011,0.000000,0.000000,0.000000,0,0,0,8812.021051,15.669128,114.478077,6851.273846,1462.321830,381.698579,6336.524744,0.000000,0.000000,8180.545154,8812.021051,631.475897,16.594625,4.331567,71.907735,0.000000,7.166073,15.301883,9.937333,2.283758,0.017404,2,0.000000,0,0,0,100.000000,2.270478,100.000000,7.640437,1184.874730,4865.176773,-0.000000,297.001180
20400.000000,pure-acoustic,none,hardware,1,0,0,1,priority,0.000500,180,15,hybrid,0.050000,4000.000000,6.087000,64.000000,500.000000,500.000000,2.000000,120.000000,0.000000,181,120,181,0,181,16,45,120,0,0,0,0,0,0,0,0,0.000000,0.000000,0.000000,clear-ocean,30.000000,60.000000,0.151000,1113,3101121,795.159231,3.897839,68,7,0,61,0,181,0,0,181,0,0,0,0,0,0,0,0,0,0,0,0,0,0,0,16,45,120,16,45,120,4.667271,3.205367,9.700011,0.000000,0.000000,0.000000,0,0,0,8817.421051,15.669128,114.478077,6851.273846,1466.458001,382.732622,6336.754531,0.000000,0.000000,8185.945154,8817.421051,631.475897,16.631371,4.340641,71.866303,0.000000,7.161685,15.301883,9.937333,2.283758,0.017353,2,0.000000,0,0,0,100.000000,2.270478,100.000000,7.640437,1181.389804,4951.283489,-0.000000,369.480401
20460.000000,pure-acoustic,none,hardware,1,0,0,1,priority,0.000500,180,15,hybrid,0.050000,4000.000000,6.087000,64.000000,500.000000,500.000000,2.000000,120.000000,0.000000,181,120,181,0,181,16,45,120,0,0,0,0,0,0,0,0,0.000000,0.000000,0.000000,clear-ocean,30.000000,60.000000,0.151000,1113,3101121,795.159231,3.886409,68,7,0,61,0,181,0,0,181,0,0,0,0,0,0,0,0,0,0,0,0,0,0,0,16,45,120,16,45,120,4.667271,3.205367,9.700011,0.000000,0.000000,0.000000,0,0,0,8822.821051,15.669128,114.478077,6851.273846,1470.594171,383.766664,6336.984319,0.000000,0.000000,8191.345154,8822.821051,631.475897,16.668072,4.349705,71.824922,0.000000,7.157301,15.301883,9.937333,2.283758,0.017302,2,0.000000,0,0,0,100.000000,2.270478,100.000000,7.640437,1177.925318,5037.390205,-0.000000,430.630597
20520.000000,pure-acoustic,none,hardware,1,0,0,1,priority,0.000500,180,15,hybrid,0.050000,4000.000000,6.087000,64.000000,500.000000,500.000000,2.000000,120.000000,0.000000,181,120,181,0,181,16,45,120,0,0,0,0,0,0,0,0,0.000000,0.000000,0.000000,clear-ocean,30.000000,60.000000,0.151000,1113,3101121,795.159231,3.875045,68,7,0,61,0,181,0,0,181,0,0,0,0,0,0,0,0,0,0,0,0,0,0,0,16,45,120,16,45,120,4.667271,3.205367,9.700011,0.000000,0.000000,0.000000,0,0,0,8828.221051,15.669128,114.478077,6851.273846,1474.730341,384.800707,6337.214106,0.000000,0.000000,8196.745154,8828.221051,631.475897,16.704728,4.358757,71.783591,0.000000,7.152923,15.301883,9.937333,2.283758,0.017251,2,0.000000,0,0,0,100.000000,2.270478,100.000000,7.640437,1174.481092,5123.496921,-0.000000,474.653561
20580.000000,pure-acoustic,none,hardware,1,0,0,1,priority,0.000500,180,15,hybrid,0.050000,4000.000000,6.087000,64.000000,500.000000,500.000000,2.000000,120.000000,0.000000,181,120,181,0,181,16,45,120,0,0,0,0,0,0,0,0,0.000000,0.000000,0.000000,clear-ocean,30.000000,60.000000,0.151000,1113,3101121,795.159231,3.863747,68,7,0,61,0,181,0,0,181,0,0,0,0,0,0,0,0,0,0,0,0,0,0,0,16,45,120,16,45,120,4.667271,3.205367,9.700011,0.000000,0.000000,0.000000,0,0,0,8833.621051,15.669128,114.478077,6851.273846,1478.866511,385.834750,6337.443893,0.000000,0.000000,8202.145154,8833.621051,631.475897,16.741340,4.367798,71.742311,0.000000,7.148551,15.301883,9.937333,2.283758,0.017201,2,0.000000,0,0,0,100.000000,2.270478,100.000000,7.640437,1171.056948,5209.603638,-0.000000,497.375076
20640.000000,pure-acoustic,none,hardware,1,0,0,1,priority,0.000500,180,15,hybrid,0.050000,4000.000000,6.087000,64.000000,500.000000,500.000000,2.000000,120.000000,0.000000,181,120,181,0,181,16,45,120,0,0,0,0,0,0,0,0,0.000000,0.000000,0.000000,clear-ocean,30.000000,60.000000,0.151000,1113,3101121,795.159231,3.852516,68,7,0,61,0,181,0,0,181,0,0,0,0,0,0,0,0,0,0,0,0,0,0,0,16,45,120,16,45,120,4.667271,3.205367,9.700011,0.000000,0.000000,0.000000,0,0,0,8839.021051,15.669128,114.478077,6851.273846,1483.002681,386.868792,6337.673680,0.000000,0.000000,8207.545154,8839.021051,631.475897,16.777906,4.376828,71.701081,0.000000,7.144184,15.301883,9.937333,2.283758,0.017151,2,0.000000,0,0,0,100.000000,2.270478,100.000000,7.640437,1167.652713,5295.710354,0.000000,496.640708
20700.000000,pure-acoustic,none,hardware,1,0,0,1,priority,0.000500,180,15,hybrid,0.050000,4000.000000,6.087000,64.000000,500.000000,500.000000,2.000000,120.000000,0.000000,181,120,181,0,181,16,45,120,0,0,0,0,0,0,0,0,0.000000,0.000000,0.000000,clear-ocean,30.000000,60.000000,0.151000,1113,3101121,795.159231,3.841349,68,7,0,61,0,181,0,0,181,0,0,0,0,0,0,0,0,0,0,0,0,0,0,0,16,45,120,16,45,120,4.667271,3.205367,9.700011,0.000000,0.000000,0.000000,0,0,0,8844.421051,15.669128,114.478077,6851.273846,1487.138852,387.902835,6337.903468,0.000000,0.000000,8212.945154,8844.421051,631.475897,16.814428,4.385848,71.659902,0.000000,7.139822,15.301883,9.937333,2.283758,0.017101,2,0.000000,0,0,0,100.000000,2.270478,100.000000,7.640437,1164.268213,5381.817070,0.000000,472.520088
20760.000000,pure-acoustic,none,hardware,1,0,0,1,priority,0.000500,180,15,hybrid,0.050000,4000.000000,6.087000,64.000000,500.000000,500.000000,2.000000,120.000000,0.000000,181,120,181,0,181,16,45,120,0,0,0,0,0,0,0,0,0.000000,0.000000,0.000000,clear-ocean,30.000000,60.000000,0.151000,1113,3101121,795.159231,3.830247,68,7,0,61,0,181,0,0,181,0,0,0,0,0,0,0,0,0,0,0,0,0,0,0,16,45,120,16,45,120,4.667271,3.205367,9.700011,0.000000,0.000000,0.000000,0,0,0,8849.821051,15.669128,114.478077,6851.273846,1491.275022,388.936877,6338.133255,0.000000,0.000000,8218.345154,8849.821051,631.475897,16.850906,4.394856,71.618773,0.000000,7.135465,15.301883,9.937333,2.283758,0.017052,2,0.000000,0,0,0,100.000000,2.270478,100.000000,7.640437,1160.903276,5467.923786,0.000000,427.300313
20820.000000,pure-acoustic,none,hardware,1,0,0,1,priority,0.000500,180,15,hybrid,0.050000,4000.000000,6.087000,64.000000,500.000000,500.000000,2.000000,120.000000,0.000000,181,120,181,0,181,16,45,120,0,0,0,0,0,0,0,0,0.000000,0.000000,0.000000,clear-ocean,30.000000,60.000000,0.151000,1113,3101121,795.159231,3.819209,68,7,0,61,0,181,0,0,181,0,0,0,0,0,0,0,0,0,0,0,0,0,0,0,16,45,120,16,45,120,4.667271,3.205367,9.700011,0.000000,0.000000,0.000000,0,0,0,8855.221051,15.669128,114.478077,6851.273846,1495.411192,389.970920,6338.363042,0.000000,0.000000,8223.745154,8855.221051,631.475897,16.887339,4.403853,71.577694,0.000000,7.131114,15.301883,9.937333,2.283758,0.017003,2,0.000000,0,0,0,100.000000,2.270478,100.000000,7.640437,1157.557733,5554.030502,0.000000,365.269080
20880.000000,pure-acoustic,none,hardware,1,0,0,1,priority,0.000500,180,15,hybrid,0.050000,4000.000000,6.087000,64.000000,500.000000,500.000000,2.000000,120.000000,0.000000,181,120,181,0,181,16,45,120,0,0,0,0,0,0,0,0,0.000000,0.000000,0.000000,clear-ocean,30.000000,60.000000,0.151000,1113,3101121,795.159231,3.808234,68,7,0,61,0,181,0,0,181,0,0,0,0,0,0,0,0,0,0,0,0,0,0,0,16,45,120,16,45,120,4.667271,3.205367,9.700011,0.000000,0.000000,0.000000,0,0,0,8860.621051,15.669128,114.478077,6851.273846,1499.547362,391.004962,6338.592829,0.000000,0.000000,8229.145154,8860.621051,631.475897,16.923728,4.412839,71.536665,0.000000,7.126768,15.301883,9.937333,2.283758,0.016954,2,0.000000,0,0,0,100.000000,2.270478,100.000000,7.640437,1154.231418,5640.137218,0.000000,292.308137
20940.000000,pure-acoustic,none,hardware,1,0,0,1,priority,0.000500,180,15,hybrid,0.050000,4000.000000,6.087000,64.000000,500.000000,500.000000,2.000000,120.000000,0.000000,181,120,181,0,181,16,45,120,0,0,0,0,0,0,0,0,0.000000,0.000000,0.000000,clear-ocean,30.000000,60.000000,0.151000,1113,3101121,795.159231,3.797322,68,7,0,61,0,181,0,0,181,0,0,0,0,0,0,0,0,0,0,0,0,0,0,0,16,45,120,16,45,120,4.667271,3.205367,9.700011,0.000000,0.000000,0.000000,0,0,0,8866.021051,15.669128,114.478077,6851.273846,1503.683532,392.039005,6338.822616,0.000000,0.000000,8234.545154,8866.021051,631.475897,16.960072,4.421815,71.495687,0.000000,7.122427,15.301883,9.937333,2.283758,0.016905,2,0.000000,0,0,0,100.000000,2.270478,100.000000,7.640437,1150.924164,5726.243934,0.000000,215.335574
21000.000000,pure-acoustic,none,hardware,1,0,0,1,priority,0.000500,180,15,hybrid,0.050000,4000.000000,6.087000,64.000000,500.000000,500.000000,2.000000,120.000000,0.000000,181,120,181,0,181,16,45,120,0,0,0,0,0,0,0,0,0.000000,0.000000,0.000000,clear-ocean,30.000000,60.000000,0.151000,1113,3101121,795.159231,3.786473,68,7,0,61,0,181,0,0,181,0,0,0,0,0,0,0,0,0,0,0,0,0,0,0,16,45,120,16,45,120,4.667271,3.205367,9.700011,0.000000,0.000000,0.000000,0,0,0,8871.421051,15.669128,114.478077,6851.273846,1507.819703,393.073047,6339.052404,0.000000,0.000000,8239.945154,8871.421051,631.475897,16.996372,4.430779,71.454758,0.000000,7.118092,15.301883,9.937333,2.283758,0.016857,2,0.000000,0,0,0,100.000000,2.270478,100.000000,7.640437,1147.635810,5812.350651,0.000000,141.649861
21060.000000,pure-acoustic,none,hardware,1,0,0,1,priority,0.000500,180,15,hybrid,0.050000,4000.000000,6.087000,64.000000,500.000000,500.000000,2.000000,120.000000,0.000000,181,120,181,0,181,16,45,120,0,0,0,0,0,0,0,0,0.000000,0.000000,0.000000,clear-ocean,30.000000,60.000000,0.151000,1113,3101121,795.159231,3.775685,68,7,0,61,0,181,0,0,181,0,0,0,0,0,0,0,0,0,0,0,0,0,0,0,16,45,120,16,45,120,4.667271,3.205367,9.700011,0.000000,0.000000,0.000000,0,0,0,8876.821051,15.669128,114.478077,6851.273846,1511.955873,394.107090,6339.282191,0.000000,0.000000,8245.345154,8876.821051,631.475897,17.032628,4.439732,71.413878,0.000000,7.113762,15.301883,9.937333,2.283758,0.016809,2,0.000000,0,0,0,100.000000,2.270478,100.000000,7.640437,1144.366192,5898.457367,0.000000,78.237811
21120.000000,pure-acoustic,none,hardware,1,0,0,1,priority,0.000500,180,15,hybrid,0.050000,4000.000000,6.087000,64.000000,500.000000,500.000000,2.000000,120.000000,0.000000,181,120,181,0,181,16,45,120,0,0,0,0,0,0,0,0,0.000000,0.000000,0.000000,clear-ocean,30.000000,60.000000,0.151000,1113,3101121,795.159231,3.764958,68,7,0,61,0,181,0,0,181,0,0,0,0,0,0,0,0,0,0,0,0,0,0,0,16,45,120,16,45,120,4.667271,3.205367,9.700011,0.000000,0.000000,0.000000,0,0,0,8882.221051,15.669128,114.478077,6851.273846,1516.092043,395.141133,6339.511978,0.000000,0.000000,8250.745154,8882.221051,631.475897,17.068839,4.448675,71.373049,0.000000,7.109437,15.301883,9.937333,2.283758,0.016761,2,0.000000,0,0,0,100.000000,2.270478,100.000000,7.640437,1141.115152,5984.564083,0.000000,31.112098
21180.000000,pure-acoustic,none,hardware,1,0,0,1,priority,0.000500,180,15,hybrid,0.050000,4000.000000,6.087000,64.000000,500.000000,500.000000,2.000000,120.000000,0.000000,181,120,181,0,181,16,45,120,0,0,0,0,0,0,0,0,0.000000,0.000000,0.000000,clear-ocean,30.000000,60.000000,0.151000,1113,3101121,795.159231,3.754293,68,7,0,61,0,181,0,0,181,0,0,0,0,0,0,0,0,0,0,0,0,0,0,0,16,45,120,16,45,120,4.667271,3.205367,9.700011,0.000000,0.000000,0.000000,0,0,0,8887.621051,15.669128,114.478077,6851.273846,1520.228213,396.175175,6339.741765,0.000000,0.000000,8256.145154,8887.621051,631.475897,17.105007,4.457607,71.332269,0.000000,7.105117,15.301883,9.937333,2.283758,0.016714,2,0.000000,0,0,0,100.000000,2.270478,100.000000,7.640437,1137.882531,6070.670799,0.000000,4.741140
21240.000000,pure-acoustic,none,hardware,1,0,0,1,priority,0.000500,180,15,hybrid,0.050000,4000.000000,6.087000,64.000000,500.000000,500.000000,2.000000,120.000000,0.000000,181,120,181,0,181,16,45,120,0,0,0,0,0,0,0,0,0.000000,0.000000,0.000000,clear-ocean,30.000000,60.000000,0.151000,1113,3101121,795.159231,3.743688,68,7,0,61,0,181,0,0,181,0,0,0,0,0,0,0,0,0,0,0,0,0,0,0,16,45,120,16,45,120,4.667271,3.205367,9.700011,0.000000,0.000000,0.000000,0,0,0,8893.021051,15.669128,114.478077,6851.273846,1524.364384,397.209218,6339.971553,0.000000,0.000000,8261.545154,8893.021051,631.475897,17.141131,4.466527,71.291539,0.000000,7.100803,15.301883,9.937333,2.283758,0.016667,2,0.000000,0,0,0,100.000000,2.270478,100.000000,7.640437,1134.668173,6156.777515,-0.000000,1.625408
21300.000000,pure-acoustic,none,hardware,1,0,0,1,priority,0.000500,180,15,hybrid,0.050000,4000.000000,6.087000,64.000000,500.000000,500.000000,2.000000,120.000000,0.000000,181,120,181,0,181,16,45,120,0,0,0,0,0,0,0,0,0.000000,0.000000,0.000000,clear-ocean,30.000000,60.000000,0.151000,1113,3101121,795.159231,3.733142,68,7,0,61,0,181,0,0,181,0,0,0,0,0,0,0,0,0,0,0,0,0,0,0,16,45,120,16,45,120,4.667271,3.205367,9.700011,0.000000,0.000000,0.000000,0,0,0,8898.421051,15.669128,114.478077,6851.273846,1528.500554,398.243260,6340.201340,0.000000,0.000000,8266.945154,8898.421051,631.475897,17.177211,4.475437,71.250858,0.000000,7.096494,15.301883,9.937333,2.283758,0.016620,2,0.000000,0,0,0,100.000000,2.270478,100.000000,7.640437,1131.471925,6242.884231,-0.000000,22.060332
21360.000000,pure-acoustic,none,hardware,1,0,0,1,priority,0.000500,180,15,hybrid,0.050000,4000.000000,6.087000,64.000000,500.000000,500.000000,2.000000,120.000000,0.000000,181,120,181,0,181,16,45,120,0,0,0,0,0,0,0,0,0.000000,0.000000,0.000000,clear-ocean,30.000000,60.000000,0.151000,1113,3101121,795.159231,3.722656,68,7,0,61,0,181,0,0,181,0,0,0,0,0,0,0,0,0,0,0,0,0,0,0,16,45,120,16,45,120,4.667271,3.205367,9.700011,0.000000,0.000000,0.000000,0,0,0,8903.821051,15.669128,114.478077,6851.273846,1532.636724,399.277303,6340.431127,0.000000,0.000000,8272.345154,8903.821051,631.475897,17.213247,4.484337,71.210226,0.000000,7.092190,15.301883,9.937333,2.283758,0.016573,2,0.000000,0,0,0,100.000000,2.270478,100.000000,7.640437,1128.293633,6328.990947,-0.000000,64.108292
21420.000000,pure-acoustic,none,hardware,1,0,0,1,priority,0.000500,180,15,hybrid,0.050000,4000.000000,6.087000,64.000000,500.000000,500.000000,2.000000,120.000000,0.000000,181,120,181,0,181,16,45,120,0,0,0,0,0,0,0,0,0.000000,0.000000,0.000000,clear-ocean,30.000000,60.000000,0.151000,1113,3101121,795.159231,3.712228,68,7,0,61,0,181,0,0,181,0,0,0,0,0,0,0,0,0,0,0,0,0,0,0,16,45,120,16,45,120,4.667271,3.205367,9.700011,0.000000,0.000000,0.000000,0,0,0,8909.221051,15.669128,114.478077,6851.273846,1536.772894,400.311345,6340.660914,0.000000,0.000000,8277.745154,8909.221051,631.475897,17.249240,4.493225,71.169644,0.000000,7.087891,15.301883,9.937333,2.283758,0.016527,2,0.000000,0,0,0,100.000000,2.270478,100.000000,7.640437,1125.133147,6415.097664,-0.000000,123.782337
21480.000000,pure-acoustic,none,hardware,1,0,0,1,priority,0.000500,180,15,hybrid,0.050000,4000.000000,6.087000,64.000000,500.000000,500.000000,2.000000,120.000000,0.000000,181,120,181,0,181,16,45,120,0,0,0,0,0,0,0,0,0.000000,0.000000,0.000000,clear-ocean,30.000000,60.000000,0.151000,1113,3101121,795.159231,3.701859,68,7,0,61,0,181,0,0,181,0,0,0,0,0,0,0,0,0,0,0,0,0,0,0,16,45,120,16,45,120,4.667271,3.205367,9.700011,0.000000,0.000000,0.000000,0,0,0,8914.621051,15.669128,114.478077,6851.273846,1540.909064,401.345388,6340.890702,0.000000,0.000000,8283.145154,8914.621051,631.475897,17.285189,4.502103,71.129111,0.000000,7.083598,15.301883,9.937333,2.283758,0.016480,2,0.000000,0,0,0,100.000000,2.270478,100.000000,7.640437,1121.990317,6501.204380,-0.000000,195.424228
21540.000000,pure-acoustic,none,hardware,1,0,0,1,priority,0.000500,180,15,hybrid,0.050000,4000.000000,6.087000,64.000000,500.000000,500.000000,2.000000,120.000000,0.000000,181,120,181,0,181,16,45,120,0,0,0,0,0,0,0,0,0.000000,0.000000,0.000000,clear-ocean,30.000000,60.000000,0.151000,1113,3101121,795.159231,3.691547,68,7,0,61,0,181,0,0,181,0,0,0,0,0,0,0,0,0,0,0,0,0,0,0,16,45,120,16,45,120,4.667271,3.205367,9.700011,0.000000,0.000000,0.000000,0,0,0,8920.021051,15.669128,114.478077,6851.273846,1545.045235,402.379430,6341.120489,0.000000,0.000000,8288.545154,8920.021051,631.475897,17.321094,4.510970,71.088627,0.000000,7.079309,15.301883,9.937333,2.283758,0.016435,2,0.000000,0,0,0,100.000000,2.270478,100.000000,7.640437,1118.864995,6587.311096,-0.000000,272.240945
21600.000000,pure-acoustic,none,hardware,1,0,0,1,priority,0.000500,180,15,hybrid,0.050000,4000.000000,6.087000,64.000000,500.000000,500.000000,2.000000,120.000000,0.000000,181,120,181,0,181,16,45,120,0,0,0,0,0,0,0,0,0.000000,0.000000,0.000000,clear-ocean,30.000000,60.000000,0.151000,1113,3101121,795.159231,3.681293,68,7,0,61,0,181,0,0,181,0,0,0,0,0,0,0,0,0,0,0,0,0,0,0,16,45,120,16,45,120,4.667271,3.205367,9.700011,0.000000,0.000000,0.000000,0,0,0,8925.421051,15.669128,114.478077,6851.273846,1549.181405,403.413473,6341.350276,0.000000,0.000000,8293.945154,8925.421051,631.475897,17.356956,4.519826,71.048192,0.000000,7.075026,15.301883,9.937333,2.283758,0.016389,2,0.000000,0,0,0,100.000000,2.270478,100.000000,7.640437,1115.757037,6673.417812,-0.000000,346.948795
21660.000000,pure-acoustic,none,hardware,1,0,0,1,priority,0.000500,180,15,hybrid,0.050000,4000.000000,6.087000,64.000000,500.000000,500.000000,2.000000,120.000000,0.000000,181,120,181,0,181,16,45,120,0,0,0,0,0,0,0,0,0.000000,0.000000,0.000000,clear-ocean,30.000000,60.000000,0.151000,1113,3101121,795.159231,3.671095,68,7,0,61,0,181,0,0,181,0,0,0,0,0,0,0,0,0,0,0,0,0,0,0,16,45,120,16,45,120,4.667271,3.205367,9.700011,0.000000,0.000000,0.000000,0,0,0,8930.821051,15.669128,114.478077,6851.273846,1553.317575,404.447516,6341.580063,0.000000,0.000000,8299.345154,8930.821051,631.475897,17.392775,4.528671,71.007806,0.000000,7.070749,15.301883,9.937333,2.283758,0.016343,2,0.000000,0,0,0,100.000000,2.270478,100.000000,7.640437,1112.666297,6759.524528,-0.000000,412.464047
21720.000000,pure-acoustic,none,hardware,1,0,0,1,priority,0.000500,180,15,hybrid,0.050000,4000.000000,6.087000,64.000000,500.000000,500.000000,2.000000,120.000000,0.000000,181,120,181,0,181,16,45,120,0,0,0,0,0,0,0,0,0.000000,0.000000,0.000000,clear-ocean,30.000000,60.000000,0.151000,1113,3101121,795.159231,3.660954,68,7,0,61,0,181,0,0,181,0,0,0,0,0,0,0,0,0,0,0,0,0,0,0,16,45,120,16,45,120,4.667271,3.205367,9.700011,0.000000,0.000000,0.000000,0,0,0,8936.221051,15.669128,114.478077,6851.273846,1557.453745,405.481558,6341.809851,0.000000,0.000000,8304.745154,8936.221051,631.475897,17.428550,4.537506,70.967468,0.000000,7.066476,15.301883,9.937333,2.283758,0.016298,2,0.000000,0,0,0,100.000000,2.270478,100.000000,7.640437,1109.592634,6845.631244,-0.000000,462.574604
21780.000000,pure-acoustic,none,hardware,1,0,0,1,priority,0.000500,180,15,hybrid,0.050000,4000.000000,6.087000,64.000000,500.000000,500.000000,2.000000,120.000000,0.000000,181,120,181,0,181,16,45,120,0,0,0,0,0,0,0,0,0.000000,0.000000,0.000000,clear-ocean,30.000000,60.000000,0.151000,1113,3101121,795.159231,3.650869,68,7,0,61,0,181,0,0,181,0,0,0,0,0,0,0,0,0,0,0,0,0,0,0,16,45,120,16,45,120,4.667271,3.205367,9.700011,0.000000,0.000000,0.000000,0,0,0,8941.621051,15.669128,114.478077,6851.273846,1561.589915,406.515601,6342.039638,0.000000,0.000000,8310.145154,8941.621051,631.475897,17.464282,4.546330,70.927180,0.000000,7.062208,15.301883,9.937333,2.283758,0.016253,2,0.000000,0,0,0,100.000000,2.270478,100.000000,7.640437,1106.535904,6931.737960,-0.000000,492.529027
21840.000000,pure-acoustic,none,hardware,1,0,0,1,priority,0.000500,180,15,hybrid,0.050000,4000.000000,6.087000,64.000000,500.000000,500.000000,2.000000,120.000000,0.000000,181,120,181,0,181,16,45,120,0,0,0,0,0,0,0,0,0.000000,0.000000,0.000000,clear-ocean,30.000000,60.000000,0.151000,1113,3101121,795.159231,3.640839,68,7,0,61,0,181,0,0,181,0,0,0,0,0,0,0,0,0,0,0,0,0,0,0,16,45,120,16,45,120,4.667271,3.205367,9.700011,0.000000,0.000000,0.000000,0,0,0,8947.021051,15.669128,114.478077,6851.273846,1565.726086,407.549643,6342.269425,0.000000,0.000000,8315.545154,8947.021051,631.475897,17.499971,4.555143,70.886940,0.000000,7.057946,15.301883,9.937333,2.283758,0.016209,2,0.000000,0,0,0,100.000000,2.270478,100.000000,7.640437,1103.495971,7017.844677,0.000000,499.487065
21900.000000,pure-acoustic,none,hardware,1,0,0,1,priority,0.000500,180,15,hybrid,0.050000,4000.000000,6.087000,64.000000,500.000000,500.000000,2.000000,120.000000,0.000000,181,120,181,0,181,16,45,120,0,0,0,0,0,0,0,0,0.000000,0.000000,0.000000,clear-ocean,30.000000,60.000000,0.151000,1113,3101121,795.159231,3.630864,68,7,0,61,0,181,0,0,181,0,0,0,0,0,0,0,0,0,0,0,0,0,0,0,16,45,120,16,45,120,4.667271,3.205367,9.700011,0.000000,0.000000,0.000000,0,0,0,8952.421051,15.669128,114.478077,6851.273846,1569.862256,408.583686,6342.499212,0.000000,0.000000,8320.945154,8952.421051,631.475897,17.535617,4.563946,70.846748,0.000000,7.053689,15.301883,9.937333,2.283758,0.016164,2,0.000000,0,0,0,100.000000,2.270478,100.000000,7.640437,1100.472694,7103.951393,0.000000,482.788962
21960.000000,pure-acoustic,none,hardware,1,0,0,1,priority,0.000500,180,15,hybrid,0.050000,4000.000000,6.087000,64.000000,500.000000,500.000000,2.000000,120.000000,0.000000,181,120,181,0,181,16,45,120,0,0,0,0,0,0,0,0,0.000000,0.000000,0.000000,clear-ocean,30.000000,60.000000,0.151000,1113,3101121,795.159231,3.620944,68,7,0,61,0,181,0,0,181,0,0,0,0,0,0,0,0,0,0,0,0,0,0,0,16,45,120,16,45,120,4.667271,3.205367,9.700011,0.000000,0.000000,0.000000,0,0,0,8957.821051,15.669128,114.478077,6851.273846,1573.998426,409.617728,6342.728999,0.000000,0.000000,8326.345154,8957.821051,631.475897,17.571220,4.572738,70.806605,0.000000,7.049436,15.301883,9.937333,2.283758,0.016120,2,0.000000,0,0,0,100.000000,2.270478,100.000000,7.640437,1097.465938,7190.058109,0.000000,444.018019
22020.000000,pure-acoustic,none,hardware,1,0,0,1,priority,0.000500,180,15,hybrid,0.050000,4000.000000,6.087000,64.000000,500.000000,500.000000,2.000000,120.000000,0.000000,181,120,181,0,181,16,45,120,0,0,0,0,0,0,0,0,0.000000,0.000000,0.000000,clear-ocean,30.000000,60.000000,0.151000,1113,3101121,795.159231,3.611077,68,7,0,61,0,181,0,0,181,0,0,0,0,0,0,0,0,0,0,0,0,0,0,0,16,45,120,16,45,120,4.667271,3.205367,9.700011,0.000000,0.000000,0.000000,0,0,0,8963.221051,15.669128,114.478077,6851.273846,1578.134596,410.651771,6342.958787,0.000000,0.000000,8331.745154,8963.221051,631.475897,17.606780,4.581520,70.766511,0.000000,7.045189,15.301883,9.937333,2.283758,0.016076,2,0.000000,0,0,0,100.000000,2.270478,100.000000,7.640437,1094.475568,7276.164825,0.000000,386.850460
22080.000000,pure-acoustic,none,hardware,1,0,0,1,priority,0.000500,180,15,hybrid,0.050000,4000.000000,6.087000,64.000000,500.000000,500.000000,2.000000,120.000000,0.000000,181,120,181,0,181,16,45,120,0,0,0,0,0,0,0,0,0.000000,0.000000,0.000000,clear-ocean,30.000000,60.000000,0.151000,1113,3101121,795.159231,3.601265,68,7,0,61,0,181,0,0,181,0,0,0,0,0,0,0,0,0,0,0,0,0,0,0,16,45,120,16,45,120,4.667271,3.205367,9.700011,0.000000,0.000000,0.000000,0,0,0,8968.621051,15.669128,114.478077,6851.273846,1582.270767,411.685813,6343.188574,0.000000,0.000000,8337.145154,8968.621051,631.475897,17.642297,4.590291,70.726464,0.000000,7.040947,15.301883,9.937333,2.283758,0.016033,2,0.000000,0,0,0,100.000000,2.270478,100.000000,7.640437,1091.501449,7362.271541,0.000000,316.706863
22140.000000,pure-acoustic,none,hardware,1,0,0,1,priority,0.000500,180,15,hybrid,0.050000,4000.000000,6.087000,64.000000,500.000000,500.000000,2.000000,120.000000,0.000000,181,120,181,0,181,16,45,120,0,0,0,0,0,0,0,0,0.000000,0.000000,0.000000,clear-ocean,30.000000,60.000000,0.151000,1113,3101121,795.159231,3.591505,68,7,0,61,0,181,0,0,181,0,0,0,0,0,0,0,0,0,0,0,0,0,0,0,16,45,120,16,45,120,4.667271,3.205367,9.700011,0.000000,0.000000,0.000000,0,0,0,8974.021051,15.669128,114.478077,6851.273846,1586.406937,412.719856,6343.418361,0.000000,0.000000,8342.545154,8974.021051,631.475897,17.677772,4.599052,70.686466,0.000000,7.036711,15.301883,9.937333,2.283758,0.015989,2,0.000000,0,0,0,100.000000,2.270478,100.000000,7.640437,1088.543451,7448.378257,0.000000,240.238181
22200.000000,pure-acoustic,none,hardware,1,0,0,1,priority,0.000500,180,15,hybrid,0.050000,4000.000000,6.087000,64.000000,500.000000,500.000000,2.000000,120.000000,0.000000,181,120,181,0,181,16,45,120,0,0,0,0,0,0,0,0,0.000000,0.000000,0.000000,clear-ocean,30.000000,60.000000,0.151000,1113,3101121,795.159231,3.581798,68,7,0,61,0,181,0,0,181,0,0,0,0,0,0,0,0,0,0,0,0,0,0,0,16,45,120,16,45,120,4.667271,3.205367,9.700011,0.000000,0.000000,0.000000,0,0,0,8979.421051,15.669128,114.478077,6851.273846,1590.543107,413.753899,6343.648148,0.000000,0.000000,8347.945154,8979.421051,631.475897,17.713203,4.607802,70.646516,0.000000,7.032479,15.301883,9.937333,2.283758,0.015946,2,0.000000,0,0,0,100.000000,2.270478,100.000000,7.640437,1085.601441,7534.484973,0.000000,164.695106
22260.000000,pure-acoustic,none,hardware,1,0,0,1,priority,0.000500,180,15,hybrid,0.050000,4000.000000,6.087000,64.000000,500.000000,500.000000,2.000000,120.000000,0.000000,181,120,181,0,181,16,45,120,0,0,0,0,0,0,0,0,0.000000,0.000000,0.000000,clear-ocean,30.000000,60.000000,0.151000,1113,3101121,795.159231,3.572144,68,7,0,61,0,181,0,0,181,0,0,0,0,0,0,0,0,0,0,0,0,0,0,0,16,45,120,16,45,120,4.667271,3.205367,9.700011,0.000000,0.000000,0.000000,0,0,0,8984.821051,15.669128,114.478077,6851.273846,1594.679277,414.787941,6343.877936,0.000000,0.000000,8353.345154,8984.821051,631.475897,17.748593,4.616541,70.606614,0.000000,7.028252,15.301883,9.937333,2.283758,0.015903,2,0.000000,0,0,0,100.000000,2.270478,100.000000,7.640437,1082.675292,7620.591690,0.000000,97.240565
22320.000000,pure-acoustic,none,hardware,1,0,0,1,priority,0.000500,180,15,hybrid,0.050000,4000.000000,6.087000,64.000000,500.000000,500.000000,2.000000,120.000000,0.000000,181,120,181,0,181,16,45,120,0,0,0,0,0,0,0,0,0.000000,0.000000,0.000000,clear-ocean,30.000000,60.000000,0.151000,1113,3101121,795.159231,3.562541,68,7,0,61,0,181,0,0,181,0,0,0,0,0,0,0,0,0,0,0,0,0,0,0,16,45,120,16,45,120,4.667271,3.205367,9.700011,0.000000,0.000000,0.000000,0,0,0,8990.221051,15.669128,114.478077,6851.273846,1598.815447,415.821984,6344.107723,0.000000,0.000000,8358.745154,8990.221051,631.475897,17.783939,4.625270,70.566760,0.000000,7.024031,15.301883,9.937333,2.283758,0.015860,2,0.000000,0,0,0,100.000000,2.270478,100.000000,7.640437,1079.764875,7706.698406,0.000000,44.270537
22380.000000,pure-acoustic,none,hardware,1,0,0,1,priority,0.000500,180,15,hybrid,0.050000,4000.000000,6.087000,64.000000,500.000000,500.000000,2.000000,120.000000,0.000000,181,120,181,0,181,16,45,120,0,0,0,0,0,0,0,0,0.000000,0.000000,0.000000,clear-ocean,30.000000,60.000000,0.151000,1113,3101121,795.159231,3.552990,68,7,0,61,0,181,0,0,181,0,0,0,0,0,0,0,0,0,0,0,0,0,0,0,16,45,120,16,45,120,4.667271,3.205367,9.700011,0.000000,0.000000,0.000000,0,0,0,8995.621051,15.669128,114.478077,6851.273846,1602.951618,416.856026,6344.337510,0.000000,0.000000,8364.145154,8995.621051,631.475897,17.819243,4.633988,70.526954,0.000000,7.019814,15.301883,9.937333,2.283758,0.015818,2,0.000000,0,0,0,100.000000,2.270478,100.000000,7.640437,1076.870063,7792.805122,0.000000,10.807592
22440.000000,pure-acoustic,none,hardware,1,0,0,1,priority,0.000500,180,15,hybrid,0.050000,4000.000000,6.087000,64.000000,500.000000,500.000000,2.000000,120.000000,0.000000,181,120,181,0,181,16,45,120,0,0,0,0,0,0,0,0,0.000000,0.000000,0.000000,clear-ocean,30.000000,60.000000,0.151000,1113,3101121,795.159231,3.543490,68,7,0,61,0,181,0,0,181,0,0,0,0,0,0,0,0,0,0,0,0,0,0,0,16,45,120,16,45,120,4.667271,3.205367,9.700011,0.000000,0.000000,0.000000,0,0,0,9001.021051,15.669128,114.478077,6851.273846,1607.087788,417.890069,6344.567297,0.000000,0.000000,8369.545154,9001.021051,631.475897,17.854505,4.642696,70.487195,0.000000,7.015603,15.301883,9.937333,2.283758,0.015775,2,0.000000,0,0,0,100.000000,2.270478,100.000000,7.640437,1073.990731,7878.911838,-0.000000,0.024657
22500.000000,pure-acoustic,none,hardware,1,0,0,1,priority,0.000500,180,15,hybrid,0.050000,4000.000000,6.087000,64.000000,500.000000,500.000000,2.000000,120.000000,0.000000,181,120,181,0,181,16,45,120,0,0,0,0,0,0,0,0,0.000000,0.000000,0.000000,clear-ocean,30.000000,60.000000,0.151000,1113,3101121,795.159231,3.534041,68,7,0,61,0,181,0,0,181,0,0,0,0,0,0,0,0,0,0,0,0,0,0,0,16,45,120,16,45,120,4.667271,3.205367,9.700011,0.000000,0.000000,0.000000,0,0,0,9006.421051,15.669128,114.478077,6851.273846,1611.223958,418.924111,6344.797085,0.000000,0.000000,8374.945154,9006.421051,631.475897,17.889725,4.651394,70.447485,0.000000,7.011397,15.301883,9.937333,2.283758,0.015733,2,0.000000,0,0,0,100.000000,2.270478,100.000000,7.640437,1071.126756,7965.018554,-0.000000,12.944161
22560.000000,pure-acoustic,none,hardware,1,0,0,1,priority,0.000500,180,15,hybrid,0.050000,4000.000000,6.087000,64.000000,500.000000,500.000000,2.000000,120.000000,0.000000,181,120,181,0,181,16,45,120,0,0,0,0,0,0,0,0,0.000000,0.000000,0.000000,clear-ocean,30.000000,60.000000,0.151000,1113,3101121,795.159231,3.524642,68,7,0,61,0,181,0,0,181,0,0,0,0,0,0,0,0,0,0,0,0,0,0,0,16,45,120,16,45,120,4.667271,3.205367,9.700011,0.000000,0.000000,0.000000,0,0,0,9011.821051,15.669128,114.478077,6851.273846,1615.360128,419.958154,6345.026872,0.000000,0.000000,8380.345154,9011.821051,631.475897,17.924902,4.660081,70.407821,0.000000,7.007195,15.301883,9.937333,2.283758,0.015691,2,0.000000,0,0,0,100.000000,2.270478,100.000000,7.640437,1068.278014,8051.125270,-0.000000,48.341087
22620.000000,pure-acoustic,none,hardware,1,0,0,1,priority,0.000500,180,15,hybrid,0.050000,4000.000000,6.087000,64.000000,500.000000,500.000000,2.000000,120.000000,0.000000,181,120,181,0,181,16,45,120,0,0,0,0,0,0,0,0,0.000000,0.000000,0.000000,clear-ocean,30.000000,60.000000,0.151000,1113,3101121,795.159231,3.515293,68,7,0,61,0,181,0,0,181,0,0,0,0,0,0,0,0,0,0,0,0,0,0,0,16,45,120,16,45,120,4.667271,3.205367,9.700011,0.000000,0.000000,0.000000,0,0,0,9017.221051,15.669128,114.478077,6851.273846,1619.496298,420.992196,6345.256659,0.000000,0.000000,8385.745154,9017.221051,631.475897,17.960038,4.668758,70.368206,0.000000,7.002999,15.301883,9.937333,2.283758,0.015650,2,0.000000,0,0,0,100.000000,2.270478,100.000000,7.640437,1065.444385,8137.231986,-0.000000,102.859131
22680.000000,pure-acoustic,none,hardware,1,0,0,1,priority,0.000500,180,15,hybrid,0.050000,4000.000000,6.087000,64.000000,500.000000,500.000000,2.000000,120.000000,0.000000,181,120,181,0,181,16,45,120,0,0,0,0,0,0,0,0,0.000000,0.000000,0.000000,clear-ocean,30.000000,60.000000,0.151000,1113,3101121,795.159231,3.505993,68,7,0,61,0,181,0,0,181,0,0,0,0,0,0,0,0,0,0,0,0,0,0,0,16,45,120,16,45,120,4.667271,3.205367,9.700011,0.000000,0.000000,0.000000,0,0,0,9022.621051,15.669128,114.478077,6851.273846,1623.632469,422.026239,6345.486446,0.000000,0.000000,8391.145154,9022.621051,631.475897,17.995131,4.677424,70.328637,0.000000,6.998808,15.301883,9.937333,2.283758,0.015608,2,0.000000,0,0,0,100.000000,2.270478,100.000000,7.640437,1062.625750,8223.338703,-0.000000,171.328940
22740.000000,pure-acoustic,none,hardware,1,0,0,1,priority,0.000500,180,15,hybrid,0.050000,4000.000000,6.087000,64.000000,500.000000,500.000000,2.000000,120.000000,0.000000,181,120,181,0,181,16,45,120,0,0,0,0,0,0,0,0,0.000000,0.000000,0.000000,clear-ocean,30.000000,60.000000,0.151000,1113,3101121,795.159231,3.496742,68,7,0,61,0,181,0,0,181,0,0,0,0,0,0,0,0,0,0,0,0,0,0,0,16,45,120,16,45,120,4.667271,3.205367,9.700011,0.000000,0.000000,0.000000,0,0,0,9028.021051,15.669128,114.478077,6851.273846,1627.768639,423.060282,6345.716234,0.000000,0.000000,8396.545154,9028.021051,631.475897,18.030182,4.686080,70.289116,0.000000,6.994621,15.301883,9.937333,2.283758,0.015567,2,0.000000,0,0,0,100.000000,2.270478,100.000000,7.640437,1059.821988,8309.445419,-0.000000,247.258269
22800.000000,pure-acoustic,none,hardware,1,0,0,1,priority,0.000500,180,15,hybrid,0.050000,4000.000000,6.087000,64.000000,500.000000,500.000000,2.000000,120.000000,0.000000,181,120,181,0,181,16,45,120,0,0,0,0,0,0,0,0,0.000000,0.000000,0.000000,clear-ocean,30.000000,60.000000,0.151000,1113,3101121,795.159231,3.487540,68,7,0,61,0,181,0,0,181,0,0,0,0,0,0,0,0,0,0,0,0,0,0,0,16,45,120,16,45,120,4.667271,3.205367,9.700011,0.000000,0.000000,0.000000,0,0,0,9033.421051,15.669128,114.478077,6851.273846,1631.904809,424.094324,6345.946021,0.000000,0.000000,8401.945154,9033.421051,631.475897,18.065191,4.694726,70.249643,0.000000,6.990440,15.301883,9.937333,2.283758,0.015526,2,0.000000,0,0,0,100.000000,2.270478,100.000000,7.640437,1057.032982,8395.552135,-0.000000,323.447567
22860.000000,pure-acoustic,none,hardware,1,0,0,1,priority,0.000500,180,15,hybrid,0.050000,4000.000000,6.087000,64.000000,500.000000,500.000000,2.000000,120.000000,0.000000,181,120,181,0,181,16,45,120,0,0,0,0,0,0,0,0,0.000000,0.000000,0.000000,clear-ocean,30.000000,60.000000,0.151000,1113,3101121,795.159231,3.478387,68,7,0,61,0,181,0,0,181,0,0,0,0,0,0,0,0,0,0,0,0,0,0,0,16,45,120,16,45,120,4.667271,3.205367,9.700011,0.000000,0.000000,0.000000,0,0,0,9038.821051,15.669128,114.478077,6851.273846,1636.040979,425.128367,6346.175808,0.000000,0.000000,8407.345154,9038.821051,631.475897,18.100159,4.703361,70.210216,0.000000,6.986264,15.301883,9.937333,2.283758,0.015486,2,0.000000,0,0,0,100.000000,2.270478,100.000000,7.640437,1054.258618,8481.658851,-0.000000,392.672631
22920.000000,pure-acoustic,none,hardware,1,0,0,1,priority,0.000500,180,15,hybrid,0.050000,4000.000000,6.087000,64.000000,500.000000,500.000000,2.000000,120.000000,0.000000,181,120,181,0,181,16,45,120,0,0,0,0,0,0,0,0,0.000000,0.000000,0.000000,clear-ocean,30.000000,60.000000,0.151000,1113,3101121,795.159231,3.469281,68,7,0,61,0,181,0,0,181,0,0,0,0,0,0,0,0,0,0,0,0,0,0,0,16,45,120,16,45,120,4.667271,3.205367,9.700011,0.000000,0.000000,0.000000,0,0,0,9044.221051,15.669128,114.478077,6851.273846,1640.177149,426.162409,6346.405595,0.000000,0.000000,8412.745154,9044.221051,631.475897,18.135085,4.711986,70.170837,0.000000,6.982093,15.301883,9.937333,2.283758,0.015445,2,0.000000,0,0,0,100.000000,2.270478,100.000000,7.640437,1051.498778,8567.765567,-0.000000,448.369605
22980.000000,pure-acoustic,none,hardware,1,0,0,1,priority,0.000500,180,15,hybrid,0.050000,4000.000000,6.087000,64.000000,500.000000,500.000000,2.000000,120.000000,0.000000,181,120,181,0,181,16,45,120,0,0,0,0,0,0,0,0,0.000000,0.000000,0.000000,clear-ocean,30.000000,60.000000,0.151000,1113,3101121,795.159231,3.460223,68,7,0,61,0,181,0,0,181,0,0,0,0,0,0,0,0,0,0,0,0,0,0,0,16,45,120,16,45,120,4.667271,3.205367,9.700011,0.000000,0.000000,0.000000,0,0,0,9049.621051,15.669128,114.478077,6851.273846,1644.313320,427.196452,6346.635382,0.000000,0.000000,8418.145154,9049.621051,631.475897,18.169969,4.720600,70.131504,0.000000,6.977926,15.301883,9.937333,2.283758,0.015405,2,0.000000,0,0,0,100.000000,2.270478,100.000000,7.640437,1048.753351,8653.872283,-0.000000,485.257350
23040.000000,pure-acoustic,none,hardware,1,0,0,1,priority,0.000500,180,15,hybrid,0.050000,4000.000000,6.087000,64.000000,500.000000,500.000000,2.000000,120.000000,0.000000,181,120,181,0,181,16,45,120,0,0,0,0,0,0,0,0,0.000000,0.000000,0.000000,clear-ocean,30.000000,60.000000,0.151000,1113,3101121,795.159231,3.451212,68,7,0,61,0,181,0,0,181,0,0,0,0,0,0,0,0,0,0,0,0,0,0,0,16,45,120,16,45,120,4.667271,3.205367,9.700011,0.000000,0.000000,0.000000,0,0,0,9055.021051,15.669128,114.478077,6851.273846,1648.449490,428.230494,6346.865170,0.000000,0.000000,8423.545154,9055.021051,631.475897,18.204811,4.729205,70.092219,0.000000,6.973765,15.301883,9.937333,2.283758,0.015365,2,0.000000,0,0,0,100.000000,2.270478,100.000000,7.640437,1046.022222,8739.978999,-0.000000,499.838204
23100.000000,pure-acoustic,none,hardware,1,0,0,1,priority,0.000500,180,15,hybrid,0.050000,4000.000000,6.087000,64.000000,500.000000,500.000000,2.000000,120.000000,0.000000,181,120,181,0,181,16,45,120,0,0,0,0,0,0,0,0,0.000000,0.000000,0.000000,clear-ocean,30.000000,60.000000,0.151000,1113,3101121,795.159231,3.442248,68,7,0,61,0,181,0,0,181,0,0,0,0,0,0,0,0,0,0,0,0,0,0,0,16,45,120,16,45,120,4.667271,3.205367,9.700011,0.000000,0.000000,0.000000,0,0,0,9060.421051,15.669128,114.478077,6851.273846,1652.585660,429.264537,6347.094957,0.000000,0.000000,8428.945154,9060.421051,631.475897,18.239612,4.737799,70.052980,0.000000,6.969609,15.301883,9.937333,2.283758,0.015325,2,0.000000,0,0,0,100.000000,2.270478,100.000000,7.640437,1043.305281,8826.085716,0.000000,490.729622
23160.000000,pure-acoustic,none,hardware,1,0,0,1,priority,0.000500,180,15,hybrid,0.050000,4000.000000,6.087000,64.000000,500.000000,500.000000,2.000000,120.000000,0.000000,181,120,181,0,181,16,45,120,0,0,0,0,0,0,0,0,0.000000,0.000000,0.000000,clear-ocean,30.000000,60.000000,0.151000,1113,3101121,795.159231,3.433330,68,7,0,61,0,181,0,0,181,0,0,0,0,0,0,0,0,0,0,0,0,0,0,0,16,45,120,16,45,120,4.667271,3.205367,9.700011,0.000000,0.000000,0.000000,0,0,0,9065.821051,15.669128,114.478077,6851.273846,1656.721830,430.298579,6347.324744,0.000000,0.000000,8434.345154,9065.821051,631.475897,18.274372,4.746383,70.013788,0.000000,6.965457,15.301883,9.937333,2.283758,0.015285,2,0.000000,0,0,0,100.000000,2.270478,100.000000,7.640437,1040.602418,8912.192432,0.000000,458.795274
23220.000000,pure-acoustic,none,hardware,1,0,0,1,priority,0.000500,180,15,hybrid,0.050000,4000.000000,6.087000,64.000000,500.000000,500.000000,2.000000,120.000000,0.000000,181,120,181,0,181,16,45,120,0,0,0,0,0,0,0,0,0.000000,0.000000,0.000000,clear-ocean,30.000000,60.000000,0.151000,1113,3101121,795.159231,3.424458,68,7,0,61,0,181,0,0,181,0,0,0,0,0,0,0,0,0,0,0,0,0,0,0,16,45,120,16,45,120,4.667271,3.205367,9.700011,0.000000,0.000000,0.000000,0,0,0,9071.221051,15.669128,114.478077,6851.273846,1660.858001,431.332622,6347.554531,0.000000,0.000000,8439.745154,9071.221051,631.475897,18.309090,4.754957,69.974643,0.000000,6.961311,15.301883,9.937333,2.283758,0.015245,2,0.000000,0,0,0,100.000000,2.270478,100.000000,7.640437,1037.913523,8998.299148,0.000000,407.063144
23280.000000,pure-acoustic,none,hardware,1,0,0,1,priority,0.000500,180,15,hybrid,0.050000,4000.000000,6.087000,64.000000,500.000000,500.000000,2.000000,120.000000,0.000000,181,120,181,0,181,16,45,120,0,0,0,0,0,0,0,0,0.000000,0.000000,0.000000,clear-ocean,30.000000,60.000000,0.151000,1113,3101121,795.159231,3.415632,68,7,0,61,0,181,0,0,181,0,0,0,0,0,0,0,0,0,0,0,0,0,0,0,16,45,120,16,45,120,4.667271,3.205367,9.700011,0.000000,0.000000,0.000000,0,0,0,9076.621051,15.669128,114.478077,6851.273846,1664.994171,432.366664,6347.784319,0.000000,0.000000,8445.145154,9076.621051,631.475897,18.343766,4.763520,69.935544,0.000000,6.957169,15.301883,9.937333,2.283758,0.015206,2,0.000000,0,0,0,100.000000,2.270478,100.000000,7.640437,1035.238488,9084.405864,0.000000,340.438428
23340.000000,pure-acoustic,none,hardware,1,0,0,1,priority,0.000500,180,15,hybrid,0.050000,4000.000000,6.087000,64.000000,500.000000,500.000000,2.000000,120.000000,0.000000,181,120,181,0,181,16,45,120,0,0,0,0,0,0,0,0,0.000000,0.000000,0.000000,clear-ocean,30.000000,60.000000,0.151000,1113,3101121,795.159231,3.406852,68,7,0,61,0,181,0,0,181,0,0,0,0,0,0,0,0,0,0,0,0,0,0,0,16,45,120,16,45,120,4.667271,3.205367,9.700011,0.000000,0.000000,0.000000,0,0,0,9082.021051,15.669128,114.478077,6851.273846,1669.130341,433.400707,6348.014106,0.000000,0.000000,8450.545154,9082.021051,631.475897,18.378402,4.772073,69.896492,0.000000,6.953033,15.301883,9.937333,2.283758,0.015167,2,0.000000,0,0,0,100.000000,2.270478,100.000000,7.640437,1032.577207,9170.512580,0.000000,265.238421
23400.000000,pure-acoustic,none,hardware,1,0,0,1,priority,0.000500,180,15,hybrid,0.050000,4000.000000,6.087000,64.000000,500.000000,500.000000,2.000000,120.000000,0.000000,181,120,181,0,181,16,45,120,0,0,0,0,0,0,0,0,0.000000,0.000000,0.000000,clear-ocean,30.000000,60.000000,0.151000,1113,3101121,795.159231,3.398116,68,7,0,61,0,181,0,0,181,0,0,0,0,0,0,0,0,0,0,0,0,0,0,0,16,45,120,16,45,120,4.667271,3.205367,9.700011,0.000000,0.000000,0.000000,0,0,0,9087.421051,15.669128,114.478077,6851.273846,1673.266511,434.434750,6348.243893,0.000000,0.000000,8455.945154,9087.421051,631.475897,18.412996,4.780616,69.857486,0.000000,6.948901,15.301883,9.937333,2.283758,0.015128,2,0.000000,0,0,0,100.000000,2.270478,100.000000,7.640437,1029.929573,9256.619296,0.000000,188.593520
23450.000000,pure-acoustic,none,hardware,1,0,0,1,priority,0.000500,180,15,hybrid,0.050000,4000.000000,6.087000,64.000000,500.000000,500.000000,2.000000,120.000000,0.000000,181,120,181,0,181,16,45,120,0,0,0,0,0,0,0,0,0.000000,0.000000,0.000000,clear-ocean,30.000000,60.000000,0.151000,1113,3101121,795.159231,3.390871,68,7,0,61,0,181,0,0,181,0,0,0,0,0,0,0,0,0,0,0,0,0,0,0,16,45,120,16,45,120,4.667271,3.205367,9.700011,0.000000,0.000000,0.000000,0,0,0,9091.921051,15.669128,114.478077,6851.273846,1676.713320,435.296452,6348.435382,0.000000,0.000000,8460.445154,9091.921051,631.475897,18.441794,4.787728,69.825017,0.000000,6.945462,15.301883,9.937333,2.283758,0.015096,2,0.000000,0,0,0,100.000000,2.270478,100.000000,7.640437,1027.733561,9328.374893,0.000000,128.874011
