time,protocol,auvCollectionMedium,energyModel,lowPayloadAtGateway,enableHighFallback,enableMediumFallback,matchHybridQueues,ddnBufferPolicy,nodeIdlePowerW,nodes,sinks,sinkPlacement,trafficLoad,trafficStop,auvSpeedKmh,txPowerMarginDb,ddnEomOffset,ddnDepth,highFallbackTimeout,mediumFallbackTimeout,mediumFallbackRhoMax,generated,gatewayOriginated,reachedDdn,collectedByAuv,delivered,directCriticalToSink,directMediumToSink,directLowToSink,bufferDropped,bufferDroppedHigh,bufferDroppedMedium,bufferDroppedLow,opticalTransfers,opticalAttempted,opticalLost,opticalPending,opticalLossPct,opticalMeanPktSuccess,opticalMeanSnrDb,opticalWaterType,opticalRange,opticalPointingCoherenceSeconds,opticalExtCoeff,acousticTransfers,acousticTxBytes,acousticTxAirtimeS,acousticTxAirtimePct,acousticSourceAttempts,acousticRetransmissions,acousticRetryExhausted,acousticAcks,acousticPending,directSourceAttempts,directRetransmissions,directCyclesExhausted,directAcks,directPending,mobileSourceAttempts,mobileRetransmissions,mobileContactFailures,mobileAcks,mobilePending,auvSurfaceSourceAttempts,auvSurfaceRetransmissions,auvSurfaceContactFailures,auvSurfaceAcks,auvSurfacePending,deadlineExpired,deadlineExpiredHigh,deadlineExpiredMedium,deadlineExpiredLow,highGenerated,mediumGenerated,lowGenerated,highDelivered,mediumDelivered,lowDelivered,highAvgDelay,mediumAvgDelay,lowAvgDelay,highMissRatio,mediumMissRatio,lowMissRatio,highDeadlineMiss,mediumDeadlineMiss,lowDeadlineMiss,energyConsumedJ,highEnergyJ,mediumEnergyJ,lowEnergyJ,bsnEnergyJ,drnEnergyJ,ddnEnergyJ,auvEnergyJ,auvOperationalEnergyJ,submergedEnergyJ,incrementalMissionEnergyJ,sinkEnergyJ,bsnEnergyPct,drnEnergyPct,ddnEnergyPct,auvEnergyPct,sinkEnergyPct,highEnergyMjByte,mediumEnergyMjByte,lowEnergyMjByte,meanDdnBuffered,maxDdnBuffered,meanAuvBuffered,maxAuvBuffered,ddnBuffered,auvBuffered,upstreamPdr,avgDelayAcoustic,pdr,avgDelay,throughputBps,auvX,auvY,auvZ
0.000000,pure-acoustic,none,hardware,1,0,0,1,priority,0.000500,180,15,hybrid,0.050000,4000.000000,6.087000,52.000000,500.000000,500.000000,2.000000,120.000000,0.000000,0,0,0,0,0,0,0,0,0,0,0,0,0,0,0,0,0.000000,0.000000,0.000000,clear-ocean,30.000000,60.000000,0.151000,0,0,0.000000,0.000000,0,0,0,0,0,0,0,0,0,0,0,0,0,0,0,0,0,0,0,0,0,0,0,0,0,0,0,0,0,0,0.000000,0.000000,0.000000,0.000000,0.000000,0.000000,0,0,0,0.090000,0.000000,0.000000,0.000000,0.068936,0.017234,0.003830,0.000000,0.000000,0.090000,0.090000,0.000000,76.595745,19.148936,4.255319,0.000000,0.000000,0.000000,0.000000,0.000000,0.000000,0,0.000000,0,0,0,0.000000,0.000000,0.000000,0.000000,0.000000,875.000000,0.000000,0.000000
60.000000,pure-acoustic,none,hardware,1,0,0,1,priority,0.000500,180,15,hybrid,0.050000,4000.000000,6.087000,52.000000,500.000000,500.000000,2.000000,120.000000,0.000000,2,2,2,0,1,0,0,1,0,0,0,0,0,0,0,0,0.000000,0.000000,0.000000,clear-ocean,30.000000,60.000000,0.151000,28,101148,25.935385,43.225641,0,0,0,0,0,4,2,0,1,1,0,0,0,0,0,0,0,0,0,0,0,0,0,0,0,0,2,0,0,1,0.000000,0.000000,46.831343,0.000000,0.000000,50.000000,0,0,0,231.121641,0.000000,0.000000,225.721641,4.136170,1.034043,207.716146,0.000000,0.000000,212.886359,231.121641,18.235282,1.789607,0.447402,89.873084,0.000000,7.889907,0.000000,0.000000,9.028866,0.433333,1,0.000000,0,0,0,100.000000,0.000000,50.000000,46.831343,3333.333333,961.106716,-0.000000,11.852388
120.000000,pure-acoustic,none,hardware,1,0,0,1,priority,0.000500,180,15,hybrid,0.050000,4000.000000,6.087000,52.000000,500.000000,500.000000,2.000000,120.000000,0.000000,6,4,6,0,4,0,2,2,0,0,0,0,0,0,0,0,0.000000,0.000000,0.000000,clear-ocean,30.000000,60.000000,0.151000,60,191796,49.178462,40.982051,2,0,0,2,0,10,5,0,4,1,0,0,0,0,0,0,0,0,0,0,0,0,0,0,0,2,4,0,2,2,0.000000,32.415521,68.854715,0.000000,0.000000,50.000000,0,0,0,436.035974,0.000000,4.543462,420.692513,10.555905,2.860085,390.300395,0.000000,0.000000,403.716385,436.035974,32.319590,2.420879,0.655929,89.511054,0.000000,7.412138,0.000000,8.873948,8.413850,1.208333,4,0.000000,0,1,0,100.000000,0.777949,66.666667,50.635118,3367.466667,1047.213432,-0.000000,46.285720
180.000000,pure-acoustic,none,hardware,1,0,0,1,priority,0.000500,180,15,hybrid,0.050000,4000.000000,6.087000,52.000000,500.000000,500.000000,2.000000,120.000000,0.000000,11,9,11,0,7,0,2,5,0,0,0,0,0,0,0,0,0.000000,0.000000,0.000000,clear-ocean,30.000000,60.000000,0.151000,99,331107,84.899231,47.166239,2,0,0,2,0,15,7,0,7,1,0,0,0,0,0,0,0,0,0,0,0,0,0,0,0,2,9,0,2,5,0.000000,32.415521,56.208118,0.000000,0.000000,44.444444,0,0,0,754.943051,0.000000,4.543462,734.199590,14.692075,3.894128,676.306182,0.000000,0.000000,694.892385,754.943051,60.050667,1.946117,0.515817,89.583735,0.000000,7.954331,0.000000,8.873948,5.873597,1.688889,5,0.000000,0,3,0,100.000000,0.777949,63.636364,49.410233,5578.311111,1133.320148,-0.000000,100.035057
240.000000,pure-acoustic,none,hardware,1,0,0,1,priority,0.000500,180,15,hybrid,0.050000,4000.000000,6.087000,52.000000,500.000000,500.000000,2.000000,120.000000,0.000000,14,10,14,0,14,1,3,10,0,0,0,0,0,0,0,0,0.000000,0.000000,0.000000,clear-ocean,30.000000,60.000000,0.151000,143,436047,111.806923,46.586218,5,1,0,4,0,21,7,0,14,0,0,0,0,0,0,0,0,0,0,0,0,0,0,0,1,3,10,1,3,10,1.471253,26.935296,47.984085,0.000000,0.000000,0.000000,0,0,0,996.695795,1.095923,10.444385,963.555487,23.038424,6.587863,885.014328,0.000000,0.000000,914.640615,996.695795,82.055179,2.311480,0.660970,88.794829,0.000000,8.232721,17.123798,13.599459,3.854222,1.404167,5,0.000000,0,0,0,100.000000,4.190622,100.000000,40.151285,8361.066667,1219.426865,-0.000000,168.003936
300.000000,pure-acoustic,none,hardware,1,0,0,1,priority,0.000500,180,15,hybrid,0.050000,4000.000000,6.087000,52.000000,500.000000,500.000000,2.000000,120.000000,0.000000,14,10,14,0,14,1,3,10,0,0,0,0,0,0,0,0,0.000000,0.000000,0.000000,clear-ocean,30.000000,60.000000,0.151000,143,436047,111.806923,37.268974,5,1,0,4,0,21,7,0,14,0,0,0,0,0,0,0,0,0,0,0,0,0,0,0,1,3,10,1,3,10,1.471253,26.935296,47.984085,0.000000,0.000000,0.000000,0,0,0,1002.095795,1.095923,10.444385,963.555487,27.174595,7.621905,885.244116,0.000000,0.000000,920.040615,1002.095795,82.055179,2.711776,0.760596,88.339271,0.000000,8.188357,17.123798,13.599459,3.854222,1.123333,5,0.000000,0,0,0,100.000000,4.190622,100.000000,40.151285,6688.853333,1305.533581,-0.000000,243.747609
360.000000,pure-acoustic,none,hardware,1,0,0,1,priority,0.000500,180,15,hybrid,0.050000,4000.000000,6.087000,52.000000,500.000000,500.000000,2.000000,120.000000,0.000000,17,12,17,0,16,2,3,11,0,0,0,0,0,0,0,0,0.000000,0.000000,0.000000,clear-ocean,30.000000,60.000000,0.151000,164,499452,128.064615,35.573504,6,1,0,5,0,25,8,0,16,1,0,0,0,0,0,0,0,0,0,0,0,0,0,0,2,3,12,2,3,11,1.568080,26.935296,46.174140,0.000000,0.000000,8.333333,0,0,0,1147.142718,1.981205,10.444385,1102.317128,31.631739,8.914409,1014.928672,0.000000,0.000000,1055.474821,1147.142718,91.667897,2.757437,0.777097,88.474490,0.000000,7.990976,15.478165,13.599459,4.008426,0.983333,5,0.000000,0,0,0,100.000000,3.467677,94.117647,36.991099,6131.022222,1391.640297,-0.000000,320.084127
420.000000,pure-acoustic,none,hardware,1,0,0,1,priority,0.000500,180,15,hybrid,0.050000,4000.000000,6.087000,52.000000,500.000000,500.000000,2.000000,120.000000,0.000000,22,15,22,0,20,2,4,14,0,0,0,0,0,0,0,0,0.000000,0.000000,0.000000,clear-ocean,30.000000,60.000000,0.151000,200,614664,157.606154,37.525275,8,1,0,7,0,30,9,0,20,1,0,0,0,0,0,0,0,0,0,0,0,0,0,0,2,5,15,2,4,14,1.568080,20.542805,41.902182,0.000000,20.000000,6.666667,0,0,0,1412.133205,1.981205,12.641641,1359.710359,37.091935,10.070298,1249.721331,0.000000,0.000000,1296.883564,1412.133205,115.249641,2.626660,0.713127,88.498828,0.000000,8.161386,15.478165,12.345353,3.884887,0.902381,5,0.000000,0,1,0,100.000000,2.574715,90.909091,33.596897,6688.609524,1477.747013,-0.000000,389.775332
480.000000,pure-acoustic,none,hardware,1,0,0,1,priority,0.000500,180,15,hybrid,0.050000,4000.000000,6.087000,52.000000,500.000000,500.000000,2.000000,120.000000,0.000000,28,20,28,0,27,2,6,19,0,0,0,0,0,0,0,0,0.000000,0.000000,0.000000,clear-ocean,30.000000,60.000000,0.151000,245,763269,195.710000,40.772917,9,1,0,8,0,38,10,0,27,1,0,0,0,0,0,0,0,0,0,0,0,0,0,0,2,6,20,2,6,19,1.568080,17.902984,34.729088,0.000000,0.000000,5.000000,0,0,0,1751.057872,1.981205,15.719949,1690.156718,42.130003,11.835417,1553.009990,0.000000,0.000000,1606.975410,1751.057872,144.082462,2.405974,0.675901,88.689815,0.000000,8.228310,15.478165,10.234342,3.558225,0.889583,5,0.000000,0,0,0,100.000000,2.361785,96.428571,28.533583,7944.400000,1563.853729,-0.000000,446.213164
540.000000,pure-acoustic,none,hardware,1,0,0,1,priority,0.000500,180,15,hybrid,0.050000,4000.000000,6.087000,52.000000,500.000000,500.000000,2.000000,120.000000,0.000000,29,21,29,0,29,2,6,21,0,0,0,0,0,0,0,0,0.000000,0.000000,0.000000,clear-ocean,30.000000,60.000000,0.151000,254,793158,203.373846,37.661823,9,1,0,8,0,39,10,0,29,0,0,0,0,0,0,0,0,0,0,0,0,0,0,0,2,6,21,2,6,21,1.568080,17.902984,32.631318,0.000000,0.000000,0.000000,0,0,0,1825.669154,1.981205,15.719949,1759.368000,46.266173,12.869460,1614.557111,0.000000,0.000000,1673.692744,1825.669154,151.976410,2.534204,0.704917,88.436457,0.000000,8.324422,15.478165,10.234342,3.351177,0.792593,5,0.000000,0,0,0,100.000000,2.361785,100.000000,27.441785,7802.429630,1649.960445,-0.000000,484.046240
600.000000,pure-acoustic,none,hardware,1,0,0,1,priority,0.000500,180,15,hybrid,0.050000,4000.000000,6.087000,52.000000,500.000000,500.000000,2.000000,120.000000,0.000000,30,22,30,0,30,2,6,22,0,0,0,0,0,0,0,0,0.000000,0.000000,0.000000,clear-ocean,30.000000,60.000000,0.151000,261,818445,209.857692,34.976282,9,1,0,8,0,40,10,0,30,0,0,0,0,0,0,0,0,0,0,0,0,0,0,0,2,6,22,2,6,22,1.568080,17.902984,31.538910,0.000000,0.000000,0.000000,0,0,0,1888.163103,1.981205,15.719949,1816.461949,50.402343,13.903502,1666.660949,0.000000,0.000000,1730.966795,1888.163103,157.196308,2.669385,0.736351,88.268908,0.000000,8.325356,15.478165,10.234342,3.302658,0.715000,5,0.000000,0,0,0,100.000000,2.361785,100.000000,26.813669,7355.520000,1736.067161,-0.000000,499.687261
660.000000,pure-acoustic,none,hardware,1,0,0,1,priority,0.000500,180,15,hybrid,0.050000,4000.000000,6.087000,52.000000,500.000000,500.000000,2.000000,120.000000,0.000000,33,23,33,0,33,3,7,23,0,0,0,0,0,0,0,0,0.000000,0.000000,0.000000,clear-ocean,30.000000,60.000000,0.151000,279,845847,216.883846,32.861189,11,1,0,10,0,43,10,0,33,0,0,0,0,0,0,0,0,0,0,0,0,0,0,0,3,7,23,3,7,23,1.626109,15.724059,30.526727,0.000000,0.000000,0.000000,0,0,0,1955.005821,3.246744,18.803179,1873.555897,56.100616,16.597237,1719.743660,0.000000,0.000000,1792.441513,1955.005821,162.564308,2.869588,0.848961,87.966166,0.000000,8.315285,16.910123,10.492846,3.258358,0.654545,5,0.000000,0,0,0,100.000000,2.101582,100.000000,24.759438,6993.745455,1822.173878,0.000000,491.653159
720.000000,pure-acoustic,none,hardware,1,0,0,1,priority,0.000500,180,15,hybrid,0.050000,4000.000000,6.087000,52.000000,500.000000,500.000000,2.000000,120.000000,0.000000,34,23,34,0,34,4,7,23,0,0,0,0,0,0,0,0,0.000000,0.000000,0.000000,clear-ocean,30.000000,60.000000,0.151000,284,846372,217.018462,30.141453,12,1,0,11,0,44,10,0,34,0,0,0,0,0,0,0,0,0,0,0,0,0,0,0,4,7,23,4,7,23,1.720088,15.724059,30.526727,0.000000,0.000000,0.000000,0,0,0,1961.501744,4.342667,18.803179,1873.555897,60.727376,17.889741,1720.265960,0.000000,0.000000,1798.883077,1961.501744,162.618667,3.095963,0.912043,87.701475,0.000000,8.290519,16.963542,10.492846,3.258358,0.601389,5,0.000000,0,0,0,100.000000,1.974678,100.000000,24.090102,6411.644444,1908.280594,0.000000,460.705721
780.000000,pure-acoustic,none,hardware,1,0,0,1,priority,0.000500,180,15,hybrid,0.050000,4000.000000,6.087000,52.000000,500.000000,500.000000,2.000000,120.000000,0.000000,39,26,39,0,38,4,9,25,0,0,0,0,0,0,0,0,0.000000,0.000000,0.000000,clear-ocean,30.000000,60.000000,0.151000,313,924441,237.036154,30.389250,14,1,0,13,0,49,10,0,38,1,0,0,0,0,0,0,0,0,0,0,0,0,0,0,4,9,26,4,9,25,1.720088,12.668045,28.769695,0.000000,0.000000,3.846154,0,0,0,2138.737282,4.342667,23.836667,2040.357949,67.626879,19.715784,1876.451439,0.000000,0.000000,1963.794103,2138.737282,174.943179,3.162000,0.921842,87.736416,0.000000,8.179741,16.963542,10.345775,3.264573,0.569231,5,0.000000,0,0,0,100.000000,1.808120,97.435897,22.108819,6436.512821,1994.387310,0.000000,409.779355
840.000000,pure-acoustic,none,hardware,1,0,0,1,priority,0.000500,180,15,hybrid,0.050000,4000.000000,6.087000,52.000000,500.000000,500.000000,2.000000,120.000000,0.000000,44,31,44,0,39,4,9,26,0,0,0,0,0,0,0,0,0.000000,0.000000,0.000000,clear-ocean,30.000000,60.000000,0.151000,335,1000767,256.606923,30.548443,14,1,0,13,0,52,12,0,39,1,0,0,0,0,0,0,0,0,0,0,0,0,0,0,4,9,31,4,9,26,1.720088,12.668045,28.992599,0.000000,0.000000,16.129032,0,0,0,2316.396154,4.342667,23.836667,2212.616821,71.763050,20.749827,2033.250662,0.000000,0.000000,2125.763538,2316.396154,190.632615,3.098047,0.895781,87.776465,0.000000,8.229707,16.963542,10.345775,3.404026,0.660714,5,0.000000,0,4,0,100.000000,1.808120,88.636364,22.428213,6214.857143,2080.494026,0.000000,343.702853
900.000000,pure-acoustic,none,hardware,1,0,0,1,priority,0.000500,180,15,hybrid,0.050000,4000.000000,6.087000,52.000000,500.000000,500.000000,2.000000,120.000000,0.000000,48,32,48,0,44,5,11,28,0,0,0,0,0,0,0,0,0.000000,0.000000,0.000000,clear-ocean,30.000000,60.000000,0.151000,382,1106406,283.693846,31.521538,19,3,0,16,0,59,15,0,44,0,0,0,0,0,0,0,0,0,0,0,0,0,0,0,5,11,32,5,11,28,5.496928,19.158348,32.131014,0.000000,0.000000,12.500000,0,0,0,2556.920564,5.608205,31.089179,2439.223179,80.160451,24.174638,2242.594296,0.000000,0.000000,2346.929385,2556.920564,209.991179,3.135039,0.945459,87.706843,0.000000,8.212659,17.525641,11.040192,3.484605,0.992222,7,0.000000,0,4,0,100.000000,3.281702,91.666667,25.861247,6250.097778,2166.600742,0.000000,268.741531
960.000000,pure-acoustic,none,hardware,1,0,0,1,priority,0.000500,180,15,hybrid,0.050000,4000.000000,6.087000,52.000000,500.000000,500.000000,2.000000,120.000000,0.000000,51,35,51,0,47,5,11,31,0,0,0,0,0,0,0,0,0.000000,0.000000,0.000000,clear-ocean,30.000000,60.000000,0.151000,421,1249389,320.356154,33.370433,19,3,0,16,0,65,17,0,47,1,0,0,0,0,0,0,0,0,0,0,0,0,0,0,5,11,35,5,11,31,5.496928,19.158348,36.768001,0.000000,0.000000,11.428571,0,0,0,2880.814103,5.608205,31.089179,2757.716718,84.296621,25.208681,2536.132391,0.000000,0.000000,2645.637692,2880.814103,235.176410,2.926139,0.875054,88.035267,0.000000,8.163540,17.525641,11.040192,3.558344,1.135417,7,0.000000,0,3,0,100.000000,3.281702,92.156863,29.319883,6484.466667,2252.707458,0.000000,192.003154
1020.000000,pure-acoustic,none,hardware,1,0,0,1,priority,0.000500,180,15,hybrid,0.050000,4000.000000,6.087000,52.000000,500.000000,500.000000,2.000000,120.000000,0.000000,53,36,53,0,51,6,11,34,0,0,0,0,0,0,0,0,0.000000,0.000000,0.000000,clear-ocean,30.000000,60.000000,0.151000,472,1418544,363.729231,35.659729,20,3,0,17,0,73,20,0,51,2,0,0,0,0,0,0,0,0,0,0,0,0,0,0,6,11,36,6,11,34,4.845104,19.158348,43.416162,0.000000,0.000000,5.555556,0,0,0,3264.656949,6.601821,31.089179,3135.165949,88.584150,26.738108,2882.787614,0.000000,0.000000,2998.109872,3264.656949,266.547077,2.713429,0.819017,88.302926,0.000000,8.164627,17.192241,11.040192,3.688431,1.108824,7,0.000000,0,0,0,100.000000,3.133517,96.226415,33.646313,6691.764706,2338.814174,0.000000,120.763985
1080.000000,pure-acoustic,none,hardware,1,0,0,1,priority,0.000500,180,15,hybrid,0.050000,4000.000000,6.087000,52.000000,500.000000,500.000000,2.000000,120.000000,0.000000,56,37,56,0,56,7,12,37,0,0,0,0,0,0,0,0,0.000000,0.000000,0.000000,clear-ocean,30.000000,60.000000,0.151000,492,1462260,374.938462,34.716524,22,3,0,19,0,76,20,0,56,0,0,0,0,0,0,0,0,0,0,0,0,0,0,0,7,12,37,7,12,37,4.332718,17.672752,43.449052,0.000000,0.000000,0.000000,0,0,0,3371.145462,7.697744,32.981462,3233.266256,93.633038,28.761689,2970.734324,0.000000,0.000000,3093.129051,3371.145462,278.016410,2.777484,0.853173,88.122401,0.000000,8.246942,17.182463,10.736153,3.495423,1.050000,7,0.000000,0,0,0,100.000000,2.874659,100.000000,33.036017,6877.925926,2424.920891,0.000000,61.778860
1140.000000,pure-acoustic,none,hardware,1,0,0,1,priority,0.000500,180,15,hybrid,0.050000,4000.000000,6.087000,52.000000,500.000000,500.000000,2.000000,120.000000,0.000000,56,37,56,0,56,7,12,37,0,0,0,0,0,0,0,0,0.000000,0.000000,0.000000,clear-ocean,30.000000,60.000000,0.151000,492,1462260,374.938462,32.889339,22,3,0,19,0,76,20,0,56,0,0,0,0,0,0,0,0,0,0,0,0,0,0,0,7,12,37,7,12,37,4.332718,17.672752,43.449052,0.000000,0.000000,0.000000,0,0,0,3376.545462,7.697744,32.981462,3233.266256,97.769208,29.795732,2970.964111,0.000000,0.000000,3098.529051,3376.545462,278.016410,2.895540,0.882432,87.988275,0.000000,8.233753,17.182463,10.736153,3.495423,0.994737,7,0.000000,0,0,0,100.000000,2.874659,100.000000,33.036017,6515.929825,2511.027607,0.000000,20.640695
1200.000000,pure-acoustic,none,hardware,1,0,0,1,priority,0.000500,180,15,hybrid,0.050000,4000.000000,6.087000,52.000000,500.000000,500.000000,2.000000,120.000000,0.000000,57,38,57,0,57,7,12,38,0,0,0,0,0,0,0,0,0.000000,0.000000,0.000000,clear-ocean,30.000000,60.000000,0.151000,499,1487547,381.422308,31.785192,22,3,0,19,0,77,20,0,57,0,0,0,0,0,0,0,0,0,0,0,0,0,0,0,7,12,38,7,12,38,4.332718,17.672752,42.539056,0.000000,0.000000,0.000000,0,0,0,3439.039410,7.697744,32.981462,3290.360205,101.905379,30.829774,3023.067950,0.000000,0.000000,3155.803103,3439.039410,283.236308,2.963193,0.896465,87.904429,0.000000,8.235913,17.182463,10.736153,3.463537,0.945833,7,0.000000,0,0,0,100.000000,2.874659,100.000000,32.612038,6356.800000,2597.134323,0.000000,1.250174
1260.000000,pure-acoustic,none,hardware,1,0,0,1,priority,0.000500,180,15,hybrid,0.050000,4000.000000,6.087000,52.000000,500.000000,500.000000,2.000000,120.000000,0.000000,58,38,58,0,58,7,13,38,0,0,0,0,0,0,0,0,0.000000,0.000000,0.000000,clear-ocean,30.000000,60.000000,0.151000,503,1488735,381.726923,30.295788,23,3,0,20,0,78,20,0,58,0,0,0,0,0,0,0,0,0,0,0,0,0,0,0,7,13,38,7,13,38,4.332718,16.443589,42.539056,0.000000,0.000000,0.000000,0,0,0,3446.610821,7.697744,35.152872,3290.360205,107.423215,31.924740,3023.932814,0.000000,0.000000,3163.280769,3446.610821,283.330051,3.116778,0.926265,87.736416,0.000000,8.220541,17.182463,10.562762,3.463537,0.901587,7,0.000000,0,0,0,100.000000,2.765156,100.000000,32.078962,6055.720635,2683.241039,-0.000000,5.445889
1320.000000,pure-acoustic,none,hardware,1,0,0,1,priority,0.000500,180,15,hybrid,0.050000,4000.000000,6.087000,52.000000,500.000000,500.000000,2.000000,120.000000,0.000000,62,40,62,0,62,8,14,40,0,0,0,0,0,0,0,0,0.000000,0.000000,0.000000,clear-ocean,30.000000,60.000000,0.151000,521,1540113,394.900769,29.916725,25,3,0,22,0,82,20,0,62,0,0,0,0,0,0,0,0,0,0,0,0,0,0,0,8,14,40,8,14,40,3.913946,15.325135,40.840932,0.000000,0.000000,0.000000,0,0,0,3567.879077,8.166231,36.364744,3404.548103,112.132873,33.041244,3128.787011,0.000000,0.000000,3273.961128,3567.879077,293.917949,3.142844,0.926075,87.693191,0.000000,8.237890,15.949669,10.146413,3.404548,0.863636,7,0.000000,0,0,0,100.000000,2.530049,100.000000,30.314528,6085.430303,2769.347755,-0.000000,32.830006
1380.000000,pure-acoustic,none,hardware,1,0,0,1,priority,0.000500,180,15,hybrid,0.050000,4000.000000,6.087000,52.000000,500.000000,500.000000,2.000000,120.000000,0.000000,67,45,67,0,65,8,14,43,0,0,0,0,0,0,0,0,0.000000,0.000000,0.000000,clear-ocean,30.000000,60.000000,0.151000,547,1636659,419.656154,30.409866,25,3,0,22,0,86,20,0,65,1,0,0,0,0,0,0,0,0,0,0,0,0,0,0,8,14,45,8,14,43,3.913946,15.325135,38.592879,0.000000,0.000000,4.444444,0,0,0,3789.537538,8.166231,36.364744,3620.806564,116.269043,34.075286,3327.069722,0.000000,0.000000,3477.414051,3789.537538,312.123487,3.068159,0.899194,87.796194,0.000000,8.236453,15.949669,10.146413,3.368192,0.831884,7,0.000000,0,1,0,100.000000,2.530049,97.014925,29.313189,6255.628986,2855.454471,-0.000000,80.805987
1440.000000,pure-acoustic,none,hardware,1,0,0,1,priority,0.000500,180,15,hybrid,0.050000,4000.000000,6.087000,52.000000,500.000000,500.000000,2.000000,120.000000,0.000000,69,46,69,0,69,8,15,46,0,0,0,0,0,0,0,0,0.000000,0.000000,0.000000,clear-ocean,30.000000,60.000000,0.151000,581,1720389,441.125385,30.633707,27,4,0,23,0,90,21,0,69,0,0,0,0,0,0,0,0,0,0,0,0,0,0,0,8,15,46,8,15,46,3.913946,15.852590,37.556039,0.000000,0.000000,0.000000,0,0,0,3983.352923,8.166231,42.265667,3803.321026,124.124803,36.510560,3493.048022,0.000000,0.000000,3653.683385,3983.352923,329.669538,3.116089,0.916579,87.691151,0.000000,8.276182,15.949669,11.006684,3.307236,0.818056,7,0.000000,0,0,0,100.000000,3.054455,100.000000,28.937366,6413.066667,2941.561187,-0.000000,144.824794
1500.000000,pure-acoustic,none,hardware,1,0,0,1,priority,0.000500,180,15,hybrid,0.050000,4000.000000,6.087000,52.000000,500.000000,500.000000,2.000000,120.000000,0.000000,70,46,70,0,70,8,16,46,0,0,0,0,0,0,0,0,0.000000,0.000000,0.000000,clear-ocean,30.000000,60.000000,0.151000,586,1721874,441.506154,29.433744,28,4,0,24,0,91,21,0,70,0,0,0,0,0,0,0,0,0,0,0,0,0,0,0,8,16,46,8,16,46,3.913946,15.003234,37.556039,0.000000,0.000000,0.000000,0,0,0,3991.836154,8.166231,45.348897,3803.321026,129.162871,38.945833,3493.964168,0.000000,0.000000,3662.072872,3991.836154,329.763282,3.235676,0.975637,87.527745,0.000000,8.260942,15.949669,11.071508,3.307236,0.786000,7,0.000000,0,0,0,100.000000,2.980776,100.000000,28.556302,6157.909333,3027.667904,-0.000000,218.816219
1560.000000,pure-acoustic,none,hardware,1,0,0,1,priority,0.000500,180,15,hybrid,0.050000,4000.000000,6.087000,52.000000,500.000000,500.000000,2.000000,120.000000,0.000000,72,48,72,0,70,8,16,46,0,0,0,0,0,0,0,0,0.000000,0.000000,0.000000,clear-ocean,30.000000,60.000000,0.151000,600,1772448,454.473846,29.132939,28,4,0,24,0,93,22,0,70,1,0,0,0,0,0,0,0,0,0,0,0,0,0,0,8,16,48,8,16,46,3.913946,15.003234,37.556039,0.000000,0.000000,4.166667,0,0,0,4109.654615,8.166231,45.348897,3915.739487,133.299041,39.979876,3597.935494,0.000000,0.000000,3771.214410,4109.654615,338.440205,3.243558,0.972828,87.548367,0.000000,8.235247,15.949669,11.071508,3.404991,0.766667,7,0.000000,0,1,0,100.000000,2.980776,97.222222,28.556302,5921.066667,3113.774620,-0.000000,295.764462
1620.000000,pure-acoustic,none,hardware,1,0,0,1,priority,0.000500,180,15,hybrid,0.050000,4000.000000,6.087000,52.000000,500.000000,500.000000,2.000000,120.000000,0.000000,75,49,75,0,75,8,18,49,0,0,0,0,0,0,0,0,0.000000,0.000000,0.000000,clear-ocean,30.000000,60.000000,0.151000,634,1852170,474.915385,29.315764,31,5,0,26,0,98,23,0,75,0,0,0,0,0,0,0,0,0,0,0,0,0,0,0,8,18,49,8,18,49,3.913946,14.287070,37.715368,0.000000,0.000000,0.000000,0,0,0,4293.649897,8.166231,52.662333,4087.021333,141.097160,43.146226,3755.119127,0.000000,0.000000,3939.362513,4293.649897,354.287385,3.286182,1.004885,87.457506,0.000000,8.251427,15.949669,11.428458,3.336344,0.764815,7,0.000000,0,0,0,100.000000,3.321737,100.000000,28.487091,6074.666667,3199.881336,-0.000000,368.373360
1680.000000,pure-acoustic,none,hardware,1,0,0,1,priority,0.000500,180,15,hybrid,0.050000,4000.000000,6.087000,52.000000,500.000000,500.000000,2.000000,120.000000,0.000000,79,52,78,0,78,8,18,52,0,0,0,0,0,0,0,0,0.000000,0.000000,0.000000,clear-ocean,30.000000,60.000000,0.151000,664,1953912,501.003077,29.821612,32,5,0,26,1,102,24,0,78,0,0,0,0,0,0,0,0,0,0,0,0,0,0,0,8,19,52,8,18,52,3.913946,14.287070,37.118410,0.000000,5.263158,0.000000,0,0,0,4526.590974,8.166231,53.560949,4313.663795,146.131945,44.180268,3962.841837,0.000000,0.000000,4153.154051,4526.590974,373.436923,3.228300,0.976016,87.545834,0.000000,8.249849,15.949669,11.623470,3.318203,0.761905,7,0.000000,0,0,0,98.734177,3.321737,98.734177,28.444053,6214.857143,3285.988052,-0.000000,429.758202
1740.000000,pure-acoustic,none,hardware,1,0,0,1,priority,0.000500,180,15,hybrid,0.050000,4000.000000,6.087000,52.000000,500.000000,500.000000,2.000000,120.000000,0.000000,82,53,82,0,82,8,21,53,0,0,0,0,0,0,0,0,0.000000,0.000000,0.000000,clear-ocean,30.000000,60.000000,0.151000,679,1981575,508.096154,29.200928,35,6,0,29,0,106,24,0,82,0,0,0,0,0,0,0,0,0,0,0,0,0,0,0,8,21,53,8,21,53,3.913946,13.030215,36.581881,0.000000,0.000000,0.000000,0,0,0,4593.680077,8.166231,58.156103,4370.757744,152.494039,45.397080,4016.850907,0.000000,0.000000,4214.742026,4593.680077,378.938051,3.319649,0.988251,87.442983,0.000000,8.249117,15.949669,10.817727,3.298685,0.737931,7,0.000000,0,0,0,100.000000,3.453290,100.000000,27.363241,6119.025287,3372.094768,-0.000000,474.098532
1800.000000,pure-acoustic,none,hardware,1,0,0,1,priority,0.000500,180,15,hybrid,0.050000,4000.000000,6.087000,52.000000,500.000000,500.000000,2.000000,120.000000,0.000000,83,54,83,0,82,8,21,53,0,0,0,0,0,0,0,0,0.000000,0.000000,0.000000,clear-ocean,30.000000,60.000000,0.151000,683,1998123,512.339231,28.463291,35,6,0,29,0,107,24,0,82,1,0,0,0,0,0,0,0,0,0,0,0,0,0,0,8,21,54,8,21,53,3.913946,13.030215,36.581881,0.000000,0.000000,1.851852,0,0,0,4634.721923,8.166231,58.156103,4406.399590,156.630209,46.431123,4051.025309,0.000000,0.000000,4254.086641,4634.721923,380.635282,3.379495,1.001810,87.406006,0.000000,8.212689,15.949669,10.817727,3.325585,0.713889,7,0.000000,0,0,0,100.000000,3.453290,98.795181,27.363241,5915.057778,3458.201484,-0.000000,497.190040
1860.000000,pure-acoustic,none,hardware,1,0,0,1,priority,0.000500,180,15,hybrid,0.050000,4000.000000,6.087000,52.000000,500.000000,500.000000,2.000000,120.000000,0.000000,88,57,88,0,87,8,23,56,0,0,0,0,0,0,0,0,0.000000,0.000000,0.000000,clear-ocean,30.000000,60.000000,0.151000,730,2093394,536.767692,28.858478,40,9,0,31,0,113,25,0,87,1,0,0,0,0,0,0,0,0,0,0,0,0,0,0,8,23,57,8,23,56,3.913946,14.240033,35.904299,0.000000,0.000000,1.754386,0,0,0,4850.927821,8.166231,69.475231,4605.886359,169.104174,48.927319,4234.621250,0.000000,0.000000,4452.652744,4850.927821,398.275077,3.486017,1.008618,87.295079,0.000000,8.210287,15.949669,11.799462,3.289919,0.713978,7,0.000000,0,0,0,100.000000,4.555707,98.863636,27.235322,6049.032258,3544.308200,0.000000,496.843209
1920.000000,pure-acoustic,none,hardware,1,0,0,1,priority,0.000500,180,15,hybrid,0.050000,4000.000000,6.087000,52.000000,500.000000,500.000000,2.000000,120.000000,0.000000,90,58,90,0,90,8,24,58,0,0,0,0,0,0,0,0,0.000000,0.000000,0.000000,clear-ocean,30.000000,60.000000,0.151000,755,2166603,555.539231,28.934335,41,9,0,32,0,116,26,0,90,0,0,0,0,0,0,0,0,0,0,0,0,0,0,0,8,24,58,8,24,58,3.913946,13.758980,35.454609,0.000000,0.000000,0.000000,0,0,0,5021.322026,8.166231,72.558462,4767.797333,174.142242,51.362592,4382.670115,0.000000,0.000000,4608.174949,5021.322026,413.147077,3.468056,1.022890,87.281200,0.000000,8.227855,15.949669,11.809645,3.288136,0.696875,7,0.000000,0,0,0,100.000000,4.453534,100.000000,26.865493,6069.400000,3630.414917,0.000000,473.090927
1980.000000,pure-acoustic,none,hardware,1,0,0,1,priority,0.000500,180,15,hybrid,0.050000,4000.000000,6.087000,52.000000,500.000000,500.000000,2.000000,120.000000,0.000000,96,63,96,0,90,8,24,58,0,0,0,0,0,0,0,0,0.000000,0.000000,0.000000,clear-ocean,30.000000,60.000000,0.151000,781,2243949,575.371538,29.059169,42,9,0,33,0,119,28,0,90,1,0,0,0,0,0,0,0,0,0,0,0,0,0,0,8,25,63,8,24,58,3.913946,13.758980,35.454609,0.000000,4.000000,7.936508,0,0,0,5197.167462,8.166231,75.224821,4935.576410,180.139848,53.127712,4538.586056,0.000000,0.000000,4771.853615,5197.167462,425.313846,3.466116,1.022244,87.328070,0.000000,8.183570,15.949669,12.243623,3.403846,0.734343,7,0.000000,0,5,0,100.000000,4.358811,93.750000,26.865493,5885.478788,3716.521633,0.000000,428.185362
2040.000000,pure-acoustic,none,hardware,1,0,0,1,priority,0.000500,180,15,hybrid,0.050000,4000.000000,6.087000,52.000000,500.000000,500.000000,2.000000,120.000000,0.000000,99,64,99,0,97,9,26,62,0,0,0,0,0,0,0,0,0.000000,0.000000,0.000000,clear-ocean,30.000000,60.000000,0.151000,838,2389782,612.764615,30.037481,46,11,0,35,0,128,30,0,97,1,0,0,0,0,0,0,0,0,0,0,0,0,0,0,9,26,64,9,26,62,7.664225,14.941827,37.894517,0.000000,0.000000,3.125000,0,0,0,5527.973436,10.467667,78.102487,5255.803282,187.631736,54.244216,4833.626510,0.000000,0.000000,5075.502462,5527.973436,452.470974,3.394223,0.981268,87.439395,0.000000,8.185115,18.173032,11.734148,3.390841,0.815686,7,0.000000,0,1,0,100.000000,4.906497,97.979798,28.937377,6106.792157,3802.628349,0.000000,366.384420
2100.000000,pure-acoustic,none,hardware,1,0,0,1,priority,0.000500,180,15,hybrid,0.050000,4000.000000,6.087000,52.000000,500.000000,500.000000,2.000000,120.000000,0.000000,106,69,106,0,102,9,26,67,0,0,0,0,0,0,0,0,0.000000,0.000000,0.000000,clear-ocean,30.000000,60.000000,0.151000,887,2532063,649.246923,30.916520,51,14,0,37,0,134,31,0,102,1,0,0,0,0,0,0,0,0,0,0,0,0,0,0,9,28,69,9,26,67,7.664225,14.941827,37.078051,0.000000,7.142857,2.898551,0,0,0,5852.954359,10.467667,83.160128,5570.326564,195.308009,56.740412,5119.694245,0.000000,0.000000,5371.742667,5852.954359,481.211692,3.336913,0.969432,87.471966,0.000000,8.221689,18.173032,12.494010,3.325568,0.818571,7,0.000000,0,3,0,100.000000,5.723254,96.226415,28.840146,6408.502857,3888.735065,0.000000,293.548012
2160.000000,pure-acoustic,none,hardware,1,0,0,1,priority,0.000500,180,15,hybrid,0.050000,4000.000000,6.087000,52.000000,500.000000,500.000000,2.000000,120.000000,0.000000,107,70,107,0,106,9,28,69,0,0,0,0,0,0,0,0,0.000000,0.000000,0.000000,clear-ocean,30.000000,60.000000,0.151000,915,2629203,674.154615,31.210862,51,14,0,37,0,139,32,0,106,1,0,0,0,0,0,0,0,0,0,0,0,0,0,0,9,28,70,9,28,69,7.664225,16.661992,37.068881,0.000000,0.000000,1.428571,0,0,0,6075.140615,10.467667,84.572641,5785.700308,199.444179,57.774455,5319.198699,0.000000,0.000000,5576.417333,6075.140615,498.723282,3.282956,0.950998,87.556800,0.000000,8.209247,18.173032,11.798639,3.354029,0.808796,7,0.000000,0,0,0,100.000000,5.723254,99.065421,29.181760,6417.570370,3974.841781,0.000000,216.582421
2220.000000,pure-acoustic,none,hardware,1,0,0,1,priority,0.000500,180,15,hybrid,0.050000,4000.000000,6.087000,52.000000,500.000000,500.000000,2.000000,120.000000,0.000000,112,71,112,0,112,9,32,71,0,0,0,0,0,0,0,0,0.000000,0.000000,0.000000,clear-ocean,30.000000,60.000000,0.151000,942,2660598,682.204615,30.729938,55,14,0,41,0,144,32,0,112,0,0,0,0,0,0,0,0,0,0,0,0,0,0,0,9,32,71,9,32,71,7.664225,14.869661,36.270272,0.000000,0.000000,0.000000,0,0,0,6152.079897,10.467667,96.235410,5845.576821,207.187939,63.743267,5375.005102,0.000000,0.000000,5645.936308,6152.079897,506.143590,3.367771,1.036125,87.368909,0.000000,8.227195,18.173032,11.747487,3.293283,0.789189,7,0.000000,0,0,0,100.000000,5.280247,100.000000,27.857112,6427.992793,4060.948497,0.000000,142.785454
2280.000000,pure-acoustic,none,hardware,1,0,0,1,priority,0.000500,180,15,hybrid,0.050000,4000.000000,6.087000,52.000000,500.000000,500.000000,2.000000,120.000000,0.000000,114,72,114,0,113,10,32,71,0,0,0,0,0,0,0,0,0.000000,0.000000,0.000000,clear-ocean,30.000000,60.000000,0.151000,955,2686515,688.850000,30.212719,56,14,0,42,0,146,32,0,113,1,0,0,0,0,0,0,0,0,0,0,0,0,0,0,10,32,72,10,32,71,7.120644,14.869661,36.270272,0.000000,0.000000,1.388889,0,0,0,6214.859282,11.733205,96.235410,5901.690667,211.984314,65.035771,5427.398171,0.000000,0.000000,5704.418256,6214.859282,510.441026,3.410927,1.046456,87.329381,0.000000,8.213235,18.333133,11.747487,3.324896,0.769298,7,0.000000,0,0,0,100.000000,5.174417,99.122807,27.630309,6259.059649,4147.055213,0.000000,79.154475
2340.000000,pure-acoustic,none,hardware,1,0,0,1,priority,0.000500,180,15,hybrid,0.050000,4000.000000,6.087000,52.000000,500.000000,500.000000,2.000000,120.000000,0.000000,117,73,117,0,117,11,33,73,0,0,0,0,0,0,0,0,0.000000,0.000000,0.000000,clear-ocean,30.000000,60.000000,0.151000,970,2713602,695.795385,29.734845,58,14,0,44,0,149,32,0,117,0,0,0,0,0,0,0,0,0,0,0,0,0,0,0,11,33,73,11,33,73,6.602527,14.486580,35.499338,0.000000,0.000000,0.000000,0,0,0,6281.710436,12.448872,98.896846,5959.764718,218.133279,66.389198,5480.402112,0.000000,0.000000,5764.924590,6281.710436,516.785846,3.472514,1.056865,87.243788,0.000000,8.226833,17.683057,11.706540,3.265625,0.750855,7,0.000000,0,0,0,100.000000,4.970102,100.000000,26.855868,6270.605128,4233.161930,0.000000,31.722915
2400.000000,pure-acoustic,none,hardware,1,0,0,1,priority,0.000500,180,15,hybrid,0.050000,4000.000000,6.087000,52.000000,500.000000,500.000000,2.000000,120.000000,0.000000,119,75,119,0,117,11,33,73,0,0,0,0,0,0,0,0,0.000000,0.000000,0.000000,clear-ocean,30.000000,60.000000,0.151000,977,2738889,702.279231,29.261635,58,14,0,44,0,150,32,0,117,1,0,0,0,0,0,0,0,0,0,0,0,0,0,0,11,33,75,11,33,73,6.602527,14.486580,35.499338,0.000000,0.000000,2.666667,0,0,0,6342.375667,12.448872,98.896846,6015.029949,222.269450,67.423241,5532.502669,0.000000,0.000000,5822.195359,6342.375667,520.180308,3.504514,1.063060,87.230763,0.000000,8.201663,17.683057,11.706540,3.295907,0.734583,7,0.000000,0,1,0,100.000000,4.970102,98.319328,26.855868,6113.840000,4319.268646,0.000000,4.988194
2460.000000,pure-acoustic,none,hardware,1,0,0,1,priority,0.000500,180,15,hybrid,0.050000,4000.000000,6.087000,52.000000,500.000000,500.000000,2.000000,120.000000,0.000000,120,76,120,0,117,11,33,73,0,0,0,0,0,0,0,0,0.000000,0.000000,0.000000,clear-ocean,30.000000,60.000000,0.151000,998,2814750,721.730769,29.338649,58,14,0,44,0,153,35,0,117,1,0,0,0,0,0,0,0,0,0,0,0,0,0,0,11,33,76,11,33,73,6.602527,14.486580,35.499338,0.000000,0.000000,3.947368,0,0,0,6515.650128,12.448872,98.896846,6182.904410,226.405620,68.457283,5688.344764,0.000000,0.000000,5983.207667,6515.650128,532.442462,3.474797,1.050659,87.302796,0.000000,8.171747,17.683057,11.706540,3.387893,0.747561,7,0.000000,0,2,0,100.000000,4.970102,97.500000,26.855868,5964.721951,4405.375362,-0.000000,1.485272
2520.000000,pure-acoustic,none,hardware,1,0,0,1,priority,0.000500,180,15,hybrid,0.050000,4000.000000,6.087000,52.000000,500.000000,500.000000,2.000000,120.000000,0.000000,122,77,122,0,118,11,33,74,0,0,0,0,0,0,0,0,0.000000,0.000000,0.000000,clear-ocean,30.000000,60.000000,0.151000,1025,2907753,745.577692,29.586416,59,14,0,45,0,157,37,1,118,1,0,0,0,0,0,0,0,0,0,0,0,0,0,0,11,34,77,11,33,74,6.602527,14.486580,36.166081,0.000000,2.941176,3.896104,0,0,0,6723.699923,12.448872,99.882231,6384.568821,231.443687,69.552249,5878.157320,0.000000,0.000000,6179.153256,6723.699923,544.546667,3.442207,1.034434,87.424445,0.000000,8.098914,17.683057,11.823181,3.451118,0.781746,7,0.000000,0,3,0,100.000000,4.869798,96.721311,27.347245,5902.069841,4491.482078,-0.000000,21.546295
2580.000000,pure-acoustic,none,hardware,1,0,0,1,priority,0.000500,180,15,hybrid,0.050000,4000.000000,6.087000,52.000000,500.000000,500.000000,2.000000,120.000000,0.000000,123,78,123,0,121,11,34,76,0,0,0,0,0,0,0,0,0.000000,0.000000,0.000000,clear-ocean,30.000000,60.000000,0.151000,1056,3017472,773.710769,29.988790,59,14,0,45,0,162,39,1,121,1,0,0,0,0,0,0,0,0,0,0,0,0,0,0,11,34,78,11,34,76,6.602527,14.501945,38.631945,0.000000,0.000000,2.564103,0,0,0,6975.082077,12.448872,100.588487,6629.844718,235.579858,70.586291,6103.461569,0.000000,0.000000,6409.627718,6975.082077,565.454359,3.377449,1.011978,87.503796,0.000000,8.106777,17.683057,11.556582,3.489392,0.791473,7,0.000000,0,1,0,100.000000,4.869798,98.373984,28.939849,5920.644961,4577.588794,-0.000000,63.269094
2640.000000,pure-acoustic,none,hardware,1,0,0,1,priority,0.000500,180,15,hybrid,0.050000,4000.000000,6.087000,52.000000,500.000000,500.000000,2.000000,120.000000,0.000000,125,79,125,0,125,12,34,79,0,0,0,0,0,0,0,0,0.000000,0.000000,0.000000,clear-ocean,30.000000,60.000000,0.151000,1074,3068826,786.878462,29.806002,60,14,0,46,0,165,39,1,125,0,0,0,0,0,0,0,0,0,0,0,0,0,0,0,12,34,79,12,34,79,6.188151,14.501945,38.801637,0.000000,0.000000,0.000000,0,0,0,7098.168205,13.164538,100.588487,6746.815179,239.867387,71.878795,6208.648074,0.000000,0.000000,6520.394256,7098.168205,577.773949,3.379286,1.012639,87.468314,0.000000,8.139761,17.141326,11.556582,3.416109,0.776136,7,0.000000,0,0,0,100.000000,4.773632,100.000000,29.061226,6013.551515,4663.695510,-0.000000,122.697550
2700.000000,pure-acoustic,none,hardware,1,0,0,1,priority,0.000500,180,15,hybrid,0.050000,4000.000000,6.087000,52.000000,500.000000,500.000000,2.000000,120.000000,0.000000,128,81,128,0,128,12,35,81,0,0,0,0,0,0,0,0,0.000000,0.000000,0.000000,clear-ocean,30.000000,60.000000,0.151000,1093,3120885,800.226923,29.638034,61,14,0,47,0,168,39,1,128,0,0,0,0,0,0,0,0,0,0,0,0,0,0,0,12,35,81,12,35,81,6.188151,14.136289,38.052556,0.000000,0.000000,0.000000,0,0,0,7220.648949,13.164538,103.481333,6861.003077,245.385224,73.643915,6313.312323,0.000000,0.000000,6632.341462,7220.648949,588.307487,3.398382,1.019907,87.434140,0.000000,8.147571,17.141326,11.549256,3.388150,0.760000,7,0.000000,0,0,0,100.000000,4.695458,100.000000,28.525664,6028.823704,4749.802227,-0.000000,194.196710
2760.000000,pure-acoustic,none,hardware,1,0,0,1,priority,0.000500,180,15,hybrid,0.050000,4000.000000,6.087000,52.000000,500.000000,500.000000,2.000000,120.000000,0.000000,130,83,130,0,128,12,35,81,0,0,0,0,0,0,0,0,0.000000,0.000000,0.000000,clear-ocean,30.000000,60.000000,0.151000,1114,3196746,819.678462,29.698495,61,14,0,47,0,171,41,1,128,1,0,0,0,0,0,0,0,0,0,0,0,0,0,0,12,35,83,12,35,81,6.188151,14.136289,38.052556,0.000000,0.000000,2.409639,0,0,0,7394.676641,13.164538,103.481333,7029.630769,249.521394,74.677957,6469.154418,0.000000,0.000000,6793.353769,7394.676641,601.322872,3.374338,1.009888,87.483939,0.000000,8.131835,17.141326,11.549256,3.471423,0.753986,7,0.000000,0,1,0,100.000000,4.695458,98.461538,28.525664,5897.762319,4835.908943,-0.000000,270.987089
2820.000000,pure-acoustic,none,hardware,1,0,0,1,priority,0.000500,180,15,hybrid,0.050000,4000.000000,6.087000,52.000000,500.000000,500.000000,2.000000,120.000000,0.000000,134,87,134,0,132,12,35,85,0,0,0,0,0,0,0,0,0.000000,0.000000,0.000000,clear-ocean,30.000000,60.000000,0.151000,1163,3373755,865.065385,30.676077,61,14,0,47,0,178,43,2,132,1,0,0,0,0,0,0,0,0,0,0,0,0,0,0,12,35,87,12,35,85,6.188151,14.136289,38.474435,0.000000,0.000000,2.298851,0,0,0,7791.893051,13.164538,103.481333,7421.447179,253.657564,75.712000,6832.492718,0.000000,0.000000,7161.862282,7791.893051,630.030769,3.255404,0.971677,87.687198,0.000000,8.085721,17.141326,11.549256,3.492446,0.756028,7,0.000000,0,1,0,100.000000,4.695458,98.507463,29.086022,6055.965957,4922.015659,-0.000000,345.787490
2880.000000,pure-acoustic,none,hardware,1,0,0,1,priority,0.000500,180,15,hybrid,0.050000,4000.000000,6.087000,52.000000,500.000000,500.000000,2.000000,120.000000,0.000000,136,89,136,0,133,12,35,86,0,0,0,0,0,0,0,0,0.000000,0.000000,0.000000,clear-ocean,30.000000,60.000000,0.151000,1188,3466164,888.760000,30.859722,61,14,0,47,0,182,46,2,133,1,0,0,0,0,0,0,0,0,0,0,0,0,0,0,12,35,89,12,35,86,6.188151,14.136289,38.423526,0.000000,0.000000,3.370787,0,0,0,7999.901462,13.164538,103.481333,7624.055590,257.793734,76.746043,7022.282710,0.000000,0.000000,7356.822487,7999.901462,643.078974,3.222461,0.959337,87.779615,0.000000,8.038586,17.141326,11.549256,3.546072,0.782986,7,0.000000,0,2,0,100.000000,4.695458,97.794118,29.123693,5999.244444,5008.122375,-0.000000,411.505408
2940.000000,pure-acoustic,none,hardware,1,0,0,1,priority,0.000500,180,15,hybrid,0.050000,4000.000000,6.087000,52.000000,500.000000,500.000000,2.000000,120.000000,0.000000,139,91,139,0,137,12,36,89,0,0,0,0,0,0,0,0,0.000000,0.000000,0.000000,clear-ocean,30.000000,60.000000,0.151000,1227,3582267,918.530000,31.242517,63,15,0,48,0,188,47,3,137,1,0,0,0,0,0,0,0,0,0,0,0,0,0,0,12,36,91,12,36,89,6.188151,14.149750,40.797499,0.000000,0.000000,2.197802,0,0,0,8263.603256,13.164538,107.031128,7878.807590,264.689956,77.841008,7257.052805,0.000000,0.000000,7599.583769,8263.603256,664.019487,3.203082,0.941974,87.819473,0.000000,8.035472,17.141326,11.613621,3.541037,0.825170,7,0.000000,0,1,0,100.000000,4.890501,98.561151,30.763695,6081.589116,5094.229091,-0.000000,461.909527
3000.000000,pure-acoustic,none,hardware,1,0,0,1,priority,0.000500,180,15,hybrid,0.050000,4000.000000,6.087000,52.000000,500.000000,500.000000,2.000000,120.000000,0.000000,140,91,140,0,137,12,36,89,0,0,0,0,0,0,0,0,0.000000,0.000000,0.000000,clear-ocean,30.000000,60.000000,0.151000,1252,3666996,940.255385,31.341846,65,16,0,49,0,191,50,3,137,1,0,0,0,0,0,0,0,0,0,0,0,0,0,0,12,37,91,12,36,89,6.188151,14.149750,40.797499,0.000000,2.702703,2.197802,0,0,0,8456.376333,13.164538,107.955590,8065.256205,269.667100,78.935974,7429.889772,0.000000,0.000000,7778.492846,8456.376333,677.883487,3.188920,0.933449,87.861390,0.000000,8.016241,17.141326,11.713931,3.624834,0.830000,7,0.000000,0,2,0,100.000000,5.056805,97.857143,30.763695,5959.957333,5180.335807,-0.000000,492.220574
3060.000000,pure-acoustic,none,hardware,1,0,0,1,priority,0.000500,180,15,hybrid,0.050000,4000.000000,6.087000,52.000000,500.000000,500.000000,2.000000,120.000000,0.000000,143,94,143,0,141,12,37,92,0,0,0,0,0,0,0,0,0.000000,0.000000,0.000000,clear-ocean,30.000000,60.000000,0.151000,1286,3785454,970.629231,31.719910,65,16,0,49,0,197,51,4,141,1,0,0,0,0,0,0,0,0,0,0,0,0,0,0,12,37,94,12,37,92,6.188151,14.676965,43.192514,0.000000,0.000000,2.127660,0,0,0,8719.685051,13.164538,108.661846,8322.458667,273.803271,79.970016,7673.123457,0.000000,0.000000,8026.896744,8719.685051,692.788308,3.140059,0.917120,87.997713,0.000000,7.945107,17.141326,11.471901,3.618460,0.874837,7,0.000000,0,1,0,100.000000,5.056805,98.601399,32.560403,6039.843137,5266.442523,0.000000,499.564484
3120.000000,pure-acoustic,none,hardware,1,0,0,1,priority,0.000500,180,15,hybrid,0.050000,4000.000000,6.087000,52.000000,500.000000,500.000000,2.000000,120.000000,0.000000,146,94,146,0,146,15,37,94,0,0,0,0,0,0,0,0,0.000000,0.000000,0.000000,clear-ocean,30.000000,60.000000,0.151000,1313,3833361,982.913077,31.503624,69,17,0,52,0,201,51,4,146,0,0,0,0,0,0,0,0,0,0,0,0,0,0,0,15,37,94,15,37,94,6.016848,14.676965,43.324533,0.000000,0.000000,0.000000,0,0,0,8833.537897,15.915641,108.661846,8428.160410,279.728902,81.068674,7769.349141,0.000000,0.000000,8130.146718,8833.537897,703.391179,3.166669,0.917737,87.952859,0.000000,7.962735,16.578793,11.471901,3.586451,0.861538,7,0.000000,0,0,0,100.000000,5.028747,100.000000,32.231552,6052.389744,5352.549240,0.000000,483.244912
3180.000000,pure-acoustic,none,hardware,1,0,0,1,priority,0.000500,180,15,hybrid,0.050000,4000.000000,6.087000,52.000000,500.000000,500.000000,2.000000,120.000000,0.000000,150,97,150,0,150,15,38,97,0,0,0,0,0,0,0,0,0.000000,0.000000,0.000000,clear-ocean,30.000000,60.000000,0.151000,1344,3935400,1009.076923,31.731979,70,17,0,53,0,206,52,4,150,0,0,0,0,0,0,0,0,0,0,0,0,0,0,0,15,38,97,15,38,97,6.016848,14.689969,42.491790,0.000000,0.000000,0.000000,0,0,0,9068.321256,15.915641,110.554128,8655.651487,284.287201,82.833794,7977.717185,0.000000,0.000000,8344.838179,9068.321256,723.483077,3.134948,0.913441,87.973473,0.000000,7.978137,16.578793,11.364528,3.569341,0.852516,7,0.000000,0,0,0,100.000000,4.945998,100.000000,31.801168,6127.516981,5438.655956,0.000000,444.809266
3240.000000,pure-acoustic,none,hardware,1,0,0,1,priority,0.000500,180,15,hybrid,0.050000,4000.000000,6.087000,52.000000,500.000000,500.000000,2.000000,120.000000,0.000000,155,100,155,0,154,15,40,99,0,0,0,0,0,0,0,0,0.000000,0.000000,0.000000,clear-ocean,30.000000,60.000000,0.151000,1376,4022208,1031.335385,31.831339,72,17,0,55,0,212,53,4,154,1,0,0,0,0,0,0,0,0,0,0,0,0,0,0,15,40,100,15,40,99,6.016848,14.480486,42.004273,0.000000,0.000000,1.000000,0,0,0,9266.777385,15.915641,116.240821,8843.020923,289.747397,86.670298,8151.910870,0.000000,0.000000,8528.328564,9266.777385,738.448821,3.126733,0.935280,87.969210,0.000000,7.968777,16.578793,11.351643,3.572938,0.848148,7,0.000000,0,0,0,100.000000,4.808764,99.354839,31.349969,6138.765432,5524.762672,0.000000,387.901981
3300.000000,pure-acoustic,none,hardware,1,0,0,1,priority,0.000500,180,15,hybrid,0.050000,4000.000000,6.087000,52.000000,500.000000,500.000000,2.000000,120.000000,0.000000,158,103,158,0,155,15,40,100,0,0,0,0,0,0,0,0,0.000000,0.000000,0.000000,clear-ocean,30.000000,60.000000,0.151000,1409,4140369,1061.633077,32.170699,72,17,0,55,0,216,56,4,155,1,0,0,0,0,0,0,0,0,0,0,0,0,0,0,15,40,103,15,40,100,6.016848,14.480486,42.214670,0.000000,0.000000,2.912621,0,0,0,9537.135949,15.915641,116.240821,9107.979487,293.883567,87.704340,8394.525477,0.000000,0.000000,8776.113385,9537.135949,761.022564,3.081466,0.919609,88.019354,0.000000,7.979571,16.578793,11.351643,3.643192,0.836061,7,0.000000,0,2,0,100.000000,4.808764,98.101266,31.554446,6087.757576,5610.869388,0.000000,317.918952
3360.000000,pure-acoustic,none,hardware,1,0,0,1,priority,0.000500,180,15,hybrid,0.050000,4000.000000,6.087000,52.000000,500.000000,500.000000,2.000000,120.000000,0.000000,161,104,161,0,156,15,40,101,0,0,0,0,0,0,0,0,0.000000,0.000000,0.000000,clear-ocean,30.000000,60.000000,0.151000,1442,4242618,1087.850769,32.376511,74,17,0,57,0,220,59,4,156,1,0,0,0,0,0,0,0,0,0,0,0,0,0,0,16,41,104,15,40,101,6.016848,14.480486,42.261986,6.250000,2.439024,2.884615,0,0,0,9770.366026,16.358282,117.906615,9333.701128,299.072993,89.727921,8602.307265,0.000000,0.000000,8991.108179,9770.366026,779.257846,3.061021,0.918368,88.044882,0.000000,7.975728,17.039877,11.514318,3.696515,0.870238,7,0.000000,0,4,0,100.000000,4.663148,96.894410,31.653415,6038.571429,5696.976104,0.000000,241.495910
3420.000000,pure-acoustic,none,hardware,1,0,0,1,priority,0.000500,180,15,hybrid,0.050000,4000.000000,6.087000,52.000000,500.000000,500.000000,2.000000,120.000000,0.000000,163,106,163,0,161,16,41,104,0,0,0,0,0,0,0,0,0.000000,0.000000,0.000000,clear-ocean,30.000000,60.000000,0.151000,1477,4364853,1119.193077,32.724944,74,17,0,57,0,227,61,4,161,1,0,0,0,0,0,0,0,0,0,0,0,0,0,0,16,41,106,16,41,104,8.752849,15.818559,43.241087,0.000000,0.000000,1.886792,0,0,0,10049.213000,16.631308,118.612872,9606.168821,303.209164,90.761964,8853.291924,0.000000,0.000000,9247.263051,10049.213000,801.949949,3.017243,0.903175,88.099356,0.000000,7.980226,16.241511,11.300769,3.694680,0.896491,7,0.000000,0,1,0,100.000000,4.663148,98.773006,32.830308,6108.818713,5783.082820,0.000000,165.879217
3480.000000,pure-acoustic,none,hardware,1,0,0,1,priority,0.000500,180,15,hybrid,0.050000,4000.000000,6.087000,52.000000,500.000000,500.000000,2.000000,120.000000,0.000000,163,106,163,0,163,16,41,106,0,0,0,0,0,0,0,0,0.000000,0.000000,0.000000,clear-ocean,30.000000,60.000000,0.151000,1493,4420029,1133.340769,32.567263,74,17,0,57,0,229,62,4,163,0,0,0,0,0,0,0,0,0,0,0,0,0,0,0,16,41,106,16,41,106,8.752849,15.818559,43.481412,0.000000,0.000000,0.000000,0,0,0,10179.184897,16.631308,118.612872,9730.740718,307.345334,91.796007,8966.709813,0.000000,0.000000,9365.851154,10179.184897,813.333744,3.019351,0.901801,88.088682,0.000000,7.990166,16.241511,11.300769,3.671978,0.882471,7,0.000000,0,0,0,100.000000,4.663148,100.000000,33.114332,6118.436782,5869.189536,0.000000,98.238782
3540.000000,pure-acoustic,none,hardware,1,0,0,1,priority,0.000500,180,15,hybrid,0.050000,4000.000000,6.087000,52.000000,500.000000,500.000000,2.000000,120.000000,0.000000,169,110,169,0,166,17,41,108,0,0,0,0,0,0,0,0,0.000000,0.000000,0.000000,clear-ocean,30.000000,60.000000,0.151000,1527,4510887,1156.637692,32.673381,77,18,0,59,0,234,63,4,166,1,0,0,0,0,0,0,0,0,0,0,0,0,0,0,17,42,110,17,41,108,8.275143,15.818559,42.834196,0.000000,2.380952,1.818182,0,0,0,10384.722308,17.099795,122.426205,9926.596308,315.352453,92.912511,9148.290985,0.000000,0.000000,9556.555949,10384.722308,828.166359,3.036696,0.894704,88.093747,0.000000,7.974853,15.716723,11.664082,3.676517,0.872034,7,0.000000,0,2,0,100.000000,4.751809,98.224852,32.622479,6127.873446,5955.296253,0.000000,44.988210
3600.000000,pure-acoustic,none,hardware,1,0,0,1,priority,0.000500,180,15,hybrid,0.050000,4000.000000,6.087000,52.000000,500.000000,500.000000,2.000000,120.000000,0.000000,172,112,171,0,171,17,42,112,0,0,0,0,0,0,0,0,0.000000,0.000000,0.000000,clear-ocean,30.000000,60.000000,0.151000,1565,4626693,1186.331538,32.953654,78,18,0,59,1,239,64,4,171,0,0,0,0,0,0,0,0,0,0,0,0,0,0,0,17,43,112,17,42,112,8.275143,16.026688,42.501795,0.000000,2.325581,0.000000,0,0,0,10651.634821,17.099795,125.660769,10184.874256,321.346777,94.616707,9383.041798,0.000000,0.000000,9799.005282,10651.634821,852.629538,3.016878,0.888283,88.090157,0.000000,8.004682,15.716723,11.687200,3.637455,0.875000,7,0.000000,0,0,0,99.418605,4.751809,99.418605,32.596488,6248.533333,6041.402969,0.000000,11.176673
3660.000000,pure-acoustic,none,hardware,1,0,0,1,priority,0.000500,180,15,hybrid,0.050000,4000.000000,6.087000,52.000000,500.000000,500.000000,2.000000,120.000000,0.000000,175,115,175,0,174,17,43,114,0,0,0,0,0,0,0,0,0.000000,0.000000,0.000000,clear-ocean,30.000000,60.000000,0.151000,1599,4729623,1212.723846,33.134531,79,19,0,60,0,244,65,4,174,1,0,0,0,0,0,0,0,0,0,0,0,0,0,0,17,43,115,17,43,114,8.275143,16.023780,42.071752,0.000000,0.000000,0.869565,0,0,0,10887.013795,17.099795,129.033385,10411.480615,327.344383,96.381827,9591.447585,0.000000,0.000000,10015.173795,10887.013795,871.840000,3.006742,0.885292,88.099894,0.000000,8.008073,15.716723,11.721783,3.653151,0.861749,7,0.000000,0,0,0,100.000000,4.913698,99.428571,32.332642,6255.947541,6127.509685,-0.000000,0.010149
3720.000000,pure-acoustic,none,hardware,1,0,0,1,priority,0.000500,180,15,hybrid,0.050000,4000.000000,6.087000,52.000000,500.000000,500.000000,2.000000,120.000000,0.000000,176,116,176,0,176,17,43,116,0,0,0,0,0,0,0,0,0.000000,0.000000,0.000000,clear-ocean,30.000000,60.000000,0.151000,1613,4780197,1225.691538,32.948697,79,19,0,60,0,246,66,4,176,0,0,0,0,0,0,0,0,0,0,0,0,0,0,0,17,43,116,17,43,116,8.275143,16.023780,41.679951,0.000000,0.000000,0.000000,0,0,0,11006.601692,17.099795,129.033385,10525.668513,331.480553,97.415869,9695.425475,0.000000,0.000000,10124.321897,11006.601692,882.279795,3.011652,0.885068,88.087366,0.000000,8.015915,15.716723,11.721783,3.629541,0.848925,7,0.000000,0,0,0,100.000000,4.913698,100.000000,32.185081,6262.572043,6213.616401,-0.000000,12.547440
3780.000000,pure-acoustic,none,hardware,1,0,0,1,priority,0.000500,180,15,hybrid,0.050000,4000.000000,6.087000,52.000000,500.000000,500.000000,2.000000,120.000000,0.000000,179,118,179,0,179,18,43,118,0,0,0,0,0,0,0,0,0.000000,0.000000,0.000000,clear-ocean,30.000000,60.000000,0.151000,1631,4831191,1238.766923,32.771612,80,19,0,61,0,249,66,4,179,0,0,0,0,0,0,0,0,0,0,0,0,0,0,0,18,43,118,18,43,118,7.898616,16.023780,41.141750,0.000000,0.000000,0.000000,0,0,0,11127.074872,17.985077,129.033385,10639.856410,335.937698,98.708373,9799.654852,0.000000,0.000000,10234.300923,11127.074872,892.773949,3.019102,0.887101,88.070360,0.000000,8.023438,15.612046,11.721783,3.606731,0.837037,7,0.000000,0,0,0,100.000000,4.842587,100.000000,31.764939,6269.121693,6299.723117,-0.000000,47.599769
3840.000000,pure-acoustic,none,hardware,1,0,0,1,priority,0.000500,180,15,hybrid,0.050000,4000.000000,6.087000,52.000000,500.000000,500.000000,2.000000,120.000000,0.000000,181,120,181,0,179,18,43,118,0,0,0,0,0,0,0,0,0.000000,0.000000,0.000000,clear-ocean,30.000000,60.000000,0.151000,1634,4843602,1241.949231,32.342428,80,19,0,61,0,250,66,4,179,1,0,0,0,0,0,0,0,0,0,0,0,0,0,0,18,43,120,18,43,118,7.898616,16.023780,41.141750,0.000000,0.000000,1.666667,0,0,0,11158.781949,17.985077,129.033385,10666.163487,340.073868,99.742416,9825.343101,0.000000,0.000000,10265.159385,11158.781949,893.622564,3.047590,0.893847,88.050319,0.000000,8.008245,15.612046,11.721783,3.615649,0.825000,7,0.000000,0,1,0,100.000000,4.842587,98.895028,31.764939,6171.166667,6385.829833,-0.000000,101.843508
3900.000000,pure-acoustic,none,hardware,1,0,0,1,priority,0.000500,180,15,hybrid,0.050000,4000.000000,6.087000,52.000000,500.000000,500.000000,2.000000,120.000000,0.000000,184,122,184,0,183,18,44,121,0,0,0,0,0,0,0,0,0.000000,0.000000,0.000000,clear-ocean,30.000000,60.000000,0.151000,1668,4958052,1271.295385,32.597318,81,19,0,62,0,255,67,4,183,1,0,0,0,0,0,0,0,0,0,0,0,0,0,0,18,44,122,18,44,121,7.898616,15.703776,40.394401,0.000000,0.000000,0.819672,0,0,0,11420.520359,17.985077,130.725026,10920.810256,345.111936,100.837381,10059.159350,0.000000,0.000000,10505.108667,11420.520359,915.411692,3.021858,0.882949,88.079694,0.000000,8.015499,15.612046,11.605560,3.610185,0.814615,7,0.000000,0,0,0,100.000000,4.771842,99.456522,31.261551,6230.596923,6471.936549,-0.000000,170.135312
3960.000000,pure-acoustic,none,hardware,1,0,0,1,priority,0.000500,180,15,hybrid,0.050000,4000.000000,6.087000,52.000000,500.000000,500.000000,2.000000,120.000000,0.000000,186,124,186,0,185,18,44,123,0,0,0,0,0,0,0,0,0.000000,0.000000,0.000000,clear-ocean,30.000000,60.000000,0.151000,1697,5059665,1297.350000,32.761364,81,19,0,62,0,259,69,4,185,1,0,0,0,0,0,0,0,0,0,0,0,0,0,0,18,44,124,18,44,123,7.898616,15.703776,40.321314,0.000000,0.000000,0.806452,0,0,0,11654.424564,17.985077,130.725026,11149.314462,349.248106,101.871424,10267.832624,0.000000,0.000000,10718.952154,11654.424564,935.472410,2.996700,0.874101,88.102442,0.000000,8.026758,15.612046,11.605560,3.625793,0.806818,7,0.000000,0,0,0,100.000000,4.771842,99.462366,31.311691,6237.204040,6558.043266,-0.000000,245.999815
4020.000000,pure-acoustic,none,hardware,1,0,0,1,priority,0.000500,180,15,hybrid,0.050000,4000.000000,6.087000,52.000000,500.000000,500.000000,2.000000,120.000000,0.000000,190,126,190,0,190,19,45,126,0,0,0,0,0,0,0,0,0.000000,0.000000,0.000000,clear-ocean,30.000000,60.000000,0.151000,1727,5137239,1317.240769,32.767183,84,20,0,64,0,264,70,4,190,0,0,0,0,0,0,0,0,0,0,0,0,0,0,0,19,45,126,19,45,126,8.269188,15.386876,40.066412,0.000000,0.000000,0.000000,0,0,0,11834.579128,19.085744,133.097077,11320.596308,354.585609,104.131928,10424.581386,0.000000,0.000000,10883.298923,11834.579128,951.280205,2.996183,0.879895,88.085780,0.000000,8.038141,15.695513,11.553566,3.593840,0.801990,7,0.000000,0,0,0,100.000000,4.850055,100.000000,31.041536,6294.001990,6644.149982,-0.000000,322.243612
4080.000000,pure-acoustic,none,hardware,1,0,0,1,priority,0.000500,180,15,hybrid,0.050000,4000.000000,6.087000,52.000000,500.000000,500.000000,2.000000,120.000000,0.000000,190,126,190,0,190,19,45,126,0,0,0,0,0,0,0,0,0.000000,0.000000,0.000000,clear-ocean,30.000000,60.000000,0.151000,1727,5137239,1317.240769,32.285313,84,20,0,64,0,264,70,4,190,0,0,0,0,0,0,0,0,0,0,0,0,0,0,0,19,45,126,19,45,126,8.269188,15.386876,40.066412,0.000000,0.000000,0.000000,0,0,0,11839.979128,19.085744,133.097077,11320.596308,358.721780,105.165971,10424.811173,0.000000,0.000000,10888.698923,11839.979128,951.280205,3.029750,0.888228,88.047547,0.000000,8.034475,15.695513,11.553566,3.593840,0.790196,7,0.000000,0,0,0,100.000000,4.850055,100.000000,31.041536,6201.443137,6730.256698,-0.000000,391.637334
4140.000000,pure-acoustic,none,hardware,1,0,0,1,priority,0.000500,180,15,hybrid,0.050000,4000.000000,6.087000,52.000000,500.000000,500.000000,2.000000,120.000000,0.000000,190,126,190,0,190,19,45,126,0,0,0,0,0,0,0,0,0.000000,0.000000,0.000000,clear-ocean,30.000000,60.000000,0.151000,1727,5137239,1317.240769,31.817410,84,20,0,64,0,264,70,4,190,0,0,0,0,0,0,0,0,0,0,0,0,0,0,0,19,45,126,19,45,126,8.269188,15.386876,40.066412,0.000000,0.000000,0.000000,0,0,0,11845.379128,19.085744,133.097077,11320.596308,362.857950,106.200013,10425.040960,0.000000,0.000000,10894.098923,11845.379128,951.280205,3.063287,0.896552,88.009348,0.000000,8.030813,15.695513,11.553566,3.593840,0.778744,7,0.000000,0,0,0,100.000000,4.850055,100.000000,31.041536,6111.567150,6816.363414,-0.000000,447.601131
4200.000000,pure-acoustic,none,hardware,1,0,0,1,priority,0.000500,180,15,hybrid,0.050000,4000.000000,6.087000,52.000000,500.000000,500.000000,2.000000,120.000000,0.000000,190,126,190,0,190,19,45,126,0,0,0,0,0,0,0,0,0.000000,0.000000,0.000000,clear-ocean,30.000000,60.000000,0.151000,1727,5137239,1317.240769,31.362875,84,20,0,64,0,264,70,4,190,0,0,0,0,0,0,0,0,0,0,0,0,0,0,0,19,45,126,19,45,126,8.269188,15.386876,40.066412,0.000000,0.000000,0.000000,0,0,0,11850.779128,19.085744,133.097077,11320.596308,366.994120,107.234056,10425.270747,0.000000,0.000000,10899.498923,11850.779128,951.280205,3.096793,0.904869,87.971184,0.000000,8.027153,15.695513,11.553566,3.593840,0.767619,7,0.000000,0,0,0,100.000000,4.850055,100.000000,31.041536,6024.259048,6902.470130,-0.000000,484.828565
4260.000000,pure-acoustic,none,hardware,1,0,0,1,priority,0.000500,180,15,hybrid,0.050000,4000.000000,6.087000,52.000000,500.000000,500.000000,2.000000,120.000000,0.000000,190,126,190,0,190,19,45,126,0,0,0,0,0,0,0,0,0.000000,0.000000,0.000000,clear-ocean,30.000000,60.000000,0.151000,1727,5137239,1317.240769,30.921145,84,20,0,64,0,264,70,4,190,0,0,0,0,0,0,0,0,0,0,0,0,0,0,0,19,45,126,19,45,126,8.269188,15.386876,40.066412,0.000000,0.000000,0.000000,0,0,0,11856.179128,19.085744,133.097077,11320.596308,371.130290,108.268098,10425.500535,0.000000,0.000000,10904.898923,11856.179128,951.280205,3.130269,0.913179,87.933055,0.000000,8.023497,15.695513,11.553566,3.593840,0.756808,7,0.000000,0,0,0,100.000000,4.850055,100.000000,31.041536,5939.410329,6988.576846,-0.000000,499.789765
4320.000000,pure-acoustic,none,hardware,1,0,0,1,priority,0.000500,180,15,hybrid,0.050000,4000.000000,6.087000,52.000000,500.000000,500.000000,2.000000,120.000000,0.000000,190,126,190,0,190,19,45,126,0,0,0,0,0,0,0,0,0.000000,0.000000,0.000000,clear-ocean,30.000000,60.000000,0.151000,1727,5137239,1317.240769,30.491684,84,20,0,64,0,264,70,4,190,0,0,0,0,0,0,0,0,0,0,0,0,0,0,0,19,45,126,19,45,126,8.269188,15.386876,40.066412,0.000000,0.000000,0.000000,0,0,0,11861.579128,19.085744,133.097077,11320.596308,375.266460,109.302141,10425.730322,0.000000,0.000000,10910.298923,11861.579128,951.280205,3.163714,0.921481,87.894961,0.000000,8.019845,15.695513,11.553566,3.593840,0.746296,7,0.000000,0,0,0,100.000000,4.850055,100.000000,31.041536,5856.918519,7074.683562,0.000000,491.066123
4380.000000,pure-acoustic,none,hardware,1,0,0,1,priority,0.000500,180,15,hybrid,0.050000,4000.000000,6.087000,52.000000,500.000000,500.000000,2.000000,120.000000,0.000000,190,126,190,0,190,19,45,126,0,0,0,0,0,0,0,0,0.000000,0.000000,0.000000,clear-ocean,30.000000,60.000000,0.151000,1727,5137239,1317.240769,30.073990,84,20,0,64,0,264,70,4,190,0,0,0,0,0,0,0,0,0,0,0,0,0,0,0,19,45,126,19,45,126,8.269188,15.386876,40.066412,0.000000,0.000000,0.000000,0,0,0,11866.979128,19.085744,133.097077,11320.596308,379.402631,110.336183,10425.960109,0.000000,0.000000,10915.698923,11866.979128,951.280205,3.197129,0.929775,87.856901,0.000000,8.016195,15.695513,11.553566,3.593840,0.736073,7,0.000000,0,0,0,100.000000,4.850055,100.000000,31.041536,5776.686758,7160.790279,0.000000,459.484807
4440.000000,pure-acoustic,none,hardware,1,0,0,1,priority,0.000500,180,15,hybrid,0.050000,4000.000000,6.087000,52.000000,500.000000,500.000000,2.000000,120.000000,0.000000,190,126,190,0,190,19,45,126,0,0,0,0,0,0,0,0,0.000000,0.000000,0.000000,clear-ocean,30.000000,60.000000,0.151000,1727,5137239,1317.240769,29.667585,84,20,0,64,0,264,70,4,190,0,0,0,0,0,0,0,0,0,0,0,0,0,0,0,19,45,126,19,45,126,8.269188,15.386876,40.066412,0.000000,0.000000,0.000000,0,0,0,11872.379128,19.085744,133.097077,11320.596308,383.538801,111.370226,10426.189896,0.000000,0.000000,10921.098923,11872.379128,951.280205,3.230513,0.938062,87.818876,0.000000,8.012549,15.695513,11.553566,3.593840,0.726126,7,0.000000,0,0,0,100.000000,4.850055,100.000000,31.041536,5698.623423,7246.896995,0.000000,408.040329
4500.000000,pure-acoustic,none,hardware,1,0,0,1,priority,0.000500,180,15,hybrid,0.050000,4000.000000,6.087000,52.000000,500.000000,500.000000,2.000000,120.000000,0.000000,190,126,190,0,190,19,45,126,0,0,0,0,0,0,0,0,0.000000,0.000000,0.000000,clear-ocean,30.000000,60.000000,0.151000,1727,5137239,1317.240769,29.272017,84,20,0,64,0,264,70,4,190,0,0,0,0,0,0,0,0,0,0,0,0,0,0,0,19,45,126,19,45,126,8.269188,15.386876,40.066412,0.000000,0.000000,0.000000,0,0,0,11877.779128,19.085744,133.097077,11320.596308,387.674971,112.404268,10426.419684,0.000000,0.000000,10926.498923,11877.779128,951.280205,3.263867,0.946341,87.780885,0.000000,8.008906,15.695513,11.553566,3.593840,0.716444,7,0.000000,0,0,0,100.000000,4.850055,100.000000,31.041536,5622.641778,7333.003711,0.000000,341.610608
4560.000000,pure-acoustic,none,hardware,1,0,0,1,priority,0.000500,180,15,hybrid,0.050000,4000.000000,6.087000,52.000000,500.000000,500.000000,2.000000,120.000000,0.000000,190,126,190,0,190,19,45,126,0,0,0,0,0,0,0,0,0.000000,0.000000,0.000000,clear-ocean,30.000000,60.000000,0.151000,1727,5137239,1317.240769,28.886859,84,20,0,64,0,264,70,4,190,0,0,0,0,0,0,0,0,0,0,0,0,0,0,0,19,45,126,19,45,126,8.269188,15.386876,40.066412,0.000000,0.000000,0.000000,0,0,0,11883.179128,19.085744,133.097077,11320.596308,391.811141,113.438311,10426.649471,0.000000,0.000000,10931.898923,11883.179128,951.280205,3.297191,0.954612,87.742929,0.000000,8.005267,15.695513,11.553566,3.593840,0.707018,7,0.000000,0,0,0,100.000000,4.850055,100.000000,31.041536,5548.659649,7419.110427,0.000000,266.494452
4620.000000,pure-acoustic,none,hardware,1,0,0,1,priority,0.000500,180,15,hybrid,0.050000,4000.000000,6.087000,52.000000,500.000000,500.000000,2.000000,120.000000,0.000000,190,126,190,0,190,19,45,126,0,0,0,0,0,0,0,0,0.000000,0.000000,0.000000,clear-ocean,30.000000,60.000000,0.151000,1727,5137239,1317.240769,28.511705,84,20,0,64,0,264,70,4,190,0,0,0,0,0,0,0,0,0,0,0,0,0,0,0,19,45,126,19,45,126,8.269188,15.386876,40.066412,0.000000,0.000000,0.000000,0,0,0,11888.579128,19.085744,133.097077,11320.596308,395.947312,114.472354,10426.879258,0.000000,0.000000,10937.298923,11888.579128,951.280205,3.330485,0.962877,87.705008,0.000000,8.001631,15.695513,11.553566,3.593840,0.697835,7,0.000000,0,0,0,100.000000,4.850055,100.000000,31.041536,5476.599134,7505.217143,0.000000,189.814306
4680.000000,pure-acoustic,none,hardware,1,0,0,1,priority,0.000500,180,15,hybrid,0.050000,4000.000000,6.087000,52.000000,500.000000,500.000000,2.000000,120.000000,0.000000,190,126,190,0,190,19,45,126,0,0,0,0,0,0,0,0,0.000000,0.000000,0.000000,clear-ocean,30.000000,60.000000,0.151000,1727,5137239,1317.240769,28.146170,84,20,0,64,0,264,70,4,190,0,0,0,0,0,0,0,0,0,0,0,0,0,0,0,19,45,126,19,45,126,8.269188,15.386876,40.066412,0.000000,0.000000,0.000000,0,0,0,11893.979128,19.085744,133.097077,11320.596308,400.083482,115.506396,10427.109045,0.000000,0.000000,10942.698923,11893.979128,951.280205,3.363748,0.971133,87.667121,0.000000,7.997998,15.695513,11.553566,3.593840,0.688889,7,0.000000,0,0,0,100.000000,4.850055,100.000000,31.041536,5406.386325,7591.323859,0.000000,118.840914
4740.000000,pure-acoustic,none,hardware,1,0,0,1,priority,0.000500,180,15,hybrid,0.050000,4000.000000,6.087000,52.000000,500.000000,500.000000,2.000000,120.000000,0.000000,190,126,190,0,190,19,45,126,0,0,0,0,0,0,0,0,0.000000,0.000000,0.000000,clear-ocean,30.000000,60.000000,0.151000,1727,5137239,1317.240769,27.789890,84,20,0,64,0,264,70,4,190,0,0,0,0,0,0,0,0,0,0,0,0,0,0,0,19,45,126,19,45,126,8.269188,15.386876,40.066412,0.000000,0.000000,0.000000,0,0,0,11899.379128,19.085744,133.097077,11320.596308,404.219652,116.540439,10427.338833,0.000000,0.000000,10948.098923,11899.379128,951.280205,3.396981,0.979383,87.629268,0.000000,7.994368,15.695513,11.553566,3.593840,0.680169,7,0.000000,0,0,0,100.000000,4.850055,100.000000,31.041536,5337.951055,7677.430575,0.000000,60.303909
4800.000000,pure-acoustic,none,hardware,1,0,0,1,priority,0.000500,180,15,hybrid,0.050000,4000.000000,6.087000,52.000000,500.000000,500.000000,2.000000,120.000000,0.000000,190,126,190,0,190,19,45,126,0,0,0,0,0,0,0,0,0.000000,0.000000,0.000000,clear-ocean,30.000000,60.000000,0.151000,1727,5137239,1317.240769,27.442516,84,20,0,64,0,264,70,4,190,0,0,0,0,0,0,0,0,0,0,0,0,0,0,0,19,45,126,19,45,126,8.269188,15.386876,40.066412,0.000000,0.000000,0.000000,0,0,0,11904.779128,19.085744,133.097077,11320.596308,408.355822,117.574481,10427.568620,0.000000,0.000000,10953.498923,11904.779128,951.280205,3.430184,0.987624,87.591450,0.000000,7.990742,15.695513,11.553566,3.593840,0.671667,7,0.000000,0,0,0,100.000000,4.850055,100.000000,31.041536,5271.226667,7763.537292,0.000000,19.753718
4860.000000,pure-acoustic,none,hardware,1,0,0,1,priority,0.000500,180,15,hybrid,0.050000,4000.000000,6.087000,52.000000,500.000000,500.000000,2.000000,120.000000,0.000000,190,126,190,0,190,19,45,126,0,0,0,0,0,0,0,0,0.000000,0.000000,0.000000,clear-ocean,30.000000,60.000000,0.151000,1727,5137239,1317.240769,27.103720,84,20,0,64,0,264,70,4,190,0,0,0,0,0,0,0,0,0,0,0,0,0,0,0,19,45,126,19,45,126,8.269188,15.386876,40.066412,0.000000,0.000000,0.000000,0,0,0,11910.179128,19.085744,133.097077,11320.596308,412.491992,118.608524,10427.798407,0.000000,0.000000,10958.898923,11910.179128,951.280205,3.463357,0.995858,87.553666,0.000000,7.987119,15.695513,11.553566,3.593840,0.663374,7,0.000000,0,0,0,100.000000,4.850055,100.000000,31.041536,5206.149794,7849.644008,0.000000,1.035273
4920.000000,pure-acoustic,none,hardware,1,0,0,1,priority,0.000500,180,15,hybrid,0.050000,4000.000000,6.087000,52.000000,500.000000,500.000000,2.000000,120.000000,0.000000,190,126,190,0,190,19,45,126,0,0,0,0,0,0,0,0,0.000000,0.000000,0.000000,clear-ocean,30.000000,60.000000,0.151000,1727,5137239,1317.240769,26.773186,84,20,0,64,0,264,70,4,190,0,0,0,0,0,0,0,0,0,0,0,0,0,0,0,19,45,126,19,45,126,8.269188,15.386876,40.066412,0.000000,0.000000,0.000000,0,0,0,11915.579128,19.085744,133.097077,11320.596308,416.628163,119.642566,10428.028194,0.000000,0.000000,10964.298923,11915.579128,951.280205,3.496499,1.004085,87.515916,0.000000,7.983500,15.695513,11.553566,3.593840,0.655285,7,0.000000,0,0,0,100.000000,4.850055,100.000000,31.041536,5142.660163,7935.750724,-0.000000,5.923441
4980.000000,pure-acoustic,none,hardware,1,0,0,1,priority,0.000500,180,15,hybrid,0.050000,4000.000000,6.087000,52.000000,500.000000,500.000000,2.000000,120.000000,0.000000,190,126,190,0,190,19,45,126,0,0,0,0,0,0,0,0,0.000000,0.000000,0.000000,clear-ocean,30.000000,60.000000,0.151000,1727,5137239,1317.240769,26.450618,84,20,0,64,0,264,70,4,190,0,0,0,0,0,0,0,0,0,0,0,0,0,0,0,19,45,126,19,45,126,8.269188,15.386876,40.066412,0.000000,0.000000,0.000000,0,0,0,11920.979128,19.085744,133.097077,11320.596308,420.764333,120.676609,10428.257981,0.000000,0.000000,10969.698923,11920.979128,951.280205,3.529612,1.012305,87.478200,0.000000,7.979883,15.695513,11.553566,3.593840,0.647390,7,0.000000,0,0,0,100.000000,4.850055,100.000000,31.041536,5080.700402,8021.857440,-0.000000,33.954730
5040.000000,pure-acoustic,none,hardware,1,0,0,1,priority,0.000500,180,15,hybrid,0.050000,4000.000000,6.087000,52.000000,500.000000,500.000000,2.000000,120.000000,0.000000,190,126,190,0,190,19,45,126,0,0,0,0,0,0,0,0,0.000000,0.000000,0.000000,clear-ocean,30.000000,60.000000,0.151000,1727,5137239,1317.240769,26.135730,84,20,0,64,0,264,70,4,190,0,0,0,0,0,0,0,0,0,0,0,0,0,0,0,19,45,126,19,45,126,8.269188,15.386876,40.066412,0.000000,0.000000,0.000000,0,0,0,11926.379128,19.085744,133.097077,11320.596308,424.900503,121.710651,10428.487769,0.000000,0.000000,10975.098923,11926.379128,951.280205,3.562695,1.020516,87.440519,0.000000,7.976270,15.695513,11.553566,3.593840,0.639683,7,0.000000,0,0,0,100.000000,4.850055,100.000000,31.041536,5020.215873,8107.964156,-0.000000,82.471238
5100.000000,pure-acoustic,none,hardware,1,0,0,1,priority,0.000500,180,15,hybrid,0.050000,4000.000000,6.087000,52.000000,500.000000,500.000000,2.000000,120.000000,0.000000,190,126,190,0,190,19,45,126,0,0,0,0,0,0,0,0,0.000000,0.000000,0.000000,clear-ocean,30.000000,60.000000,0.151000,1727,5137239,1317.240769,25.828250,84,20,0,64,0,264,70,4,190,0,0,0,0,0,0,0,0,0,0,0,0,0,0,0,19,45,126,19,45,126,8.269188,15.386876,40.066412,0.000000,0.000000,0.000000,0,0,0,11931.779128,19.085744,133.097077,11320.596308,429.036673,122.744694,10428.717556,0.000000,0.000000,10980.498923,11931.779128,951.280205,3.595748,1.028721,87.402871,0.000000,7.972660,15.695513,11.553566,3.593840,0.632157,7,0.000000,0,0,0,100.000000,4.850055,100.000000,31.041536,4961.154510,8194.070872,-0.000000,146.872673
5160.000000,pure-acoustic,none,hardware,1,0,0,1,priority,0.000500,180,15,hybrid,0.050000,4000.000000,6.087000,52.000000,500.000000,500.000000,2.000000,120.000000,0.000000,190,126,190,0,190,19,45,126,0,0,0,0,0,0,0,0,0.000000,0.000000,0.000000,clear-ocean,30.000000,60.000000,0.151000,1727,5137239,1317.240769,25.527922,84,20,0,64,0,264,70,4,190,0,0,0,0,0,0,0,0,0,0,0,0,0,0,0,19,45,126,19,45,126,8.269188,15.386876,40.066412,0.000000,0.000000,0.000000,0,0,0,11937.179128,19.085744,133.097077,11320.596308,433.172843,123.778736,10428.947343,0.000000,0.000000,10985.898923,11937.179128,951.280205,3.628771,1.036918,87.365258,0.000000,7.969054,15.695513,11.553566,3.593840,0.624806,7,0.000000,0,0,0,100.000000,4.850055,100.000000,31.041536,4903.466667,8280.177588,-0.000000,221.052549
5220.000000,pure-acoustic,none,hardware,1,0,0,1,priority,0.000500,180,15,hybrid,0.050000,4000.000000,6.087000,52.000000,500.000000,500.000000,2.000000,120.000000,0.000000,190,126,190,0,190,19,45,126,0,0,0,0,0,0,0,0,0.000000,0.000000,0.000000,clear-ocean,30.000000,60.000000,0.151000,1727,5137239,1317.240769,25.234497,84,20,0,64,0,264,70,4,190,0,0,0,0,0,0,0,0,0,0,0,0,0,0,0,19,45,126,19,45,126,8.269188,15.386876,40.066412,0.000000,0.000000,0.000000,0,0,0,11942.579128,19.085744,133.097077,11320.596308,437.309014,124.812779,10429.177130,0.000000,0.000000,10991.298923,11942.579128,951.280205,3.661764,1.045107,87.327679,0.000000,7.965450,15.695513,11.553566,3.593840,0.617625,7,0.000000,0,0,0,100.000000,4.850055,100.000000,31.041536,4847.104981,8366.284305,-0.000000,297.977197
5280.000000,pure-acoustic,none,hardware,1,0,0,1,priority,0.000500,180,15,hybrid,0.050000,4000.000000,6.087000,52.000000,500.000000,500.000000,2.000000,120.000000,0.000000,190,126,190,0,190,19,45,126,0,0,0,0,0,0,0,0,0.000000,0.000000,0.000000,clear-ocean,30.000000,60.000000,0.151000,1727,5137239,1317.240769,24.947742,84,20,0,64,0,264,70,4,190,0,0,0,0,0,0,0,0,0,0,0,0,0,0,0,19,45,126,19,45,126,8.269188,15.386876,40.066412,0.000000,0.000000,0.000000,0,0,0,11947.979128,19.085744,133.097077,11320.596308,441.445184,125.846822,10429.406918,0.000000,0.000000,10996.698923,11947.979128,951.280205,3.694727,1.053290,87.290133,0.000000,7.961850,15.695513,11.553566,3.593840,0.610606,7,0.000000,0,0,0,100.000000,4.850055,100.000000,31.041536,4792.024242,8452.391021,-0.000000,370.352689
5340.000000,pure-acoustic,none,hardware,1,0,0,1,priority,0.000500,180,15,hybrid,0.050000,4000.000000,6.087000,52.000000,500.000000,500.000000,2.000000,120.000000,0.000000,190,126,190,0,190,19,45,126,0,0,0,0,0,0,0,0,0.000000,0.000000,0.000000,clear-ocean,30.000000,60.000000,0.151000,1727,5137239,1317.240769,24.667430,84,20,0,64,0,264,70,4,190,0,0,0,0,0,0,0,0,0,0,0,0,0,0,0,19,45,126,19,45,126,8.269188,15.386876,40.066412,0.000000,0.000000,0.000000,0,0,0,11953.379128,19.085744,133.097077,11320.596308,445.581354,126.880864,10429.636705,0.000000,0.000000,11002.098923,11953.379128,951.280205,3.727660,1.061464,87.252622,0.000000,7.958253,15.695513,11.553566,3.593840,0.603745,7,0.000000,0,0,0,100.000000,4.850055,100.000000,31.041536,4738.181273,8538.497737,-0.000000,431.316448
5400.000000,pure-acoustic,none,hardware,1,0,0,1,priority,0.000500,180,15,hybrid,0.050000,4000.000000,6.087000,52.000000,500.000000,500.000000,2.000000,120.000000,0.000000,190,126,190,0,190,19,45,126,0,0,0,0,0,0,0,0,0.000000,0.000000,0.000000,clear-ocean,30.000000,60.000000,0.151000,1727,5137239,1317.240769,24.393348,84,20,0,64,0,264,70,4,190,0,0,0,0,0,0,0,0,0,0,0,0,0,0,0,19,45,126,19,45,126,8.269188,15.386876,40.066412,0.000000,0.000000,0.000000,0,0,0,11958.779128,19.085744,133.097077,11320.596308,449.717524,127.914907,10429.866492,0.000000,0.000000,11007.498923,11958.779128,951.280205,3.760564,1.069632,87.215144,0.000000,7.954660,15.695513,11.553566,3.593840,0.597037,7,0.000000,0,0,0,100.000000,4.850055,100.000000,31.041536,4685.534815,8624.604453,-0.000000,475.087943
5460.000000,pure-acoustic,none,hardware,1,0,0,1,priority,0.000500,180,15,hybrid,0.050000,4000.000000,6.087000,52.000000,500.000000,500.000000,2.000000,120.000000,0.000000,190,126,190,0,190,19,45,126,0,0,0,0,0,0,0,0,0.000000,0.000000,0.000000,clear-ocean,30.000000,60.000000,0.151000,1727,5137239,1317.240769,24.125289,84,20,0,64,0,264,70,4,190,0,0,0,0,0,0,0,0,0,0,0,0,0,0,0,19,45,126,19,45,126,8.269188,15.386876,40.066412,0.000000,0.000000,0.000000,0,0,0,11964.179128,19.085744,133.097077,11320.596308,453.853694,128.948949,10430.096279,0.000000,0.000000,11012.898923,11964.179128,951.280205,3.793438,1.077792,87.177701,0.000000,7.951070,15.695513,11.553566,3.593840,0.590476,7,0.000000,0,0,0,100.000000,4.850055,100.000000,31.041536,4634.045421,8710.711169,-0.000000,497.516801
5520.000000,pure-acoustic,none,hardware,1,0,0,1,priority,0.000500,180,15,hybrid,0.050000,4000.000000,6.087000,52.000000,500.000000,500.000000,2.000000,120.000000,0.000000,190,126,190,0,190,19,45,126,0,0,0,0,0,0,0,0,0.000000,0.000000,0.000000,clear-ocean,30.000000,60.000000,0.151000,1727,5137239,1317.240769,23.863057,84,20,0,64,0,264,70,4,190,0,0,0,0,0,0,0,0,0,0,0,0,0,0,0,19,45,126,19,45,126,8.269188,15.386876,40.066412,0.000000,0.000000,0.000000,0,0,0,11969.579128,19.085744,133.097077,11320.596308,457.989865,129.982992,10430.326067,0.000000,0.000000,11018.298923,11969.579128,951.280205,3.826282,1.085945,87.140291,0.000000,7.947482,15.695513,11.553566,3.593840,0.584058,7,0.000000,0,0,0,100.000000,4.850055,100.000000,31.041536,4583.675362,8796.817885,0.000000,496.476337
5580.000000,pure-acoustic,none,hardware,1,0,0,1,priority,0.000500,180,15,hybrid,0.050000,4000.000000,6.087000,52.000000,500.000000,500.000000,2.000000,120.000000,0.000000,190,126,190,0,190,19,45,126,0,0,0,0,0,0,0,0,0.000000,0.000000,0.000000,clear-ocean,30.000000,60.000000,0.151000,1727,5137239,1317.240769,23.606465,84,20,0,64,0,264,70,4,190,0,0,0,0,0,0,0,0,0,0,0,0,0,0,0,19,45,126,19,45,126,8.269188,15.386876,40.066412,0.000000,0.000000,0.000000,0,0,0,11974.979128,19.085744,133.097077,11320.596308,462.126035,131.017034,10430.555854,0.000000,0.000000,11023.698923,11974.979128,951.280205,3.859097,1.094090,87.102915,0.000000,7.943899,15.695513,11.553566,3.593840,0.577778,7,0.000000,0,0,0,100.000000,4.850055,100.000000,31.041536,4534.388530,8882.924601,0.000000,472.065207
5640.000000,pure-acoustic,none,hardware,1,0,0,1,priority,0.000500,180,15,hybrid,0.050000,4000.000000,6.087000,52.000000,500.000000,500.000000,2.000000,120.000000,0.000000,190,126,190,0,190,19,45,126,0,0,0,0,0,0,0,0,0.000000,0.000000,0.000000,clear-ocean,30.000000,60.000000,0.151000,1727,5137239,1317.240769,23.355333,84,20,0,64,0,264,70,4,190,0,0,0,0,0,0,0,0,0,0,0,0,0,0,0,19,45,126,19,45,126,8.269188,15.386876,40.066412,0.000000,0.000000,0.000000,0,0,0,11980.379128,19.085744,133.097077,11320.596308,466.262205,132.051077,10430.785641,0.000000,0.000000,11029.098923,11980.379128,951.280205,3.891882,1.102228,87.065572,0.000000,7.940318,15.695513,11.553566,3.593840,0.571631,7,0.000000,0,0,0,100.000000,4.850055,100.000000,31.041536,4486.150355,8969.031318,0.000000,426.598054
5700.000000,pure-acoustic,none,hardware,1,0,0,1,priority,0.000500,180,15,hybrid,0.050000,4000.000000,6.087000,52.000000,500.000000,500.000000,2.000000,120.000000,0.000000,190,126,190,0,190,19,45,126,0,0,0,0,0,0,0,0,0.000000,0.000000,0.000000,clear-ocean,30.000000,60.000000,0.151000,1727,5137239,1317.240769,23.109487,84,20,0,64,0,264,70,4,190,0,0,0,0,0,0,0,0,0,0,0,0,0,0,0,19,45,126,19,45,126,8.269188,15.386876,40.066412,0.000000,0.000000,0.000000,0,0,0,11985.779128,19.085744,133.097077,11320.596308,470.398375,133.085119,10431.015428,0.000000,0.000000,11034.498923,11985.779128,951.280205,3.924637,1.110359,87.028263,0.000000,7.936741,15.695513,11.553566,3.593840,0.565614,7,0.000000,0,0,0,100.000000,4.850055,100.000000,31.041536,4438.927719,9055.138034,0.000000,364.386030
5760.000000,pure-acoustic,none,hardware,1,0,0,1,priority,0.000500,180,15,hybrid,0.050000,4000.000000,6.087000,52.000000,500.000000,500.000000,2.000000,120.000000,0.000000,190,126,190,0,190,19,45,126,0,0,0,0,0,0,0,0,0.000000,0.000000,0.000000,clear-ocean,30.000000,60.000000,0.151000,1727,5137239,1317.240769,22.868763,84,20,0,64,0,264,70,4,190,0,0,0,0,0,0,0,0,0,0,0,0,0,0,0,19,45,126,19,45,126,8.269188,15.386876,40.066412,0.000000,0.000000,0.000000,0,0,0,11991.179128,19.085744,133.097077,11320.596308,474.534546,134.119162,10431.245215,0.000000,0.000000,11039.898923,11991.179128,951.280205,3.957363,1.118482,86.990988,0.000000,7.933166,15.695513,11.553566,3.593840,0.559722,7,0.000000,0,0,0,100.000000,4.850055,100.000000,31.041536,4392.688889,9141.244750,0.000000,291.328026
5820.000000,pure-acoustic,none,hardware,1,0,0,1,priority,0.000500,180,15,hybrid,0.050000,4000.000000,6.087000,52.000000,500.000000,500.000000,2.000000,120.000000,0.000000,190,126,190,0,190,19,45,126,0,0,0,0,0,0,0,0,0.000000,0.000000,0.000000,clear-ocean,30.000000,60.000000,0.151000,1727,5137239,1317.240769,22.633003,84,20,0,64,0,264,70,4,190,0,0,0,0,0,0,0,0,0,0,0,0,0,0,0,19,45,126,19,45,126,8.269188,15.386876,40.066412,0.000000,0.000000,0.000000,0,0,0,11996.579128,19.085744,133.097077,11320.596308,478.670716,135.153205,10431.475003,0.000000,0.000000,11045.298923,11996.579128,951.280205,3.990060,1.126598,86.953746,0.000000,7.929596,15.695513,11.553566,3.593840,0.553952,7,0.000000,0,0,0,100.000000,4.850055,100.000000,31.041536,4347.403436,9227.351466,0.000000,214.351336
5880.000000,pure-acoustic,none,hardware,1,0,0,1,priority,0.000500,180,15,hybrid,0.050000,4000.000000,6.087000,52.000000,500.000000,500.000000,2.000000,120.000000,0.000000,190,126,190,0,190,19,45,126,0,0,0,0,0,0,0,0,0.000000,0.000000,0.000000,clear-ocean,30.000000,60.000000,0.151000,1727,5137239,1317.240769,22.402054,84,20,0,64,0,264,70,4,190,0,0,0,0,0,0,0,0,0,0,0,0,0,0,0,19,45,126,19,45,126,8.269188,15.386876,40.066412,0.000000,0.000000,0.000000,0,0,0,12001.979128,19.085744,133.097077,11320.596308,482.806886,136.187247,10431.704790,0.000000,0.000000,11050.698923,12001.979128,951.280205,4.022727,1.134707,86.916538,0.000000,7.926028,15.695513,11.553566,3.593840,0.548299,7,0.000000,0,0,0,100.000000,4.850055,100.000000,31.041536,4303.042177,9313.458182,0.000000,140.754819
5940.000000,pure-acoustic,none,hardware,1,0,0,1,priority,0.000500,180,15,hybrid,0.050000,4000.000000,6.087000,52.000000,500.000000,500.000000,2.000000,120.000000,0.000000,190,126,190,0,190,19,45,126,0,0,0,0,0,0,0,0,0.000000,0.000000,0.000000,clear-ocean,30.000000,60.000000,0.151000,1727,5137239,1317.240769,22.175771,84,20,0,64,0,264,70,4,190,0,0,0,0,0,0,0,0,0,0,0,0,0,0,0,19,45,126,19,45,126,8.269188,15.386876,40.066412,0.000000,0.000000,0.000000,0,0,0,12007.379128,19.085744,133.097077,11320.596308,486.943056,137.221290,10431.934577,0.000000,0.000000,11056.098923,12007.379128,951.280205,4.055365,1.142808,86.879364,0.000000,7.922463,15.695513,11.553566,3.593840,0.542761,7,0.000000,0,0,0,100.000000,4.850055,100.000000,31.041536,4259.577104,9399.564898,0.000000,77.516833
6000.000000,pure-acoustic,none,hardware,1,0,0,1,priority,0.000500,180,15,hybrid,0.050000,4000.000000,6.087000,52.000000,500.000000,500.000000,2.000000,120.000000,0.000000,190,126,190,0,190,19,45,126,0,0,0,0,0,0,0,0,0.000000,0.000000,0.000000,clear-ocean,30.000000,60.000000,0.151000,1727,5137239,1317.240769,21.954013,84,20,0,64,0,264,70,4,190,0,0,0,0,0,0,0,0,0,0,0,0,0,0,0,19,45,126,19,45,126,8.269188,15.386876,40.066412,0.000000,0.000000,0.000000,0,0,0,12012.779128,19.085744,133.097077,11320.596308,491.079226,138.255332,10432.164364,0.000000,0.000000,11061.498923,12012.779128,951.280205,4.087973,1.150902,86.842222,0.000000,7.918902,15.695513,11.553566,3.593840,0.537333,7,0.000000,0,0,0,100.000000,4.850055,100.000000,31.041536,4216.981333,9485.671614,0.000000,30.633547
6060.000000,pure-acoustic,none,hardware,1,0,0,1,priority,0.000500,180,15,hybrid,0.050000,4000.000000,6.087000,52.000000,500.000000,500.000000,2.000000,120.000000,0.000000,190,126,190,0,190,19,45,126,0,0,0,0,0,0,0,0,0.000000,0.000000,0.000000,clear-ocean,30.000000,60.000000,0.151000,1727,5137239,1317.240769,21.736646,84,20,0,64,0,264,70,4,190,0,0,0,0,0,0,0,0,0,0,0,0,0,0,0,19,45,126,19,45,126,8.269188,15.386876,40.066412,0.000000,0.000000,0.000000,0,0,0,12018.179128,19.085744,133.097077,11320.596308,495.215397,139.289375,10432.394152,0.000000,0.000000,11066.898923,12018.179128,951.280205,4.120553,1.158989,86.805114,0.000000,7.915344,15.695513,11.553566,3.593840,0.532013,7,0.000000,0,0,0,100.000000,4.850055,100.000000,31.041536,4175.229043,9571.778331,0.000000,4.550391
6120.000000,pure-acoustic,none,hardware,1,0,0,1,priority,0.000500,180,15,hybrid,0.050000,4000.000000,6.087000,52.000000,500.000000,500.000000,2.000000,120.000000,0.000000,190,126,190,0,190,19,45,126,0,0,0,0,0,0,0,0,0.000000,0.000000,0.000000,clear-ocean,30.000000,60.000000,0.151000,1727,5137239,1317.240769,21.523542,84,20,0,64,0,264,70,4,190,0,0,0,0,0,0,0,0,0,0,0,0,0,0,0,19,45,126,19,45,126,8.269188,15.386876,40.066412,0.000000,0.000000,0.000000,0,0,0,12023.579128,19.085744,133.097077,11320.596308,499.351567,140.323417,10432.623939,0.000000,0.000000,11072.298923,12023.579128,951.280205,4.153103,1.167069,86.768040,0.000000,7.911789,15.695513,11.553566,3.593840,0.526797,7,0.000000,0,0,0,100.000000,4.850055,100.000000,31.041536,4134.295425,9657.885047,-0.000000,1.740548
6180.000000,pure-acoustic,none,hardware,1,0,0,1,priority,0.000500,180,15,hybrid,0.050000,4000.000000,6.087000,52.000000,500.000000,500.000000,2.000000,120.000000,0.000000,190,126,190,0,190,19,45,126,0,0,0,0,0,0,0,0,0.000000,0.000000,0.000000,clear-ocean,30.000000,60.000000,0.151000,1727,5137239,1317.240769,21.314576,84,20,0,64,0,264,70,4,190,0,0,0,0,0,0,0,0,0,0,0,0,0,0,0,19,45,126,19,45,126,8.269188,15.386876,40.066412,0.000000,0.000000,0.000000,0,0,0,12028.979128,19.085744,133.097077,11320.596308,503.487737,141.357460,10432.853726,0.000000,0.000000,11077.698923,12028.979128,951.280205,4.185623,1.175141,86.730999,0.000000,7.908237,15.695513,11.553566,3.593840,0.521683,7,0.000000,0,0,0,100.000000,4.850055,100.000000,31.041536,4094.156634,9743.991763,-0.000000,22.470444
6240.000000,pure-acoustic,none,hardware,1,0,0,1,priority,0.000500,180,15,hybrid,0.050000,4000.000000,6.087000,52.000000,500.000000,500.000000,2.000000,120.000000,0.000000,190,126,190,0,190,19,45,126,0,0,0,0,0,0,0,0,0.000000,0.000000,0.000000,clear-ocean,30.000000,60.000000,0.151000,1727,5137239,1317.240769,21.109628,84,20,0,64,0,264,70,4,190,0,0,0,0,0,0,0,0,0,0,0,0,0,0,0,19,45,126,19,45,126,8.269188,15.386876,40.066412,0.000000,0.000000,0.000000,0,0,0,12034.379128,19.085744,133.097077,11320.596308,507.623907,142.391502,10433.083513,0.000000,0.000000,11083.098923,12034.379128,951.280205,4.218115,1.183206,86.693991,0.000000,7.904689,15.695513,11.553566,3.593840,0.516667,7,0.000000,0,0,0,100.000000,4.850055,100.000000,31.041536,4054.789744,9830.098479,-0.000000,64.774488
6300.000000,pure-acoustic,none,hardware,1,0,0,1,priority,0.000500,180,15,hybrid,0.050000,4000.000000,6.087000,52.000000,500.000000,500.000000,2.000000,120.000000,0.000000,190,126,190,0,190,19,45,126,0,0,0,0,0,0,0,0,0.000000,0.000000,0.000000,clear-ocean,30.000000,60.000000,0.151000,1727,5137239,1317.240769,20.908584,84,20,0,64,0,264,70,4,190,0,0,0,0,0,0,0,0,0,0,0,0,0,0,0,19,45,126,19,45,126,8.269188,15.386876,40.066412,0.000000,0.000000,0.000000,0,0,0,12039.779128,19.085744,133.097077,11320.596308,511.760077,143.425545,10433.313301,0.000000,0.000000,11088.498923,12039.779128,951.280205,4.250577,1.191264,86.657016,0.000000,7.901143,15.695513,11.553566,3.593840,0.511746,7,0.000000,0,0,0,100.000000,4.850055,100.000000,31.041536,4016.172698,9916.205195,-0.000000,124.641450
6360.000000,pure-acoustic,none,hardware,1,0,0,1,priority,0.000500,180,15,hybrid,0.050000,4000.000000,6.087000,52.000000,500.000000,500.000000,2.000000,120.000000,0.000000,190,126,190,0,190,19,45,126,0,0,0,0,0,0,0,0,0.000000,0.000000,0.000000,clear-ocean,30.000000,60.000000,0.151000,1727,5137239,1317.240769,20.711333,84,20,0,64,0,264,70,4,190,0,0,0,0,0,0,0,0,0,0,0,0,0,0,0,19,45,126,19,45,126,8.269188,15.386876,40.066412,0.000000,0.000000,0.000000,0,0,0,12045.179128,19.085744,133.097077,11320.596308,515.896248,144.459588,10433.543088,0.000000,0.000000,11093.898923,12045.179128,951.280205,4.283010,1.199315,86.620074,0.000000,7.897601,15.695513,11.553566,3.593840,0.506918,7,0.000000,0,0,0,100.000000,4.850055,100.000000,31.041536,3978.284277,10002.311911,-0.000000,196.394798
6420.000000,pure-acoustic,none,hardware,1,0,0,1,priority,0.000500,180,15,hybrid,0.050000,4000.000000,6.087000,52.000000,500.000000,500.000000,2.000000,120.000000,0.000000,190,126,190,0,190,19,45,126,0,0,0,0,0,0,0,0,0.000000,0.000000,0.000000,clear-ocean,30.000000,60.000000,0.151000,1727,5137239,1317.240769,20.517769,84,20,0,64,0,264,70,4,190,0,0,0,0,0,0,0,0,0,0,0,0,0,0,0,19,45,126,19,45,126,8.269188,15.386876,40.066412,0.000000,0.000000,0.000000,0,0,0,12050.579128,19.085744,133.097077,11320.596308,520.032418,145.493630,10433.772875,0.000000,0.000000,11099.298923,12050.579128,951.280205,4.315414,1.207358,86.583166,0.000000,7.894062,15.695513,11.553566,3.593840,0.502181,7,0.000000,0,0,0,100.000000,4.850055,100.000000,31.041536,3941.104050,10088.418627,-0.000000,273.230942
6480.000000,pure-acoustic,none,hardware,1,0,0,1,priority,0.000500,180,15,hybrid,0.050000,4000.000000,6.087000,52.000000,500.000000,500.000000,2.000000,120.000000,0.000000,190,126,190,0,190,19,45,126,0,0,0,0,0,0,0,0,0.000000,0.000000,0.000000,clear-ocean,30.000000,60.000000,0.151000,1727,5137239,1317.240769,20.327790,84,20,0,64,0,264,70,4,190,0,0,0,0,0,0,0,0,0,0,0,0,0,0,0,19,45,126,19,45,126,8.269188,15.386876,40.066412,0.000000,0.000000,0.000000,0,0,0,12055.979128,19.085744,133.097077,11320.596308,524.168588,146.527673,10434.002662,0.000000,0.000000,11104.698923,12055.979128,951.280205,4.347789,1.215394,86.546290,0.000000,7.890526,15.695513,11.553566,3.593840,0.497531,7,0.000000,0,0,0,100.000000,4.850055,100.000000,31.041536,3904.612346,10174.525344,-0.000000,347.864350
6540.000000,pure-acoustic,none,hardware,1,0,0,1,priority,0.000500,180,15,hybrid,0.050000,4000.000000,6.087000,52.000000,500.000000,500.000000,2.000000,120.000000,0.000000,190,126,190,0,190,19,45,126,0,0,0,0,0,0,0,0,0.000000,0.000000,0.000000,clear-ocean,30.000000,60.000000,0.151000,1727,5137239,1317.240769,20.141296,84,20,0,64,0,264,70,4,190,0,0,0,0,0,0,0,0,0,0,0,0,0,0,0,19,45,126,19,45,126,8.269188,15.386876,40.066412,0.000000,0.000000,0.000000,0,0,0,12061.379128,19.085744,133.097077,11320.596308,528.304758,147.561715,10434.232450,0.000000,0.000000,11110.098923,12061.379128,951.280205,4.380136,1.223423,86.509448,0.000000,7.886994,15.695513,11.553566,3.593840,0.492966,7,0.000000,0,0,0,100.000000,4.850055,100.000000,31.041536,3868.790214,10260.632060,-0.000000,413.218348
6600.000000,pure-acoustic,none,hardware,1,0,0,1,priority,0.000500,180,15,hybrid,0.050000,4000.000000,6.087000,52.000000,500.000000,500.000000,2.000000,120.000000,0.000000,190,126,190,0,190,19,45,126,0,0,0,0,0,0,0,0,0.000000,0.000000,0.000000,clear-ocean,30.000000,60.000000,0.151000,1727,5137239,1317.240769,19.958193,84,20,0,64,0,264,70,4,190,0,0,0,0,0,0,0,0,0,0,0,0,0,0,0,19,45,126,19,45,126,8.269188,15.386876,40.066412,0.000000,0.000000,0.000000,0,0,0,12066.779128,19.085744,133.097077,11320.596308,532.440929,148.595758,10434.462237,0.000000,0.000000,11115.498923,12066.779128,951.280205,4.412453,1.231445,86.472638,0.000000,7.883464,15.695513,11.553566,3.593840,0.488485,7,0.000000,0,0,0,100.000000,4.850055,100.000000,31.041536,3833.619394,10346.738776,-0.000000,463.096127
6660.000000,pure-acoustic,none,hardware,1,0,0,1,priority,0.000500,180,15,hybrid,0.050000,4000.000000,6.087000,52.000000,500.000000,500.000000,2.000000,120.000000,0.000000,190,126,190,0,190,19,45,126,0,0,0,0,0,0,0,0,0.000000,0.000000,0.000000,clear-ocean,30.000000,60.000000,0.151000,1727,5137239,1317.240769,19.778390,84,20,0,64,0,264,70,4,190,0,0,0,0,0,0,0,0,0,0,0,0,0,0,0,19,45,126,19,45,126,8.269188,15.386876,40.066412,0.000000,0.000000,0.000000,0,0,0,12072.179128,19.085744,133.097077,11320.596308,536.577099,149.629800,10434.692024,0.000000,0.000000,11120.898923,12072.179128,951.280205,4.444741,1.239460,86.435861,0.000000,7.879938,15.695513,11.553566,3.593840,0.484084,7,0.000000,0,0,0,100.000000,4.850055,100.000000,31.041536,3799.082282,10432.845492,-0.000000,492.768323
6720.000000,pure-acoustic,none,hardware,1,0,0,1,priority,0.000500,180,15,hybrid,0.050000,4000.000000,6.087000,52.000000,500.000000,500.000000,2.000000,120.000000,0.000000,190,126,190,0,190,19,45,126,0,0,0,0,0,0,0,0,0.000000,0.000000,0.000000,clear-ocean,30.000000,60.000000,0.151000,1727,5137239,1317.240769,19.601797,84,20,0,64,0,264,70,4,190,0,0,0,0,0,0,0,0,0,0,0,0,0,0,0,19,45,126,19,45,126,8.269188,15.386876,40.066412,0.000000,0.000000,0.000000,0,0,0,12077.579128,19.085744,133.097077,11320.596308,540.713269,150.663843,10434.921811,0.000000,0.000000,11126.298923,12077.579128,951.280205,4.477000,1.247467,86.399118,0.000000,7.876415,15.695513,11.553566,3.593840,0.479762,7,0.000000,0,0,0,100.000000,4.850055,100.000000,31.041536,3765.161905,10518.952208,0.000000,499.421444
6780.000000,pure-acoustic,none,hardware,1,0,0,1,priority,0.000500,180,15,hybrid,0.050000,4000.000000,6.087000,52.000000,500.000000,500.000000,2.000000,120.000000,0.000000,190,126,190,0,190,19,45,126,0,0,0,0,0,0,0,0,0.000000,0.000000,0.000000,clear-ocean,30.000000,60.000000,0.151000,1727,5137239,1317.240769,19.428330,84,20,0,64,0,264,70,4,190,0,0,0,0,0,0,0,0,0,0,0,0,0,0,0,19,45,126,19,45,126,8.269188,15.386876,40.066412,0.000000,0.000000,0.000000,0,0,0,12082.979128,19.085744,133.097077,11320.596308,544.849439,151.697885,10435.151598,0.000000,0.000000,11131.698923,12082.979128,951.280205,4.509231,1.255468,86.362407,0.000000,7.872895,15.695513,11.553566,3.593840,0.475516,7,0.000000,0,0,0,100.000000,4.850055,100.000000,31.041536,3731.841888,10605.058924,0.000000,482.424646
6840.000000,pure-acoustic,none,hardware,1,0,0,1,priority,0.000500,180,15,hybrid,0.050000,4000.000000,6.087000,52.000000,500.000000,500.000000,2.000000,120.000000,0.000000,190,126,190,0,190,19,45,126,0,0,0,0,0,0,0,0,0.000000,0.000000,0.000000,clear-ocean,30.000000,60.000000,0.151000,1727,5137239,1317.240769,19.257906,84,20,0,64,0,264,70,4,190,0,0,0,0,0,0,0,0,0,0,0,0,0,0,0,19,45,126,19,45,126,8.269188,15.386876,40.066412,0.000000,0.000000,0.000000,0,0,0,12088.379128,19.085744,133.097077,11320.596308,548.985609,152.731928,10435.381386,0.000000,0.000000,11137.098923,12088.379128,951.280205,4.541433,1.263461,86.325729,0.000000,7.869378,15.695513,11.553566,3.593840,0.471345,7,0.000000,0,0,0,100.000000,4.850055,100.000000,31.041536,3699.106433,10691.165640,0.000000,443.389552
6900.000000,pure-acoustic,none,hardware,1,0,0,1,priority,0.000500,180,15,hybrid,0.050000,4000.000000,6.087000,52.000000,500.000000,500.000000,2.000000,120.000000,0.000000,190,126,190,0,190,19,45,126,0,0,0,0,0,0,0,0,0.000000,0.000000,0.000000,clear-ocean,30.000000,60.000000,0.151000,1727,5137239,1317.240769,19.090446,84,20,0,64,0,264,70,4,190,0,0,0,0,0,0,0,0,0,0,0,0,0,0,0,19,45,126,19,45,126,8.269188,15.386876,40.066412,0.000000,0.000000,0.000000,0,0,0,12093.779128,19.085744,133.097077,11320.596308,553.121780,153.765971,10435.611173,0.000000,0.000000,11142.498923,12093.779128,951.280205,4.573606,1.271447,86.289084,0.000000,7.865864,15.695513,11.553566,3.593840,0.467246,7,0.000000,0,0,0,100.000000,4.850055,100.000000,31.041536,3666.940290,10777.272357,0.000000,386.017433
6960.000000,pure-acoustic,none,hardware,1,0,0,1,priority,0.000500,180,15,hybrid,0.050000,4000.000000,6.087000,52.000000,500.000000,500.000000,2.000000,120.000000,0.000000,190,126,190,0,190,19,45,126,0,0,0,0,0,0,0,0,0.000000,0.000000,0.000000,clear-ocean,30.000000,60.000000,0.151000,1727,5137239,1317.240769,18.925873,84,20,0,64,0,264,70,4,190,0,0,0,0,0,0,0,0,0,0,0,0,0,0,0,19,45,126,19,45,126,8.269188,15.386876,40.066412,0.000000,0.000000,0.000000,0,0,0,12099.179128,19.085744,133.097077,11320.596308,557.257950,154.800013,10435.840960,0.000000,0.000000,11147.898923,12099.179128,951.280205,4.605750,1.279426,86.252471,0.000000,7.862353,15.695513,11.553566,3.593840,0.463218,7,0.000000,0,0,0,100.000000,4.850055,100.000000,31.041536,3635.328736,10863.379073,0.000000,315.748263
7020.000000,pure-acoustic,none,hardware,1,0,0,1,priority,0.000500,180,15,hybrid,0.050000,4000.000000,6.087000,52.000000,500.000000,500.000000,2.000000,120.000000,0.000000,190,126,190,0,190,19,45,126,0,0,0,0,0,0,0,0,0.000000,0.000000,0.000000,clear-ocean,30.000000,60.000000,0.151000,1727,5137239,1317.240769,18.764114,84,20,0,64,0,264,70,4,190,0,0,0,0,0,0,0,0,0,0,0,0,0,0,0,19,45,126,19,45,126,8.269188,15.386876,40.066412,0.000000,0.000000,0.000000,0,0,0,12104.579128,19.085744,133.097077,11320.596308,561.394120,155.834056,10436.070747,0.000000,0.000000,11153.298923,12104.579128,951.280205,4.637866,1.287398,86.215891,0.000000,7.858846,15.695513,11.553566,3.593840,0.459259,7,0.000000,0,0,0,100.000000,4.850055,100.000000,31.041536,3604.257550,10949.485789,0.000000,239.244901
7080.000000,pure-acoustic,none,hardware,1,0,0,1,priority,0.000500,180,15,hybrid,0.050000,4000.000000,6.087000,52.000000,500.000000,500.000000,2.000000,120.000000,0.000000,190,126,190,0,190,19,45,126,0,0,0,0,0,0,0,0,0.000000,0.000000,0.000000,clear-ocean,30.000000,60.000000,0.151000,1727,5137239,1317.240769,18.605096,84,20,0,64,0,264,70,4,190,0,0,0,0,0,0,0,0,0,0,0,0,0,0,0,19,45,126,19,45,126,8.269188,15.386876,40.066412,0.000000,0.000000,0.000000,0,0,0,12109.979128,19.085744,133.097077,11320.596308,565.530290,156.868098,10436.300535,0.000000,0.000000,11158.698923,12109.979128,951.280205,4.669953,1.295362,86.179344,0.000000,7.855341,15.695513,11.553566,3.593840,0.455367,7,0.000000,0,0,0,100.000000,4.850055,100.000000,31.041536,3573.712994,11035.592505,0.000000,163.761329
7140.000000,pure-acoustic,none,hardware,1,0,0,1,priority,0.000500,180,15,hybrid,0.050000,4000.000000,6.087000,52.000000,500.000000,500.000000,2.000000,120.000000,0.000000,190,126,190,0,190,19,45,126,0,0,0,0,0,0,0,0,0.000000,0.000000,0.000000,clear-ocean,30.000000,60.000000,0.151000,1727,5137239,1317.240769,18.448750,84,20,0,64,0,264,70,4,190,0,0,0,0,0,0,0,0,0,0,0,0,0,0,0,19,45,126,19,45,126,8.269188,15.386876,40.066412,0.000000,0.000000,0.000000,0,0,0,12115.379128,19.085744,133.097077,11320.596308,569.666460,157.902141,10436.530322,0.000000,0.000000,11164.098923,12115.379128,951.280205,4.702011,1.303320,86.142829,0.000000,7.851840,15.695513,11.553566,3.593840,0.451541,7,0.000000,0,0,0,100.000000,4.850055,100.000000,31.041536,3543.681793,11121.699221,0.000000,96.454830
7200.000000,pure-acoustic,none,hardware,1,0,0,1,priority,0.000500,180,15,hybrid,0.050000,4000.000000,6.087000,52.000000,500.000000,500.000000,2.000000,120.000000,0.000000,190,126,190,0,190,19,45,126,0,0,0,0,0,0,0,0,0.000000,0.000000,0.000000,clear-ocean,30.000000,60.000000,0.151000,1727,5137239,1317.240769,18.295011,84,20,0,64,0,264,70,4,190,0,0,0,0,0,0,0,0,0,0,0,0,0,0,0,19,45,126,19,45,126,8.269188,15.386876,40.066412,0.000000,0.000000,0.000000,0,0,0,12120.779128,19.085744,133.097077,11320.596308,573.802631,158.936183,10436.760109,0.000000,0.000000,11169.498923,12120.779128,951.280205,4.734041,1.311270,86.106347,0.000000,7.848342,15.695513,11.553566,3.593840,0.447778,7,0.000000,0,0,0,100.000000,4.850055,100.000000,31.041536,3514.151111,11207.805937,0.000000,43.707346
7260.000000,pure-acoustic,none,hardware,1,0,0,1,priority,0.000500,180,15,hybrid,0.050000,4000.000000,6.087000,52.000000,500.000000,500.000000,2.000000,120.000000,0.000000,190,126,190,0,190,19,45,126,0,0,0,0,0,0,0,0,0.000000,0.000000,0.000000,clear-ocean,30.000000,60.000000,0.151000,1727,5137239,1317.240769,18.143812,84,20,0,64,0,264,70,4,190,0,0,0,0,0,0,0,0,0,0,0,0,0,0,0,19,45,126,19,45,126,8.269188,15.386876,40.066412,0.000000,0.000000,0.000000,0,0,0,12126.179128,19.085744,133.097077,11320.596308,577.938801,159.970226,10436.989896,0.000000,0.000000,11174.898923,12126.179128,951.280205,4.766042,1.319214,86.069897,0.000000,7.844847,15.695513,11.553566,3.593840,0.444077,7,0.000000,0,0,0,100.000000,4.850055,100.000000,31.041536,3485.108540,11293.912653,0.000000,10.520348
7320.000000,pure-acoustic,none,hardware,1,0,0,1,priority,0.000500,180,15,hybrid,0.050000,4000.000000,6.087000,52.000000,500.000000,500.000000,2.000000,120.000000,0.000000,190,126,190,0,190,19,45,126,0,0,0,0,0,0,0,0,0.000000,0.000000,0.000000,clear-ocean,30.000000,60.000000,0.151000,1727,5137239,1317.240769,17.995092,84,20,0,64,0,264,70,4,190,0,0,0,0,0,0,0,0,0,0,0,0,0,0,0,19,45,126,19,45,126,8.269188,15.386876,40.066412,0.000000,0.000000,0.000000,0,0,0,12131.579128,19.085744,133.097077,11320.596308,582.074971,161.004268,10437.219684,0.000000,0.000000,11180.298923,12131.579128,951.280205,4.798015,1.327150,86.033480,0.000000,7.841355,15.695513,11.553566,3.593840,0.440437,7,0.000000,0,0,0,100.000000,4.850055,100.000000,31.041536,3456.542077,11380.019370,-0.000000,0.040596
7380.000000,pure-acoustic,none,hardware,1,0,0,1,priority,0.000500,180,15,hybrid,0.050000,4000.000000,6.087000,52.000000,500.000000,500.000000,2.000000,120.000000,0.000000,190,126,190,0,190,19,45,126,0,0,0,0,0,0,0,0,0.000000,0.000000,0.000000,clear-ocean,30.000000,60.000000,0.151000,1727,5137239,1317.240769,17.848791,84,20,0,64,0,264,70,4,190,0,0,0,0,0,0,0,0,0,0,0,0,0,0,0,19,45,126,19,45,126,8.269188,15.386876,40.066412,0.000000,0.000000,0.000000,0,0,0,12136.979128,19.085744,133.097077,11320.596308,586.211141,162.038311,10437.449471,0.000000,0.000000,11185.698923,12136.979128,951.280205,4.829959,1.335079,85.997095,0.000000,7.837866,15.695513,11.553566,3.593840,0.436856,7,0.000000,0,0,0,100.000000,4.850055,100.000000,31.041536,3428.440108,11466.126086,-0.000000,13.261771
7440.000000,pure-acoustic,none,hardware,1,0,0,1,priority,0.000500,180,15,hybrid,0.050000,4000.000000,6.087000,52.000000,500.000000,500.000000,2.000000,120.000000,0.000000,190,126,190,0,190,19,45,126,0,0,0,0,0,0,0,0,0.000000,0.000000,0.000000,clear-ocean,30.000000,60.000000,0.151000,1727,5137239,1317.240769,17.704849,84,20,0,64,0,264,70,4,190,0,0,0,0,0,0,0,0,0,0,0,0,0,0,0,19,45,126,19,45,126,8.269188,15.386876,40.066412,0.000000,0.000000,0.000000,0,0,0,12142.379128,19.085744,133.097077,11320.596308,590.347312,163.072354,10437.679258,0.000000,0.000000,11191.098923,12142.379128,951.280205,4.861875,1.343002,85.960743,0.000000,7.834381,15.695513,11.553566,3.593840,0.433333,7,0.000000,0,0,0,100.000000,4.850055,100.000000,31.041536,3400.791398,11552.232802,-0.000000,48.930253
7500.000000,pure-acoustic,none,hardware,1,0,0,1,priority,0.000500,180,15,hybrid,0.050000,4000.000000,6.087000,52.000000,500.000000,500.000000,2.000000,120.000000,0.000000,190,126,190,0,190,19,45,126,0,0,0,0,0,0,0,0,0.000000,0.000000,0.000000,clear-ocean,30.000000,60.000000,0.151000,1727,5137239,1317.240769,17.563210,84,20,0,64,0,264,70,4,190,0,0,0,0,0,0,0,0,0,0,0,0,0,0,0,19,45,126,19,45,126,8.269188,15.386876,40.066412,0.000000,0.000000,0.000000,0,0,0,12147.779128,19.085744,133.097077,11320.596308,594.483482,164.106396,10437.909045,0.000000,0.000000,11196.498923,12147.779128,951.280205,4.893763,1.350917,85.924422,0.000000,7.830898,15.695513,11.553566,3.593840,0.429867,7,0.000000,0,0,0,100.000000,4.850055,100.000000,31.041536,3373.585067,11638.339518,-0.000000,103.663988
7560.000000,pure-acoustic,none,hardware,1,0,0,1,priority,0.000500,180,15,hybrid,0.050000,4000.000000,6.087000,52.000000,500.000000,500.000000,2.000000,120.000000,0.000000,190,126,190,0,190,19,45,126,0,0,0,0,0,0,0,0,0.000000,0.000000,0.000000,clear-ocean,30.000000,60.000000,0.151000,1727,5137239,1317.240769,17.423820,84,20,0,64,0,264,70,4,190,0,0,0,0,0,0,0,0,0,0,0,0,0,0,0,19,45,126,19,45,126,8.269188,15.386876,40.066412,0.000000,0.000000,0.000000,0,0,0,12153.179128,19.085744,133.097077,11320.596308,598.619652,165.140439,10438.138833,0.000000,0.000000,11201.898923,12153.179128,951.280205,4.925622,1.358825,85.888134,0.000000,7.827419,15.695513,11.553566,3.593840,0.426455,7,0.000000,0,0,0,100.000000,4.850055,100.000000,31.041536,3346.810582,11724.446234,-0.000000,172.273173
7620.000000,pure-acoustic,none,hardware,1,0,0,1,priority,0.000500,180,15,hybrid,0.050000,4000.000000,6.087000,52.000000,500.000000,500.000000,2.000000,120.000000,0.000000,190,126,190,0,190,19,45,126,0,0,0,0,0,0,0,0,0.000000,0.000000,0.000000,clear-ocean,30.000000,60.000000,0.151000,1727,5137239,1317.240769,17.286624,84,20,0,64,0,264,70,4,190,0,0,0,0,0,0,0,0,0,0,0,0,0,0,0,19,45,126,19,45,126,8.269188,15.386876,40.066412,0.000000,0.000000,0.000000,0,0,0,12158.579128,19.085744,133.097077,11320.596308,602.755822,166.174481,10438.368620,0.000000,0.000000,11207.298923,12158.579128,951.280205,4.957453,1.366726,85.851879,0.000000,7.823942,15.695513,11.553566,3.593840,0.423097,7,0.000000,0,0,0,100.000000,4.850055,100.000000,31.041536,3320.457743,11810.552950,-0.000000,248.252347
7680.000000,pure-acoustic,none,hardware,1,0,0,1,priority,0.000500,180,15,hybrid,0.050000,4000.000000,6.087000,52.000000,500.000000,500.000000,2.000000,120.000000,0.000000,190,126,190,0,190,19,45,126,0,0,0,0,0,0,0,0,0.000000,0.000000,0.000000,clear-ocean,30.000000,60.000000,0.151000,1727,5137239,1317.240769,17.151573,84,20,0,64,0,264,70,4,190,0,0,0,0,0,0,0,0,0,0,0,0,0,0,0,19,45,126,19,45,126,8.269188,15.386876,40.066412,0.000000,0.000000,0.000000,0,0,0,12163.979128,19.085744,133.097077,11320.596308,606.891992,167.208524,10438.598407,0.000000,0.000000,11212.698923,12163.979128,951.280205,4.989255,1.374620,85.815655,0.000000,7.820469,15.695513,11.553566,3.593840,0.419792,7,0.000000,0,0,0,100.000000,4.850055,100.000000,31.041536,3294.516667,11896.659666,-0.000000,324.397231
7740.000000,pure-acoustic,none,hardware,1,0,0,1,priority,0.000500,180,15,hybrid,0.050000,4000.000000,6.087000,52.000000,500.000000,500.000000,2.000000,120.000000,0.000000,190,126,190,0,190,19,45,126,0,0,0,0,0,0,0,0,0.000000,0.000000,0.000000,clear-ocean,30.000000,60.000000,0.151000,1727,5137239,1317.240769,17.018615,84,20,0,64,0,264,70,4,190,0,0,0,0,0,0,0,0,0,0,0,0,0,0,0,19,45,126,19,45,126,8.269188,15.386876,40.066412,0.000000,0.000000,0.000000,0,0,0,12169.379128,19.085744,133.097077,11320.596308,611.028163,168.242566,10438.828194,0.000000,0.000000,11218.098923,12169.379128,951.280205,5.021030,1.382507,85.779464,0.000000,7.816999,15.695513,11.553566,3.593840,0.416537,7,0.000000,0,0,0,100.000000,4.850055,100.000000,31.041536,3268.977778,11982.766383,-0.000000,393.487836
7800.000000,pure-acoustic,none,hardware,1,0,0,1,priority,0.000500,180,15,hybrid,0.050000,4000.000000,6.087000,52.000000,500.000000,500.000000,2.000000,120.000000,0.000000,190,126,190,0,190,19,45,126,0,0,0,0,0,0,0,0,0.000000,0.000000,0.000000,clear-ocean,30.000000,60.000000,0.151000,1727,5137239,1317.240769,16.887702,84,20,0,64,0,264,70,4,190,0,0,0,0,0,0,0,0,0,0,0,0,0,0,0,19,45,126,19,45,126,8.269188,15.386876,40.066412,0.000000,0.000000,0.000000,0,0,0,12174.779128,19.085744,133.097077,11320.596308,615.164333,169.276609,10439.057981,0.000000,0.000000,11223.498923,12174.779128,951.280205,5.052776,1.390388,85.743305,0.000000,7.813532,15.695513,11.553566,3.593840,0.413333,7,0.000000,0,0,0,100.000000,4.850055,100.000000,31.041536,3243.831795,12068.873099,-0.000000,448.973053
7860.000000,pure-acoustic,none,hardware,1,0,0,1,priority,0.000500,180,15,hybrid,0.050000,4000.000000,6.087000,52.000000,500.000000,500.000000,2.000000,120.000000,0.000000,190,126,190,0,190,19,45,126,0,0,0,0,0,0,0,0,0.000000,0.000000,0.000000,clear-ocean,30.000000,60.000000,0.151000,1727,5137239,1317.240769,16.758788,84,20,0,64,0,264,70,4,190,0,0,0,0,0,0,0,0,0,0,0,0,0,0,0,19,45,126,19,45,126,8.269188,15.386876,40.066412,0.000000,0.000000,0.000000,0,0,0,12180.179128,19.085744,133.097077,11320.596308,619.300503,170.310651,10439.287769,0.000000,0.000000,11228.898923,12180.179128,951.280205,5.084494,1.398261,85.707178,0.000000,7.810067,15.695513,11.553566,3.593840,0.410178,7,0.000000,0,0,0,100.000000,4.850055,100.000000,31.041536,3219.069720,12154.979815,-0.000000,485.591824
7920.000000,pure-acoustic,none,hardware,1,0,0,1,priority,0.000500,180,15,hybrid,0.050000,4000.000000,6.087000,52.000000,500.000000,500.000000,2.000000,120.000000,0.000000,190,126,190,0,190,19,45,126,0,0,0,0,0,0,0,0,0.000000,0.000000,0.000000,clear-ocean,30.000000,60.000000,0.151000,1727,5137239,1317.240769,16.631828,84,20,0,64,0,264,70,4,190,0,0,0,0,0,0,0,0,0,0,0,0,0,0,0,19,45,126,19,45,126,8.269188,15.386876,40.066412,0.000000,0.000000,0.000000,0,0,0,12185.579128,19.085744,133.097077,11320.596308,623.436673,171.344694,10439.517556,0.000000,0.000000,11234.298923,12185.579128,951.280205,5.116184,1.406127,85.671083,0.000000,7.806606,15.695513,11.553566,3.593840,0.407071,7,0.000000,0,0,0,100.000000,4.850055,100.000000,31.041536,3194.682828,12241.086531,-0.000000,499.871988
7980.000000,pure-acoustic,none,hardware,1,0,0,1,priority,0.000500,180,15,hybrid,0.050000,4000.000000,6.087000,52.000000,500.000000,500.000000,2.000000,120.000000,0.000000,190,126,190,0,190,19,45,126,0,0,0,0,0,0,0,0,0.000000,0.000000,0.000000,clear-ocean,30.000000,60.000000,0.151000,1727,5137239,1317.240769,16.506777,84,20,0,64,0,264,70,4,190,0,0,0,0,0,0,0,0,0,0,0,0,0,0,0,19,45,126,19,45,126,8.269188,15.386876,40.066412,0.000000,0.000000,0.000000,0,0,0,12190.979128,19.085744,133.097077,11320.596308,627.572843,172.378736,10439.747343,0.000000,0.000000,11239.698923,12190.979128,951.280205,5.147846,1.413986,85.635019,0.000000,7.803149,15.695513,11.553566,3.593840,0.404010,7,0.000000,0,0,0,100.000000,4.850055,100.000000,31.041536,3170.662657,12327.193247,0.000000,490.459514
8040.000000,pure-acoustic,none,hardware,1,0,0,1,priority,0.000500,180,15,hybrid,0.050000,4000.000000,6.087000,52.000000,500.000000,500.000000,2.000000,120.000000,0.000000,190,126,190,0,190,19,45,126,0,0,0,0,0,0,0,0,0.000000,0.000000,0.000000,clear-ocean,30.000000,60.000000,0.151000,1727,5137239,1317.240769,16.383592,84,20,0,64,0,264,70,4,190,0,0,0,0,0,0,0,0,0,0,0,0,0,0,0,19,45,126,19,45,126,8.269188,15.386876,40.066412,0.000000,0.000000,0.000000,0,0,0,12196.379128,19.085744,133.097077,11320.596308,631.709014,173.412779,10439.977130,0.000000,0.000000,11245.098923,12196.379128,951.280205,5.179480,1.421838,85.598988,0.000000,7.799694,15.695513,11.553566,3.593840,0.400995,7,0.000000,0,0,0,100.000000,4.850055,100.000000,31.041536,3147.000995,12413.299963,0.000000,458.246884
8100.000000,pure-acoustic,none,hardware,1,0,0,1,priority,0.000500,180,15,hybrid,0.050000,4000.000000,6.087000,52.000000,500.000000,500.000000,2.000000,120.000000,0.000000,190,126,190,0,190,19,45,126,0,0,0,0,0,0,0,0,0.000000,0.000000,0.000000,clear-ocean,30.000000,60.000000,0.151000,1727,5137239,1317.240769,16.262232,84,20,0,64,0,264,70,4,190,0,0,0,0,0,0,0,0,0,0,0,0,0,0,0,19,45,126,19,45,126,8.269188,15.386876,40.066412,0.000000,0.000000,0.000000,0,0,0,12201.779128,19.085744,133.097077,11320.596308,635.845184,174.446822,10440.206918,0.000000,0.000000,11250.498923,12201.779128,951.280205,5.211086,1.429683,85.562989,0.000000,7.796242,15.695513,11.553566,3.593840,0.398025,7,0.000000,0,0,0,100.000000,4.850055,100.000000,31.041536,3123.689877,12499.406680,0.000000,406.288471
8160.000000,pure-acoustic,none,hardware,1,0,0,1,priority,0.000500,180,15,hybrid,0.050000,4000.000000,6.087000,52.000000,500.000000,500.000000,2.000000,120.000000,0.000000,190,126,190,0,190,19,45,126,0,0,0,0,0,0,0,0,0.000000,0.000000,0.000000,clear-ocean,30.000000,60.000000,0.151000,1727,5137239,1317.240769,16.142656,84,20,0,64,0,264,70,4,190,0,0,0,0,0,0,0,0,0,0,0,0,0,0,0,19,45,126,19,45,126,8.269188,15.386876,40.066412,0.000000,0.000000,0.000000,0,0,0,12207.179128,19.085744,133.097077,11320.596308,639.981354,175.480864,10440.436705,0.000000,0.000000,11255.898923,12207.179128,951.280205,5.242664,1.437522,85.527021,0.000000,7.792793,15.695513,11.553566,3.593840,0.395098,7,0.000000,0,0,0,100.000000,4.850055,100.000000,31.041536,3100.721569,12585.513396,0.000000,339.510925
8220.000000,pure-acoustic,none,hardware,1,0,0,1,priority,0.000500,180,15,hybrid,0.050000,4000.000000,6.087000,52.000000,500.000000,500.000000,2.000000,120.000000,0.000000,190,126,190,0,190,19,45,126,0,0,0,0,0,0,0,0,0.000000,0.000000,0.000000,clear-ocean,30.000000,60.000000,0.151000,1727,5137239,1317.240769,16.024827,84,20,0,64,0,264,70,4,190,0,0,0,0,0,0,0,0,0,0,0,0,0,0,0,19,45,126,19,45,126,8.269188,15.386876,40.066412,0.000000,0.000000,0.000000,0,0,0,12212.579128,19.085744,133.097077,11320.596308,644.117524,176.514907,10440.666492,0.000000,0.000000,11261.298923,12212.579128,951.280205,5.274214,1.445353,85.491086,0.000000,7.789347,15.695513,11.553566,3.593840,0.392214,7,0.000000,0,0,0,100.000000,4.850055,100.000000,31.041536,3078.088564,12528.379888,0.000000,385.182255
8280.000000,pure-acoustic,none,hardware,1,0,0,1,priority,0.000500,180,15,hybrid,0.050000,4000.000000,6.087000,52.000000,500.000000,500.000000,2.000000,120.000000,0.000000,190,126,190,0,190,19,45,126,0,0,0,0,0,0,0,0,0.000000,0.000000,0.000000,clear-ocean,30.000000,60.000000,0.151000,1727,5137239,1317.240769,15.908705,84,20,0,64,0,264,70,4,190,0,0,0,0,0,0,0,0,0,0,0,0,0,0,0,19,45,126,19,45,126,8.269188,15.386876,40.066412,0.000000,0.000000,0.000000,0,0,0,12217.979128,19.085744,133.097077,11320.596308,648.253694,177.548949,10440.896279,0.000000,0.000000,11266.698923,12217.979128,951.280205,5.305736,1.453178,85.455182,0.000000,7.785905,15.695513,11.553566,3.593840,0.389372,7,0.000000,0,0,0,100.000000,4.850055,100.000000,31.041536,3055.783575,12442.273172,0.000000,442.758027
8340.000000,pure-acoustic,none,hardware,1,0,0,1,priority,0.000500,180,15,hybrid,0.050000,4000.000000,6.087000,52.000000,500.000000,500.000000,2.000000,120.000000,0.000000,190,126,190,0,190,19,45,126,0,0,0,0,0,0,0,0,0.000000,0.000000,0.000000,clear-ocean,30.000000,60.000000,0.151000,1727,5137239,1317.240769,15.794254,84,20,0,64,0,264,70,4,190,0,0,0,0,0,0,0,0,0,0,0,0,0,0,0,19,45,126,19,45,126,8.269188,15.386876,40.066412,0.000000,0.000000,0.000000,0,0,0,12223.379128,19.085744,133.097077,11320.596308,652.389865,178.582992,10441.126067,0.000000,0.000000,11272.098923,12223.379128,951.280205,5.337230,1.460995,85.419310,0.000000,7.782465,15.695513,11.553566,3.593840,0.386571,7,0.000000,0,0,0,100.000000,4.850055,100.000000,31.041536,3033.799520,12356.166456,0.000000,482.056655
8400.000000,pure-acoustic,none,hardware,1,0,0,1,priority,0.000500,180,15,hybrid,0.050000,4000.000000,6.087000,52.000000,500.000000,500.000000,2.000000,120.000000,0.000000,190,126,190,0,190,19,45,126,0,0,0,0,0,0,0,0,0.000000,0.000000,0.000000,clear-ocean,30.000000,60.000000,0.151000,1727,5137239,1317.240769,15.681438,84,20,0,64,0,264,70,4,190,0,0,0,0,0,0,0,0,0,0,0,0,0,0,0,19,45,126,19,45,126,8.269188,15.386876,40.066412,0.000000,0.000000,0.000000,0,0,0,12228.779128,19.085744,133.097077,11320.596308,656.526035,179.617034,10441.355854,0.000000,0.000000,11277.498923,12228.779128,951.280205,5.368696,1.468806,85.383469,0.000000,7.779028,15.695513,11.553566,3.593840,0.383810,7,0.000000,0,0,0,100.000000,4.850055,100.000000,31.041536,3012.129524,12270.059740,0.000000,499.351878
8460.000000,pure-acoustic,none,hardware,1,0,0,1,priority,0.000500,180,15,hybrid,0.050000,4000.000000,6.087000,52.000000,500.000000,500.000000,2.000000,120.000000,0.000000,190,126,190,0,190,19,45,126,0,0,0,0,0,0,0,0,0.000000,0.000000,0.000000,clear-ocean,30.000000,60.000000,0.151000,1727,5137239,1317.240769,15.570222,84,20,0,64,0,264,70,4,190,0,0,0,0,0,0,0,0,0,0,0,0,0,0,0,19,45,126,19,45,126,8.269188,15.386876,40.066412,0.000000,0.000000,0.000000,0,0,0,12234.179128,19.085744,133.097077,11320.596308,660.662205,180.651077,10441.585641,0.000000,0.000000,11282.898923,12234.179128,951.280205,5.400135,1.476610,85.347660,0.000000,7.775595,15.695513,11.553566,3.593840,0.381087,7,0.000000,0,0,0,100.000000,4.850055,100.000000,31.041536,2990.766903,12183.953024,-0.000000,493.003780
8520.000000,pure-acoustic,none,hardware,1,0,0,1,priority,0.000500,180,15,hybrid,0.050000,4000.000000,6.087000,52.000000,500.000000,500.000000,2.000000,120.000000,0.000000,190,126,190,0,190,19,45,126,0,0,0,0,0,0,0,0,0.000000,0.000000,0.000000,clear-ocean,30.000000,60.000000,0.151000,1727,5137239,1317.240769,15.460572,84,20,0,64,0,264,70,4,190,0,0,0,0,0,0,0,0,0,0,0,0,0,0,0,19,45,126,19,45,126,8.269188,15.386876,40.066412,0.000000,0.000000,0.000000,0,0,0,12239.579128,19.085744,133.097077,11320.596308,664.798375,181.685119,10441.815428,0.000000,0.000000,11288.298923,12239.579128,951.280205,5.431546,1.484407,85.311883,0.000000,7.772164,15.695513,11.553566,3.593840,0.378404,7,0.000000,0,0,0,100.000000,4.850055,100.000000,31.041536,2969.705164,12097.846307,-0.000000,463.614281
8580.000000,pure-acoustic,none,hardware,1,0,0,1,priority,0.000500,180,15,hybrid,0.050000,4000.000000,6.087000,52.000000,500.000000,500.000000,2.000000,120.000000,0.000000,190,126,190,0,190,19,45,126,0,0,0,0,0,0,0,0,0.000000,0.000000,0.000000,clear-ocean,30.000000,60.000000,0.151000,1727,5137239,1317.240769,15.352457,84,20,0,64,0,264,70,4,190,0,0,0,0,0,0,0,0,0,0,0,0,0,0,0,19,45,126,19,45,126,8.269188,15.386876,40.066412,0.000000,0.000000,0.000000,0,0,0,12244.979128,19.085744,133.097077,11320.596308,668.934546,182.719162,10442.045215,0.000000,0.000000,11293.698923,12244.979128,951.280205,5.462929,1.492197,85.276137,0.000000,7.768737,15.695513,11.553566,3.593840,0.375758,7,0.000000,0,0,0,100.000000,4.850055,100.000000,31.041536,2948.937995,12011.739591,-0.000000,413.970067
8640.000000,pure-acoustic,none,hardware,1,0,0,1,priority,0.000500,180,15,hybrid,0.050000,4000.000000,6.087000,52.000000,500.000000,500.000000,2.000000,120.000000,0.000000,190,126,190,0,190,19,45,126,0,0,0,0,0,0,0,0,0.000000,0.000000,0.000000,clear-ocean,30.000000,60.000000,0.151000,1727,5137239,1317.240769,15.245842,84,20,0,64,0,264,70,4,190,0,0,0,0,0,0,0,0,0,0,0,0,0,0,0,19,45,126,19,45,126,8.269188,15.386876,40.066412,0.000000,0.000000,0.000000,0,0,0,12250.379128,19.085744,133.097077,11320.596308,673.070716,183.753205,10442.275003,0.000000,0.000000,11299.098923,12250.379128,951.280205,5.494285,1.499980,85.240423,0.000000,7.765312,15.695513,11.553566,3.593840,0.373148,7,0.000000,0,0,0,100.000000,4.850055,100.000000,31.041536,2928.459259,11925.632875,-0.000000,348.778358
8700.000000,pure-acoustic,none,hardware,1,0,0,1,priority,0.000500,180,15,hybrid,0.050000,4000.000000,6.087000,52.000000,500.000000,500.000000,2.000000,120.000000,0.000000,190,126,190,0,190,19,45,126,0,0,0,0,0,0,0,0,0.000000,0.000000,0.000000,clear-ocean,30.000000,60.000000,0.151000,1727,5137239,1317.240769,15.140698,84,20,0,64,0,264,70,4,190,0,0,0,0,0,0,0,0,0,0,0,0,0,0,0,19,45,126,19,45,126,8.269188,15.386876,40.066412,0.000000,0.000000,0.000000,0,0,0,12255.779128,19.085744,133.097077,11320.596308,677.206886,184.787247,10442.504790,0.000000,0.000000,11304.498923,12255.779128,951.280205,5.525613,1.507756,85.204740,0.000000,7.761891,15.695513,11.553566,3.593840,0.370575,7,0.000000,0,0,0,100.000000,4.850055,100.000000,31.041536,2908.262989,11839.526159,-0.000000,274.220573
8760.000000,pure-acoustic,none,hardware,1,0,0,1,priority,0.000500,180,15,hybrid,0.050000,4000.000000,6.087000,52.000000,500.000000,500.000000,2.000000,120.000000,0.000000,190,126,190,0,190,19,45,126,0,0,0,0,0,0,0,0,0.000000,0.000000,0.000000,clear-ocean,30.000000,60.000000,0.151000,1727,5137239,1317.240769,15.036995,84,20,0,64,0,264,70,4,190,0,0,0,0,0,0,0,0,0,0,0,0,0,0,0,19,45,126,19,45,126,8.269188,15.386876,40.066412,0.000000,0.000000,0.000000,0,0,0,12261.179128,19.085744,133.097077,11320.596308,681.343056,185.821290,10442.734577,0.000000,0.000000,11309.898923,12261.179128,951.280205,5.556913,1.515525,85.169089,0.000000,7.758472,15.695513,11.553566,3.593840,0.368037,7,0.000000,0,0,0,100.000000,4.850055,100.000000,31.041536,2888.343379,11753.419443,-0.000000,197.366215
8820.000000,pure-acoustic,none,hardware,1,0,0,1,priority,0.000500,180,15,hybrid,0.050000,4000.000000,6.087000,52.000000,500.000000,500.000000,2.000000,120.000000,0.000000,190,126,190,0,190,19,45,126,0,0,0,0,0,0,0,0,0.000000,0.000000,0.000000,clear-ocean,30.000000,60.000000,0.151000,1727,5137239,1317.240769,14.934703,84,20,0,64,0,264,70,4,190,0,0,0,0,0,0,0,0,0,0,0,0,0,0,0,19,45,126,19,45,126,8.269188,15.386876,40.066412,0.000000,0.000000,0.000000,0,0,0,12266.579128,19.085744,133.097077,11320.596308,685.479226,186.855332,10442.964364,0.000000,0.000000,11315.298923,12266.579128,951.280205,5.588186,1.523288,85.133469,0.000000,7.755057,15.695513,11.553566,3.593840,0.365533,7,0.000000,0,0,0,100.000000,4.850055,100.000000,31.041536,2868.694785,11667.312727,-0.000000,125.502546
8880.000000,pure-acoustic,none,hardware,1,0,0,1,priority,0.000500,180,15,hybrid,0.050000,4000.000000,6.087000,52.000000,500.000000,500.000000,2.000000,120.000000,0.000000,190,126,190,0,190,19,45,126,0,0,0,0,0,0,0,0,0.000000,0.000000,0.000000,clear-ocean,30.000000,60.000000,0.151000,1727,5137239,1317.240769,14.833792,84,20,0,64,0,264,70,4,190,0,0,0,0,0,0,0,0,0,0,0,0,0,0,0,19,45,126,19,45,126,8.269188,15.386876,40.066412,0.000000,0.000000,0.000000,0,0,0,12271.979128,19.085744,133.097077,11320.596308,689.615397,187.889375,10443.194152,0.000000,0.000000,11320.698923,12271.979128,951.280205,5.619431,1.531044,85.097881,0.000000,7.751645,15.695513,11.553566,3.593840,0.363063,7,0.000000,0,0,0,100.000000,4.850055,100.000000,31.041536,2849.311712,11581.206011,-0.000000,65.443614
8940.000000,pure-acoustic,none,hardware,1,0,0,1,priority,0.000500,180,15,hybrid,0.050000,4000.000000,6.087000,52.000000,500.000000,500.000000,2.000000,120.000000,0.000000,190,126,190,0,190,19,45,126,0,0,0,0,0,0,0,0,0.000000,0.000000,0.000000,clear-ocean,30.000000,60.000000,0.151000,1727,5137239,1317.240769,14.734237,84,20,0,64,0,264,70,4,190,0,0,0,0,0,0,0,0,0,0,0,0,0,0,0,19,45,126,19,45,126,8.269188,15.386876,40.066412,0.000000,0.000000,0.000000,0,0,0,12277.379128,19.085744,133.097077,11320.596308,693.751567,188.923417,10443.423939,0.000000,0.000000,11326.098923,12277.379128,951.280205,5.650649,1.538793,85.062323,0.000000,7.748235,15.695513,11.553566,3.593840,0.360626,7,0.000000,0,0,0,100.000000,4.850055,100.000000,31.041536,2830.188814,11495.099294,-0.000000,22.884153
9000.000000,pure-acoustic,none,hardware,1,0,0,1,priority,0.000500,180,15,hybrid,0.050000,4000.000000,6.087000,52.000000,500.000000,500.000000,2.000000,120.000000,0.000000,190,126,190,0,190,19,45,126,0,0,0,0,0,0,0,0,0.000000,0.000000,0.000000,clear-ocean,30.000000,60.000000,0.151000,1727,5137239,1317.240769,14.636009,84,20,0,64,0,264,70,4,190,0,0,0,0,0,0,0,0,0,0,0,0,0,0,0,19,45,126,19,45,126,8.269188,15.386876,40.066412,0.000000,0.000000,0.000000,0,0,0,12282.779128,19.085744,133.097077,11320.596308,697.887737,189.957460,10443.653726,0.000000,0.000000,11331.498923,12282.779128,951.280205,5.681839,1.546535,85.026797,0.000000,7.744829,15.695513,11.553566,3.593840,0.358222,7,0.000000,0,0,0,100.000000,4.850055,100.000000,31.041536,2811.320889,11408.992578,-0.000000,1.859614
9060.000000,pure-acoustic,none,hardware,1,0,0,1,priority,0.000500,180,15,hybrid,0.050000,4000.000000,6.087000,52.000000,500.000000,500.000000,2.000000,120.000000,0.000000,190,126,190,0,190,19,45,126,0,0,0,0,0,0,0,0,0.000000,0.000000,0.000000,clear-ocean,30.000000,60.000000,0.151000,1727,5137239,1317.240769,14.539081,84,20,0,64,0,264,70,4,190,0,0,0,0,0,0,0,0,0,0,0,0,0,0,0,19,45,126,19,45,126,8.269188,15.386876,40.066412,0.000000,0.000000,0.000000,0,0,0,12288.179128,19.085744,133.097077,11320.596308,702.023907,190.991502,10443.883513,0.000000,0.000000,11336.898923,12288.179128,951.280205,5.713002,1.554270,84.991303,0.000000,7.741425,15.695513,11.553566,3.593840,0.355850,7,0.000000,0,0,0,100.000000,4.850055,100.000000,31.041536,2792.702870,11322.885862,0.000000,4.363524
9120.000000,pure-acoustic,none,hardware,1,0,0,1,priority,0.000500,180,15,hybrid,0.050000,4000.000000,6.087000,52.000000,500.000000,500.000000,2.000000,120.000000,0.000000,190,126,190,0,190,19,45,126,0,0,0,0,0,0,0,0,0.000000,0.000000,0.000000,clear-ocean,30.000000,60.000000,0.151000,1727,5137239,1317.240769,14.443429,84,20,0,64,0,264,70,4,190,0,0,0,0,0,0,0,0,0,0,0,0,0,0,0,19,45,126,19,45,126,8.269188,15.386876,40.066412,0.000000,0.000000,0.000000,0,0,0,12293.579128,19.085744,133.097077,11320.596308,706.160077,192.025545,10444.113301,0.000000,0.000000,11342.298923,12293.579128,951.280205,5.744137,1.561999,84.955839,0.000000,7.738025,15.695513,11.553566,3.593840,0.353509,7,0.000000,0,0,0,100.000000,4.850055,100.000000,31.041536,2774.329825,11236.779146,0.000000,30.158465
9180.000000,pure-acoustic,none,hardware,1,0,0,1,priority,0.000500,180,15,hybrid,0.050000,4000.000000,6.087000,52.000000,500.000000,500.000000,2.000000,120.000000,0.000000,190,126,190,0,190,19,45,126,0,0,0,0,0,0,0,0,0.000000,0.000000,0.000000,clear-ocean,30.000000,60.000000,0.151000,1727,5137239,1317.240769,14.349028,84,20,0,64,0,264,70,4,190,0,0,0,0,0,0,0,0,0,0,0,0,0,0,0,19,45,126,19,45,126,8.269188,15.386876,40.066412,0.000000,0.000000,0.000000,0,0,0,12298.979128,19.085744,133.097077,11320.596308,710.296248,193.059588,10444.343088,0.000000,0.000000,11347.698923,12298.979128,951.280205,5.775246,1.569720,84.920407,0.000000,7.734627,15.695513,11.553566,3.593840,0.351198,7,0.000000,0,0,0,100.000000,4.850055,100.000000,31.041536,2756.196950,11150.672430,0.000000,76.798583
9240.000000,pure-acoustic,none,hardware,1,0,0,1,priority,0.000500,180,15,hybrid,0.050000,4000.000000,6.087000,52.000000,500.000000,500.000000,2.000000,120.000000,0.000000,190,126,190,0,190,19,45,126,0,0,0,0,0,0,0,0,0.000000,0.000000,0.000000,clear-ocean,30.000000,60.000000,0.151000,1727,5137239,1317.240769,14.255852,84,20,0,64,0,264,70,4,190,0,0,0,0,0,0,0,0,0,0,0,0,0,0,0,19,45,126,19,45,126,8.269188,15.386876,40.066412,0.000000,0.000000,0.000000,0,0,0,12304.379128,19.085744,133.097077,11320.596308,714.432418,194.093630,10444.572875,0.000000,0.000000,11353.098923,12304.379128,951.280205,5.806326,1.577435,84.885005,0.000000,7.731233,15.695513,11.553566,3.593840,0.348918,7,0.000000,0,0,0,100.000000,4.850055,100.000000,31.041536,2738.299567,11064.565714,0.000000,139.861505
9300.000000,pure-acoustic,none,hardware,1,0,0,1,priority,0.000500,180,15,hybrid,0.050000,4000.000000,6.087000,52.000000,500.000000,500.000000,2.000000,120.000000,0.000000,190,126,190,0,190,19,45,126,0,0,0,0,0,0,0,0,0.000000,0.000000,0.000000,clear-ocean,30.000000,60.000000,0.151000,1727,5137239,1317.240769,14.163879,84,20,0,64,0,264,70,4,190,0,0,0,0,0,0,0,0,0,0,0,0,0,0,0,19,45,126,19,45,126,8.269188,15.386876,40.066412,0.000000,0.000000,0.000000,0,0,0,12309.779128,19.085744,133.097077,11320.596308,718.568588,195.127673,10444.802662,0.000000,0.000000,11358.498923,12309.779128,951.280205,5.837380,1.585144,84.849635,0.000000,7.727841,15.695513,11.553566,3.593840,0.346667,7,0.000000,0,0,0,100.000000,4.850055,100.000000,31.041536,2720.633118,10978.458998,0.000000,213.367661
9360.000000,pure-acoustic,none,hardware,1,0,0,1,priority,0.000500,180,15,hybrid,0.050000,4000.000000,6.087000,52.000000,500.000000,500.000000,2.000000,120.000000,0.000000,190,126,190,0,190,19,45,126,0,0,0,0,0,0,0,0,0.000000,0.000000,0.000000,clear-ocean,30.000000,60.000000,0.151000,1727,5137239,1317.240769,14.073085,84,20,0,64,0,264,70,4,190,0,0,0,0,0,0,0,0,0,0,0,0,0,0,0,19,45,126,19,45,126,8.269188,15.386876,40.066412,0.000000,0.000000,0.000000,0,0,0,12315.179128,19.085744,133.097077,11320.596308,722.704758,196.161715,10445.032450,0.000000,0.000000,11363.898923,12315.179128,951.280205,5.868406,1.592845,84.814296,0.000000,7.724453,15.695513,11.553566,3.593840,0.344444,7,0.000000,0,0,0,100.000000,4.850055,100.000000,31.041536,2703.193162,10892.352281,0.000000,290.347262
9420.000000,pure-acoustic,none,hardware,1,0,0,1,priority,0.000500,180,15,hybrid,0.050000,4000.000000,6.087000,52.000000,500.000000,500.000000,2.000000,120.000000,0.000000,190,126,190,0,190,19,45,126,0,0,0,0,0,0,0,0,0.000000,0.000000,0.000000,clear-ocean,30.000000,60.000000,0.151000,1727,5137239,1317.240769,13.983448,84,20,0,64,0,264,70,4,190,0,0,0,0,0,0,0,0,0,0,0,0,0,0,0,19,45,126,19,45,126,8.269188,15.386876,40.066412,0.000000,0.000000,0.000000,0,0,0,12320.579128,19.085744,133.097077,11320.596308,726.840929,197.195758,10445.262237,0.000000,0.000000,11369.298923,12320.579128,951.280205,5.899406,1.600540,84.778987,0.000000,7.721067,15.695513,11.553566,3.593840,0.342251,7,0.000000,0,0,0,100.000000,4.850055,100.000000,31.041536,2685.975372,10806.245565,0.000000,363.501172
9480.000000,pure-acoustic,none,hardware,1,0,0,1,priority,0.000500,180,15,hybrid,0.050000,4000.000000,6.087000,52.000000,500.000000,500.000000,2.000000,120.000000,0.000000,190,126,190,0,190,19,45,126,0,0,0,0,0,0,0,0,0.000000,0.000000,0.000000,clear-ocean,30.000000,60.000000,0.151000,1727,5137239,1317.240769,13.894945,84,20,0,64,0,264,70,4,190,0,0,0,0,0,0,0,0,0,0,0,0,0,0,0,19,45,126,19,45,126,8.269188,15.386876,40.066412,0.000000,0.000000,0.000000,0,0,0,12325.979128,19.085744,133.097077,11320.596308,730.977099,198.229800,10445.492024,0.000000,0.000000,11374.698923,12325.979128,951.280205,5.930378,1.608228,84.743710,0.000000,7.717685,15.695513,11.553566,3.593840,0.340084,7,0.000000,0,0,0,100.000000,4.850055,100.000000,31.041536,2668.975527,10720.138849,0.000000,425.893002
9540.000000,pure-acoustic,none,hardware,1,0,0,1,priority,0.000500,180,15,hybrid,0.050000,4000.000000,6.087000,52.000000,500.000000,500.000000,2.000000,120.000000,0.000000,190,126,190,0,190,19,45,126,0,0,0,0,0,0,0,0,0.000000,0.000000,0.000000,clear-ocean,30.000000,60.000000,0.151000,1727,5137239,1317.240769,13.807555,84,20,0,64,0,264,70,4,190,0,0,0,0,0,0,0,0,0,0,0,0,0,0,0,19,45,126,19,45,126,8.269188,15.386876,40.066412,0.000000,0.000000,0.000000,0,0,0,12331.379128,19.085744,133.097077,11320.596308,735.113269,199.263843,10445.721811,0.000000,0.000000,11380.098923,12331.379128,951.280205,5.961322,1.615909,84.708464,0.000000,7.714305,15.695513,11.553566,3.593840,0.337945,7,0.000000,0,0,0,100.000000,4.850055,100.000000,31.041536,2652.189518,10634.032133,0.000000,471.606815
9600.000000,pure-acoustic,none,hardware,1,0,0,1,priority,0.000500,180,15,hybrid,0.050000,4000.000000,6.087000,52.000000,500.000000,500.000000,2.000000,120.000000,0.000000,190,126,190,0,190,19,45,126,0,0,0,0,0,0,0,0,0.000000,0.000000,0.000000,clear-ocean,30.000000,60.000000,0.151000,1727,5137239,1317.240769,13.721258,84,20,0,64,0,264,70,4,190,0,0,0,0,0,0,0,0,0,0,0,0,0,0,0,19,45,126,19,45,126,8.269188,15.386876,40.066412,0.000000,0.000000,0.000000,0,0,0,12336.779128,19.085744,133.097077,11320.596308,739.249439,200.297885,10445.951598,0.000000,0.000000,11385.498923,12336.779128,951.280205,5.992240,1.623583,84.673248,0.000000,7.710928,15.695513,11.553566,3.593840,0.335833,7,0.000000,0,0,0,100.000000,4.850055,100.000000,31.041536,2635.613333,10547.925417,0.000000,496.308069
9660.000000,pure-acoustic,none,hardware,1,0,0,1,priority,0.000500,180,15,hybrid,0.050000,4000.000000,6.087000,52.000000,500.000000,500.000000,2.000000,120.000000,0.000000,190,126,190,0,190,19,45,126,0,0,0,0,0,0,0,0,0.000000,0.000000,0.000000,clear-ocean,30.000000,60.000000,0.151000,1727,5137239,1317.240769,13.636033,84,20,0,64,0,264,70,4,190,0,0,0,0,0,0,0,0,0,0,0,0,0,0,0,19,45,126,19,45,126,8.269188,15.386876,40.066412,0.000000,0.000000,0.000000,0,0,0,12342.179128,19.085744,133.097077,11320.596308,743.385609,201.331928,10446.181386,0.000000,0.000000,11390.898923,12342.179128,951.280205,6.023131,1.631251,84.638063,0.000000,7.707555,15.695513,11.553566,3.593840,0.333747,7,0.000000,0,0,0,100.000000,4.850055,100.000000,31.041536,2619.243064,10461.818701,-0.000000,497.654611
9720.000000,pure-acoustic,none,hardware,1,0,0,1,priority,0.000500,180,15,hybrid,0.050000,4000.000000,6.087000,52.000000,500.000000,500.000000,2.000000,120.000000,0.000000,190,126,190,0,190,19,45,126,0,0,0,0,0,0,0,0,0.000000,0.000000,0.000000,clear-ocean,30.000000,60.000000,0.151000,1727,5137239,1317.240769,13.551860,84,20,0,64,0,264,70,4,190,0,0,0,0,0,0,0,0,0,0,0,0,0,0,0,19,45,126,19,45,126,8.269188,15.386876,40.066412,0.000000,0.000000,0.000000,0,0,0,12347.579128,19.085744,133.097077,11320.596308,747.521780,202.365971,10446.411173,0.000000,0.000000,11396.298923,12347.579128,951.280205,6.053995,1.638912,84.602909,0.000000,7.704184,15.695513,11.553566,3.593840,0.331687,7,0.000000,0,0,0,100.000000,4.850055,100.000000,31.041536,2603.074897,10375.711985,-0.000000,475.518765
9780.000000,pure-acoustic,none,hardware,1,0,0,1,priority,0.000500,180,15,hybrid,0.050000,4000.000000,6.087000,52.000000,500.000000,500.000000,2.000000,120.000000,0.000000,190,126,190,0,190,19,45,126,0,0,0,0,0,0,0,0,0.000000,0.000000,0.000000,clear-ocean,30.000000,60.000000,0.151000,1727,5137239,1317.240769,13.468720,84,20,0,64,0,264,70,4,190,0,0,0,0,0,0,0,0,0,0,0,0,0,0,0,19,45,126,19,45,126,8.269188,15.386876,40.066412,0.000000,0.000000,0.000000,0,0,0,12352.979128,19.085744,133.097077,11320.596308,751.657950,203.400013,10446.640960,0.000000,0.000000,11401.698923,12352.979128,951.280205,6.084831,1.646566,84.567786,0.000000,7.700816,15.695513,11.553566,3.593840,0.329652,7,0.000000,0,0,0,100.000000,4.850055,100.000000,31.041536,2587.105112,10289.605268,-0.000000,431.999432
9840.000000,pure-acoustic,none,hardware,1,0,0,1,priority,0.000500,180,15,hybrid,0.050000,4000.000000,6.087000,52.000000,500.000000,500.000000,2.000000,120.000000,0.000000,190,126,190,0,190,19,45,126,0,0,0,0,0,0,0,0,0.000000,0.000000,0.000000,clear-ocean,30.000000,60.000000,0.151000,1727,5137239,1317.240769,13.386593,84,20,0,64,0,264,70,4,190,0,0,0,0,0,0,0,0,0,0,0,0,0,0,0,19,45,126,19,45,126,8.269188,15.386876,40.066412,0.000000,0.000000,0.000000,0,0,0,12358.379128,19.085744,133.097077,11320.596308,755.794120,204.434056,10446.870747,0.000000,0.000000,11407.098923,12358.379128,951.280205,6.115641,1.654214,84.532693,0.000000,7.697451,15.695513,11.553566,3.593840,0.327642,7,0.000000,0,0,0,100.000000,4.850055,100.000000,31.041536,2571.330081,10203.498552,-0.000000,371.223075
9900.000000,pure-acoustic,none,hardware,1,0,0,1,priority,0.000500,180,15,hybrid,0.050000,4000.000000,6.087000,52.000000,500.000000,500.000000,2.000000,120.000000,0.000000,190,126,190,0,190,19,45,126,0,0,0,0,0,0,0,0,0.000000,0.000000,0.000000,clear-ocean,30.000000,60.000000,0.151000,1727,5137239,1317.240769,13.305462,84,20,0,64,0,264,70,4,190,0,0,0,0,0,0,0,0,0,0,0,0,0,0,0,19,45,126,19,45,126,8.269188,15.386876,40.066412,0.000000,0.000000,0.000000,0,0,0,12363.779128,19.085744,133.097077,11320.596308,759.930290,205.468098,10447.100535,0.000000,0.000000,11412.498923,12363.779128,951.280205,6.146424,1.661855,84.497632,0.000000,7.694089,15.695513,11.553566,3.593840,0.325657,7,0.000000,0,0,0,100.000000,4.850055,100.000000,31.041536,2555.746263,10117.391836,-0.000000,298.952455
9960.000000,pure-acoustic,none,hardware,1,0,0,1,priority,0.000500,180,15,hybrid,0.050000,4000.000000,6.087000,52.000000,500.000000,500.000000,2.000000,120.000000,0.000000,190,126,190,0,190,19,45,126,0,0,0,0,0,0,0,0,0.000000,0.000000,0.000000,clear-ocean,30.000000,60.000000,0.151000,1727,5137239,1317.240769,13.225309,84,20,0,64,0,264,70,4,190,0,0,0,0,0,0,0,0,0,0,0,0,0,0,0,19,45,126,19,45,126,8.269188,15.386876,40.066412,0.000000,0.000000,0.000000,0,0,0,12369.179128,19.085744,133.097077,11320.596308,764.066460,206.502141,10447.330322,0.000000,0.000000,11417.898923,12369.179128,951.280205,6.177180,1.669489,84.462600,0.000000,7.690730,15.695513,11.553566,3.593840,0.323695,7,0.000000,0,0,0,100.000000,4.850055,100.000000,31.041536,2540.350201,10031.285120,-0.000000,222.040207
10020.000000,pure-acoustic,none,hardware,1,0,0,1,priority,0.000500,180,15,hybrid,0.050000,4000.000000,6.087000,52.000000,500.000000,500.000000,2.000000,120.000000,0.000000,190,126,190,0,190,19,45,126,0,0,0,0,0,0,0,0,0.000000,0.000000,0.000000,clear-ocean,30.000000,60.000000,0.151000,1727,5137239,1317.240769,13.146115,84,20,0,64,0,264,70,4,190,0,0,0,0,0,0,0,0,0,0,0,0,0,0,0,19,45,126,19,45,126,8.269188,15.386876,40.066412,0.000000,0.000000,0.000000,0,0,0,12374.579128,19.085744,133.097077,11320.596308,768.202631,207.536183,10447.560109,0.000000,0.000000,11423.298923,12374.579128,951.280205,6.207909,1.677117,84.427600,0.000000,7.687374,15.695513,11.553566,3.593840,0.321756,7,0.000000,0,0,0,100.000000,4.850055,100.000000,31.041536,2525.138523,9945.178404,-0.000000,147.779081
10080.000000,pure-acoustic,none,hardware,1,0,0,1,priority,0.000500,180,15,hybrid,0.050000,4000.000000,6.087000,52.000000,500.000000,500.000000,2.000000,120.000000,0.000000,190,126,190,0,190,19,45,126,0,0,0,0,0,0,0,0,0.000000,0.000000,0.000000,clear-ocean,30.000000,60.000000,0.151000,1727,5137239,1317.240769,13.067865,84,20,0,64,0,264,70,4,190,0,0,0,0,0,0,0,0,0,0,0,0,0,0,0,19,45,126,19,45,126,8.269188,15.386876,40.066412,0.000000,0.000000,0.000000,0,0,0,12379.979128,19.085744,133.097077,11320.596308,772.338801,208.570226,10447.789896,0.000000,0.000000,11428.698923,12379.979128,951.280205,6.238611,1.684738,84.392629,0.000000,7.684021,15.695513,11.553566,3.593840,0.319841,7,0.000000,0,0,0,100.000000,4.850055,100.000000,31.041536,2510.107937,9859.071688,-0.000000,83.210451
10140.000000,pure-acoustic,none,hardware,1,0,0,1,priority,0.000500,180,15,hybrid,0.050000,4000.000000,6.087000,52.000000,500.000000,500.000000,2.000000,120.000000,0.000000,190,126,190,0,190,19,45,126,0,0,0,0,0,0,0,0,0.000000,0.000000,0.000000,clear-ocean,30.000000,60.000000,0.151000,1727,5137239,1317.240769,12.990540,84,20,0,64,0,264,70,4,190,0,0,0,0,0,0,0,0,0,0,0,0,0,0,0,19,45,126,19,45,126,8.269188,15.386876,40.066412,0.000000,0.000000,0.000000,0,0,0,12385.379128,19.085744,133.097077,11320.596308,776.474971,209.604268,10448.019684,0.000000,0.000000,11434.098923,12385.379128,951.280205,6.269287,1.692352,84.357690,0.000000,7.680671,15.695513,11.553566,3.593840,0.317949,7,0.000000,0,0,0,100.000000,4.850055,100.000000,31.041536,2495.255227,9772.964972,-0.000000,34.456658
10200.000000,pure-acoustic,none,hardware,1,0,0,1,priority,0.000500,180,15,hybrid,0.050000,4000.000000,6.087000,52.000000,500.000000,500.000000,2.000000,120.000000,0.000000,190,126,190,0,190,19,45,126,0,0,0,0,0,0,0,0,0.000000,0.000000,0.000000,clear-ocean,30.000000,60.000000,0.151000,1727,5137239,1317.240769,12.914125,84,20,0,64,0,264,70,4,190,0,0,0,0,0,0,0,0,0,0,0,0,0,0,0,19,45,126,19,45,126,8.269188,15.386876,40.066412,0.000000,0.000000,0.000000,0,0,0,12390.779128,19.085744,133.097077,11320.596308,780.611141,210.638311,10448.249471,0.000000,0.000000,11439.498923,12390.779128,951.280205,6.299936,1.699960,84.322780,0.000000,7.677324,15.695513,11.553566,3.593840,0.316078,7,0.000000,0,0,0,100.000000,4.850055,100.000000,31.041536,2480.577255,9686.858255,-0.000000,6.140491
10260.000000,pure-acoustic,none,hardware,1,0,0,1,priority,0.000500,180,15,hybrid,0.050000,4000.000000,6.087000,52.000000,500.000000,500.000000,2.000000,120.000000,0.000000,190,126,190,0,190,19,45,126,0,0,0,0,0,0,0,0,0.000000,0.000000,0.000000,clear-ocean,30.000000,60.000000,0.151000,1727,5137239,1317.240769,12.838604,84,20,0,64,0,264,70,4,190,0,0,0,0,0,0,0,0,0,0,0,0,0,0,0,19,45,126,19,45,126,8.269188,15.386876,40.066412,0.000000,0.000000,0.000000,0,0,0,12396.179128,19.085744,133.097077,11320.596308,784.747312,211.672354,10448.479258,0.000000,0.000000,11444.898923,12396.179128,951.280205,6.330558,1.707561,84.287902,0.000000,7.673979,15.695513,11.553566,3.593840,0.314230,7,0.000000,0,0,0,100.000000,4.850055,100.000000,31.041536,2466.070955,9600.751539,0.000000,0.946864
10320.000000,pure-acoustic,none,hardware,1,0,0,1,priority,0.000500,180,15,hybrid,0.050000,4000.000000,6.087000,52.000000,500.000000,500.000000,2.000000,120.000000,0.000000,190,126,190,0,190,19,45,126,0,0,0,0,0,0,0,0,0.000000,0.000000,0.000000,clear-ocean,30.000000,60.000000,0.151000,1727,5137239,1317.240769,12.763961,84,20,0,64,0,264,70,4,190,0,0,0,0,0,0,0,0,0,0,0,0,0,0,0,19,45,126,19,45,126,8.269188,15.386876,40.066412,0.000000,0.000000,0.000000,0,0,0,12401.579128,19.085744,133.097077,11320.596308,788.883482,212.706396,10448.709045,0.000000,0.000000,11450.298923,12401.579128,951.280205,6.361153,1.715156,84.253053,0.000000,7.670638,15.695513,11.553566,3.593840,0.312403,7,0.000000,0,0,0,100.000000,4.850055,100.000000,31.041536,2451.733333,9514.644823,0.000000,19.368233
10380.000000,pure-acoustic,none,hardware,1,0,0,1,priority,0.000500,180,15,hybrid,0.050000,4000.000000,6.087000,52.000000,500.000000,500.000000,2.000000,120.000000,0.000000,190,126,190,0,190,19,45,126,0,0,0,0,0,0,0,0,0.000000,0.000000,0.000000,clear-ocean,30.000000,60.000000,0.151000,1727,5137239,1317.240769,12.690181,84,20,0,64,0,264,70,4,190,0,0,0,0,0,0,0,0,0,0,0,0,0,0,0,19,45,126,19,45,126,8.269188,15.386876,40.066412,0.000000,0.000000,0.000000,0,0,0,12406.979128,19.085744,133.097077,11320.596308,793.019652,213.740439,10448.938833,0.000000,0.000000,11455.698923,12406.979128,951.280205,6.391722,1.722744,84.218235,0.000000,7.667299,15.695513,11.553566,3.593840,0.310597,7,0.000000,0,0,0,100.000000,4.850055,100.000000,31.041536,2437.561464,9428.538107,0.000000,59.657900
10440.000000,pure-acoustic,none,hardware,1,0,0,1,priority,0.000500,180,15,hybrid,0.050000,4000.000000,6.087000,52.000000,500.000000,500.000000,2.000000,120.000000,0.000000,190,126,190,0,190,19,45,126,0,0,0,0,0,0,0,0,0.000000,0.000000,0.000000,clear-ocean,30.000000,60.000000,0.151000,1727,5137239,1317.240769,12.617249,84,20,0,64,0,264,70,4,190,0,0,0,0,0,0,0,0,0,0,0,0,0,0,0,19,45,126,19,45,126,8.269188,15.386876,40.066412,0.000000,0.000000,0.000000,0,0,0,12412.379128,19.085744,133.097077,11320.596308,797.155822,214.774481,10449.168620,0.000000,0.000000,11461.098923,12412.379128,951.280205,6.422265,1.730325,84.183447,0.000000,7.663963,15.695513,11.553566,3.593840,0.308812,7,0.000000,0,0,0,100.000000,4.850055,100.000000,31.041536,2423.552490,9342.431391,0.000000,117.995634
10500.000000,pure-acoustic,none,hardware,1,0,0,1,priority,0.000500,180,15,hybrid,0.050000,4000.000000,6.087000,52.000000,500.000000,500.000000,2.000000,120.000000,0.000000,190,126,190,0,190,19,45,126,0,0,0,0,0,0,0,0,0.000000,0.000000,0.000000,clear-ocean,30.000000,60.000000,0.151000,1727,5137239,1317.240769,12.545150,84,20,0,64,0,264,70,4,190,0,0,0,0,0,0,0,0,0,0,0,0,0,0,0,19,45,126,19,45,126,8.269188,15.386876,40.066412,0.000000,0.000000,0.000000,0,0,0,12417.779128,19.085744,133.097077,11320.596308,801.291992,215.808524,10449.398407,0.000000,0.000000,11466.498923,12417.779128,951.280205,6.452780,1.737900,84.148690,0.000000,7.660631,15.695513,11.553566,3.593840,0.307048,7,0.000000,0,0,0,100.000000,4.850055,100.000000,31.041536,2409.703619,9256.324675,0.000000,188.849904
10560.000000,pure-acoustic,none,hardware,1,0,0,1,priority,0.000500,180,15,hybrid,0.050000,4000.000000,6.087000,52.000000,500.000000,500.000000,2.000000,120.000000,0.000000,190,126,190,0,190,19,45,126,0,0,0,0,0,0,0,0,0.000000,0.000000,0.000000,clear-ocean,30.000000,60.000000,0.151000,1727,5137239,1317.240769,12.473871,84,20,0,64,0,264,70,4,190,0,0,0,0,0,0,0,0,0,0,0,0,0,0,0,19,45,126,19,45,126,8.269188,15.386876,40.066412,0.000000,0.000000,0.000000,0,0,0,12423.179128,19.085744,133.097077,11320.596308,805.428163,216.842566,10449.628194,0.000000,0.000000,11471.898923,12423.179128,951.280205,6.483269,1.745468,84.113962,0.000000,7.657301,15.695513,11.553566,3.593840,0.305303,7,0.000000,0,0,0,100.000000,4.850055,100.000000,31.041536,2396.012121,9170.217959,0.000000,265.502372
10620.000000,pure-acoustic,none,hardware,1,0,0,1,priority,0.000500,180,15,hybrid,0.050000,4000.000000,6.087000,52.000000,500.000000,500.000000,2.000000,120.000000,0.000000,190,126,190,0,190,19,45,126,0,0,0,0,0,0,0,0,0.000000,0.000000,0.000000,clear-ocean,30.000000,60.000000,0.151000,1727,5137239,1317.240769,12.403397,84,20,0,64,0,264,70,4,190,0,0,0,0,0,0,0,0,0,0,0,0,0,0,0,19,45,126,19,45,126,8.269188,15.386876,40.066412,0.000000,0.000000,0.000000,0,0,0,12428.579128,19.085744,133.097077,11320.596308,809.564333,217.876609,10449.857981,0.000000,0.000000,11477.298923,12428.579128,951.280205,6.513732,1.753029,84.079265,0.000000,7.653974,15.695513,11.553566,3.593840,0.303578,7,0.000000,0,0,0,100.000000,4.850055,100.000000,31.041536,2382.475330,9084.111242,0.000000,340.684918
10680.000000,pure-acoustic,none,hardware,1,0,0,1,priority,0.000500,180,15,hybrid,0.050000,4000.000000,6.087000,52.000000,500.000000,500.000000,2.000000,120.000000,0.000000,190,126,190,0,190,19,45,126,0,0,0,0,0,0,0,0,0.000000,0.000000,0.000000,clear-ocean,30.000000,60.000000,0.151000,1727,5137239,1317.240769,12.333715,84,20,0,64,0,264,70,4,190,0,0,0,0,0,0,0,0,0,0,0,0,0,0,0,19,45,126,19,45,126,8.269188,15.386876,40.066412,0.000000,0.000000,0.000000,0,0,0,12433.979128,19.085744,133.097077,11320.596308,813.700503,218.910651,10450.087769,0.000000,0.000000,11482.698923,12433.979128,951.280205,6.544168,1.760584,84.044598,0.000000,7.650650,15.695513,11.553566,3.593840,0.301873,7,0.000000,0,0,0,100.000000,4.850055,100.000000,31.041536,2369.090637,8998.004526,0.000000,407.268802
10740.000000,pure-acoustic,none,hardware,1,0,0,1,priority,0.000500,180,15,hybrid,0.050000,4000.000000,6.087000,52.000000,500.000000,500.000000,2.000000,120.000000,0.000000,190,126,190,0,190,19,45,126,0,0,0,0,0,0,0,0,0.000000,0.000000,0.000000,clear-ocean,30.000000,60.000000,0.151000,1727,5137239,1317.240769,12.264812,84,20,0,64,0,264,70,4,190,0,0,0,0,0,0,0,0,0,0,0,0,0,0,0,19,45,126,19,45,126,8.269188,15.386876,40.066412,0.000000,0.000000,0.000000,0,0,0,12439.379128,19.085744,133.097077,11320.596308,817.836673,219.944694,10450.317556,0.000000,0.000000,11488.098923,12439.379128,951.280205,6.574578,1.768132,84.009961,0.000000,7.647329,15.695513,11.553566,3.593840,0.300186,7,0.000000,0,0,0,100.000000,4.850055,100.000000,31.041536,2355.855493,8911.897810,0.000000,458.940599
10800.000000,pure-acoustic,none,hardware,1,0,0,1,priority,0.000500,180,15,hybrid,0.050000,4000.000000,6.087000,52.000000,500.000000,500.000000,2.000000,120.000000,0.000000,190,126,190,0,190,19,45,126,0,0,0,0,0,0,0,0,0.000000,0.000000,0.000000,clear-ocean,30.000000,60.000000,0.151000,1727,5137239,1317.240769,12.196674,84,20,0,64,0,264,70,4,190,0,0,0,0,0,0,0,0,0,0,0,0,0,0,0,19,45,126,19,45,126,8.269188,15.386876,40.066412,0.000000,0.000000,0.000000,0,0,0,12444.779128,19.085744,133.097077,11320.596308,821.972843,220.978736,10450.547343,0.000000,0.000000,11493.498923,12444.779128,951.280205,6.604961,1.775674,83.975354,0.000000,7.644010,15.695513,11.553566,3.593840,0.298519,7,0.000000,0,0,0,100.000000,4.850055,100.000000,31.041536,2342.767407,8825.791094,0.000000,490.800835
10860.000000,pure-acoustic,none,hardware,1,0,0,1,priority,0.000500,180,15,hybrid,0.050000,4000.000000,6.087000,52.000000,500.000000,500.000000,2.000000,120.000000,0.000000,190,126,190,0,190,19,45,126,0,0,0,0,0,0,0,0,0.000000,0.000000,0.000000,clear-ocean,30.000000,60.000000,0.151000,1727,5137239,1317.240769,12.129289,84,20,0,64,0,264,70,4,190,0,0,0,0,0,0,0,0,0,0,0,0,0,0,0,19,45,126,19,45,126,8.269188,15.386876,40.066412,0.000000,0.000000,0.000000,0,0,0,12450.179128,19.085744,133.097077,11320.596308,826.109014,222.012779,10450.777130,0.000000,0.000000,11498.898923,12450.179128,951.280205,6.635318,1.783210,83.940777,0.000000,7.640695,15.695513,11.553566,3.593840,0.296869,7,0.000000,0,0,0,100.000000,4.850055,100.000000,31.041536,2329.823941,8739.684378,-0.000000,499.828551
10920.000000,pure-acoustic,none,hardware,1,0,0,1,priority,0.000500,180,15,hybrid,0.050000,4000.000000,6.087000,52.000000,500.000000,500.000000,2.000000,120.000000,0.000000,190,126,190,0,190,19,45,126,0,0,0,0,0,0,0,0,0.000000,0.000000,0.000000,clear-ocean,30.000000,60.000000,0.151000,1727,5137239,1317.240769,12.062644,84,20,0,64,0,264,70,4,190,0,0,0,0,0,0,0,0,0,0,0,0,0,0,0,19,45,126,19,45,126,8.269188,15.386876,40.066412,0.000000,0.000000,0.000000,0,0,0,12455.579128,19.085744,133.097077,11320.596308,830.245184,223.046822,10451.006918,0.000000,0.000000,11504.298923,12455.579128,951.280205,6.665649,1.790738,83.906230,0.000000,7.637382,15.695513,11.553566,3.593840,0.295238,7,0.000000,0,0,0,100.000000,4.850055,100.000000,31.041536,2317.022711,8653.577662,-0.000000,485.167748
10980.000000,pure-acoustic,none,hardware,1,0,0,1,priority,0.000500,180,15,hybrid,0.050000,4000.000000,6.087000,52.000000,500.000000,500.000000,2.000000,120.000000,0.000000,190,126,190,0,190,19,45,126,0,0,0,0,0,0,0,0,0.000000,0.000000,0.000000,clear-ocean,30.000000,60.000000,0.151000,1727,5137239,1317.240769,11.996728,84,20,0,64,0,264,70,4,190,0,0,0,0,0,0,0,0,0,0,0,0,0,0,0,19,45,126,19,45,126,8.269188,15.386876,40.066412,0.000000,0.000000,0.000000,0,0,0,12460.979128,19.085744,133.097077,11320.596308,834.381354,224.080864,10451.236705,0.000000,0.000000,11509.698923,12460.979128,951.280205,6.695953,1.798260,83.871713,0.000000,7.634073,15.695513,11.553566,3.593840,0.293625,7,0.000000,0,0,0,100.000000,4.850055,100.000000,31.041536,2304.361384,8567.470946,-0.000000,448.208549
11040.000000,pure-acoustic,none,hardware,1,0,0,1,priority,0.000500,180,15,hybrid,0.050000,4000.000000,6.087000,52.000000,500.000000,500.000000,2.000000,120.000000,0.000000,190,126,190,0,190,19,45,126,0,0,0,0,0,0,0,0,0.000000,0.000000,0.000000,clear-ocean,30.000000,60.000000,0.151000,1727,5137239,1317.240769,11.931529,84,20,0,64,0,264,70,4,190,0,0,0,0,0,0,0,0,0,0,0,0,0,0,0,19,45,126,19,45,126,8.269188,15.386876,40.066412,0.000000,0.000000,0.000000,0,0,0,12466.379128,19.085744,133.097077,11320.596308,838.517524,225.114907,10451.466492,0.000000,0.000000,11515.098923,12466.379128,951.280205,6.726232,1.805776,83.837226,0.000000,7.630766,15.695513,11.553566,3.593840,0.292029,7,0.000000,0,0,0,100.000000,4.850055,100.000000,31.041536,2291.837681,8481.364229,-0.000000,392.455393
11100.000000,pure-acoustic,none,hardware,1,0,0,1,priority,0.000500,180,15,hybrid,0.050000,4000.000000,6.087000,52.000000,500.000000,500.000000,2.000000,120.000000,0.000000,190,126,190,0,190,19,45,126,0,0,0,0,0,0,0,0,0.000000,0.000000,0.000000,clear-ocean,30.000000,60.000000,0.151000,1727,5137239,1317.240769,11.867034,84,20,0,64,0,264,70,4,190,0,0,0,0,0,0,0,0,0,0,0,0,0,0,0,19,45,126,19,45,126,8.269188,15.386876,40.066412,0.000000,0.000000,0.000000,0,0,0,12471.779128,19.085744,133.097077,11320.596308,842.653694,226.148949,10451.696279,0.000000,0.000000,11520.498923,12471.779128,951.280205,6.756483,1.813285,83.802769,0.000000,7.627462,15.695513,11.553566,3.593840,0.290450,7,0.000000,0,0,0,100.000000,4.850055,100.000000,31.041536,2279.449369,8395.257513,-0.000000,323.194744
11160.000000,pure-acoustic,none,hardware,1,0,0,1,priority,0.000500,180,15,hybrid,0.050000,4000.000000,6.087000,52.000000,500.000000,500.000000,2.000000,120.000000,0.000000,190,126,190,0,190,19,45,126,0,0,0,0,0,0,0,0,0.000000,0.000000,0.000000,clear-ocean,30.000000,60.000000,0.151000,1727,5137239,1317.240769,11.803233,84,20,0,64,0,264,70,4,190,0,0,0,0,0,0,0,0,0,0,0,0,0,0,0,19,45,126,19,45,126,8.269188,15.386876,40.066412,0.000000,0.000000,0.000000,0,0,0,12477.179128,19.085744,133.097077,11320.596308,846.789865,227.182992,10451.926067,0.000000,0.000000,11525.898923,12477.179128,951.280205,6.786709,1.820788,83.768342,0.000000,7.624161,15.695513,11.553566,3.593840,0.288889,7,0.000000,0,0,0,100.000000,4.850055,100.000000,31.041536,2267.194265,8309.150797,-0.000000,246.993835
11220.000000,pure-acoustic,none,hardware,1,0,0,1,priority,0.000500,180,15,hybrid,0.050000,4000.000000,6.087000,52.000000,500.000000,500.000000,2.000000,120.000000,0.000000,190,126,190,0,190,19,45,126,0,0,0,0,0,0,0,0,0.000000,0.000000,0.000000,clear-ocean,30.000000,60.000000,0.151000,1727,5137239,1317.240769,11.740114,84,20,0,64,0,264,70,4,190,0,0,0,0,0,0,0,0,0,0,0,0,0,0,0,19,45,126,19,45,126,8.269188,15.386876,40.066412,0.000000,0.000000,0.000000,0,0,0,12482.579128,19.085744,133.097077,11320.596308,850.926035,228.217034,10452.155854,0.000000,0.000000,11531.298923,12482.579128,951.280205,6.816909,1.828284,83.733944,0.000000,7.620863,15.695513,11.553566,3.593840,0.287344,7,0.000000,0,0,0,100.000000,4.850055,100.000000,31.041536,2255.070232,8223.044081,-0.000000,171.077968
11280.000000,pure-acoustic,none,hardware,1,0,0,1,priority,0.000500,180,15,hybrid,0.050000,4000.000000,6.087000,52.000000,500.000000,500.000000,2.000000,120.000000,0.000000,190,126,190,0,190,19,45,126,0,0,0,0,0,0,0,0,0.000000,0.000000,0.000000,clear-ocean,30.000000,60.000000,0.151000,1727,5137239,1317.240769,11.677666,84,20,0,64,0,264,70,4,190,0,0,0,0,0,0,0,0,0,0,0,0,0,0,0,19,45,126,19,45,126,8.269188,15.386876,40.066412,0.000000,0.000000,0.000000,0,0,0,12487.979128,19.085744,133.097077,11320.596308,855.062205,229.251077,10452.385641,0.000000,0.000000,11536.698923,12487.979128,951.280205,6.847082,1.835774,83.699576,0.000000,7.617567,15.695513,11.553566,3.593840,0.285816,7,0.000000,0,0,0,100.000000,4.850055,100.000000,31.041536,2243.075177,8136.937365,-0.000000,102.645417
11340.000000,pure-acoustic,none,hardware,1,0,0,1,priority,0.000500,180,15,hybrid,0.050000,4000.000000,6.087000,52.000000,500.000000,500.000000,2.000000,120.000000,0.000000,190,126,190,0,190,19,45,126,0,0,0,0,0,0,0,0,0.000000,0.000000,0.000000,clear-ocean,30.000000,60.000000,0.151000,1727,5137239,1317.240769,11.615880,84,20,0,64,0,264,70,4,190,0,0,0,0,0,0,0,0,0,0,0,0,0,0,0,19,45,126,19,45,126,8.269188,15.386876,40.066412,0.000000,0.000000,0.000000,0,0,0,12493.379128,19.085744,133.097077,11320.596308,859.198375,230.285119,10452.615428,0.000000,0.000000,11542.098923,12493.379128,951.280205,6.877230,1.843257,83.665238,0.000000,7.614275,15.695513,11.553566,3.593840,0.284303,7,0.000000,0,0,0,100.000000,4.850055,100.000000,31.041536,2231.207055,8050.830649,-0.000000,48.184896
11400.000000,pure-acoustic,none,hardware,1,0,0,1,priority,0.000500,180,15,hybrid,0.050000,4000.000000,6.087000,52.000000,500.000000,500.000000,2.000000,120.000000,0.000000,190,126,190,0,190,19,45,126,0,0,0,0,0,0,0,0,0.000000,0.000000,0.000000,clear-ocean,30.000000,60.000000,0.151000,1727,5137239,1317.240769,11.554744,84,20,0,64,0,264,70,4,190,0,0,0,0,0,0,0,0,0,0,0,0,0,0,0,19,45,126,19,45,126,8.269188,15.386876,40.066412,0.000000,0.000000,0.000000,0,0,0,12498.779128,19.085744,133.097077,11320.596308,863.334546,231.319162,10452.845215,0.000000,0.000000,11547.498923,12498.779128,951.280205,6.907351,1.850734,83.630930,0.000000,7.610985,15.695513,11.553566,3.593840,0.282807,7,0.000000,0,0,0,100.000000,4.850055,100.000000,31.041536,2219.463860,7964.723933,-0.000000,12.860303
11460.000000,pure-acoustic,none,hardware,1,0,0,1,priority,0.000500,180,15,hybrid,0.050000,4000.000000,6.087000,52.000000,500.000000,500.000000,2.000000,120.000000,0.000000,190,126,190,0,190,19,45,126,0,0,0,0,0,0,0,0,0.000000,0.000000,0.000000,clear-ocean,30.000000,60.000000,0.151000,1727,5137239,1317.240769,11.494248,84,20,0,64,0,264,70,4,190,0,0,0,0,0,0,0,0,0,0,0,0,0,0,0,19,45,126,19,45,126,8.269188,15.386876,40.066412,0.000000,0.000000,0.000000,0,0,0,12504.179128,19.085744,133.097077,11320.596308,867.470716,232.353205,10453.075003,0.000000,0.000000,11552.898923,12504.179128,951.280205,6.937446,1.858204,83.596651,0.000000,7.607698,15.695513,11.553566,3.593840,0.281326,7,0.000000,0,0,0,100.000000,4.850055,100.000000,31.041536,2207.843630,7878.617216,-0.000000,0.021083
11520.000000,pure-acoustic,none,hardware,1,0,0,1,priority,0.000500,180,15,hybrid,0.050000,4000.000000,6.087000,52.000000,500.000000,500.000000,2.000000,120.000000,0.000000,190,126,190,0,190,19,45,126,0,0,0,0,0,0,0,0,0.000000,0.000000,0.000000,clear-ocean,30.000000,60.000000,0.151000,1727,5137239,1317.240769,11.434382,84,20,0,64,0,264,70,4,190,0,0,0,0,0,0,0,0,0,0,0,0,0,0,0,19,45,126,19,45,126,8.269188,15.386876,40.066412,0.000000,0.000000,0.000000,0,0,0,12509.579128,19.085744,133.097077,11320.596308,871.606886,233.387247,10453.304790,0.000000,0.000000,11558.298923,12509.579128,951.280205,6.967516,1.865668,83.562402,0.000000,7.604414,15.695513,11.553566,3.593840,0.279861,7,0.000000,0,0,0,100.000000,4.850055,100.000000,31.041536,2196.344444,7792.510500,0.000000,10.884641
11580.000000,pure-acoustic,none,hardware,1,0,0,1,priority,0.000500,180,15,hybrid,0.050000,4000.000000,6.087000,52.000000,500.000000,500.000000,2.000000,120.000000,0.000000,190,126,190,0,190,19,45,126,0,0,0,0,0,0,0,0,0.000000,0.000000,0.000000,clear-ocean,30.000000,60.000000,0.151000,1727,5137239,1317.240769,11.375136,84,20,0,64,0,264,70,4,190,0,0,0,0,0,0,0,0,0,0,0,0,0,0,0,19,45,126,19,45,126,8.269188,15.386876,40.066412,0.000000,0.000000,0.000000,0,0,0,12514.979128,19.085744,133.097077,11320.596308,875.743056,234.421290,10453.534577,0.000000,0.000000,11563.698923,12514.979128,951.280205,6.997559,1.873126,83.528182,0.000000,7.601133,15.695513,11.553566,3.593840,0.278411,7,0.000000,0,0,0,100.000000,4.850055,100.000000,31.041536,2184.964421,7706.403784,0.000000,44.420903
11640.000000,pure-acoustic,none,hardware,1,0,0,1,priority,0.000500,180,15,hybrid,0.050000,4000.000000,6.087000,52.000000,500.000000,500.000000,2.000000,120.000000,0.000000,190,126,190,0,190,19,45,126,0,0,0,0,0,0,0,0,0.000000,0.000000,0.000000,clear-ocean,30.000000,60.000000,0.151000,1727,5137239,1317.240769,11.316501,84,20,0,64,0,264,70,4,190,0,0,0,0,0,0,0,0,0,0,0,0,0,0,0,19,45,126,19,45,126,8.269188,15.386876,40.066412,0.000000,0.000000,0.000000,0,0,0,12520.379128,19.085744,133.097077,11320.596308,879.879226,235.455332,10453.764364,0.000000,0.000000,11569.098923,12520.379128,951.280205,7.027577,1.880577,83.493992,0.000000,7.597855,15.695513,11.553566,3.593840,0.276976,7,0.000000,0,0,0,100.000000,4.850055,100.000000,31.041536,2173.701718,7620.297068,0.000000,97.449991
11700.000000,pure-acoustic,none,hardware,1,0,0,1,priority,0.000500,180,15,hybrid,0.050000,4000.000000,6.087000,52.000000,500.000000,500.000000,2.000000,120.000000,0.000000,190,126,190,0,190,19,45,126,0,0,0,0,0,0,0,0,0.000000,0.000000,0.000000,clear-ocean,30.000000,60.000000,0.151000,1727,5137239,1317.240769,11.258468,84,20,0,64,0,264,70,4,190,0,0,0,0,0,0,0,0,0,0,0,0,0,0,0,19,45,126,19,45,126,8.269188,15.386876,40.066412,0.000000,0.000000,0.000000,0,0,0,12525.779128,19.085744,133.097077,11320.596308,884.015397,236.489375,10453.994152,0.000000,0.000000,11574.498923,12525.779128,951.280205,7.057568,1.888021,83.459831,0.000000,7.594579,15.695513,11.553566,3.593840,0.275556,7,0.000000,0,0,0,100.000000,4.850055,100.000000,31.041536,2162.554530,7534.190352,0.000000,164.943734
11760.000000,pure-acoustic,none,hardware,1,0,0,1,priority,0.000500,180,15,hybrid,0.050000,4000.000000,6.087000,52.000000,500.000000,500.000000,2.000000,120.000000,0.000000,190,126,190,0,190,19,45,126,0,0,0,0,0,0,0,0,0.000000,0.000000,0.000000,clear-ocean,30.000000,60.000000,0.151000,1727,5137239,1317.240769,11.201027,84,20,0,64,0,264,70,4,190,0,0,0,0,0,0,0,0,0,0,0,0,0,0,0,19,45,126,19,45,126,8.269188,15.386876,40.066412,0.000000,0.000000,0.000000,0,0,0,12531.179128,19.085744,133.097077,11320.596308,888.151567,237.523417,10454.223939,0.000000,0.000000,11579.898923,12531.179128,951.280205,7.087534,1.895459,83.425700,0.000000,7.591306,15.695513,11.553566,3.593840,0.274150,7,0.000000,0,0,0,100.000000,4.850055,100.000000,31.041536,2151.521088,7448.083636,0.000000,240.502437
11820.000000,pure-acoustic,none,hardware,1,0,0,1,priority,0.000500,180,15,hybrid,0.050000,4000.000000,6.087000,52.000000,500.000000,500.000000,2.000000,120.000000,0.000000,190,126,190,0,190,19,45,126,0,0,0,0,0,0,0,0,0.000000,0.000000,0.000000,clear-ocean,30.000000,60.000000,0.151000,1727,5137239,1317.240769,11.144169,84,20,0,64,0,264,70,4,190,0,0,0,0,0,0,0,0,0,0,0,0,0,0,0,19,45,126,19,45,126,8.269188,15.386876,40.066412,0.000000,0.000000,0.000000,0,0,0,12536.579128,19.085744,133.097077,11320.596308,892.287737,238.557460,10454.453726,0.000000,0.000000,11585.298923,12536.579128,951.280205,7.117474,1.902891,83.391598,0.000000,7.588037,15.695513,11.553566,3.593840,0.272758,7,0.000000,0,0,0,100.000000,4.850055,100.000000,31.041536,2140.599662,7361.976920,0.000000,316.961690
11880.000000,pure-acoustic,none,hardware,1,0,0,1,priority,0.000500,180,15,hybrid,0.050000,4000.000000,6.087000,52.000000,500.000000,500.000000,2.000000,120.000000,0.000000,190,126,190,0,190,19,45,126,0,0,0,0,0,0,0,0,0.000000,0.000000,0.000000,clear-ocean,30.000000,60.000000,0.151000,1727,5137239,1317.240769,11.087885,84,20,0,64,0,264,70,4,190,0,0,0,0,0,0,0,0,0,0,0,0,0,0,0,19,45,126,19,45,126,8.269188,15.386876,40.066412,0.000000,0.000000,0.000000,0,0,0,12541.979128,19.085744,133.097077,11320.596308,896.423907,239.591502,10454.683513,0.000000,0.000000,11590.698923,12541.979128,951.280205,7.147388,1.910317,83.357526,0.000000,7.584769,15.695513,11.553566,3.593840,0.271380,7,0.000000,0,0,0,100.000000,4.850055,100.000000,31.041536,2129.788552,7275.870203,0.000000,387.071695
11940.000000,pure-acoustic,none,hardware,1,0,0,1,priority,0.000500,180,15,hybrid,0.050000,4000.000000,6.087000,52.000000,500.000000,500.000000,2.000000,120.000000,0.000000,190,126,190,0,190,19,45,126,0,0,0,0,0,0,0,0,0.000000,0.000000,0.000000,clear-ocean,30.000000,60.000000,0.151000,1727,5137239,1317.240769,11.032167,84,20,0,64,0,264,70,4,190,0,0,0,0,0,0,0,0,0,0,0,0,0,0,0,19,45,126,19,45,126,8.269188,15.386876,40.066412,0.000000,0.000000,0.000000,0,0,0,12547.379128,19.085744,133.097077,11320.596308,900.560077,240.625545,10454.913301,0.000000,0.000000,11596.098923,12547.379128,951.280205,7.177276,1.917736,83.323483,0.000000,7.581505,15.695513,11.553566,3.593840,0.270017,7,0.000000,0,0,0,100.000000,4.850055,100.000000,31.041536,2119.086097,7189.763487,0.000000,444.184685
12000.000000,pure-acoustic,none,hardware,1,0,0,1,priority,0.000500,180,15,hybrid,0.050000,4000.000000,6.087000,52.000000,500.000000,500.000000,2.000000,120.000000,0.000000,190,126,190,0,190,19,45,126,0,0,0,0,0,0,0,0,0.000000,0.000000,0.000000,clear-ocean,30.000000,60.000000,0.151000,1727,5137239,1317.240769,10.977006,84,20,0,64,0,264,70,4,190,0,0,0,0,0,0,0,0,0,0,0,0,0,0,0,19,45,126,19,45,126,8.269188,15.386876,40.066412,0.000000,0.000000,0.000000,0,0,0,12552.779128,19.085744,133.097077,11320.596308,904.696248,241.659588,10455.143088,0.000000,0.000000,11601.498923,12552.779128,951.280205,7.207139,1.925148,83.289469,0.000000,7.578244,15.695513,11.553566,3.593840,0.268667,7,0.000000,0,0,0,100.000000,4.850055,100.000000,31.041536,2108.490667,7103.656771,0.000000,482.885257
12060.000000,pure-acoustic,none,hardware,1,0,0,1,priority,0.000500,180,15,hybrid,0.050000,4000.000000,6.087000,52.000000,500.000000,500.000000,2.000000,120.000000,0.000000,190,126,190,0,190,19,45,126,0,0,0,0,0,0,0,0,0.000000,0.000000,0.000000,clear-ocean,30.000000,60.000000,0.151000,1727,5137239,1317.240769,10.922394,84,20,0,64,0,264,70,4,190,0,0,0,0,0,0,0,0,0,0,0,0,0,0,0,19,45,126,19,45,126,8.269188,15.386876,40.066412,0.000000,0.000000,0.000000,0,0,0,12558.179128,19.085744,133.097077,11320.596308,908.832418,242.693630,10455.372875,0.000000,0.000000,11606.898923,12558.179128,951.280205,7.236976,1.932554,83.255484,0.000000,7.574985,15.695513,11.553566,3.593840,0.267330,7,0.000000,0,0,0,100.000000,4.850055,100.000000,31.041536,2098.000663,7017.550055,0.000000,499.503857
12120.000000,pure-acoustic,none,hardware,1,0,0,1,priority,0.000500,180,15,hybrid,0.050000,4000.000000,6.087000,52.000000,500.000000,500.000000,2.000000,120.000000,0.000000,190,126,190,0,190,19,45,126,0,0,0,0,0,0,0,0,0.000000,0.000000,0.000000,clear-ocean,30.000000,60.000000,0.151000,1727,5137239,1317.240769,10.868323,84,20,0,64,0,264,70,4,190,0,0,0,0,0,0,0,0,0,0,0,0,0,0,0,19,45,126,19,45,126,8.269188,15.386876,40.066412,0.000000,0.000000,0.000000,0,0,0,12563.579128,19.085744,133.097077,11320.596308,912.968588,243.727673,10455.602662,0.000000,0.000000,11612.298923,12563.579128,951.280205,7.266787,1.939954,83.221529,0.000000,7.571729,15.695513,11.553566,3.593840,0.266007,7,0.000000,0,0,0,100.000000,4.850055,100.000000,31.041536,2087.614521,6931.443339,-0.000000,492.464725
12180.000000,pure-acoustic,none,hardware,1,0,0,1,priority,0.000500,180,15,hybrid,0.050000,4000.000000,6.087000,52.000000,500.000000,500.000000,2.000000,120.000000,0.000000,190,126,190,0,190,19,45,126,0,0,0,0,0,0,0,0,0.000000,0.000000,0.000000,clear-ocean,30.000000,60.000000,0.151000,1727,5137239,1317.240769,10.814785,84,20,0,64,0,264,70,4,190,0,0,0,0,0,0,0,0,0,0,0,0,0,0,0,19,45,126,19,45,126,8.269188,15.386876,40.066412,0.000000,0.000000,0.000000,0,0,0,12568.979128,19.085744,133.097077,11320.596308,917.104758,244.761715,10455.832450,0.000000,0.000000,11617.698923,12568.979128,951.280205,7.296573,1.947348,83.187603,0.000000,7.568476,15.695513,11.553566,3.593840,0.264696,7,0.000000,0,0,0,100.000000,4.850055,100.000000,31.041536,2077.330706,6845.336623,-0.000000,462.435304
12240.000000,pure-acoustic,none,hardware,1,0,0,1,priority,0.000500,180,15,hybrid,0.050000,4000.000000,6.087000,52.000000,500.000000,500.000000,2.000000,120.000000,0.000000,190,126,190,0,190,19,45,126,0,0,0,0,0,0,0,0,0.000000,0.000000,0.000000,clear-ocean,30.000000,60.000000,0.151000,1727,5137239,1317.240769,10.761771,84,20,0,64,0,264,70,4,190,0,0,0,0,0,0,0,0,0,0,0,0,0,0,0,19,45,126,19,45,126,8.269188,15.386876,40.066412,0.000000,0.000000,0.000000,0,0,0,12574.379128,19.085744,133.097077,11320.596308,921.240929,245.795758,10456.062237,0.000000,0.000000,11623.098923,12574.379128,951.280205,7.326333,1.954735,83.153706,0.000000,7.565226,15.695513,11.553566,3.593840,0.263399,7,0.000000,0,0,0,100.000000,4.850055,100.000000,31.041536,2067.147712,6759.229907,-0.000000,412.262958
12300.000000,pure-acoustic,none,hardware,1,0,0,1,priority,0.000500,180,15,hybrid,0.050000,4000.000000,6.087000,52.000000,500.000000,500.000000,2.000000,120.000000,0.000000,190,126,190,0,190,19,45,126,0,0,0,0,0,0,0,0,0.000000,0.000000,0.000000,clear-ocean,30.000000,60.000000,0.151000,1727,5137239,1317.240769,10.709275,84,20,0,64,0,264,70,4,190,0,0,0,0,0,0,0,0,0,0,0,0,0,0,0,19,45,126,19,45,126,8.269188,15.386876,40.066412,0.000000,0.000000,0.000000,0,0,0,12579.779128,19.085744,133.097077,11320.596308,925.377099,246.829800,10456.292024,0.000000,0.000000,11628.498923,12579.779128,951.280205,7.356068,1.962116,83.119838,0.000000,7.561979,15.695513,11.553566,3.593840,0.262114,7,0.000000,0,0,0,100.000000,4.850055,100.000000,31.041536,2057.064065,6673.123190,-0.000000,346.704984
12360.000000,pure-acoustic,none,hardware,1,0,0,1,priority,0.000500,180,15,hybrid,0.050000,4000.000000,6.087000,52.000000,500.000000,500.000000,2.000000,120.000000,0.000000,190,126,190,0,190,19,45,126,0,0,0,0,0,0,0,0,0.000000,0.000000,0.000000,clear-ocean,30.000000,60.000000,0.151000,1727,5137239,1317.240769,10.657288,84,20,0,64,0,264,70,4,190,0,0,0,0,0,0,0,0,0,0,0,0,0,0,0,19,45,126,19,45,126,8.269188,15.386876,40.066412,0.000000,0.000000,0.000000,0,0,0,12585.179128,19.085744,133.097077,11320.596308,929.513269,247.863843,10456.521811,0.000000,0.000000,11633.898923,12585.179128,951.280205,7.385777,1.969490,83.085999,0.000000,7.558734,15.695513,11.553566,3.593840,0.260841,7,0.000000,0,0,0,100.000000,4.850055,100.000000,31.041536,2047.078317,6587.016474,-0.000000,271.977529
12420.000000,pure-acoustic,none,hardware,1,0,0,1,priority,0.000500,180,15,hybrid,0.050000,4000.000000,6.087000,52.000000,500.000000,500.000000,2.000000,120.000000,0.000000,190,126,190,0,190,19,45,126,0,0,0,0,0,0,0,0,0.000000,0.000000,0.000000,clear-ocean,30.000000,60.000000,0.151000,1727,5137239,1317.240769,10.605803,84,20,0,64,0,264,70,4,190,0,0,0,0,0,0,0,0,0,0,0,0,0,0,0,19,45,126,19,45,126,8.269188,15.386876,40.066412,0.000000,0.000000,0.000000,0,0,0,12590.579128,19.085744,133.097077,11320.596308,933.649439,248.897885,10456.751598,0.000000,0.000000,11639.298923,12590.579128,951.280205,7.415461,1.976858,83.052189,0.000000,7.555492,15.695513,11.553566,3.593840,0.259581,7,0.000000,0,0,0,100.000000,4.850055,100.000000,31.041536,2037.189050,6500.909758,-0.000000,195.166185
12480.000000,pure-acoustic,none,hardware,1,0,0,1,priority,0.000500,180,15,hybrid,0.050000,4000.000000,6.087000,52.000000,500.000000,500.000000,2.000000,120.000000,0.000000,190,126,190,0,190,19,45,126,0,0,0,0,0,0,0,0,0.000000,0.000000,0.000000,clear-ocean,30.000000,60.000000,0.151000,1727,5137239,1317.240769,10.554814,84,20,0,64,0,264,70,4,190,0,0,0,0,0,0,0,0,0,0,0,0,0,0,0,19,45,126,19,45,126,8.269188,15.386876,40.066412,0.000000,0.000000,0.000000,0,0,0,12595.979128,19.085744,133.097077,11320.596308,937.785609,249.931928,10456.981386,0.000000,0.000000,11644.698923,12595.979128,951.280205,7.445119,1.984220,83.018408,0.000000,7.552253,15.695513,11.553566,3.593840,0.258333,7,0.000000,0,0,0,100.000000,4.850055,100.000000,31.041536,2027.394872,6414.803042,-0.000000,123.554134
12540.000000,pure-acoustic,none,hardware,1,0,0,1,priority,0.000500,180,15,hybrid,0.050000,4000.000000,6.087000,52.000000,500.000000,500.000000,2.000000,120.000000,0.000000,190,126,190,0,190,19,45,126,0,0,0,0,0,0,0,0,0.000000,0.000000,0.000000,clear-ocean,30.000000,60.000000,0.151000,1727,5137239,1317.240769,10.504312,84,20,0,64,0,264,70,4,190,0,0,0,0,0,0,0,0,0,0,0,0,0,0,0,19,45,126,19,45,126,8.269188,15.386876,40.066412,0.000000,0.000000,0.000000,0,0,0,12601.379128,19.085744,133.097077,11320.596308,941.921780,250.965971,10457.211173,0.000000,0.000000,11650.098923,12601.379128,951.280205,7.474752,1.991575,82.984656,0.000000,7.549017,15.695513,11.553566,3.593840,0.257097,7,0.000000,0,0,0,100.000000,4.850055,100.000000,31.041536,2017.694418,6328.696326,-0.000000,63.931567
12600.000000,pure-acoustic,none,hardware,1,0,0,1,priority,0.000500,180,15,hybrid,0.050000,4000.000000,6.087000,52.000000,500.000000,500.000000,2.000000,120.000000,0.000000,190,126,190,0,190,19,45,126,0,0,0,0,0,0,0,0,0.000000,0.000000,0.000000,clear-ocean,30.000000,60.000000,0.151000,1727,5137239,1317.240769,10.454292,84,20,0,64,0,264,70,4,190,0,0,0,0,0,0,0,0,0,0,0,0,0,0,0,19,45,126,19,45,126,8.269188,15.386876,40.066412,0.000000,0.000000,0.000000,0,0,0,12606.779128,19.085744,133.097077,11320.596308,946.057950,252.000013,10457.440960,0.000000,0.000000,11655.498923,12606.779128,951.280205,7.504359,1.998925,82.950933,0.000000,7.545783,15.695513,11.553566,3.593840,0.255873,7,0.000000,0,0,0,100.000000,4.850055,100.000000,31.041536,2008.086349,6242.589610,-0.000000,21.951842
12660.000000,pure-acoustic,none,hardware,1,0,0,1,priority,0.000500,180,15,hybrid,0.050000,4000.000000,6.087000,52.000000,500.000000,500.000000,2.000000,120.000000,0.000000,190,126,190,0,190,19,45,126,0,0,0,0,0,0,0,0,0.000000,0.000000,0.000000,clear-ocean,30.000000,60.000000,0.151000,1727,5137239,1317.240769,10.404745,84,20,0,64,0,264,70,4,190,0,0,0,0,0,0,0,0,0,0,0,0,0,0,0,19,45,126,19,45,126,8.269188,15.386876,40.066412,0.000000,0.000000,0.000000,0,0,0,12612.179128,19.085744,133.097077,11320.596308,950.194120,253.034056,10457.670747,0.000000,0.000000,11660.898923,12612.179128,951.280205,7.533941,2.006268,82.917239,0.000000,7.542552,15.695513,11.553566,3.593840,0.254660,7,0.000000,0,0,0,100.000000,4.850055,100.000000,31.041536,1998.569352,6156.482894,-0.000000,1.595440
12720.000000,pure-acoustic,none,hardware,1,0,0,1,priority,0.000500,180,15,hybrid,0.050000,4000.000000,6.087000,52.000000,500.000000,500.000000,2.000000,120.000000,0.000000,190,126,190,0,190,19,45,126,0,0,0,0,0,0,0,0,0.000000,0.000000,0.000000,clear-ocean,30.000000,60.000000,0.151000,1727,5137239,1317.240769,10.355666,84,20,0,64,0,264,70,4,190,0,0,0,0,0,0,0,0,0,0,0,0,0,0,0,19,45,126,19,45,126,8.269188,15.386876,40.066412,0.000000,0.000000,0.000000,0,0,0,12617.579128,19.085744,133.097077,11320.596308,954.330290,254.068098,10457.900535,0.000000,0.000000,11666.298923,12617.579128,951.280205,7.563498,2.013604,82.883574,0.000000,7.539324,15.695513,11.553566,3.593840,0.253459,7,0.000000,0,0,0,100.000000,4.850055,100.000000,31.041536,1989.142138,6070.376177,0.000000,4.792536
12780.000000,pure-acoustic,none,hardware,1,0,0,1,priority,0.000500,180,15,hybrid,0.050000,4000.000000,6.087000,52.000000,500.000000,500.000000,2.000000,120.000000,0.000000,190,126,190,0,190,19,45,126,0,0,0,0,0,0,0,0,0.000000,0.000000,0.000000,clear-ocean,30.000000,60.000000,0.151000,1727,5137239,1317.240769,10.307048,84,20,0,64,0,264,70,4,190,0,0,0,0,0,0,0,0,0,0,0,0,0,0,0,19,45,126,19,45,126,8.269188,15.386876,40.066412,0.000000,0.000000,0.000000,0,0,0,12622.979128,19.085744,133.097077,11320.596308,958.466460,255.102141,10458.130322,0.000000,0.000000,11671.698923,12622.979128,951.280205,7.593029,2.020935,82.849938,0.000000,7.536099,15.695513,11.553566,3.593840,0.252269,7,0.000000,0,0,0,100.000000,4.850055,100.000000,31.041536,1979.803443,5984.269461,0.000000,31.239984
12840.000000,pure-acoustic,none,hardware,1,0,0,1,priority,0.000500,180,15,hybrid,0.050000,4000.000000,6.087000,52.000000,500.000000,500.000000,2.000000,120.000000,0.000000,190,126,190,0,190,19,45,126,0,0,0,0,0,0,0,0,0.000000,0.000000,0.000000,clear-ocean,30.000000,60.000000,0.151000,1727,5137239,1317.240769,10.258884,84,20,0,64,0,264,70,4,190,0,0,0,0,0,0,0,0,0,0,0,0,0,0,0,19,45,126,19,45,126,8.269188,15.386876,40.066412,0.000000,0.000000,0.000000,0,0,0,12628.379128,19.085744,133.097077,11320.596308,962.602631,256.136183,10458.360109,0.000000,0.000000,11677.098923,12628.379128,951.280205,7.622535,2.028259,82.816330,0.000000,7.532877,15.695513,11.553566,3.593840,0.251090,7,0.000000,0,0,0,100.000000,4.850055,100.000000,31.041536,1970.552025,5898.162745,0.000000,78.430061
12900.000000,pure-acoustic,none,hardware,1,0,0,1,priority,0.000500,180,15,hybrid,0.050000,4000.000000,6.087000,52.000000,500.000000,500.000000,2.000000,120.000000,0.000000,190,126,190,0,190,19,45,126,0,0,0,0,0,0,0,0,0.000000,0.000000,0.000000,clear-ocean,30.000000,60.000000,0.151000,1727,5137239,1317.240769,10.211169,84,20,0,64,0,264,70,4,190,0,0,0,0,0,0,0,0,0,0,0,0,0,0,0,19,45,126,19,45,126,8.269188,15.386876,40.066412,0.000000,0.000000,0.000000,0,0,0,12633.779128,19.085744,133.097077,11320.596308,966.738801,257.170226,10458.589896,0.000000,0.000000,11682.498923,12633.779128,951.280205,7.652016,2.035576,82.782751,0.000000,7.529657,15.695513,11.553566,3.593840,0.249922,7,0.000000,0,0,0,100.000000,4.850055,100.000000,31.041536,1961.386667,5812.056029,0.000000,141.888246
12960.000000,pure-acoustic,none,hardware,1,0,0,1,priority,0.000500,180,15,hybrid,0.050000,4000.000000,6.087000,52.000000,500.000000,500.000000,2.000000,120.000000,0.000000,190,126,190,0,190,19,45,126,0,0,0,0,0,0,0,0,0.000000,0.000000,0.000000,clear-ocean,30.000000,60.000000,0.151000,1727,5137239,1317.240769,10.163895,84,20,0,64,0,264,70,4,190,0,0,0,0,0,0,0,0,0,0,0,0,0,0,0,19,45,126,19,45,126,8.269188,15.386876,40.066412,0.000000,0.000000,0.000000,0,0,0,12639.179128,19.085744,133.097077,11320.596308,970.874971,258.204268,10458.819684,0.000000,0.000000,11687.898923,12639.179128,951.280205,7.681472,2.042888,82.749201,0.000000,7.526440,15.695513,11.553566,3.593840,0.248765,7,0.000000,0,0,0,100.000000,4.850055,100.000000,31.041536,1952.306173,5725.949313,0.000000,215.597491
13020.000000,pure-acoustic,none,hardware,1,0,0,1,priority,0.000500,180,15,hybrid,0.050000,4000.000000,6.087000,52.000000,500.000000,500.000000,2.000000,120.000000,0.000000,190,126,190,0,190,19,45,126,0,0,0,0,0,0,0,0,0.000000,0.000000,0.000000,clear-ocean,30.000000,60.000000,0.151000,1727,5137239,1317.240769,10.117057,84,20,0,64,0,264,70,4,190,0,0,0,0,0,0,0,0,0,0,0,0,0,0,0,19,45,126,19,45,126,8.269188,15.386876,40.066412,0.000000,0.000000,0.000000,0,0,0,12644.579128,19.085744,133.097077,11320.596308,975.011141,259.238311,10459.049471,0.000000,0.000000,11693.298923,12644.579128,951.280205,7.710902,2.050193,82.715679,0.000000,7.523226,15.695513,11.553566,3.593840,0.247619,7,0.000000,0,0,0,100.000000,4.850055,100.000000,31.041536,1943.309370,5639.842597,0.000000,292.568751
13080.000000,pure-acoustic,none,hardware,1,0,0,1,priority,0.000500,180,15,hybrid,0.050000,4000.000000,6.087000,52.000000,500.000000,500.000000,2.000000,120.000000,0.000000,190,126,190,0,190,19,45,126,0,0,0,0,0,0,0,0,0.000000,0.000000,0.000000,clear-ocean,30.000000,60.000000,0.151000,1727,5137239,1317.240769,10.070648,84,20,0,64,0,264,70,4,190,0,0,0,0,0,0,0,0,0,0,0,0,0,0,0,19,45,126,19,45,126,8.269188,15.386876,40.066412,0.000000,0.000000,0.000000,0,0,0,12649.979128,19.085744,133.097077,11320.596308,979.147312,260.272354,10459.279258,0.000000,0.000000,11698.698923,12649.979128,951.280205,7.740308,2.057492,82.682186,0.000000,7.520014,15.695513,11.553566,3.593840,0.246483,7,0.000000,0,0,0,100.000000,4.850055,100.000000,31.041536,1934.395107,5553.735880,0.000000,365.503680
13140.000000,pure-acoustic,none,hardware,1,0,0,1,priority,0.000500,180,15,hybrid,0.050000,4000.000000,6.087000,52.000000,500.000000,500.000000,2.000000,120.000000,0.000000,190,126,190,0,190,19,45,126,0,0,0,0,0,0,0,0,0.000000,0.000000,0.000000,clear-ocean,30.000000,60.000000,0.151000,1727,5137239,1317.240769,10.024663,84,20,0,64,0,264,70,4,190,0,0,0,0,0,0,0,0,0,0,0,0,0,0,0,19,45,126,19,45,126,8.269188,15.386876,40.066412,0.000000,0.000000,0.000000,0,0,0,12655.379128,19.085744,133.097077,11320.596308,983.283482,261.306396,10459.509045,0.000000,0.000000,11704.098923,12655.379128,951.280205,7.769688,2.064785,82.648721,0.000000,7.516805,15.695513,11.553566,3.593840,0.245358,7,0.000000,0,0,0,100.000000,4.850055,100.000000,31.041536,1925.562253,5467.629164,0.000000,427.486654
13200.000000,pure-acoustic,none,hardware,1,0,0,1,priority,0.000500,180,15,hybrid,0.050000,4000.000000,6.087000,52.000000,500.000000,500.000000,2.000000,120.000000,0.000000,190,126,190,0,190,19,45,126,0,0,0,0,0,0,0,0,0.000000,0.000000,0.000000,clear-ocean,30.000000,60.000000,0.151000,1727,5137239,1317.240769,9.979097,84,20,0,64,0,264,70,4,190,0,0,0,0,0,0,0,0,0,0,0,0,0,0,0,19,45,126,19,45,126,8.269188,15.386876,40.066412,0.000000,0.000000,0.000000,0,0,0,12660.779128,19.085744,133.097077,11320.596308,987.419652,262.340439,10459.738833,0.000000,0.000000,11709.498923,12660.779128,951.280205,7.799043,2.072072,82.615286,0.000000,7.513599,15.695513,11.553566,3.593840,0.244242,7,0.000000,0,0,0,100.000000,4.850055,100.000000,31.041536,1916.809697,5381.522448,0.000000,472.640502
13260.000000,pure-acoustic,none,hardware,1,0,0,1,priority,0.000500,180,15,hybrid,0.050000,4000.000000,6.087000,52.000000,500.000000,500.000000,2.000000,120.000000,0.000000,190,126,190,0,190,19,45,126,0,0,0,0,0,0,0,0,0.000000,0.000000,0.000000,clear-ocean,30.000000,60.000000,0.151000,1727,5137239,1317.240769,9.933942,84,20,0,64,0,264,70,4,190,0,0,0,0,0,0,0,0,0,0,0,0,0,0,0,19,45,126,19,45,126,8.269188,15.386876,40.066412,0.000000,0.000000,0.000000,0,0,0,12666.179128,19.085744,133.097077,11320.596308,991.555822,263.374481,10459.968620,0.000000,0.000000,11714.898923,12666.179128,951.280205,7.828374,2.079352,82.581878,0.000000,7.510396,15.695513,11.553566,3.593840,0.243137,7,0.000000,0,0,0,100.000000,4.850055,100.000000,31.041536,1908.136350,5295.415732,0.000000,496.683776
13320.000000,pure-acoustic,none,hardware,1,0,0,1,priority,0.000500,180,15,hybrid,0.050000,4000.000000,6.087000,52.000000,500.000000,500.000000,2.000000,120.000000,0.000000,190,126,190,0,190,19,45,126,0,0,0,0,0,0,0,0,0.000000,0.000000,0.000000,clear-ocean,30.000000,60.000000,0.151000,1727,5137239,1317.240769,9.889195,84,20,0,64,0,264,70,4,190,0,0,0,0,0,0,0,0,0,0,0,0,0,0,0,19,45,126,19,45,126,8.269188,15.386876,40.066412,0.000000,0.000000,0.000000,0,0,0,12671.579128,19.085744,133.097077,11320.596308,995.691992,264.408524,10460.198407,0.000000,0.000000,11720.298923,12671.579128,951.280205,7.857679,2.086626,82.548499,0.000000,7.507195,15.695513,11.553566,3.593840,0.242042,7,0.000000,0,0,0,100.000000,4.850055,100.000000,31.041536,1899.541141,5209.309016,-0.000000,497.336716
13380.000000,pure-acoustic,none,hardware,1,0,0,1,priority,0.000500,180,15,hybrid,0.050000,4000.000000,6.087000,52.000000,500.000000,500.000000,2.000000,120.000000,0.000000,190,126,190,0,190,19,45,126,0,0,0,0,0,0,0,0,0.000000,0.000000,0.000000,clear-ocean,30.000000,60.000000,0.151000,1727,5137239,1317.240769,9.844849,84,20,0,64,0,264,70,4,190,0,0,0,0,0,0,0,0,0,0,0,0,0,0,0,19,45,126,19,45,126,8.269188,15.386876,40.066412,0.000000,0.000000,0.000000,0,0,0,12676.979128,19.085744,133.097077,11320.596308,999.828163,265.442566,10460.428194,0.000000,0.000000,11725.698923,12676.979128,951.280205,7.886959,2.093894,82.515149,0.000000,7.503998,15.695513,11.553566,3.593840,0.240957,7,0.000000,0,0,0,100.000000,4.850055,100.000000,31.041536,1891.023019,5123.202300,-0.000000,474.537410
13440.000000,pure-acoustic,none,hardware,1,0,0,1,priority,0.000500,180,15,hybrid,0.050000,4000.000000,6.087000,52.000000,500.000000,500.000000,2.000000,120.000000,0.000000,190,126,190,0,190,19,45,126,0,0,0,0,0,0,0,0,0.000000,0.000000,0.000000,clear-ocean,30.000000,60.000000,0.151000,1727,5137239,1317.240769,9.800899,84,20,0,64,0,264,70,4,190,0,0,0,0,0,0,0,0,0,0,0,0,0,0,0,19,45,126,19,45,126,8.269188,15.386876,40.066412,0.000000,0.000000,0.000000,0,0,0,12682.379128,19.085744,133.097077,11320.596308,1003.964333,266.476609,10460.657981,0.000000,0.000000,11731.098923,12682.379128,951.280205,7.916214,2.101156,82.481827,0.000000,7.500802,15.695513,11.553566,3.593840,0.239881,7,0.000000,0,0,0,100.000000,4.850055,100.000000,31.041536,1882.580952,5037.095584,-0.000000,430.447668
13500.000000,pure-acoustic,none,hardware,1,0,0,1,priority,0.000500,180,15,hybrid,0.050000,4000.000000,6.087000,52.000000,500.000000,500.000000,2.000000,120.000000,0.000000,190,126,190,0,190,19,45,126,0,0,0,0,0,0,0,0,0.000000,0.000000,0.000000,clear-ocean,30.000000,60.000000,0.151000,1727,5137239,1317.240769,9.757339,84,20,0,64,0,264,70,4,190,0,0,0,0,0,0,0,0,0,0,0,0,0,0,0,19,45,126,19,45,126,8.269188,15.386876,40.066412,0.000000,0.000000,0.000000,0,0,0,12687.779128,19.085744,133.097077,11320.596308,1008.100503,267.510651,10460.887769,0.000000,0.000000,11736.498923,12687.779128,951.280205,7.945445,2.108412,82.448533,0.000000,7.497610,15.695513,11.553566,3.593840,0.238815,7,0.000000,0,0,0,100.000000,4.850055,100.000000,31.041536,1874.213926,4950.988867,-0.000000,369.248039
13560.000000,pure-acoustic,none,hardware,1,0,0,1,priority,0.000500,180,15,hybrid,0.050000,4000.000000,6.087000,52.000000,500.000000,500.000000,2.000000,120.000000,0.000000,190,126,190,0,190,19,45,126,0,0,0,0,0,0,0,0,0.000000,0.000000,0.000000,clear-ocean,30.000000,60.000000,0.151000,1727,5137239,1317.240769,9.714165,84,20,0,64,0,264,70,4,190,0,0,0,0,0,0,0,0,0,0,0,0,0,0,0,19,45,126,19,45,126,8.269188,15.386876,40.066412,0.000000,0.000000,0.000000,0,0,0,12693.179128,19.085744,133.097077,11320.596308,1012.236673,268.544694,10461.117556,0.000000,0.000000,11741.898923,12693.179128,951.280205,7.974651,2.115661,82.415268,0.000000,7.494420,15.695513,11.553566,3.593840,0.237758,7,0.000000,0,0,0,100.000000,4.850055,100.000000,31.041536,1865.920944,4864.882151,-0.000000,296.741417
13620.000000,pure-acoustic,none,hardware,1,0,0,1,priority,0.000500,180,15,hybrid,0.050000,4000.000000,6.087000,52.000000,500.000000,500.000000,2.000000,120.000000,0.000000,190,126,190,0,190,19,45,126,0,0,0,0,0,0,0,0,0.000000,0.000000,0.000000,clear-ocean,30.000000,60.000000,0.151000,1727,5137239,1317.240769,9.671371,84,20,0,64,0,264,70,4,190,0,0,0,0,0,0,0,0,0,0,0,0,0,0,0,19,45,126,19,45,126,8.269188,15.386876,40.066412,0.000000,0.000000,0.000000,0,0,0,12698.579128,19.085744,133.097077,11320.596308,1016.372843,269.578736,10461.347343,0.000000,0.000000,11747.298923,12698.579128,951.280205,8.003831,2.122905,82.382031,0.000000,7.491233,15.695513,11.553566,3.593840,0.236711,7,0.000000,0,0,0,100.000000,4.850055,100.000000,31.041536,1857.701028,4778.775435,-0.000000,219.802817
13680.000000,pure-acoustic,none,hardware,1,0,0,1,priority,0.000500,180,15,hybrid,0.050000,4000.000000,6.087000,52.000000,500.000000,500.000000,2.000000,120.000000,0.000000,190,126,190,0,190,19,45,126,0,0,0,0,0,0,0,0,0.000000,0.000000,0.000000,clear-ocean,30.000000,60.000000,0.151000,1727,5137239,1317.240769,9.628953,84,20,0,64,0,264,70,4,190,0,0,0,0,0,0,0,0,0,0,0,0,0,0,0,19,45,126,19,45,126,8.269188,15.386876,40.066412,0.000000,0.000000,0.000000,0,0,0,12703.979128,19.085744,133.097077,11320.596308,1020.509014,270.612779,10461.577130,0.000000,0.000000,11752.698923,12703.979128,951.280205,8.032987,2.130142,82.348822,0.000000,7.488049,15.695513,11.553566,3.593840,0.235673,7,0.000000,0,0,0,100.000000,4.850055,100.000000,31.041536,1849.553216,4692.668719,-0.000000,145.727486
13740.000000,pure-acoustic,none,hardware,1,0,0,1,priority,0.000500,180,15,hybrid,0.050000,4000.000000,6.087000,52.000000,500.000000,500.000000,2.000000,120.000000,0.000000,190,126,190,0,190,19,45,126,0,0,0,0,0,0,0,0,0.000000,0.000000,0.000000,clear-ocean,30.000000,60.000000,0.151000,1727,5137239,1317.240769,9.586905,84,20,0,64,0,264,70,4,190,0,0,0,0,0,0,0,0,0,0,0,0,0,0,0,19,45,126,19,45,126,8.269188,15.386876,40.066412,0.000000,0.000000,0.000000,0,0,0,12709.379128,19.085744,133.097077,11320.596308,1024.645184,271.646822,10461.806918,0.000000,0.000000,11758.098923,12709.379128,951.280205,8.062118,2.137373,82.315641,0.000000,7.484868,15.695513,11.553566,3.593840,0.234643,7,0.000000,0,0,0,100.000000,4.850055,100.000000,31.041536,1841.476565,4606.562003,-0.000000,81.539182
13800.000000,pure-acoustic,none,hardware,1,0,0,1,priority,0.000500,180,15,hybrid,0.050000,4000.000000,6.087000,52.000000,500.000000,500.000000,2.000000,120.000000,0.000000,190,126,190,0,190,19,45,126,0,0,0,0,0,0,0,0,0.000000,0.000000,0.000000,clear-ocean,30.000000,60.000000,0.151000,1727,5137239,1317.240769,9.545223,84,20,0,64,0,264,70,4,190,0,0,0,0,0,0,0,0,0,0,0,0,0,0,0,19,45,126,19,45,126,8.269188,15.386876,40.066412,0.000000,0.000000,0.000000,0,0,0,12714.779128,19.085744,133.097077,11320.596308,1028.781354,272.680864,10462.036705,0.000000,0.000000,11763.498923,12714.779128,951.280205,8.091225,2.144598,82.282489,0.000000,7.481689,15.695513,11.553566,3.593840,0.233623,7,0.000000,0,0,0,100.000000,4.850055,100.000000,31.041536,1833.470145,4520.455287,-0.000000,33.324182
13860.000000,pure-acoustic,none,hardware,1,0,0,1,priority,0.000500,180,15,hybrid,0.050000,4000.000000,6.087000,52.000000,500.000000,500.000000,2.000000,120.000000,0.000000,190,126,190,0,190,19,45,126,0,0,0,0,0,0,0,0,0.000000,0.000000,0.000000,clear-ocean,30.000000,60.000000,0.151000,1727,5137239,1317.240769,9.503902,84,20,0,64,0,264,70,4,190,0,0,0,0,0,0,0,0,0,0,0,0,0,0,0,19,45,126,19,45,126,8.269188,15.386876,40.066412,0.000000,0.000000,0.000000,0,0,0,12720.179128,19.085744,133.097077,11320.596308,1032.917524,273.714907,10462.266492,0.000000,0.000000,11768.898923,12720.179128,951.280205,8.120306,2.151816,82.249364,0.000000,7.478513,15.695513,11.553566,3.593840,0.232612,7,0.000000,0,0,0,100.000000,4.850055,100.000000,31.041536,1825.533045,4434.348571,-0.000000,5.654189
13920.000000,pure-acoustic,none,hardware,1,0,0,1,priority,0.000500,180,15,hybrid,0.050000,4000.000000,6.087000,52.000000,500.000000,500.000000,2.000000,120.000000,0.000000,190,126,190,0,190,19,45,126,0,0,0,0,0,0,0,0,0.000000,0.000000,0.000000,clear-ocean,30.000000,60.000000,0.151000,1727,5137239,1317.240769,9.462937,84,20,0,64,0,264,70,4,190,0,0,0,0,0,0,0,0,0,0,0,0,0,0,0,19,45,126,19,45,126,8.269188,15.386876,40.066412,0.000000,0.000000,0.000000,0,0,0,12725.579128,19.085744,133.097077,11320.596308,1037.053694,274.748949,10462.496279,0.000000,0.000000,11774.298923,12725.579128,951.280205,8.149363,2.159029,82.216268,0.000000,7.475339,15.695513,11.553566,3.593840,0.231609,7,0.000000,0,0,0,100.000000,4.850055,100.000000,31.041536,1817.664368,4348.241854,0.000000,1.152847
13980.000000,pure-acoustic,none,hardware,1,0,0,1,priority,0.000500,180,15,hybrid,0.050000,4000.000000,6.087000,52.000000,500.000000,500.000000,2.000000,120.000000,0.000000,190,126,190,0,190,19,45,126,0,0,0,0,0,0,0,0,0.000000,0.000000,0.000000,clear-ocean,30.000000,60.000000,0.151000,1727,5137239,1317.240769,9.422323,84,20,0,64,0,264,70,4,190,0,0,0,0,0,0,0,0,0,0,0,0,0,0,0,19,45,126,19,45,126,8.269188,15.386876,40.066412,0.000000,0.000000,0.000000,0,0,0,12730.979128,19.085744,133.097077,11320.596308,1041.189865,275.782992,10462.726067,0.000000,0.000000,11779.698923,12730.979128,951.280205,8.178396,2.166236,82.183200,0.000000,7.472168,15.695513,11.553566,3.593840,0.230615,7,0.000000,0,0,0,100.000000,4.850055,100.000000,31.041536,1809.863233,4262.135138,0.000000,20.246969
14040.000000,pure-acoustic,none,hardware,1,0,0,1,priority,0.000500,180,15,hybrid,0.050000,4000.000000,6.087000,52.000000,500.000000,500.000000,2.000000,120.000000,0.000000,190,126,190,0,190,19,45,126,0,0,0,0,0,0,0,0,0.000000,0.000000,0.000000,clear-ocean,30.000000,60.000000,0.151000,1727,5137239,1317.240769,9.382057,84,20,0,64,0,264,70,4,190,0,0,0,0,0,0,0,0,0,0,0,0,0,0,0,19,45,126,19,45,126,8.269188,15.386876,40.066412,0.000000,0.000000,0.000000,0,0,0,12736.379128,19.085744,133.097077,11320.596308,1045.326035,276.817034,10462.955854,0.000000,0.000000,11785.098923,12736.379128,951.280205,8.207404,2.173436,82.150160,0.000000,7.469000,15.695513,11.553566,3.593840,0.229630,7,0.000000,0,0,0,100.000000,4.850055,100.000000,31.041536,1802.128775,4176.028422,0.000000,61.126069
14100.000000,pure-acoustic,none,hardware,1,0,0,1,priority,0.000500,180,15,hybrid,0.050000,4000.000000,6.087000,52.000000,500.000000,500.000000,2.000000,120.000000,0.000000,190,126,190,0,190,19,45,126,0,0,0,0,0,0,0,0,0.000000,0.000000,0.000000,clear-ocean,30.000000,60.000000,0.151000,1727,5137239,1317.240769,9.342133,84,20,0,64,0,264,70,4,190,0,0,0,0,0,0,0,0,0,0,0,0,0,0,0,19,45,126,19,45,126,8.269188,15.386876,40.066412,0.000000,0.000000,0.000000,0,0,0,12741.779128,19.085744,133.097077,11320.596308,1049.462205,277.851077,10463.185641,0.000000,0.000000,11790.498923,12741.779128,951.280205,8.236387,2.180630,82.117148,0.000000,7.465835,15.695513,11.553566,3.593840,0.228652,7,0.000000,0,0,0,100.000000,4.850055,100.000000,31.041536,1794.460142,4089.921706,0.000000,119.914025
14160.000000,pure-acoustic,none,hardware,1,0,0,1,priority,0.000500,180,15,hybrid,0.050000,4000.000000,6.087000,52.000000,500.000000,500.000000,2.000000,120.000000,0.000000,190,126,190,0,190,19,45,126,0,0,0,0,0,0,0,0,0.000000,0.000000,0.000000,clear-ocean,30.000000,60.000000,0.151000,1727,5137239,1317.240769,9.302548,84,20,0,64,0,264,70,4,190,0,0,0,0,0,0,0,0,0,0,0,0,0,0,0,19,45,126,19,45,126,8.269188,15.386876,40.066412,0.000000,0.000000,0.000000,0,0,0,12747.179128,19.085744,133.097077,11320.596308,1053.598375,278.885119,10463.415428,0.000000,0.000000,11795.898923,12747.179128,951.280205,8.265345,2.187818,82.084164,0.000000,7.462672,15.695513,11.553566,3.593840,0.227684,7,0.000000,0,0,0,100.000000,4.850055,100.000000,31.041536,1786.856497,4003.814990,0.000000,191.036617
14220.000000,pure-acoustic,none,hardware,1,0,0,1,priority,0.000500,180,15,hybrid,0.050000,4000.000000,6.087000,52.000000,500.000000,500.000000,2.000000,120.000000,0.000000,190,126,190,0,190,19,45,126,0,0,0,0,0,0,0,0,0.000000,0.000000,0.000000,clear-ocean,30.000000,60.000000,0.151000,1727,5137239,1317.240769,9.263297,84,20,0,64,0,264,70,4,190,0,0,0,0,0,0,0,0,0,0,0,0,0,0,0,19,45,126,19,45,126,8.269188,15.386876,40.066412,0.000000,0.000000,0.000000,0,0,0,12752.579128,19.085744,133.097077,11320.596308,1057.734546,279.919162,10463.645215,0.000000,0.000000,11801.298923,12752.579128,951.280205,8.294279,2.195000,82.051208,0.000000,7.459512,15.695513,11.553566,3.593840,0.226723,7,0.000000,0,0,0,100.000000,4.850055,100.000000,31.041536,1779.317018,3917.708274,0.000000,267.750065
14280.000000,pure-acoustic,none,hardware,1,0,0,1,priority,0.000500,180,15,hybrid,0.050000,4000.000000,6.087000,52.000000,500.000000,500.000000,2.000000,120.000000,0.000000,190,126,190,0,190,19,45,126,0,0,0,0,0,0,0,0,0.000000,0.000000,0.000000,clear-ocean,30.000000,60.000000,0.151000,1727,5137239,1317.240769,9.224375,84,20,0,64,0,264,70,4,190,0,0,0,0,0,0,0,0,0,0,0,0,0,0,0,19,45,126,19,45,126,8.269188,15.386876,40.066412,0.000000,0.000000,0.000000,0,0,0,12757.979128,19.085744,133.097077,11320.596308,1061.870716,280.953205,10463.875003,0.000000,0.000000,11806.698923,12757.979128,951.280205,8.323189,2.202176,82.018280,0.000000,7.456355,15.695513,11.553566,3.593840,0.225770,7,0.000000,0,0,0,100.000000,4.850055,100.000000,31.041536,1771.840896,3831.601558,0.000000,342.780467
14340.000000,pure-acoustic,none,hardware,1,0,0,1,priority,0.000500,180,15,hybrid,0.050000,4000.000000,6.087000,52.000000,500.000000,500.000000,2.000000,120.000000,0.000000,190,126,190,0,190,19,45,126,0,0,0,0,0,0,0,0,0.000000,0.000000,0.000000,clear-ocean,30.000000,60.000000,0.151000,1727,5137239,1317.240769,9.185779,84,20,0,64,0,264,70,4,190,0,0,0,0,0,0,0,0,0,0,0,0,0,0,0,19,45,126,19,45,126,8.269188,15.386876,40.066412,0.000000,0.000000,0.000000,0,0,0,12763.379128,19.085744,133.097077,11320.596308,1066.006886,281.987247,10464.104790,0.000000,0.000000,11812.098923,12763.379128,951.280205,8.352074,2.209346,81.985379,0.000000,7.453200,15.695513,11.553566,3.593840,0.224826,7,0.000000,0,0,0,100.000000,4.850055,100.000000,31.041536,1764.427336,3745.494841,0.000000,409.013508
14400.000000,pure-acoustic,none,hardware,1,0,0,1,priority,0.000500,180,15,hybrid,0.050000,4000.000000,6.087000,52.000000,500.000000,500.000000,2.000000,120.000000,0.000000,190,126,190,0,190,19,45,126,0,0,0,0,0,0,0,0,0.000000,0.000000,0.000000,clear-ocean,30.000000,60.000000,0.151000,1727,5137239,1317.240769,9.147505,84,20,0,64,0,264,70,4,190,0,0,0,0,0,0,0,0,0,0,0,0,0,0,0,19,45,126,19,45,126,8.269188,15.386876,40.066412,0.000000,0.000000,0.000000,0,0,0,12768.779128,19.085744,133.097077,11320.596308,1070.143056,283.021290,10464.334577,0.000000,0.000000,11817.498923,12768.779128,951.280205,8.380935,2.216510,81.952507,0.000000,7.450048,15.695513,11.553566,3.593840,0.223889,7,0.000000,0,0,0,100.000000,4.850055,100.000000,31.041536,1757.075556,3659.388125,0.000000,460.169031
14460.000000,pure-acoustic,none,hardware,1,0,0,1,priority,0.000500,180,15,hybrid,0.050000,4000.000000,6.087000,52.000000,500.000000,500.000000,2.000000,120.000000,0.000000,190,126,190,0,190,19,45,126,0,0,0,0,0,0,0,0,0.000000,0.000000,0.000000,clear-ocean,30.000000,60.000000,0.151000,1727,5137239,1317.240769,9.109549,84,20,0,64,0,264,70,4,190,0,0,0,0,0,0,0,0,0,0,0,0,0,0,0,19,45,126,19,45,126,8.269188,15.386876,40.066412,0.000000,0.000000,0.000000,0,0,0,12774.179128,19.085744,133.097077,11320.596308,1074.279226,284.055332,10464.564364,0.000000,0.000000,11822.898923,12774.179128,951.280205,8.409771,2.223668,81.919662,0.000000,7.446899,15.695513,11.553566,3.593840,0.222960,7,0.000000,0,0,0,100.000000,4.850055,100.000000,31.041536,1749.784786,3573.281409,0.000000,491.396514
14520.000000,pure-acoustic,none,hardware,1,0,0,1,priority,0.000500,180,15,hybrid,0.050000,4000.000000,6.087000,52.000000,500.000000,500.000000,2.000000,120.000000,0.000000,190,126,190,0,190,19,45,126,0,0,0,0,0,0,0,0,0.000000,0.000000,0.000000,clear-ocean,30.000000,60.000000,0.151000,1727,5137239,1317.240769,9.071906,84,20,0,64,0,264,70,4,190,0,0,0,0,0,0,0,0,0,0,0,0,0,0,0,19,45,126,19,45,126,8.269188,15.386876,40.066412,0.000000,0.000000,0.000000,0,0,0,12779.579128,19.085744,133.097077,11320.596308,1078.415397,285.089375,10464.794152,0.000000,0.000000,11828.298923,12779.579128,951.280205,8.438583,2.230820,81.886845,0.000000,7.443752,15.695513,11.553566,3.593840,0.222039,7,0.000000,0,0,0,100.000000,4.850055,100.000000,31.041536,1742.554270,3487.174693,-0.000000,499.734996
14580.000000,pure-acoustic,none,hardware,1,0,0,1,priority,0.000500,180,15,hybrid,0.050000,4000.000000,6.087000,52.000000,500.000000,500.000000,2.000000,120.000000,0.000000,190,126,190,0,190,19,45,126,0,0,0,0,0,0,0,0,0.000000,0.000000,0.000000,clear-ocean,30.000000,60.000000,0.151000,1727,5137239,1317.240769,9.034573,84,20,0,64,0,264,70,4,190,0,0,0,0,0,0,0,0,0,0,0,0,0,0,0,19,45,126,19,45,126,8.269188,15.386876,40.066412,0.000000,0.000000,0.000000,0,0,0,12784.979128,19.085744,133.097077,11320.596308,1082.551567,286.123417,10465.023939,0.000000,0.000000,11833.698923,12784.979128,951.280205,8.467371,2.237965,81.854056,0.000000,7.440608,15.695513,11.553566,3.593840,0.221125,7,0.000000,0,0,0,100.000000,4.850055,100.000000,31.041536,1735.383265,3401.067977,-0.000000,484.393829
14640.000000,pure-acoustic,none,hardware,1,0,0,1,priority,0.000500,180,15,hybrid,0.050000,4000.000000,6.087000,52.000000,500.000000,500.000000,2.000000,120.000000,0.000000,190,126,190,0,190,19,45,126,0,0,0,0,0,0,0,0,0.000000,0.000000,0.000000,clear-ocean,30.000000,60.000000,0.151000,1727,5137239,1317.240769,8.997546,84,20,0,64,0,264,70,4,190,0,0,0,0,0,0,0,0,0,0,0,0,0,0,0,19,45,126,19,45,126,8.269188,15.386876,40.066412,0.000000,0.000000,0.000000,0,0,0,12790.379128,19.085744,133.097077,11320.596308,1086.687737,287.157460,10465.253726,0.000000,0.000000,11839.098923,12790.379128,951.280205,8.496134,2.245105,81.821294,0.000000,7.437467,15.695513,11.553566,3.593840,0.220219,7,0.000000,0,0,0,100.000000,4.850055,100.000000,31.041536,1728.271038,3314.961261,-0.000000,446.827649
14700.000000,pure-acoustic,none,hardware,1,0,0,1,priority,0.000500,180,15,hybrid,0.050000,4000.000000,6.087000,52.000000,500.000000,500.000000,2.000000,120.000000,0.000000,190,126,190,0,190,19,45,126,0,0,0,0,0,0,0,0,0.000000,0.000000,0.000000,clear-ocean,30.000000,60.000000,0.151000,1727,5137239,1317.240769,8.960822,84,20,0,64,0,264,70,4,190,0,0,0,0,0,0,0,0,0,0,0,0,0,0,0,19,45,126,19,45,126,8.269188,15.386876,40.066412,0.000000,0.000000,0.000000,0,0,0,12795.779128,19.085744,133.097077,11320.596308,1090.823907,288.191502,10465.483513,0.000000,0.000000,11844.498923,12795.779128,951.280205,8.524873,2.252239,81.788560,0.000000,7.434328,15.695513,11.553566,3.593840,0.219320,7,0.000000,0,0,0,100.000000,4.850055,100.000000,31.041536,1721.216871,3228.854545,-0.000000,390.598447
14760.000000,pure-acoustic,none,hardware,1,0,0,1,priority,0.000500,180,15,hybrid,0.050000,4000.000000,6.087000,52.000000,500.000000,500.000000,2.000000,120.000000,0.000000,190,126,190,0,190,19,45,126,0,0,0,0,0,0,0,0,0.000000,0.000000,0.000000,clear-ocean,30.000000,60.000000,0.151000,1727,5137239,1317.240769,8.924395,84,20,0,64,0,264,70,4,190,0,0,0,0,0,0,0,0,0,0,0,0,0,0,0,19,45,126,19,45,126,8.269188,15.386876,40.066412,0.000000,0.000000,0.000000,0,0,0,12801.179128,19.085744,133.097077,11320.596308,1094.960077,289.225545,10465.713301,0.000000,0.000000,11849.898923,12801.179128,951.280205,8.553588,2.259366,81.755854,0.000000,7.431192,15.695513,11.553566,3.593840,0.218428,7,0.000000,0,0,0,100.000000,4.850055,100.000000,31.041536,1714.220054,3142.747828,-0.000000,321.037826
14820.000000,pure-acoustic,none,hardware,1,0,0,1,priority,0.000500,180,15,hybrid,0.050000,4000.000000,6.087000,52.000000,500.000000,500.000000,2.000000,120.000000,0.000000,190,126,190,0,190,19,45,126,0,0,0,0,0,0,0,0,0.000000,0.000000,0.000000,clear-ocean,30.000000,60.000000,0.151000,1727,5137239,1317.240769,8.888264,84,20,0,64,0,264,70,4,190,0,0,0,0,0,0,0,0,0,0,0,0,0,0,0,19,45,126,19,45,126,8.269188,15.386876,40.066412,0.000000,0.000000,0.000000,0,0,0,12806.579128,19.085744,133.097077,11320.596308,1099.096248,290.259588,10465.943088,0.000000,0.000000,11855.298923,12806.579128,951.280205,8.582278,2.266488,81.723175,0.000000,7.428059,15.695513,11.553566,3.593840,0.217544,7,0.000000,0,0,0,100.000000,4.850055,100.000000,31.041536,1707.279892,3056.641112,-0.000000,244.741463
14880.000000,pure-acoustic,none,hardware,1,0,0,1,priority,0.000500,180,15,hybrid,0.050000,4000.000000,6.087000,52.000000,500.000000,500.000000,2.000000,120.000000,0.000000,190,126,190,0,190,19,45,126,0,0,0,0,0,0,0,0,0.000000,0.000000,0.000000,clear-ocean,30.000000,60.000000,0.151000,1727,5137239,1317.240769,8.852425,84,20,0,64,0,264,70,4,190,0,0,0,0,0,0,0,0,0,0,0,0,0,0,0,19,45,126,19,45,126,8.269188,15.386876,40.066412,0.000000,0.000000,0.000000,0,0,0,12811.979128,19.085744,133.097077,11320.596308,1103.232418,291.293630,10466.172875,0.000000,0.000000,11860.698923,12811.979128,951.280205,8.610945,2.273604,81.690524,0.000000,7.424928,15.695513,11.553566,3.593840,0.216667,7,0.000000,0,0,0,100.000000,4.850055,100.000000,31.041536,1700.395699,2970.534396,-0.000000,168.943709
14940.000000,pure-acoustic,none,hardware,1,0,0,1,priority,0.000500,180,15,hybrid,0.050000,4000.000000,6.087000,52.000000,500.000000,500.000000,2.000000,120.000000,0.000000,190,126,190,0,190,19,45,126,0,0,0,0,0,0,0,0,0.000000,0.000000,0.000000,clear-ocean,30.000000,60.000000,0.151000,1727,5137239,1317.240769,8.816873,84,20,0,64,0,264,70,4,190,0,0,0,0,0,0,0,0,0,0,0,0,0,0,0,19,45,126,19,45,126,8.269188,15.386876,40.066412,0.000000,0.000000,0.000000,0,0,0,12817.379128,19.085744,133.097077,11320.596308,1107.368588,292.327673,10466.402662,0.000000,0.000000,11866.098923,12817.379128,951.280205,8.639587,2.280713,81.657900,0.000000,7.421800,15.695513,11.553566,3.593840,0.215797,7,0.000000,0,0,0,100.000000,4.850055,100.000000,31.041536,1693.566801,2884.427680,-0.000000,100.831640
15000.000000,pure-acoustic,none,hardware,1,0,0,1,priority,0.000500,180,15,hybrid,0.050000,4000.000000,6.087000,52.000000,500.000000,500.000000,2.000000,120.000000,0.000000,190,126,190,0,190,19,45,126,0,0,0,0,0,0,0,0,0.000000,0.000000,0.000000,clear-ocean,30.000000,60.000000,0.151000,1727,5137239,1317.240769,8.781605,84,20,0,64,0,264,70,4,190,0,0,0,0,0,0,0,0,0,0,0,0,0,0,0,19,45,126,19,45,126,8.269188,15.386876,40.066412,0.000000,0.000000,0.000000,0,0,0,12822.779128,19.085744,133.097077,11320.596308,1111.504758,293.361715,10466.632450,0.000000,0.000000,11871.498923,12822.779128,951.280205,8.668205,2.287817,81.625304,0.000000,7.418674,15.695513,11.553566,3.593840,0.214933,7,0.000000,0,0,0,100.000000,4.850055,100.000000,31.041536,1686.792533,2798.320964,-0.000000,46.863581
15060.000000,pure-acoustic,none,hardware,1,0,0,1,priority,0.000500,180,15,hybrid,0.050000,4000.000000,6.087000,52.000000,500.000000,500.000000,2.000000,120.000000,0.000000,190,126,190,0,190,19,45,126,0,0,0,0,0,0,0,0,0.000000,0.000000,0.000000,clear-ocean,30.000000,60.000000,0.151000,1727,5137239,1317.240769,8.746619,84,20,0,64,0,264,70,4,190,0,0,0,0,0,0,0,0,0,0,0,0,0,0,0,19,45,126,19,45,126,8.269188,15.386876,40.066412,0.000000,0.000000,0.000000,0,0,0,12828.179128,19.085744,133.097077,11320.596308,1115.640929,294.395758,10466.862237,0.000000,0.000000,11876.898923,12828.179128,951.280205,8.696799,2.294915,81.592735,0.000000,7.415551,15.695513,11.553566,3.593840,0.214077,7,0.000000,0,0,0,100.000000,4.850055,100.000000,31.041536,1680.072244,2712.214248,-0.000000,12.156736
15120.000000,pure-acoustic,none,hardware,1,0,0,1,priority,0.000500,180,15,hybrid,0.050000,4000.000000,6.087000,52.000000,500.000000,500.000000,2.000000,120.000000,0.000000,190,126,190,0,190,19,45,126,0,0,0,0,0,0,0,0,0.000000,0.000000,0.000000,clear-ocean,30.000000,60.000000,0.151000,1727,5137239,1317.240769,8.711910,84,20,0,64,0,264,70,4,190,0,0,0,0,0,0,0,0,0,0,0,0,0,0,0,19,45,126,19,45,126,8.269188,15.386876,40.066412,0.000000,0.000000,0.000000,0,0,0,12833.579128,19.085744,133.097077,11320.596308,1119.777099,295.429800,10467.092024,0.000000,0.000000,11882.298923,12833.579128,951.280205,8.725369,2.302006,81.560194,0.000000,7.412431,15.695513,11.553566,3.593840,0.213228,7,0.000000,0,0,0,100.000000,4.850055,100.000000,31.041536,1673.405291,2626.107532,-0.000000,0.001977
15180.000000,pure-acoustic,none,hardware,1,0,0,1,priority,0.000500,180,15,hybrid,0.050000,4000.000000,6.087000,52.000000,500.000000,500.000000,2.000000,120.000000,0.000000,190,126,190,0,190,19,45,126,0,0,0,0,0,0,0,0,0.000000,0.000000,0.000000,clear-ocean,30.000000,60.000000,0.151000,1727,5137239,1317.240769,8.677475,84,20,0,64,0,264,70,4,190,0,0,0,0,0,0,0,0,0,0,0,0,0,0,0,19,45,126,19,45,126,8.269188,15.386876,40.066412,0.000000,0.000000,0.000000,0,0,0,12838.979128,19.085744,133.097077,11320.596308,1123.913269,296.463843,10467.321811,0.000000,0.000000,11887.698923,12838.979128,951.280205,8.753915,2.309092,81.527680,0.000000,7.409313,15.695513,11.553566,3.593840,0.212385,7,0.000000,0,0,0,100.000000,4.850055,100.000000,31.041536,1666.791041,2540.000815,0.000000,11.551806
15240.000000,pure-acoustic,none,hardware,1,0,0,1,priority,0.000500,180,15,hybrid,0.050000,4000.000000,6.087000,52.000000,500.000000,500.000000,2.000000,120.000000,0.000000,190,126,190,0,190,19,45,126,0,0,0,0,0,0,0,0,0.000000,0.000000,0.000000,clear-ocean,30.000000,60.000000,0.151000,1727,5137239,1317.240769,8.643312,84,20,0,64,0,264,70,4,190,0,0,0,0,0,0,0,0,0,0,0,0,0,0,0,19,45,126,19,45,126,8.269188,15.386876,40.066412,0.000000,0.000000,0.000000,0,0,0,12844.379128,19.085744,133.097077,11320.596308,1128.049439,297.497885,10467.551598,0.000000,0.000000,11893.098923,12844.379128,951.280205,8.782436,2.316172,81.495193,0.000000,7.406198,15.695513,11.553566,3.593840,0.211549,7,0.000000,0,0,0,100.000000,4.850055,100.000000,31.041536,1660.228871,2453.894099,0.000000,45.711080
15300.000000,pure-acoustic,none,hardware,1,0,0,1,priority,0.000500,180,15,hybrid,0.050000,4000.000000,6.087000,52.000000,500.000000,500.000000,2.000000,120.000000,0.000000,190,126,190,0,190,19,45,126,0,0,0,0,0,0,0,0,0.000000,0.000000,0.000000,clear-ocean,30.000000,60.000000,0.151000,1727,5137239,1317.240769,8.609417,84,20,0,64,0,264,70,4,190,0,0,0,0,0,0,0,0,0,0,0,0,0,0,0,19,45,126,19,45,126,8.269188,15.386876,40.066412,0.000000,0.000000,0.000000,0,0,0,12849.779128,19.085744,133.097077,11320.596308,1132.185609,298.531928,10467.781386,0.000000,0.000000,11898.498923,12849.779128,951.280205,8.810934,2.323246,81.462734,0.000000,7.403086,15.695513,11.553566,3.593840,0.210719,7,0.000000,0,0,0,100.000000,4.850055,100.000000,31.041536,1653.718170,2367.787383,0.000000,99.240846
15360.000000,pure-acoustic,none,hardware,1,0,0,1,priority,0.000500,180,15,hybrid,0.050000,4000.000000,6.087000,52.000000,500.000000,500.000000,2.000000,120.000000,0.000000,190,126,190,0,190,19,45,126,0,0,0,0,0,0,0,0,0.000000,0.000000,0.000000,clear-ocean,30.000000,60.000000,0.151000,1727,5137239,1317.240769,8.575786,84,20,0,64,0,264,70,4,190,0,0,0,0,0,0,0,0,0,0,0,0,0,0,0,19,45,126,19,45,126,8.269188,15.386876,40.066412,0.000000,0.000000,0.000000,0,0,0,12855.179128,19.085744,133.097077,11320.596308,1136.321780,299.565971,10468.011173,0.000000,0.000000,11903.898923,12855.179128,951.280205,8.839408,2.330313,81.430302,0.000000,7.399976,15.695513,11.553566,3.593840,0.209896,7,0.000000,0,0,0,100.000000,4.850055,100.000000,31.041536,1647.258333,2281.680667,0.000000,167.065460
15420.000000,pure-acoustic,none,hardware,1,0,0,1,priority,0.000500,180,15,hybrid,0.050000,4000.000000,6.087000,52.000000,500.000000,500.000000,2.000000,120.000000,0.000000,190,126,190,0,190,19,45,126,0,0,0,0,0,0,0,0,0.000000,0.000000,0.000000,clear-ocean,30.000000,60.000000,0.151000,1727,5137239,1317.240769,8.542417,84,20,0,64,0,264,70,4,190,0,0,0,0,0,0,0,0,0,0,0,0,0,0,0,19,45,126,19,45,126,8.269188,15.386876,40.066412,0.000000,0.000000,0.000000,0,0,0,12860.579128,19.085744,133.097077,11320.596308,1140.457950,300.600013,10468.240960,0.000000,0.000000,11909.298923,12860.579128,951.280205,8.867858,2.337375,81.397897,0.000000,7.396869,15.695513,11.553566,3.593840,0.209079,7,0.000000,0,0,0,100.000000,4.850055,100.000000,31.041536,1640.848768,2195.573951,0.000000,242.753854
15480.000000,pure-acoustic,none,hardware,1,0,0,1,priority,0.000500,180,15,hybrid,0.050000,4000.000000,6.087000,52.000000,500.000000,500.000000,2.000000,120.000000,0.000000,190,126,190,0,190,19,45,126,0,0,0,0,0,0,0,0,0.000000,0.000000,0.000000,clear-ocean,30.000000,60.000000,0.151000,1727,5137239,1317.240769,8.509307,84,20,0,64,0,264,70,4,190,0,0,0,0,0,0,0,0,0,0,0,0,0,0,0,19,45,126,19,45,126,8.269188,15.386876,40.066412,0.000000,0.000000,0.000000,0,0,0,12865.979128,19.085744,133.097077,11320.596308,1144.594120,301.634056,10468.470747,0.000000,0.000000,11914.698923,12865.979128,951.280205,8.896285,2.344431,81.365519,0.000000,7.393765,15.695513,11.553566,3.593840,0.208269,7,0.000000,0,0,0,100.000000,4.850055,100.000000,31.041536,1634.488889,2109.467235,0.000000,319.129320
15540.000000,pure-acoustic,none,hardware,1,0,0,1,priority,0.000500,180,15,hybrid,0.050000,4000.000000,6.087000,52.000000,500.000000,500.000000,2.000000,120.000000,0.000000,190,126,190,0,190,19,45,126,0,0,0,0,0,0,0,0,0.000000,0.000000,0.000000,clear-ocean,30.000000,60.000000,0.151000,1727,5137239,1317.240769,8.476453,84,20,0,64,0,264,70,4,190,0,0,0,0,0,0,0,0,0,0,0,0,0,0,0,19,45,126,19,45,126,8.269188,15.386876,40.066412,0.000000,0.000000,0.000000,0,0,0,12871.379128,19.085744,133.097077,11320.596308,1148.730290,302.668098,10468.700535,0.000000,0.000000,11920.098923,12871.379128,951.280205,8.924687,2.351481,81.333169,0.000000,7.390663,15.695513,11.553566,3.593840,0.207465,7,0.000000,0,0,0,100.000000,4.850055,100.000000,31.041536,1628.178121,2023.360519,0.000000,388.950006
15600.000000,pure-acoustic,none,hardware,1,0,0,1,priority,0.000500,180,15,hybrid,0.050000,4000.000000,6.087000,52.000000,500.000000,500.000000,2.000000,120.000000,0.000000,190,126,190,0,190,19,45,126,0,0,0,0,0,0,0,0,0.000000,0.000000,0.000000,clear-ocean,30.000000,60.000000,0.151000,1727,5137239,1317.240769,8.443851,84,20,0,64,0,264,70,4,190,0,0,0,0,0,0,0,0,0,0,0,0,0,0,0,19,45,126,19,45,126,8.269188,15.386876,40.066412,0.000000,0.000000,0.000000,0,0,0,12876.779128,19.085744,133.097077,11320.596308,1152.866460,303.702141,10468.930322,0.000000,0.000000,11925.498923,12876.779128,951.280205,8.953065,2.358526,81.300846,0.000000,7.387563,15.695513,11.553566,3.593840,0.206667,7,0.000000,0,0,0,100.000000,4.850055,100.000000,31.041536,1621.915897,1937.253802,0.000000,445.595577
15660.000000,pure-acoustic,none,hardware,1,0,0,1,priority,0.000500,180,15,hybrid,0.050000,4000.000000,6.087000,52.000000,500.000000,500.000000,2.000000,120.000000,0.000000,190,126,190,0,190,19,45,126,0,0,0,0,0,0,0,0,0.000000,0.000000,0.000000,clear-ocean,30.000000,60.000000,0.151000,1727,5137239,1317.240769,8.411499,84,20,0,64,0,264,70,4,190,0,0,0,0,0,0,0,0,0,0,0,0,0,0,0,19,45,126,19,45,126,8.269188,15.386876,40.066412,0.000000,0.000000,0.000000,0,0,0,12882.179128,19.085744,133.097077,11320.596308,1157.002631,304.736183,10469.160109,0.000000,0.000000,11930.898923,12882.179128,951.280205,8.981420,2.365564,81.268549,0.000000,7.384467,15.695513,11.553566,3.593840,0.205875,7,0.000000,0,0,0,100.000000,4.850055,100.000000,31.041536,1615.701660,1851.147086,0.000000,483.694950
15720.000000,pure-acoustic,none,hardware,1,0,0,1,priority,0.000500,180,15,hybrid,0.050000,4000.000000,6.087000,52.000000,500.000000,500.000000,2.000000,120.000000,0.000000,190,126,190,0,190,19,45,126,0,0,0,0,0,0,0,0,0.000000,0.000000,0.000000,clear-ocean,30.000000,60.000000,0.151000,1727,5137239,1317.240769,8.379394,84,20,0,64,0,264,70,4,190,0,0,0,0,0,0,0,0,0,0,0,0,0,0,0,19,45,126,19,45,126,8.269188,15.386876,40.066412,0.000000,0.000000,0.000000,0,0,0,12887.579128,19.085744,133.097077,11320.596308,1161.138801,305.770226,10469.389896,0.000000,0.000000,11936.298923,12887.579128,951.280205,9.009751,2.372596,81.236280,0.000000,7.381372,15.695513,11.553566,3.593840,0.205089,7,0.000000,0,0,0,100.000000,4.850055,100.000000,31.041536,1609.534860,1765.040370,0.000000,499.635578
15780.000000,pure-acoustic,none,hardware,1,0,0,1,priority,0.000500,180,15,hybrid,0.050000,4000.000000,6.087000,52.000000,500.000000,500.000000,2.000000,120.000000,0.000000,190,126,190,0,190,19,45,126,0,0,0,0,0,0,0,0,0.000000,0.000000,0.000000,clear-ocean,30.000000,60.000000,0.151000,1727,5137239,1317.240769,8.347533,84,20,0,64,0,264,70,4,190,0,0,0,0,0,0,0,0,0,0,0,0,0,0,0,19,45,126,19,45,126,8.269188,15.386876,40.066412,0.000000,0.000000,0.000000,0,0,0,12892.979128,19.085744,133.097077,11320.596308,1165.274971,306.804268,10469.619684,0.000000,0.000000,11941.698923,12892.979128,951.280205,9.038058,2.379623,81.204038,0.000000,7.378281,15.695513,11.553566,3.593840,0.204309,7,0.000000,0,0,0,100.000000,4.850055,100.000000,31.041536,1603.414956,1678.933654,-0.000000,491.905983
15840.000000,pure-acoustic,none,hardware,1,0,0,1,priority,0.000500,180,15,hybrid,0.050000,4000.000000,6.087000,52.000000,500.000000,500.000000,2.000000,120.000000,0.000000,190,126,190,0,190,19,45,126,0,0,0,0,0,0,0,0,0.000000,0.000000,0.000000,clear-ocean,30.000000,60.000000,0.151000,1727,5137239,1317.240769,8.315914,84,20,0,64,0,264,70,4,190,0,0,0,0,0,0,0,0,0,0,0,0,0,0,0,19,45,126,19,45,126,8.269188,15.386876,40.066412,0.000000,0.000000,0.000000,0,0,0,12898.379128,19.085744,133.097077,11320.596308,1169.411141,307.838311,10469.849471,0.000000,0.000000,11947.098923,12898.379128,951.280205,9.066342,2.386643,81.171823,0.000000,7.375192,15.695513,11.553566,3.593840,0.203535,7,0.000000,0,0,0,100.000000,4.850055,100.000000,31.041536,1597.341414,1592.826938,-0.000000,461.239079
15900.000000,pure-acoustic,none,hardware,1,0,0,1,priority,0.000500,180,15,hybrid,0.050000,4000.000000,6.087000,52.000000,500.000000,500.000000,2.000000,120.000000,0.000000,190,126,190,0,190,19,45,126,0,0,0,0,0,0,0,0,0.000000,0.000000,0.000000,clear-ocean,30.000000,60.000000,0.151000,1727,5137239,1317.240769,8.284533,84,20,0,64,0,264,70,4,190,0,0,0,0,0,0,0,0,0,0,0,0,0,0,0,19,45,126,19,45,126,8.269188,15.386876,40.066412,0.000000,0.000000,0.000000,0,0,0,12903.779128,19.085744,133.097077,11320.596308,1173.547312,308.872354,10470.079258,0.000000,0.000000,11952.498923,12903.779128,951.280205,9.094602,2.393658,81.139635,0.000000,7.372105,15.695513,11.553566,3.593840,0.202767,7,0.000000,0,0,0,100.000000,4.850055,100.000000,31.041536,1591.313711,1506.720222,-0.000000,410.542675
15960.000000,pure-acoustic,none,hardware,1,0,0,1,priority,0.000500,180,15,hybrid,0.050000,4000.000000,6.087000,52.000000,500.000000,500.000000,2.000000,120.000000,0.000000,190,126,190,0,190,19,45,126,0,0,0,0,0,0,0,0,0.000000,0.000000,0.000000,clear-ocean,30.000000,60.000000,0.151000,1727,5137239,1317.240769,8.253388,84,20,0,64,0,264,70,4,190,0,0,0,0,0,0,0,0,0,0,0,0,0,0,0,19,45,126,19,45,126,8.269188,15.386876,40.066412,0.000000,0.000000,0.000000,0,0,0,12909.179128,19.085744,133.097077,11320.596308,1177.683482,309.906396,10470.309045,0.000000,0.000000,11957.898923,12909.179128,951.280205,9.122838,2.400667,81.107474,0.000000,7.369022,15.695513,11.553566,3.593840,0.202005,7,0.000000,0,0,0,100.000000,4.850055,100.000000,31.041536,1585.331328,1420.613506,-0.000000,344.623758
16020.000000,pure-acoustic,none,hardware,1,0,0,1,priority,0.000500,180,15,hybrid,0.050000,4000.000000,6.087000,52.000000,500.000000,500.000000,2.000000,120.000000,0.000000,190,126,190,0,190,19,45,126,0,0,0,0,0,0,0,0,0.000000,0.000000,0.000000,clear-ocean,30.000000,60.000000,0.151000,1727,5137239,1317.240769,8.222477,84,20,0,64,0,264,70,4,190,0,0,0,0,0,0,0,0,0,0,0,0,0,0,0,19,45,126,19,45,126,8.269188,15.386876,40.066412,0.000000,0.000000,0.000000,0,0,0,12914.579128,19.085744,133.097077,11320.596308,1181.819652,310.940439,10470.538833,0.000000,0.000000,11963.298923,12914.579128,951.280205,9.151050,2.407670,81.075339,0.000000,7.365940,15.695513,11.553566,3.593840,0.201248,7,0.000000,0,0,0,100.000000,4.850055,100.000000,31.041536,1579.393758,1334.506789,-0.000000,269.732701
16080.000000,pure-acoustic,none,hardware,1,0,0,1,priority,0.000500,180,15,hybrid,0.050000,4000.000000,6.087000,52.000000,500.000000,500.000000,2.000000,120.000000,0.000000,190,126,190,0,190,19,45,126,0,0,0,0,0,0,0,0,0.000000,0.000000,0.000000,clear-ocean,30.000000,60.000000,0.151000,1727,5137239,1317.240769,8.191796,84,20,0,64,0,264,70,4,190,0,0,0,0,0,0,0,0,0,0,0,0,0,0,0,19,45,126,19,45,126,8.269188,15.386876,40.066412,0.000000,0.000000,0.000000,0,0,0,12919.979128,19.085744,133.097077,11320.596308,1185.955822,311.974481,10470.768620,0.000000,0.000000,11968.698923,12919.979128,951.280205,9.179239,2.414667,81.043232,0.000000,7.362862,15.695513,11.553566,3.593840,0.200498,7,0.000000,0,0,0,100.000000,4.850055,100.000000,31.041536,1573.500498,1248.400073,-0.000000,192.970607
16140.000000,pure-acoustic,none,hardware,1,0,0,1,priority,0.000500,180,15,hybrid,0.050000,4000.000000,6.087000,52.000000,500.000000,500.000000,2.000000,120.000000,0.000000,190,126,190,0,190,19,45,126,0,0,0,0,0,0,0,0,0.000000,0.000000,0.000000,clear-ocean,30.000000,60.000000,0.151000,1727,5137239,1317.240769,8.161343,84,20,0,64,0,264,70,4,190,0,0,0,0,0,0,0,0,0,0,0,0,0,0,0,19,45,126,19,45,126,8.269188,15.386876,40.066412,0.000000,0.000000,0.000000,0,0,0,12925.379128,19.085744,133.097077,11320.596308,1190.091992,313.008524,10470.998407,0.000000,0.000000,11974.098923,12925.379128,951.280205,9.207405,2.421658,81.011151,0.000000,7.359786,15.695513,11.553566,3.593840,0.199752,7,0.000000,0,0,0,100.000000,4.850055,100.000000,31.041536,1567.651053,1162.293357,-0.000000,121.615989
16200.000000,pure-acoustic,none,hardware,1,0,0,1,priority,0.000500,180,15,hybrid,0.050000,4000.000000,6.087000,52.000000,500.000000,500.000000,2.000000,120.000000,0.000000,190,126,190,0,190,19,45,126,0,0,0,0,0,0,0,0,0.000000,0.000000,0.000000,clear-ocean,30.000000,60.000000,0.151000,1727,5137239,1317.240769,8.131116,84,20,0,64,0,264,70,4,190,0,0,0,0,0,0,0,0,0,0,0,0,0,0,0,19,45,126,19,45,126,8.269188,15.386876,40.066412,0.000000,0.000000,0.000000,0,0,0,12930.779128,19.085744,133.097077,11320.596308,1194.228163,314.042566,10471.228194,0.000000,0.000000,11979.498923,12930.779128,951.280205,9.235547,2.428644,80.979097,0.000000,7.356712,15.695513,11.553566,3.593840,0.199012,7,0.000000,0,0,0,100.000000,4.850055,100.000000,31.041536,1561.844938,1076.186641,-0.000000,62.434628
16260.000000,pure-acoustic,none,hardware,1,0,0,1,priority,0.000500,180,15,hybrid,0.050000,4000.000000,6.087000,52.000000,500.000000,500.000000,2.000000,120.000000,0.000000,190,126,190,0,190,19,45,126,0,0,0,0,0,0,0,0,0.000000,0.000000,0.000000,clear-ocean,30.000000,60.000000,0.151000,1727,5137239,1317.240769,8.101112,84,20,0,64,0,264,70,4,190,0,0,0,0,0,0,0,0,0,0,0,0,0,0,0,19,45,126,19,45,126,8.269188,15.386876,40.066412,0.000000,0.000000,0.000000,0,0,0,12936.179128,19.085744,133.097077,11320.596308,1198.364333,315.076609,10471.457981,0.000000,0.000000,11984.898923,12936.179128,951.280205,9.263665,2.435623,80.947070,0.000000,7.353641,15.695513,11.553566,3.593840,0.198278,7,0.000000,0,0,0,100.000000,4.850055,100.000000,31.041536,1556.081673,990.079925,-0.000000,21.038048
16320.000000,pure-acoustic,none,hardware,1,0,0,1,priority,0.000500,180,15,hybrid,0.050000,4000.000000,6.087000,52.000000,500.000000,500.000000,2.000000,120.000000,0.000000,190,126,190,0,190,19,45,126,0,0,0,0,0,0,0,0,0.000000,0.000000,0.000000,clear-ocean,30.000000,60.000000,0.151000,1727,5137239,1317.240769,8.071328,84,20,0,64,0,264,70,4,190,0,0,0,0,0,0,0,0,0,0,0,0,0,0,0,19,45,126,19,45,126,8.269188,15.386876,40.066412,0.000000,0.000000,0.000000,0,0,0,12941.579128,19.085744,133.097077,11320.596308,1202.500503,316.110651,10471.687769,0.000000,0.000000,11990.298923,12941.579128,951.280205,9.291760,2.442597,80.915070,0.000000,7.350573,15.695513,11.553566,3.593840,0.197549,7,0.000000,0,0,0,100.000000,4.850055,100.000000,31.041536,1550.360784,903.973209,-0.000000,1.351435
16380.000000,pure-acoustic,none,hardware,1,0,0,1,priority,0.000500,180,15,hybrid,0.050000,4000.000000,6.087000,52.000000,500.000000,500.000000,2.000000,120.000000,0.000000,190,126,190,0,190,19,45,126,0,0,0,0,0,0,0,0,0.000000,0.000000,0.000000,clear-ocean,30.000000,60.000000,0.151000,1727,5137239,1317.240769,8.041763,84,20,0,64,0,264,70,4,190,0,0,0,0,0,0,0,0,0,0,0,0,0,0,0,19,45,126,19,45,126,8.269188,15.386876,40.066412,0.000000,0.000000,0.000000,0,0,0,12946.979128,19.085744,133.097077,11320.596308,1206.636673,317.144694,10471.917556,0.000000,0.000000,11995.698923,12946.979128,951.280205,9.319832,2.449565,80.883096,0.000000,7.347507,15.695513,11.553566,3.593840,0.196825,7,0.000000,0,0,0,100.000000,4.850055,100.000000,31.041536,1544.681807,817.866493,0.000000,5.241457
16440.000000,pure-acoustic,none,hardware,1,0,0,1,priority,0.000500,180,15,hybrid,0.050000,4000.000000,6.087000,52.000000,500.000000,500.000000,2.000000,120.000000,0.000000,190,126,190,0,190,19,45,126,0,0,0,0,0,0,0,0,0.000000,0.000000,0.000000,clear-ocean,30.000000,60.000000,0.151000,1727,5137239,1317.240769,8.012413,84,20,0,64,0,264,70,4,190,0,0,0,0,0,0,0,0,0,0,0,0,0,0,0,19,45,126,19,45,126,8.269188,15.386876,40.066412,0.000000,0.000000,0.000000,0,0,0,12952.379128,19.085744,133.097077,11320.596308,1210.772843,318.178736,10472.147343,0.000000,0.000000,12001.098923,12952.379128,951.280205,9.347880,2.456527,80.851149,0.000000,7.344444,15.695513,11.553566,3.593840,0.196107,7,0.000000,0,0,0,100.000000,4.850055,100.000000,31.041536,1539.044282,731.759776,0.000000,32.339264
16500.000000,pure-acoustic,none,hardware,1,0,0,1,priority,0.000500,180,15,hybrid,0.050000,4000.000000,6.087000,52.000000,500.000000,500.000000,2.000000,120.000000,0.000000,190,126,190,0,190,19,45,126,0,0,0,0,0,0,0,0,0.000000,0.000000,0.000000,clear-ocean,30.000000,60.000000,0.151000,1727,5137239,1317.240769,7.983277,84,20,0,64,0,264,70,4,190,0,0,0,0,0,0,0,0,0,0,0,0,0,0,0,19,45,126,19,45,126,8.269188,15.386876,40.066412,0.000000,0.000000,0.000000,0,0,0,12957.779128,19.085744,133.097077,11320.596308,1214.909014,319.212779,10472.377130,0.000000,0.000000,12006.498923,12957.779128,951.280205,9.375905,2.463484,80.819229,0.000000,7.341383,15.695513,11.553566,3.593840,0.195394,7,0.000000,0,0,0,100.000000,4.850055,100.000000,31.041536,1533.447758,645.653060,0.000000,80.075468
16560.000000,pure-acoustic,none,hardware,1,0,0,1,priority,0.000500,180,15,hybrid,0.050000,4000.000000,6.087000,52.000000,500.000000,500.000000,2.000000,120.000000,0.000000,190,126,190,0,190,19,45,126,0,0,0,0,0,0,0,0,0.000000,0.000000,0.000000,clear-ocean,30.000000,60.000000,0.151000,1727,5137239,1317.240769,7.954352,84,20,0,64,0,264,70,4,190,0,0,0,0,0,0,0,0,0,0,0,0,0,0,0,19,45,126,19,45,126,8.269188,15.386876,40.066412,0.000000,0.000000,0.000000,0,0,0,12963.179128,19.085744,133.097077,11320.596308,1219.045184,320.246822,10472.606918,0.000000,0.000000,12011.898923,12963.179128,951.280205,9.403906,2.470434,80.787335,0.000000,7.338325,15.695513,11.553566,3.593840,0.194686,7,0.000000,0,0,0,100.000000,4.850055,100.000000,31.041536,1527.891787,559.546344,0.000000,143.923764
16620.000000,pure-acoustic,none,hardware,1,0,0,1,priority,0.000500,180,15,hybrid,0.050000,4000.000000,6.087000,52.000000,500.000000,500.000000,2.000000,120.000000,0.000000,190,126,190,0,190,19,45,126,0,0,0,0,0,0,0,0,0.000000,0.000000,0.000000,clear-ocean,30.000000,60.000000,0.151000,1727,5137239,1317.240769,7.925636,84,20,0,64,0,264,70,4,190,0,0,0,0,0,0,0,0,0,0,0,0,0,0,0,19,45,126,19,45,126,8.269188,15.386876,40.066412,0.000000,0.000000,0.000000,0,0,0,12968.579128,19.085744,133.097077,11320.596308,1223.181354,321.280864,10472.836705,0.000000,0.000000,12017.298923,12968.579128,951.280205,9.431884,2.477379,80.755468,0.000000,7.335269,15.695513,11.553566,3.593840,0.193983,7,0.000000,0,0,0,100.000000,4.850055,100.000000,31.041536,1522.375933,473.439628,0.000000,217.830114
16680.000000,pure-acoustic,none,hardware,1,0,0,1,priority,0.000500,180,15,hybrid,0.050000,4000.000000,6.087000,52.000000,500.000000,500.000000,2.000000,120.000000,0.000000,190,126,190,0,190,19,45,126,0,0,0,0,0,0,0,0,0.000000,0.000000,0.000000,clear-ocean,30.000000,60.000000,0.151000,1727,5137239,1317.240769,7.897127,84,20,0,64,0,264,70,4,190,0,0,0,0,0,0,0,0,0,0,0,0,0,0,0,19,45,126,19,45,126,8.269188,15.386876,40.066412,0.000000,0.000000,0.000000,0,0,0,12973.979128,19.085744,133.097077,11320.596308,1227.317524,322.314907,10473.066492,0.000000,0.000000,12022.698923,12973.979128,951.280205,9.459839,2.484318,80.723627,0.000000,7.332216,15.695513,11.553566,3.593840,0.193285,7,0.000000,0,0,0,100.000000,4.850055,100.000000,31.041536,1516.899760,387.332912,0.000000,294.786783
16740.000000,pure-acoustic,none,hardware,1,0,0,1,priority,0.000500,180,15,hybrid,0.050000,4000.000000,6.087000,52.000000,500.000000,500.000000,2.000000,120.000000,0.000000,190,126,190,0,190,19,45,126,0,0,0,0,0,0,0,0,0.000000,0.000000,0.000000,clear-ocean,30.000000,60.000000,0.151000,1727,5137239,1317.240769,7.868822,84,20,0,64,0,264,70,4,190,0,0,0,0,0,0,0,0,0,0,0,0,0,0,0,19,45,126,19,45,126,8.269188,15.386876,40.066412,0.000000,0.000000,0.000000,0,0,0,12979.379128,19.085744,133.097077,11320.596308,1231.453694,323.348949,10473.296279,0.000000,0.000000,12028.098923,12979.379128,951.280205,9.487770,2.491251,80.691813,0.000000,7.329166,15.695513,11.553566,3.593840,0.192593,7,0.000000,0,0,0,100.000000,4.850055,100.000000,31.041536,1511.462843,301.226196,0.000000,367.496810
16800.000000,pure-acoustic,none,hardware,1,0,0,1,priority,0.000500,180,15,hybrid,0.050000,4000.000000,6.087000,52.000000,500.000000,500.000000,2.000000,120.000000,0.000000,190,126,190,0,190,19,45,126,0,0,0,0,0,0,0,0,0.000000,0.000000,0.000000,clear-ocean,30.000000,60.000000,0.151000,1727,5137239,1317.240769,7.840719,84,20,0,64,0,264,70,4,190,0,0,0,0,0,0,0,0,0,0,0,0,0,0,0,19,45,126,19,45,126,8.269188,15.386876,40.066412,0.000000,0.000000,0.000000,0,0,0,12984.779128,19.085744,133.097077,11320.596308,1235.589865,324.382992,10473.526067,0.000000,0.000000,12033.498923,12984.779128,951.280205,9.515679,2.498179,80.660025,0.000000,7.326118,15.695513,11.553566,3.593840,0.191905,7,0.000000,0,0,0,100.000000,4.850055,100.000000,31.041536,1506.064762,215.119480,0.000000,429.065895
16860.000000,pure-acoustic,none,hardware,1,0,0,1,priority,0.000500,180,15,hybrid,0.050000,4000.000000,6.087000,52.000000,500.000000,500.000000,2.000000,120.000000,0.000000,190,126,190,0,190,19,45,126,0,0,0,0,0,0,0,0,0.000000,0.000000,0.000000,clear-ocean,30.000000,60.000000,0.151000,1727,5137239,1317.240769,7.812816,84,20,0,64,0,264,70,4,190,0,0,0,0,0,0,0,0,0,0,0,0,0,0,0,19,45,126,19,45,126,8.269188,15.386876,40.066412,0.000000,0.000000,0.000000,0,0,0,12990.179128,19.085744,133.097077,11320.596308,1239.726035,325.417034,10473.755854,0.000000,0.000000,12038.898923,12990.179128,951.280205,9.543564,2.505100,80.628263,0.000000,7.323072,15.695513,11.553566,3.593840,0.191222,7,0.000000,0,0,0,100.000000,4.850055,100.000000,31.041536,1500.705101,129.012763,0.000000,473.656111
16920.000000,pure-acoustic,none,hardware,1,0,0,1,priority,0.000500,180,15,hybrid,0.050000,4000.000000,6.087000,52.000000,500.000000,500.000000,2.000000,120.000000,0.000000,190,126,190,0,190,19,45,126,0,0,0,0,0,0,0,0,0.000000,0.000000,0.000000,clear-ocean,30.000000,60.000000,0.151000,1727,5137239,1317.240769,7.785111,84,20,0,64,0,264,70,4,190,0,0,0,0,0,0,0,0,0,0,0,0,0,0,0,19,45,126,19,45,126,8.269188,15.386876,40.066412,0.000000,0.000000,0.000000,0,0,0,12995.579128,19.085744,133.097077,11320.596308,1243.862205,326.451077,10473.985641,0.000000,0.000000,12044.298923,12995.579128,951.280205,9.571426,2.512016,80.596529,0.000000,7.320029,15.695513,11.553566,3.593840,0.190544,7,0.000000,0,0,0,100.000000,4.850055,100.000000,31.041536,1495.383452,42.906047,0.000000,497.039455
16980.000000,pure-acoustic,none,hardware,1,0,0,1,priority,0.000500,180,15,hybrid,0.050000,4000.000000,6.087000,52.000000,500.000000,500.000000,2.000000,120.000000,0.000000,190,126,190,0,190,19,45,126,0,0,0,0,0,0,0,0,0.000000,0.000000,0.000000,clear-ocean,30.000000,60.000000,0.151000,1727,5137239,1317.240769,7.757602,84,20,0,64,0,264,70,4,190,0,0,0,0,0,0,0,0,0,0,0,0,0,0,0,19,45,126,19,45,126,8.269188,15.386876,40.066412,0.000000,0.000000,0.000000,0,0,0,13000.979128,19.085744,133.097077,11320.596308,1247.998375,327.485119,10474.215428,0.000000,0.000000,12049.698923,13000.979128,951.280205,9.599265,2.518927,80.564820,0.000000,7.316989,15.695513,11.553566,3.593840,0.189870,7,0.000000,0,0,0,100.000000,4.850055,100.000000,31.041536,1490.099411,43.200669,0.000000,496.998739
17040.000000,pure-acoustic,none,hardware,1,0,0,1,priority,0.000500,180,15,hybrid,0.050000,4000.000000,6.087000,52.000000,500.000000,500.000000,2.000000,120.000000,0.000000,190,126,190,0,190,19,45,126,0,0,0,0,0,0,0,0,0.000000,0.000000,0.000000,clear-ocean,30.000000,60.000000,0.151000,1727,5137239,1317.240769,7.730286,84,20,0,64,0,264,70,4,190,0,0,0,0,0,0,0,0,0,0,0,0,0,0,0,19,45,126,19,45,126,8.269188,15.386876,40.066412,0.000000,0.000000,0.000000,0,0,0,13006.379128,19.085744,133.097077,11320.596308,1252.134546,328.519162,10474.445215,0.000000,0.000000,12055.098923,13006.379128,951.280205,9.627080,2.525831,80.533138,0.000000,7.313951,15.695513,11.553566,3.593840,0.189202,7,0.000000,0,0,0,100.000000,4.850055,100.000000,31.041536,1484.852582,129.307385,0.000000,473.537824
17100.000000,pure-acoustic,none,hardware,1,0,0,1,priority,0.000500,180,15,hybrid,0.050000,4000.000000,6.087000,52.000000,500.000000,500.000000,2.000000,120.000000,0.000000,190,126,190,0,190,19,45,126,0,0,0,0,0,0,0,0,0.000000,0.000000,0.000000,clear-ocean,30.000000,60.000000,0.151000,1727,5137239,1317.240769,7.703162,84,20,0,64,0,264,70,4,190,0,0,0,0,0,0,0,0,0,0,0,0,0,0,0,19,45,126,19,45,126,8.269188,15.386876,40.066412,0.000000,0.000000,0.000000,0,0,0,13011.779128,19.085744,133.097077,11320.596308,1256.270716,329.553205,10474.675003,0.000000,0.000000,12060.498923,13011.779128,951.280205,9.654873,2.532730,80.501482,0.000000,7.310916,15.695513,11.553566,3.593840,0.188538,7,0.000000,0,0,0,100.000000,4.850055,100.000000,31.041536,1479.642573,215.414101,0.000000,428.881252
17160.000000,pure-acoustic,none,hardware,1,0,0,1,priority,0.000500,180,15,hybrid,0.050000,4000.000000,6.087000,52.000000,500.000000,500.000000,2.000000,120.000000,0.000000,190,126,190,0,190,19,45,126,0,0,0,0,0,0,0,0,0.000000,0.000000,0.000000,clear-ocean,30.000000,60.000000,0.151000,1727,5137239,1317.240769,7.676228,84,20,0,64,0,264,70,4,190,0,0,0,0,0,0,0,0,0,0,0,0,0,0,0,19,45,126,19,45,126,8.269188,15.386876,40.066412,0.000000,0.000000,0.000000,0,0,0,13017.179128,19.085744,133.097077,11320.596308,1260.406886,330.587247,10474.904790,0.000000,0.000000,12065.898923,13017.179128,951.280205,9.682642,2.539623,80.469852,0.000000,7.307883,15.695513,11.553566,3.593840,0.187879,7,0.000000,0,0,0,100.000000,4.850055,100.000000,31.041536,1474.468998,301.520817,0.000000,367.263320
17220.000000,pure-acoustic,none,hardware,1,0,0,1,priority,0.000500,180,15,hybrid,0.050000,4000.000000,6.087000,52.000000,500.000000,500.000000,2.000000,120.000000,0.000000,190,126,190,0,190,19,45,126,0,0,0,0,0,0,0,0,0.000000,0.000000,0.000000,clear-ocean,30.000000,60.000000,0.151000,1727,5137239,1317.240769,7.649482,84,20,0,64,0,264,70,4,190,0,0,0,0,0,0,0,0,0,0,0,0,0,0,0,19,45,126,19,45,126,8.269188,15.386876,40.066412,0.000000,0.000000,0.000000,0,0,0,13022.579128,19.085744,133.097077,11320.596308,1264.543056,331.621290,10475.134577,0.000000,0.000000,12071.298923,13022.579128,951.280205,9.710389,2.546510,80.438249,0.000000,7.304853,15.695513,11.553566,3.593840,0.187224,7,0.000000,0,0,0,100.000000,4.850055,100.000000,31.041536,1469.331475,387.627533,0.000000,294.526585
17280.000000,pure-acoustic,none,hardware,1,0,0,1,priority,0.000500,180,15,hybrid,0.050000,4000.000000,6.087000,52.000000,500.000000,500.000000,2.000000,120.000000,0.000000,190,126,190,0,190,19,45,126,0,0,0,0,0,0,0,0,0.000000,0.000000,0.000000,clear-ocean,30.000000,60.000000,0.151000,1727,5137239,1317.240769,7.622921,84,20,0,64,0,264,70,4,190,0,0,0,0,0,0,0,0,0,0,0,0,0,0,0,19,45,126,19,45,126,8.269188,15.386876,40.066412,0.000000,0.000000,0.000000,0,0,0,13027.979128,19.085744,133.097077,11320.596308,1268.679226,332.655332,10475.364364,0.000000,0.000000,12076.698923,13027.979128,951.280205,9.738112,2.553392,80.406671,0.000000,7.301825,15.695513,11.553566,3.593840,0.186574,7,0.000000,0,0,0,100.000000,4.850055,100.000000,31.041536,1464.229630,473.734250,0.000000,217.567879
17340.000000,pure-acoustic,none,hardware,1,0,0,1,priority,0.000500,180,15,hybrid,0.050000,4000.000000,6.087000,52.000000,500.000000,500.000000,2.000000,120.000000,0.000000,190,126,190,0,190,19,45,126,0,0,0,0,0,0,0,0,0.000000,0.000000,0.000000,clear-ocean,30.000000,60.000000,0.151000,1727,5137239,1317.240769,7.596544,84,20,0,64,0,264,70,4,190,0,0,0,0,0,0,0,0,0,0,0,0,0,0,0,19,45,126,19,45,126,8.269188,15.386876,40.066412,0.000000,0.000000,0.000000,0,0,0,13033.379128,19.085744,133.097077,11320.596308,1272.815397,333.689375,10475.594152,0.000000,0.000000,12082.098923,13033.379128,951.280205,9.765813,2.560268,80.375120,0.000000,7.298799,15.695513,11.553566,3.593840,0.185928,7,0.000000,0,0,0,100.000000,4.850055,100.000000,31.041536,1459.163091,559.840966,0.000000,143.684357
17400.000000,pure-acoustic,none,hardware,1,0,0,1,priority,0.000500,180,15,hybrid,0.050000,4000.000000,6.087000,52.000000,500.000000,500.000000,2.000000,120.000000,0.000000,190,126,190,0,190,19,45,126,0,0,0,0,0,0,0,0,0.000000,0.000000,0.000000,clear-ocean,30.000000,60.000000,0.151000,1727,5137239,1317.240769,7.570349,84,20,0,64,0,264,70,4,190,0,0,0,0,0,0,0,0,0,0,0,0,0,0,0,19,45,126,19,45,126,8.269188,15.386876,40.066412,0.000000,0.000000,0.000000,0,0,0,13038.779128,19.085744,133.097077,11320.596308,1276.951567,334.723417,10475.823939,0.000000,0.000000,12087.498923,13038.779128,951.280205,9.793490,2.567138,80.343595,0.000000,7.295777,15.695513,11.553566,3.593840,0.185287,7,0.000000,0,0,0,100.000000,4.850055,100.000000,31.041536,1454.131494,645.947682,0.000000,79.881590
17460.000000,pure-acoustic,none,hardware,1,0,0,1,priority,0.000500,180,15,hybrid,0.050000,4000.000000,6.087000,52.000000,500.000000,500.000000,2.000000,120.000000,0.000000,190,126,190,0,190,19,45,126,0,0,0,0,0,0,0,0,0.000000,0.000000,0.000000,clear-ocean,30.000000,60.000000,0.151000,1727,5137239,1317.240769,7.544334,84,20,0,64,0,264,70,4,190,0,0,0,0,0,0,0,0,0,0,0,0,0,0,0,19,45,126,19,45,126,8.269188,15.386876,40.066412,0.000000,0.000000,0.000000,0,0,0,13044.179128,19.085744,133.097077,11320.596308,1281.087737,335.757460,10476.053726,0.000000,0.000000,12092.898923,13044.179128,951.280205,9.821145,2.574002,80.312096,0.000000,7.292756,15.695513,11.553566,3.593840,0.184651,7,0.000000,0,0,0,100.000000,4.850055,100.000000,31.041536,1449.134479,732.054398,0.000000,32.209298
17520.000000,pure-acoustic,none,hardware,1,0,0,1,priority,0.000500,180,15,hybrid,0.050000,4000.000000,6.087000,52.000000,500.000000,500.000000,2.000000,120.000000,0.000000,190,126,190,0,190,19,45,126,0,0,0,0,0,0,0,0,0.000000,0.000000,0.000000,clear-ocean,30.000000,60.000000,0.151000,1727,5137239,1317.240769,7.518498,84,20,0,64,0,264,70,4,190,0,0,0,0,0,0,0,0,0,0,0,0,0,0,0,19,45,126,19,45,126,8.269188,15.386876,40.066412,0.000000,0.000000,0.000000,0,0,0,13049.579128,19.085744,133.097077,11320.596308,1285.223907,336.791502,10476.283513,0.000000,0.000000,12098.298923,13049.579128,951.280205,9.848777,2.580861,80.280624,0.000000,7.289739,15.695513,11.553566,3.593840,0.184018,7,0.000000,0,0,0,100.000000,4.850055,100.000000,31.041536,1444.171689,818.161114,0.000000,5.187726
17580.000000,pure-acoustic,none,hardware,1,0,0,1,priority,0.000500,180,15,hybrid,0.050000,4000.000000,6.087000,52.000000,500.000000,500.000000,2.000000,120.000000,0.000000,190,126,190,0,190,19,45,126,0,0,0,0,0,0,0,0,0.000000,0.000000,0.000000,clear-ocean,30.000000,60.000000,0.151000,1727,5137239,1317.240769,7.492837,84,20,0,64,0,264,70,4,190,0,0,0,0,0,0,0,0,0,0,0,0,0,0,0,19,45,126,19,45,126,8.269188,15.386876,40.066412,0.000000,0.000000,0.000000,0,0,0,13054.979128,19.085744,133.097077,11320.596308,1289.360077,337.825545,10476.513301,0.000000,0.000000,12103.698923,13054.979128,951.280205,9.876386,2.587714,80.249177,0.000000,7.286723,15.695513,11.553566,3.593840,0.183390,7,0.000000,0,0,0,100.000000,4.850055,100.000000,31.041536,1439.242776,904.267830,-0.000000,1.379034
17640.000000,pure-acoustic,none,hardware,1,0,0,1,priority,0.000500,180,15,hybrid,0.050000,4000.000000,6.087000,52.000000,500.000000,500.000000,2.000000,120.000000,0.000000,190,126,190,0,190,19,45,126,0,0,0,0,0,0,0,0,0.000000,0.000000,0.000000,clear-ocean,30.000000,60.000000,0.151000,1727,5137239,1317.240769,7.467351,84,20,0,64,0,264,70,4,190,0,0,0,0,0,0,0,0,0,0,0,0,0,0,0,19,45,126,19,45,126,8.269188,15.386876,40.066412,0.000000,0.000000,0.000000,0,0,0,13060.379128,19.085744,133.097077,11320.596308,1293.496248,338.859588,10476.743088,0.000000,0.000000,12109.098923,13060.379128,951.280205,9.903972,2.594562,80.217756,0.000000,7.283710,15.695513,11.553566,3.593840,0.182766,7,0.000000,0,0,0,100.000000,4.850055,100.000000,31.041536,1434.347392,990.374546,-0.000000,21.144360
17700.000000,pure-acoustic,none,hardware,1,0,0,1,priority,0.000500,180,15,hybrid,0.050000,4000.000000,6.087000,52.000000,500.000000,500.000000,2.000000,120.000000,0.000000,190,126,190,0,190,19,45,126,0,0,0,0,0,0,0,0,0.000000,0.000000,0.000000,clear-ocean,30.000000,60.000000,0.151000,1727,5137239,1317.240769,7.442038,84,20,0,64,0,264,70,4,190,0,0,0,0,0,0,0,0,0,0,0,0,0,0,0,19,45,126,19,45,126,8.269188,15.386876,40.066412,0.000000,0.000000,0.000000,0,0,0,13065.779128,19.085744,133.097077,11320.596308,1297.632418,339.893630,10476.972875,0.000000,0.000000,12114.498923,13065.779128,951.280205,9.931535,2.601403,80.186361,0.000000,7.280700,15.695513,11.553566,3.593840,0.182147,7,0.000000,0,0,0,100.000000,4.850055,100.000000,31.041536,1429.485198,1076.481263,-0.000000,62.609573
17760.000000,pure-acoustic,none,hardware,1,0,0,1,priority,0.000500,180,15,hybrid,0.050000,4000.000000,6.087000,52.000000,500.000000,500.000000,2.000000,120.000000,0.000000,190,126,190,0,190,19,45,126,0,0,0,0,0,0,0,0,0.000000,0.000000,0.000000,clear-ocean,30.000000,60.000000,0.151000,1727,5137239,1317.240769,7.416896,84,20,0,64,0,264,70,4,190,0,0,0,0,0,0,0,0,0,0,0,0,0,0,0,19,45,126,19,45,126,8.269188,15.386876,40.066412,0.000000,0.000000,0.000000,0,0,0,13071.179128,19.085744,133.097077,11320.596308,1301.768588,340.927673,10477.202662,0.000000,0.000000,12119.898923,13071.179128,951.280205,9.959075,2.608240,80.154993,0.000000,7.277692,15.695513,11.553566,3.593840,0.181532,7,0.000000,0,0,0,100.000000,4.850055,100.000000,31.041536,1424.655856,1162.587979,-0.000000,121.842978
17820.000000,pure-acoustic,none,hardware,1,0,0,1,priority,0.000500,180,15,hybrid,0.050000,4000.000000,6.087000,52.000000,500.000000,500.000000,2.000000,120.000000,0.000000,190,126,190,0,190,19,45,126,0,0,0,0,0,0,0,0,0.000000,0.000000,0.000000,clear-ocean,30.000000,60.000000,0.151000,1727,5137239,1317.240769,7.391924,84,20,0,64,0,264,70,4,190,0,0,0,0,0,0,0,0,0,0,0,0,0,0,0,19,45,126,19,45,126,8.269188,15.386876,40.066412,0.000000,0.000000,0.000000,0,0,0,13076.579128,19.085744,133.097077,11320.596308,1305.904758,341.961715,10477.432450,0.000000,0.000000,12125.298923,13076.579128,951.280205,9.986593,2.615070,80.123650,0.000000,7.274687,15.695513,11.553566,3.593840,0.180920,7,0.000000,0,0,0,100.000000,4.850055,100.000000,31.041536,1419.859035,1248.694695,-0.000000,193.228118
17880.000000,pure-acoustic,none,hardware,1,0,0,1,priority,0.000500,180,15,hybrid,0.050000,4000.000000,6.087000,52.000000,500.000000,500.000000,2.000000,120.000000,0.000000,190,126,190,0,190,19,45,126,0,0,0,0,0,0,0,0,0.000000,0.000000,0.000000,clear-ocean,30.000000,60.000000,0.151000,1727,5137239,1317.240769,7.367118,84,20,0,64,0,264,70,4,190,0,0,0,0,0,0,0,0,0,0,0,0,0,0,0,19,45,126,19,45,126,8.269188,15.386876,40.066412,0.000000,0.000000,0.000000,0,0,0,13081.979128,19.085744,133.097077,11320.596308,1310.040929,342.995758,10477.662237,0.000000,0.000000,12130.698923,13081.979128,951.280205,10.014088,2.621895,80.092333,0.000000,7.271684,15.695513,11.553566,3.593840,0.180313,7,0.000000,0,0,0,100.000000,4.850055,100.000000,31.041536,1415.094407,1334.801411,-0.000000,269.996317
17940.000000,pure-acoustic,none,hardware,1,0,0,1,priority,0.000500,180,15,hybrid,0.050000,4000.000000,6.087000,52.000000,500.000000,500.000000,2.000000,120.000000,0.000000,190,126,190,0,190,19,45,126,0,0,0,0,0,0,0,0,0.000000,0.000000,0.000000,clear-ocean,30.000000,60.000000,0.151000,1727,5137239,1317.240769,7.342479,84,20,0,64,0,264,70,4,190,0,0,0,0,0,0,0,0,0,0,0,0,0,0,0,19,45,126,19,45,126,8.269188,15.386876,40.066412,0.000000,0.000000,0.000000,0,0,0,13087.379128,19.085744,133.097077,11320.596308,1314.177099,344.029800,10477.892024,0.000000,0.000000,12136.098923,13087.379128,951.280205,10.041561,2.628714,80.061041,0.000000,7.268684,15.695513,11.553566,3.593840,0.179710,7,0.000000,0,0,0,100.000000,4.850055,100.000000,31.041536,1410.361650,1420.908127,-0.000000,344.868482
18000.000000,pure-acoustic,none,hardware,1,0,0,1,priority,0.000500,180,15,hybrid,0.050000,4000.000000,6.087000,52.000000,500.000000,500.000000,2.000000,120.000000,0.000000,190,126,190,0,190,19,45,126,0,0,0,0,0,0,0,0,0.000000,0.000000,0.000000,clear-ocean,30.000000,60.000000,0.151000,1727,5137239,1317.240769,7.318004,84,20,0,64,0,264,70,4,190,0,0,0,0,0,0,0,0,0,0,0,0,0,0,0,19,45,126,19,45,126,8.269188,15.386876,40.066412,0.000000,0.000000,0.000000,0,0,0,13092.779128,19.085744,133.097077,11320.596308,1318.313269,345.063843,10478.121811,0.000000,0.000000,12141.498923,13092.779128,951.280205,10.069010,2.635528,80.029776,0.000000,7.265686,15.695513,11.553566,3.593840,0.179111,7,0.000000,0,0,0,100.000000,4.850055,100.000000,31.041536,1405.660444,1507.014843,-0.000000,410.745304
18060.000000,pure-acoustic,none,hardware,1,0,0,1,priority,0.000500,180,15,hybrid,0.050000,4000.000000,6.087000,52.000000,500.000000,500.000000,2.000000,120.000000,0.000000,190,126,190,0,190,19,45,126,0,0,0,0,0,0,0,0,0.000000,0.000000,0.000000,clear-ocean,30.000000,60.000000,0.151000,1727,5137239,1317.240769,7.293692,84,20,0,64,0,264,70,4,190,0,0,0,0,0,0,0,0,0,0,0,0,0,0,0,19,45,126,19,45,126,8.269188,15.386876,40.066412,0.000000,0.000000,0.000000,0,0,0,13098.179128,19.085744,133.097077,11320.596308,1322.449439,346.097885,10478.351598,0.000000,0.000000,12146.898923,13098.179128,951.280205,10.096437,2.642336,79.998536,0.000000,7.262690,15.695513,11.553566,3.593840,0.178516,7,0.000000,0,0,0,100.000000,4.850055,100.000000,31.041536,1400.990476,1593.121559,-0.000000,461.380399
18120.000000,pure-acoustic,none,hardware,1,0,0,1,priority,0.000500,180,15,hybrid,0.050000,4000.000000,6.087000,52.000000,500.000000,500.000000,2.000000,120.000000,0.000000,190,126,190,0,190,19,45,126,0,0,0,0,0,0,0,0,0.000000,0.000000,0.000000,clear-ocean,30.000000,60.000000,0.151000,1727,5137239,1317.240769,7.269541,84,20,0,64,0,264,70,4,190,0,0,0,0,0,0,0,0,0,0,0,0,0,0,0,19,45,126,19,45,126,8.269188,15.386876,40.066412,0.000000,0.000000,0.000000,0,0,0,13103.579128,19.085744,133.097077,11320.596308,1326.585609,347.131928,10478.581386,0.000000,0.000000,12152.298923,13103.579128,951.280205,10.123842,2.649138,79.967323,0.000000,7.259697,15.695513,11.553566,3.593840,0.177925,7,0.000000,0,0,0,100.000000,4.850055,100.000000,31.041536,1396.351435,1679.228276,-0.000000,491.972594
18180.000000,pure-acoustic,none,hardware,1,0,0,1,priority,0.000500,180,15,hybrid,0.050000,4000.000000,6.087000,52.000000,500.000000,500.000000,2.000000,120.000000,0.000000,190,126,190,0,190,19,45,126,0,0,0,0,0,0,0,0,0.000000,0.000000,0.000000,clear-ocean,30.000000,60.000000,0.151000,1727,5137239,1317.240769,7.245549,84,20,0,64,0,264,70,4,190,0,0,0,0,0,0,0,0,0,0,0,0,0,0,0,19,45,126,19,45,126,8.269188,15.386876,40.066412,0.000000,0.000000,0.000000,0,0,0,13108.979128,19.085744,133.097077,11320.596308,1330.721780,348.165971,10478.811173,0.000000,0.000000,12157.698923,13108.979128,951.280205,10.151224,2.655935,79.936134,0.000000,7.256707,15.695513,11.553566,3.593840,0.177338,7,0.000000,0,0,0,100.000000,4.850055,100.000000,31.041536,1391.743014,1765.334992,0.000000,499.621164
18240.000000,pure-acoustic,none,hardware,1,0,0,1,priority,0.000500,180,15,hybrid,0.050000,4000.000000,6.087000,52.000000,500.000000,500.000000,2.000000,120.000000,0.000000,190,126,190,0,190,19,45,126,0,0,0,0,0,0,0,0,0.000000,0.000000,0.000000,clear-ocean,30.000000,60.000000,0.151000,1727,5137239,1317.240769,7.221715,84,20,0,64,0,264,70,4,190,0,0,0,0,0,0,0,0,0,0,0,0,0,0,0,19,45,126,19,45,126,8.269188,15.386876,40.066412,0.000000,0.000000,0.000000,0,0,0,13114.379128,19.085744,133.097077,11320.596308,1334.857950,349.200013,10479.040960,0.000000,0.000000,12163.098923,13114.379128,951.280205,10.178583,2.662726,79.904972,0.000000,7.253719,15.695513,11.553566,3.593840,0.176754,7,0.000000,0,0,0,100.000000,4.850055,100.000000,31.041536,1387.164912,1851.441708,0.000000,483.600879
18300.000000,pure-acoustic,none,hardware,1,0,0,1,priority,0.000500,180,15,hybrid,0.050000,4000.000000,6.087000,52.000000,500.000000,500.000000,2.000000,120.000000,0.000000,190,126,190,0,190,19,45,126,0,0,0,0,0,0,0,0,0.000000,0.000000,0.000000,clear-ocean,30.000000,60.000000,0.151000,1727,5137239,1317.240769,7.198037,84,20,0,64,0,264,70,4,190,0,0,0,0,0,0,0,0,0,0,0,0,0,0,0,19,45,126,19,45,126,8.269188,15.386876,40.066412,0.000000,0.000000,0.000000,0,0,0,13119.779128,19.085744,133.097077,11320.596308,1338.994120,350.234056,10479.270747,0.000000,0.000000,12168.498923,13119.779128,951.280205,10.205920,2.669512,79.873835,0.000000,7.250733,15.695513,11.553566,3.593840,0.176175,7,0.000000,0,0,0,100.000000,4.850055,100.000000,31.041536,1382.616831,1937.548424,0.000000,445.430767
18360.000000,pure-acoustic,none,hardware,1,0,0,1,priority,0.000500,180,15,hybrid,0.050000,4000.000000,6.087000,52.000000,500.000000,500.000000,2.000000,120.000000,0.000000,190,126,190,0,190,19,45,126,0,0,0,0,0,0,0,0,0.000000,0.000000,0.000000,clear-ocean,30.000000,60.000000,0.151000,1727,5137239,1317.240769,7.174514,84,20,0,64,0,264,70,4,190,0,0,0,0,0,0,0,0,0,0,0,0,0,0,0,19,45,126,19,45,126,8.269188,15.386876,40.066412,0.000000,0.000000,0.000000,0,0,0,13125.179128,19.085744,133.097077,11320.596308,1343.130290,351.268098,10479.500535,0.000000,0.000000,12173.898923,13125.179128,951.280205,10.233234,2.676292,79.842724,0.000000,7.247750,15.695513,11.553566,3.593840,0.175599,7,0.000000,0,0,0,100.000000,4.850055,100.000000,31.041536,1378.098475,2023.655140,0.000000,388.730085
18420.000000,pure-acoustic,none,hardware,1,0,0,1,priority,0.000500,180,15,hybrid,0.050000,4000.000000,6.087000,52.000000,500.000000,500.000000,2.000000,120.000000,0.000000,190,126,190,0,190,19,45,126,0,0,0,0,0,0,0,0,0.000000,0.000000,0.000000,clear-ocean,30.000000,60.000000,0.151000,1727,5137239,1317.240769,7.151144,84,20,0,64,0,264,70,4,190,0,0,0,0,0,0,0,0,0,0,0,0,0,0,0,19,45,126,19,45,126,8.269188,15.386876,40.066412,0.000000,0.000000,0.000000,0,0,0,13130.579128,19.085744,133.097077,11320.596308,1347.266460,352.302141,10479.730322,0.000000,0.000000,12179.298923,13130.579128,951.280205,10.260526,2.683066,79.811638,0.000000,7.244770,15.695513,11.553566,3.593840,0.175027,7,0.000000,0,0,0,100.000000,4.850055,100.000000,31.041536,1373.609555,2109.761856,0.000000,318.875141
18480.000000,pure-acoustic,none,hardware,1,0,0,1,priority,0.000500,180,15,hybrid,0.050000,4000.000000,6.087000,52.000000,500.000000,500.000000,2.000000,120.000000,0.000000,190,126,190,0,190,19,45,126,0,0,0,0,0,0,0,0,0.000000,0.000000,0.000000,clear-ocean,30.000000,60.000000,0.151000,1727,5137239,1317.240769,7.127926,84,20,0,64,0,264,70,4,190,0,0,0,0,0,0,0,0,0,0,0,0,0,0,0,19,45,126,19,45,126,8.269188,15.386876,40.066412,0.000000,0.000000,0.000000,0,0,0,13135.979128,19.085744,133.097077,11320.596308,1351.402631,353.336183,10479.960109,0.000000,0.000000,12184.698923,13135.979128,951.280205,10.287795,2.689835,79.780578,0.000000,7.241791,15.695513,11.553566,3.593840,0.174459,7,0.000000,0,0,0,100.000000,4.850055,100.000000,31.041536,1369.149784,2195.868573,0.000000,242.489517
18540.000000,pure-acoustic,none,hardware,1,0,0,1,priority,0.000500,180,15,hybrid,0.050000,4000.000000,6.087000,52.000000,500.000000,500.000000,2.000000,120.000000,0.000000,190,126,190,0,190,19,45,126,0,0,0,0,0,0,0,0,0.000000,0.000000,0.000000,clear-ocean,30.000000,60.000000,0.151000,1727,5137239,1317.240769,7.104859,84,20,0,64,0,264,70,4,190,0,0,0,0,0,0,0,0,0,0,0,0,0,0,0,19,45,126,19,45,126,8.269188,15.386876,40.066412,0.000000,0.000000,0.000000,0,0,0,13141.379128,19.085744,133.097077,11320.596308,1355.538801,354.370226,10480.189896,0.000000,0.000000,12190.098923,13141.379128,951.280205,10.315042,2.696598,79.749544,0.000000,7.238816,15.695513,11.553566,3.593840,0.173894,7,0.000000,0,0,0,100.000000,4.850055,100.000000,31.041536,1364.718878,2281.975289,0.000000,166.816031
18600.000000,pure-acoustic,none,hardware,1,0,0,1,priority,0.000500,180,15,hybrid,0.050000,4000.000000,6.087000,52.000000,500.000000,500.000000,2.000000,120.000000,0.000000,190,126,190,0,190,19,45,126,0,0,0,0,0,0,0,0,0.000000,0.000000,0.000000,clear-ocean,30.000000,60.000000,0.151000,1727,5137239,1317.240769,7.081940,84,20,0,64,0,264,70,4,190,0,0,0,0,0,0,0,0,0,0,0,0,0,0,0,19,45,126,19,45,126,8.269188,15.386876,40.066412,0.000000,0.000000,0.000000,0,0,0,13146.779128,19.085744,133.097077,11320.596308,1359.674971,355.404268,10480.419684,0.000000,0.000000,12195.498923,13146.779128,951.280205,10.342267,2.703356,79.718535,0.000000,7.235842,15.695513,11.553566,3.593840,0.173333,7,0.000000,0,0,0,100.000000,4.850055,100.000000,31.041536,1360.316559,2368.082005,0.000000,99.029974
18660.000000,pure-acoustic,none,hardware,1,0,0,1,priority,0.000500,180,15,hybrid,0.050000,4000.000000,6.087000,52.000000,500.000000,500.000000,2.000000,120.000000,0.000000,190,126,190,0,190,19,45,126,0,0,0,0,0,0,0,0,0.000000,0.000000,0.000000,clear-ocean,30.000000,60.000000,0.151000,1727,5137239,1317.240769,7.059168,84,20,0,64,0,264,70,4,190,0,0,0,0,0,0,0,0,0,0,0,0,0,0,0,19,45,126,19,45,126,8.269188,15.386876,40.066412,0.000000,0.000000,0.000000,0,0,0,13152.179128,19.085744,133.097077,11320.596308,1363.811141,356.438311,10480.649471,0.000000,0.000000,12200.898923,13152.179128,951.280205,10.369469,2.710108,79.687551,0.000000,7.232871,15.695513,11.553566,3.593840,0.172776,7,0.000000,0,0,0,100.000000,4.850055,100.000000,31.041536,1355.942551,2454.188721,0.000000,45.558759
18720.000000,pure-acoustic,none,hardware,1,0,0,1,priority,0.000500,180,15,hybrid,0.050000,4000.000000,6.087000,52.000000,500.000000,500.000000,2.000000,120.000000,0.000000,190,126,190,0,190,19,45,126,0,0,0,0,0,0,0,0,0.000000,0.000000,0.000000,clear-ocean,30.000000,60.000000,0.151000,1727,5137239,1317.240769,7.036543,84,20,0,64,0,264,70,4,190,0,0,0,0,0,0,0,0,0,0,0,0,0,0,0,19,45,126,19,45,126,8.269188,15.386876,40.066412,0.000000,0.000000,0.000000,0,0,0,13157.579128,19.085744,133.097077,11320.596308,1367.947312,357.472354,10480.879258,0.000000,0.000000,12206.298923,13157.579128,951.280205,10.396649,2.716855,79.656593,0.000000,7.229903,15.695513,11.553566,3.593840,0.172222,7,0.000000,0,0,0,100.000000,4.850055,100.000000,31.041536,1351.596581,2540.295437,0.000000,11.472481
18780.000000,pure-acoustic,none,hardware,1,0,0,1,priority,0.000500,180,15,hybrid,0.050000,4000.000000,6.087000,52.000000,500.000000,500.000000,2.000000,120.000000,0.000000,190,126,190,0,190,19,45,126,0,0,0,0,0,0,0,0,0.000000,0.000000,0.000000,clear-ocean,30.000000,60.000000,0.151000,1727,5137239,1317.240769,7.014062,84,20,0,64,0,264,70,4,190,0,0,0,0,0,0,0,0,0,0,0,0,0,0,0,19,45,126,19,45,126,8.269188,15.386876,40.066412,0.000000,0.000000,0.000000,0,0,0,13162.979128,19.085744,133.097077,11320.596308,1372.083482,358.506396,10481.109045,0.000000,0.000000,12211.698923,13162.979128,951.280205,10.423807,2.723596,79.625660,0.000000,7.226937,15.695513,11.553566,3.593840,0.171672,7,0.000000,0,0,0,100.000000,4.850055,100.000000,31.041536,1347.278381,2626.402153,-0.000000,0.003168
18840.000000,pure-acoustic,none,hardware,1,0,0,1,priority,0.000500,180,15,hybrid,0.050000,4000.000000,6.087000,52.000000,500.000000,500.000000,2.000000,120.000000,0.000000,190,126,190,0,190,19,45,126,0,0,0,0,0,0,0,0,0.000000,0.000000,0.000000,clear-ocean,30.000000,60.000000,0.151000,1727,5137239,1317.240769,6.991724,84,20,0,64,0,264,70,4,190,0,0,0,0,0,0,0,0,0,0,0,0,0,0,0,19,45,126,19,45,126,8.269188,15.386876,40.066412,0.000000,0.000000,0.000000,0,0,0,13168.379128,19.085744,133.097077,11320.596308,1376.219652,359.540439,10481.338833,0.000000,0.000000,12217.098923,13168.379128,951.280205,10.450942,2.730332,79.594753,0.000000,7.223973,15.695513,11.553566,3.593840,0.171125,7,0.000000,0,0,0,100.000000,4.850055,100.000000,31.041536,1342.987686,2712.508869,-0.000000,12.238331
18900.000000,pure-acoustic,none,hardware,1,0,0,1,priority,0.000500,180,15,hybrid,0.050000,4000.000000,6.087000,52.000000,500.000000,500.000000,2.000000,120.000000,0.000000,190,126,190,0,190,19,45,126,0,0,0,0,0,0,0,0,0.000000,0.000000,0.000000,clear-ocean,30.000000,60.000000,0.151000,1727,5137239,1317.240769,6.969528,84,20,0,64,0,264,70,4,190,0,0,0,0,0,0,0,0,0,0,0,0,0,0,0,19,45,126,19,45,126,8.269188,15.386876,40.066412,0.000000,0.000000,0.000000,0,0,0,13173.779128,19.085744,133.097077,11320.596308,1380.355822,360.574481,10481.568620,0.000000,0.000000,12222.498923,13173.779128,951.280205,10.478055,2.737062,79.563871,0.000000,7.221012,15.695513,11.553566,3.593840,0.170582,7,0.000000,0,0,0,100.000000,4.850055,100.000000,31.041536,1338.724233,2798.615586,-0.000000,47.017843
18960.000000,pure-acoustic,none,hardware,1,0,0,1,priority,0.000500,180,15,hybrid,0.050000,4000.000000,6.087000,52.000000,500.000000,500.000000,2.000000,120.000000,0.000000,190,126,190,0,190,19,45,126,0,0,0,0,0,0,0,0,0.000000,0.000000,0.000000,clear-ocean,30.000000,60.000000,0.151000,1727,5137239,1317.240769,6.947472,84,20,0,64,0,264,70,4,190,0,0,0,0,0,0,0,0,0,0,0,0,0,0,0,19,45,126,19,45,126,8.269188,15.386876,40.066412,0.000000,0.000000,0.000000,0,0,0,13179.179128,19.085744,133.097077,11320.596308,1384.491992,361.608524,10481.798407,0.000000,0.000000,12227.898923,13179.179128,951.280205,10.505146,2.743786,79.533014,0.000000,7.218054,15.695513,11.553566,3.593840,0.170042,7,0.000000,0,0,0,100.000000,4.850055,100.000000,31.041536,1334.487764,2884.722302,-0.000000,101.043941
19020.000000,pure-acoustic,none,hardware,1,0,0,1,priority,0.000500,180,15,hybrid,0.050000,4000.000000,6.087000,52.000000,500.000000,500.000000,2.000000,120.000000,0.000000,190,126,190,0,190,19,45,126,0,0,0,0,0,0,0,0,0.000000,0.000000,0.000000,clear-ocean,30.000000,60.000000,0.151000,1727,5137239,1317.240769,6.925556,84,20,0,64,0,264,70,4,190,0,0,0,0,0,0,0,0,0,0,0,0,0,0,0,19,45,126,19,45,126,8.269188,15.386876,40.066412,0.000000,0.000000,0.000000,0,0,0,13184.579128,19.085744,133.097077,11320.596308,1388.628163,362.642566,10482.028194,0.000000,0.000000,12233.298923,13184.579128,951.280205,10.532215,2.750505,79.502183,0.000000,7.215097,15.695513,11.553566,3.593840,0.169506,7,0.000000,0,0,0,100.000000,4.850055,100.000000,31.041536,1330.278023,2970.829018,-0.000000,169.193920
19080.000000,pure-acoustic,none,hardware,1,0,0,1,priority,0.000500,180,15,hybrid,0.050000,4000.000000,6.087000,52.000000,500.000000,500.000000,2.000000,120.000000,0.000000,190,126,190,0,190,19,45,126,0,0,0,0,0,0,0,0,0.000000,0.000000,0.000000,clear-ocean,30.000000,60.000000,0.151000,1727,5137239,1317.240769,6.903778,84,20,0,64,0,264,70,4,190,0,0,0,0,0,0,0,0,0,0,0,0,0,0,0,19,45,126,19,45,126,8.269188,15.386876,40.066412,0.000000,0.000000,0.000000,0,0,0,13189.979128,19.085744,133.097077,11320.596308,1392.764333,363.676609,10482.257981,0.000000,0.000000,12238.698923,13189.979128,951.280205,10.559261,2.757219,79.471377,0.000000,7.212143,15.695513,11.553566,3.593840,0.168973,7,0.000000,0,0,0,100.000000,4.850055,100.000000,31.041536,1326.094759,3056.935734,-0.000000,245.005859
19140.000000,pure-acoustic,none,hardware,1,0,0,1,priority,0.000500,180,15,hybrid,0.050000,4000.000000,6.087000,52.000000,500.000000,500.000000,2.000000,120.000000,0.000000,190,126,190,0,190,19,45,126,0,0,0,0,0,0,0,0,0.000000,0.000000,0.000000,clear-ocean,30.000000,60.000000,0.151000,1727,5137239,1317.240769,6.882136,84,20,0,64,0,264,70,4,190,0,0,0,0,0,0,0,0,0,0,0,0,0,0,0,19,45,126,19,45,126,8.269188,15.386876,40.066412,0.000000,0.000000,0.000000,0,0,0,13195.379128,19.085744,133.097077,11320.596308,1396.900503,364.710651,10482.487769,0.000000,0.000000,12244.098923,13195.379128,951.280205,10.586285,2.763927,79.440596,0.000000,7.209192,15.695513,11.553566,3.593840,0.168443,7,0.000000,0,0,0,100.000000,4.850055,100.000000,31.041536,1321.937722,3143.042450,-0.000000,321.291337
19200.000000,pure-acoustic,none,hardware,1,0,0,1,priority,0.000500,180,15,hybrid,0.050000,4000.000000,6.087000,52.000000,500.000000,500.000000,2.000000,120.000000,0.000000,190,126,190,0,190,19,45,126,0,0,0,0,0,0,0,0,0.000000,0.000000,0.000000,clear-ocean,30.000000,60.000000,0.151000,1727,5137239,1317.240769,6.860629,84,20,0,64,0,264,70,4,190,0,0,0,0,0,0,0,0,0,0,0,0,0,0,0,19,45,126,19,45,126,8.269188,15.386876,40.066412,0.000000,0.000000,0.000000,0,0,0,13200.779128,19.085744,133.097077,11320.596308,1401.036673,365.744694,10482.717556,0.000000,0.000000,12249.498923,13200.779128,951.280205,10.613288,2.770630,79.409840,0.000000,7.206243,15.695513,11.553566,3.593840,0.167917,7,0.000000,0,0,0,100.000000,4.850055,100.000000,31.041536,1317.806667,3229.149166,-0.000000,390.817035
19260.000000,pure-acoustic,none,hardware,1,0,0,1,priority,0.000500,180,15,hybrid,0.050000,4000.000000,6.087000,52.000000,500.000000,500.000000,2.000000,120.000000,0.000000,190,126,190,0,190,19,45,126,0,0,0,0,0,0,0,0,0.000000,0.000000,0.000000,clear-ocean,30.000000,60.000000,0.151000,1727,5137239,1317.240769,6.839256,84,20,0,64,0,264,70,4,190,0,0,0,0,0,0,0,0,0,0,0,0,0,0,0,19,45,126,19,45,126,8.269188,15.386876,40.066412,0.000000,0.000000,0.000000,0,0,0,13206.179128,19.085744,133.097077,11320.596308,1405.172843,366.778736,10482.947343,0.000000,0.000000,12254.898923,13206.179128,951.280205,10.640268,2.777327,79.379109,0.000000,7.203296,15.695513,11.553566,3.593840,0.167394,7,0.000000,0,0,0,100.000000,4.850055,100.000000,31.041536,1313.701350,3315.255882,-0.000000,446.990588
19320.000000,pure-acoustic,none,hardware,1,0,0,1,priority,0.000500,180,15,hybrid,0.050000,4000.000000,6.087000,52.000000,500.000000,500.000000,2.000000,120.000000,0.000000,190,126,190,0,190,19,45,126,0,0,0,0,0,0,0,0,0.000000,0.000000,0.000000,clear-ocean,30.000000,60.000000,0.151000,1727,5137239,1317.240769,6.818016,84,20,0,64,0,264,70,4,190,0,0,0,0,0,0,0,0,0,0,0,0,0,0,0,19,45,126,19,45,126,8.269188,15.386876,40.066412,0.000000,0.000000,0.000000,0,0,0,13211.579128,19.085744,133.097077,11320.596308,1409.309014,367.812779,10483.177130,0.000000,0.000000,12260.298923,13211.579128,951.280205,10.667226,2.784018,79.348404,0.000000,7.200352,15.695513,11.553566,3.593840,0.166874,7,0.000000,0,0,0,100.000000,4.850055,100.000000,31.041536,1309.621532,3401.362599,-0.000000,484.485669
19380.000000,pure-acoustic,none,hardware,1,0,0,1,priority,0.000500,180,15,hybrid,0.050000,4000.000000,6.087000,52.000000,500.000000,500.000000,2.000000,120.000000,0.000000,190,126,190,0,190,19,45,126,0,0,0,0,0,0,0,0,0.000000,0.000000,0.000000,clear-ocean,30.000000,60.000000,0.151000,1727,5137239,1317.240769,6.796908,84,20,0,64,0,264,70,4,190,0,0,0,0,0,0,0,0,0,0,0,0,0,0,0,19,45,126,19,45,126,8.269188,15.386876,40.066412,0.000000,0.000000,0.000000,0,0,0,13216.979128,19.085744,133.097077,11320.596308,1413.445184,368.846822,10483.406918,0.000000,0.000000,12265.698923,13216.979128,951.280205,10.694162,2.790704,79.317723,0.000000,7.197410,15.695513,11.553566,3.593840,0.166357,7,0.000000,0,0,0,100.000000,4.850055,100.000000,31.041536,1305.566976,3487.469315,-0.000000,499.747029
19440.000000,pure-acoustic,none,hardware,1,0,0,1,priority,0.000500,180,15,hybrid,0.050000,4000.000000,6.087000,52.000000,500.000000,500.000000,2.000000,120.000000,0.000000,190,126,190,0,190,19,45,126,0,0,0,0,0,0,0,0,0.000000,0.000000,0.000000,clear-ocean,30.000000,60.000000,0.151000,1727,5137239,1317.240769,6.775930,84,20,0,64,0,264,70,4,190,0,0,0,0,0,0,0,0,0,0,0,0,0,0,0,19,45,126,19,45,126,8.269188,15.386876,40.066412,0.000000,0.000000,0.000000,0,0,0,13222.379128,19.085744,133.097077,11320.596308,1417.581354,369.880864,10483.636705,0.000000,0.000000,12271.098923,13222.379128,951.280205,10.721076,2.797385,79.287068,0.000000,7.194471,15.695513,11.553566,3.593840,0.165844,7,0.000000,0,0,0,100.000000,4.850055,100.000000,31.041536,1301.537449,3573.576031,0.000000,491.327600
19500.000000,pure-acoustic,none,hardware,1,0,0,1,priority,0.000500,180,15,hybrid,0.050000,4000.000000,6.087000,52.000000,500.000000,500.000000,2.000000,120.000000,0.000000,190,126,190,0,190,19,45,126,0,0,0,0,0,0,0,0,0.000000,0.000000,0.000000,clear-ocean,30.000000,60.000000,0.151000,1727,5137239,1317.240769,6.755081,84,20,0,64,0,264,70,4,190,0,0,0,0,0,0,0,0,0,0,0,0,0,0,0,19,45,126,19,45,126,8.269188,15.386876,40.066412,0.000000,0.000000,0.000000,0,0,0,13227.779128,19.085744,133.097077,11320.596308,1421.717524,370.914907,10483.866492,0.000000,0.000000,12276.498923,13227.779128,951.280205,10.747968,2.804060,79.256437,0.000000,7.191534,15.695513,11.553566,3.593840,0.165333,7,0.000000,0,0,0,100.000000,4.850055,100.000000,31.041536,1297.532718,3659.682747,0.000000,460.025703
19560.000000,pure-acoustic,none,hardware,1,0,0,1,priority,0.000500,180,15,hybrid,0.050000,4000.000000,6.087000,52.000000,500.000000,500.000000,2.000000,120.000000,0.000000,190,126,190,0,190,19,45,126,0,0,0,0,0,0,0,0,0.000000,0.000000,0.000000,clear-ocean,30.000000,60.000000,0.151000,1727,5137239,1317.240769,6.734360,84,20,0,64,0,264,70,4,190,0,0,0,0,0,0,0,0,0,0,0,0,0,0,0,19,45,126,19,45,126,8.269188,15.386876,40.066412,0.000000,0.000000,0.000000,0,0,0,13233.179128,19.085744,133.097077,11320.596308,1425.853694,371.948949,10484.096279,0.000000,0.000000,12281.898923,13233.179128,951.280205,10.774839,2.810730,79.225832,0.000000,7.188599,15.695513,11.553566,3.593840,0.164826,7,0.000000,0,0,0,100.000000,4.850055,100.000000,31.041536,1293.552556,3745.789463,0.000000,408.809357
19620.000000,pure-acoustic,none,hardware,1,0,0,1,priority,0.000500,180,15,hybrid,0.050000,4000.000000,6.087000,52.000000,500.000000,500.000000,2.000000,120.000000,0.000000,190,126,190,0,190,19,45,126,0,0,0,0,0,0,0,0,0.000000,0.000000,0.000000,clear-ocean,30.000000,60.000000,0.151000,1727,5137239,1317.240769,6.713765,84,20,0,64,0,264,70,4,190,0,0,0,0,0,0,0,0,0,0,0,0,0,0,0,19,45,126,19,45,126,8.269188,15.386876,40.066412,0.000000,0.000000,0.000000,0,0,0,13238.579128,19.085744,133.097077,11320.596308,1429.989865,372.982992,10484.326067,0.000000,0.000000,12287.298923,13238.579128,951.280205,10.801687,2.817394,79.195252,0.000000,7.185667,15.695513,11.553566,3.593840,0.164322,7,0.000000,0,0,0,100.000000,4.850055,100.000000,31.041536,1289.596738,3831.896179,0.000000,342.534849
19680.000000,pure-acoustic,none,hardware,1,0,0,1,priority,0.000500,180,15,hybrid,0.050000,4000.000000,6.087000,52.000000,500.000000,500.000000,2.000000,120.000000,0.000000,190,126,190,0,190,19,45,126,0,0,0,0,0,0,0,0,0.000000,0.000000,0.000000,clear-ocean,30.000000,60.000000,0.151000,1727,5137239,1317.240769,6.693297,84,20,0,64,0,264,70,4,190,0,0,0,0,0,0,0,0,0,0,0,0,0,0,0,19,45,126,19,45,126,8.269188,15.386876,40.066412,0.000000,0.000000,0.000000,0,0,0,13243.979128,19.085744,133.097077,11320.596308,1434.126035,374.017034,10484.555854,0.000000,0.000000,12292.698923,13243.979128,951.280205,10.828513,2.824053,79.164696,0.000000,7.182737,15.695513,11.553566,3.593840,0.163821,7,0.000000,0,0,0,100.000000,4.850055,100.000000,31.041536,1285.665041,3918.002895,0.000000,267.486271
19740.000000,pure-acoustic,none,hardware,1,0,0,1,priority,0.000500,180,15,hybrid,0.050000,4000.000000,6.087000,52.000000,500.000000,500.000000,2.000000,120.000000,0.000000,190,126,190,0,190,19,45,126,0,0,0,0,0,0,0,0,0.000000,0.000000,0.000000,clear-ocean,30.000000,60.000000,0.151000,1727,5137239,1317.240769,6.672952,84,20,0,64,0,264,70,4,190,0,0,0,0,0,0,0,0,0,0,0,0,0,0,0,19,45,126,19,45,126,8.269188,15.386876,40.066412,0.000000,0.000000,0.000000,0,0,0,13249.379128,19.085744,133.097077,11320.596308,1438.262205,375.051077,10484.785641,0.000000,0.000000,12298.098923,13249.379128,951.280205,10.855318,2.830707,79.134166,0.000000,7.179810,15.695513,11.553566,3.593840,0.163323,7,0.000000,0,0,0,100.000000,4.850055,100.000000,31.041536,1281.757244,4004.109612,0.000000,190.779659
19800.000000,pure-acoustic,none,hardware,1,0,0,1,priority,0.000500,180,15,hybrid,0.050000,4000.000000,6.087000,52.000000,500.000000,500.000000,2.000000,120.000000,0.000000,190,126,190,0,190,19,45,126,0,0,0,0,0,0,0,0,0.000000,0.000000,0.000000,clear-ocean,30.000000,60.000000,0.151000,1727,5137239,1317.240769,6.652731,84,20,0,64,0,264,70,4,190,0,0,0,0,0,0,0,0,0,0,0,0,0,0,0,19,45,126,19,45,126,8.269188,15.386876,40.066412,0.000000,0.000000,0.000000,0,0,0,13254.779128,19.085744,133.097077,11320.596308,1442.398375,376.085119,10485.015428,0.000000,0.000000,12303.498923,13254.779128,951.280205,10.882100,2.837355,79.103660,0.000000,7.176885,15.695513,11.553566,3.593840,0.162828,7,0.000000,0,0,0,100.000000,4.850055,100.000000,31.041536,1277.873131,4090.216328,0.000000,119.688268
19860.000000,pure-acoustic,none,hardware,1,0,0,1,priority,0.000500,180,15,hybrid,0.050000,4000.000000,6.087000,52.000000,500.000000,500.000000,2.000000,120.000000,0.000000,190,126,190,0,190,19,45,126,0,0,0,0,0,0,0,0,0.000000,0.000000,0.000000,clear-ocean,30.000000,60.000000,0.151000,1727,5137239,1317.240769,6.632632,84,20,0,64,0,264,70,4,190,0,0,0,0,0,0,0,0,0,0,0,0,0,0,0,19,45,126,19,45,126,8.269188,15.386876,40.066412,0.000000,0.000000,0.000000,0,0,0,13260.179128,19.085744,133.097077,11320.596308,1446.534546,377.119162,10485.245215,0.000000,0.000000,12308.898923,13260.179128,951.280205,10.908861,2.843997,79.073179,0.000000,7.173962,15.695513,11.553566,3.593840,0.162336,7,0.000000,0,0,0,100.000000,4.850055,100.000000,31.041536,1274.012487,4176.323044,0.000000,60.952918
19920.000000,pure-acoustic,none,hardware,1,0,0,1,priority,0.000500,180,15,hybrid,0.050000,4000.000000,6.087000,52.000000,500.000000,500.000000,2.000000,120.000000,0.000000,190,126,190,0,190,19,45,126,0,0,0,0,0,0,0,0,0.000000,0.000000,0.000000,clear-ocean,30.000000,60.000000,0.151000,1727,5137239,1317.240769,6.612654,84,20,0,64,0,264,70,4,190,0,0,0,0,0,0,0,0,0,0,0,0,0,0,0,19,45,126,19,45,126,8.269188,15.386876,40.066412,0.000000,0.000000,0.000000,0,0,0,13265.579128,19.085744,133.097077,11320.596308,1450.670716,378.153205,10485.475003,0.000000,0.000000,12314.298923,13265.579128,951.280205,10.935600,2.850635,79.042723,0.000000,7.171042,15.695513,11.553566,3.593840,0.161847,7,0.000000,0,0,0,100.000000,4.850055,100.000000,31.041536,1270.175100,4262.429760,0.000000,20.142843
19980.000000,pure-acoustic,none,hardware,1,0,0,1,priority,0.000500,180,15,hybrid,0.050000,4000.000000,6.087000,52.000000,500.000000,500.000000,2.000000,120.000000,0.000000,190,126,190,0,190,19,45,126,0,0,0,0,0,0,0,0,0.000000,0.000000,0.000000,clear-ocean,30.000000,60.000000,0.151000,1727,5137239,1317.240769,6.592797,84,20,0,64,0,264,70,4,190,0,0,0,0,0,0,0,0,0,0,0,0,0,0,0,19,45,126,19,45,126,8.269188,15.386876,40.066412,0.000000,0.000000,0.000000,0,0,0,13270.979128,19.085744,133.097077,11320.596308,1454.806886,379.187247,10485.704790,0.000000,0.000000,12319.698923,13270.979128,951.280205,10.962318,2.857267,79.012292,0.000000,7.168124,15.695513,11.553566,3.593840,0.161361,7,0.000000,0,0,0,100.000000,4.850055,100.000000,31.041536,1266.360761,4348.536476,0.000000,1.127619
20040.000000,pure-acoustic,none,hardware,1,0,0,1,priority,0.000500,180,15,hybrid,0.050000,4000.000000,6.087000,52.000000,500.000000,500.000000,2.000000,120.000000,0.000000,190,126,190,0,190,19,45,126,0,0,0,0,0,0,0,0,0.000000,0.000000,0.000000,clear-ocean,30.000000,60.000000,0.151000,1727,5137239,1317.240769,6.573058,84,20,0,64,0,264,70,4,190,0,0,0,0,0,0,0,0,0,0,0,0,0,0,0,19,45,126,19,45,126,8.269188,15.386876,40.066412,0.000000,0.000000,0.000000,0,0,0,13276.379128,19.085744,133.097077,11320.596308,1458.943056,380.221290,10485.934577,0.000000,0.000000,12325.098923,13276.379128,951.280205,10.989013,2.863893,78.981886,0.000000,7.165208,15.695513,11.553566,3.593840,0.160878,7,0.000000,0,0,0,100.000000,4.850055,100.000000,31.041536,1262.569261,4434.643192,-0.000000,5.710250
20100.000000,pure-acoustic,none,hardware,1,0,0,1,priority,0.000500,180,15,hybrid,0.050000,4000.000000,6.087000,52.000000,500.000000,500.000000,2.000000,120.000000,0.000000,190,126,190,0,190,19,45,126,0,0,0,0,0,0,0,0,0.000000,0.000000,0.000000,clear-ocean,30.000000,60.000000,0.151000,1727,5137239,1317.240769,6.553437,84,20,0,64,0,264,70,4,190,0,0,0,0,0,0,0,0,0,0,0,0,0,0,0,19,45,126,19,45,126,8.269188,15.386876,40.066412,0.000000,0.000000,0.000000,0,0,0,13281.779128,19.085744,133.097077,11320.596308,1463.079226,381.255332,10486.164364,0.000000,0.000000,12330.498923,13281.779128,951.280205,11.015687,2.870514,78.951504,0.000000,7.162295,15.695513,11.553566,3.593840,0.160398,7,0.000000,0,0,0,100.000000,4.850055,100.000000,31.041536,1258.800398,4520.749908,-0.000000,33.456218
20160.000000,pure-acoustic,none,hardware,1,0,0,1,priority,0.000500,180,15,hybrid,0.050000,4000.000000,6.087000,52.000000,500.000000,500.000000,2.000000,120.000000,0.000000,190,126,190,0,190,19,45,126,0,0,0,0,0,0,0,0,0.000000,0.000000,0.000000,clear-ocean,30.000000,60.000000,0.151000,1727,5137239,1317.240769,6.533932,84,20,0,64,0,264,70,4,190,0,0,0,0,0,0,0,0,0,0,0,0,0,0,0,19,45,126,19,45,126,8.269188,15.386876,40.066412,0.000000,0.000000,0.000000,0,0,0,13287.179128,19.085744,133.097077,11320.596308,1467.215397,382.289375,10486.394152,0.000000,0.000000,12335.898923,13287.179128,951.280205,11.042339,2.877130,78.921147,0.000000,7.159384,15.695513,11.553566,3.593840,0.159921,7,0.000000,0,0,0,100.000000,4.850055,100.000000,31.041536,1255.053968,4606.856625,-0.000000,81.734673
20220.000000,pure-acoustic,none,hardware,1,0,0,1,priority,0.000500,180,15,hybrid,0.050000,4000.000000,6.087000,52.000000,500.000000,500.000000,2.000000,120.000000,0.000000,190,126,190,0,190,19,45,126,0,0,0,0,0,0,0,0,0.000000,0.000000,0.000000,clear-ocean,30.000000,60.000000,0.151000,1727,5137239,1317.240769,6.514544,84,20,0,64,0,264,70,4,190,0,0,0,0,0,0,0,0,0,0,0,0,0,0,0,19,45,126,19,45,126,8.269188,15.386876,40.066412,0.000000,0.000000,0.000000,0,0,0,13292.579128,19.085744,133.097077,11320.596308,1471.351567,383.323417,10486.623939,0.000000,0.000000,12341.298923,13292.579128,951.280205,11.068970,2.883740,78.890814,0.000000,7.156476,15.695513,11.553566,3.593840,0.159446,7,0.000000,0,0,0,100.000000,4.850055,100.000000,31.041536,1251.329773,4692.963341,-0.000000,145.967895
20280.000000,pure-acoustic,none,hardware,1,0,0,1,priority,0.000500,180,15,hybrid,0.050000,4000.000000,6.087000,52.000000,500.000000,500.000000,2.000000,120.000000,0.000000,190,126,190,0,190,19,45,126,0,0,0,0,0,0,0,0,0.000000,0.000000,0.000000,clear-ocean,30.000000,60.000000,0.151000,1727,5137239,1317.240769,6.495270,84,20,0,64,0,264,70,4,190,0,0,0,0,0,0,0,0,0,0,0,0,0,0,0,19,45,126,19,45,126,8.269188,15.386876,40.066412,0.000000,0.000000,0.000000,0,0,0,13297.979128,19.085744,133.097077,11320.596308,1475.487737,384.357460,10486.853726,0.000000,0.000000,12346.698923,13297.979128,951.280205,11.095579,2.890345,78.860507,0.000000,7.153570,15.695513,11.553566,3.593840,0.158974,7,0.000000,0,0,0,100.000000,4.850055,100.000000,31.041536,1247.627613,4779.070057,-0.000000,220.065349
20340.000000,pure-acoustic,none,hardware,1,0,0,1,priority,0.000500,180,15,hybrid,0.050000,4000.000000,6.087000,52.000000,500.000000,500.000000,2.000000,120.000000,0.000000,190,126,190,0,190,19,45,126,0,0,0,0,0,0,0,0,0.000000,0.000000,0.000000,clear-ocean,30.000000,60.000000,0.151000,1727,5137239,1317.240769,6.476110,84,20,0,64,0,264,70,4,190,0,0,0,0,0,0,0,0,0,0,0,0,0,0,0,19,45,126,19,45,126,8.269188,15.386876,40.066412,0.000000,0.000000,0.000000,0,0,0,13303.379128,19.085744,133.097077,11320.596308,1479.623907,385.391502,10487.083513,0.000000,0.000000,12352.098923,13303.379128,951.280205,11.122166,2.896944,78.830224,0.000000,7.150666,15.695513,11.553566,3.593840,0.158505,7,0.000000,0,0,0,100.000000,4.850055,100.000000,31.041536,1243.947296,4865.176773,-0.000000,297.001180
20400.000000,pure-acoustic,none,hardware,1,0,0,1,priority,0.000500,180,15,hybrid,0.050000,4000.000000,6.087000,52.000000,500.000000,500.000000,2.000000,120.000000,0.000000,190,126,190,0,190,19,45,126,0,0,0,0,0,0,0,0,0.000000,0.000000,0.000000,clear-ocean,30.000000,60.000000,0.151000,1727,5137239,1317.240769,6.457063,84,20,0,64,0,264,70,4,190,0,0,0,0,0,0,0,0,0,0,0,0,0,0,0,19,45,126,19,45,126,8.269188,15.386876,40.066412,0.000000,0.000000,0.000000,0,0,0,13308.779128,19.085744,133.097077,11320.596308,1483.760077,386.425545,10487.313301,0.000000,0.000000,12357.498923,13308.779128,951.280205,11.148732,2.903539,78.799965,0.000000,7.147765,15.695513,11.553566,3.593840,0.158039,7,0.000000,0,0,0,100.000000,4.850055,100.000000,31.041536,1240.288627,4951.283489,-0.000000,369.480401
20460.000000,pure-acoustic,none,hardware,1,0,0,1,priority,0.000500,180,15,hybrid,0.050000,4000.000000,6.087000,52.000000,500.000000,500.000000,2.000000,120.000000,0.000000,190,126,190,0,190,19,45,126,0,0,0,0,0,0,0,0,0.000000,0.000000,0.000000,clear-ocean,30.000000,60.000000,0.151000,1727,5137239,1317.240769,6.438127,84,20,0,64,0,264,70,4,190,0,0,0,0,0,0,0,0,0,0,0,0,0,0,0,19,45,126,19,45,126,8.269188,15.386876,40.066412,0.000000,0.000000,0.000000,0,0,0,13314.179128,19.085744,133.097077,11320.596308,1487.896248,387.459588,10487.543088,0.000000,0.000000,12362.898923,13314.179128,951.280205,11.175276,2.910127,78.769731,0.000000,7.144866,15.695513,11.553566,3.593840,0.157576,7,0.000000,0,0,0,100.000000,4.850055,100.000000,31.041536,1236.651417,5037.390205,-0.000000,430.630597
20520.000000,pure-acoustic,none,hardware,1,0,0,1,priority,0.000500,180,15,hybrid,0.050000,4000.000000,6.087000,52.000000,500.000000,500.000000,2.000000,120.000000,0.000000,190,126,190,0,190,19,45,126,0,0,0,0,0,0,0,0,0.000000,0.000000,0.000000,clear-ocean,30.000000,60.000000,0.151000,1727,5137239,1317.240769,6.419302,84,20,0,64,0,264,70,4,190,0,0,0,0,0,0,0,0,0,0,0,0,0,0,0,19,45,126,19,45,126,8.269188,15.386876,40.066412,0.000000,0.000000,0.000000,0,0,0,13319.579128,19.085744,133.097077,11320.596308,1492.032418,388.493630,10487.772875,0.000000,0.000000,12368.298923,13319.579128,951.280205,11.201799,2.916711,78.739522,0.000000,7.141969,15.695513,11.553566,3.593840,0.157115,7,0.000000,0,0,0,100.000000,4.850055,100.000000,31.041536,1233.035478,5123.496921,-0.000000,474.653561
20580.000000,pure-acoustic,none,hardware,1,0,0,1,priority,0.000500,180,15,hybrid,0.050000,4000.000000,6.087000,52.000000,500.000000,500.000000,2.000000,120.000000,0.000000,190,126,190,0,190,19,45,126,0,0,0,0,0,0,0,0,0.000000,0.000000,0.000000,clear-ocean,30.000000,60.000000,0.151000,1727,5137239,1317.240769,6.400587,84,20,0,64,0,264,70,4,190,0,0,0,0,0,0,0,0,0,0,0,0,0,0,0,19,45,126,19,45,126,8.269188,15.386876,40.066412,0.000000,0.000000,0.000000,0,0,0,13324.979128,19.085744,133.097077,11320.596308,1496.168588,389.527673,10488.002662,0.000000,0.000000,12373.698923,13324.979128,951.280205,11.228300,2.923289,78.709337,0.000000,7.139075,15.695513,11.553566,3.593840,0.156657,7,0.000000,0,0,0,100.000000,4.850055,100.000000,31.041536,1229.440622,5209.603638,-0.000000,497.375076
20640.000000,pure-acoustic,none,hardware,1,0,0,1,priority,0.000500,180,15,hybrid,0.050000,4000.000000,6.087000,52.000000,500.000000,500.000000,2.000000,120.000000,0.000000,190,126,190,0,190,19,45,126,0,0,0,0,0,0,0,0,0.000000,0.000000,0.000000,clear-ocean,30.000000,60.000000,0.151000,1727,5137239,1317.240769,6.381980,84,20,0,64,0,264,70,4,190,0,0,0,0,0,0,0,0,0,0,0,0,0,0,0,19,45,126,19,45,126,8.269188,15.386876,40.066412,0.000000,0.000000,0.000000,0,0,0,13330.379128,19.085744,133.097077,11320.596308,1500.304758,390.561715,10488.232450,0.000000,0.000000,12379.098923,13330.379128,951.280205,11.254779,2.929862,78.679176,0.000000,7.136183,15.695513,11.553566,3.593840,0.156202,7,0.000000,0,0,0,100.000000,4.850055,100.000000,31.041536,1225.866667,5295.710354,0.000000,496.640708
20700.000000,pure-acoustic,none,hardware,1,0,0,1,priority,0.000500,180,15,hybrid,0.050000,4000.000000,6.087000,52.000000,500.000000,500.000000,2.000000,120.000000,0.000000,190,126,190,0,190,19,45,126,0,0,0,0,0,0,0,0,0.000000,0.000000,0.000000,clear-ocean,30.000000,60.000000,0.151000,1727,5137239,1317.240769,6.363482,84,20,0,64,0,264,70,4,190,0,0,0,0,0,0,0,0,0,0,0,0,0,0,0,19,45,126,19,45,126,8.269188,15.386876,40.066412,0.000000,0.000000,0.000000,0,0,0,13335.779128,19.085744,133.097077,11320.596308,1504.440929,391.595758,10488.462237,0.000000,0.000000,12384.498923,13335.779128,951.280205,11.281238,2.936430,78.649040,0.000000,7.133293,15.695513,11.553566,3.593840,0.155749,7,0.000000,0,0,0,100.000000,4.850055,100.000000,31.041536,1222.313430,5381.817070,0.000000,472.520088
20760.000000,pure-acoustic,none,hardware,1,0,0,1,priority,0.000500,180,15,hybrid,0.050000,4000.000000,6.087000,52.000000,500.000000,500.000000,2.000000,120.000000,0.000000,190,126,190,0,190,19,45,126,0,0,0,0,0,0,0,0,0.000000,0.000000,0.000000,clear-ocean,30.000000,60.000000,0.151000,1727,5137239,1317.240769,6.345090,84,20,0,64,0,264,70,4,190,0,0,0,0,0,0,0,0,0,0,0,0,0,0,0,19,45,126,19,45,126,8.269188,15.386876,40.066412,0.000000,0.000000,0.000000,0,0,0,13341.179128,19.085744,133.097077,11320.596308,1508.577099,392.629800,10488.692024,0.000000,0.000000,12389.898923,13341.179128,951.280205,11.307674,2.942992,78.618928,0.000000,7.130406,15.695513,11.553566,3.593840,0.155299,7,0.000000,0,0,0,100.000000,4.850055,100.000000,31.041536,1218.780732,5467.923786,0.000000,427.300313
20820.000000,pure-acoustic,none,hardware,1,0,0,1,priority,0.000500,180,15,hybrid,0.050000,4000.000000,6.087000,52.000000,500.000000,500.000000,2.000000,120.000000,0.000000,190,126,190,0,190,19,45,126,0,0,0,0,0,0,0,0,0.000000,0.000000,0.000000,clear-ocean,30.000000,60.000000,0.151000,1727,5137239,1317.240769,6.326805,84,20,0,64,0,264,70,4,190,0,0,0,0,0,0,0,0,0,0,0,0,0,0,0,19,45,126,19,45,126,8.269188,15.386876,40.066412,0.000000,0.000000,0.000000,0,0,0,13346.579128,19.085744,133.097077,11320.596308,1512.713269,393.663843,10488.921811,0.000000,0.000000,12395.298923,13346.579128,951.280205,11.334090,2.949549,78.588841,0.000000,7.127521,15.695513,11.553566,3.593840,0.154851,7,0.000000,0,0,0,100.000000,4.850055,100.000000,31.041536,1215.268396,5554.030502,0.000000,365.269080
20880.000000,pure-acoustic,none,hardware,1,0,0,1,priority,0.000500,180,15,hybrid,0.050000,4000.000000,6.087000,52.000000,500.000000,500.000000,2.000000,120.000000,0.000000,190,126,190,0,190,19,45,126,0,0,0,0,0,0,0,0,0.000000,0.000000,0.000000,clear-ocean,30.000000,60.000000,0.151000,1727,5137239,1317.240769,6.308624,84,20,0,64,0,264,70,4,190,0,0,0,0,0,0,0,0,0,0,0,0,0,0,0,19,45,126,19,45,126,8.269188,15.386876,40.066412,0.000000,0.000000,0.000000,0,0,0,13351.979128,19.085744,133.097077,11320.596308,1516.849439,394.697885,10489.151598,0.000000,0.000000,12400.698923,13351.979128,951.280205,11.360484,2.956100,78.558778,0.000000,7.124638,15.695513,11.553566,3.593840,0.154406,7,0.000000,0,0,0,100.000000,4.850055,100.000000,31.041536,1211.776245,5640.137218,0.000000,292.308137
20940.000000,pure-acoustic,none,hardware,1,0,0,1,priority,0.000500,180,15,hybrid,0.050000,4000.000000,6.087000,52.000000,500.000000,500.000000,2.000000,120.000000,0.000000,190,126,190,0,190,19,45,126,0,0,0,0,0,0,0,0,0.000000,0.000000,0.000000,clear-ocean,30.000000,60.000000,0.151000,1727,5137239,1317.240769,6.290548,84,20,0,64,0,264,70,4,190,0,0,0,0,0,0,0,0,0,0,0,0,0,0,0,19,45,126,19,45,126,8.269188,15.386876,40.066412,0.000000,0.000000,0.000000,0,0,0,13357.379128,19.085744,133.097077,11320.596308,1520.985609,395.731928,10489.381386,0.000000,0.000000,12406.098923,13357.379128,951.280205,11.386857,2.962647,78.528739,0.000000,7.121758,15.695513,11.553566,3.593840,0.153964,7,0.000000,0,0,0,100.000000,4.850055,100.000000,31.041536,1208.304107,5726.243934,0.000000,215.335574
21000.000000,pure-acoustic,none,hardware,1,0,0,1,priority,0.000500,180,15,hybrid,0.050000,4000.000000,6.087000,52.000000,500.000000,500.000000,2.000000,120.000000,0.000000,190,126,190,0,190,19,45,126,0,0,0,0,0,0,0,0,0.000000,0.000000,0.000000,clear-ocean,30.000000,60.000000,0.151000,1727,5137239,1317.240769,6.272575,84,20,0,64,0,264,70,4,190,0,0,0,0,0,0,0,0,0,0,0,0,0,0,0,19,45,126,19,45,126,8.269188,15.386876,40.066412,0.000000,0.000000,0.000000,0,0,0,13362.779128,19.085744,133.097077,11320.596308,1525.121780,396.765971,10489.611173,0.000000,0.000000,12411.498923,13362.779128,951.280205,11.413208,2.969188,78.498724,0.000000,7.118880,15.695513,11.553566,3.593840,0.153524,7,0.000000,0,0,0,100.000000,4.850055,100.000000,31.041536,1204.851810,5812.350651,0.000000,141.649861
21060.000000,pure-acoustic,none,hardware,1,0,0,1,priority,0.000500,180,15,hybrid,0.050000,4000.000000,6.087000,52.000000,500.000000,500.000000,2.000000,120.000000,0.000000,190,126,190,0,190,19,45,126,0,0,0,0,0,0,0,0,0.000000,0.000000,0.000000,clear-ocean,30.000000,60.000000,0.151000,1727,5137239,1317.240769,6.254705,84,20,0,64,0,264,70,4,190,0,0,0,0,0,0,0,0,0,0,0,0,0,0,0,19,45,126,19,45,126,8.269188,15.386876,40.066412,0.000000,0.000000,0.000000,0,0,0,13368.179128,19.085744,133.097077,11320.596308,1529.257950,397.800013,10489.840960,0.000000,0.000000,12416.898923,13368.179128,951.280205,11.439538,2.975723,78.468734,0.000000,7.116004,15.695513,11.553566,3.593840,0.153086,7,0.000000,0,0,0,100.000000,4.850055,100.000000,31.041536,1201.419183,5898.457367,0.000000,78.237811
21120.000000,pure-acoustic,none,hardware,1,0,0,1,priority,0.000500,180,15,hybrid,0.050000,4000.000000,6.087000,52.000000,500.000000,500.000000,2.000000,120.000000,0.000000,190,126,190,0,190,19,45,126,0,0,0,0,0,0,0,0,0.000000,0.000000,0.000000,clear-ocean,30.000000,60.000000,0.151000,1727,5137239,1317.240769,6.236935,84,20,0,64,0,264,70,4,190,0,0,0,0,0,0,0,0,0,0,0,0,0,0,0,19,45,126,19,45,126,8.269188,15.386876,40.066412,0.000000,0.000000,0.000000,0,0,0,13373.579128,19.085744,133.097077,11320.596308,1533.394120,398.834056,10490.070747,0.000000,0.000000,12422.298923,13373.579128,951.280205,11.465847,2.982254,78.438768,0.000000,7.113131,15.695513,11.553566,3.593840,0.152652,7,0.000000,0,0,0,100.000000,4.850055,100.000000,31.041536,1198.006061,5984.564083,0.000000,31.112098
21180.000000,pure-acoustic,none,hardware,1,0,0,1,priority,0.000500,180,15,hybrid,0.050000,4000.000000,6.087000,52.000000,500.000000,500.000000,2.000000,120.000000,0.000000,190,126,190,0,190,19,45,126,0,0,0,0,0,0,0,0,0.000000,0.000000,0.000000,clear-ocean,30.000000,60.000000,0.151000,1727,5137239,1317.240769,6.219267,84,20,0,64,0,264,70,4,190,0,0,0,0,0,0,0,0,0,0,0,0,0,0,0,19,45,126,19,45,126,8.269188,15.386876,40.066412,0.000000,0.000000,0.000000,0,0,0,13378.979128,19.085744,133.097077,11320.596308,1537.530290,399.868098,10490.300535,0.000000,0.000000,12427.698923,13378.979128,951.280205,11.492135,2.988779,78.408827,0.000000,7.110260,15.695513,11.553566,3.593840,0.152219,7,0.000000,0,0,0,100.000000,4.850055,100.000000,31.041536,1194.612276,6070.670799,0.000000,4.741140
21240.000000,pure-acoustic,none,hardware,1,0,0,1,priority,0.000500,180,15,hybrid,0.050000,4000.000000,6.087000,52.000000,500.000000,500.000000,2.000000,120.000000,0.000000,190,126,190,0,190,19,45,126,0,0,0,0,0,0,0,0,0.000000,0.000000,0.000000,clear-ocean,30.000000,60.000000,0.151000,1727,5137239,1317.240769,6.201699,84,20,0,64,0,264,70,4,190,0,0,0,0,0,0,0,0,0,0,0,0,0,0,0,19,45,126,19,45,126,8.269188,15.386876,40.066412,0.000000,0.000000,0.000000,0,0,0,13384.379128,19.085744,133.097077,11320.596308,1541.666460,400.902141,10490.530322,0.000000,0.000000,12433.098923,13384.379128,951.280205,11.518401,2.995299,78.378909,0.000000,7.107391,15.695513,11.553566,3.593840,0.151789,7,0.000000,0,0,0,100.000000,4.850055,100.000000,31.041536,1191.237665,6156.777515,-0.000000,1.625408
21300.000000,pure-acoustic,none,hardware,1,0,0,1,priority,0.000500,180,15,hybrid,0.050000,4000.000000,6.087000,52.000000,500.000000,500.000000,2.000000,120.000000,0.000000,190,126,190,0,190,19,45,126,0,0,0,0,0,0,0,0,0.000000,0.000000,0.000000,clear-ocean,30.000000,60.000000,0.151000,1727,5137239,1317.240769,6.184229,84,20,0,64,0,264,70,4,190,0,0,0,0,0,0,0,0,0,0,0,0,0,0,0,19,45,126,19,45,126,8.269188,15.386876,40.066412,0.000000,0.000000,0.000000,0,0,0,13389.779128,19.085744,133.097077,11320.596308,1545.802631,401.936183,10490.760109,0.000000,0.000000,12438.498923,13389.779128,951.280205,11.544646,3.001813,78.349015,0.000000,7.104525,15.695513,11.553566,3.593840,0.151362,7,0.000000,0,0,0,100.000000,4.850055,100.000000,31.041536,1187.882066,6242.884231,-0.000000,22.060332
21360.000000,pure-acoustic,none,hardware,1,0,0,1,priority,0.000500,180,15,hybrid,0.050000,4000.000000,6.087000,52.000000,500.000000,500.000000,2.000000,120.000000,0.000000,190,126,190,0,190,19,45,126,0,0,0,0,0,0,0,0,0.000000,0.000000,0.000000,clear-ocean,30.000000,60.000000,0.151000,1727,5137239,1317.240769,6.166858,84,20,0,64,0,264,70,4,190,0,0,0,0,0,0,0,0,0,0,0,0,0,0,0,19,45,126,19,45,126,8.269188,15.386876,40.066412,0.000000,0.000000,0.000000,0,0,0,13395.179128,19.085744,133.097077,11320.596308,1549.938801,402.970226,10490.989896,0.000000,0.000000,12443.898923,13395.179128,951.280205,11.570870,3.008323,78.319146,0.000000,7.101661,15.695513,11.553566,3.593840,0.150936,7,0.000000,0,0,0,100.000000,4.850055,100.000000,31.041536,1184.545318,6328.990947,-0.000000,64.108292
21420.000000,pure-acoustic,none,hardware,1,0,0,1,priority,0.000500,180,15,hybrid,0.050000,4000.000000,6.087000,52.000000,500.000000,500.000000,2.000000,120.000000,0.000000,190,126,190,0,190,19,45,126,0,0,0,0,0,0,0,0,0.000000,0.000000,0.000000,clear-ocean,30.000000,60.000000,0.151000,1727,5137239,1317.240769,6.149583,84,20,0,64,0,264,70,4,190,0,0,0,0,0,0,0,0,0,0,0,0,0,0,0,19,45,126,19,45,126,8.269188,15.386876,40.066412,0.000000,0.000000,0.000000,0,0,0,13400.579128,19.085744,133.097077,11320.596308,1554.074971,404.004268,10491.219684,0.000000,0.000000,12449.298923,13400.579128,951.280205,11.597073,3.014827,78.289301,0.000000,7.098799,15.695513,11.553566,3.593840,0.150514,7,0.000000,0,0,0,100.000000,4.850055,100.000000,31.041536,1181.227264,6415.097664,-0.000000,123.782337
21480.000000,pure-acoustic,none,hardware,1,0,0,1,priority,0.000500,180,15,hybrid,0.050000,4000.000000,6.087000,52.000000,500.000000,500.000000,2.000000,120.000000,0.000000,190,126,190,0,190,19,45,126,0,0,0,0,0,0,0,0,0.000000,0.000000,0.000000,clear-ocean,30.000000,60.000000,0.151000,1727,5137239,1317.240769,6.132406,84,20,0,64,0,264,70,4,190,0,0,0,0,0,0,0,0,0,0,0,0,0,0,0,19,45,126,19,45,126,8.269188,15.386876,40.066412,0.000000,0.000000,0.000000,0,0,0,13405.979128,19.085744,133.097077,11320.596308,1558.211141,405.038311,10491.449471,0.000000,0.000000,12454.698923,13405.979128,951.280205,11.623255,3.021326,78.259479,0.000000,7.095940,15.695513,11.553566,3.593840,0.150093,7,0.000000,0,0,0,100.000000,4.850055,100.000000,31.041536,1177.927747,6501.204380,-0.000000,195.424228
21540.000000,pure-acoustic,none,hardware,1,0,0,1,priority,0.000500,180,15,hybrid,0.050000,4000.000000,6.087000,52.000000,500.000000,500.000000,2.000000,120.000000,0.000000,190,126,190,0,190,19,45,126,0,0,0,0,0,0,0,0,0.000000,0.000000,0.000000,clear-ocean,30.000000,60.000000,0.151000,1727,5137239,1317.240769,6.115324,84,20,0,64,0,264,70,4,190,0,0,0,0,0,0,0,0,0,0,0,0,0,0,0,19,45,126,19,45,126,8.269188,15.386876,40.066412,0.000000,0.000000,0.000000,0,0,0,13411.379128,19.085744,133.097077,11320.596308,1562.347312,406.072354,10491.679258,0.000000,0.000000,12460.098923,13411.379128,951.280205,11.649416,3.027820,78.229682,0.000000,7.093083,15.695513,11.553566,3.593840,0.149675,7,0.000000,0,0,0,100.000000,4.850055,100.000000,31.041536,1174.646611,6587.311096,-0.000000,272.240945
21600.000000,pure-acoustic,none,hardware,1,0,0,1,priority,0.000500,180,15,hybrid,0.050000,4000.000000,6.087000,52.000000,500.000000,500.000000,2.000000,120.000000,0.000000,190,126,190,0,190,19,45,126,0,0,0,0,0,0,0,0,0.000000,0.000000,0.000000,clear-ocean,30.000000,60.000000,0.151000,1727,5137239,1317.240769,6.098337,84,20,0,64,0,264,70,4,190,0,0,0,0,0,0,0,0,0,0,0,0,0,0,0,19,45,126,19,45,126,8.269188,15.386876,40.066412,0.000000,0.000000,0.000000,0,0,0,13416.779128,19.085744,133.097077,11320.596308,1566.483482,407.106396,10491.909045,0.000000,0.000000,12465.498923,13416.779128,951.280205,11.675555,3.034308,78.199909,0.000000,7.090228,15.695513,11.553566,3.593840,0.149259,7,0.000000,0,0,0,100.000000,4.850055,100.000000,31.041536,1171.383704,6673.417812,-0.000000,346.948795
21660.000000,pure-acoustic,none,hardware,1,0,0,1,priority,0.000500,180,15,hybrid,0.050000,4000.000000,6.087000,52.000000,500.000000,500.000000,2.000000,120.000000,0.000000,190,126,190,0,190,19,45,126,0,0,0,0,0,0,0,0,0.000000,0.000000,0.000000,clear-ocean,30.000000,60.000000,0.151000,1727,5137239,1317.240769,6.081444,84,20,0,64,0,264,70,4,190,0,0,0,0,0,0,0,0,0,0,0,0,0,0,0,19,45,126,19,45,126,8.269188,15.386876,40.066412,0.000000,0.000000,0.000000,0,0,0,13422.179128,19.085744,133.097077,11320.596308,1570.619652,408.140439,10492.138833,0.000000,0.000000,12470.898923,13422.179128,951.280205,11.701674,3.040791,78.170159,0.000000,7.087375,15.695513,11.553566,3.593840,0.148846,7,0.000000,0,0,0,100.000000,4.850055,100.000000,31.041536,1168.138873,6759.524528,-0.000000,412.464047
21720.000000,pure-acoustic,none,hardware,1,0,0,1,priority,0.000500,180,15,hybrid,0.050000,4000.000000,6.087000,52.000000,500.000000,500.000000,2.000000,120.000000,0.000000,190,126,190,0,190,19,45,126,0,0,0,0,0,0,0,0,0.000000,0.000000,0.000000,clear-ocean,30.000000,60.000000,0.151000,1727,5137239,1317.240769,6.064644,84,20,0,64,0,264,70,4,190,0,0,0,0,0,0,0,0,0,0,0,0,0,0,0,19,45,126,19,45,126,8.269188,15.386876,40.066412,0.000000,0.000000,0.000000,0,0,0,13427.579128,19.085744,133.097077,11320.596308,1574.755822,409.174481,10492.368620,0.000000,0.000000,12476.298923,13427.579128,951.280205,11.727772,3.047269,78.140434,0.000000,7.084525,15.695513,11.553566,3.593840,0.148435,7,0.000000,0,0,0,100.000000,4.850055,100.000000,31.041536,1164.911971,6845.631244,-0.000000,462.574604
21780.000000,pure-acoustic,none,hardware,1,0,0,1,priority,0.000500,180,15,hybrid,0.050000,4000.000000,6.087000,52.000000,500.000000,500.000000,2.000000,120.000000,0.000000,190,126,190,0,190,19,45,126,0,0,0,0,0,0,0,0,0.000000,0.000000,0.000000,clear-ocean,30.000000,60.000000,0.151000,1727,5137239,1317.240769,6.047937,84,20,0,64,0,264,70,4,190,0,0,0,0,0,0,0,0,0,0,0,0,0,0,0,19,45,126,19,45,126,8.269188,15.386876,40.066412,0.000000,0.000000,0.000000,0,0,0,13432.979128,19.085744,133.097077,11320.596308,1578.891992,410.208524,10492.598407,0.000000,0.000000,12481.698923,13432.979128,951.280205,11.753848,3.053742,78.110733,0.000000,7.081677,15.695513,11.553566,3.593840,0.148026,7,0.000000,0,0,0,100.000000,4.850055,100.000000,31.041536,1161.702847,6931.737960,-0.000000,492.529027
21840.000000,pure-acoustic,none,hardware,1,0,0,1,priority,0.000500,180,15,hybrid,0.050000,4000.000000,6.087000,52.000000,500.000000,500.000000,2.000000,120.000000,0.000000,190,126,190,0,190,19,45,126,0,0,0,0,0,0,0,0,0.000000,0.000000,0.000000,clear-ocean,30.000000,60.000000,0.151000,1727,5137239,1317.240769,6.031322,84,20,0,64,0,264,70,4,190,0,0,0,0,0,0,0,0,0,0,0,0,0,0,0,19,45,126,19,45,126,8.269188,15.386876,40.066412,0.000000,0.000000,0.000000,0,0,0,13438.379128,19.085744,133.097077,11320.596308,1583.028163,411.242566,10492.828194,0.000000,0.000000,12487.098923,13438.379128,951.280205,11.779904,3.060210,78.081055,0.000000,7.078831,15.695513,11.553566,3.593840,0.147619,7,0.000000,0,0,0,100.000000,4.850055,100.000000,31.041536,1158.511355,7017.844677,0.000000,499.487065
21900.000000,pure-acoustic,none,hardware,1,0,0,1,priority,0.000500,180,15,hybrid,0.050000,4000.000000,6.087000,52.000000,500.000000,500.000000,2.000000,120.000000,0.000000,190,126,190,0,190,19,45,126,0,0,0,0,0,0,0,0,0.000000,0.000000,0.000000,clear-ocean,30.000000,60.000000,0.151000,1727,5137239,1317.240769,6.014798,84,20,0,64,0,264,70,4,190,0,0,0,0,0,0,0,0,0,0,0,0,0,0,0,19,45,126,19,45,126,8.269188,15.386876,40.066412,0.000000,0.000000,0.000000,0,0,0,13443.779128,19.085744,133.097077,11320.596308,1587.164333,412.276609,10493.057981,0.000000,0.000000,12492.498923,13443.779128,951.280205,11.805939,3.066672,78.051401,0.000000,7.075988,15.695513,11.553566,3.593840,0.147215,7,0.000000,0,0,0,100.000000,4.850055,100.000000,31.041536,1155.337352,7103.951393,0.000000,482.788962
21960.000000,pure-acoustic,none,hardware,1,0,0,1,priority,0.000500,180,15,hybrid,0.050000,4000.000000,6.087000,52.000000,500.000000,500.000000,2.000000,120.000000,0.000000,190,126,190,0,190,19,45,126,0,0,0,0,0,0,0,0,0.000000,0.000000,0.000000,clear-ocean,30.000000,60.000000,0.151000,1727,5137239,1317.240769,5.998364,84,20,0,64,0,264,70,4,190,0,0,0,0,0,0,0,0,0,0,0,0,0,0,0,19,45,126,19,45,126,8.269188,15.386876,40.066412,0.000000,0.000000,0.000000,0,0,0,13449.179128,19.085744,133.097077,11320.596308,1591.300503,413.310651,10493.287769,0.000000,0.000000,12497.898923,13449.179128,951.280205,11.831953,3.073129,78.021771,0.000000,7.073147,15.695513,11.553566,3.593840,0.146812,7,0.000000,0,0,0,100.000000,4.850055,100.000000,31.041536,1152.180692,7190.058109,0.000000,444.018019
22020.000000,pure-acoustic,none,hardware,1,0,0,1,priority,0.000500,180,15,hybrid,0.050000,4000.000000,6.087000,52.000000,500.000000,500.000000,2.000000,120.000000,0.000000,190,126,190,0,190,19,45,126,0,0,0,0,0,0,0,0,0.000000,0.000000,0.000000,clear-ocean,30.000000,60.000000,0.151000,1727,5137239,1317.240769,5.982020,84,20,0,64,0,264,70,4,190,0,0,0,0,0,0,0,0,0,0,0,0,0,0,0,19,45,126,19,45,126,8.269188,15.386876,40.066412,0.000000,0.000000,0.000000,0,0,0,13454.579128,19.085744,133.097077,11320.596308,1595.436673,414.344694,10493.517556,0.000000,0.000000,12503.298923,13454.579128,951.280205,11.857946,3.079581,77.992165,0.000000,7.070308,15.695513,11.553566,3.593840,0.146412,7,0.000000,0,0,0,100.000000,4.850055,100.000000,31.041536,1149.041235,7276.164825,0.000000,386.850460
22080.000000,pure-acoustic,none,hardware,1,0,0,1,priority,0.000500,180,15,hybrid,0.050000,4000.000000,6.087000,52.000000,500.000000,500.000000,2.000000,120.000000,0.000000,190,126,190,0,190,19,45,126,0,0,0,0,0,0,0,0,0.000000,0.000000,0.000000,clear-ocean,30.000000,60.000000,0.151000,1727,5137239,1317.240769,5.965764,84,20,0,64,0,264,70,4,190,0,0,0,0,0,0,0,0,0,0,0,0,0,0,0,19,45,126,19,45,126,8.269188,15.386876,40.066412,0.000000,0.000000,0.000000,0,0,0,13459.979128,19.085744,133.097077,11320.596308,1599.572843,415.378736,10493.747343,0.000000,0.000000,12508.698923,13459.979128,951.280205,11.883918,3.086028,77.962583,0.000000,7.067472,15.695513,11.553566,3.593840,0.146014,7,0.000000,0,0,0,100.000000,4.850055,100.000000,31.041536,1145.918841,7362.271541,0.000000,316.706863
22140.000000,pure-acoustic,none,hardware,1,0,0,1,priority,0.000500,180,15,hybrid,0.050000,4000.000000,6.087000,52.000000,500.000000,500.000000,2.000000,120.000000,0.000000,190,126,190,0,190,19,45,126,0,0,0,0,0,0,0,0,0.000000,0.000000,0.000000,clear-ocean,30.000000,60.000000,0.151000,1727,5137239,1317.240769,5.949597,84,20,0,64,0,264,70,4,190,0,0,0,0,0,0,0,0,0,0,0,0,0,0,0,19,45,126,19,45,126,8.269188,15.386876,40.066412,0.000000,0.000000,0.000000,0,0,0,13465.379128,19.085744,133.097077,11320.596308,1603.709014,416.412779,10493.977130,0.000000,0.000000,12514.098923,13465.379128,951.280205,11.909869,3.092470,77.933024,0.000000,7.064637,15.695513,11.553566,3.593840,0.145619,7,0.000000,0,0,0,100.000000,4.850055,100.000000,31.041536,1142.813369,7448.378257,0.000000,240.238181
22200.000000,pure-acoustic,none,hardware,1,0,0,1,priority,0.000500,180,15,hybrid,0.050000,4000.000000,6.087000,52.000000,500.000000,500.000000,2.000000,120.000000,0.000000,190,126,190,0,190,19,45,126,0,0,0,0,0,0,0,0,0.000000,0.000000,0.000000,clear-ocean,30.000000,60.000000,0.151000,1727,5137239,1317.240769,5.933517,84,20,0,64,0,264,70,4,190,0,0,0,0,0,0,0,0,0,0,0,0,0,0,0,19,45,126,19,45,126,8.269188,15.386876,40.066412,0.000000,0.000000,0.000000,0,0,0,13470.779128,19.085744,133.097077,11320.596308,1607.845184,417.446822,10494.206918,0.000000,0.000000,12519.498923,13470.779128,951.280205,11.935799,3.098906,77.903489,0.000000,7.061805,15.695513,11.553566,3.593840,0.145225,7,0.000000,0,0,0,100.000000,4.850055,100.000000,31.041536,1139.724685,7534.484973,0.000000,164.695106
22260.000000,pure-acoustic,none,hardware,1,0,0,1,priority,0.000500,180,15,hybrid,0.050000,4000.000000,6.087000,52.000000,500.000000,500.000000,2.000000,120.000000,0.000000,190,126,190,0,190,19,45,126,0,0,0,0,0,0,0,0,0.000000,0.000000,0.000000,clear-ocean,30.000000,60.000000,0.151000,1727,5137239,1317.240769,5.917524,84,20,0,64,0,264,70,4,190,0,0,0,0,0,0,0,0,0,0,0,0,0,0,0,19,45,126,19,45,126,8.269188,15.386876,40.066412,0.000000,0.000000,0.000000,0,0,0,13476.179128,19.085744,133.097077,11320.596308,1611.981354,418.480864,10494.436705,0.000000,0.000000,12524.898923,13476.179128,951.280205,11.961709,3.105338,77.873978,0.000000,7.058976,15.695513,11.553566,3.593840,0.144834,7,0.000000,0,0,0,100.000000,4.850055,100.000000,31.041536,1136.652650,7620.591690,0.000000,97.240565
22320.000000,pure-acoustic,none,hardware,1,0,0,1,priority,0.000500,180,15,hybrid,0.050000,4000.000000,6.087000,52.000000,500.000000,500.000000,2.000000,120.000000,0.000000,190,126,190,0,190,19,45,126,0,0,0,0,0,0,0,0,0.000000,0.000000,0.000000,clear-ocean,30.000000,60.000000,0.151000,1727,5137239,1317.240769,5.901616,84,20,0,64,0,264,70,4,190,0,0,0,0,0,0,0,0,0,0,0,0,0,0,0,19,45,126,19,45,126,8.269188,15.386876,40.066412,0.000000,0.000000,0.000000,0,0,0,13481.579128,19.085744,133.097077,11320.596308,1616.117524,419.514907,10494.666492,0.000000,0.000000,12530.298923,13481.579128,951.280205,11.987598,3.111764,77.844490,0.000000,7.056148,15.695513,11.553566,3.593840,0.144444,7,0.000000,0,0,0,100.000000,4.850055,100.000000,31.041536,1133.597133,7706.698406,0.000000,44.270537
22380.000000,pure-acoustic,none,hardware,1,0,0,1,priority,0.000500,180,15,hybrid,0.050000,4000.000000,6.087000,52.000000,500.000000,500.000000,2.000000,120.000000,0.000000,190,126,190,0,190,19,45,126,0,0,0,0,0,0,0,0,0.000000,0.000000,0.000000,clear-ocean,30.000000,60.000000,0.151000,1727,5137239,1317.240769,5.885794,84,20,0,64,0,264,70,4,190,0,0,0,0,0,0,0,0,0,0,0,0,0,0,0,19,45,126,19,45,126,8.269188,15.386876,40.066412,0.000000,0.000000,0.000000,0,0,0,13486.979128,19.085744,133.097077,11320.596308,1620.253694,420.548949,10494.896279,0.000000,0.000000,12535.698923,13486.979128,951.280205,12.013466,3.118185,77.815026,0.000000,7.053323,15.695513,11.553566,3.593840,0.144057,7,0.000000,0,0,0,100.000000,4.850055,100.000000,31.041536,1130.557998,7792.805122,0.000000,10.807592
22440.000000,pure-acoustic,none,hardware,1,0,0,1,priority,0.000500,180,15,hybrid,0.050000,4000.000000,6.087000,52.000000,500.000000,500.000000,2.000000,120.000000,0.000000,190,126,190,0,190,19,45,126,0,0,0,0,0,0,0,0,0.000000,0.000000,0.000000,clear-ocean,30.000000,60.000000,0.151000,1727,5137239,1317.240769,5.870057,84,20,0,64,0,264,70,4,190,0,0,0,0,0,0,0,0,0,0,0,0,0,0,0,19,45,126,19,45,126,8.269188,15.386876,40.066412,0.000000,0.000000,0.000000,0,0,0,13492.379128,19.085744,133.097077,11320.596308,1624.389865,421.582992,10495.126067,0.000000,0.000000,12541.098923,13492.379128,951.280205,12.039314,3.124601,77.785585,0.000000,7.050500,15.695513,11.553566,3.593840,0.143672,7,0.000000,0,0,0,100.000000,4.850055,100.000000,31.041536,1127.535116,7878.911838,-0.000000,0.024657
22500.000000,pure-acoustic,none,hardware,1,0,0,1,priority,0.000500,180,15,hybrid,0.050000,4000.000000,6.087000,52.000000,500.000000,500.000000,2.000000,120.000000,0.000000,190,126,190,0,190,19,45,126,0,0,0,0,0,0,0,0,0.000000,0.000000,0.000000,clear-ocean,30.000000,60.000000,0.151000,1727,5137239,1317.240769,5.854403,84,20,0,64,0,264,70,4,190,0,0,0,0,0,0,0,0,0,0,0,0,0,0,0,19,45,126,19,45,126,8.269188,15.386876,40.066412,0.000000,0.000000,0.000000,0,0,0,13497.779128,19.085744,133.097077,11320.596308,1628.526035,422.617034,10495.355854,0.000000,0.000000,12546.498923,13497.779128,951.280205,12.065141,3.131012,77.756168,0.000000,7.047679,15.695513,11.553566,3.593840,0.143289,7,0.000000,0,0,0,100.000000,4.850055,100.000000,31.041536,1124.528356,7965.018554,-0.000000,12.944161
22560.000000,pure-acoustic,none,hardware,1,0,0,1,priority,0.000500,180,15,hybrid,0.050000,4000.000000,6.087000,52.000000,500.000000,500.000000,2.000000,120.000000,0.000000,190,126,190,0,190,19,45,126,0,0,0,0,0,0,0,0,0.000000,0.000000,0.000000,clear-ocean,30.000000,60.000000,0.151000,1727,5137239,1317.240769,5.838833,84,20,0,64,0,264,70,4,190,0,0,0,0,0,0,0,0,0,0,0,0,0,0,0,19,45,126,19,45,126,8.269188,15.386876,40.066412,0.000000,0.000000,0.000000,0,0,0,13503.179128,19.085744,133.097077,11320.596308,1632.662205,423.651077,10495.585641,0.000000,0.000000,12551.898923,13503.179128,951.280205,12.090947,3.137417,77.726775,0.000000,7.044861,15.695513,11.553566,3.593840,0.142908,7,0.000000,0,0,0,100.000000,4.850055,100.000000,31.041536,1121.537589,8051.125270,-0.000000,48.341087
22620.000000,pure-acoustic,none,hardware,1,0,0,1,priority,0.000500,180,15,hybrid,0.050000,4000.000000,6.087000,52.000000,500.000000,500.000000,2.000000,120.000000,0.000000,190,126,190,0,190,19,45,126,0,0,0,0,0,0,0,0,0.000000,0.000000,0.000000,clear-ocean,30.000000,60.000000,0.151000,1727,5137239,1317.240769,5.823346,84,20,0,64,0,264,70,4,190,0,0,0,0,0,0,0,0,0,0,0,0,0,0,0,19,45,126,19,45,126,8.269188,15.386876,40.066412,0.000000,0.000000,0.000000,0,0,0,13508.579128,19.085744,133.097077,11320.596308,1636.798375,424.685119,10495.815428,0.000000,0.000000,12557.298923,13508.579128,951.280205,12.116732,3.143818,77.697405,0.000000,7.042045,15.695513,11.553566,3.593840,0.142529,7,0.000000,0,0,0,100.000000,4.850055,100.000000,31.041536,1118.562688,8137.231986,-0.000000,102.859131
22680.000000,pure-acoustic,none,hardware,1,0,0,1,priority,0.000500,180,15,hybrid,0.050000,4000.000000,6.087000,52.000000,500.000000,500.000000,2.000000,120.000000,0.000000,190,126,190,0,190,19,45,126,0,0,0,0,0,0,0,0,0.000000,0.000000,0.000000,clear-ocean,30.000000,60.000000,0.151000,1727,5137239,1317.240769,5.807940,84,20,0,64,0,264,70,4,190,0,0,0,0,0,0,0,0,0,0,0,0,0,0,0,19,45,126,19,45,126,8.269188,15.386876,40.066412,0.000000,0.000000,0.000000,0,0,0,13513.979128,19.085744,133.097077,11320.596308,1640.934546,425.719162,10496.045215,0.000000,0.000000,12562.698923,13513.979128,951.280205,12.142497,3.150213,77.668059,0.000000,7.039231,15.695513,11.553566,3.593840,0.142152,7,0.000000,0,0,0,100.000000,4.850055,100.000000,31.041536,1115.603527,8223.338703,-0.000000,171.328940
22740.000000,pure-acoustic,none,hardware,1,0,0,1,priority,0.000500,180,15,hybrid,0.050000,4000.000000,6.087000,52.000000,500.000000,500.000000,2.000000,120.000000,0.000000,190,126,190,0,190,19,45,126,0,0,0,0,0,0,0,0,0.000000,0.000000,0.000000,clear-ocean,30.000000,60.000000,0.151000,1727,5137239,1317.240769,5.792616,84,20,0,64,0,264,70,4,190,0,0,0,0,0,0,0,0,0,0,0,0,0,0,0,19,45,126,19,45,126,8.269188,15.386876,40.066412,0.000000,0.000000,0.000000,0,0,0,13519.379128,19.085744,133.097077,11320.596308,1645.070716,426.753205,10496.275003,0.000000,0.000000,12568.098923,13519.379128,951.280205,12.168242,3.156604,77.638736,0.000000,7.036419,15.695513,11.553566,3.593840,0.141777,7,0.000000,0,0,0,100.000000,4.850055,100.000000,31.041536,1112.659982,8309.445419,-0.000000,247.258269
22800.000000,pure-acoustic,none,hardware,1,0,0,1,priority,0.000500,180,15,hybrid,0.050000,4000.000000,6.087000,52.000000,500.000000,500.000000,2.000000,120.000000,0.000000,190,126,190,0,190,19,45,126,0,0,0,0,0,0,0,0,0.000000,0.000000,0.000000,clear-ocean,30.000000,60.000000,0.151000,1727,5137239,1317.240769,5.777372,84,20,0,64,0,264,70,4,190,0,0,0,0,0,0,0,0,0,0,0,0,0,0,0,19,45,126,19,45,126,8.269188,15.386876,40.066412,0.000000,0.000000,0.000000,0,0,0,13524.779128,19.085744,133.097077,11320.596308,1649.206886,427.787247,10496.504790,0.000000,0.000000,12573.498923,13524.779128,951.280205,12.193965,3.162989,77.609436,0.000000,7.033610,15.695513,11.553566,3.593840,0.141404,7,0.000000,0,0,0,100.000000,4.850055,100.000000,31.041536,1109.731930,8395.552135,-0.000000,323.447567
22860.000000,pure-acoustic,none,hardware,1,0,0,1,priority,0.000500,180,15,hybrid,0.050000,4000.000000,6.087000,52.000000,500.000000,500.000000,2.000000,120.000000,0.000000,190,126,190,0,190,19,45,126,0,0,0,0,0,0,0,0,0.000000,0.000000,0.000000,clear-ocean,30.000000,60.000000,0.151000,1727,5137239,1317.240769,5.762208,84,20,0,64,0,264,70,4,190,0,0,0,0,0,0,0,0,0,0,0,0,0,0,0,19,45,126,19,45,126,8.269188,15.386876,40.066412,0.000000,0.000000,0.000000,0,0,0,13530.179128,19.085744,133.097077,11320.596308,1653.343056,428.821290,10496.734577,0.000000,0.000000,12578.898923,13530.179128,951.280205,12.219669,3.169369,77.580160,0.000000,7.030803,15.695513,11.553566,3.593840,0.141032,7,0.000000,0,0,0,100.000000,4.850055,100.000000,31.041536,1106.819248,8481.658851,-0.000000,392.672631
22920.000000,pure-acoustic,none,hardware,1,0,0,1,priority,0.000500,180,15,hybrid,0.050000,4000.000000,6.087000,52.000000,500.000000,500.000000,2.000000,120.000000,0.000000,190,126,190,0,190,19,45,126,0,0,0,0,0,0,0,0,0.000000,0.000000,0.000000,clear-ocean,30.000000,60.000000,0.151000,1727,5137239,1317.240769,5.747124,84,20,0,64,0,264,70,4,190,0,0,0,0,0,0,0,0,0,0,0,0,0,0,0,19,45,126,19,45,126,8.269188,15.386876,40.066412,0.000000,0.000000,0.000000,0,0,0,13535.579128,19.085744,133.097077,11320.596308,1657.479226,429.855332,10496.964364,0.000000,0.000000,12584.298923,13535.579128,951.280205,12.245351,3.175744,77.550907,0.000000,7.027998,15.695513,11.553566,3.593840,0.140663,7,0.000000,0,0,0,100.000000,4.850055,100.000000,31.041536,1103.921815,8567.765567,-0.000000,448.369605
22980.000000,pure-acoustic,none,hardware,1,0,0,1,priority,0.000500,180,15,hybrid,0.050000,4000.000000,6.087000,52.000000,500.000000,500.000000,2.000000,120.000000,0.000000,190,126,190,0,190,19,45,126,0,0,0,0,0,0,0,0,0.000000,0.000000,0.000000,clear-ocean,30.000000,60.000000,0.151000,1727,5137239,1317.240769,5.732118,84,20,0,64,0,264,70,4,190,0,0,0,0,0,0,0,0,0,0,0,0,0,0,0,19,45,126,19,45,126,8.269188,15.386876,40.066412,0.000000,0.000000,0.000000,0,0,0,13540.979128,19.085744,133.097077,11320.596308,1661.615397,430.889375,10497.194152,0.000000,0.000000,12589.698923,13540.979128,951.280205,12.271014,3.182114,77.521677,0.000000,7.025195,15.695513,11.553566,3.593840,0.140296,7,0.000000,0,0,0,100.000000,4.850055,100.000000,31.041536,1101.039513,8653.872283,-0.000000,485.257350
23040.000000,pure-acoustic,none,hardware,1,0,0,1,priority,0.000500,180,15,hybrid,0.050000,4000.000000,6.087000,52.000000,500.000000,500.000000,2.000000,120.000000,0.000000,190,126,190,0,190,19,45,126,0,0,0,0,0,0,0,0,0.000000,0.000000,0.000000,clear-ocean,30.000000,60.000000,0.151000,1727,5137239,1317.240769,5.717191,84,20,0,64,0,264,70,4,190,0,0,0,0,0,0,0,0,0,0,0,0,0,0,0,19,45,126,19,45,126,8.269188,15.386876,40.066412,0.000000,0.000000,0.000000,0,0,0,13546.379128,19.085744,133.097077,11320.596308,1665.751567,431.923417,10497.423939,0.000000,0.000000,12595.098923,13546.379128,951.280205,12.296655,3.188479,77.492471,0.000000,7.022395,15.695513,11.553566,3.593840,0.139931,7,0.000000,0,0,0,100.000000,4.850055,100.000000,31.041536,1098.172222,8739.978999,-0.000000,499.838204
23100.000000,pure-acoustic,none,hardware,1,0,0,1,priority,0.000500,180,15,hybrid,0.050000,4000.000000,6.087000,52.000000,500.000000,500.000000,2.000000,120.000000,0.000000,190,126,190,0,190,19,45,126,0,0,0,0,0,0,0,0,0.000000,0.000000,0.000000,clear-ocean,30.000000,60.000000,0.151000,1727,5137239,1317.240769,5.702341,84,20,0,64,0,264,70,4,190,0,0,0,0,0,0,0,0,0,0,0,0,0,0,0,19,45,126,19,45,126,8.269188,15.386876,40.066412,0.000000,0.000000,0.000000,0,0,0,13551.779128,19.085744,133.097077,11320.596308,1669.887737,432.957460,10497.653726,0.000000,0.000000,12600.498923,13551.779128,951.280205,12.322277,3.194839,77.463288,0.000000,7.019596,15.695513,11.553566,3.593840,0.139567,7,0.000000,0,0,0,100.000000,4.850055,100.000000,31.041536,1095.319827,8826.085716,0.000000,490.729622
23160.000000,pure-acoustic,none,hardware,1,0,0,1,priority,0.000500,180,15,hybrid,0.050000,4000.000000,6.087000,52.000000,500.000000,500.000000,2.000000,120.000000,0.000000,190,126,190,0,190,19,45,126,0,0,0,0,0,0,0,0,0.000000,0.000000,0.000000,clear-ocean,30.000000,60.000000,0.151000,1727,5137239,1317.240769,5.687568,84,20,0,64,0,264,70,4,190,0,0,0,0,0,0,0,0,0,0,0,0,0,0,0,19,45,126,19,45,126,8.269188,15.386876,40.066412,0.000000,0.000000,0.000000,0,0,0,13557.179128,19.085744,133.097077,11320.596308,1674.023907,433.991502,10497.883513,0.000000,0.000000,12605.898923,13557.179128,951.280205,12.347878,3.201193,77.434129,0.000000,7.016800,15.695513,11.553566,3.593840,0.139206,7,0.000000,0,0,0,100.000000,4.850055,100.000000,31.041536,1092.482211,8912.192432,0.000000,458.795274
23220.000000,pure-acoustic,none,hardware,1,0,0,1,priority,0.000500,180,15,hybrid,0.050000,4000.000000,6.087000,52.000000,500.000000,500.000000,2.000000,120.000000,0.000000,190,126,190,0,190,19,45,126,0,0,0,0,0,0,0,0,0.000000,0.000000,0.000000,clear-ocean,30.000000,60.000000,0.151000,1727,5137239,1317.240769,5.672872,84,20,0,64,0,264,70,4,190,0,0,0,0,0,0,0,0,0,0,0,0,0,0,0,19,45,126,19,45,126,8.269188,15.386876,40.066412,0.000000,0.000000,0.000000,0,0,0,13562.579128,19.085744,133.097077,11320.596308,1678.160077,435.025545,10498.113301,0.000000,0.000000,12611.298923,13562.579128,951.280205,12.373458,3.207543,77.404992,0.000000,7.014007,15.695513,11.553566,3.593840,0.138846,7,0.000000,0,0,0,100.000000,4.850055,100.000000,31.041536,1089.659259,8998.299148,0.000000,407.063144
23280.000000,pure-acoustic,none,hardware,1,0,0,1,priority,0.000500,180,15,hybrid,0.050000,4000.000000,6.087000,52.000000,500.000000,500.000000,2.000000,120.000000,0.000000,190,126,190,0,190,19,45,126,0,0,0,0,0,0,0,0,0.000000,0.000000,0.000000,clear-ocean,30.000000,60.000000,0.151000,1727,5137239,1317.240769,5.658251,84,20,0,64,0,264,70,4,190,0,0,0,0,0,0,0,0,0,0,0,0,0,0,0,19,45,126,19,45,126,8.269188,15.386876,40.066412,0.000000,0.000000,0.000000,0,0,0,13567.979128,19.085744,133.097077,11320.596308,1682.296248,436.059588,10498.343088,0.000000,0.000000,12616.698923,13567.979128,951.280205,12.399019,3.213888,77.375879,0.000000,7.011215,15.695513,11.553566,3.593840,0.138488,7,0.000000,0,0,0,100.000000,4.850055,100.000000,31.041536,1086.850859,9084.405864,0.000000,340.438428
23340.000000,pure-acoustic,none,hardware,1,0,0,1,priority,0.000500,180,15,hybrid,0.050000,4000.000000,6.087000,52.000000,500.000000,500.000000,2.000000,120.000000,0.000000,190,126,190,0,190,19,45,126,0,0,0,0,0,0,0,0,0.000000,0.000000,0.000000,clear-ocean,30.000000,60.000000,0.151000,1727,5137239,1317.240769,5.643705,84,20,0,64,0,264,70,4,190,0,0,0,0,0,0,0,0,0,0,0,0,0,0,0,19,45,126,19,45,126,8.269188,15.386876,40.066412,0.000000,0.000000,0.000000,0,0,0,13573.379128,19.085744,133.097077,11320.596308,1686.432418,437.093630,10498.572875,0.000000,0.000000,12622.098923,13573.379128,951.280205,12.424558,3.220227,77.346789,0.000000,7.008426,15.695513,11.553566,3.593840,0.138132,7,0.000000,0,0,0,100.000000,4.850055,100.000000,31.041536,1084.056898,9170.512580,0.000000,265.238421
23400.000000,pure-acoustic,none,hardware,1,0,0,1,priority,0.000500,180,15,hybrid,0.050000,4000.000000,6.087000,52.000000,500.000000,500.000000,2.000000,120.000000,0.000000,190,126,190,0,190,19,45,126,0,0,0,0,0,0,0,0,0.000000,0.000000,0.000000,clear-ocean,30.000000,60.000000,0.151000,1727,5137239,1317.240769,5.629234,84,20,0,64,0,264,70,4,190,0,0,0,0,0,0,0,0,0,0,0,0,0,0,0,19,45,126,19,45,126,8.269188,15.386876,40.066412,0.000000,0.000000,0.000000,0,0,0,13578.779128,19.085744,133.097077,11320.596308,1690.568588,438.127673,10498.802662,0.000000,0.000000,12627.498923,13578.779128,951.280205,12.450078,3.226562,77.317722,0.000000,7.005639,15.695513,11.553566,3.593840,0.137778,7,0.000000,0,0,0,100.000000,4.850055,100.000000,31.041536,1081.277265,9256.619296,0.000000,188.593520
23450.000000,pure-acoustic,none,hardware,1,0,0,1,priority,0.000500,180,15,hybrid,0.050000,4000.000000,6.087000,52.000000,500.000000,500.000000,2.000000,120.000000,0.000000,190,126,190,0,190,19,45,126,0,0,0,0,0,0,0,0,0.000000,0.000000,0.000000,clear-ocean,30.000000,60.000000,0.151000,1727,5137239,1317.240769,5.617231,84,20,0,64,0,264,70,4,190,0,0,0,0,0,0,0,0,0,0,0,0,0,0,0,19,45,126,19,45,126,8.269188,15.386876,40.066412,0.000000,0.000000,0.000000,0,0,0,13583.279128,19.085744,133.097077,11320.596308,1694.015397,438.989375,10498.994152,0.000000,0.000000,12631.998923,13583.279128,951.280205,12.471329,3.231837,77.293517,0.000000,7.003318,15.695513,11.553566,3.593840,0.137484,7,0.000000,0,0,0,100.000000,4.850055,100.000000,31.041536,1078.971770,9328.374893,0.000000,128.874011
