time,protocol,auvCollectionMedium,energyModel,lowPayloadAtGateway,enableHighFallback,enableMediumFallback,matchHybridQueues,ddnBufferPolicy,nodeIdlePowerW,nodes,sinks,sinkPlacement,trafficLoad,trafficStop,auvSpeedKmh,txPowerMarginDb,ddnEomOffset,ddnDepth,highFallbackTimeout,mediumFallbackTimeout,mediumFallbackRhoMax,generated,gatewayOriginated,reachedDdn,collectedByAuv,delivered,directCriticalToSink,directMediumToSink,directLowToSink,bufferDropped,bufferDroppedHigh,bufferDroppedMedium,bufferDroppedLow,opticalTransfers,opticalAttempted,opticalLost,opticalPending,opticalLossPct,opticalMeanPktSuccess,opticalMeanSnrDb,opticalWaterType,opticalRange,opticalPointingCoherenceSeconds,opticalExtCoeff,acousticTransfers,acousticTxBytes,acousticTxAirtimeS,acousticTxAirtimePct,acousticSourceAttempts,acousticRetransmissions,acousticRetryExhausted,acousticAcks,acousticPending,directSourceAttempts,directRetransmissions,directCyclesExhausted,directAcks,directPending,mobileSourceAttempts,mobileRetransmissions,mobileContactFailures,mobileAcks,mobilePending,auvSurfaceSourceAttempts,auvSurfaceRetransmissions,auvSurfaceContactFailures,auvSurfaceAcks,auvSurfacePending,deadlineExpired,deadlineExpiredHigh,deadlineExpiredMedium,deadlineExpiredLow,highGenerated,mediumGenerated,lowGenerated,highDelivered,mediumDelivered,lowDelivered,highAvgDelay,mediumAvgDelay,lowAvgDelay,highMissRatio,mediumMissRatio,lowMissRatio,highDeadlineMiss,mediumDeadlineMiss,lowDeadlineMiss,energyConsumedJ,highEnergyJ,mediumEnergyJ,lowEnergyJ,bsnEnergyJ,drnEnergyJ,ddnEnergyJ,auvEnergyJ,auvOperationalEnergyJ,submergedEnergyJ,incrementalMissionEnergyJ,sinkEnergyJ,bsnEnergyPct,drnEnergyPct,ddnEnergyPct,auvEnergyPct,sinkEnergyPct,highEnergyMjByte,mediumEnergyMjByte,lowEnergyMjByte,meanDdnBuffered,maxDdnBuffered,meanAuvBuffered,maxAuvBuffered,ddnBuffered,auvBuffered,upstreamPdr,avgDelayAcoustic,pdr,avgDelay,throughputBps,auvX,auvY,auvZ
0.000000,contribution,optical,hardware,1,1,1,0,priority,0.000500,180,15,hybrid,0.050000,4000.000000,6.087000,52.000000,500.000000,500.000000,2.000000,120.000000,0.400000,0,0,0,0,0,0,0,0,0,0,0,0,0,0,0,0,0.000000,0.000000,0.000000,clear-ocean,30.000000,60.000000,0.151000,0,0,0.000000,0.000000,0,0,0,0,0,0,0,0,0,0,0,0,0,0,0,0,0,0,0,0,0,0,0,0,0,0,0,0,0,0,0.000000,0.000000,0.000000,0.000000,0.000000,0.000000,0,0,0,226.618358,0.000000,0.000000,0.000000,0.068936,0.017234,0.003830,226.528358,226.528358,0.090000,0.090000,0.000000,0.030419,0.007605,0.001690,99.960286,0.000000,0.000000,0.000000,0.000000,0.000000,0,0.000000,0,0,0,0.000000,0.000000,0.000000,0.000000,0.000000,875.000000,0.000000,0.000000
60.000000,contribution,optical,hardware,1,1,1,0,priority,0.000500,180,15,hybrid,0.050000,4000.000000,6.087000,52.000000,500.000000,500.000000,2.000000,120.000000,0.400000,2,2,2,0,0,0,0,0,0,0,0,0,0,0,0,0,0.000000,0.000000,0.000000,clear-ocean,30.000000,60.000000,0.151000,0,0,0.000000,0.000000,0,0,0,0,0,0,0,0,0,0,0,0,0,0,0,0,0,0,0,0,0,0,0,0,0,0,2,0,0,0,0.000000,0.000000,0.000000,0.000000,0.000000,100.000000,0,0,0,13597.101473,0.000000,0.000000,0.000000,4.136170,1.034043,0.229787,13591.701473,13591.701473,5.400000,5.400000,0.000000,0.030419,0.007605,0.001690,99.960286,0.000000,0.000000,0.000000,0.000000,1.733333,2,0.000000,0,2,0,100.000000,0.000000,0.000000,0.000000,0.000000,961.106716,-0.000000,11.852388
120.000000,contribution,optical,hardware,1,1,1,0,priority,0.000500,180,15,hybrid,0.050000,4000.000000,6.087000,52.000000,500.000000,500.000000,2.000000,120.000000,0.400000,6,3,6,0,0,0,0,0,0,0,0,0,0,0,0,0,0.000000,0.000000,0.000000,clear-ocean,30.000000,60.000000,0.151000,9,2673,0.685385,0.571154,3,0,0,3,0,0,0,0,0,0,0,0,0,0,0,0,0,0,0,0,0,0,0,0,0,3,3,0,0,0,0.000000,0.000000,0.000000,0.000000,100.000000,100.000000,0,0,0,27199.009945,0.000000,4.807000,0.000000,11.457802,3.591162,0.558036,27183.402945,27183.402945,15.607000,15.607000,0.000000,0.042126,0.013203,0.002052,99.942619,0.000000,0.000000,0.000000,0.000000,2.983333,6,0.000000,0,6,0,100.000000,0.809060,0.000000,0.000000,0.000000,1047.213432,-0.000000,46.285720
180.000000,contribution,optical,hardware,1,1,1,0,priority,0.000500,180,15,hybrid,0.050000,4000.000000,6.087000,52.000000,500.000000,500.000000,2.000000,120.000000,0.400000,10,6,10,0,0,0,0,0,0,0,0,0,0,0,0,0,0.000000,0.000000,0.000000,clear-ocean,30.000000,60.000000,0.151000,12,3564,0.913846,0.507692,4,0,0,4,0,0,0,0,0,0,0,0,0,0,0,0,0,0,0,0,0,0,0,0,0,4,6,0,0,0,0.000000,0.000000,0.000000,0.000000,100.000000,100.000000,0,0,0,40798.008623,0.000000,6.704205,0.000000,16.016100,6.026435,0.861669,40775.104418,40775.104418,22.904205,22.904205,0.000000,0.039257,0.014771,0.002112,99.943860,0.000000,0.000000,0.000000,0.000000,4.383333,10,0.000000,0,10,0,100.000000,0.871282,0.000000,0.000000,0.000000,1133.320148,-0.000000,100.035057
240.000000,contribution,optical,hardware,1,1,1,0,priority,0.000500,180,15,hybrid,0.050000,4000.000000,6.087000,52.000000,500.000000,500.000000,2.000000,120.000000,0.400000,13,7,13,0,2,1,1,0,0,0,0,0,0,0,0,0,0.000000,0.000000,0.000000,clear-ocean,30.000000,60.000000,0.151000,22,5766,1.478462,0.616026,6,0,0,6,0,2,0,0,2,0,0,0,0,0,0,0,0,0,0,0,0,0,0,0,1,5,7,1,1,0,2.998876,121.188595,0.000000,0.000000,80.000000,100.000000,0,0,0,54399.476326,0.993615,10.076821,0.000000,22.165065,8.286939,2.070328,54366.805890,54366.805890,32.522333,32.670436,0.148103,0.040745,0.015233,0.003806,99.939943,0.000272,15.525240,39.362580,0.000000,5.800000,11,0.000000,0,11,0,100.000000,0.929231,15.384615,62.093735,10.666667,1219.426865,-0.000000,168.003936
300.000000,contribution,optical,hardware,1,1,1,0,priority,0.000500,180,15,hybrid,0.050000,4000.000000,6.087000,52.000000,500.000000,500.000000,2.000000,120.000000,0.400000,15,8,15,0,3,1,2,0,0,0,0,0,0,0,0,0,0.000000,0.000000,0.000000,clear-ocean,30.000000,60.000000,0.151000,27,7251,1.859231,0.619744,7,0,0,7,0,3,0,0,3,0,0,0,0,0,0,0,0,0,0,0,0,0,0,0,1,6,8,1,2,0,2.998876,147.325628,0.000000,0.000000,66.666667,100.000000,0,0,0,67999.470645,0.993615,12.969667,0.000000,27.682902,10.052059,2.986475,67958.507363,67958.507363,40.721436,40.963282,0.241846,0.040710,0.014783,0.004392,99.939759,0.000356,15.525240,25.331380,0.000000,6.900000,12,0.000000,0,12,0,100.000000,0.953553,20.000000,99.216711,15.360000,1305.533581,-0.000000,243.747609
360.000000,contribution,optical,hardware,1,1,1,0,priority,0.000500,180,15,hybrid,0.050000,4000.000000,6.087000,52.000000,500.000000,500.000000,2.000000,120.000000,0.400000,16,9,16,0,4,1,3,0,0,0,0,0,0,0,0,0,0.000000,0.000000,0.000000,clear-ocean,30.000000,60.000000,0.151000,28,7548,1.935385,0.537607,7,0,0,7,0,4,0,0,4,0,0,0,0,0,0,0,0,0,0,0,0,0,0,0,1,6,9,1,3,0,2.998876,173.062599,0.000000,0.000000,50.000000,100.000000,0,0,0,81597.278374,0.993615,13.675923,0.000000,31.819073,11.086101,3.828775,81550.208835,81550.208835,46.733949,47.069538,0.335590,0.038995,0.013586,0.004692,99.942315,0.000411,15.525240,17.807192,0.000000,7.747222,12,0.000000,0,12,0,100.000000,0.953553,25.000000,130.546668,18.488889,1391.640297,-0.000000,320.084127
420.000000,contribution,optical,hardware,1,1,1,0,priority,0.000500,180,15,hybrid,0.050000,4000.000000,6.087000,52.000000,500.000000,500.000000,2.000000,120.000000,0.400000,20,11,20,0,5,1,4,0,0,0,0,0,0,0,0,0,0.000000,0.000000,0.000000,clear-ocean,30.000000,60.000000,0.151000,34,9330,2.392308,0.569597,9,0,0,9,0,5,0,0,5,0,0,0,0,0,0,0,0,0,0,0,0,0,0,0,1,8,11,1,4,0,2.998876,185.452691,0.000000,0.000000,50.000000,100.000000,0,0,0,95197.546897,0.993615,16.842974,0.000000,38.238807,12.241990,4.726459,95141.910308,95141.910308,55.207256,55.636590,0.429333,0.040168,0.012860,0.004965,99.941557,0.000451,15.525240,16.448217,0.000000,8.590476,15,0.000000,0,15,0,100.000000,0.868433,25.000000,148.961928,20.723810,1477.747013,-0.000000,389.775332
480.000000,contribution,optical,hardware,1,1,1,0,priority,0.000500,180,15,hybrid,0.050000,4000.000000,6.087000,52.000000,500.000000,500.000000,2.000000,120.000000,0.400000,21,12,21,0,6,1,5,0,0,0,0,0,0,0,0,0,0.000000,0.000000,0.000000,clear-ocean,30.000000,60.000000,0.151000,35,9627,2.468462,0.514263,9,0,0,9,0,6,0,0,6,0,0,0,0,0,0,0,0,0,0,0,0,0,0,0,1,8,12,1,5,0,2.998876,194.292670,0.000000,0.000000,37.500000,100.000000,0,0,0,108795.354626,0.993615,17.549231,0.000000,42.374977,13.276033,5.568759,108733.611780,108733.611780,61.219769,61.742846,0.523077,0.038949,0.012203,0.005119,99.943249,0.000481,15.525240,13.710337,0.000000,9.452083,16,0.000000,0,15,0,100.000000,0.868433,28.571429,162.410371,22.400000,1563.853729,-0.000000,446.213164
540.000000,contribution,optical,hardware,1,1,1,0,priority,0.000500,180,15,hybrid,0.050000,4000.000000,6.087000,52.000000,500.000000,500.000000,2.000000,120.000000,0.400000,24,14,24,0,8,2,6,0,0,0,0,0,0,0,0,0,0.000000,0.000000,0.000000,clear-ocean,30.000000,60.000000,0.151000,40,10344,2.652308,0.491168,10,0,0,10,0,8,0,0,8,0,0,0,0,0,0,0,0,0,0,0,0,0,0,0,2,8,14,2,6,0,3.072581,208.745658,0.000000,0.000000,25.000000,100.000000,0,0,0,122393.970073,1.801333,18.255487,0.000000,47.001737,14.331614,6.652290,122325.313253,122325.313253,67.985641,68.656821,0.671179,0.038402,0.011709,0.005435,99.943905,0.000548,14.072917,11.885083,0.000000,10.133333,17,0.000000,0,16,0,100.000000,0.820513,33.333333,157.327388,24.651852,1649.960445,-0.000000,484.046240
600.000000,contribution,optical,hardware,1,1,1,0,priority,0.000500,180,15,hybrid,0.050000,4000.000000,6.087000,52.000000,500.000000,500.000000,2.000000,120.000000,0.400000,29,16,29,13,13,4,6,0,0,0,0,0,13,13,0,0,0.000000,1.000000,43.127599,clear-ocean,30.000000,60.000000,0.151000,60,37380,9.584615,1.597436,13,0,0,13,0,10,0,0,10,0,0,0,0,0,0,3,0,0,3,0,0,0,0,0,5,8,16,4,8,1,2.902517,205.559605,401.295815,20.000000,0.000000,93.750000,0,0,0,136072.156267,4.338633,19.708960,77.093949,51.931215,16.377964,19.527572,135978.132234,135917.014725,87.836751,155.141542,6.187282,0.038164,0.012036,0.014351,99.930901,0.004547,16.947784,9.623516,3.083758,10.586667,18,0.168333,12,6,10,100.000000,0.778422,44.827586,158.260210,364.053333,1736.067161,-0.000000,499.687261
660.000000,contribution,optical,hardware,1,1,1,0,priority,0.000500,180,15,hybrid,0.050000,4000.000000,6.087000,52.000000,500.000000,500.000000,2.000000,120.000000,0.400000,33,19,33,14,19,5,6,0,0,0,0,0,14,14,0,0,0.000000,1.000000,45.184582,clear-ocean,30.000000,60.000000,0.151000,108,189732,48.649231,7.371096,14,0,0,14,0,11,0,0,11,0,0,0,0,0,0,9,1,0,8,0,0,0,0,0,6,8,19,5,8,6,2.857147,205.559605,284.565838,16.666667,0.000000,68.421053,0,0,0,150014.202252,5.604171,19.708960,420.772923,56.727590,17.670468,21.249872,149881.874732,149508.716198,95.647930,505.486054,36.679590,0.037815,0.011779,0.014165,99.911790,0.024451,17.513035,9.623516,2.805153,10.289394,18,0.816667,12,8,6,100.000000,0.782491,57.575758,177.166190,1846.884848,1822.173878,0.000000,491.653159
720.000000,contribution,optical,hardware,1,1,1,0,priority,0.000500,180,15,hybrid,0.050000,4000.000000,6.087000,52.000000,500.000000,500.000000,2.000000,120.000000,0.400000,33,19,33,14,22,5,6,0,0,0,0,0,14,14,0,0,0.000000,1.000000,45.184582,clear-ocean,30.000000,60.000000,0.151000,143,316167,81.068462,11.259509,14,0,0,14,0,11,0,0,11,0,0,0,0,0,0,14,2,0,11,1,0,0,0,0,6,8,19,5,8,9,2.857147,205.559605,239.715152,16.666667,0.000000,52.631579,0,0,0,163895.004032,5.604171,19.708960,704.473231,60.863761,18.704511,21.479659,163732.939897,163100.417670,101.047930,794.586362,61.016205,0.037136,0.011412,0.013106,99.901117,0.037229,17.513035,9.623516,3.130992,10.098611,18,1.043056,12,8,2,100.000000,0.782491,66.666667,173.463588,2526.311111,1908.280594,0.000000,460.705721
780.000000,contribution,optical,hardware,1,1,1,0,priority,0.000500,180,15,hybrid,0.050000,4000.000000,6.087000,52.000000,500.000000,500.000000,2.000000,120.000000,0.400000,39,24,39,14,25,5,6,0,0,0,0,0,14,14,0,0,0.000000,1.000000,45.184582,clear-ocean,30.000000,60.000000,0.151000,160,367440,94.215385,12.078895,15,0,0,15,0,11,0,0,11,0,0,0,0,0,0,17,3,0,14,0,0,0,0,0,6,9,24,6,8,11,25.681878,205.559605,221.383454,16.666667,11.111111,54.166667,1,0,0,177607.551812,5.877197,20.694345,818.661128,65.901828,19.799476,21.732010,177428.608139,176692.119143,107.433315,915.432670,71.510359,0.037105,0.011148,0.012236,99.899248,0.040263,15.305200,10.104660,2.976950,10.228205,18,0.997436,12,14,0,100.000000,0.760752,64.102564,169.351444,2845.456410,1994.387310,0.000000,409.779355
840.000000,contribution,optical,hardware,1,1,1,0,priority,0.000500,180,15,hybrid,0.050000,4000.000000,6.087000,52.000000,500.000000,500.000000,2.000000,120.000000,0.400000,42,25,42,14,25,5,6,0,0,0,0,0,14,14,0,0,0.000000,1.000000,45.184582,clear-ocean,30.000000,60.000000,0.151000,163,368331,94.443846,11.243315,17,0,0,17,0,11,0,0,11,0,0,0,0,0,0,17,3,0,14,0,0,0,0,0,6,11,25,6,8,11,25.681878,205.559605,221.383454,16.666667,27.272727,56.000000,1,0,0,191206.144285,5.877197,22.185345,818.661128,71.362024,20.955365,22.006926,191020.309611,190283.820615,114.324315,922.323670,71.510359,0.037322,0.010960,0.011510,99.902809,0.037400,15.305200,10.832688,2.976950,10.565476,18,0.926190,12,17,0,100.000000,0.711523,59.523810,169.351444,2642.209524,2080.494026,0.000000,343.702853
900.000000,contribution,optical,hardware,1,1,1,0,priority,0.000500,180,15,hybrid,0.050000,4000.000000,6.087000,52.000000,500.000000,500.000000,2.000000,120.000000,0.400000,43,26,43,14,26,5,7,0,0,0,0,0,14,14,0,0,0.000000,1.000000,45.184582,clear-ocean,30.000000,60.000000,0.151000,164,368628,94.520000,10.502222,17,0,0,17,0,12,0,0,12,0,0,0,0,0,0,17,3,0,14,0,0,0,0,0,6,11,26,6,9,11,25.681878,196.203805,221.383454,16.666667,18.181818,57.692308,1,0,0,204803.952014,5.877197,22.891601,818.661128,75.498194,21.989408,22.849226,204612.011084,203875.522088,120.336827,928.429926,71.604103,0.036864,0.010737,0.011157,99.906281,0.034962,15.305200,9.935591,2.976950,11.011111,18,0.864444,12,17,0,100.000000,0.711523,60.465116,167.505519,2468.337778,2166.600742,0.000000,268.741531
960.000000,contribution,optical,hardware,1,1,1,0,priority,0.000500,180,15,hybrid,0.050000,4000.000000,6.087000,52.000000,500.000000,500.000000,2.000000,120.000000,0.400000,46,27,46,14,28,6,8,0,0,0,0,0,14,14,0,0,0.000000,1.000000,45.184582,clear-ocean,30.000000,60.000000,0.151000,173,370533,95.008462,9.896715,19,0,0,19,0,14,0,0,14,0,0,0,0,0,0,17,3,0,14,0,0,0,0,0,7,12,27,7,10,11,22.409105,189.996461,221.383454,14.285714,16.666667,59.259259,1,0,0,218404.600204,6.762479,25.553037,818.661128,81.816775,23.342835,23.975833,218203.712556,217467.223560,129.135443,937.376644,71.752205,0.037461,0.010688,0.010978,99.908020,0.032853,15.094819,9.981655,2.976950,11.472917,20,0.810417,12,18,0,100.000000,0.714980,60.869565,160.430226,2316.733333,2252.707458,0.000000,192.003154
1020.000000,contribution,optical,hardware,1,1,1,0,priority,0.000500,180,15,hybrid,0.050000,4000.000000,6.087000,52.000000,500.000000,500.000000,2.000000,120.000000,0.400000,46,27,46,14,29,6,9,0,0,0,0,0,14,14,0,0,0.000000,1.000000,45.184582,clear-ocean,30.000000,60.000000,0.151000,174,370830,95.084615,9.322021,19,0,0,19,0,15,0,0,15,0,0,0,0,0,0,17,3,0,14,0,0,0,0,0,7,12,27,7,11,11,22.409105,188.982087,221.383454,14.285714,8.333333,59.259259,1,0,0,232002.407933,6.762479,26.259293,818.661128,85.952945,24.376877,24.818134,231795.414029,231058.925033,135.147956,943.482901,71.845949,0.037048,0.010507,0.010697,99.910779,0.030968,15.094819,9.325033,2.976950,11.846078,20,0.762745,12,17,0,100.000000,0.714980,63.043478,161.064989,2182.462745,2338.814174,0.000000,120.763985
1080.000000,contribution,optical,hardware,1,1,1,0,priority,0.000500,180,15,hybrid,0.050000,4000.000000,6.087000,52.000000,500.000000,500.000000,2.000000,120.000000,0.400000,49,30,49,14,30,6,10,0,0,0,0,0,14,14,0,0,0.000000,1.000000,45.184582,clear-ocean,30.000000,60.000000,0.151000,175,371127,95.160769,8.811182,19,0,0,19,0,16,0,0,16,0,0,0,0,0,0,17,3,0,14,0,0,0,0,0,7,12,30,7,12,11,22.409105,187.118717,221.383454,14.285714,0.000000,63.333333,1,0,0,245600.215662,6.762479,26.965550,818.661128,90.089115,25.410920,25.660434,245387.115501,244650.626505,141.160469,949.589157,71.939692,0.036681,0.010346,0.010448,99.913233,0.029291,15.094819,8.777848,2.976950,12.217593,20,0.720370,12,19,0,100.000000,0.714980,61.224490,161.250211,2063.111111,2424.920891,0.000000,61.778860
1140.000000,contribution,optical,hardware,1,1,1,0,priority,0.000500,180,15,hybrid,0.050000,4000.000000,6.087000,52.000000,500.000000,500.000000,2.000000,120.000000,0.400000,53,33,53,14,30,6,10,0,0,0,0,0,14,14,0,0,0.000000,1.000000,45.184582,clear-ocean,30.000000,60.000000,0.151000,178,372018,95.389231,8.367476,20,0,0,20,0,16,0,0,16,0,0,0,0,0,0,17,3,0,14,0,0,0,0,0,7,13,33,7,12,11,22.409105,187.118717,221.383454,14.285714,7.692308,66.666667,1,0,0,259199.214340,6.762479,28.862755,818.661128,94.647414,27.846193,25.964067,258978.816974,258242.327978,148.457674,956.886362,71.939692,0.036515,0.010743,0.010017,99.914970,0.027755,15.094819,9.395428,2.976950,12.686842,23,0.682456,12,23,0,100.000000,0.732128,56.603774,161.250211,1954.526316,2511.027607,0.000000,20.640695
1200.000000,contribution,optical,hardware,1,1,1,0,priority,0.000500,180,15,hybrid,0.050000,4000.000000,6.087000,52.000000,500.000000,500.000000,2.000000,120.000000,0.400000,56,35,56,14,30,6,10,0,0,0,0,0,14,14,0,0,0.000000,1.000000,45.184582,clear-ocean,30.000000,60.000000,0.151000,182,373206,95.693846,7.974487,21,0,0,21,0,16,0,0,16,0,0,0,0,0,0,17,3,0,14,0,0,0,0,0,7,14,35,7,12,11,22.409105,187.118717,221.383454,14.285714,14.285714,68.571429,1,0,0,272798.502402,6.762479,31.049345,818.661128,100.165250,29.611313,26.267700,272570.518446,271834.029450,156.044263,964.472952,71.939692,0.036718,0.010855,0.009629,99.916428,0.026371,15.094819,10.107209,2.976950,13.262500,26,0.648333,12,26,0,100.000000,0.749621,53.571429,161.250211,1856.800000,2597.134323,0.000000,1.250174
1260.000000,contribution,optical,hardware,1,1,1,0,priority,0.000500,180,15,hybrid,0.050000,4000.000000,6.087000,52.000000,500.000000,500.000000,2.000000,120.000000,0.400000,58,37,58,14,31,6,11,0,0,0,0,0,14,14,0,0,0.000000,1.000000,45.184582,clear-ocean,30.000000,60.000000,0.151000,183,373503,95.770000,7.600794,21,0,0,21,0,17,0,0,17,0,0,0,0,0,0,17,3,0,14,0,0,0,0,0,7,14,37,7,13,11,22.409105,182.035003,221.383454,14.285714,7.142857,70.270270,1,0,0,286396.310131,6.762479,31.755601,818.661128,104.301421,30.645355,27.110000,286162.219919,285425.730923,162.056776,970.579208,72.033436,0.036419,0.010700,0.009466,99.918264,0.025152,15.094819,9.541947,2.976950,13.888095,27,0.617460,12,27,0,100.000000,0.749621,53.448276,159.952799,1770.006349,2683.241039,-0.000000,5.445889
1320.000000,contribution,optical,hardware,1,1,1,0,priority,0.000500,180,15,hybrid,0.050000,4000.000000,6.087000,52.000000,500.000000,500.000000,2.000000,120.000000,0.400000,60,38,60,14,32,6,12,0,0,0,0,0,14,14,0,0,0.000000,1.000000,45.184582,clear-ocean,30.000000,60.000000,0.151000,186,374394,95.998462,7.272611,22,0,0,22,0,18,0,0,18,0,0,0,0,0,0,17,3,0,14,0,0,0,0,0,7,15,38,7,14,11,22.409105,180.604149,221.383454,14.285714,6.666667,71.052632,1,0,0,299995.103245,6.762479,33.447242,818.661128,109.339488,31.740321,27.974865,299753.921391,299017.432395,169.054674,977.670849,72.127179,0.036447,0.010580,0.009325,99.919605,0.024043,15.094819,9.332378,2.976950,14.481061,28,0.589394,12,28,0,100.000000,0.736294,53.333333,160.016869,1691.103030,2769.347755,-0.000000,32.830006
1380.000000,contribution,optical,hardware,1,1,1,0,priority,0.000500,180,15,hybrid,0.050000,4000.000000,6.087000,52.000000,500.000000,500.000000,2.000000,120.000000,0.400000,63,40,63,14,32,6,12,0,0,0,0,0,14,14,0,0,0.000000,1.000000,45.184582,clear-ocean,30.000000,60.000000,0.151000,189,375285,96.226923,6.972965,23,0,0,23,0,18,0,0,18,0,0,0,0,0,0,17,3,0,14,0,0,0,0,0,7,16,40,7,14,11,22.409105,180.604149,221.383454,14.285714,12.500000,72.500000,1,0,0,313593.669871,6.762479,34.912396,818.661128,114.857325,32.835286,28.227216,313345.622864,312609.133868,175.919827,984.536003,72.127179,0.036626,0.010471,0.009001,99.920902,0.023000,15.094819,9.741182,2.976950,15.176812,31,0.563768,12,31,0,100.000000,0.734047,50.793651,160.016869,1617.576812,2855.454471,-0.000000,80.805987
1440.000000,contribution,optical,hardware,1,1,1,0,priority,0.000500,180,15,hybrid,0.050000,4000.000000,6.087000,52.000000,500.000000,500.000000,2.000000,120.000000,0.400000,69,44,69,14,34,7,13,0,0,0,0,0,14,14,0,0,0.000000,1.000000,45.184582,clear-ocean,30.000000,60.000000,0.151000,197,377085,96.688462,6.714476,25,0,0,25,0,20,0,0,20,0,0,0,0,0,0,17,3,0,14,0,0,0,0,0,8,17,44,8,15,11,20.025245,176.607085,221.383454,12.500000,11.764706,75.000000,1,0,0,327194.148446,7.478146,37.573832,818.661128,121.006290,34.188714,29.353824,326937.324336,326200.835340,184.548827,993.313106,72.275282,0.036983,0.010449,0.008971,99.921507,0.022089,14.605753,9.784852,2.976950,15.889583,35,0.540278,12,35,0,100.000000,0.729682,49.275362,154.250771,1551.955556,2941.561187,-0.000000,144.824794
1500.000000,contribution,optical,hardware,1,1,1,0,priority,0.000500,180,15,hybrid,0.050000,4000.000000,6.087000,52.000000,500.000000,500.000000,2.000000,120.000000,0.400000,71,45,71,14,36,8,14,0,0,0,0,0,14,14,0,0,0.000000,1.000000,45.184582,clear-ocean,30.000000,60.000000,0.151000,203,377907,96.899231,6.459949,26,0,0,26,0,22,0,0,22,0,0,0,0,0,0,17,3,0,14,0,0,0,0,0,9,17,45,9,16,11,18.107329,175.429644,221.383454,11.111111,5.882353,75.555556,1,0,0,340793.119406,8.641376,38.280088,818.661128,125.463435,35.718141,30.488637,340529.025809,339792.536813,191.670212,1000.582593,72.423385,0.036815,0.010481,0.008946,99.922506,0.021251,15.002390,9.345725,2.976950,16.693333,37,0.518667,12,35,0,100.000000,0.735937,50.704225,150.140507,1491.584000,3027.667904,-0.000000,218.816219
1560.000000,contribution,optical,hardware,1,1,1,0,priority,0.000500,180,15,hybrid,0.050000,4000.000000,6.087000,52.000000,500.000000,500.000000,2.000000,120.000000,0.400000,73,47,73,14,36,8,14,0,0,0,0,0,14,14,0,0,0.000000,1.000000,45.184582,clear-ocean,30.000000,60.000000,0.151000,203,377907,96.899231,6.211489,26,0,0,26,0,22,0,0,22,0,0,0,0,0,0,17,3,0,14,0,0,0,0,0,9,17,47,9,16,11,18.107329,175.429644,221.383454,11.111111,5.882353,76.595745,1,0,0,354390.220878,8.641376,38.280088,818.661128,129.599605,36.752183,30.718424,354120.727281,353384.238285,197.070212,1005.982593,72.423385,0.036570,0.010371,0.008668,99.923956,0.020436,15.002390,9.345725,2.976950,17.464103,37,0.498718,12,37,0,100.000000,0.735937,49.315068,150.140507,1434.215385,3113.774620,-0.000000,295.764462
1620.000000,contribution,optical,hardware,1,1,1,0,priority,0.000500,180,15,hybrid,0.050000,4000.000000,6.087000,52.000000,500.000000,500.000000,2.000000,120.000000,0.400000,77,49,77,14,37,8,15,0,0,0,0,0,14,14,0,0,0.000000,1.000000,45.184582,clear-ocean,30.000000,60.000000,0.151000,211,380283,97.508462,6.019041,28,0,0,28,0,23,0,0,23,0,0,0,0,0,0,17,3,0,14,0,0,0,0,0,9,19,49,9,17,11,18.107329,175.149394,221.383454,11.111111,10.526316,77.551020,1,0,0,367991.649581,8.641376,42.607319,818.661128,136.499109,38.578226,31.626365,367712.428754,366975.939758,206.703699,1015.709824,72.517128,0.037093,0.010483,0.008594,99.924123,0.019706,15.002390,9.790285,2.976950,18.240741,40,0.480247,12,40,0,100.000000,0.747088,48.051948,150.695234,1382.360494,3199.881336,-0.000000,368.373360
1680.000000,contribution,optical,hardware,1,1,1,0,priority,0.000500,180,15,hybrid,0.050000,4000.000000,6.087000,52.000000,500.000000,500.000000,2.000000,120.000000,0.400000,81,52,81,14,38,9,15,0,0,0,0,0,14,14,0,0,0.000000,1.000000,45.184582,clear-ocean,30.000000,60.000000,0.151000,213,380493,97.562308,5.807280,29,0,0,29,0,24,0,0,24,0,0,0,0,0,0,17,3,0,14,0,0,0,0,0,10,19,52,10,17,11,16.561503,175.149394,221.383454,10.000000,10.526316,78.846154,1,0,0,381589.219541,9.109864,42.607319,818.661128,140.786638,39.633807,32.097383,381304.130227,380567.641230,212.517827,1021.578311,72.571487,0.036895,0.010387,0.008412,99.925289,0.019018,14.234162,9.790285,2.976950,19.095833,44,0.463095,12,43,0,100.000000,0.725800,46.913580,146.799282,1333.295238,3285.988052,-0.000000,429.758202
1740.000000,contribution,optical,hardware,1,1,1,0,priority,0.000500,180,15,hybrid,0.050000,4000.000000,6.087000,52.000000,500.000000,500.000000,2.000000,120.000000,0.400000,86,56,86,14,39,9,16,0,0,0,0,0,14,14,0,0,0.000000,1.000000,45.184582,clear-ocean,30.000000,60.000000,0.151000,216,381384,97.790769,5.620159,30,0,0,30,0,25,0,0,25,0,0,0,0,0,0,17,3,0,14,0,0,0,0,0,10,20,56,10,18,11,16.561503,172.148319,221.383454,10.000000,10.000000,80.357143,1,0,0,395188.012655,9.109864,44.298960,818.661128,145.824705,40.728773,32.962247,394895.831699,394159.342703,219.515725,1028.669952,72.665231,0.036900,0.010306,0.008341,99.926065,0.018388,14.234162,9.613490,2.976950,19.946552,47,0.447126,12,47,0,100.000000,0.716821,45.348837,146.141096,1288.496552,3372.094768,-0.000000,474.098532
1800.000000,contribution,optical,hardware,1,1,1,0,priority,0.000500,180,15,hybrid,0.050000,4000.000000,6.087000,52.000000,500.000000,500.000000,2.000000,120.000000,0.400000,87,57,87,14,40,9,17,0,0,0,0,0,14,14,0,0,0.000000,1.000000,45.184582,clear-ocean,30.000000,60.000000,0.151000,217,381681,97.866923,5.437051,30,0,0,30,0,26,0,0,26,0,0,0,0,0,0,17,3,0,14,0,0,0,0,0,10,20,57,10,19,11,16.561503,170.817854,221.383454,10.000000,5.000000,80.701754,1,0,0,408785.820384,9.109864,45.005216,818.661128,149.960876,41.762815,33.804547,408487.533172,407751.044175,225.528238,1034.776208,72.758974,0.036684,0.010216,0.008270,99.927031,0.017799,14.234162,9.252717,2.976950,20.851667,48,0.432222,12,47,0,100.000000,0.716821,45.977011,146.159306,1246.684444,3458.201484,-0.000000,497.190040
1860.000000,contribution,optical,hardware,1,1,1,0,priority,0.000500,180,15,hybrid,0.050000,4000.000000,6.087000,52.000000,500.000000,500.000000,2.000000,120.000000,0.400000,90,60,90,28,43,9,18,0,0,0,0,0,28,28,0,0,0.000000,1.000000,44.449658,clear-ocean,30.000000,60.000000,0.151000,246,483126,123.878462,6.660132,30,0,0,30,0,27,0,0,27,0,0,0,0,0,0,21,4,0,16,1,0,0,0,0,10,20,60,10,20,13,16.561503,168.329899,375.022361,10.000000,0.000000,78.333333,1,0,0,422638.234472,9.109864,45.711473,1073.267487,154.097046,42.796858,51.446847,422297.924285,421342.745648,248.340751,1295.488824,91.969436,0.036461,0.010126,0.012173,99.919480,0.021761,14.234162,8.928022,3.302361,21.353763,48,0.748925,13,35,11,100.000000,0.716821,47.777778,195.523342,1422.623656,3544.308200,0.000000,496.843209
1920.000000,contribution,optical,hardware,1,1,1,0,priority,0.000500,180,15,hybrid,0.050000,4000.000000,6.087000,52.000000,500.000000,500.000000,2.000000,120.000000,0.400000,93,62,93,28,50,10,18,0,0,0,0,0,28,28,0,0,0.000000,1.000000,44.449658,clear-ocean,30.000000,60.000000,0.151000,300,660300,169.307692,8.818109,31,0,0,31,0,28,0,0,28,0,0,0,0,0,0,28,5,0,22,1,0,0,0,0,11,20,62,11,20,19,15.352165,168.329899,616.767877,9.090909,0.000000,69.354839,1,0,0,436633.476559,10.375402,45.711473,1470.142564,158.893421,44.089362,51.969147,436251.786988,434934.447120,254.951930,1699.029439,126.737641,0.036391,0.010098,0.011902,99.912584,0.029026,14.737787,8.928022,3.095037,21.815625,48,0.991146,13,37,5,100.000000,0.720645,53.763441,305.081229,2003.433333,3630.414917,0.000000,473.090927
1980.000000,contribution,optical,hardware,1,1,1,0,priority,0.000500,180,15,hybrid,0.050000,4000.000000,6.087000,52.000000,500.000000,500.000000,2.000000,120.000000,0.400000,99,63,99,28,53,10,18,0,0,0,0,0,28,28,0,0,0.000000,1.000000,44.449658,clear-ocean,30.000000,60.000000,0.151000,346,774642,198.626154,10.031624,36,0,0,36,0,28,0,0,28,0,0,0,0,0,0,33,7,0,25,1,0,0,0,0,11,25,63,11,20,22,15.352165,168.329899,671.912046,9.090909,20.000000,65.079365,1,0,0,450484.918237,10.375402,53.690447,1716.503795,168.498617,47.438481,52.393806,450068.907538,448526.148593,268.330904,1958.769644,147.679795,0.037404,0.010531,0.011631,99.907653,0.032782,14.737787,10.486415,3.120916,22.327778,48,1.078788,13,43,2,100.000000,0.731197,53.535354,345.613902,2245.753535,3716.521633,0.000000,428.185362
2040.000000,contribution,optical,hardware,1,1,1,0,priority,0.000500,180,15,hybrid,0.050000,4000.000000,6.087000,52.000000,500.000000,500.000000,2.000000,120.000000,0.400000,101,63,101,28,56,10,18,0,0,0,0,0,28,28,0,0,0.000000,1.000000,44.449658,clear-ocean,30.000000,60.000000,0.151000,374,868110,222.592308,10.911388,38,0,0,38,0,28,0,0,28,0,0,0,0,0,0,36,8,0,28,0,0,0,0,0,11,27,63,11,20,25,15.352165,168.329899,703.607914,9.090909,25.925926,60.317460,1,0,0,464293.549710,10.375402,54.701678,1927.022564,173.479044,48.594370,52.668722,463851.129626,462117.850065,274.742135,2175.699644,167.677949,0.037364,0.010466,0.011344,99.904711,0.036115,14.737787,10.683921,3.083236,22.969118,48,1.057843,13,45,0,100.000000,0.704723,55.445545,377.244101,2473.819608,3802.628349,0.000000,366.384420
2100.000000,contribution,optical,hardware,1,1,1,0,priority,0.000500,180,15,hybrid,0.050000,4000.000000,6.087000,52.000000,500.000000,500.000000,2.000000,120.000000,0.400000,104,65,104,28,58,11,19,0,0,0,0,0,28,28,0,0,0.000000,1.000000,44.449658,clear-ocean,30.000000,60.000000,0.151000,379,868827,222.776154,10.608388,39,0,0,39,0,30,0,0,30,0,0,0,0,0,0,36,8,0,28,0,0,0,0,0,12,27,65,12,21,25,14.293407,166.091427,703.607914,8.333333,22.222222,61.538462,1,0,0,477892.165156,11.183120,55.407934,1927.022564,178.105804,49.649951,53.752252,477442.831098,475709.551538,281.508007,2182.613618,167.826051,0.037269,0.010389,0.011248,99.905976,0.035118,14.561354,10.306535,3.083236,23.626190,48,1.027619,13,46,0,100.000000,0.696634,55.769231,366.373081,2404.358095,3888.735065,0.000000,293.548012
2160.000000,contribution,optical,hardware,1,1,1,0,priority,0.000500,180,15,hybrid,0.050000,4000.000000,6.087000,52.000000,500.000000,500.000000,2.000000,120.000000,0.400000,109,69,109,28,59,11,20,0,0,0,0,0,28,28,0,0,0.000000,1.000000,44.449658,clear-ocean,30.000000,60.000000,0.151000,384,870312,223.156923,10.331339,40,0,0,40,0,31,0,0,31,0,0,0,0,0,0,36,8,0,28,0,0,0,0,0,12,28,69,12,22,25,14.293407,166.593404,703.607914,8.333333,21.428571,63.768116,1,0,0,491492.159475,11.183120,58.300781,1927.022564,183.623640,51.415070,54.668399,491034.532571,489301.253011,289.707110,2190.906465,167.919795,0.037360,0.010461,0.011123,99.906890,0.034165,14.561354,10.351701,3.083236,24.303704,50,0.999074,13,50,0,100.000000,0.706705,54.128440,363.165655,2338.518519,3974.841781,0.000000,216.582421
2220.000000,contribution,optical,hardware,1,1,1,0,priority,0.000500,180,15,hybrid,0.050000,4000.000000,6.087000,52.000000,500.000000,500.000000,2.000000,120.000000,0.400000,111,70,111,28,60,11,21,0,0,0,0,0,28,28,0,0,0.000000,1.000000,44.449658,clear-ocean,30.000000,60.000000,0.151000,389,871797,223.537692,10.069265,41,0,0,41,0,32,0,0,32,0,0,0,0,0,0,36,8,0,28,0,0,0,0,0,12,29,70,12,23,25,14.293407,169.571380,703.607914,8.333333,20.689655,64.285714,1,0,0,505092.344178,11.183120,61.384011,1927.022564,188.661708,53.850344,55.584545,504626.234043,502892.954483,298.096597,2199.389695,168.013538,0.037352,0.010661,0.011005,99.907718,0.033264,14.561354,10.425274,3.083236,25.011261,51,0.972072,13,51,0,100.000000,0.720838,54.054054,361.031008,2276.237838,4060.948497,0.000000,142.785454
2280.000000,contribution,optical,hardware,1,1,1,0,priority,0.000500,180,15,hybrid,0.050000,4000.000000,6.087000,52.000000,500.000000,500.000000,2.000000,120.000000,0.400000,114,72,114,28,61,11,22,0,0,0,0,0,28,28,0,0,0.000000,1.000000,44.449658,clear-ocean,30.000000,60.000000,0.151000,395,873579,223.994615,9.824325,42,0,0,42,0,33,0,0,33,0,0,0,0,0,0,36,8,0,28,0,0,0,0,0,12,30,72,12,24,25,14.293407,174.633204,703.607914,8.333333,20.000000,65.277778,1,0,0,518692.818266,11.183120,64.756627,1927.022564,194.659314,55.615463,56.500691,518217.935516,516484.655956,306.775469,2208.162311,168.107282,0.037529,0.010722,0.010893,99.908446,0.032410,14.561354,10.539816,3.083236,25.710088,53,0.946491,13,53,0,100.000000,0.735287,53.508772,359.883863,2217.235088,4147.055213,0.000000,79.154475
2340.000000,contribution,optical,hardware,1,1,1,0,priority,0.000500,180,15,hybrid,0.050000,4000.000000,6.087000,52.000000,500.000000,500.000000,2.000000,120.000000,0.400000,118,75,118,28,62,11,23,0,0,0,0,0,28,28,0,0,0.000000,1.000000,44.449658,clear-ocean,30.000000,60.000000,0.151000,399,874767,224.299231,9.585437,43,0,0,43,0,34,0,0,34,0,0,0,0,0,0,36,8,0,28,0,0,0,0,0,12,31,75,12,25,25,14.293407,181.693051,703.607914,8.333333,19.354839,66.666667,1,0,0,532292.091149,11.183120,66.928037,1927.022564,200.177151,56.710429,57.365555,531809.636988,530076.357428,314.253135,2215.733721,168.201026,0.037607,0.010654,0.010777,99.909363,0.031599,14.561354,10.457506,3.083236,26.443162,56,0.922222,13,56,0,100.000000,0.734109,52.542373,359.742662,2161.258120,4233.161930,0.000000,31.722915
2400.000000,contribution,optical,hardware,1,1,1,0,priority,0.000500,180,15,hybrid,0.050000,4000.000000,6.087000,52.000000,500.000000,500.000000,2.000000,120.000000,0.400000,120,77,120,28,63,11,24,0,0,0,0,0,28,28,0,0,0.000000,1.000000,44.449658,clear-ocean,30.000000,60.000000,0.151000,400,875064,224.375385,9.348974,43,0,0,43,0,35,0,0,35,0,0,0,0,0,0,36,8,0,28,0,0,0,0,0,12,31,77,12,26,25,14.293407,190.603293,703.607914,8.333333,16.129032,67.532468,1,0,0,545889.898878,11.183120,67.634293,1927.022564,204.313321,57.744471,58.207855,545401.338461,543668.058901,320.265648,2221.839977,168.294769,0.037428,0.010578,0.010663,99.910502,0.030829,14.561354,10.161402,3.083236,27.209583,58,0.899167,13,57,0,100.000000,0.734109,52.500000,360.593720,2108.080000,4319.268646,0.000000,4.988194
2460.000000,contribution,optical,hardware,1,1,1,0,priority,0.000500,180,15,hybrid,0.050000,4000.000000,6.087000,52.000000,500.000000,500.000000,2.000000,120.000000,0.400000,125,81,125,28,63,11,24,0,0,0,0,0,28,28,0,0,0.000000,1.000000,44.449658,clear-ocean,30.000000,60.000000,0.151000,404,875484,224.483077,9.125328,44,0,0,44,0,35,0,0,35,0,0,0,0,0,0,36,8,0,28,0,0,0,0,0,13,31,81,12,26,25,14.293407,190.603293,703.607914,15.384615,16.129032,69.135802,1,0,0,559487.714915,11.897684,67.634293,1927.022564,209.109697,58.800052,58.470463,558993.039933,557259.760373,326.380212,2227.954542,168.294769,0.037375,0.010510,0.010451,99.911584,0.030080,15.491776,10.161402,3.083236,27.998374,62,0.877236,13,62,0,100.000000,0.729219,50.400000,360.593720,2056.663415,4405.375362,-0.000000,1.485272
2520.000000,contribution,optical,hardware,1,1,1,0,priority,0.000500,180,15,hybrid,0.050000,4000.000000,6.087000,52.000000,500.000000,500.000000,2.000000,120.000000,0.400000,131,85,131,28,65,12,25,0,0,0,0,0,28,28,0,0,0.000000,1.000000,44.449658,clear-ocean,30.000000,60.000000,0.151000,412,877668,225.043077,8.930281,46,0,0,46,0,37,0,0,37,0,0,0,0,0,0,36,8,0,28,0,0,0,0,0,13,33,85,13,27,25,13.383827,199.621585,703.607914,7.692308,18.181818,70.588235,1,0,0,573089.358669,12.170710,71.903550,1927.022564,214.569893,61.966403,59.638096,572584.741406,570851.461846,336.174392,2237.896824,168.442872,0.037441,0.010813,0.010406,99.911948,0.029392,14.628257,10.402713,3.083236,28.846429,66,0.856349,13,66,0,100.000000,0.739454,49.618321,356.214929,2008.711111,4491.482078,-0.000000,21.546295
2580.000000,contribution,optical,hardware,1,1,1,0,priority,0.000500,180,15,hybrid,0.050000,4000.000000,6.087000,52.000000,500.000000,500.000000,2.000000,120.000000,0.400000,136,90,136,28,66,12,26,0,0,0,0,0,28,28,0,0,0.000000,1.000000,44.449658,clear-ocean,30.000000,60.000000,0.151000,413,877965,225.119231,8.725552,46,0,0,46,0,38,0,0,38,0,0,0,0,0,0,36,8,0,28,0,0,0,0,0,13,33,90,13,28,25,13.383827,206.677846,703.607914,7.692308,15.151515,72.222222,1,0,0,586687.166398,12.170710,72.609806,1927.022564,218.706063,63.000445,60.480396,586176.442878,584443.163318,342.186904,2244.003080,168.536615,0.037278,0.010738,0.010309,99.912948,0.028727,14.628257,10.129716,3.083236,29.738760,69,0.836434,13,70,0,100.000000,0.739454,48.529412,356.835868,1962.790698,4577.588794,-0.000000,63.269094
2640.000000,contribution,optical,hardware,1,1,1,0,priority,0.000500,180,15,hybrid,0.050000,4000.000000,6.087000,52.000000,500.000000,500.000000,2.000000,120.000000,0.400000,137,90,137,28,67,12,27,0,0,0,0,0,28,28,0,0,0.000000,1.000000,44.449658,clear-ocean,30.000000,60.000000,0.151000,418,879450,225.500000,8.541667,47,0,0,47,0,39,0,0,39,0,0,0,0,0,0,36,8,0,28,0,0,0,0,0,13,34,90,13,29,25,13.383827,213.078395,703.607914,7.692308,14.705882,72.222222,1,0,0,600286.929307,12.170710,75.271242,1927.022564,224.703669,64.095411,61.355517,599768.144351,598034.864791,350.154597,2252.064516,168.630359,0.037433,0.010677,0.010221,99.913577,0.028092,14.628257,10.138907,3.083236,30.656439,71,0.817424,13,70,0,100.000000,0.743142,48.905109,357.365090,1918.957576,4663.695510,-0.000000,122.697550
2700.000000,contribution,optical,hardware,1,1,1,0,priority,0.000500,180,15,hybrid,0.050000,4000.000000,6.087000,52.000000,500.000000,500.000000,2.000000,120.000000,0.400000,139,90,139,28,69,13,28,0,0,0,0,0,28,28,0,0,0.000000,1.000000,44.449658,clear-ocean,30.000000,60.000000,0.151000,425,880761,225.836154,8.364302,49,0,0,49,0,41,0,0,41,0,0,0,0,0,0,36,8,0,28,0,0,0,0,0,14,35,90,14,30,25,12.637538,219.239862,703.607914,7.142857,14.285714,72.222222,1,0,0,613886.530138,12.978428,76.962883,1927.022564,230.232326,65.211915,62.461612,613359.845823,611626.566263,357.905853,2259.963875,168.778462,0.037504,0.010623,0.010175,99.914205,0.027493,14.484852,10.021209,3.083236,31.518889,71,0.799259,13,70,0,100.000000,0.730068,49.640288,352.816221,1877.262222,4749.802227,-0.000000,194.196710
2760.000000,contribution,optical,hardware,1,1,1,0,priority,0.000500,180,15,hybrid,0.050000,4000.000000,6.087000,52.000000,500.000000,500.000000,2.000000,120.000000,0.400000,143,93,143,28,70,13,29,0,0,0,0,0,28,28,0,0,0.000000,1.000000,44.449658,clear-ocean,30.000000,60.000000,0.151000,427,881355,225.988462,8.187988,50,0,0,50,0,42,0,0,42,0,0,0,0,0,0,36,8,0,28,0,0,0,0,0,14,36,93,14,31,25,12.637538,224.905518,703.607914,7.142857,13.888889,73.118280,1,0,0,627484.843482,12.978428,78.174755,1927.022564,234.790625,66.306881,63.326476,626951.547296,625218.267736,364.423981,2266.575747,168.872205,0.037418,0.010567,0.010092,99.915011,0.026913,14.484852,9.850650,3.083236,32.386232,73,0.781884,13,73,0,100.000000,0.720031,48.951049,353.417064,1837.194203,4835.908943,-0.000000,270.987089
2820.000000,contribution,optical,hardware,1,1,1,0,priority,0.000500,180,15,hybrid,0.050000,4000.000000,6.087000,52.000000,500.000000,500.000000,2.000000,120.000000,0.400000,147,97,147,28,71,13,30,0,0,0,0,0,28,28,0,0,0.000000,1.000000,44.449658,clear-ocean,30.000000,60.000000,0.151000,428,881652,226.064615,8.016476,50,0,0,50,0,43,0,0,43,0,0,0,0,0,0,36,8,0,28,0,0,0,0,0,14,36,97,14,32,25,12.637538,228.340964,703.607914,7.142857,11.111111,74.226804,1,0,0,641082.651211,12.978428,78.881011,1927.022564,238.926795,67.340923,64.168776,640543.248768,638809.969208,370.436494,2272.682003,168.965949,0.037269,0.010504,0.010009,99.915861,0.026356,14.484852,9.629030,3.083236,33.298582,77,0.765248,13,76,0,100.000000,0.720031,48.299320,353.155412,1798.831206,4922.015659,-0.000000,345.787490
2880.000000,contribution,optical,hardware,1,1,1,0,priority,0.000500,180,15,hybrid,0.050000,4000.000000,6.087000,52.000000,500.000000,500.000000,2.000000,120.000000,0.400000,148,97,148,28,72,13,31,0,0,0,0,0,28,28,0,0,0.000000,1.000000,44.449658,clear-ocean,30.000000,60.000000,0.151000,433,883137,226.445385,7.862687,51,0,0,51,0,44,0,0,44,0,0,0,0,0,0,36,8,0,28,0,0,0,0,0,14,37,97,14,33,25,12.637538,232.873415,703.607914,7.142857,10.810811,74.226804,1,0,0,654682.414120,12.978428,81.542447,1927.022564,244.924401,68.435889,65.043897,654134.950241,652401.670681,378.404186,2280.743439,169.059692,0.037411,0.010453,0.009935,99.916377,0.025823,14.484852,9.652278,3.083236,34.201042,77,0.749306,13,76,0,100.000000,0.723811,48.648649,353.499251,1762.066667,5008.122375,-0.000000,411.505408
2940.000000,contribution,optical,hardware,1,1,1,0,priority,0.000500,180,15,hybrid,0.050000,4000.000000,6.087000,52.000000,500.000000,500.000000,2.000000,120.000000,0.400000,151,98,151,28,73,13,32,0,0,0,0,0,28,28,0,0,0.000000,1.000000,44.449658,clear-ocean,30.000000,60.000000,0.151000,440,885216,226.978462,7.720356,53,0,0,53,0,45,0,0,45,0,0,0,0,0,0,36,8,0,28,0,0,0,0,0,14,39,98,14,34,25,12.637538,236.101353,703.607914,7.142857,12.820513,74.489796,1,0,0,668283.594464,12.978428,85.621319,1927.022564,250.864366,70.932085,65.992863,667726.651713,665993.372153,387.789315,2290.222311,169.153436,0.037539,0.010614,0.009875,99.916661,0.025312,14.484852,9.837008,3.083236,35.082313,78,0.734014,13,78,0,100.000000,0.729376,48.344371,353.350265,1726.802721,5094.229091,-0.000000,461.909527
3000.000000,contribution,optical,hardware,1,1,1,0,priority,0.000500,180,15,hybrid,0.050000,4000.000000,6.087000,52.000000,500.000000,500.000000,2.000000,120.000000,0.400000,153,99,153,28,75,14,33,0,0,0,0,0,28,28,0,0,0.000000,1.000000,44.449658,clear-ocean,30.000000,60.000000,0.151000,447,886143,227.216154,7.573872,54,0,0,54,0,47,0,0,47,0,0,0,0,0,0,36,8,0,28,0,0,0,0,0,15,39,99,15,35,25,12.021257,234.265823,703.607914,6.666667,10.256410,74.747475,1,0,0,681882.667731,14.243966,86.327575,1927.022564,255.660741,72.224589,67.127676,681318.353186,679585.073626,395.013007,2297.594106,169.301538,0.037493,0.010592,0.009844,99.917242,0.024829,14.837465,9.634774,3.083236,35.951667,79,0.719333,13,78,0,100.000000,0.731339,49.019608,346.264273,1693.120000,5180.335807,-0.000000,492.220574
3060.000000,contribution,optical,hardware,1,1,1,0,priority,0.000500,180,15,hybrid,0.050000,4000.000000,6.087000,52.000000,500.000000,500.000000,2.000000,120.000000,0.400000,153,99,153,42,76,14,33,0,0,0,0,0,42,42,0,0,0.000000,1.000000,44.025024,clear-ocean,30.000000,60.000000,0.151000,464,949128,243.366154,7.953142,54,0,0,54,0,47,0,0,47,0,0,0,0,0,0,39,9,0,29,1,0,0,0,0,15,39,99,15,35,26,12.021257,234.265823,752.173774,6.666667,10.256410,73.737374,1,0,0,695647.379460,14.243966,86.327575,2094.632821,259.796912,73.258632,84.157464,695050.457941,693176.775098,417.213007,2470.604362,179.708513,0.037346,0.010531,0.012098,99.914192,0.025833,14.837465,9.634774,3.222512,36.634641,79,0.835948,13,64,12,100.000000,0.731339,49.673203,367.580800,1725.281046,5266.442523,0.000000,499.564484
3120.000000,contribution,optical,hardware,1,1,1,0,priority,0.000500,180,15,hybrid,0.050000,4000.000000,6.087000,52.000000,500.000000,500.000000,2.000000,120.000000,0.400000,155,99,155,42,85,15,34,0,0,0,0,0,42,42,0,0,0.000000,1.000000,44.025024,clear-ocean,30.000000,60.000000,0.151000,527,1141023,292.570000,9.377244,56,0,0,56,0,49,0,0,49,0,0,0,0,0,0,46,9,0,36,1,0,0,0,0,16,40,99,16,36,33,11.422982,232.661008,986.379279,6.250000,10.000000,66.666667,1,0,0,709678.191805,15.407197,89.410806,2524.097231,265.155954,76.189290,85.366123,709031.690080,706768.476571,426.711366,2909.715234,219.790359,0.037363,0.010736,0.012029,99.908902,0.030970,15.046091,9.701693,3.059512,37.162821,79,0.983333,13,64,5,100.000000,0.744121,54.838710,483.636238,2141.641026,5352.549240,0.000000,483.244912
3180.000000,contribution,optical,hardware,1,1,1,0,priority,0.000500,180,15,hybrid,0.050000,4000.000000,6.087000,52.000000,500.000000,500.000000,2.000000,120.000000,0.400000,157,100,157,42,92,15,35,0,0,0,0,0,42,42,0,0,0.000000,1.000000,44.025024,clear-ocean,30.000000,60.000000,0.151000,568,1269240,325.446154,10.234156,57,0,0,57,0,50,0,0,50,0,0,0,0,0,0,51,9,0,42,0,0,0,0,0,16,41,100,16,37,39,11.422982,231.762717,1100.216178,6.250000,9.756098,61.000000,1,0,0,723565.115739,15.407197,92.783422,2810.547077,271.153560,77.954409,86.282269,722882.765091,720360.178043,435.390238,3204.937695,246.960410,0.037475,0.010774,0.011925,99.905696,0.034131,15.046091,9.795547,2.882612,37.673270,79,0.993082,13,65,0,100.000000,0.754359,58.598726,561.591513,2479.235220,5438.655956,0.000000,444.809266
3240.000000,contribution,optical,hardware,1,1,1,0,priority,0.000500,180,15,hybrid,0.050000,4000.000000,6.087000,52.000000,500.000000,500.000000,2.000000,120.000000,0.400000,159,102,159,42,93,15,36,0,0,0,0,0,42,42,0,0,0.000000,1.000000,44.025024,clear-ocean,30.000000,60.000000,0.151000,569,1269537,325.522308,10.046985,57,0,0,57,0,51,0,0,51,0,0,0,0,0,0,51,9,0,42,0,0,0,0,0,16,41,102,16,38,39,11.422982,229.317790,1100.216178,6.250000,7.317073,61.764706,1,0,0,737162.923468,15.407197,93.489678,2810.547077,275.289730,78.988452,87.124569,736474.466563,733951.879516,441.402751,3211.043952,247.054154,0.037344,0.010715,0.011819,99.906607,0.033514,15.046091,9.610370,2.882612,38.194136,79,0.974691,13,66,0,100.000000,0.754359,58.490566,557.045964,2433.955556,5524.762672,0.000000,387.901981
3300.000000,contribution,optical,hardware,1,1,1,0,priority,0.000500,180,15,hybrid,0.050000,4000.000000,6.087000,52.000000,500.000000,500.000000,2.000000,120.000000,0.400000,161,102,161,42,94,15,37,0,0,0,0,0,42,42,0,0,0.000000,1.000000,44.025024,clear-ocean,30.000000,60.000000,0.151000,576,1271616,326.055385,9.880466,59,0,0,59,0,52,0,0,52,0,0,0,0,0,0,51,9,0,42,0,0,0,0,0,16,43,102,16,39,39,11.422982,238.001976,1100.216178,6.250000,9.302326,61.764706,1,0,0,750763.872402,15.407197,97.337139,2810.547077,281.709464,80.814494,88.032510,750066.168036,747543.580988,450.556469,3220.291413,247.147897,0.037523,0.010764,0.011726,99.907067,0.032920,15.046091,9.749313,2.882612,38.694545,79,0.956970,13,67,0,100.000000,0.755159,58.385093,557.162508,2390.322424,5610.869388,0.000000,317.918952
3360.000000,contribution,optical,hardware,1,1,1,0,priority,0.000500,180,15,hybrid,0.050000,4000.000000,6.087000,52.000000,500.000000,500.000000,2.000000,120.000000,0.400000,165,106,165,42,95,15,38,0,0,0,0,0,42,42,0,0,0.000000,1.000000,44.025024,clear-ocean,30.000000,60.000000,0.151000,577,1271913,326.131538,9.706296,59,0,0,59,0,53,0,0,53,0,0,0,0,0,0,51,9,0,42,0,0,0,0,0,16,43,106,16,40,39,11.422982,236.437242,1100.216178,6.250000,6.976744,63.207547,1,0,0,764361.680131,15.407197,98.043396,2810.547077,285.845634,81.848537,88.874810,763657.869508,761135.282461,456.568981,3226.397670,247.241641,0.037397,0.010708,0.011627,99.907922,0.032346,15.046091,9.574550,2.882612,39.232143,79,0.939881,13,70,0,100.000000,0.755159,57.575758,553.144088,2348.247619,5696.976104,0.000000,241.495910
3420.000000,contribution,optical,hardware,1,1,1,0,priority,0.000500,180,15,hybrid,0.050000,4000.000000,6.087000,52.000000,500.000000,500.000000,2.000000,120.000000,0.400000,170,109,170,42,95,15,38,0,0,0,0,0,42,42,0,0,0.000000,1.000000,44.025024,clear-ocean,30.000000,60.000000,0.151000,583,1273695,326.588462,9.549370,61,0,0,61,0,53,0,0,53,0,0,0,0,0,0,51,9,0,42,0,1,0,1,0,16,45,109,16,40,39,11.422982,236.437242,1100.216178,6.250000,11.111111,64.220183,1,0,0,777961.922808,15.407197,101.184601,2810.547077,292.265369,83.674579,89.170238,777249.570981,774726.983933,465.110186,3234.938875,247.241641,0.037568,0.010756,0.011462,99.908434,0.031781,15.046091,9.881309,2.882612,39.816082,79,0.923392,13,74,0,100.000000,0.755906,55.882353,553.144088,2307.050292,5783.082820,0.000000,165.879217
3480.000000,contribution,optical,hardware,1,1,1,0,priority,0.000500,180,15,hybrid,0.050000,4000.000000,6.087000,52.000000,500.000000,500.000000,2.000000,120.000000,0.400000,174,113,174,42,96,15,39,0,0,0,0,0,42,42,0,0,0.000000,1.000000,44.025024,clear-ocean,30.000000,60.000000,0.151000,584,1273992,326.664615,9.386914,61,0,0,61,0,54,0,0,54,0,0,0,0,0,0,51,9,0,42,0,1,0,1,0,16,45,113,16,41,39,11.422982,235.082010,1100.216178,6.250000,8.888889,65.486726,1,0,0,791559.730537,15.407197,101.890857,2810.547077,296.401539,84.708622,90.012538,790841.272453,788318.685406,471.122699,3241.045131,247.335385,0.037445,0.010701,0.011372,99.909235,0.031247,15.046091,9.707589,2.882612,40.456322,79,0.907471,13,77,0,100.000000,0.755906,55.172414,549.266261,2267.862069,5869.189536,0.000000,98.238782
3540.000000,contribution,optical,hardware,1,1,1,0,priority,0.000500,180,15,hybrid,0.050000,4000.000000,6.087000,52.000000,500.000000,500.000000,2.000000,120.000000,0.400000,174,113,174,42,97,15,40,0,0,0,0,0,42,42,0,0,0.000000,1.000000,44.025024,clear-ocean,30.000000,60.000000,0.151000,585,1274289,326.740769,9.229965,61,0,0,61,0,55,0,0,55,0,0,0,0,0,0,51,9,0,42,0,1,0,1,0,16,45,113,16,42,39,11.422982,235.195299,1100.216178,6.250000,6.666667,65.486726,1,0,0,805157.538266,15.407197,102.597114,2810.547077,300.537709,85.742664,90.854838,804432.973926,801910.386878,477.135212,3247.151388,247.429128,0.037327,0.010649,0.011284,99.910010,0.030731,15.046091,9.542142,2.882612,41.074294,79,0.892090,13,76,0,100.000000,0.755906,55.747126,546.076301,2230.002260,5955.296253,0.000000,44.988210
3600.000000,contribution,optical,hardware,1,1,1,0,priority,0.000500,180,15,hybrid,0.050000,4000.000000,6.087000,52.000000,500.000000,500.000000,2.000000,120.000000,0.400000,176,114,176,42,98,16,40,0,0,0,0,0,42,42,0,0,0.000000,1.000000,44.025024,clear-ocean,30.000000,60.000000,0.151000,590,1274814,326.875385,9.079872,62,0,0,62,0,56,0,0,56,0,0,0,0,0,0,51,9,0,42,0,1,0,1,0,17,45,114,17,42,39,10.909989,235.195299,1100.216178,5.882353,6.666667,65.789474,1,0,0,818755.802969,16.570428,102.597114,2810.547077,304.994854,87.272092,91.377138,818024.675398,815502.088351,483.644084,3253.714618,247.483487,0.037251,0.010659,0.011160,99.910703,0.030227,15.230173,9.542142,2.882612,41.657222,79,0.877222,13,77,0,100.000000,0.758106,55.681818,540.531667,2192.977778,6041.402969,0.000000,11.176673
3660.000000,contribution,optical,hardware,1,1,1,0,priority,0.000500,180,15,hybrid,0.050000,4000.000000,6.087000,52.000000,500.000000,500.000000,2.000000,120.000000,0.400000,179,114,179,42,101,18,41,0,0,0,0,0,42,42,0,0,0.000000,1.000000,44.025024,clear-ocean,30.000000,60.000000,0.151000,605,1277157,327.476154,8.947436,65,0,0,65,0,59,0,0,59,0,0,0,0,0,0,51,9,0,42,0,1,0,1,0,19,46,114,19,43,39,10.052621,234.691741,1100.216178,5.263158,6.521739,65.789474,1,0,0,832357.637955,18.931889,104.969165,2810.547077,311.183716,89.554134,92.837285,831616.376871,829093.789823,493.575135,3263.848131,247.685949,0.037386,0.010759,0.011154,99.910944,0.029757,15.568988,9.535716,2.882612,42.235519,79,0.862842,13,77,0,100.000000,0.760229,56.424581,526.645303,2157.866667,6127.509685,-0.000000,0.010149
3720.000000,contribution,optical,hardware,1,1,1,0,priority,0.000500,180,15,hybrid,0.050000,4000.000000,6.087000,52.000000,500.000000,500.000000,2.000000,120.000000,0.400000,185,118,185,42,103,19,42,0,0,0,0,0,42,42,0,0,0.000000,1.000000,44.025024,clear-ocean,30.000000,60.000000,0.151000,613,1278957,327.937692,8.815529,67,0,0,67,0,61,0,0,61,0,0,0,0,0,0,51,9,0,42,0,1,0,1,0,20,47,118,20,44,39,9.686160,235.693978,1100.216178,5.000000,6.382979,66.949153,1,0,0,845958.116530,19.647556,107.630601,2810.547077,317.332681,90.907561,93.963892,845208.078343,842685.491296,502.204135,3272.625234,247.834051,0.037512,0.010746,0.011107,99.911339,0.029296,15.349653,9.555274,2.882612,42.810484,81,0.848925,13,81,0,100.000000,0.757819,55.675676,519.152322,2123.750538,6213.616401,-0.000000,12.547440
3780.000000,contribution,optical,hardware,1,1,1,0,priority,0.000500,180,15,hybrid,0.050000,4000.000000,6.087000,52.000000,500.000000,500.000000,2.000000,120.000000,0.400000,195,123,195,42,106,21,43,0,0,0,0,0,42,42,0,0,0.000000,1.000000,44.025024,clear-ocean,30.000000,60.000000,0.151000,633,1283361,329.066923,8.705474,72,0,0,72,0,64,0,0,64,0,0,0,0,0,0,51,9,0,42,0,1,0,1,0,22,50,123,22,45,39,9.054392,233.270368,1100.216178,4.545455,10.000000,68.292683,1,0,0,859563.764566,21.448889,114.375832,2810.547077,325.776031,94.651758,95.520449,858799.779816,856277.192769,515.948238,3286.571798,248.036513,0.037900,0.011012,0.011113,99.911119,0.028856,15.233586,9.928458,2.882612,43.463757,88,0.835450,13,88,0,100.000000,0.763832,54.358974,505.705605,2090.852910,6299.723117,-0.000000,47.599769
3840.000000,contribution,optical,hardware,1,1,1,0,priority,0.000500,180,15,hybrid,0.050000,4000.000000,6.087000,52.000000,500.000000,500.000000,2.000000,120.000000,0.400000,196,124,196,42,107,21,44,0,0,0,0,0,42,42,0,0,0.000000,1.000000,44.025024,clear-ocean,30.000000,60.000000,0.151000,634,1283658,329.143077,8.571434,72,0,0,72,0,65,0,0,65,0,0,0,0,0,0,51,9,0,42,0,1,0,1,0,22,50,124,22,46,39,9.054392,230.849483,1100.216178,4.545455,8.000000,68.548387,1,0,0,873161.572295,21.448889,115.082088,2810.547077,329.912201,95.685800,96.362749,872391.481288,869868.894241,521.960751,3292.678054,248.130256,0.037784,0.010959,0.011036,99.911804,0.028417,15.233586,9.772596,2.882612,44.164844,89,0.822396,13,88,0,100.000000,0.763832,54.591837,502.118727,2058.716667,6385.829833,-0.000000,101.843508
3900.000000,contribution,optical,hardware,1,1,1,0,priority,0.000500,180,15,hybrid,0.050000,4000.000000,6.087000,52.000000,500.000000,500.000000,2.000000,120.000000,0.400000,198,125,198,42,109,22,45,0,0,0,0,0,42,42,0,0,0.000000,1.000000,44.025024,clear-ocean,30.000000,60.000000,0.151000,641,1284777,329.430000,8.446923,73,0,0,73,0,68,1,0,67,0,0,0,0,0,0,51,9,0,42,0,1,0,1,0,23,50,125,23,47,39,8.791027,228.978456,1100.216178,4.347826,6.000000,68.800000,1,0,0,886761.085178,22.544812,116.397575,2810.547077,334.538961,96.978304,98.106793,885983.182761,883460.595714,529.624058,3300.489465,248.278359,0.037726,0.010936,0.011063,99.912276,0.027998,15.315769,9.674001,2.882612,44.839487,89,0.809744,13,88,0,100.000000,0.763035,55.050505,494.244147,2027.700513,6471.936549,-0.000000,170.135312
3960.000000,contribution,optical,hardware,1,1,1,0,priority,0.000500,180,15,hybrid,0.050000,4000.000000,6.087000,52.000000,500.000000,500.000000,2.000000,120.000000,0.400000,201,128,201,42,110,22,46,0,0,0,0,0,42,42,0,0,0.000000,1.000000,44.025024,clear-ocean,30.000000,60.000000,0.151000,642,1285074,329.506154,8.320862,73,0,0,73,0,69,1,0,68,0,0,0,0,0,0,51,9,0,42,0,1,0,1,0,23,50,128,23,48,39,8.791027,227.981532,1100.216178,4.347826,4.000000,69.531250,1,0,0,900358.892907,22.544812,117.103832,2810.547077,338.675131,98.012347,98.949093,899574.884233,897052.297186,535.636571,3306.595721,248.372103,0.037616,0.010886,0.010990,99.912923,0.027586,15.315769,9.529934,2.882612,45.512374,90,0.797475,13,90,0,100.000000,0.763035,54.726368,491.397619,1997.494949,6558.043266,-0.000000,245.999815
4020.000000,contribution,optical,hardware,1,1,1,0,priority,0.000500,180,15,hybrid,0.050000,4000.000000,6.087000,52.000000,500.000000,500.000000,2.000000,120.000000,0.400000,205,130,205,42,111,22,47,0,0,0,0,0,42,42,0,0,0.000000,1.000000,44.025024,clear-ocean,30.000000,60.000000,0.151000,647,1286559,329.886923,8.206142,75,0,0,75,0,70,1,0,69,0,0,0,0,0,0,51,9,0,42,0,1,0,1,0,23,52,130,23,49,39,8.791027,228.228637,1100.216178,4.347826,5.769231,70.000000,1,0,0,913958.671405,22.544812,119.780857,2810.547077,344.615097,99.168236,99.836521,913166.585706,910643.998659,543.619853,3314.672747,248.465846,0.037706,0.010850,0.010924,99.913335,0.027186,15.315769,9.548857,2.882612,46.204229,94,0.785572,13,93,0,100.000000,0.754858,54.146341,489.133584,1968.191045,6644.149982,-0.000000,322.243612
4080.000000,contribution,optical,hardware,1,1,1,0,priority,0.000500,180,15,hybrid,0.050000,4000.000000,6.087000,52.000000,500.000000,500.000000,2.000000,120.000000,0.400000,205,130,205,42,111,22,47,0,0,0,0,0,42,42,0,0,0.000000,1.000000,44.025024,clear-ocean,30.000000,60.000000,0.151000,647,1286559,329.886923,8.085464,75,0,0,75,0,70,1,0,69,0,0,0,0,0,0,51,9,0,42,0,1,0,1,0,23,52,130,23,49,39,8.791027,228.228637,1100.216178,4.347826,5.769231,70.000000,1,0,0,927555.772878,22.544812,119.780857,2810.547077,348.751267,100.202278,100.066308,926758.287178,924235.700131,549.019853,3320.072747,248.465846,0.037599,0.010803,0.010788,99.914023,0.026787,15.315769,9.548857,2.882612,46.892402,94,0.774020,13,93,0,100.000000,0.754858,54.146341,489.133584,1939.247059,6730.256698,-0.000000,391.637334
4140.000000,contribution,optical,hardware,1,1,1,0,priority,0.000500,180,15,hybrid,0.050000,4000.000000,6.087000,52.000000,500.000000,500.000000,2.000000,120.000000,0.400000,205,130,205,42,112,22,48,0,0,0,0,0,42,42,0,0,0.000000,1.000000,44.025024,clear-ocean,30.000000,60.000000,0.151000,648,1286856,329.963077,7.970123,75,0,0,75,0,71,1,0,70,0,0,0,0,0,0,51,9,0,42,0,1,0,1,0,23,52,130,23,50,39,8.791027,226.093114,1100.216178,4.347826,3.846154,70.000000,1,0,0,941153.580607,22.544812,120.487114,2810.547077,352.887437,101.236321,100.908608,940349.988651,937827.401604,555.032366,3326.179003,248.559590,0.037495,0.010757,0.010722,99.914616,0.026410,15.315769,9.413056,2.882612,47.551208,94,0.762802,13,92,0,100.000000,0.754858,54.634146,485.850717,1911.636715,6816.363414,-0.000000,447.601131
4200.000000,contribution,optical,hardware,1,1,1,0,priority,0.000500,180,15,hybrid,0.050000,4000.000000,6.087000,52.000000,500.000000,500.000000,2.000000,120.000000,0.400000,205,130,205,42,113,22,49,0,0,0,0,0,42,42,0,0,0.000000,1.000000,44.025024,clear-ocean,30.000000,60.000000,0.151000,649,1287153,330.039231,7.858077,75,0,0,75,0,72,1,0,71,0,0,0,0,0,0,51,9,0,42,0,1,0,1,0,23,52,130,23,51,39,8.791027,224.996684,1100.216178,4.347826,1.923077,70.000000,1,0,0,954751.388336,22.544812,121.193370,2810.547077,357.023607,102.270363,101.750908,953941.690124,951419.103076,561.044879,3332.285259,248.653333,0.037394,0.010712,0.010657,99.915193,0.026044,15.315769,9.282580,2.882612,48.178571,94,0.751905,13,91,0,100.000000,0.754858,55.121951,483.057128,1884.815238,6902.470130,-0.000000,484.828565
4260.000000,contribution,optical,hardware,1,1,1,0,priority,0.000500,180,15,hybrid,0.050000,4000.000000,6.087000,52.000000,500.000000,500.000000,2.000000,120.000000,0.400000,205,130,205,57,114,22,49,0,0,0,0,0,57,57,0,0,0.000000,1.000000,44.010424,clear-ocean,30.000000,60.000000,0.151000,659,1324851,339.705385,7.974305,75,0,0,75,0,72,1,0,71,0,0,0,0,0,0,53,9,0,43,1,1,0,1,0,23,52,130,23,51,40,8.791027,224.996684,1141.517327,4.347826,1.923077,69.230769,1,0,0,968461.890834,22.544812,121.193370,2923.948103,361.159777,103.304406,119.980695,967622.724109,965010.804549,584.444879,3451.086285,254.721846,0.037292,0.010667,0.012389,99.913351,0.026302,15.315769,9.282580,2.923948,48.743427,94,0.776526,14,76,13,100.000000,0.754858,55.609756,502.962435,1905.216901,6988.576846,-0.000000,499.789765
4320.000000,contribution,optical,hardware,1,1,1,0,priority,0.000500,180,15,hybrid,0.050000,4000.000000,6.087000,52.000000,500.000000,500.000000,2.000000,120.000000,0.400000,205,130,205,57,115,22,49,0,0,0,0,0,57,57,0,0,0.000000,1.000000,44.010424,clear-ocean,30.000000,60.000000,0.151000,684,1413588,362.458462,8.390242,75,0,0,75,0,72,1,0,71,0,0,0,0,0,0,56,11,0,44,1,1,0,1,0,23,52,130,23,51,41,8.791027,224.996684,1181.808052,4.347826,1.923077,68.461538,1,0,0,982257.462870,22.544812,121.193370,3122.418667,365.295948,104.338448,120.210483,981396.453479,978602.506021,589.844879,3654.956849,271.164513,0.037189,0.010622,0.012238,99.912344,0.027606,15.315769,9.282580,3.046262,49.121991,94,0.942824,14,76,12,100.000000,0.754858,56.097561,522.879606,1925.051852,7074.683562,0.000000,491.066123
4380.000000,contribution,optical,hardware,1,1,1,0,priority,0.000500,180,15,hybrid,0.050000,4000.000000,6.087000,52.000000,500.000000,500.000000,2.000000,120.000000,0.400000,205,130,205,57,118,22,49,0,0,0,0,0,57,57,0,0,0.000000,1.000000,44.010424,clear-ocean,30.000000,60.000000,0.151000,719,1540023,394.877692,9.015472,75,0,0,75,0,72,1,0,71,0,0,0,0,0,0,61,13,0,47,1,1,0,1,0,23,52,130,23,51,44,8.791027,224.996684,1288.116581,4.347826,1.923077,66.153846,1,0,0,996138.264651,22.544812,121.193370,3406.118974,369.432118,105.372491,120.440270,995247.518644,992194.207494,595.244879,3944.057157,295.501128,0.037086,0.010578,0.012091,99.910580,0.029665,15.315769,9.282580,3.096472,49.490183,94,1.067580,14,76,9,100.000000,0.754858,57.560976,579.272492,2035.667580,7160.790279,0.000000,459.484807
4440.000000,contribution,optical,hardware,1,1,1,0,priority,0.000500,180,15,hybrid,0.050000,4000.000000,6.087000,52.000000,500.000000,500.000000,2.000000,120.000000,0.400000,205,130,205,57,124,22,49,0,0,0,0,0,57,57,0,0,0.000000,1.000000,44.010424,clear-ocean,30.000000,60.000000,0.151000,765,1708293,438.023846,9.865402,75,0,0,75,0,72,1,0,71,0,0,0,0,0,0,68,14,0,53,1,1,0,1,0,23,52,130,23,51,50,8.791027,224.996684,1459.983698,4.347826,1.923077,61.538462,1,0,0,1010113.571662,22.544812,121.193370,3784.324513,373.568288,106.406534,120.670057,1009184.409039,1005785.908966,600.644879,4327.662695,328.517744,0.036983,0.010534,0.011946,99.908014,0.032523,15.315769,9.282580,3.027460,49.848423,94,1.143694,14,76,3,100.000000,0.754858,60.487805,682.872657,2278.428829,7246.896995,0.000000,408.040329
4500.000000,contribution,optical,hardware,1,1,1,0,priority,0.000500,180,15,hybrid,0.050000,4000.000000,6.087000,52.000000,500.000000,500.000000,2.000000,120.000000,0.400000,205,130,205,57,128,22,49,0,0,0,0,0,57,57,0,0,0.000000,1.000000,44.010424,clear-ocean,30.000000,60.000000,0.151000,789,1792893,459.716154,10.215915,75,0,0,75,0,72,1,0,71,0,0,0,0,0,0,71,14,0,57,0,1,0,1,0,23,52,130,23,51,54,8.791027,224.996684,1548.029034,4.347826,1.923077,58.461538,1,0,0,1023903.407083,22.544812,121.193370,3977.058462,377.704458,107.440576,120.899844,1022949.662101,1019377.610439,606.044879,4525.796644,347.700103,0.036889,0.010493,0.011808,99.906852,0.033958,15.315769,9.282580,2.945969,50.197111,94,1.137111,14,76,0,100.000000,0.754858,62.439024,744.301503,2425.827556,7333.003711,0.000000,341.610608
4560.000000,contribution,optical,hardware,1,1,1,0,priority,0.000500,180,15,hybrid,0.050000,4000.000000,6.087000,52.000000,500.000000,500.000000,2.000000,120.000000,0.400000,205,130,205,57,128,22,49,0,0,0,0,0,57,57,0,0,0.000000,1.000000,44.010424,clear-ocean,30.000000,60.000000,0.151000,789,1792893,459.716154,10.081495,75,0,0,75,0,72,1,0,71,0,0,0,0,0,0,71,14,0,57,0,1,0,1,0,23,52,130,23,51,54,8.791027,224.996684,1548.029034,4.347826,1.923077,58.461538,1,0,0,1037500.508555,22.544812,121.193370,3977.058462,381.840628,108.474619,121.129632,1036541.363574,1032969.311911,611.444879,4531.196644,347.700103,0.036804,0.010455,0.011675,99.907552,0.033513,15.315769,9.282580,2.945969,50.536623,94,1.122149,14,76,0,100.000000,0.754858,62.439024,744.301503,2393.908772,7419.110427,0.000000,266.494452
4620.000000,contribution,optical,hardware,1,1,1,0,priority,0.000500,180,15,hybrid,0.050000,4000.000000,6.087000,52.000000,500.000000,500.000000,2.000000,120.000000,0.400000,205,130,205,57,128,22,49,0,0,0,0,0,57,57,0,0,0.000000,1.000000,44.010424,clear-ocean,30.000000,60.000000,0.151000,789,1792893,459.716154,9.950566,75,0,0,75,0,72,1,0,71,0,0,0,0,0,0,71,14,0,57,0,1,0,1,0,23,52,130,23,51,54,8.791027,224.996684,1548.029034,4.347826,1.923077,58.461538,1,0,0,1051097.610028,22.544812,121.193370,3977.058462,385.976799,109.508661,121.359419,1050133.065047,1046561.013384,616.844879,4536.596644,347.700103,0.036721,0.010419,0.011546,99.908234,0.033080,15.315769,9.282580,2.945969,50.867316,94,1.107576,14,76,0,100.000000,0.754858,62.439024,744.301503,2362.819048,7505.217143,0.000000,189.814306
4680.000000,contribution,optical,hardware,1,1,1,0,priority,0.000500,180,15,hybrid,0.050000,4000.000000,6.087000,52.000000,500.000000,500.000000,2.000000,120.000000,0.400000,205,130,205,57,128,22,49,0,0,0,0,0,57,57,0,0,0.000000,1.000000,44.010424,clear-ocean,30.000000,60.000000,0.151000,789,1792893,459.716154,9.822995,75,0,0,75,0,72,1,0,71,0,0,0,0,0,0,71,14,0,57,0,1,0,1,0,23,52,130,23,51,54,8.791027,224.996684,1548.029034,4.347826,1.923077,58.461538,1,0,0,1064694.711500,22.544812,121.193370,3977.058462,390.112969,110.542704,121.589206,1063724.766519,1060152.714856,622.244879,4541.996644,347.700103,0.036641,0.010383,0.011420,99.908899,0.032657,15.315769,9.282580,2.945969,51.189530,94,1.093376,14,76,0,100.000000,0.754858,62.439024,744.301503,2332.526496,7591.323859,0.000000,118.840914
4740.000000,contribution,optical,hardware,1,1,1,0,priority,0.000500,180,15,hybrid,0.050000,4000.000000,6.087000,52.000000,500.000000,500.000000,2.000000,120.000000,0.400000,205,130,205,57,128,22,49,0,0,0,0,0,57,57,0,0,0.000000,1.000000,44.010424,clear-ocean,30.000000,60.000000,0.151000,789,1792893,459.716154,9.698653,75,0,0,75,0,72,1,0,71,0,0,0,0,0,0,71,14,0,57,0,1,0,1,0,23,52,130,23,51,54,8.791027,224.996684,1548.029034,4.347826,1.923077,58.461538,1,0,0,1078291.812973,22.544812,121.193370,3977.058462,394.249139,111.576746,121.818993,1077316.467992,1073744.416329,627.644879,4547.396644,347.700103,0.036562,0.010348,0.011297,99.909547,0.032245,15.315769,9.282580,2.945969,51.503586,94,1.079536,14,76,0,100.000000,0.754858,62.439024,744.301503,2303.000844,7677.430575,0.000000,60.303909
4800.000000,contribution,optical,hardware,1,1,1,0,priority,0.000500,180,15,hybrid,0.050000,4000.000000,6.087000,52.000000,500.000000,500.000000,2.000000,120.000000,0.400000,205,130,205,57,128,22,49,0,0,0,0,0,57,57,0,0,0.000000,1.000000,44.010424,clear-ocean,30.000000,60.000000,0.151000,789,1792893,459.716154,9.577420,75,0,0,75,0,72,1,0,71,0,0,0,0,0,0,71,14,0,57,0,1,0,1,0,23,52,130,23,51,54,8.791027,224.996684,1548.029034,4.347826,1.923077,58.461538,1,0,0,1091888.914445,22.544812,121.193370,3977.058462,398.385309,112.610789,122.048781,1090908.169464,1087336.117801,633.044879,4552.796644,347.700103,0.036486,0.010313,0.011178,99.910179,0.031844,15.315769,9.282580,2.945969,51.809792,94,1.066042,14,76,0,100.000000,0.754858,62.439024,744.301503,2274.213333,7763.537292,0.000000,19.753718
4860.000000,contribution,optical,hardware,1,1,1,0,priority,0.000500,180,15,hybrid,0.050000,4000.000000,6.087000,52.000000,500.000000,500.000000,2.000000,120.000000,0.400000,205,130,205,57,128,22,49,0,0,0,0,0,57,57,0,0,0.000000,1.000000,44.010424,clear-ocean,30.000000,60.000000,0.151000,789,1792893,459.716154,9.459180,75,0,0,75,0,72,1,0,71,0,0,0,0,0,0,71,14,0,57,0,1,0,1,0,23,52,130,23,51,54,8.791027,224.996684,1548.029034,4.347826,1.923077,58.461538,1,0,0,1105486.015918,22.544812,121.193370,3977.058462,402.521480,113.644831,122.278568,1104499.870937,1100927.819274,638.444879,4558.196644,347.700103,0.036411,0.010280,0.011061,99.910795,0.031452,15.315769,9.282580,2.945969,52.108436,94,1.052881,14,76,0,100.000000,0.754858,62.439024,744.301503,2246.136626,7849.644008,0.000000,1.035273
4920.000000,contribution,optical,hardware,1,1,1,0,priority,0.000500,180,15,hybrid,0.050000,4000.000000,6.087000,52.000000,500.000000,500.000000,2.000000,120.000000,0.400000,205,130,205,57,128,22,49,0,0,0,0,0,57,57,0,0,0.000000,1.000000,44.010424,clear-ocean,30.000000,60.000000,0.151000,789,1792893,459.716154,9.343824,75,0,0,75,0,72,1,0,71,0,0,0,0,0,0,71,14,0,57,0,1,0,1,0,23,52,130,23,51,54,8.791027,224.996684,1548.029034,4.347826,1.923077,58.461538,1,0,0,1119083.117390,22.544812,121.193370,3977.058462,406.657650,114.678874,122.508355,1118091.572409,1114519.520746,643.844879,4563.596644,347.700103,0.036338,0.010248,0.010947,99.911397,0.031070,15.315769,9.282580,2.945969,52.399797,94,1.040041,14,76,0,100.000000,0.754858,62.439024,744.301503,2218.744715,7935.750724,-0.000000,5.923441
4980.000000,contribution,optical,hardware,1,1,1,0,priority,0.000500,180,15,hybrid,0.050000,4000.000000,6.087000,52.000000,500.000000,500.000000,2.000000,120.000000,0.400000,205,130,205,57,128,22,49,0,0,0,0,0,57,57,0,0,0.000000,1.000000,44.010424,clear-ocean,30.000000,60.000000,0.151000,789,1792893,459.716154,9.231248,75,0,0,75,0,72,1,0,71,0,0,0,0,0,0,71,14,0,57,0,1,0,1,0,23,52,130,23,51,54,8.791027,224.996684,1548.029034,4.347826,1.923077,58.461538,1,0,0,1132680.218863,22.544812,121.193370,3977.058462,410.793820,115.712917,122.738142,1131683.273882,1128111.222219,649.244879,4568.996644,347.700103,0.036267,0.010216,0.010836,99.911984,0.030697,15.315769,9.282580,2.945969,52.684137,94,1.027510,14,76,0,100.000000,0.754858,62.439024,744.301503,2192.012851,8021.857440,-0.000000,33.954730
5040.000000,contribution,optical,hardware,1,1,1,0,priority,0.000500,180,15,hybrid,0.050000,4000.000000,6.087000,52.000000,500.000000,500.000000,2.000000,120.000000,0.400000,205,130,205,57,128,22,49,0,0,0,0,0,57,57,0,0,0.000000,1.000000,44.010424,clear-ocean,30.000000,60.000000,0.151000,789,1792893,459.716154,9.121352,75,0,0,75,0,72,1,0,71,0,0,0,0,0,0,71,14,0,57,0,1,0,1,0,23,52,130,23,51,54,8.791027,224.996684,1548.029034,4.347826,1.923077,58.461538,1,0,0,1146277.320335,22.544812,121.193370,3977.058462,414.929990,116.746959,122.967930,1145274.975354,1141702.923691,654.644879,4574.396644,347.700103,0.036198,0.010185,0.010728,99.912557,0.030333,15.315769,9.282580,2.945969,52.961706,94,1.015278,14,76,0,100.000000,0.754858,62.439024,744.301503,2165.917460,8107.964156,-0.000000,82.471238
5100.000000,contribution,optical,hardware,1,1,1,0,priority,0.000500,180,15,hybrid,0.050000,4000.000000,6.087000,52.000000,500.000000,500.000000,2.000000,120.000000,0.400000,205,130,205,57,128,22,49,0,0,0,0,0,57,57,0,0,0.000000,1.000000,44.010424,clear-ocean,30.000000,60.000000,0.151000,789,1792893,459.716154,9.014042,75,0,0,75,0,72,1,0,71,0,0,0,0,0,0,71,14,0,57,0,1,0,1,0,23,52,130,23,51,54,8.791027,224.996684,1548.029034,4.347826,1.923077,58.461538,1,0,0,1159874.421808,22.544812,121.193370,3977.058462,419.066160,117.781002,123.197717,1158866.676827,1155294.625164,660.044879,4579.796644,347.700103,0.036130,0.010155,0.010622,99.913116,0.029977,15.315769,9.282580,2.945969,53.232745,94,1.003333,14,76,0,100.000000,0.754858,62.439024,744.301503,2140.436078,8194.070872,-0.000000,146.872673
5160.000000,contribution,optical,hardware,1,1,1,0,priority,0.000500,180,15,hybrid,0.050000,4000.000000,6.087000,52.000000,500.000000,500.000000,2.000000,120.000000,0.400000,205,130,205,57,128,22,49,0,0,0,0,0,57,57,0,0,0.000000,1.000000,44.010424,clear-ocean,30.000000,60.000000,0.151000,789,1792893,459.716154,8.909228,75,0,0,75,0,72,1,0,71,0,0,0,0,0,0,71,14,0,57,0,1,0,1,0,23,52,130,23,51,54,8.791027,224.996684,1548.029034,4.347826,1.923077,58.461538,1,0,0,1173471.523281,22.544812,121.193370,3977.058462,423.202331,118.815044,123.427504,1172458.378299,1168886.326636,665.444879,4585.196644,347.700103,0.036064,0.010125,0.010518,99.913663,0.029630,15.315769,9.282580,2.945969,53.497481,94,0.991667,14,76,0,100.000000,0.754858,62.439024,744.301503,2115.547287,8280.177588,-0.000000,221.052549
5220.000000,contribution,optical,hardware,1,1,1,0,priority,0.000500,180,15,hybrid,0.050000,4000.000000,6.087000,52.000000,500.000000,500.000000,2.000000,120.000000,0.400000,205,130,205,57,128,22,49,0,0,0,0,0,57,57,0,0,0.000000,1.000000,44.010424,clear-ocean,30.000000,60.000000,0.151000,789,1792893,459.716154,8.806823,75,0,0,75,0,72,1,0,71,0,0,0,0,0,0,71,14,0,57,0,1,0,1,0,23,52,130,23,51,54,8.791027,224.996684,1548.029034,4.347826,1.923077,58.461538,1,0,0,1187068.624753,22.544812,121.193370,3977.058462,427.338501,119.849087,123.657291,1186050.079772,1182478.028109,670.844879,4590.596644,347.700103,0.035999,0.010096,0.010417,99.914197,0.029291,15.315769,9.282580,2.945969,53.756130,94,0.980268,14,76,0,100.000000,0.754858,62.439024,744.301503,2091.230651,8366.284305,-0.000000,297.977197
5280.000000,contribution,optical,hardware,1,1,1,0,priority,0.000500,180,15,hybrid,0.050000,4000.000000,6.087000,52.000000,500.000000,500.000000,2.000000,120.000000,0.400000,205,130,205,57,128,22,49,0,0,0,0,0,57,57,0,0,0.000000,1.000000,44.010424,clear-ocean,30.000000,60.000000,0.151000,789,1792893,459.716154,8.706745,75,0,0,75,0,72,1,0,71,0,0,0,0,0,0,71,14,0,57,0,1,0,1,0,23,52,130,23,51,54,8.791027,224.996684,1548.029034,4.347826,1.923077,58.461538,1,0,0,1200665.726226,22.544812,121.193370,3977.058462,431.474671,120.883129,123.887078,1199641.781244,1196069.729581,676.244879,4595.996644,347.700103,0.035936,0.010068,0.010318,99.914719,0.028959,15.315769,9.282580,2.945969,54.008902,94,0.969129,14,76,0,100.000000,0.754858,62.439024,744.301503,2067.466667,8452.391021,-0.000000,370.352689
5340.000000,contribution,optical,hardware,1,1,1,0,priority,0.000500,180,15,hybrid,0.050000,4000.000000,6.087000,52.000000,500.000000,500.000000,2.000000,120.000000,0.400000,205,130,205,57,128,22,49,0,0,0,0,0,57,57,0,0,0.000000,1.000000,44.010424,clear-ocean,30.000000,60.000000,0.151000,789,1792893,459.716154,8.608917,75,0,0,75,0,72,1,0,71,0,0,0,0,0,0,71,14,0,57,0,1,0,1,0,23,52,130,23,51,54,8.791027,224.996684,1548.029034,4.347826,1.923077,58.461538,1,0,0,1214262.827698,22.544812,121.193370,3977.058462,435.610841,121.917172,124.116866,1213233.482717,1209661.431054,681.644879,4601.396644,347.700103,0.035875,0.010040,0.010222,99.915229,0.028635,15.315769,9.282580,2.945969,54.255993,94,0.958240,14,76,0,100.000000,0.754858,62.439024,744.301503,2044.236704,8538.497737,-0.000000,431.316448
5400.000000,contribution,optical,hardware,1,1,1,0,priority,0.000500,180,15,hybrid,0.050000,4000.000000,6.087000,52.000000,500.000000,500.000000,2.000000,120.000000,0.400000,205,130,205,57,128,22,49,0,0,0,0,0,57,57,0,0,0.000000,1.000000,44.010424,clear-ocean,30.000000,60.000000,0.151000,789,1792893,459.716154,8.513262,75,0,0,75,0,72,1,0,71,0,0,0,0,0,0,71,14,0,57,0,1,0,1,0,23,52,130,23,51,54,8.791027,224.996684,1548.029034,4.347826,1.923077,58.461538,1,0,0,1227859.929171,22.544812,121.193370,3977.058462,439.747011,122.951214,124.346653,1226825.184189,1223253.132526,687.044879,4606.796644,347.700103,0.035814,0.010013,0.010127,99.915728,0.028318,15.315769,9.282580,2.945969,54.497593,94,0.947593,14,76,0,100.000000,0.754858,62.439024,744.301503,2021.522963,8624.604453,-0.000000,475.087943
5460.000000,contribution,optical,hardware,1,1,1,0,priority,0.000500,180,15,hybrid,0.050000,4000.000000,6.087000,52.000000,500.000000,500.000000,2.000000,120.000000,0.400000,205,130,205,57,128,22,49,0,0,0,0,0,57,57,0,0,0.000000,1.000000,44.010424,clear-ocean,30.000000,60.000000,0.151000,789,1792893,459.716154,8.419710,75,0,0,75,0,72,1,0,71,0,0,0,0,0,0,71,14,0,57,0,1,0,1,0,23,52,130,23,51,54,8.791027,224.996684,1548.029034,4.347826,1.923077,58.461538,1,0,0,1241457.030643,22.544812,121.193370,3977.058462,443.883182,123.985257,124.576440,1240416.885662,1236844.833999,692.444879,4612.196644,347.700103,0.035755,0.009987,0.010035,99.916216,0.028007,15.315769,9.282580,2.945969,54.733883,94,0.937179,14,76,0,100.000000,0.754858,62.439024,744.301503,1999.308425,8710.711169,-0.000000,497.516801
5520.000000,contribution,optical,hardware,1,1,1,0,priority,0.000500,180,15,hybrid,0.050000,4000.000000,6.087000,52.000000,500.000000,500.000000,2.000000,120.000000,0.400000,205,130,205,67,128,22,49,0,0,0,0,0,67,67,0,0,0.000000,1.000000,43.871004,clear-ocean,30.000000,60.000000,0.151000,810,1868754,479.167692,8.680574,75,0,0,75,0,72,1,0,71,0,0,0,0,0,0,74,16,0,57,1,1,0,1,0,23,52,130,23,51,54,8.791027,224.996684,1548.029034,4.347826,1.923077,58.461538,1,0,0,1255242.759808,22.544812,121.193370,4165.686154,448.019352,125.019300,136.806227,1254172.199442,1250436.535472,709.844879,4806.224336,360.715487,0.035692,0.009960,0.010899,99.914713,0.028737,15.315769,9.282580,3.085693,54.870833,94,1.011957,14,66,9,100.000000,0.754858,62.439024,744.301503,1977.576812,8796.817885,0.000000,496.476337
5580.000000,contribution,optical,hardware,1,1,1,0,priority,0.000500,180,15,hybrid,0.050000,4000.000000,6.087000,52.000000,500.000000,500.000000,2.000000,120.000000,0.400000,205,130,205,67,131,22,49,0,0,0,0,0,67,67,0,0,0.000000,1.000000,43.871004,clear-ocean,30.000000,60.000000,0.151000,845,1995189,511.586923,9.168224,75,0,0,75,0,72,1,0,71,0,0,0,0,0,0,79,18,0,60,1,1,0,1,0,23,52,130,23,51,57,8.791027,224.996684,1657.792718,4.347826,1.923077,56.153846,1,0,0,1269123.561588,22.544812,121.193370,4449.386462,452.155522,126.053342,137.036015,1268023.264607,1264028.236944,715.244879,5095.324644,385.052103,0.035627,0.009932,0.010798,99.913303,0.030340,15.315769,9.282580,3.122376,54.990502,94,1.082079,14,66,6,100.000000,0.754858,63.902439,810.467247,2063.839427,8882.924601,0.000000,472.065207
5640.000000,contribution,optical,hardware,1,1,1,0,priority,0.000500,180,15,hybrid,0.050000,4000.000000,6.087000,52.000000,500.000000,500.000000,2.000000,120.000000,0.400000,205,130,205,67,137,22,49,0,0,0,0,0,67,67,0,0,0.000000,1.000000,43.871004,clear-ocean,30.000000,60.000000,0.151000,888,2151048,551.550769,9.779269,75,0,0,75,0,72,1,0,71,0,0,0,0,0,0,86,19,0,66,1,1,0,1,0,23,52,130,23,51,63,8.791027,224.996684,1834.806767,4.347826,1.923077,51.538462,1,0,0,1283071.712907,22.544812,121.193370,4800.436308,456.291692,127.087385,137.265802,1281934.696541,1277619.938417,720.644879,5451.774490,416.371487,0.035562,0.009905,0.010698,99.911383,0.032451,15.315769,9.282580,3.047896,55.107624,94,1.113121,14,66,0,100.000000,0.754858,66.829268,928.977013,2254.649645,8969.031318,0.000000,426.598054
5700.000000,contribution,optical,hardware,1,1,1,0,priority,0.000500,180,15,hybrid,0.050000,4000.000000,6.087000,52.000000,500.000000,500.000000,2.000000,120.000000,0.400000,205,130,205,67,138,22,49,0,0,0,0,0,67,67,0,0,0.000000,1.000000,43.871004,clear-ocean,30.000000,60.000000,0.151000,894,2172198,556.973846,9.771471,75,0,0,75,0,72,1,0,71,0,0,0,0,0,0,86,19,0,67,0,1,0,1,0,23,52,130,23,51,64,8.791027,224.996684,1860.322524,4.347826,1.923077,50.769231,1,0,0,1296717.422174,22.544812,121.193370,4849.044103,460.427863,128.121427,137.495589,1295569.785911,1291211.639889,726.044879,5505.782285,421.591385,0.035507,0.009880,0.010603,99.911497,0.032512,15.315769,9.282580,3.030653,55.222281,94,1.101404,14,66,0,100.000000,0.754858,67.317073,947.374392,2266.004211,9055.138034,0.000000,364.386030
5760.000000,contribution,optical,hardware,1,1,1,0,priority,0.000500,180,15,hybrid,0.050000,4000.000000,6.087000,52.000000,500.000000,500.000000,2.000000,120.000000,0.400000,205,130,205,67,138,22,49,0,0,0,0,0,67,67,0,0,0.000000,1.000000,43.871004,clear-ocean,30.000000,60.000000,0.151000,894,2172198,556.973846,9.669685,75,0,0,75,0,72,1,0,71,0,0,0,0,0,0,86,19,0,67,0,1,0,1,0,23,52,130,23,51,64,8.791027,224.996684,1860.322524,4.347826,1.923077,50.769231,1,0,0,1310314.523647,22.544812,121.193370,4849.044103,464.564033,129.155470,137.725376,1309161.487383,1304803.341362,731.444879,5511.182285,421.591385,0.035454,0.009857,0.010511,99.912003,0.032175,15.315769,9.282580,3.030653,55.334549,94,1.089931,14,66,0,100.000000,0.754858,67.317073,947.374392,2242.400000,9141.244750,0.000000,291.328026
5820.000000,contribution,optical,hardware,1,1,1,0,priority,0.000500,180,15,hybrid,0.050000,4000.000000,6.087000,52.000000,500.000000,500.000000,2.000000,120.000000,0.400000,205,130,205,67,138,22,49,0,0,0,0,0,67,67,0,0,0.000000,1.000000,43.871004,clear-ocean,30.000000,60.000000,0.151000,894,2172198,556.973846,9.569997,75,0,0,75,0,72,1,0,71,0,0,0,0,0,0,86,19,0,67,0,1,0,1,0,23,52,130,23,51,64,8.791027,224.996684,1860.322524,4.347826,1.923077,50.769231,1,0,0,1323911.625119,22.544812,121.193370,4849.044103,468.700203,130.189512,137.955164,1322753.188856,1318395.042834,736.844879,5516.582285,421.591385,0.035403,0.009834,0.010420,99.912499,0.031844,15.315769,9.282580,3.030653,55.444502,94,1.078694,14,66,0,100.000000,0.754858,67.317073,947.374392,2219.282474,9227.351466,0.000000,214.351336
5880.000000,contribution,optical,hardware,1,1,1,0,priority,0.000500,180,15,hybrid,0.050000,4000.000000,6.087000,52.000000,500.000000,500.000000,2.000000,120.000000,0.400000,205,130,205,67,138,22,49,0,0,0,0,0,67,67,0,0,0.000000,1.000000,43.871004,clear-ocean,30.000000,60.000000,0.151000,894,2172198,556.973846,9.472344,75,0,0,75,0,72,1,0,71,0,0,0,0,0,0,86,19,0,67,0,1,0,1,0,23,52,130,23,51,64,8.791027,224.996684,1860.322524,4.347826,1.923077,50.769231,1,0,0,1337508.726592,22.544812,121.193370,4849.044103,472.836373,131.223555,138.184951,1336344.890328,1331986.744307,742.244879,5521.982285,421.591385,0.035352,0.009811,0.010332,99.912985,0.031521,15.315769,9.282580,3.030653,55.552211,94,1.067687,14,66,0,100.000000,0.754858,67.317073,947.374392,2196.636735,9313.458182,0.000000,140.754819
5940.000000,contribution,optical,hardware,1,1,1,0,priority,0.000500,180,15,hybrid,0.050000,4000.000000,6.087000,52.000000,500.000000,500.000000,2.000000,120.000000,0.400000,205,130,205,67,138,22,49,0,0,0,0,0,67,67,0,0,0.000000,1.000000,43.871004,clear-ocean,30.000000,60.000000,0.151000,894,2172198,556.973846,9.376664,75,0,0,75,0,72,1,0,71,0,0,0,0,0,0,86,19,0,67,0,1,0,1,0,23,52,130,23,51,64,8.791027,224.996684,1860.322524,4.347826,1.923077,50.769231,1,0,0,1351105.828064,22.544812,121.193370,4849.044103,476.972543,132.257597,138.414738,1349936.591801,1345578.445779,747.644879,5527.382285,421.591385,0.035302,0.009789,0.010245,99.913461,0.031203,15.315769,9.282580,3.030653,55.657744,94,1.056902,14,66,0,100.000000,0.754858,67.317073,947.374392,2174.448485,9399.564898,0.000000,77.516833
6000.000000,contribution,optical,hardware,1,1,1,0,priority,0.000500,180,15,hybrid,0.050000,4000.000000,6.087000,52.000000,500.000000,500.000000,2.000000,120.000000,0.400000,205,130,205,67,138,22,49,0,0,0,0,0,67,67,0,0,0.000000,1.000000,43.871004,clear-ocean,30.000000,60.000000,0.151000,894,2172198,556.973846,9.282897,75,0,0,75,0,72,1,0,71,0,0,0,0,0,0,86,19,0,67,0,1,0,1,0,23,52,130,23,51,64,8.791027,224.996684,1860.322524,4.347826,1.923077,50.769231,1,0,0,1364702.929537,22.544812,121.193370,4849.044103,481.108714,133.291640,138.644525,1363528.293273,1359170.147252,753.044879,5532.782285,421.591385,0.035254,0.009767,0.010159,99.913927,0.030893,15.315769,9.282580,3.030653,55.761167,94,1.046333,14,66,0,100.000000,0.754858,67.317073,947.374392,2152.704000,9485.671614,0.000000,30.633547
6060.000000,contribution,optical,hardware,1,1,1,0,priority,0.000500,180,15,hybrid,0.050000,4000.000000,6.087000,52.000000,500.000000,500.000000,2.000000,120.000000,0.400000,205,130,205,67,138,22,49,0,0,0,0,0,67,67,0,0,0.000000,1.000000,43.871004,clear-ocean,30.000000,60.000000,0.151000,894,2172198,556.973846,9.190988,75,0,0,75,0,72,1,0,71,0,0,0,0,0,0,86,19,0,67,0,1,0,1,0,23,52,130,23,51,64,8.791027,224.996684,1860.322524,4.347826,1.923077,50.769231,1,0,0,1378300.031009,22.544812,121.193370,4849.044103,485.244884,134.325682,138.874312,1377119.994746,1372761.848724,758.444879,5538.182285,421.591385,0.035206,0.009746,0.010076,99.914385,0.030588,15.315769,9.282580,3.030653,55.862541,94,1.035974,14,66,0,100.000000,0.754858,67.317073,947.374392,2131.390099,9571.778331,0.000000,4.550391
6120.000000,contribution,optical,hardware,1,1,1,0,priority,0.000500,180,15,hybrid,0.050000,4000.000000,6.087000,52.000000,500.000000,500.000000,2.000000,120.000000,0.400000,205,130,205,67,138,22,49,0,0,0,0,0,67,67,0,0,0.000000,1.000000,43.871004,clear-ocean,30.000000,60.000000,0.151000,894,2172198,556.973846,9.100880,75,0,0,75,0,72,1,0,71,0,0,0,0,0,0,86,19,0,67,0,1,0,1,0,23,52,130,23,51,64,8.791027,224.996684,1860.322524,4.347826,1.923077,50.769231,1,0,0,1391897.132482,22.544812,121.193370,4849.044103,489.381054,135.359725,139.104100,1390711.696218,1386353.550197,763.844879,5543.582285,421.591385,0.035159,0.009725,0.009994,99.914833,0.030289,15.315769,9.282580,3.030653,55.961928,94,1.025817,14,66,0,100.000000,0.754858,67.317073,947.374392,2110.494118,9657.885047,-0.000000,1.740548
6180.000000,contribution,optical,hardware,1,1,1,0,priority,0.000500,180,15,hybrid,0.050000,4000.000000,6.087000,52.000000,500.000000,500.000000,2.000000,120.000000,0.400000,205,130,205,67,138,22,49,0,0,0,0,0,67,67,0,0,0.000000,1.000000,43.871004,clear-ocean,30.000000,60.000000,0.151000,894,2172198,556.973846,9.012522,75,0,0,75,0,72,1,0,71,0,0,0,0,0,0,86,19,0,67,0,1,0,1,0,23,52,130,23,51,64,8.791027,224.996684,1860.322524,4.347826,1.923077,50.769231,1,0,0,1405494.233954,22.544812,121.193370,4849.044103,493.517224,136.393768,139.333887,1404303.397691,1399945.251669,769.244879,5548.982285,421.591385,0.035113,0.009704,0.009914,99.915273,0.029996,15.315769,9.282580,3.030653,56.059385,94,1.015858,14,66,0,100.000000,0.754858,67.317073,947.374392,2090.003883,9743.991763,-0.000000,22.470444
6240.000000,contribution,optical,hardware,1,1,1,0,priority,0.000500,180,15,hybrid,0.050000,4000.000000,6.087000,52.000000,500.000000,500.000000,2.000000,120.000000,0.400000,205,130,205,67,138,22,49,0,0,0,0,0,67,67,0,0,0.000000,1.000000,43.871004,clear-ocean,30.000000,60.000000,0.151000,894,2172198,556.973846,8.925863,75,0,0,75,0,72,1,0,71,0,0,0,0,0,0,86,19,0,67,0,1,0,1,0,23,52,130,23,51,64,8.791027,224.996684,1860.322524,4.347826,1.923077,50.769231,1,0,0,1419091.335427,22.544812,121.193370,4849.044103,497.653394,137.427810,139.563674,1417895.099163,1413536.953142,774.644879,5554.382285,421.591385,0.035068,0.009684,0.009835,99.915704,0.029709,15.315769,9.282580,3.030653,56.154968,94,1.006090,14,66,0,100.000000,0.754858,67.317073,947.374392,2069.907692,9830.098479,-0.000000,64.774488
6300.000000,contribution,optical,hardware,1,1,1,0,priority,0.000500,180,15,hybrid,0.050000,4000.000000,6.087000,52.000000,500.000000,500.000000,2.000000,120.000000,0.400000,205,130,205,67,138,22,49,0,0,0,0,0,67,67,0,0,0.000000,1.000000,43.871004,clear-ocean,30.000000,60.000000,0.151000,894,2172198,556.973846,8.840855,75,0,0,75,0,72,1,0,71,0,0,0,0,0,0,86,19,0,67,0,1,0,1,0,23,52,130,23,51,64,8.791027,224.996684,1860.322524,4.347826,1.923077,50.769231,1,0,0,1432688.436899,22.544812,121.193370,4849.044103,501.789565,138.461853,139.793461,1431486.800636,1427128.654614,780.044879,5559.782285,421.591385,0.035024,0.009664,0.009757,99.916127,0.029427,15.315769,9.282580,3.030653,56.248730,94,0.996508,14,66,0,100.000000,0.754858,67.317073,947.374392,2050.194286,9916.205195,-0.000000,124.641450
6360.000000,contribution,optical,hardware,1,1,1,0,priority,0.000500,180,15,hybrid,0.050000,4000.000000,6.087000,52.000000,500.000000,500.000000,2.000000,120.000000,0.400000,205,130,205,67,138,22,49,0,0,0,0,0,67,67,0,0,0.000000,1.000000,43.871004,clear-ocean,30.000000,60.000000,0.151000,894,2172198,556.973846,8.757450,75,0,0,75,0,72,1,0,71,0,0,0,0,0,0,86,19,0,67,0,1,0,1,0,23,52,130,23,51,64,8.791027,224.996684,1860.322524,4.347826,1.923077,50.769231,1,0,0,1446285.538372,22.544812,121.193370,4849.044103,505.925735,139.495895,140.023249,1445078.502109,1440720.356087,785.444879,5565.182285,421.591385,0.034981,0.009645,0.009682,99.916542,0.029150,15.315769,9.282580,3.030653,56.340723,94,0.987107,14,66,0,100.000000,0.754858,67.317073,947.374392,2030.852830,10002.311911,-0.000000,196.394798
6420.000000,contribution,optical,hardware,1,1,1,0,priority,0.000500,180,15,hybrid,0.050000,4000.000000,6.087000,52.000000,500.000000,500.000000,2.000000,120.000000,0.400000,205,130,205,67,138,22,49,0,0,0,0,0,67,67,0,0,0.000000,1.000000,43.871004,clear-ocean,30.000000,60.000000,0.151000,894,2172198,556.973846,8.675605,75,0,0,75,0,72,1,0,71,0,0,0,0,0,0,86,19,0,67,0,1,0,1,0,23,52,130,23,51,64,8.791027,224.996684,1860.322524,4.347826,1.923077,50.769231,1,0,0,1459882.639845,22.544812,121.193370,4849.044103,510.061905,140.529938,140.253036,1458670.203581,1454312.057559,790.844879,5570.582285,421.591385,0.034939,0.009626,0.009607,99.916950,0.028878,15.315769,9.282580,3.030653,56.430997,94,0.977882,14,66,0,100.000000,0.754858,67.317073,947.374392,2011.872897,10088.418627,-0.000000,273.230942
6480.000000,contribution,optical,hardware,1,1,1,0,priority,0.000500,180,15,hybrid,0.050000,4000.000000,6.087000,52.000000,500.000000,500.000000,2.000000,120.000000,0.400000,205,130,205,67,138,22,49,0,0,0,0,0,67,67,0,0,0.000000,1.000000,43.871004,clear-ocean,30.000000,60.000000,0.151000,894,2172198,556.973846,8.595275,75,0,0,75,0,72,1,0,71,0,0,0,0,0,0,86,19,0,67,0,1,0,1,0,23,52,130,23,51,64,8.791027,224.996684,1860.322524,4.347826,1.923077,50.769231,1,0,0,1473479.741317,22.544812,121.193370,4849.044103,514.198075,141.563980,140.482823,1472261.905054,1467903.759032,796.244879,5575.982285,421.591385,0.034897,0.009607,0.009534,99.917350,0.028612,15.315769,9.282580,3.030653,56.519599,94,0.968827,14,66,0,100.000000,0.754858,67.317073,947.374392,1993.244444,10174.525344,-0.000000,347.864350
6540.000000,contribution,optical,hardware,1,1,1,0,priority,0.000500,180,15,hybrid,0.050000,4000.000000,6.087000,52.000000,500.000000,500.000000,2.000000,120.000000,0.400000,205,130,205,67,138,22,49,0,0,0,0,0,67,67,0,0,0.000000,1.000000,43.871004,clear-ocean,30.000000,60.000000,0.151000,894,2172198,556.973846,8.516420,75,0,0,75,0,72,1,0,71,0,0,0,0,0,0,86,19,0,67,0,1,0,1,0,23,52,130,23,51,64,8.791027,224.996684,1860.322524,4.347826,1.923077,50.769231,1,0,0,1487076.842790,22.544812,121.193370,4849.044103,518.334245,142.598023,140.712610,1485853.606526,1481495.460504,801.644879,5581.382285,421.591385,0.034856,0.009589,0.009462,99.917742,0.028350,15.315769,9.282580,3.030653,56.606575,94,0.959939,14,66,0,100.000000,0.754858,67.317073,947.374392,1974.957798,10260.632060,-0.000000,413.218348
6600.000000,contribution,optical,hardware,1,1,1,0,priority,0.000500,180,15,hybrid,0.050000,4000.000000,6.087000,52.000000,500.000000,500.000000,2.000000,120.000000,0.400000,205,130,205,67,138,22,49,0,0,0,0,0,67,67,0,0,0.000000,1.000000,43.871004,clear-ocean,30.000000,60.000000,0.151000,894,2172198,556.973846,8.438998,75,0,0,75,0,72,1,0,71,0,0,0,0,0,0,86,19,0,67,0,1,0,1,0,23,52,130,23,51,64,8.791027,224.996684,1860.322524,4.347826,1.923077,50.769231,1,0,0,1500673.944262,22.544812,121.193370,4849.044103,522.470416,143.632065,140.942398,1499445.307999,1495087.161977,807.044879,5586.782285,421.591385,0.034816,0.009571,0.009392,99.918128,0.028093,15.315769,9.282580,3.030653,56.691970,94,0.951212,14,66,0,100.000000,0.754858,67.317073,947.374392,1957.003636,10346.738776,-0.000000,463.096127
6660.000000,contribution,optical,hardware,1,1,1,0,priority,0.000500,180,15,hybrid,0.050000,4000.000000,6.087000,52.000000,500.000000,500.000000,2.000000,120.000000,0.400000,205,130,205,67,138,22,49,0,0,0,0,0,67,67,0,0,0.000000,1.000000,43.871004,clear-ocean,30.000000,60.000000,0.151000,894,2172198,556.973846,8.362971,75,0,0,75,0,72,1,0,71,0,0,0,0,0,0,86,19,0,67,0,1,0,1,0,23,52,130,23,51,64,8.791027,224.996684,1860.322524,4.347826,1.923077,50.769231,1,0,0,1514271.045735,22.544812,121.193370,4849.044103,526.606586,144.666108,141.172185,1513037.009471,1508678.863449,812.444879,5592.182285,421.591385,0.034776,0.009554,0.009323,99.918506,0.027841,15.315769,9.282580,3.030653,56.775826,94,0.942643,14,66,0,100.000000,0.754858,67.317073,947.374392,1939.372973,10432.845492,-0.000000,492.768323
6720.000000,contribution,optical,hardware,1,1,1,0,priority,0.000500,180,15,hybrid,0.050000,4000.000000,6.087000,52.000000,500.000000,500.000000,2.000000,120.000000,0.400000,205,130,205,81,140,22,49,0,0,0,0,0,81,81,0,0,0.000000,1.000000,43.601358,clear-ocean,30.000000,60.000000,0.151000,915,2248059,576.425385,8.577759,75,0,0,75,0,72,1,0,71,0,0,0,0,0,0,89,19,0,69,1,1,0,1,0,23,52,130,23,51,66,8.791027,224.996684,1938.459060,4.347826,1.923077,49.230769,1,0,0,1528066.544335,22.544812,121.193370,5047.441231,530.742756,145.700151,158.201972,1526795.529815,1522270.564922,834.644879,5795.979413,436.369641,0.034733,0.009535,0.010353,99.916822,0.028557,15.315769,9.282580,3.059055,56.789583,94,0.991964,14,52,11,100.000000,0.754858,68.292683,997.252303,1981.580952,10518.952208,0.000000,499.421444
6780.000000,contribution,optical,hardware,1,1,1,0,priority,0.000500,180,15,hybrid,0.050000,4000.000000,6.087000,52.000000,500.000000,500.000000,2.000000,120.000000,0.400000,205,130,205,81,142,22,49,0,0,0,0,0,81,81,0,0,0.000000,1.000000,43.601358,clear-ocean,30.000000,60.000000,0.151000,945,2357481,604.482308,8.915668,75,0,0,75,0,72,1,0,71,0,0,0,0,0,0,94,22,0,71,1,1,0,1,0,23,52,130,23,51,68,8.791027,224.996684,2011.860851,4.347826,1.923077,47.692308,1,0,0,1541907.224475,22.544812,121.193370,5291.019897,534.878926,146.734193,158.431759,1540611.693237,1535862.266394,840.044879,6044.958080,455.486359,0.034689,0.009516,0.010275,99.915979,0.029540,15.315769,9.282580,3.112365,56.747198,94,1.067552,14,52,9,100.000000,0.754858,69.268293,1045.658890,2023.041888,10605.058924,0.000000,482.424646
6840.000000,contribution,optical,hardware,1,1,1,0,priority,0.000500,180,15,hybrid,0.050000,4000.000000,6.087000,52.000000,500.000000,500.000000,2.000000,120.000000,0.400000,205,130,205,81,144,22,49,0,0,0,0,0,81,81,0,0,0.000000,1.000000,43.601358,clear-ocean,30.000000,60.000000,0.151000,977,2475177,634.660769,9.278666,75,0,0,75,0,72,1,0,71,0,0,0,0,0,0,98,24,0,73,1,1,0,1,0,23,52,130,23,51,70,8.791027,224.996684,2081.960230,4.347826,1.923077,46.153846,1,0,0,1555769.024614,22.544812,121.193370,5555.718564,539.015097,147.768236,158.661547,1554444.828966,1549453.967867,845.444879,6315.056747,478.750769,0.034646,0.009498,0.010198,99.914885,0.030773,15.315769,9.282580,3.174696,56.705556,94,1.128655,14,52,7,100.000000,0.754858,70.243902,1093.154449,2063.775439,10691.165640,0.000000,443.389552
6900.000000,contribution,optical,hardware,1,1,1,0,priority,0.000500,180,15,hybrid,0.050000,4000.000000,6.087000,52.000000,500.000000,500.000000,2.000000,120.000000,0.400000,205,130,205,81,152,22,49,0,0,0,0,0,81,81,0,0,0.000000,1.000000,43.601358,clear-ocean,30.000000,60.000000,0.151000,1027,2652651,680.166923,9.857492,75,0,0,75,0,72,1,0,71,0,0,0,0,0,0,105,24,0,81,0,1,0,1,0,23,52,130,23,51,78,8.791027,224.996684,2322.878037,4.347826,1.923077,40.000000,1,0,0,1569768.566291,22.544812,121.193370,5958.158769,543.151267,148.802278,158.891334,1568400.605925,1563045.669339,850.844879,6722.896952,517.115487,0.034601,0.009479,0.010122,99.912856,0.032942,15.315769,9.282580,3.055466,56.664638,94,1.146232,14,52,0,100.000000,0.754858,74.146341,1268.825733,2277.713623,10777.272357,0.000000,386.017433
6960.000000,contribution,optical,hardware,1,1,1,0,priority,0.000500,180,15,hybrid,0.050000,4000.000000,6.087000,52.000000,500.000000,500.000000,2.000000,120.000000,0.400000,205,130,205,81,152,22,49,0,0,0,0,0,81,81,0,0,0.000000,1.000000,43.601358,clear-ocean,30.000000,60.000000,0.151000,1027,2652651,680.166923,9.772513,75,0,0,75,0,72,1,0,71,0,0,0,0,0,0,105,24,0,81,0,1,0,1,0,23,52,130,23,51,78,8.791027,224.996684,2322.878037,4.347826,1.923077,40.000000,1,0,0,1583365.667764,22.544812,121.193370,5958.158769,547.287437,149.836321,159.121121,1581992.307398,1576637.370812,856.244879,6728.296952,517.115487,0.034565,0.009463,0.010050,99.913263,0.032659,15.315769,9.282580,3.055466,56.624425,94,1.136351,14,52,0,100.000000,0.754858,74.146341,1268.825733,2258.078161,10863.379073,0.000000,315.748263
7020.000000,contribution,optical,hardware,1,1,1,0,priority,0.000500,180,15,hybrid,0.050000,4000.000000,6.087000,52.000000,500.000000,500.000000,2.000000,120.000000,0.400000,205,130,205,81,152,22,49,0,0,0,0,0,81,81,0,0,0.000000,1.000000,43.601358,clear-ocean,30.000000,60.000000,0.151000,1027,2652651,680.166923,9.688988,75,0,0,75,0,72,1,0,71,0,0,0,0,0,0,105,24,0,81,0,1,0,1,0,23,52,130,23,51,78,8.791027,224.996684,2322.878037,4.347826,1.923077,40.000000,1,0,0,1596962.769236,22.544812,121.193370,5958.158769,551.423607,150.870363,159.350908,1595584.008870,1590229.072284,861.644879,6733.696952,517.115487,0.034530,0.009447,0.009978,99.913664,0.032381,15.315769,9.282580,3.055466,56.584900,94,1.126638,14,52,0,100.000000,0.754858,74.146341,1268.825733,2238.778348,10949.485789,0.000000,239.244901
7080.000000,contribution,optical,hardware,1,1,1,0,priority,0.000500,180,15,hybrid,0.050000,4000.000000,6.087000,52.000000,500.000000,500.000000,2.000000,120.000000,0.400000,205,130,205,81,152,22,49,0,0,0,0,0,81,81,0,0,0.000000,1.000000,43.601358,clear-ocean,30.000000,60.000000,0.151000,1027,2652651,680.166923,9.606877,75,0,0,75,0,72,1,0,71,0,0,0,0,0,0,105,24,0,81,0,1,0,1,0,23,52,130,23,51,78,8.791027,224.996684,2322.878037,4.347826,1.923077,40.000000,1,0,0,1610559.870709,22.544812,121.193370,5958.158769,555.559777,151.904406,159.580695,1609175.710343,1603820.773757,867.044879,6739.096952,517.115487,0.034495,0.009432,0.009908,99.914057,0.032108,15.315769,9.282580,3.055466,56.546045,94,1.117090,14,52,0,100.000000,0.754858,74.146341,1268.825733,2219.805650,11035.592505,0.000000,163.761329
7140.000000,contribution,optical,hardware,1,1,1,0,priority,0.000500,180,15,hybrid,0.050000,4000.000000,6.087000,52.000000,500.000000,500.000000,2.000000,120.000000,0.400000,205,130,205,81,152,22,49,0,0,0,0,0,81,81,0,0,0.000000,1.000000,43.601358,clear-ocean,30.000000,60.000000,0.151000,1027,2652651,680.166923,9.526147,75,0,0,75,0,72,1,0,71,0,0,0,0,0,0,105,24,0,81,0,1,0,1,0,23,52,130,23,51,78,8.791027,224.996684,2322.878037,4.347826,1.923077,40.000000,1,0,0,1624156.972181,22.544812,121.193370,5958.158769,559.695948,152.938448,159.810483,1622767.411815,1617412.475230,872.444879,6744.496952,517.115487,0.034461,0.009416,0.009840,99.914444,0.031839,15.315769,9.282580,3.055466,56.507843,94,1.107703,14,52,0,100.000000,0.754858,74.146341,1268.825733,2201.151821,11121.699221,0.000000,96.454830
7200.000000,contribution,optical,hardware,1,1,1,0,priority,0.000500,180,15,hybrid,0.050000,4000.000000,6.087000,52.000000,500.000000,500.000000,2.000000,120.000000,0.400000,205,130,205,81,152,22,49,0,0,0,0,0,81,81,0,0,0.000000,1.000000,43.601358,clear-ocean,30.000000,60.000000,0.151000,1027,2652651,680.166923,9.446763,75,0,0,75,0,72,1,0,71,0,0,0,0,0,0,105,24,0,81,0,1,0,1,0,23,52,130,23,51,78,8.791027,224.996684,2322.878037,4.347826,1.923077,40.000000,1,0,0,1637754.073654,22.544812,121.193370,5958.158769,563.832118,153.972491,160.040270,1636359.113288,1631004.176702,877.844879,6749.896952,517.115487,0.034427,0.009401,0.009772,99.914825,0.031575,15.315769,9.282580,3.055466,56.470278,94,1.098472,14,52,0,100.000000,0.754858,74.146341,1268.825733,2182.808889,11207.805937,0.000000,43.707346
7260.000000,contribution,optical,hardware,1,1,1,0,priority,0.000500,180,15,hybrid,0.050000,4000.000000,6.087000,52.000000,500.000000,500.000000,2.000000,120.000000,0.400000,205,130,205,81,152,22,49,0,0,0,0,0,81,81,0,0,0.000000,1.000000,43.601358,clear-ocean,30.000000,60.000000,0.151000,1027,2652651,680.166923,9.368690,75,0,0,75,0,72,1,0,71,0,0,0,0,0,0,105,24,0,81,0,1,0,1,0,23,52,130,23,51,78,8.791027,224.996684,2322.878037,4.347826,1.923077,40.000000,1,0,0,1651351.175127,22.544812,121.193370,5958.158769,567.968288,155.006534,160.270057,1649950.814760,1644595.878175,883.244879,6755.296952,517.115487,0.034394,0.009387,0.009705,99.915199,0.031315,15.315769,9.282580,3.055466,56.433333,94,1.089394,14,52,0,100.000000,0.754858,74.146341,1268.825733,2164.769146,11293.912653,0.000000,10.520348
7320.000000,contribution,optical,hardware,1,1,1,0,priority,0.000500,180,15,hybrid,0.050000,4000.000000,6.087000,52.000000,500.000000,500.000000,2.000000,120.000000,0.400000,205,130,205,81,152,22,49,0,0,0,0,0,81,81,0,0,0.000000,1.000000,43.601358,clear-ocean,30.000000,60.000000,0.151000,1027,2652651,680.166923,9.291898,75,0,0,75,0,72,1,0,71,0,0,0,0,0,0,105,24,0,81,0,1,0,1,0,23,52,130,23,51,78,8.791027,224.996684,2322.878037,4.347826,1.923077,40.000000,1,0,0,1664948.276599,22.544812,121.193370,5958.158769,572.104458,156.040576,160.499844,1663542.516233,1658187.579647,888.644879,6760.696952,517.115487,0.034362,0.009372,0.009640,99.915567,0.031059,15.315769,9.282580,3.055466,56.396995,94,1.080464,14,52,0,100.000000,0.754858,74.146341,1268.825733,2147.025137,11380.019370,-0.000000,0.040596
7380.000000,contribution,optical,hardware,1,1,1,0,priority,0.000500,180,15,hybrid,0.050000,4000.000000,6.087000,52.000000,500.000000,500.000000,2.000000,120.000000,0.400000,205,130,205,81,152,22,49,0,0,0,0,0,81,81,0,0,0.000000,1.000000,43.601358,clear-ocean,30.000000,60.000000,0.151000,1027,2652651,680.166923,9.216354,75,0,0,75,0,72,1,0,71,0,0,0,0,0,0,105,24,0,81,0,1,0,1,0,23,52,130,23,51,78,8.791027,224.996684,2322.878037,4.347826,1.923077,40.000000,1,0,0,1678545.378072,22.544812,121.193370,5958.158769,576.240628,157.074619,160.729632,1677134.217705,1671779.281120,894.044879,6766.096952,517.115487,0.034330,0.009358,0.009576,99.915930,0.030807,15.315769,9.282580,3.055466,56.361247,94,1.071680,14,52,0,100.000000,0.754858,74.146341,1268.825733,2129.569648,11466.126086,-0.000000,13.261771
7440.000000,contribution,optical,hardware,1,1,1,0,priority,0.000500,180,15,hybrid,0.050000,4000.000000,6.087000,52.000000,500.000000,500.000000,2.000000,120.000000,0.400000,205,130,205,81,152,22,49,0,0,0,0,0,81,81,0,0,0.000000,1.000000,43.601358,clear-ocean,30.000000,60.000000,0.151000,1027,2652651,680.166923,9.142029,75,0,0,75,0,72,1,0,71,0,0,0,0,0,0,105,24,0,81,0,1,0,1,0,23,52,130,23,51,78,8.791027,224.996684,2322.878037,4.347826,1.923077,40.000000,1,0,0,1692142.479544,22.544812,121.193370,5958.158769,580.376799,158.108661,160.959419,1690725.919178,1685370.982592,899.444879,6771.496952,517.115487,0.034298,0.009344,0.009512,99.916286,0.030560,15.315769,9.282580,3.055466,56.326075,94,1.063038,14,52,0,100.000000,0.754858,74.146341,1268.825733,2112.395699,11552.232802,-0.000000,48.930253
7500.000000,contribution,optical,hardware,1,1,1,0,priority,0.000500,180,15,hybrid,0.050000,4000.000000,6.087000,52.000000,500.000000,500.000000,2.000000,120.000000,0.400000,205,130,205,81,152,22,49,0,0,0,0,0,81,81,0,0,0.000000,1.000000,43.601358,clear-ocean,30.000000,60.000000,0.151000,1027,2652651,680.166923,9.068892,75,0,0,75,0,72,1,0,71,0,0,0,0,0,0,105,24,0,81,0,1,0,1,0,23,52,130,23,51,78,8.791027,224.996684,2322.878037,4.347826,1.923077,40.000000,1,0,0,1705739.581017,22.544812,121.193370,5958.158769,584.512969,159.142704,161.189206,1704317.620650,1698962.684065,904.844879,6776.896952,517.115487,0.034267,0.009330,0.009450,99.916637,0.030316,15.315769,9.282580,3.055466,56.291467,94,1.054533,14,52,0,100.000000,0.754858,74.146341,1268.825733,2095.496533,11638.339518,-0.000000,103.663988
7560.000000,contribution,optical,hardware,1,1,1,0,priority,0.000500,180,15,hybrid,0.050000,4000.000000,6.087000,52.000000,500.000000,500.000000,2.000000,120.000000,0.400000,205,130,205,81,152,22,49,0,0,0,0,0,81,81,0,0,0.000000,1.000000,43.601358,clear-ocean,30.000000,60.000000,0.151000,1027,2652651,680.166923,8.996917,75,0,0,75,0,72,1,0,71,0,0,0,0,0,0,105,24,0,81,0,1,0,1,0,23,52,130,23,51,78,8.791027,224.996684,2322.878037,4.347826,1.923077,40.000000,1,0,0,1719336.682489,22.544812,121.193370,5958.158769,588.649139,160.176746,161.418993,1717909.322123,1712554.385537,910.244879,6782.296952,517.115487,0.034237,0.009316,0.009388,99.916982,0.030076,15.315769,9.282580,3.055466,56.257407,94,1.046164,14,52,0,100.000000,0.754858,74.146341,1268.825733,2078.865608,11724.446234,-0.000000,172.273173
7620.000000,contribution,optical,hardware,1,1,1,0,priority,0.000500,180,15,hybrid,0.050000,4000.000000,6.087000,52.000000,500.000000,500.000000,2.000000,120.000000,0.400000,205,130,205,81,152,22,49,0,0,0,0,0,81,81,0,0,0.000000,1.000000,43.601358,clear-ocean,30.000000,60.000000,0.151000,1027,2652651,680.166923,8.926075,75,0,0,75,0,72,1,0,71,0,0,0,0,0,0,105,24,0,81,0,1,0,1,0,23,52,130,23,51,78,8.791027,224.996684,2322.878037,4.347826,1.923077,40.000000,1,0,0,1732933.783962,22.544812,121.193370,5958.158769,592.785309,161.210789,161.648781,1731501.023595,1726146.087010,915.644879,6787.696952,517.115487,0.034207,0.009303,0.009328,99.917322,0.029840,15.315769,9.282580,3.055466,56.223885,94,1.037927,14,52,0,100.000000,0.754858,74.146341,1268.825733,2062.496588,11810.552950,-0.000000,248.252347
7680.000000,contribution,optical,hardware,1,1,1,0,priority,0.000500,180,15,hybrid,0.050000,4000.000000,6.087000,52.000000,500.000000,500.000000,2.000000,120.000000,0.400000,205,130,205,81,152,22,49,0,0,0,0,0,81,81,0,0,0.000000,1.000000,43.601358,clear-ocean,30.000000,60.000000,0.151000,1027,2652651,680.166923,8.856340,75,0,0,75,0,72,1,0,71,0,0,0,0,0,0,105,24,0,81,0,1,0,1,0,23,52,130,23,51,78,8.791027,224.996684,2322.878037,4.347826,1.923077,40.000000,1,0,0,1746530.885434,22.544812,121.193370,5958.158769,596.921480,162.244831,161.878568,1745092.725068,1739737.788482,921.044879,6793.096952,517.115487,0.034178,0.009290,0.009269,99.917656,0.029608,15.315769,9.282580,3.055466,56.190885,94,1.029818,14,52,0,100.000000,0.754858,74.146341,1268.825733,2046.383333,11896.659666,-0.000000,324.397231
7740.000000,contribution,optical,hardware,1,1,1,0,priority,0.000500,180,15,hybrid,0.050000,4000.000000,6.087000,52.000000,500.000000,500.000000,2.000000,120.000000,0.400000,205,130,205,81,152,22,49,0,0,0,0,0,81,81,0,0,0.000000,1.000000,43.601358,clear-ocean,30.000000,60.000000,0.151000,1027,2652651,680.166923,8.787686,75,0,0,75,0,72,1,0,71,0,0,0,0,0,0,105,24,0,81,0,1,0,1,0,23,52,130,23,51,78,8.791027,224.996684,2322.878037,4.347826,1.923077,40.000000,1,0,0,1760127.986907,22.544812,121.193370,5958.158769,601.057650,163.278874,162.108355,1758684.426541,1753329.489955,926.444879,6798.496952,517.115487,0.034149,0.009277,0.009210,99.917985,0.029379,15.315769,9.282580,3.055466,56.158398,94,1.021835,14,52,0,100.000000,0.754858,74.146341,1268.825733,2030.519897,11982.766383,-0.000000,393.487836
7800.000000,contribution,optical,hardware,1,1,1,0,priority,0.000500,180,15,hybrid,0.050000,4000.000000,6.087000,52.000000,500.000000,500.000000,2.000000,120.000000,0.400000,205,130,205,81,152,22,49,0,0,0,0,0,81,81,0,0,0.000000,1.000000,43.601358,clear-ocean,30.000000,60.000000,0.151000,1027,2652651,680.166923,8.720089,75,0,0,75,0,72,1,0,71,0,0,0,0,0,0,105,24,0,81,0,1,0,1,0,23,52,130,23,51,78,8.791027,224.996684,2322.878037,4.347826,1.923077,40.000000,1,0,0,1773725.088379,22.544812,121.193370,5958.158769,605.193820,164.312917,162.338142,1772276.128013,1766921.191427,931.844879,6803.896952,517.115487,0.034120,0.009264,0.009152,99.918310,0.029154,15.315769,9.282580,3.055466,56.126410,94,1.013974,14,52,0,100.000000,0.754858,74.146341,1268.825733,2014.900513,12068.873099,-0.000000,448.973053
7860.000000,contribution,optical,hardware,1,1,1,0,priority,0.000500,180,15,hybrid,0.050000,4000.000000,6.087000,52.000000,500.000000,500.000000,2.000000,120.000000,0.400000,205,130,205,81,152,22,49,0,0,0,0,0,81,81,0,0,0.000000,1.000000,43.601358,clear-ocean,30.000000,60.000000,0.151000,1027,2652651,680.166923,8.653523,75,0,0,75,0,72,1,0,71,0,0,0,0,0,0,105,24,0,81,0,1,0,1,0,23,52,130,23,51,78,8.791027,224.996684,2322.878037,4.347826,1.923077,40.000000,1,0,0,1787322.189852,22.544812,121.193370,5958.158769,609.329990,165.346959,162.567930,1785867.829486,1780512.892900,937.244879,6809.296952,517.115487,0.034092,0.009251,0.009096,99.918629,0.028932,15.315769,9.282580,3.055466,56.094911,94,1.006234,14,52,0,100.000000,0.754858,74.146341,1268.825733,1999.519593,12154.979815,-0.000000,485.591824
7920.000000,contribution,optical,hardware,1,1,1,0,priority,0.000500,180,15,hybrid,0.050000,4000.000000,6.087000,52.000000,500.000000,500.000000,2.000000,120.000000,0.400000,205,130,205,91,153,22,49,0,0,0,0,0,91,91,0,0,0.000000,1.000000,43.531133,clear-ocean,30.000000,60.000000,0.151000,1039,2698623,691.954615,8.736801,75,0,0,75,0,72,1,0,71,0,0,0,0,0,0,107,24,0,82,1,1,0,1,0,23,52,130,23,51,79,8.791027,224.996684,2362.029048,4.347826,1.923077,39.230769,1,0,0,1801040.513273,22.544812,121.193370,6079.380718,613.466160,166.381002,174.797717,1799561.835779,1794104.594372,954.644879,6935.918901,524.032615,0.034062,0.009238,0.009705,99.917899,0.029096,15.315769,9.282580,3.078167,56.047475,94,1.013005,14,42,8,100.000000,0.754858,74.634146,1295.930191,2009.624242,12241.086531,-0.000000,499.871988
7980.000000,contribution,optical,hardware,1,1,1,0,priority,0.000500,180,15,hybrid,0.050000,4000.000000,6.087000,52.000000,500.000000,500.000000,2.000000,120.000000,0.400000,205,130,205,91,155,22,49,0,0,0,0,0,91,91,0,0,0.000000,1.000000,43.531133,clear-ocean,30.000000,60.000000,0.151000,1069,2804373,719.070000,9.010902,75,0,0,75,0,72,1,0,71,0,0,0,0,0,0,111,26,0,84,1,1,0,1,0,23,52,130,23,51,81,8.791027,224.996684,2437.539970,4.347826,1.923077,37.692308,1,0,0,1814875.453720,22.544812,121.193370,6317.219692,617.602331,167.415044,175.027504,1813370.466892,1807696.295845,960.044879,7179.157875,544.941949,0.034030,0.009225,0.009644,99.917075,0.030026,15.315769,9.282580,3.119615,55.941855,94,1.060025,14,42,6,100.000000,0.754858,75.609756,1349.146852,2044.639599,12327.193247,0.000000,490.459514
8040.000000,contribution,optical,hardware,1,1,1,0,priority,0.000500,180,15,hybrid,0.050000,4000.000000,6.087000,52.000000,500.000000,500.000000,2.000000,120.000000,0.400000,205,130,205,91,156,22,49,0,0,0,0,0,91,91,0,0,0.000000,1.000000,43.531133,clear-ocean,30.000000,60.000000,0.151000,1092,2888508,740.643077,9.211979,75,0,0,75,0,72,1,0,71,0,0,0,0,0,0,115,29,0,85,1,1,0,1,0,23,52,130,23,51,82,8.791027,224.996684,2474.628262,4.347826,1.923077,36.923077,1,0,0,1828659.039910,22.544812,121.193370,6503.704410,621.738501,168.449087,175.257291,1827134.756262,1821287.997317,965.444879,7371.042593,558.838769,0.034000,0.009212,0.009584,99.916645,0.030560,15.315769,9.282580,3.172539,55.837811,94,1.096766,14,42,5,100.000000,0.754858,76.097561,1375.618859,2054.256716,12413.299963,0.000000,458.246884
8100.000000,contribution,optical,hardware,1,1,1,0,priority,0.000500,180,15,hybrid,0.050000,4000.000000,6.087000,52.000000,500.000000,500.000000,2.000000,120.000000,0.400000,205,130,205,91,158,22,49,0,0,0,0,0,91,91,0,0,0.000000,1.000000,43.531133,clear-ocean,30.000000,60.000000,0.151000,1125,3006669,770.940769,9.517787,75,0,0,75,0,72,1,0,71,0,0,0,0,0,0,119,31,0,87,1,1,0,1,0,23,52,130,23,51,84,8.791027,224.996684,2546.153027,4.347826,1.923077,35.384615,1,0,0,1842521.984665,22.544812,121.193370,6769.547692,625.874671,169.483129,175.487078,1840968.845837,1834879.698790,970.844879,7642.285875,582.293949,0.033968,0.009198,0.009524,99.915706,0.031603,15.315769,9.282580,3.223594,55.735309,94,1.113580,14,42,3,100.000000,0.754858,77.073171,1427.556195,2088.422716,12499.406680,0.000000,406.288471
8160.000000,contribution,optical,hardware,1,1,1,0,priority,0.000500,180,15,hybrid,0.050000,4000.000000,6.087000,52.000000,500.000000,500.000000,2.000000,120.000000,0.400000,205,130,205,91,162,22,49,0,0,0,0,0,91,91,0,0,0.000000,1.000000,43.531133,clear-ocean,30.000000,60.000000,0.151000,1146,3082530,790.392308,9.686180,75,0,0,75,0,72,1,0,71,0,0,0,0,0,0,122,31,0,91,0,1,0,1,0,23,52,130,23,51,88,8.791027,224.996684,2674.309526,4.347826,1.923077,32.307692,1,0,0,1856291.252702,22.544812,121.193370,6941.714256,630.010841,170.517172,175.716866,1854716.172746,1848471.400262,976.244879,7819.852439,598.835077,0.033939,0.009186,0.009466,99.915149,0.032260,15.315769,9.282580,3.155325,55.634314,94,1.109069,14,42,0,100.000000,0.754858,79.024390,1524.791746,2171.105882,12585.513396,0.000000,339.510925
8220.000000,contribution,optical,hardware,1,1,1,0,priority,0.000500,180,15,hybrid,0.050000,4000.000000,6.087000,52.000000,500.000000,500.000000,2.000000,120.000000,0.400000,205,130,205,91,162,22,49,0,0,0,0,0,91,91,0,0,0.000000,1.000000,43.531133,clear-ocean,30.000000,60.000000,0.151000,1146,3082530,790.392308,9.615478,75,0,0,75,0,72,1,0,71,0,0,0,0,0,0,122,31,0,91,0,1,0,1,0,23,52,130,23,51,88,8.791027,224.996684,2674.309526,4.347826,1.923077,32.307692,1,0,0,1869888.354174,22.544812,121.193370,6941.714256,634.147011,171.551214,175.946653,1868307.874218,1862063.101735,981.644879,7825.252439,598.835077,0.033914,0.009174,0.009409,99.915477,0.032025,15.315769,9.282580,3.155325,55.534793,94,1.100973,14,42,0,100.000000,0.754858,79.024390,1524.791746,2155.258394,12528.379888,0.000000,385.182255
8280.000000,contribution,optical,hardware,1,1,1,0,priority,0.000500,180,15,hybrid,0.050000,4000.000000,6.087000,52.000000,500.000000,500.000000,2.000000,120.000000,0.400000,205,130,205,91,162,22,49,0,0,0,0,0,91,91,0,0,0.000000,1.000000,43.531133,clear-ocean,30.000000,60.000000,0.151000,1146,3082530,790.392308,9.545801,75,0,0,75,0,72,1,0,71,0,0,0,0,0,0,122,31,0,91,0,1,0,1,0,23,52,130,23,51,88,8.791027,224.996684,2674.309526,4.347826,1.923077,32.307692,1,0,0,1883485.455647,22.544812,121.193370,6941.714256,638.283182,172.585257,176.176440,1881899.575691,1875654.803207,987.044879,7830.652439,598.835077,0.033888,0.009163,0.009354,99.915801,0.031794,15.315769,9.282580,3.155325,55.436715,94,1.092995,14,42,0,100.000000,0.754858,79.024390,1524.791746,2139.640580,12442.273172,0.000000,442.758027
8340.000000,contribution,optical,hardware,1,1,1,0,priority,0.000500,180,15,hybrid,0.050000,4000.000000,6.087000,52.000000,500.000000,500.000000,2.000000,120.000000,0.400000,205,130,205,91,162,22,49,0,0,0,0,0,91,91,0,0,0.000000,1.000000,43.531133,clear-ocean,30.000000,60.000000,0.151000,1146,3082530,790.392308,9.477126,75,0,0,75,0,72,1,0,71,0,0,0,0,0,0,122,31,0,91,0,1,0,1,0,23,52,130,23,51,88,8.791027,224.996684,2674.309526,4.347826,1.923077,32.307692,1,0,0,1897082.557119,22.544812,121.193370,6941.714256,642.419352,173.619300,176.406227,1895491.277163,1889246.504680,992.444879,7836.052439,598.835077,0.033864,0.009152,0.009299,99.916120,0.031566,15.315769,9.282580,3.155325,55.340048,94,1.085132,14,42,0,100.000000,0.754858,79.024390,1524.791746,2124.247482,12356.166456,0.000000,482.056655
8400.000000,contribution,optical,hardware,1,1,1,0,priority,0.000500,180,15,hybrid,0.050000,4000.000000,6.087000,52.000000,500.000000,500.000000,2.000000,120.000000,0.400000,205,130,205,91,162,22,49,0,0,0,0,0,91,91,0,0,0.000000,1.000000,43.531133,clear-ocean,30.000000,60.000000,0.151000,1146,3082530,790.392308,9.409432,75,0,0,75,0,72,1,0,71,0,0,0,0,0,0,122,31,0,91,0,1,0,1,0,23,52,130,23,51,88,8.791027,224.996684,2674.309526,4.347826,1.923077,32.307692,1,0,0,1910679.658592,22.544812,121.193370,6941.714256,646.555522,174.653342,176.636015,1909082.978636,1902838.206152,997.844879,7841.452439,598.835077,0.033839,0.009141,0.009245,99.916434,0.031341,15.315769,9.282580,3.155325,55.244762,94,1.077381,14,42,0,100.000000,0.754858,79.024390,1524.791746,2109.074286,12270.059740,0.000000,499.351878
8460.000000,contribution,optical,hardware,1,1,1,0,priority,0.000500,180,15,hybrid,0.050000,4000.000000,6.087000,52.000000,500.000000,500.000000,2.000000,120.000000,0.400000,205,130,205,91,162,22,49,0,0,0,0,0,91,91,0,0,0.000000,1.000000,43.531133,clear-ocean,30.000000,60.000000,0.151000,1146,3082530,790.392308,9.342699,75,0,0,75,0,72,1,0,71,0,0,0,0,0,0,122,31,0,91,0,1,0,1,0,23,52,130,23,51,88,8.791027,224.996684,2674.309526,4.347826,1.923077,32.307692,1,0,0,1924276.760064,22.544812,121.193370,6941.714256,650.691692,175.687385,176.865802,1922674.680108,1916429.907625,1003.244879,7846.852439,598.835077,0.033815,0.009130,0.009191,99.916744,0.031120,15.315769,9.282580,3.155325,55.150827,94,1.069740,14,42,0,100.000000,0.754858,79.024390,1524.791746,2094.116312,12183.953024,-0.000000,493.003780
8520.000000,contribution,optical,hardware,1,1,1,0,priority,0.000500,180,15,hybrid,0.050000,4000.000000,6.087000,52.000000,500.000000,500.000000,2.000000,120.000000,0.400000,205,130,205,91,162,22,49,0,0,0,0,0,91,91,0,0,0.000000,1.000000,43.531133,clear-ocean,30.000000,60.000000,0.151000,1146,3082530,790.392308,9.276905,75,0,0,75,0,72,1,0,71,0,0,0,0,0,0,122,31,0,91,0,1,0,1,0,23,52,130,23,51,88,8.791027,224.996684,2674.309526,4.347826,1.923077,32.307692,1,0,0,1937873.861537,22.544812,121.193370,6941.714256,654.827863,176.721427,177.095589,1936266.381581,1930021.609097,1008.644879,7852.252439,598.835077,0.033791,0.009119,0.009139,99.917049,0.030902,15.315769,9.282580,3.155325,55.058216,94,1.062207,14,42,0,100.000000,0.754858,79.024390,1524.791746,2079.369014,12097.846307,-0.000000,463.614281
8580.000000,contribution,optical,hardware,1,1,1,0,priority,0.000500,180,15,hybrid,0.050000,4000.000000,6.087000,52.000000,500.000000,500.000000,2.000000,120.000000,0.400000,205,130,205,91,162,22,49,0,0,0,0,0,91,91,0,0,0.000000,1.000000,43.531133,clear-ocean,30.000000,60.000000,0.151000,1146,3082530,790.392308,9.212032,75,0,0,75,0,72,1,0,71,0,0,0,0,0,0,122,31,0,91,0,1,0,1,0,23,52,130,23,51,88,8.791027,224.996684,2674.309526,4.347826,1.923077,32.307692,1,0,0,1951470.963009,22.544812,121.193370,6941.714256,658.964033,177.755470,177.325376,1949858.083053,1943613.310570,1014.044879,7857.652439,598.835077,0.033768,0.009109,0.009087,99.917351,0.030686,15.315769,9.282580,3.155325,54.966900,94,1.054779,14,42,0,100.000000,0.754858,79.024390,1524.791746,2064.827972,12011.739591,-0.000000,413.970067
8640.000000,contribution,optical,hardware,1,1,1,0,priority,0.000500,180,15,hybrid,0.050000,4000.000000,6.087000,52.000000,500.000000,500.000000,2.000000,120.000000,0.400000,205,130,205,91,162,22,49,0,0,0,0,0,91,91,0,0,0.000000,1.000000,43.531133,clear-ocean,30.000000,60.000000,0.151000,1146,3082530,790.392308,9.148059,75,0,0,75,0,72,1,0,71,0,0,0,0,0,0,122,31,0,91,0,1,0,1,0,23,52,130,23,51,88,8.791027,224.996684,2674.309526,4.347826,1.923077,32.307692,1,0,0,1965068.064482,22.544812,121.193370,6941.714256,663.100203,178.789512,177.555164,1963449.784526,1957205.012042,1019.444879,7863.052439,598.835077,0.033744,0.009098,0.009036,99.917648,0.030474,15.315769,9.282580,3.155325,54.876852,94,1.047454,14,42,0,100.000000,0.754858,79.024390,1524.791746,2050.488889,11925.632875,-0.000000,348.778358
8700.000000,contribution,optical,hardware,1,1,1,0,priority,0.000500,180,15,hybrid,0.050000,4000.000000,6.087000,52.000000,500.000000,500.000000,2.000000,120.000000,0.400000,205,130,205,91,162,22,49,0,0,0,0,0,91,91,0,0,0.000000,1.000000,43.531133,clear-ocean,30.000000,60.000000,0.151000,1146,3082530,790.392308,9.084969,75,0,0,75,0,72,1,0,71,0,0,0,0,0,0,122,31,0,91,0,1,0,1,0,23,52,130,23,51,88,8.791027,224.996684,2674.309526,4.347826,1.923077,32.307692,1,0,0,1978665.165954,22.544812,121.193370,6941.714256,667.236373,179.823555,177.784951,1977041.485998,1970796.713515,1024.844879,7868.452439,598.835077,0.033722,0.009088,0.008985,99.917941,0.030265,15.315769,9.282580,3.155325,54.788046,94,1.040230,14,42,0,100.000000,0.754858,79.024390,1524.791746,2036.347586,11839.526159,-0.000000,274.220573
8760.000000,contribution,optical,hardware,1,1,1,0,priority,0.000500,180,15,hybrid,0.050000,4000.000000,6.087000,52.000000,500.000000,500.000000,2.000000,120.000000,0.400000,205,130,205,91,162,22,49,0,0,0,0,0,91,91,0,0,0.000000,1.000000,43.531133,clear-ocean,30.000000,60.000000,0.151000,1146,3082530,790.392308,9.022743,75,0,0,75,0,72,1,0,71,0,0,0,0,0,0,122,31,0,91,0,1,0,1,0,23,52,130,23,51,88,8.791027,224.996684,2674.309526,4.347826,1.923077,32.307692,1,0,0,1992262.267427,22.544812,121.193370,6941.714256,671.372543,180.857597,178.014738,1990633.187471,1984388.414987,1030.244879,7873.852439,598.835077,0.033699,0.009078,0.008935,99.918230,0.030058,15.315769,9.282580,3.155325,54.700457,94,1.033105,14,42,0,100.000000,0.754858,79.024390,1524.791746,2022.400000,11753.419443,-0.000000,197.366215
8820.000000,contribution,optical,hardware,1,1,1,0,priority,0.000500,180,15,hybrid,0.050000,4000.000000,6.087000,52.000000,500.000000,500.000000,2.000000,120.000000,0.400000,205,130,205,91,162,22,49,0,0,0,0,0,91,91,0,0,0.000000,1.000000,43.531133,clear-ocean,30.000000,60.000000,0.151000,1146,3082530,790.392308,8.961364,75,0,0,75,0,72,1,0,71,0,0,0,0,0,0,122,31,0,91,0,1,0,1,0,23,52,130,23,51,88,8.791027,224.996684,2674.309526,4.347826,1.923077,32.307692,1,0,0,2005859.368899,22.544812,121.193370,6941.714256,675.508714,181.891640,178.244525,2004224.888943,1997980.116460,1035.644879,7879.252439,598.835077,0.033677,0.009068,0.008886,99.918515,0.029854,15.315769,9.282580,3.155325,54.614059,94,1.026077,14,42,0,100.000000,0.754858,79.024390,1524.791746,2008.642177,11667.312727,-0.000000,125.502546
8880.000000,contribution,optical,hardware,1,1,1,0,priority,0.000500,180,15,hybrid,0.050000,4000.000000,6.087000,52.000000,500.000000,500.000000,2.000000,120.000000,0.400000,205,130,205,91,162,22,49,0,0,0,0,0,91,91,0,0,0.000000,1.000000,43.531133,clear-ocean,30.000000,60.000000,0.151000,1146,3082530,790.392308,8.900814,75,0,0,75,0,72,1,0,71,0,0,0,0,0,0,122,31,0,91,0,1,0,1,0,23,52,130,23,51,88,8.791027,224.996684,2674.309526,4.347826,1.923077,32.307692,1,0,0,2019456.470372,22.544812,121.193370,6941.714256,679.644884,182.925682,178.474312,2017816.590416,2011571.817933,1041.044879,7884.652439,598.835077,0.033655,0.009058,0.008838,99.918796,0.029653,15.315769,9.282580,3.155325,54.528829,94,1.019144,14,42,0,100.000000,0.754858,79.024390,1524.791746,1995.070270,11581.206011,-0.000000,65.443614
8940.000000,contribution,optical,hardware,1,1,1,0,priority,0.000500,180,15,hybrid,0.050000,4000.000000,6.087000,52.000000,500.000000,500.000000,2.000000,120.000000,0.400000,205,130,205,91,162,22,49,0,0,0,0,0,91,91,0,0,0.000000,1.000000,43.531133,clear-ocean,30.000000,60.000000,0.151000,1146,3082530,790.392308,8.841077,75,0,0,75,0,72,1,0,71,0,0,0,0,0,0,122,31,0,91,0,1,0,1,0,23,52,130,23,51,88,8.791027,224.996684,2674.309526,4.347826,1.923077,32.307692,1,0,0,2033053.571844,22.544812,121.193370,6941.714256,683.781054,183.959725,178.704100,2031408.291888,2025163.519405,1046.444879,7890.052439,598.835077,0.033633,0.009048,0.008790,99.919073,0.029455,15.315769,9.282580,3.155325,54.444743,94,1.012304,14,42,0,100.000000,0.754858,79.024390,1524.791746,1981.680537,11495.099294,-0.000000,22.884153
9000.000000,contribution,optical,hardware,1,1,1,0,priority,0.000500,180,15,hybrid,0.050000,4000.000000,6.087000,52.000000,500.000000,500.000000,2.000000,120.000000,0.400000,205,130,205,91,162,22,49,0,0,0,0,0,91,91,0,0,0.000000,1.000000,43.531133,clear-ocean,30.000000,60.000000,0.151000,1146,3082530,790.392308,8.782137,75,0,0,75,0,72,1,0,71,0,0,0,0,0,0,122,31,0,91,0,1,0,1,0,23,52,130,23,51,88,8.791027,224.996684,2674.309526,4.347826,1.923077,32.307692,1,0,0,2046650.673317,22.544812,121.193370,6941.714256,687.917224,184.993768,178.933887,2044999.993361,2038755.220878,1051.844879,7895.452439,598.835077,0.033612,0.009039,0.008743,99.919347,0.029259,15.315769,9.282580,3.155325,54.361778,94,1.005556,14,42,0,100.000000,0.754858,79.024390,1524.791746,1968.469333,11408.992578,-0.000000,1.859614
9060.000000,contribution,optical,hardware,1,1,1,0,priority,0.000500,180,15,hybrid,0.050000,4000.000000,6.087000,52.000000,500.000000,500.000000,2.000000,120.000000,0.400000,205,130,205,91,162,22,49,0,0,0,0,0,91,91,0,0,0.000000,1.000000,43.531133,clear-ocean,30.000000,60.000000,0.151000,1146,3082530,790.392308,8.723977,75,0,0,75,0,72,1,0,71,0,0,0,0,0,0,122,31,0,91,0,1,0,1,0,23,52,130,23,51,88,8.791027,224.996684,2674.309526,4.347826,1.923077,32.307692,1,0,0,2060247.774789,22.544812,121.193370,6941.714256,692.053394,186.027810,179.163674,2058591.694833,2052346.922350,1057.244879,7900.852439,598.835077,0.033591,0.009029,0.008696,99.919617,0.029066,15.315769,9.282580,3.155325,54.279912,94,0.998896,14,42,0,100.000000,0.754858,79.024390,1524.791746,1955.433113,11322.885862,0.000000,4.363524
9120.000000,contribution,optical,hardware,1,1,1,0,priority,0.000500,180,15,hybrid,0.050000,4000.000000,6.087000,52.000000,500.000000,500.000000,2.000000,120.000000,0.400000,205,130,205,91,162,22,49,0,0,0,0,0,91,91,0,0,0.000000,1.000000,43.531133,clear-ocean,30.000000,60.000000,0.151000,1146,3082530,790.392308,8.666582,75,0,0,75,0,72,1,0,71,0,0,0,0,0,0,122,31,0,91,0,1,0,1,0,23,52,130,23,51,88,8.791027,224.996684,2674.309526,4.347826,1.923077,32.307692,1,0,0,2073844.876262,22.544812,121.193370,6941.714256,696.189565,187.061853,179.393461,2072183.396306,2065938.623823,1062.644879,7906.252439,598.835077,0.033570,0.009020,0.008650,99.919884,0.028876,15.315769,9.282580,3.155325,54.199123,94,0.992325,14,42,0,100.000000,0.754858,79.024390,1524.791746,1942.568421,11236.779146,0.000000,30.158465
9180.000000,contribution,optical,hardware,1,1,1,0,priority,0.000500,180,15,hybrid,0.050000,4000.000000,6.087000,52.000000,500.000000,500.000000,2.000000,120.000000,0.400000,205,130,205,91,162,22,49,0,0,0,0,0,91,91,0,0,0.000000,1.000000,43.531133,clear-ocean,30.000000,60.000000,0.151000,1146,3082530,790.392308,8.609938,75,0,0,75,0,72,1,0,71,0,0,0,0,0,0,122,31,0,91,0,1,0,1,0,23,52,130,23,51,88,8.791027,224.996684,2674.309526,4.347826,1.923077,32.307692,1,0,0,2087441.977734,22.544812,121.193370,6941.714256,700.325735,188.095895,179.623249,2085775.097778,2079530.325295,1068.044879,7911.652439,598.835077,0.033549,0.009011,0.008605,99.920147,0.028688,15.315769,9.282580,3.155325,54.119390,94,0.985839,14,42,0,100.000000,0.754858,79.024390,1524.791746,1929.871895,11150.672430,0.000000,76.798583
9240.000000,contribution,optical,hardware,1,1,1,0,priority,0.000500,180,15,hybrid,0.050000,4000.000000,6.087000,52.000000,500.000000,500.000000,2.000000,120.000000,0.400000,205,130,205,91,162,22,49,0,0,0,0,0,91,91,0,0,0.000000,1.000000,43.531133,clear-ocean,30.000000,60.000000,0.151000,1146,3082530,790.392308,8.554029,75,0,0,75,0,72,1,0,71,0,0,0,0,0,0,122,31,0,91,0,1,0,1,0,23,52,130,23,51,88,8.791027,224.996684,2674.309526,4.347826,1.923077,32.307692,1,0,0,2101039.079207,22.544812,121.193370,6941.714256,704.461905,189.129938,179.853036,2099366.799251,2093122.026768,1073.444879,7917.052439,598.835077,0.033529,0.009002,0.008560,99.920407,0.028502,15.315769,9.282580,3.155325,54.040693,94,0.979437,14,42,0,100.000000,0.754858,79.024390,1524.791746,1917.340260,11064.565714,0.000000,139.861505
9300.000000,contribution,optical,hardware,1,1,1,0,priority,0.000500,180,15,hybrid,0.050000,4000.000000,6.087000,52.000000,500.000000,500.000000,2.000000,120.000000,0.400000,205,130,205,91,162,22,49,0,0,0,0,0,91,91,0,0,0.000000,1.000000,43.531133,clear-ocean,30.000000,60.000000,0.151000,1146,3082530,790.392308,8.498842,75,0,0,75,0,72,1,0,71,0,0,0,0,0,0,122,31,0,91,0,1,0,1,0,23,52,130,23,51,88,8.791027,224.996684,2674.309526,4.347826,1.923077,32.307692,1,0,0,2114636.180679,22.544812,121.193370,6941.714256,708.598075,190.163980,180.082823,2112958.500723,2106713.728240,1078.844879,7922.452439,598.835077,0.033509,0.008993,0.008516,99.920663,0.028319,15.315769,9.282580,3.155325,53.963011,94,0.973118,14,42,0,100.000000,0.754858,79.024390,1524.791746,1904.970323,10978.458998,0.000000,213.367661
9360.000000,contribution,optical,hardware,1,1,1,0,priority,0.000500,180,15,hybrid,0.050000,4000.000000,6.087000,52.000000,500.000000,500.000000,2.000000,120.000000,0.400000,205,130,205,91,162,22,49,0,0,0,0,0,91,91,0,0,0.000000,1.000000,43.531133,clear-ocean,30.000000,60.000000,0.151000,1146,3082530,790.392308,8.444362,75,0,0,75,0,72,1,0,71,0,0,0,0,0,0,122,31,0,91,0,1,0,1,0,23,52,130,23,51,88,8.791027,224.996684,2674.309526,4.347826,1.923077,32.307692,1,0,0,2128233.282152,22.544812,121.193370,6941.714256,712.734245,191.198023,180.312610,2126550.202196,2120305.429713,1084.244879,7927.852439,598.835077,0.033489,0.008984,0.008472,99.920917,0.028138,15.315769,9.282580,3.155325,53.886325,94,0.966880,14,42,0,100.000000,0.754858,79.024390,1524.791746,1892.758974,10892.352281,0.000000,290.347262
9420.000000,contribution,optical,hardware,1,1,1,0,priority,0.000500,180,15,hybrid,0.050000,4000.000000,6.087000,52.000000,500.000000,500.000000,2.000000,120.000000,0.400000,205,130,205,91,162,22,49,0,0,0,0,0,91,91,0,0,0.000000,1.000000,43.531133,clear-ocean,30.000000,60.000000,0.151000,1146,3082530,790.392308,8.390577,75,0,0,75,0,72,1,0,71,0,0,0,0,0,0,122,31,0,91,0,1,0,1,0,23,52,130,23,51,88,8.791027,224.996684,2674.309526,4.347826,1.923077,32.307692,1,0,0,2141830.383624,22.544812,121.193370,6941.714256,716.870416,192.232065,180.542398,2140141.903668,2133897.131185,1089.644879,7933.252439,598.835077,0.033470,0.008975,0.008429,99.921166,0.027959,15.315769,9.282580,3.155325,53.810616,94,0.960722,14,42,0,100.000000,0.754858,79.024390,1524.791746,1880.703185,10806.245565,0.000000,363.501172
9480.000000,contribution,optical,hardware,1,1,1,0,priority,0.000500,180,15,hybrid,0.050000,4000.000000,6.087000,52.000000,500.000000,500.000000,2.000000,120.000000,0.400000,205,130,205,91,162,22,49,0,0,0,0,0,91,91,0,0,0.000000,1.000000,43.531133,clear-ocean,30.000000,60.000000,0.151000,1146,3082530,790.392308,8.337472,75,0,0,75,0,72,1,0,71,0,0,0,0,0,0,122,31,0,91,0,1,0,1,0,23,52,130,23,51,88,8.791027,224.996684,2674.309526,4.347826,1.923077,32.307692,1,0,0,2155427.485097,22.544812,121.193370,6941.714256,721.006586,193.266108,180.772185,2153733.605141,2147488.832658,1095.044879,7938.652439,598.835077,0.033451,0.008966,0.008387,99.921413,0.027783,15.315769,9.282580,3.155325,53.735865,94,0.954641,14,42,0,100.000000,0.754858,79.024390,1524.791746,1868.800000,10720.138849,0.000000,425.893002
9540.000000,contribution,optical,hardware,1,1,1,0,priority,0.000500,180,15,hybrid,0.050000,4000.000000,6.087000,52.000000,500.000000,500.000000,2.000000,120.000000,0.400000,205,130,205,91,162,22,49,0,0,0,0,0,91,91,0,0,0.000000,1.000000,43.531133,clear-ocean,30.000000,60.000000,0.151000,1146,3082530,790.392308,8.285035,75,0,0,75,0,72,1,0,71,0,0,0,0,0,0,122,31,0,91,0,1,0,1,0,23,52,130,23,51,88,8.791027,224.996684,2674.309526,4.347826,1.923077,32.307692,1,0,0,2169024.586569,22.544812,121.193370,6941.714256,725.142756,194.300151,181.001972,2167325.306613,2161080.534130,1100.444879,7944.052439,598.835077,0.033432,0.008958,0.008345,99.921657,0.027608,15.315769,9.282580,3.155325,53.662055,94,0.948637,14,42,0,100.000000,0.754858,79.024390,1524.791746,1857.046541,10634.032133,0.000000,471.606815
9600.000000,contribution,optical,hardware,1,1,1,0,priority,0.000500,180,15,hybrid,0.050000,4000.000000,6.087000,52.000000,500.000000,500.000000,2.000000,120.000000,0.400000,205,130,205,91,162,22,49,0,0,0,0,0,91,91,0,0,0.000000,1.000000,43.531133,clear-ocean,30.000000,60.000000,0.151000,1146,3082530,790.392308,8.233253,75,0,0,75,0,72,1,0,71,0,0,0,0,0,0,122,31,0,91,0,1,0,1,0,23,52,130,23,51,88,8.791027,224.996684,2674.309526,4.347826,1.923077,32.307692,1,0,0,2182621.688042,22.544812,121.193370,6941.714256,729.278926,195.334193,181.231759,2180917.008086,2174672.235603,1105.844879,7949.452439,598.835077,0.033413,0.008950,0.008303,99.921898,0.027437,15.315769,9.282580,3.155325,53.589167,94,0.942708,14,42,0,100.000000,0.754858,79.024390,1524.791746,1845.440000,10547.925417,0.000000,496.308069
9660.000000,contribution,optical,hardware,1,1,1,0,priority,0.000500,180,15,hybrid,0.050000,4000.000000,6.087000,52.000000,500.000000,500.000000,2.000000,120.000000,0.400000,205,130,205,91,162,22,49,0,0,0,0,0,91,91,0,0,0.000000,1.000000,43.531133,clear-ocean,30.000000,60.000000,0.151000,1146,3082530,790.392308,8.182115,75,0,0,75,0,72,1,0,71,0,0,0,0,0,0,122,31,0,91,0,1,0,1,0,23,52,130,23,51,88,8.791027,224.996684,2674.309526,4.347826,1.923077,32.307692,1,0,0,2196218.789514,22.544812,121.193370,6941.714256,733.415097,196.368236,181.461547,2194508.709558,2188263.937075,1111.244879,7954.852439,598.835077,0.033394,0.008941,0.008262,99.922135,0.027267,15.315769,9.282580,3.155325,53.517184,94,0.936853,14,42,0,100.000000,0.754858,79.024390,1524.791746,1833.977640,10461.818701,-0.000000,497.654611
9720.000000,contribution,optical,hardware,1,1,1,0,priority,0.000500,180,15,hybrid,0.050000,4000.000000,6.087000,52.000000,500.000000,500.000000,2.000000,120.000000,0.400000,205,130,205,91,162,22,49,0,0,0,0,0,91,91,0,0,0.000000,1.000000,43.531133,clear-ocean,30.000000,60.000000,0.151000,1146,3082530,790.392308,8.131608,75,0,0,75,0,72,1,0,71,0,0,0,0,0,0,122,31,0,91,0,1,0,1,0,23,52,130,23,51,88,8.791027,224.996684,2674.309526,4.347826,1.923077,32.307692,1,0,0,2209815.890987,22.544812,121.193370,6941.714256,737.551267,197.402278,181.691334,2208100.411031,2201855.638548,1116.644879,7960.252439,598.835077,0.033376,0.008933,0.008222,99.922370,0.027099,15.315769,9.282580,3.155325,53.446091,94,0.931070,14,42,0,100.000000,0.754858,79.024390,1524.791746,1822.656790,10375.711985,-0.000000,475.518765
9780.000000,contribution,optical,hardware,1,1,1,0,priority,0.000500,180,15,hybrid,0.050000,4000.000000,6.087000,52.000000,500.000000,500.000000,2.000000,120.000000,0.400000,205,130,205,91,162,22,49,0,0,0,0,0,91,91,0,0,0.000000,1.000000,43.531133,clear-ocean,30.000000,60.000000,0.151000,1146,3082530,790.392308,8.081721,75,0,0,75,0,72,1,0,71,0,0,0,0,0,0,122,31,0,91,0,1,0,1,0,23,52,130,23,51,88,8.791027,224.996684,2674.309526,4.347826,1.923077,32.307692,1,0,0,2223412.992459,22.544812,121.193370,6941.714256,741.687437,198.436321,181.921121,2221692.112503,2215447.340020,1122.044879,7965.652439,598.835077,0.033358,0.008925,0.008182,99.922602,0.026933,15.315769,9.282580,3.155325,53.375869,94,0.925358,14,42,0,100.000000,0.754858,79.024390,1524.791746,1811.474847,10289.605268,-0.000000,431.999432
9840.000000,contribution,optical,hardware,1,1,1,0,priority,0.000500,180,15,hybrid,0.050000,4000.000000,6.087000,52.000000,500.000000,500.000000,2.000000,120.000000,0.400000,205,130,205,91,162,22,49,0,0,0,0,0,91,91,0,0,0.000000,1.000000,43.531133,clear-ocean,30.000000,60.000000,0.151000,1146,3082530,790.392308,8.032442,75,0,0,75,0,72,1,0,71,0,0,0,0,0,0,122,31,0,91,0,1,0,1,0,23,52,130,23,51,88,8.791027,224.996684,2674.309526,4.347826,1.923077,32.307692,1,0,0,2237010.093932,22.544812,121.193370,6941.714256,745.823607,199.470363,182.150908,2235283.813976,2229039.041493,1127.444879,7971.052439,598.835077,0.033340,0.008917,0.008143,99.922831,0.026769,15.315769,9.282580,3.155325,53.306504,94,0.919715,14,42,0,100.000000,0.754858,79.024390,1524.791746,1800.429268,10203.498552,-0.000000,371.223075
9900.000000,contribution,optical,hardware,1,1,1,0,priority,0.000500,180,15,hybrid,0.050000,4000.000000,6.087000,52.000000,500.000000,500.000000,2.000000,120.000000,0.400000,205,130,205,91,162,22,49,0,0,0,0,0,91,91,0,0,0.000000,1.000000,43.531133,clear-ocean,30.000000,60.000000,0.151000,1146,3082530,790.392308,7.983761,75,0,0,75,0,72,1,0,71,0,0,0,0,0,0,122,31,0,91,0,1,0,1,0,23,52,130,23,51,88,8.791027,224.996684,2674.309526,4.347826,1.923077,32.307692,1,0,0,2250607.195404,22.544812,121.193370,6941.714256,749.959777,200.504406,182.380695,2248875.515448,2242630.742965,1132.844879,7976.452439,598.835077,0.033323,0.008909,0.008104,99.923057,0.026608,15.315769,9.282580,3.155325,53.237980,94,0.914141,14,42,0,100.000000,0.754858,79.024390,1524.791746,1789.517576,10117.391836,-0.000000,298.952455
9960.000000,contribution,optical,hardware,1,1,1,0,priority,0.000500,180,15,hybrid,0.050000,4000.000000,6.087000,52.000000,500.000000,500.000000,2.000000,120.000000,0.400000,205,130,205,91,162,22,49,0,0,0,0,0,91,91,0,0,0.000000,1.000000,43.531133,clear-ocean,30.000000,60.000000,0.151000,1146,3082530,790.392308,7.935666,75,0,0,75,0,72,1,0,71,0,0,0,0,0,0,122,31,0,91,0,1,0,1,0,23,52,130,23,51,88,8.791027,224.996684,2674.309526,4.347826,1.923077,32.307692,1,0,0,2264204.296877,22.544812,121.193370,6941.714256,754.095948,201.538448,182.610483,2262467.216921,2256222.444438,1138.244879,7981.852439,598.835077,0.033305,0.008901,0.008065,99.923281,0.026448,15.315769,9.282580,3.155325,53.170281,94,0.908635,14,42,0,100.000000,0.754858,79.024390,1524.791746,1778.737349,10031.285120,-0.000000,222.040207
10020.000000,contribution,optical,hardware,1,1,1,0,priority,0.000500,180,15,hybrid,0.050000,4000.000000,6.087000,52.000000,500.000000,500.000000,2.000000,120.000000,0.400000,205,130,205,91,162,22,49,0,0,0,0,0,91,91,0,0,0.000000,1.000000,43.531133,clear-ocean,30.000000,60.000000,0.151000,1146,3082530,790.392308,7.888147,75,0,0,75,0,72,1,0,71,0,0,0,0,0,0,122,31,0,91,0,1,0,1,0,23,52,130,23,51,88,8.791027,224.996684,2674.309526,4.347826,1.923077,32.307692,1,0,0,2277801.398349,22.544812,121.193370,6941.714256,758.232118,202.572491,182.840270,2276058.918393,2269814.145910,1143.644879,7987.252439,598.835077,0.033288,0.008893,0.008027,99.923502,0.026290,15.315769,9.282580,3.155325,53.103393,94,0.903194,14,42,0,100.000000,0.754858,79.024390,1524.791746,1768.086228,9945.178404,-0.000000,147.779081
10080.000000,contribution,optical,hardware,1,1,1,0,priority,0.000500,180,15,hybrid,0.050000,4000.000000,6.087000,52.000000,500.000000,500.000000,2.000000,120.000000,0.400000,205,130,205,91,162,22,49,0,0,0,0,0,91,91,0,0,0.000000,1.000000,43.531133,clear-ocean,30.000000,60.000000,0.151000,1146,3082530,790.392308,7.841194,75,0,0,75,0,72,1,0,71,0,0,0,0,0,0,122,31,0,91,0,1,0,1,0,23,52,130,23,51,88,8.791027,224.996684,2674.309526,4.347826,1.923077,32.307692,1,0,0,2291398.499822,22.544812,121.193370,6941.714256,762.368288,203.606534,183.070057,2289650.619866,2283405.847383,1149.044879,7992.652439,598.835077,0.033271,0.008886,0.007989,99.923720,0.026134,15.315769,9.282580,3.155325,53.037302,94,0.897817,14,42,0,100.000000,0.754858,79.024390,1524.791746,1757.561905,9859.071688,-0.000000,83.210451
10140.000000,contribution,optical,hardware,1,1,1,0,priority,0.000500,180,15,hybrid,0.050000,4000.000000,6.087000,52.000000,500.000000,500.000000,2.000000,120.000000,0.400000,205,130,205,91,162,22,49,0,0,0,0,0,91,91,0,0,0.000000,1.000000,43.531133,clear-ocean,30.000000,60.000000,0.151000,1146,3082530,790.392308,7.794796,75,0,0,75,0,72,1,0,71,0,0,0,0,0,0,122,31,0,91,0,1,0,1,0,23,52,130,23,51,88,8.791027,224.996684,2674.309526,4.347826,1.923077,32.307692,1,0,0,2304995.601294,22.544812,121.193370,6941.714256,766.504458,204.640576,183.299844,2303242.321338,2296997.548855,1154.444879,7998.052439,598.835077,0.033254,0.008878,0.007952,99.923936,0.025980,15.315769,9.282580,3.155325,52.971992,94,0.892505,14,42,0,100.000000,0.754858,79.024390,1524.791746,1747.162130,9772.964972,-0.000000,34.456658
10200.000000,contribution,optical,hardware,1,1,1,0,priority,0.000500,180,15,hybrid,0.050000,4000.000000,6.087000,52.000000,500.000000,500.000000,2.000000,120.000000,0.400000,205,130,205,91,162,22,49,0,0,0,0,0,91,91,0,0,0.000000,1.000000,43.531133,clear-ocean,30.000000,60.000000,0.151000,1146,3082530,790.392308,7.748944,75,0,0,75,0,72,1,0,71,0,0,0,0,0,0,122,31,0,91,0,1,0,1,0,23,52,130,23,51,88,8.791027,224.996684,2674.309526,4.347826,1.923077,32.307692,1,0,0,2318592.702767,22.544812,121.193370,6941.714256,770.640628,205.674619,183.529632,2316834.022811,2310589.250328,1159.844879,8003.452439,598.835077,0.033237,0.008871,0.007916,99.924149,0.025828,15.315769,9.282580,3.155325,52.907451,94,0.887255,14,42,0,100.000000,0.754858,79.024390,1524.791746,1736.884706,9686.858255,-0.000000,6.140491
10260.000000,contribution,optical,hardware,1,1,1,0,priority,0.000500,180,15,hybrid,0.050000,4000.000000,6.087000,52.000000,500.000000,500.000000,2.000000,120.000000,0.400000,205,130,205,91,162,22,49,0,0,0,0,0,91,91,0,0,0.000000,1.000000,43.531133,clear-ocean,30.000000,60.000000,0.151000,1146,3082530,790.392308,7.703629,75,0,0,75,0,72,1,0,71,0,0,0,0,0,0,122,31,0,91,0,1,0,1,0,23,52,130,23,51,88,8.791027,224.996684,2674.309526,4.347826,1.923077,32.307692,1,0,0,2332189.804239,22.544812,121.193370,6941.714256,774.776799,206.708661,183.759419,2330425.724283,2324180.951800,1165.244879,8008.852439,598.835077,0.033221,0.008863,0.007879,99.924360,0.025677,15.315769,9.282580,3.155325,52.843665,94,0.882066,14,42,0,100.000000,0.754858,79.024390,1524.791746,1726.727485,9600.751539,0.000000,0.946864
10320.000000,contribution,optical,hardware,1,1,1,0,priority,0.000500,180,15,hybrid,0.050000,4000.000000,6.087000,52.000000,500.000000,500.000000,2.000000,120.000000,0.400000,205,130,205,91,162,22,49,0,0,0,0,0,91,91,0,0,0.000000,1.000000,43.531133,clear-ocean,30.000000,60.000000,0.151000,1146,3082530,790.392308,7.658840,75,0,0,75,0,72,1,0,71,0,0,0,0,0,0,122,31,0,91,0,1,0,1,0,23,52,130,23,51,88,8.791027,224.996684,2674.309526,4.347826,1.923077,32.307692,1,0,0,2345786.905712,22.544812,121.193370,6941.714256,778.912969,207.742704,183.989206,2344017.425756,2337772.653273,1170.644879,8014.252439,598.835077,0.033205,0.008856,0.007843,99.924568,0.025528,15.315769,9.282580,3.155325,52.780620,94,0.876938,14,42,0,100.000000,0.754858,79.024390,1524.791746,1716.688372,9514.644823,0.000000,19.368233
10380.000000,contribution,optical,hardware,1,1,1,0,priority,0.000500,180,15,hybrid,0.050000,4000.000000,6.087000,52.000000,500.000000,500.000000,2.000000,120.000000,0.400000,205,130,205,91,162,22,49,0,0,0,0,0,91,91,0,0,0.000000,1.000000,43.531133,clear-ocean,30.000000,60.000000,0.151000,1146,3082530,790.392308,7.614569,75,0,0,75,0,72,1,0,71,0,0,0,0,0,0,122,31,0,91,0,1,0,1,0,23,52,130,23,51,88,8.791027,224.996684,2674.309526,4.347826,1.923077,32.307692,1,0,0,2359384.007184,22.544812,121.193370,6941.714256,783.049139,208.776746,184.218993,2357609.127228,2351364.354745,1176.044879,8019.652439,598.835077,0.033189,0.008849,0.007808,99.924774,0.025381,15.315769,9.282580,3.155325,52.718304,94,0.871869,14,42,0,100.000000,0.754858,79.024390,1524.791746,1706.765318,9428.538107,0.000000,59.657900
10440.000000,contribution,optical,hardware,1,1,1,0,priority,0.000500,180,15,hybrid,0.050000,4000.000000,6.087000,52.000000,500.000000,500.000000,2.000000,120.000000,0.400000,205,130,205,91,162,22,49,0,0,0,0,0,91,91,0,0,0.000000,1.000000,43.531133,clear-ocean,30.000000,60.000000,0.151000,1146,3082530,790.392308,7.570808,75,0,0,75,0,72,1,0,71,0,0,0,0,0,0,122,31,0,91,0,1,0,1,0,23,52,130,23,51,88,8.791027,224.996684,2674.309526,4.347826,1.923077,32.307692,1,0,0,2372981.108657,22.544812,121.193370,6941.714256,787.185309,209.810789,184.448781,2371200.828701,2364956.056218,1181.444879,8025.052439,598.835077,0.033173,0.008842,0.007773,99.924977,0.025236,15.315769,9.282580,3.155325,52.656705,94,0.866858,14,42,0,100.000000,0.754858,79.024390,1524.791746,1696.956322,9342.431391,0.000000,117.995634
10500.000000,contribution,optical,hardware,1,1,1,0,priority,0.000500,180,15,hybrid,0.050000,4000.000000,6.087000,52.000000,500.000000,500.000000,2.000000,120.000000,0.400000,205,130,205,91,162,22,49,0,0,0,0,0,91,91,0,0,0.000000,1.000000,43.531133,clear-ocean,30.000000,60.000000,0.151000,1146,3082530,790.392308,7.527546,75,0,0,75,0,72,1,0,71,0,0,0,0,0,0,122,31,0,91,0,1,0,1,0,23,52,130,23,51,88,8.791027,224.996684,2674.309526,4.347826,1.923077,32.307692,1,0,0,2386578.210129,22.544812,121.193370,6941.714256,791.321480,210.844831,184.678568,2384792.530173,2378547.757690,1186.844879,8030.452439,598.835077,0.033157,0.008835,0.007738,99.925178,0.025092,15.315769,9.282580,3.155325,52.595810,94,0.861905,14,42,0,100.000000,0.754858,79.024390,1524.791746,1687.259429,9256.324675,0.000000,188.849904
10560.000000,contribution,optical,hardware,1,1,1,0,priority,0.000500,180,15,hybrid,0.050000,4000.000000,6.087000,52.000000,500.000000,500.000000,2.000000,120.000000,0.400000,205,130,205,91,162,22,49,0,0,0,0,0,91,91,0,0,0.000000,1.000000,43.531133,clear-ocean,30.000000,60.000000,0.151000,1146,3082530,790.392308,7.484776,75,0,0,75,0,72,1,0,71,0,0,0,0,0,0,122,31,0,91,0,1,0,1,0,23,52,130,23,51,88,8.791027,224.996684,2674.309526,4.347826,1.923077,32.307692,1,0,0,2400175.311602,22.544812,121.193370,6941.714256,795.457650,211.878874,184.908355,2398384.231646,2392139.459163,1192.244879,8035.852439,598.835077,0.033142,0.008828,0.007704,99.925377,0.024950,15.315769,9.282580,3.155325,52.535606,94,0.857008,14,42,0,100.000000,0.754858,79.024390,1524.791746,1677.672727,9170.217959,0.000000,265.502372
10620.000000,contribution,optical,hardware,1,1,1,0,priority,0.000500,180,15,hybrid,0.050000,4000.000000,6.087000,52.000000,500.000000,500.000000,2.000000,120.000000,0.400000,205,130,205,91,162,22,49,0,0,0,0,0,91,91,0,0,0.000000,1.000000,43.531133,clear-ocean,30.000000,60.000000,0.151000,1146,3082530,790.392308,7.442489,75,0,0,75,0,72,1,0,71,0,0,0,0,0,0,122,31,0,91,0,1,0,1,0,23,52,130,23,51,88,8.791027,224.996684,2674.309526,4.347826,1.923077,32.307692,1,0,0,2413772.413074,22.544812,121.193370,6941.714256,799.593820,212.912917,185.138142,2411975.933119,2405731.160635,1197.644879,8041.252439,598.835077,0.033126,0.008821,0.007670,99.925574,0.024809,15.315769,9.282580,3.155325,52.476083,94,0.852166,14,42,0,100.000000,0.754858,79.024390,1524.791746,1668.194350,9084.111242,0.000000,340.684918
10680.000000,contribution,optical,hardware,1,1,1,0,priority,0.000500,180,15,hybrid,0.050000,4000.000000,6.087000,52.000000,500.000000,500.000000,2.000000,120.000000,0.400000,205,130,205,91,162,22,49,0,0,0,0,0,91,91,0,0,0.000000,1.000000,43.531133,clear-ocean,30.000000,60.000000,0.151000,1146,3082530,790.392308,7.400677,75,0,0,75,0,72,1,0,71,0,0,0,0,0,0,122,31,0,91,0,1,0,1,0,23,52,130,23,51,88,8.791027,224.996684,2674.309526,4.347826,1.923077,32.307692,1,0,0,2427369.514547,22.544812,121.193370,6941.714256,803.729990,213.946959,185.367930,2425567.634591,2419322.862108,1203.044879,8046.652439,598.835077,0.033111,0.008814,0.007637,99.925768,0.024670,15.315769,9.282580,3.155325,52.417228,94,0.847378,14,42,0,100.000000,0.754858,79.024390,1524.791746,1658.822472,8998.004526,0.000000,407.268802
10740.000000,contribution,optical,hardware,1,1,1,0,priority,0.000500,180,15,hybrid,0.050000,4000.000000,6.087000,52.000000,500.000000,500.000000,2.000000,120.000000,0.400000,205,130,205,91,162,22,49,0,0,0,0,0,91,91,0,0,0.000000,1.000000,43.531133,clear-ocean,30.000000,60.000000,0.151000,1146,3082530,790.392308,7.359332,75,0,0,75,0,72,1,0,71,0,0,0,0,0,0,122,31,0,91,0,1,0,1,0,23,52,130,23,51,88,8.791027,224.996684,2674.309526,4.347826,1.923077,32.307692,1,0,0,2440966.616019,22.544812,121.193370,6941.714256,807.866160,214.981002,185.597717,2439159.336064,2432914.563580,1208.444879,8052.052439,598.835077,0.033096,0.008807,0.007603,99.925960,0.024533,15.315769,9.282580,3.155325,52.359032,94,0.842644,14,42,0,100.000000,0.754858,79.024390,1524.791746,1649.555307,8911.897810,0.000000,458.940599
10800.000000,contribution,optical,hardware,1,1,1,0,priority,0.000500,180,15,hybrid,0.050000,4000.000000,6.087000,52.000000,500.000000,500.000000,2.000000,120.000000,0.400000,205,130,205,91,162,22,49,0,0,0,0,0,91,91,0,0,0.000000,1.000000,43.531133,clear-ocean,30.000000,60.000000,0.151000,1146,3082530,790.392308,7.318447,75,0,0,75,0,72,1,0,71,0,0,0,0,0,0,122,31,0,91,0,1,0,1,0,23,52,130,23,51,88,8.791027,224.996684,2674.309526,4.347826,1.923077,32.307692,1,0,0,2454563.717492,22.544812,121.193370,6941.714256,812.002331,216.015044,185.827504,2452751.037536,2446506.265053,1213.844879,8057.452439,598.835077,0.033081,0.008801,0.007571,99.926151,0.024397,15.315769,9.282580,3.155325,52.301481,94,0.837963,14,42,0,100.000000,0.754858,79.024390,1524.791746,1640.391111,8825.791094,0.000000,490.800835
10860.000000,contribution,optical,hardware,1,1,1,0,priority,0.000500,180,15,hybrid,0.050000,4000.000000,6.087000,52.000000,500.000000,500.000000,2.000000,120.000000,0.400000,205,130,205,91,162,22,49,0,0,0,0,0,91,91,0,0,0.000000,1.000000,43.531133,clear-ocean,30.000000,60.000000,0.151000,1146,3082530,790.392308,7.278014,75,0,0,75,0,72,1,0,71,0,0,0,0,0,0,122,31,0,91,0,1,0,1,0,23,52,130,23,51,88,8.791027,224.996684,2674.309526,4.347826,1.923077,32.307692,1,0,0,2468160.818964,22.544812,121.193370,6941.714256,816.138501,217.049087,186.057291,2466342.739009,2460097.966525,1219.244879,8062.852439,598.835077,0.033067,0.008794,0.007538,99.926339,0.024262,15.315769,9.282580,3.155325,52.244567,94,0.833333,14,42,0,100.000000,0.754858,79.024390,1524.791746,1631.328177,8739.684378,-0.000000,499.828551
10920.000000,contribution,optical,hardware,1,1,1,0,priority,0.000500,180,15,hybrid,0.050000,4000.000000,6.087000,52.000000,500.000000,500.000000,2.000000,120.000000,0.400000,205,130,205,91,162,22,49,0,0,0,0,0,91,91,0,0,0.000000,1.000000,43.531133,clear-ocean,30.000000,60.000000,0.151000,1146,3082530,790.392308,7.238025,75,0,0,75,0,72,1,0,71,0,0,0,0,0,0,122,31,0,91,0,1,0,1,0,23,52,130,23,51,88,8.791027,224.996684,2674.309526,4.347826,1.923077,32.307692,1,0,0,2481757.920437,22.544812,121.193370,6941.714256,820.274671,218.083129,186.287078,2479934.440481,2473689.667998,1224.644879,8068.252439,598.835077,0.033052,0.008787,0.007506,99.926525,0.024129,15.315769,9.282580,3.155325,52.188278,94,0.828755,14,42,0,100.000000,0.754858,79.024390,1524.791746,1622.364835,8653.577662,-0.000000,485.167748
10980.000000,contribution,optical,hardware,1,1,1,0,priority,0.000500,180,15,hybrid,0.050000,4000.000000,6.087000,52.000000,500.000000,500.000000,2.000000,120.000000,0.400000,205,130,205,91,162,22,49,0,0,0,0,0,91,91,0,0,0.000000,1.000000,43.531133,clear-ocean,30.000000,60.000000,0.151000,1146,3082530,790.392308,7.198473,75,0,0,75,0,72,1,0,71,0,0,0,0,0,0,122,31,0,91,0,1,0,1,0,23,52,130,23,51,88,8.791027,224.996684,2674.309526,4.347826,1.923077,32.307692,1,0,0,2495355.021909,22.544812,121.193370,6941.714256,824.410841,219.117172,186.516866,2493526.141954,2487281.369470,1230.044879,8073.652439,598.835077,0.033038,0.008781,0.007475,99.926709,0.023998,15.315769,9.282580,3.155325,52.132605,94,0.824226,14,42,0,100.000000,0.754858,79.024390,1524.791746,1613.499454,8567.470946,-0.000000,448.208549
11040.000000,contribution,optical,hardware,1,1,1,0,priority,0.000500,180,15,hybrid,0.050000,4000.000000,6.087000,52.000000,500.000000,500.000000,2.000000,120.000000,0.400000,205,130,205,91,162,22,49,0,0,0,0,0,91,91,0,0,0.000000,1.000000,43.531133,clear-ocean,30.000000,60.000000,0.151000,1146,3082530,790.392308,7.159351,75,0,0,75,0,72,1,0,71,0,0,0,0,0,0,122,31,0,91,0,1,0,1,0,23,52,130,23,51,88,8.791027,224.996684,2674.309526,4.347826,1.923077,32.307692,1,0,0,2508952.123382,22.544812,121.193370,6941.714256,828.547011,220.151214,186.746653,2507117.843426,2500873.070943,1235.444879,8079.052439,598.835077,0.033024,0.008775,0.007443,99.926891,0.023868,15.315769,9.282580,3.155325,52.077536,94,0.819746,14,42,0,100.000000,0.754858,79.024390,1524.791746,1604.730435,8481.364229,-0.000000,392.455393
11100.000000,contribution,optical,hardware,1,1,1,0,priority,0.000500,180,15,hybrid,0.050000,4000.000000,6.087000,52.000000,500.000000,500.000000,2.000000,120.000000,0.400000,205,130,205,91,162,22,49,0,0,0,0,0,91,91,0,0,0.000000,1.000000,43.531133,clear-ocean,30.000000,60.000000,0.151000,1146,3082530,790.392308,7.120651,75,0,0,75,0,72,1,0,71,0,0,0,0,0,0,122,31,0,91,0,1,0,1,0,23,52,130,23,51,88,8.791027,224.996684,2674.309526,4.347826,1.923077,32.307692,1,0,0,2522549.224854,22.544812,121.193370,6941.714256,832.683182,221.185257,186.976440,2520709.544899,2514464.772415,1240.844879,8084.452439,598.835077,0.033010,0.008768,0.007412,99.927071,0.023739,15.315769,9.282580,3.155325,52.023063,94,0.815315,14,42,0,100.000000,0.754858,79.024390,1524.791746,1596.056216,8395.257513,-0.000000,323.194744
11160.000000,contribution,optical,hardware,1,1,1,0,priority,0.000500,180,15,hybrid,0.050000,4000.000000,6.087000,52.000000,500.000000,500.000000,2.000000,120.000000,0.400000,205,130,205,91,162,22,49,0,0,0,0,0,91,91,0,0,0.000000,1.000000,43.531133,clear-ocean,30.000000,60.000000,0.151000,1146,3082530,790.392308,7.082368,75,0,0,75,0,72,1,0,71,0,0,0,0,0,0,122,31,0,91,0,1,0,1,0,23,52,130,23,51,88,8.791027,224.996684,2674.309526,4.347826,1.923077,32.307692,1,0,0,2536146.326327,22.544812,121.193370,6941.714256,836.819352,222.219300,187.206227,2534301.246371,2528056.473888,1246.244879,8089.852439,598.835077,0.032996,0.008762,0.007382,99.927249,0.023612,15.315769,9.282580,3.155325,51.969176,94,0.810932,14,42,0,100.000000,0.754858,79.024390,1524.791746,1587.475269,8309.150797,-0.000000,246.993835
11220.000000,contribution,optical,hardware,1,1,1,0,priority,0.000500,180,15,hybrid,0.050000,4000.000000,6.087000,52.000000,500.000000,500.000000,2.000000,120.000000,0.400000,205,130,205,91,162,22,49,0,0,0,0,0,91,91,0,0,0.000000,1.000000,43.531133,clear-ocean,30.000000,60.000000,0.151000,1146,3082530,790.392308,7.044495,75,0,0,75,0,72,1,0,71,0,0,0,0,0,0,122,31,0,91,0,1,0,1,0,23,52,130,23,51,88,8.791027,224.996684,2674.309526,4.347826,1.923077,32.307692,1,0,0,2549743.427799,22.544812,121.193370,6941.714256,840.955522,223.253342,187.436015,2547892.947844,2541648.175360,1251.644879,8095.252439,598.835077,0.032982,0.008756,0.007351,99.927425,0.023486,15.315769,9.282580,3.155325,51.915865,94,0.806595,14,42,0,100.000000,0.754858,79.024390,1524.791746,1578.986096,8223.044081,-0.000000,171.077968
11280.000000,contribution,optical,hardware,1,1,1,0,priority,0.000500,180,15,hybrid,0.050000,4000.000000,6.087000,52.000000,500.000000,500.000000,2.000000,120.000000,0.400000,205,130,205,91,162,22,49,0,0,0,0,0,91,91,0,0,0.000000,1.000000,43.531133,clear-ocean,30.000000,60.000000,0.151000,1146,3082530,790.392308,7.007024,75,0,0,75,0,72,1,0,71,0,0,0,0,0,0,122,31,0,91,0,1,0,1,0,23,52,130,23,51,88,8.791027,224.996684,2674.309526,4.347826,1.923077,32.307692,1,0,0,2563340.529272,22.544812,121.193370,6941.714256,845.091692,224.287385,187.665802,2561484.649316,2555239.876833,1257.044879,8100.652439,598.835077,0.032968,0.008750,0.007321,99.927599,0.023362,15.315769,9.282580,3.155325,51.863121,94,0.802305,14,42,0,100.000000,0.754858,79.024390,1524.791746,1570.587234,8136.937365,-0.000000,102.645417
11340.000000,contribution,optical,hardware,1,1,1,0,priority,0.000500,180,15,hybrid,0.050000,4000.000000,6.087000,52.000000,500.000000,500.000000,2.000000,120.000000,0.400000,205,130,205,91,162,22,49,0,0,0,0,0,91,91,0,0,0.000000,1.000000,43.531133,clear-ocean,30.000000,60.000000,0.151000,1146,3082530,790.392308,6.969950,75,0,0,75,0,72,1,0,71,0,0,0,0,0,0,122,31,0,91,0,1,0,1,0,23,52,130,23,51,88,8.791027,224.996684,2674.309526,4.347826,1.923077,32.307692,1,0,0,2576937.630744,22.544812,121.193370,6941.714256,849.227863,225.321427,187.895589,2575076.350789,2568831.578305,1262.444879,8106.052439,598.835077,0.032955,0.008744,0.007291,99.927772,0.023238,15.315769,9.282580,3.155325,51.810935,94,0.798060,14,42,0,100.000000,0.754858,79.024390,1524.791746,1562.277249,8050.830649,-0.000000,48.184896
11400.000000,contribution,optical,hardware,1,1,1,0,priority,0.000500,180,15,hybrid,0.050000,4000.000000,6.087000,52.000000,500.000000,500.000000,2.000000,120.000000,0.400000,205,130,205,91,162,22,49,0,0,0,0,0,91,91,0,0,0.000000,1.000000,43.531133,clear-ocean,30.000000,60.000000,0.151000,1146,3082530,790.392308,6.933266,75,0,0,75,0,72,1,0,71,0,0,0,0,0,0,122,31,0,91,0,1,0,1,0,23,52,130,23,51,88,8.791027,224.996684,2674.309526,4.347826,1.923077,32.307692,1,0,0,2590534.732217,22.544812,121.193370,6941.714256,853.364033,226.355470,188.125376,2588668.052261,2582423.279778,1267.844879,8111.452439,598.835077,0.032942,0.008738,0.007262,99.927942,0.023116,15.315769,9.282580,3.155325,51.759298,94,0.793860,14,42,0,100.000000,0.754858,79.024390,1524.791746,1554.054737,7964.723933,-0.000000,12.860303
11460.000000,contribution,optical,hardware,1,1,1,0,priority,0.000500,180,15,hybrid,0.050000,4000.000000,6.087000,52.000000,500.000000,500.000000,2.000000,120.000000,0.400000,205,130,205,91,162,22,49,0,0,0,0,0,91,91,0,0,0.000000,1.000000,43.531133,clear-ocean,30.000000,60.000000,0.151000,1146,3082530,790.392308,6.896966,75,0,0,75,0,72,1,0,71,0,0,0,0,0,0,122,31,0,91,0,1,0,1,0,23,52,130,23,51,88,8.791027,224.996684,2674.309526,4.347826,1.923077,32.307692,1,0,0,2604131.833689,22.544812,121.193370,6941.714256,857.500203,227.389512,188.355164,2602259.753734,2596014.981250,1273.244879,8116.852439,598.835077,0.032928,0.008732,0.007233,99.928111,0.022996,15.315769,9.282580,3.155325,51.708202,94,0.789703,14,42,0,100.000000,0.754858,79.024390,1524.791746,1545.918325,7878.617216,-0.000000,0.021083
11520.000000,contribution,optical,hardware,1,1,1,0,priority,0.000500,180,15,hybrid,0.050000,4000.000000,6.087000,52.000000,500.000000,500.000000,2.000000,120.000000,0.400000,205,130,205,91,162,22,49,0,0,0,0,0,91,91,0,0,0.000000,1.000000,43.531133,clear-ocean,30.000000,60.000000,0.151000,1146,3082530,790.392308,6.861044,75,0,0,75,0,72,1,0,71,0,0,0,0,0,0,122,31,0,91,0,1,0,1,0,23,52,130,23,51,88,8.791027,224.996684,2674.309526,4.347826,1.923077,32.307692,1,0,0,2617728.935162,22.544812,121.193370,6941.714256,861.636373,228.423555,188.584951,2615851.455206,2609606.682723,1278.644879,8122.252439,598.835077,0.032915,0.008726,0.007204,99.928278,0.022876,15.315769,9.282580,3.155325,51.657639,94,0.785590,14,42,0,100.000000,0.754858,79.024390,1524.791746,1537.866667,7792.510500,0.000000,10.884641
11580.000000,contribution,optical,hardware,1,1,1,0,priority,0.000500,180,15,hybrid,0.050000,4000.000000,6.087000,52.000000,500.000000,500.000000,2.000000,120.000000,0.400000,205,130,205,91,162,22,49,0,0,0,0,0,91,91,0,0,0.000000,1.000000,43.531133,clear-ocean,30.000000,60.000000,0.151000,1146,3082530,790.392308,6.825495,75,0,0,75,0,72,1,0,71,0,0,0,0,0,0,122,31,0,91,0,1,0,1,0,23,52,130,23,51,88,8.791027,224.996684,2674.309526,4.347826,1.923077,32.307692,1,0,0,2631326.036634,22.544812,121.193370,6941.714256,865.772543,229.457597,188.814738,2629443.156679,2623198.384195,1284.044879,8127.652439,598.835077,0.032903,0.008720,0.007176,99.928444,0.022758,15.315769,9.282580,3.155325,51.607599,94,0.781520,14,42,0,100.000000,0.754858,79.024390,1524.791746,1529.898446,7706.403784,0.000000,44.420903
11640.000000,contribution,optical,hardware,1,1,1,0,priority,0.000500,180,15,hybrid,0.050000,4000.000000,6.087000,52.000000,500.000000,500.000000,2.000000,120.000000,0.400000,205,130,205,91,162,22,49,0,0,0,0,0,91,91,0,0,0.000000,1.000000,43.531133,clear-ocean,30.000000,60.000000,0.151000,1146,3082530,790.392308,6.790312,75,0,0,75,0,72,1,0,71,0,0,0,0,0,0,122,31,0,91,0,1,0,1,0,23,52,130,23,51,88,8.791027,224.996684,2674.309526,4.347826,1.923077,32.307692,1,0,0,2644923.138107,22.544812,121.193370,6941.714256,869.908714,230.491640,189.044525,2643034.858151,2636790.085668,1289.444879,8133.052439,598.835077,0.032890,0.008714,0.007147,99.928607,0.022641,15.315769,9.282580,3.155325,51.558076,94,0.777491,14,42,0,100.000000,0.754858,79.024390,1524.791746,1522.012371,7620.297068,0.000000,97.449991
11700.000000,contribution,optical,hardware,1,1,1,0,priority,0.000500,180,15,hybrid,0.050000,4000.000000,6.087000,52.000000,500.000000,500.000000,2.000000,120.000000,0.400000,205,130,205,91,162,22,49,0,0,0,0,0,91,91,0,0,0.000000,1.000000,43.531133,clear-ocean,30.000000,60.000000,0.151000,1146,3082530,790.392308,6.755490,75,0,0,75,0,72,1,0,71,0,0,0,0,0,0,122,31,0,91,0,1,0,1,0,23,52,130,23,51,88,8.791027,224.996684,2674.309526,4.347826,1.923077,32.307692,1,0,0,2658520.239579,22.544812,121.193370,6941.714256,874.044884,231.525682,189.274312,2656626.559624,2650381.787140,1294.844879,8138.452439,598.835077,0.032877,0.008709,0.007120,99.928769,0.022525,15.315769,9.282580,3.155325,51.509060,94,0.773504,14,42,0,100.000000,0.754858,79.024390,1524.791746,1514.207179,7534.190352,0.000000,164.943734
11760.000000,contribution,optical,hardware,1,1,1,0,priority,0.000500,180,15,hybrid,0.050000,4000.000000,6.087000,52.000000,500.000000,500.000000,2.000000,120.000000,0.400000,205,130,205,91,162,22,49,0,0,0,0,0,91,91,0,0,0.000000,1.000000,43.531133,clear-ocean,30.000000,60.000000,0.151000,1146,3082530,790.392308,6.721023,75,0,0,75,0,72,1,0,71,0,0,0,0,0,0,122,31,0,91,0,1,0,1,0,23,52,130,23,51,88,8.791027,224.996684,2674.309526,4.347826,1.923077,32.307692,1,0,0,2672117.341052,22.544812,121.193370,6941.714256,878.181054,232.559725,189.504100,2670218.261096,2663973.488613,1300.244879,8143.852439,598.835077,0.032865,0.008703,0.007092,99.928930,0.022411,15.315769,9.282580,3.155325,51.460544,94,0.769558,14,42,0,100.000000,0.754858,79.024390,1524.791746,1506.481633,7448.083636,0.000000,240.502437
11820.000000,contribution,optical,hardware,1,1,1,0,priority,0.000500,180,15,hybrid,0.050000,4000.000000,6.087000,52.000000,500.000000,500.000000,2.000000,120.000000,0.400000,205,130,205,91,162,22,49,0,0,0,0,0,91,91,0,0,0.000000,1.000000,43.531133,clear-ocean,30.000000,60.000000,0.151000,1146,3082530,790.392308,6.686906,75,0,0,75,0,72,1,0,71,0,0,0,0,0,0,122,31,0,91,0,1,0,1,0,23,52,130,23,51,88,8.791027,224.996684,2674.309526,4.347826,1.923077,32.307692,1,0,0,2685714.442524,22.544812,121.193370,6941.714256,882.317224,233.593768,189.733887,2683809.962569,2677565.190085,1305.644879,8149.252439,598.835077,0.032852,0.008698,0.007065,99.929089,0.022297,15.315769,9.282580,3.155325,51.412521,94,0.765651,14,42,0,100.000000,0.754858,79.024390,1524.791746,1498.834518,7361.976920,0.000000,316.961690
11880.000000,contribution,optical,hardware,1,1,1,0,priority,0.000500,180,15,hybrid,0.050000,4000.000000,6.087000,52.000000,500.000000,500.000000,2.000000,120.000000,0.400000,205,130,205,91,162,22,49,0,0,0,0,0,91,91,0,0,0.000000,1.000000,43.531133,clear-ocean,30.000000,60.000000,0.151000,1146,3082530,790.392308,6.653134,75,0,0,75,0,72,1,0,71,0,0,0,0,0,0,122,31,0,91,0,1,0,1,0,23,52,130,23,51,88,8.791027,224.996684,2674.309526,4.347826,1.923077,32.307692,1,0,0,2699311.543997,22.544812,121.193370,6941.714256,886.453394,234.627810,189.963674,2697401.664041,2691156.891558,1311.044879,8154.652439,598.835077,0.032840,0.008692,0.007037,99.929246,0.022185,15.315769,9.282580,3.155325,51.364983,94,0.761785,14,42,0,100.000000,0.754858,79.024390,1524.791746,1491.264646,7275.870203,0.000000,387.071695
11940.000000,contribution,optical,hardware,1,1,1,0,priority,0.000500,180,15,hybrid,0.050000,4000.000000,6.087000,52.000000,500.000000,500.000000,2.000000,120.000000,0.400000,205,130,205,91,162,22,49,0,0,0,0,0,91,91,0,0,0.000000,1.000000,43.531133,clear-ocean,30.000000,60.000000,0.151000,1146,3082530,790.392308,6.619701,75,0,0,75,0,72,1,0,71,0,0,0,0,0,0,122,31,0,91,0,1,0,1,0,23,52,130,23,51,88,8.791027,224.996684,2674.309526,4.347826,1.923077,32.307692,1,0,0,2712908.645469,22.544812,121.193370,6941.714256,890.589565,235.661853,190.193461,2710993.365514,2704748.593030,1316.444879,8160.052439,598.835077,0.032828,0.008687,0.007011,99.929401,0.022074,15.315769,9.282580,3.155325,51.317923,94,0.757956,14,42,0,100.000000,0.754858,79.024390,1524.791746,1483.770854,7189.763487,0.000000,444.184685
12000.000000,contribution,optical,hardware,1,1,1,0,priority,0.000500,180,15,hybrid,0.050000,4000.000000,6.087000,52.000000,500.000000,500.000000,2.000000,120.000000,0.400000,205,130,205,91,162,22,49,0,0,0,0,0,91,91,0,0,0.000000,1.000000,43.531133,clear-ocean,30.000000,60.000000,0.151000,1146,3082530,790.392308,6.586603,75,0,0,75,0,72,1,0,71,0,0,0,0,0,0,122,31,0,91,0,1,0,1,0,23,52,130,23,51,88,8.791027,224.996684,2674.309526,4.347826,1.923077,32.307692,1,0,0,2726505.746942,22.544812,121.193370,6941.714256,894.725735,236.695895,190.423249,2724585.066986,2718340.294503,1321.844879,8165.452439,598.835077,0.032816,0.008681,0.006984,99.929555,0.021963,15.315769,9.282580,3.155325,51.271333,94,0.754167,14,42,0,100.000000,0.754858,79.024390,1524.791746,1476.352000,7103.656771,0.000000,482.885257
12060.000000,contribution,optical,hardware,1,1,1,0,priority,0.000500,180,15,hybrid,0.050000,4000.000000,6.087000,52.000000,500.000000,500.000000,2.000000,120.000000,0.400000,205,130,205,91,162,22,49,0,0,0,0,0,91,91,0,0,0.000000,1.000000,43.531133,clear-ocean,30.000000,60.000000,0.151000,1146,3082530,790.392308,6.553833,75,0,0,75,0,72,1,0,71,0,0,0,0,0,0,122,31,0,91,0,1,0,1,0,23,52,130,23,51,88,8.791027,224.996684,2674.309526,4.347826,1.923077,32.307692,1,0,0,2740102.848414,22.544812,121.193370,6941.714256,898.861905,237.729938,190.653036,2738176.768459,2731931.995975,1327.244879,8170.852439,598.835077,0.032804,0.008676,0.006958,99.929708,0.021854,15.315769,9.282580,3.155325,51.225207,94,0.750415,14,42,0,100.000000,0.754858,79.024390,1524.791746,1469.006965,7017.550055,0.000000,499.503857
12120.000000,contribution,optical,hardware,1,1,1,0,priority,0.000500,180,15,hybrid,0.050000,4000.000000,6.087000,52.000000,500.000000,500.000000,2.000000,120.000000,0.400000,205,130,205,91,162,22,49,0,0,0,0,0,91,91,0,0,0.000000,1.000000,43.531133,clear-ocean,30.000000,60.000000,0.151000,1146,3082530,790.392308,6.521389,75,0,0,75,0,72,1,0,71,0,0,0,0,0,0,122,31,0,91,0,1,0,1,0,23,52,130,23,51,88,8.791027,224.996684,2674.309526,4.347826,1.923077,32.307692,1,0,0,2753699.949887,22.544812,121.193370,6941.714256,902.998075,238.763980,190.882823,2751768.469931,2745523.697448,1332.644879,8176.252439,598.835077,0.032792,0.008671,0.006932,99.929859,0.021747,15.315769,9.282580,3.155325,51.179538,94,0.746700,14,42,0,100.000000,0.754858,79.024390,1524.791746,1461.734653,6931.443339,-0.000000,492.464725
12180.000000,contribution,optical,hardware,1,1,1,0,priority,0.000500,180,15,hybrid,0.050000,4000.000000,6.087000,52.000000,500.000000,500.000000,2.000000,120.000000,0.400000,205,130,205,91,162,22,49,0,0,0,0,0,91,91,0,0,0.000000,1.000000,43.531133,clear-ocean,30.000000,60.000000,0.151000,1146,3082530,790.392308,6.489264,75,0,0,75,0,72,1,0,71,0,0,0,0,0,0,122,31,0,91,0,1,0,1,0,23,52,130,23,51,88,8.791027,224.996684,2674.309526,4.347826,1.923077,32.307692,1,0,0,2767297.051359,22.544812,121.193370,6941.714256,907.134245,239.798023,191.112610,2765360.171404,2759115.398920,1338.044879,8181.652439,598.835077,0.032781,0.008665,0.006906,99.930008,0.021640,15.315769,9.282580,3.155325,51.134319,94,0.743021,14,42,0,100.000000,0.754858,79.024390,1524.791746,1454.533990,6845.336623,-0.000000,462.435304
12240.000000,contribution,optical,hardware,1,1,1,0,priority,0.000500,180,15,hybrid,0.050000,4000.000000,6.087000,52.000000,500.000000,500.000000,2.000000,120.000000,0.400000,205,130,205,91,162,22,49,0,0,0,0,0,91,91,0,0,0.000000,1.000000,43.531133,clear-ocean,30.000000,60.000000,0.151000,1146,3082530,790.392308,6.457453,75,0,0,75,0,72,1,0,71,0,0,0,0,0,0,122,31,0,91,0,1,0,1,0,23,52,130,23,51,88,8.791027,224.996684,2674.309526,4.347826,1.923077,32.307692,1,0,0,2780894.152832,22.544812,121.193370,6941.714256,911.270416,240.832065,191.342398,2778951.872876,2772707.100393,1343.444879,8187.052439,598.835077,0.032769,0.008660,0.006881,99.930156,0.021534,15.315769,9.282580,3.155325,51.089542,94,0.739379,14,42,0,100.000000,0.754858,79.024390,1524.791746,1447.403922,6759.229907,-0.000000,412.262958
12300.000000,contribution,optical,hardware,1,1,1,0,priority,0.000500,180,15,hybrid,0.050000,4000.000000,6.087000,52.000000,500.000000,500.000000,2.000000,120.000000,0.400000,205,130,205,91,162,22,49,0,0,0,0,0,91,91,0,0,0.000000,1.000000,43.531133,clear-ocean,30.000000,60.000000,0.151000,1146,3082530,790.392308,6.425954,75,0,0,75,0,72,1,0,71,0,0,0,0,0,0,122,31,0,91,0,1,0,1,0,23,52,130,23,51,88,8.791027,224.996684,2674.309526,4.347826,1.923077,32.307692,1,0,0,2794491.254304,22.544812,121.193370,6941.714256,915.406586,241.866108,191.572185,2792543.574349,2786298.801865,1348.844879,8192.452439,598.835077,0.032758,0.008655,0.006855,99.930303,0.021429,15.315769,9.282580,3.155325,51.045203,94,0.735772,14,42,0,100.000000,0.754858,79.024390,1524.791746,1440.343415,6673.123190,-0.000000,346.704984
12360.000000,contribution,optical,hardware,1,1,1,0,priority,0.000500,180,15,hybrid,0.050000,4000.000000,6.087000,52.000000,500.000000,500.000000,2.000000,120.000000,0.400000,205,130,205,91,162,22,49,0,0,0,0,0,91,91,0,0,0.000000,1.000000,43.531133,clear-ocean,30.000000,60.000000,0.151000,1146,3082530,790.392308,6.394760,75,0,0,75,0,72,1,0,71,0,0,0,0,0,0,122,31,0,91,0,1,0,1,0,23,52,130,23,51,88,8.791027,224.996684,2674.309526,4.347826,1.923077,32.307692,1,0,0,2808088.355777,22.544812,121.193370,6941.714256,919.542756,242.900151,191.801972,2806135.275821,2799890.503338,1354.244879,8197.852439,598.835077,0.032746,0.008650,0.006830,99.930448,0.021325,15.315769,9.282580,3.155325,51.001294,94,0.732201,14,42,0,100.000000,0.754858,79.024390,1524.791746,1433.351456,6587.016474,-0.000000,271.977529
12420.000000,contribution,optical,hardware,1,1,1,0,priority,0.000500,180,15,hybrid,0.050000,4000.000000,6.087000,52.000000,500.000000,500.000000,2.000000,120.000000,0.400000,205,130,205,91,162,22,49,0,0,0,0,0,91,91,0,0,0.000000,1.000000,43.531133,clear-ocean,30.000000,60.000000,0.151000,1146,3082530,790.392308,6.363867,75,0,0,75,0,72,1,0,71,0,0,0,0,0,0,122,31,0,91,0,1,0,1,0,23,52,130,23,51,88,8.791027,224.996684,2674.309526,4.347826,1.923077,32.307692,1,0,0,2821685.457249,22.544812,121.193370,6941.714256,923.678926,243.934193,192.031759,2819726.977294,2813482.204810,1359.644879,8203.252439,598.835077,0.032735,0.008645,0.006806,99.930592,0.021223,15.315769,9.282580,3.155325,50.957810,94,0.728663,14,42,0,100.000000,0.754858,79.024390,1524.791746,1426.427053,6500.909758,-0.000000,195.166185
12480.000000,contribution,optical,hardware,1,1,1,0,priority,0.000500,180,15,hybrid,0.050000,4000.000000,6.087000,52.000000,500.000000,500.000000,2.000000,120.000000,0.400000,205,130,205,91,162,22,49,0,0,0,0,0,91,91,0,0,0.000000,1.000000,43.531133,clear-ocean,30.000000,60.000000,0.151000,1146,3082530,790.392308,6.333272,75,0,0,75,0,72,1,0,71,0,0,0,0,0,0,122,31,0,91,0,1,0,1,0,23,52,130,23,51,88,8.791027,224.996684,2674.309526,4.347826,1.923077,32.307692,1,0,0,2835282.558722,22.544812,121.193370,6941.714256,927.815097,244.968236,192.261547,2833318.678766,2827073.906283,1365.044879,8208.652439,598.835077,0.032724,0.008640,0.006781,99.930734,0.021121,15.315769,9.282580,3.155325,50.914744,94,0.725160,14,42,0,100.000000,0.754858,79.024390,1524.791746,1419.569231,6414.803042,-0.000000,123.554134
12540.000000,contribution,optical,hardware,1,1,1,0,priority,0.000500,180,15,hybrid,0.050000,4000.000000,6.087000,52.000000,500.000000,500.000000,2.000000,120.000000,0.400000,205,130,205,91,162,22,49,0,0,0,0,0,91,91,0,0,0.000000,1.000000,43.531133,clear-ocean,30.000000,60.000000,0.151000,1146,3082530,790.392308,6.302969,75,0,0,75,0,72,1,0,71,0,0,0,0,0,0,122,31,0,91,0,1,0,1,0,23,52,130,23,51,88,8.791027,224.996684,2674.309526,4.347826,1.923077,32.307692,1,0,0,2848879.660194,22.544812,121.193370,6941.714256,931.951267,246.002278,192.491334,2846910.380239,2840665.607755,1370.444879,8214.052439,598.835077,0.032713,0.008635,0.006757,99.930875,0.021020,15.315769,9.282580,3.155325,50.872089,94,0.721691,14,42,0,100.000000,0.754858,79.024390,1524.791746,1412.777033,6328.696326,-0.000000,63.931567
12600.000000,contribution,optical,hardware,1,1,1,0,priority,0.000500,180,15,hybrid,0.050000,4000.000000,6.087000,52.000000,500.000000,500.000000,2.000000,120.000000,0.400000,205,130,205,91,162,22,49,0,0,0,0,0,91,91,0,0,0.000000,1.000000,43.531133,clear-ocean,30.000000,60.000000,0.151000,1146,3082530,790.392308,6.272955,75,0,0,75,0,72,1,0,71,0,0,0,0,0,0,122,31,0,91,0,1,0,1,0,23,52,130,23,51,88,8.791027,224.996684,2674.309526,4.347826,1.923077,32.307692,1,0,0,2862476.761667,22.544812,121.193370,6941.714256,936.087437,247.036321,192.721121,2860502.081711,2854257.309228,1375.844879,8219.452439,598.835077,0.032702,0.008630,0.006733,99.931015,0.020920,15.315769,9.282580,3.155325,50.829841,94,0.718254,14,42,0,100.000000,0.754858,79.024390,1524.791746,1406.049524,6242.589610,-0.000000,21.951842
12660.000000,contribution,optical,hardware,1,1,1,0,priority,0.000500,180,15,hybrid,0.050000,4000.000000,6.087000,52.000000,500.000000,500.000000,2.000000,120.000000,0.400000,205,130,205,91,162,22,49,0,0,0,0,0,91,91,0,0,0.000000,1.000000,43.531133,clear-ocean,30.000000,60.000000,0.151000,1146,3082530,790.392308,6.243225,75,0,0,75,0,72,1,0,71,0,0,0,0,0,0,122,31,0,91,0,1,0,1,0,23,52,130,23,51,88,8.791027,224.996684,2674.309526,4.347826,1.923077,32.307692,1,0,0,2876073.863139,22.544812,121.193370,6941.714256,940.223607,248.070363,192.950908,2874093.783184,2867849.010700,1381.244879,8224.852439,598.835077,0.032691,0.008625,0.006709,99.931153,0.020821,15.315769,9.282580,3.155325,50.787994,94,0.714850,14,42,0,100.000000,0.754858,79.024390,1524.791746,1399.385782,6156.482894,-0.000000,1.595440
12720.000000,contribution,optical,hardware,1,1,1,0,priority,0.000500,180,15,hybrid,0.050000,4000.000000,6.087000,52.000000,500.000000,500.000000,2.000000,120.000000,0.400000,205,130,205,91,162,22,49,0,0,0,0,0,91,91,0,0,0.000000,1.000000,43.531133,clear-ocean,30.000000,60.000000,0.151000,1146,3082530,790.392308,6.213776,75,0,0,75,0,72,1,0,71,0,0,0,0,0,0,122,31,0,91,0,1,0,1,0,23,52,130,23,51,88,8.791027,224.996684,2674.309526,4.347826,1.923077,32.307692,1,0,0,2889670.964612,22.544812,121.193370,6941.714256,944.359777,249.104406,193.180695,2887685.484656,2881440.712173,1386.644879,8230.252439,598.835077,0.032681,0.008621,0.006685,99.931290,0.020723,15.315769,9.282580,3.155325,50.746541,94,0.711478,14,42,0,100.000000,0.754858,79.024390,1524.791746,1392.784906,6070.376177,0.000000,4.792536
12780.000000,contribution,optical,hardware,1,1,1,0,priority,0.000500,180,15,hybrid,0.050000,4000.000000,6.087000,52.000000,500.000000,500.000000,2.000000,120.000000,0.400000,205,130,205,91,162,22,49,0,0,0,0,0,91,91,0,0,0.000000,1.000000,43.531133,clear-ocean,30.000000,60.000000,0.151000,1146,3082530,790.392308,6.184603,75,0,0,75,0,72,1,0,71,0,0,0,0,0,0,122,31,0,91,0,1,0,1,0,23,52,130,23,51,88,8.791027,224.996684,2674.309526,4.347826,1.923077,32.307692,1,0,0,2903268.066084,22.544812,121.193370,6941.714256,948.495948,250.138448,193.410483,2901277.186129,2895032.413645,1392.044879,8235.652439,598.835077,0.032670,0.008616,0.006662,99.931426,0.020626,15.315769,9.282580,3.155325,50.705477,94,0.708138,14,42,0,100.000000,0.754858,79.024390,1524.791746,1386.246009,5984.269461,0.000000,31.239984
12840.000000,contribution,optical,hardware,1,1,1,0,priority,0.000500,180,15,hybrid,0.050000,4000.000000,6.087000,52.000000,500.000000,500.000000,2.000000,120.000000,0.400000,205,130,205,91,162,22,49,0,0,0,0,0,91,91,0,0,0.000000,1.000000,43.531133,clear-ocean,30.000000,60.000000,0.151000,1146,3082530,790.392308,6.155703,75,0,0,75,0,72,1,0,71,0,0,0,0,0,0,122,31,0,91,0,1,0,1,0,23,52,130,23,51,88,8.791027,224.996684,2674.309526,4.347826,1.923077,32.307692,1,0,0,2916865.167557,22.544812,121.193370,6941.714256,952.632118,251.172491,193.640270,2914868.887601,2908624.115118,1397.444879,8241.052439,598.835077,0.032659,0.008611,0.006639,99.931561,0.020530,15.315769,9.282580,3.155325,50.664798,94,0.704829,14,42,0,100.000000,0.754858,79.024390,1524.791746,1379.768224,5898.162745,0.000000,78.430061
12900.000000,contribution,optical,hardware,1,1,1,0,priority,0.000500,180,15,hybrid,0.050000,4000.000000,6.087000,52.000000,500.000000,500.000000,2.000000,120.000000,0.400000,205,130,205,91,162,22,49,0,0,0,0,0,91,91,0,0,0.000000,1.000000,43.531133,clear-ocean,30.000000,60.000000,0.151000,1146,3082530,790.392308,6.127072,75,0,0,75,0,72,1,0,71,0,0,0,0,0,0,122,31,0,91,0,1,0,1,0,23,52,130,23,51,88,8.791027,224.996684,2674.309526,4.347826,1.923077,32.307692,1,0,0,2930462.269029,22.544812,121.193370,6941.714256,956.768288,252.206534,193.870057,2928460.589074,2922215.816590,1402.844879,8246.452439,598.835077,0.032649,0.008606,0.006616,99.931694,0.020435,15.315769,9.282580,3.155325,50.624496,94,0.701550,14,42,0,100.000000,0.754858,79.024390,1524.791746,1373.350698,5812.056029,0.000000,141.888246
12960.000000,contribution,optical,hardware,1,1,1,0,priority,0.000500,180,15,hybrid,0.050000,4000.000000,6.087000,52.000000,500.000000,500.000000,2.000000,120.000000,0.400000,205,130,205,91,162,22,49,0,0,0,0,0,91,91,0,0,0.000000,1.000000,43.531133,clear-ocean,30.000000,60.000000,0.151000,1146,3082530,790.392308,6.098706,75,0,0,75,0,72,1,0,71,0,0,0,0,0,0,122,31,0,91,0,1,0,1,0,23,52,130,23,51,88,8.791027,224.996684,2674.309526,4.347826,1.923077,32.307692,1,0,0,2944059.370502,22.544812,121.193370,6941.714256,960.904458,253.240576,194.099844,2942052.290546,2935807.518063,1408.244879,8251.852439,598.835077,0.032639,0.008602,0.006593,99.931826,0.020340,15.315769,9.282580,3.155325,50.584568,94,0.698302,14,42,0,100.000000,0.754858,79.024390,1524.791746,1366.992593,5725.949313,0.000000,215.597491
13020.000000,contribution,optical,hardware,1,1,1,0,priority,0.000500,180,15,hybrid,0.050000,4000.000000,6.087000,52.000000,500.000000,500.000000,2.000000,120.000000,0.400000,205,130,205,91,162,22,49,0,0,0,0,0,91,91,0,0,0.000000,1.000000,43.531133,clear-ocean,30.000000,60.000000,0.151000,1146,3082530,790.392308,6.070601,75,0,0,75,0,72,1,0,71,0,0,0,0,0,0,122,31,0,91,0,1,0,1,0,23,52,130,23,51,88,8.791027,224.996684,2674.309526,4.347826,1.923077,32.307692,1,0,0,2957656.471974,22.544812,121.193370,6941.714256,965.040628,254.274619,194.329632,2955643.992019,2949399.219535,1413.644879,8257.252439,598.835077,0.032629,0.008597,0.006570,99.931957,0.020247,15.315769,9.282580,3.155325,50.545008,94,0.695084,14,42,0,100.000000,0.754858,79.024390,1524.791746,1360.693088,5639.842597,0.000000,292.568751
13080.000000,contribution,optical,hardware,1,1,1,0,priority,0.000500,180,15,hybrid,0.050000,4000.000000,6.087000,52.000000,500.000000,500.000000,2.000000,120.000000,0.400000,205,130,205,91,162,22,49,0,0,0,0,0,91,91,0,0,0.000000,1.000000,43.531133,clear-ocean,30.000000,60.000000,0.151000,1146,3082530,790.392308,6.042755,75,0,0,75,0,72,1,0,71,0,0,0,0,0,0,122,31,0,91,0,1,0,1,0,23,52,130,23,51,88,8.791027,224.996684,2674.309526,4.347826,1.923077,32.307692,1,0,0,2971253.573447,22.544812,121.193370,6941.714256,969.176799,255.308661,194.559419,2969235.693491,2962990.921008,1419.044879,8262.652439,598.835077,0.032618,0.008593,0.006548,99.932087,0.020154,15.315769,9.282580,3.155325,50.505810,94,0.691896,14,42,0,100.000000,0.754858,79.024390,1524.791746,1354.451376,5553.735880,0.000000,365.503680
13140.000000,contribution,optical,hardware,1,1,1,0,priority,0.000500,180,15,hybrid,0.050000,4000.000000,6.087000,52.000000,500.000000,500.000000,2.000000,120.000000,0.400000,205,130,205,91,162,22,49,0,0,0,0,0,91,91,0,0,0.000000,1.000000,43.531133,clear-ocean,30.000000,60.000000,0.151000,1146,3082530,790.392308,6.015162,75,0,0,75,0,72,1,0,71,0,0,0,0,0,0,122,31,0,91,0,1,0,1,0,23,52,130,23,51,88,8.791027,224.996684,2674.309526,4.347826,1.923077,32.307692,1,0,0,2984850.674919,22.544812,121.193370,6941.714256,973.312969,256.342704,194.789206,2982827.394964,2976582.622480,1424.444879,8268.052439,598.835077,0.032608,0.008588,0.006526,99.932215,0.020062,15.315769,9.282580,3.155325,50.466971,94,0.688737,14,42,0,100.000000,0.754858,79.024390,1524.791746,1348.266667,5467.629164,0.000000,427.486654
13200.000000,contribution,optical,hardware,1,1,1,0,priority,0.000500,180,15,hybrid,0.050000,4000.000000,6.087000,52.000000,500.000000,500.000000,2.000000,120.000000,0.400000,205,130,205,91,162,22,49,0,0,0,0,0,91,91,0,0,0.000000,1.000000,43.531133,clear-ocean,30.000000,60.000000,0.151000,1146,3082530,790.392308,5.987821,75,0,0,75,0,72,1,0,71,0,0,0,0,0,0,122,31,0,91,0,1,0,1,0,23,52,130,23,51,88,8.791027,224.996684,2674.309526,4.347826,1.923077,32.307692,1,0,0,2998447.776392,22.544812,121.193370,6941.714256,977.449139,257.376746,195.018993,2996419.096436,2990174.323953,1429.844879,8273.452439,598.835077,0.032599,0.008584,0.006504,99.932342,0.019972,15.315769,9.282580,3.155325,50.428485,94,0.685606,14,42,0,100.000000,0.754858,79.024390,1524.791746,1342.138182,5381.522448,0.000000,472.640502
13260.000000,contribution,optical,hardware,1,1,1,0,priority,0.000500,180,15,hybrid,0.050000,4000.000000,6.087000,52.000000,500.000000,500.000000,2.000000,120.000000,0.400000,205,130,205,91,162,22,49,0,0,0,0,0,91,91,0,0,0.000000,1.000000,43.531133,clear-ocean,30.000000,60.000000,0.151000,1146,3082530,790.392308,5.960726,75,0,0,75,0,72,1,0,71,0,0,0,0,0,0,122,31,0,91,0,1,0,1,0,23,52,130,23,51,88,8.791027,224.996684,2674.309526,4.347826,1.923077,32.307692,1,0,0,3012044.877864,22.544812,121.193370,6941.714256,981.585309,258.410789,195.248781,3010010.797909,3003766.025425,1435.244879,8278.852439,598.835077,0.032589,0.008579,0.006482,99.932468,0.019881,15.315769,9.282580,3.155325,50.390347,94,0.682504,14,42,0,100.000000,0.754858,79.024390,1524.791746,1336.065158,5295.415732,0.000000,496.683776
13320.000000,contribution,optical,hardware,1,1,1,0,priority,0.000500,180,15,hybrid,0.050000,4000.000000,6.087000,52.000000,500.000000,500.000000,2.000000,120.000000,0.400000,205,130,205,99,163,22,49,0,0,0,0,0,99,99,0,0,0.000000,1.000000,43.462897,clear-ocean,30.000000,60.000000,0.151000,1169,3166665,811.965385,6.095836,75,0,0,75,0,72,1,0,71,0,0,0,0,0,0,126,33,0,92,1,1,0,1,0,23,52,130,23,51,89,8.791027,224.996684,2751.084853,4.347826,1.923077,31.538462,1,0,0,3025844.464055,22.544812,121.193370,7144.198974,985.721480,259.444831,205.078568,3023781.487279,3017357.726898,1450.244879,8486.737157,612.731897,0.032577,0.008574,0.006778,99.931821,0.020250,15.315769,9.282580,3.210876,50.323724,94,0.701802,14,34,6,100.000000,0.754858,79.512195,1573.764272,1345.061862,5209.309016,-0.000000,497.336716
13380.000000,contribution,optical,hardware,1,1,1,0,priority,0.000500,180,15,hybrid,0.050000,4000.000000,6.087000,52.000000,500.000000,500.000000,2.000000,120.000000,0.400000,205,130,205,99,168,22,49,0,0,0,0,0,99,99,0,0,0.000000,1.000000,43.462897,clear-ocean,30.000000,60.000000,0.151000,1211,3318387,850.868462,6.359256,75,0,0,75,0,72,1,0,71,0,0,0,0,0,0,132,34,0,97,1,1,0,1,0,23,52,130,23,51,94,8.791027,224.996684,3107.938737,4.347826,1.923077,27.692308,1,0,0,3039783.244501,22.544812,121.193370,7485.877949,989.857650,260.478874,205.308355,3037684.429777,3030949.428370,1455.644879,8833.816131,643.169846,0.032563,0.008569,0.006754,99.930955,0.021158,15.315769,9.282580,3.185480,50.250523,94,0.713528,14,34,1,100.000000,0.754858,81.951220,1808.471820,1413.768610,5123.202300,-0.000000,474.537410
13440.000000,contribution,optical,hardware,1,1,1,0,priority,0.000500,180,15,hybrid,0.050000,4000.000000,6.087000,52.000000,500.000000,500.000000,2.000000,120.000000,0.400000,205,130,205,99,170,22,49,0,0,0,0,0,99,99,0,0,0.000000,1.000000,43.462897,clear-ocean,30.000000,60.000000,0.151000,1223,3360687,861.714615,6.411567,75,0,0,75,0,72,1,0,71,0,0,0,0,0,0,133,34,0,99,0,1,0,1,0,23,52,130,23,51,96,8.791027,224.996684,3239.087659,4.347826,1.923077,26.153846,1,0,0,3053477.561564,22.544812,121.193370,7583.093538,993.993820,261.512917,205.538142,3051362.907044,3044541.129843,1461.044879,8936.431721,653.609641,0.032553,0.008564,0.006731,99.930746,0.021405,15.315769,9.282580,3.159622,50.177976,94,0.710863,14,34,0,100.000000,0.754858,82.926829,1897.820234,1437.219048,5037.095584,-0.000000,430.447668
13500.000000,contribution,optical,hardware,1,1,1,0,priority,0.000500,180,15,hybrid,0.050000,4000.000000,6.087000,52.000000,500.000000,500.000000,2.000000,120.000000,0.400000,205,130,205,99,170,22,49,0,0,0,0,0,99,99,0,0,0.000000,1.000000,43.462897,clear-ocean,30.000000,60.000000,0.151000,1223,3360687,861.714615,6.383071,75,0,0,75,0,72,1,0,71,0,0,0,0,0,0,133,34,0,99,0,1,0,1,0,23,52,130,23,51,96,8.791027,224.996684,3239.087659,4.347826,1.923077,26.153846,1,0,0,3067074.663036,22.544812,121.193370,7583.093538,998.129990,262.546959,205.767930,3064954.608517,3058132.831315,1466.444879,8941.831721,653.609641,0.032543,0.008560,0.006709,99.930877,0.021311,15.315769,9.282580,3.159622,50.106074,94,0.707704,14,34,0,100.000000,0.754858,82.926829,1897.820234,1430.831407,4950.988867,-0.000000,369.248039
13560.000000,contribution,optical,hardware,1,1,1,0,priority,0.000500,180,15,hybrid,0.050000,4000.000000,6.087000,52.000000,500.000000,500.000000,2.000000,120.000000,0.400000,205,130,205,99,170,22,49,0,0,0,0,0,99,99,0,0,0.000000,1.000000,43.462897,clear-ocean,30.000000,60.000000,0.151000,1223,3360687,861.714615,6.354828,75,0,0,75,0,72,1,0,71,0,0,0,0,0,0,133,34,0,99,0,1,0,1,0,23,52,130,23,51,96,8.791027,224.996684,3239.087659,4.347826,1.923077,26.153846,1,0,0,3080671.764509,22.544812,121.193370,7583.093538,1002.266160,263.581002,205.997717,3078546.309989,3071724.532788,1471.844879,8947.231721,653.609641,0.032534,0.008556,0.006687,99.931007,0.021216,15.315769,9.282580,3.159622,50.034808,94,0.704572,14,34,0,100.000000,0.754858,82.926829,1897.820234,1424.500295,4864.882151,-0.000000,296.741417
13620.000000,contribution,optical,hardware,1,1,1,0,priority,0.000500,180,15,hybrid,0.050000,4000.000000,6.087000,52.000000,500.000000,500.000000,2.000000,120.000000,0.400000,205,130,205,99,170,22,49,0,0,0,0,0,99,99,0,0,0.000000,1.000000,43.462897,clear-ocean,30.000000,60.000000,0.151000,1223,3360687,861.714615,6.326833,75,0,0,75,0,72,1,0,71,0,0,0,0,0,0,133,34,0,99,0,1,0,1,0,23,52,130,23,51,96,8.791027,224.996684,3239.087659,4.347826,1.923077,26.153846,1,0,0,3094268.865981,22.544812,121.193370,7583.093538,1006.402331,264.615044,206.227504,3092138.011462,3085316.234260,1477.244879,8952.631721,653.609641,0.032525,0.008552,0.006665,99.931135,0.021123,15.315769,9.282580,3.159622,49.964170,94,0.701468,14,34,0,100.000000,0.754858,82.926829,1897.820234,1418.224963,4778.775435,-0.000000,219.802817
13680.000000,contribution,optical,hardware,1,1,1,0,priority,0.000500,180,15,hybrid,0.050000,4000.000000,6.087000,52.000000,500.000000,500.000000,2.000000,120.000000,0.400000,205,130,205,99,170,22,49,0,0,0,0,0,99,99,0,0,0.000000,1.000000,43.462897,clear-ocean,30.000000,60.000000,0.151000,1223,3360687,861.714615,6.299083,75,0,0,75,0,72,1,0,71,0,0,0,0,0,0,133,34,0,99,0,1,0,1,0,23,52,130,23,51,96,8.791027,224.996684,3239.087659,4.347826,1.923077,26.153846,1,0,0,3107865.967454,22.544812,121.193370,7583.093538,1010.538501,265.649087,206.457291,3105729.712934,3098907.935733,1482.644879,8958.031721,653.609641,0.032516,0.008548,0.006643,99.931263,0.021031,15.315769,9.282580,3.159622,49.894152,94,0.698392,14,34,0,100.000000,0.754858,82.926829,1897.820234,1412.004678,4692.668719,-0.000000,145.727486
13740.000000,contribution,optical,hardware,1,1,1,0,priority,0.000500,180,15,hybrid,0.050000,4000.000000,6.087000,52.000000,500.000000,500.000000,2.000000,120.000000,0.400000,205,130,205,99,170,22,49,0,0,0,0,0,99,99,0,0,0.000000,1.000000,43.462897,clear-ocean,30.000000,60.000000,0.151000,1223,3360687,861.714615,6.271577,75,0,0,75,0,72,1,0,71,0,0,0,0,0,0,133,34,0,99,0,1,0,1,0,23,52,130,23,51,96,8.791027,224.996684,3239.087659,4.347826,1.923077,26.153846,1,0,0,3121463.068926,22.544812,121.193370,7583.093538,1014.674671,266.683129,206.687078,3119321.414407,3112499.637205,1488.044879,8963.431721,653.609641,0.032506,0.008544,0.006621,99.931389,0.020939,15.315769,9.282580,3.159622,49.824745,94,0.695342,14,34,0,100.000000,0.754858,82.926829,1897.820234,1405.838719,4606.562003,-0.000000,81.539182
13800.000000,contribution,optical,hardware,1,1,1,0,priority,0.000500,180,15,hybrid,0.050000,4000.000000,6.087000,52.000000,500.000000,500.000000,2.000000,120.000000,0.400000,205,130,205,99,170,22,49,0,0,0,0,0,99,99,0,0,0.000000,1.000000,43.462897,clear-ocean,30.000000,60.000000,0.151000,1223,3360687,861.714615,6.244309,75,0,0,75,0,72,1,0,71,0,0,0,0,0,0,133,34,0,99,0,1,0,1,0,23,52,130,23,51,96,8.791027,224.996684,3239.087659,4.347826,1.923077,26.153846,1,0,0,3135060.170399,22.544812,121.193370,7583.093538,1018.810841,267.717172,206.916866,3132913.115879,3126091.338678,1493.444879,8968.831721,653.609641,0.032497,0.008539,0.006600,99.931515,0.020848,15.315769,9.282580,3.159622,49.755942,94,0.692319,14,34,0,100.000000,0.754858,82.926829,1897.820234,1399.726377,4520.455287,-0.000000,33.324182
13860.000000,contribution,optical,hardware,1,1,1,0,priority,0.000500,180,15,hybrid,0.050000,4000.000000,6.087000,52.000000,500.000000,500.000000,2.000000,120.000000,0.400000,205,130,205,99,170,22,49,0,0,0,0,0,99,99,0,0,0.000000,1.000000,43.462897,clear-ocean,30.000000,60.000000,0.151000,1223,3360687,861.714615,6.217277,75,0,0,75,0,72,1,0,71,0,0,0,0,0,0,133,34,0,99,0,1,0,1,0,23,52,130,23,51,96,8.791027,224.996684,3239.087659,4.347826,1.923077,26.153846,1,0,0,3148657.271871,22.544812,121.193370,7583.093538,1022.947011,268.751214,207.146653,3146504.817352,3139683.040150,1498.844879,8974.231721,653.609641,0.032488,0.008535,0.006579,99.931639,0.020758,15.315769,9.282580,3.159622,49.687734,94,0.689322,14,34,0,100.000000,0.754858,82.926829,1897.820234,1393.666955,4434.348571,-0.000000,5.654189
13920.000000,contribution,optical,hardware,1,1,1,0,priority,0.000500,180,15,hybrid,0.050000,4000.000000,6.087000,52.000000,500.000000,500.000000,2.000000,120.000000,0.400000,205,130,205,99,170,22,49,0,0,0,0,0,99,99,0,0,0.000000,1.000000,43.462897,clear-ocean,30.000000,60.000000,0.151000,1223,3360687,861.714615,6.190479,75,0,0,75,0,72,1,0,71,0,0,0,0,0,0,133,34,0,99,0,1,0,1,0,23,52,130,23,51,96,8.791027,224.996684,3239.087659,4.347826,1.923077,26.153846,1,0,0,3162254.373344,22.544812,121.193370,7583.093538,1027.083182,269.785257,207.376440,3160096.518824,3153274.741623,1504.244879,8979.631721,653.609641,0.032479,0.008531,0.006558,99.931762,0.020669,15.315769,9.282580,3.159622,49.620115,94,0.686351,14,34,0,100.000000,0.754858,82.926829,1897.820234,1387.659770,4348.241854,0.000000,1.152847
13980.000000,contribution,optical,hardware,1,1,1,0,priority,0.000500,180,15,hybrid,0.050000,4000.000000,6.087000,52.000000,500.000000,500.000000,2.000000,120.000000,0.400000,205,130,205,99,170,22,49,0,0,0,0,0,99,99,0,0,0.000000,1.000000,43.462897,clear-ocean,30.000000,60.000000,0.151000,1223,3360687,861.714615,6.163910,75,0,0,75,0,72,1,0,71,0,0,0,0,0,0,133,34,0,99,0,1,0,1,0,23,52,130,23,51,96,8.791027,224.996684,3239.087659,4.347826,1.923077,26.153846,1,0,0,3175851.474816,22.544812,121.193370,7583.093538,1031.219352,270.819300,207.606227,3173688.220297,3166866.443095,1509.644879,8985.031721,653.609641,0.032471,0.008527,0.006537,99.931884,0.020581,15.315769,9.282580,3.159622,49.553076,94,0.683405,14,34,0,100.000000,0.754858,82.926829,1897.820234,1381.704149,4262.135138,0.000000,20.246969
14040.000000,contribution,optical,hardware,1,1,1,0,priority,0.000500,180,15,hybrid,0.050000,4000.000000,6.087000,52.000000,500.000000,500.000000,2.000000,120.000000,0.400000,205,130,205,99,170,22,49,0,0,0,0,0,99,99,0,0,0.000000,1.000000,43.462897,clear-ocean,30.000000,60.000000,0.151000,1223,3360687,861.714615,6.137568,75,0,0,75,0,72,1,0,71,0,0,0,0,0,0,133,34,0,99,0,1,0,1,0,23,52,130,23,51,96,8.791027,224.996684,3239.087659,4.347826,1.923077,26.153846,1,0,0,3189448.576289,22.544812,121.193370,7583.093538,1035.355522,271.853342,207.836015,3187279.921769,3180458.144568,1515.044879,8990.431721,653.609641,0.032462,0.008524,0.006516,99.932005,0.020493,15.315769,9.282580,3.159622,49.486610,94,0.680484,14,34,0,100.000000,0.754858,82.926829,1897.820234,1375.799430,4176.028422,0.000000,61.126069
14100.000000,contribution,optical,hardware,1,1,1,0,priority,0.000500,180,15,hybrid,0.050000,4000.000000,6.087000,52.000000,500.000000,500.000000,2.000000,120.000000,0.400000,205,130,205,99,170,22,49,0,0,0,0,0,99,99,0,0,0.000000,1.000000,43.462897,clear-ocean,30.000000,60.000000,0.151000,1223,3360687,861.714615,6.111451,75,0,0,75,0,72,1,0,71,0,0,0,0,0,0,133,34,0,99,0,1,0,1,0,23,52,130,23,51,96,8.791027,224.996684,3239.087659,4.347826,1.923077,26.153846,1,0,0,3203045.677761,22.544812,121.193370,7583.093538,1039.491692,272.887385,208.065802,3200871.623242,3194049.846040,1520.444879,8995.831721,653.609641,0.032453,0.008520,0.006496,99.932125,0.020406,15.315769,9.282580,3.159622,49.420709,94,0.677589,14,34,0,100.000000,0.754858,82.926829,1897.820234,1369.944965,4089.921706,0.000000,119.914025
14160.000000,contribution,optical,hardware,1,1,1,0,priority,0.000500,180,15,hybrid,0.050000,4000.000000,6.087000,52.000000,500.000000,500.000000,2.000000,120.000000,0.400000,205,130,205,99,170,22,49,0,0,0,0,0,99,99,0,0,0.000000,1.000000,43.462897,clear-ocean,30.000000,60.000000,0.151000,1223,3360687,861.714615,6.085555,75,0,0,75,0,72,1,0,71,0,0,0,0,0,0,133,34,0,99,0,1,0,1,0,23,52,130,23,51,96,8.791027,224.996684,3239.087659,4.347826,1.923077,26.153846,1,0,0,3216642.779234,22.544812,121.193370,7583.093538,1043.627863,273.921427,208.295589,3214463.324714,3207641.547513,1525.844879,9001.231721,653.609641,0.032445,0.008516,0.006476,99.932244,0.020320,15.315769,9.282580,3.159622,49.355367,94,0.674718,14,34,0,100.000000,0.754858,82.926829,1897.820234,1364.140113,4003.814990,0.000000,191.036617
14220.000000,contribution,optical,hardware,1,1,1,0,priority,0.000500,180,15,hybrid,0.050000,4000.000000,6.087000,52.000000,500.000000,500.000000,2.000000,120.000000,0.400000,205,130,205,99,170,22,49,0,0,0,0,0,99,99,0,0,0.000000,1.000000,43.462897,clear-ocean,30.000000,60.000000,0.151000,1223,3360687,861.714615,6.059878,75,0,0,75,0,72,1,0,71,0,0,0,0,0,0,133,34,0,99,0,1,0,1,0,23,52,130,23,51,96,8.791027,224.996684,3239.087659,4.347826,1.923077,26.153846,1,0,0,3230239.880706,22.544812,121.193370,7583.093538,1047.764033,274.955470,208.525376,3228055.026187,3221233.248985,1531.244879,9006.631721,653.609641,0.032436,0.008512,0.006455,99.932362,0.020234,15.315769,9.282580,3.159622,49.290577,94,0.671871,14,34,0,100.000000,0.754858,82.926829,1897.820234,1358.384248,3917.708274,0.000000,267.750065
14280.000000,contribution,optical,hardware,1,1,1,0,priority,0.000500,180,15,hybrid,0.050000,4000.000000,6.087000,52.000000,500.000000,500.000000,2.000000,120.000000,0.400000,205,130,205,99,170,22,49,0,0,0,0,0,99,99,0,0,0.000000,1.000000,43.462897,clear-ocean,30.000000,60.000000,0.151000,1223,3360687,861.714615,6.034416,75,0,0,75,0,72,1,0,71,0,0,0,0,0,0,133,34,0,99,0,1,0,1,0,23,52,130,23,51,96,8.791027,224.996684,3239.087659,4.347826,1.923077,26.153846,1,0,0,3243836.982179,22.544812,121.193370,7583.093538,1051.900203,275.989512,208.755164,3241646.727659,3234824.950458,1536.644879,9012.031721,653.609641,0.032428,0.008508,0.006435,99.932480,0.020149,15.315769,9.282580,3.159622,49.226331,94,0.669048,14,34,0,100.000000,0.754858,82.926829,1897.820234,1352.676751,3831.601558,0.000000,342.780467
14340.000000,contribution,optical,hardware,1,1,1,0,priority,0.000500,180,15,hybrid,0.050000,4000.000000,6.087000,52.000000,500.000000,500.000000,2.000000,120.000000,0.400000,205,130,205,99,170,22,49,0,0,0,0,0,99,99,0,0,0.000000,1.000000,43.462897,clear-ocean,30.000000,60.000000,0.151000,1223,3360687,861.714615,6.009167,75,0,0,75,0,72,1,0,71,0,0,0,0,0,0,133,34,0,99,0,1,0,1,0,23,52,130,23,51,96,8.791027,224.996684,3239.087659,4.347826,1.923077,26.153846,1,0,0,3257434.083651,22.544812,121.193370,7583.093538,1056.036373,277.023555,208.984951,3255238.429132,3248416.651930,1542.044879,9017.431721,653.609641,0.032419,0.008504,0.006416,99.932596,0.020065,15.315769,9.282580,3.159622,49.162622,94,0.666248,14,34,0,100.000000,0.754858,82.926829,1897.820234,1347.017015,3745.494841,0.000000,409.013508
14400.000000,contribution,optical,hardware,1,1,1,0,priority,0.000500,180,15,hybrid,0.050000,4000.000000,6.087000,52.000000,500.000000,500.000000,2.000000,120.000000,0.400000,205,130,205,99,170,22,49,0,0,0,0,0,99,99,0,0,0.000000,1.000000,43.462897,clear-ocean,30.000000,60.000000,0.151000,1223,3360687,861.714615,5.984129,75,0,0,75,0,72,1,0,71,0,0,0,0,0,0,133,34,0,99,0,1,0,1,0,23,52,130,23,51,96,8.791027,224.996684,3239.087659,4.347826,1.923077,26.153846,1,0,0,3271031.185124,22.544812,121.193370,7583.093538,1060.172543,278.057597,209.214738,3268830.130604,3262008.353403,1547.444879,9022.831721,653.609641,0.032411,0.008501,0.006396,99.932711,0.019982,15.315769,9.282580,3.159622,49.099444,94,0.663472,14,34,0,100.000000,0.754858,82.926829,1897.820234,1341.404444,3659.388125,0.000000,460.169031
14460.000000,contribution,optical,hardware,1,1,1,0,priority,0.000500,180,15,hybrid,0.050000,4000.000000,6.087000,52.000000,500.000000,500.000000,2.000000,120.000000,0.400000,205,130,205,99,170,22,49,0,0,0,0,0,99,99,0,0,0.000000,1.000000,43.462897,clear-ocean,30.000000,60.000000,0.151000,1223,3360687,861.714615,5.959299,75,0,0,75,0,72,1,0,71,0,0,0,0,0,0,133,34,0,99,0,1,0,1,0,23,52,130,23,51,96,8.791027,224.996684,3239.087659,4.347826,1.923077,26.153846,1,0,0,3284628.286596,22.544812,121.193370,7583.093538,1064.308714,279.091640,209.444525,3282421.832077,3275600.054876,1552.844879,9028.231721,653.609641,0.032403,0.008497,0.006377,99.932825,0.019899,15.315769,9.282580,3.159622,49.036791,94,0.660719,14,34,0,100.000000,0.754858,82.926829,1897.820234,1335.838451,3573.281409,0.000000,491.396514
14520.000000,contribution,optical,hardware,1,1,1,0,priority,0.000500,180,15,hybrid,0.050000,4000.000000,6.087000,52.000000,500.000000,500.000000,2.000000,120.000000,0.400000,205,130,205,108,170,22,49,0,0,0,0,0,108,108,0,0,0.000000,1.000000,43.437977,clear-ocean,30.000000,60.000000,0.151000,1237,3411261,874.682308,6.023983,75,0,0,75,0,72,1,0,71,0,0,0,0,0,0,135,35,0,99,1,1,0,1,0,23,52,130,23,51,96,8.791027,224.996684,3239.087659,4.347826,1.923077,26.153846,1,0,0,3298354.957915,22.544812,121.193370,7712.663385,1068.444884,280.125682,220.474312,3296124.475088,3289191.756348,1569.044879,9163.201567,661.437949,0.032393,0.008493,0.006684,99.932376,0.020054,15.315769,9.282580,3.213610,48.957300,94,0.673485,14,25,8,100.000000,0.754858,82.926829,1897.820234,1330.318457,3487.174693,-0.000000,499.734996
14580.000000,contribution,optical,hardware,1,1,1,0,priority,0.000500,180,15,hybrid,0.050000,4000.000000,6.087000,52.000000,500.000000,500.000000,2.000000,120.000000,0.400000,205,130,205,108,173,22,49,0,0,0,0,0,108,108,0,0,0.000000,1.000000,43.437977,clear-ocean,30.000000,60.000000,0.151000,1270,3533094,905.921538,6.213454,75,0,0,75,0,72,1,0,71,0,0,0,0,0,0,140,37,0,102,1,1,0,1,0,23,52,130,23,51,99,8.791027,224.996684,3470.927428,4.347826,1.923077,23.846154,1,0,0,3312224.527080,22.544812,121.193370,7985.131077,1072.581054,281.159725,220.704100,3309966.100252,3302783.457821,1574.444879,9441.069259,683.981949,0.032382,0.008489,0.006663,99.931815,0.020650,15.315769,9.282580,3.226316,48.858711,94,0.698422,14,25,5,100.000000,0.754858,84.390244,2053.750520,1365.996159,3401.067977,-0.000000,484.393829
14640.000000,contribution,optical,hardware,1,1,1,0,priority,0.000500,180,15,hybrid,0.050000,4000.000000,6.087000,52.000000,500.000000,500.000000,2.000000,120.000000,0.400000,205,130,205,108,178,22,49,0,0,0,0,0,108,108,0,0,0.000000,1.000000,43.437977,clear-ocean,30.000000,60.000000,0.151000,1312,3684816,944.824615,6.453720,75,0,0,75,0,72,1,0,71,0,0,0,0,0,0,146,38,0,107,1,1,0,1,0,23,52,130,23,51,104,8.791027,224.996684,3827.048595,4.347826,1.923077,20.000000,1,0,0,3326163.307526,22.544812,121.193370,8326.810051,1076.717224,282.193768,220.933887,3323869.042751,3316375.159293,1579.844879,9788.148233,714.419897,0.032371,0.008484,0.006642,99.931024,0.021479,15.315769,9.282580,3.202619,48.760929,94,0.705123,14,25,0,100.000000,0.754858,86.829268,2301.629654,1428.703825,3314.961261,-0.000000,446.827649
14700.000000,contribution,optical,hardware,1,1,1,0,priority,0.000500,180,15,hybrid,0.050000,4000.000000,6.087000,52.000000,500.000000,500.000000,2.000000,120.000000,0.400000,205,130,205,108,179,22,49,0,0,0,0,0,108,108,0,0,0.000000,1.000000,43.437977,clear-ocean,30.000000,60.000000,0.151000,1321,3714705,952.488462,6.479513,75,0,0,75,0,72,1,0,71,0,0,0,0,0,0,147,39,0,108,0,1,0,1,0,23,52,130,23,51,105,8.791027,224.996684,3894.397254,4.347826,1.923077,19.230769,1,0,0,3339828.735563,22.544812,121.193370,8395.136615,1080.853394,283.227810,221.163674,3337522.058274,3329966.860766,1585.244879,9861.874797,721.432410,0.032363,0.008480,0.006622,99.930934,0.021601,15.315769,9.282580,3.198147,48.663946,94,0.702245,14,25,0,100.000000,0.754858,87.317073,2349.657744,1436.477823,3228.854545,-0.000000,390.598447
14760.000000,contribution,optical,hardware,1,1,1,0,priority,0.000500,180,15,hybrid,0.050000,4000.000000,6.087000,52.000000,500.000000,500.000000,2.000000,120.000000,0.400000,205,130,205,108,179,22,49,0,0,0,0,0,108,108,0,0,0.000000,1.000000,43.437977,clear-ocean,30.000000,60.000000,0.151000,1321,3714705,952.488462,6.453174,75,0,0,75,0,72,1,0,71,0,0,0,0,0,0,147,39,0,108,0,1,0,1,0,23,52,130,23,51,105,8.791027,224.996684,3894.397254,4.347826,1.923077,19.230769,1,0,0,3353425.837035,22.544812,121.193370,8395.136615,1084.989565,284.261853,221.393461,3351113.759747,3343558.562238,1590.644879,9867.274797,721.432410,0.032355,0.008477,0.006602,99.931053,0.021513,15.315769,9.282580,3.198147,48.567751,94,0.699390,14,25,0,100.000000,0.754858,87.317073,2349.657744,1430.638482,3142.747828,-0.000000,321.037826
14820.000000,contribution,optical,hardware,1,1,1,0,priority,0.000500,180,15,hybrid,0.050000,4000.000000,6.087000,52.000000,500.000000,500.000000,2.000000,120.000000,0.400000,205,130,205,108,179,22,49,0,0,0,0,0,108,108,0,0,0.000000,1.000000,43.437977,clear-ocean,30.000000,60.000000,0.151000,1321,3714705,952.488462,6.427048,75,0,0,75,0,72,1,0,71,0,0,0,0,0,0,147,39,0,108,0,1,0,1,0,23,52,130,23,51,105,8.791027,224.996684,3894.397254,4.347826,1.923077,19.230769,1,0,0,3367022.938508,22.544812,121.193370,8395.136615,1089.125735,285.295895,221.623249,3364705.461219,3357150.263711,1596.044879,9872.674797,721.432410,0.032347,0.008473,0.006582,99.931171,0.021426,15.315769,9.282580,3.198147,48.472335,94,0.696559,14,25,0,100.000000,0.754858,87.317073,2349.657744,1424.846424,3056.641112,-0.000000,244.741463
14880.000000,contribution,optical,hardware,1,1,1,0,priority,0.000500,180,15,hybrid,0.050000,4000.000000,6.087000,52.000000,500.000000,500.000000,2.000000,120.000000,0.400000,205,130,205,108,179,22,49,0,0,0,0,0,108,108,0,0,0.000000,1.000000,43.437977,clear-ocean,30.000000,60.000000,0.151000,1321,3714705,952.488462,6.401132,75,0,0,75,0,72,1,0,71,0,0,0,0,0,0,147,39,0,108,0,1,0,1,0,23,52,130,23,51,105,8.791027,224.996684,3894.397254,4.347826,1.923077,19.230769,1,0,0,3380620.039980,22.544812,121.193370,8395.136615,1093.261905,286.329938,221.853036,3378297.162692,3370741.965183,1601.444879,9878.074797,721.432410,0.032339,0.008470,0.006562,99.931288,0.021340,15.315769,9.282580,3.198147,48.377688,94,0.693750,14,25,0,100.000000,0.754858,87.317073,2349.657744,1419.101075,2970.534396,-0.000000,168.943709
14940.000000,contribution,optical,hardware,1,1,1,0,priority,0.000500,180,15,hybrid,0.050000,4000.000000,6.087000,52.000000,500.000000,500.000000,2.000000,120.000000,0.400000,205,130,205,108,179,22,49,0,0,0,0,0,108,108,0,0,0.000000,1.000000,43.437977,clear-ocean,30.000000,60.000000,0.151000,1321,3714705,952.488462,6.375425,75,0,0,75,0,72,1,0,71,0,0,0,0,0,0,147,39,0,108,0,1,0,1,0,23,52,130,23,51,105,8.791027,224.996684,3894.397254,4.347826,1.923077,19.230769,1,0,0,3394217.141453,22.544812,121.193370,8395.136615,1097.398075,287.363980,222.082823,3391888.864164,3384333.666656,1606.844879,9883.474797,721.432410,0.032331,0.008466,0.006543,99.931405,0.021255,15.315769,9.282580,3.198147,48.283802,94,0.690964,14,25,0,100.000000,0.754858,87.317073,2349.657744,1413.401874,2884.427680,-0.000000,100.831640
15000.000000,contribution,optical,hardware,1,1,1,0,priority,0.000500,180,15,hybrid,0.050000,4000.000000,6.087000,52.000000,500.000000,500.000000,2.000000,120.000000,0.400000,205,130,205,108,179,22,49,0,0,0,0,0,108,108,0,0,0.000000,1.000000,43.437977,clear-ocean,30.000000,60.000000,0.151000,1321,3714705,952.488462,6.349923,75,0,0,75,0,72,1,0,71,0,0,0,0,0,0,147,39,0,108,0,1,0,1,0,23,52,130,23,51,105,8.791027,224.996684,3894.397254,4.347826,1.923077,19.230769,1,0,0,3407814.242925,22.544812,121.193370,8395.136615,1101.534245,288.398023,222.312610,3405480.565637,3397925.368128,1612.244879,9888.874797,721.432410,0.032324,0.008463,0.006524,99.931520,0.021170,15.315769,9.282580,3.198147,48.190667,94,0.688200,14,25,0,100.000000,0.754858,87.317073,2349.657744,1407.748267,2798.320964,-0.000000,46.863581
15060.000000,contribution,optical,hardware,1,1,1,0,priority,0.000500,180,15,hybrid,0.050000,4000.000000,6.087000,52.000000,500.000000,500.000000,2.000000,120.000000,0.400000,205,130,205,108,179,22,49,0,0,0,0,0,108,108,0,0,0.000000,1.000000,43.437977,clear-ocean,30.000000,60.000000,0.151000,1321,3714705,952.488462,6.324625,75,0,0,75,0,72,1,0,71,0,0,0,0,0,0,147,39,0,108,0,1,0,1,0,23,52,130,23,51,105,8.791027,224.996684,3894.397254,4.347826,1.923077,19.230769,1,0,0,3421411.344398,22.544812,121.193370,8395.136615,1105.670416,289.432065,222.542398,3419072.267109,3411517.069601,1617.644879,9894.274797,721.432410,0.032316,0.008459,0.006504,99.931634,0.021086,15.315769,9.282580,3.198147,48.098274,94,0.685458,14,25,0,100.000000,0.754858,87.317073,2349.657744,1402.139708,2712.214248,-0.000000,12.156736
15120.000000,contribution,optical,hardware,1,1,1,0,priority,0.000500,180,15,hybrid,0.050000,4000.000000,6.087000,52.000000,500.000000,500.000000,2.000000,120.000000,0.400000,205,130,205,108,179,22,49,0,0,0,0,0,108,108,0,0,0.000000,1.000000,43.437977,clear-ocean,30.000000,60.000000,0.151000,1321,3714705,952.488462,6.299527,75,0,0,75,0,72,1,0,71,0,0,0,0,0,0,147,39,0,108,0,1,0,1,0,23,52,130,23,51,105,8.791027,224.996684,3894.397254,4.347826,1.923077,19.230769,1,0,0,3435008.445870,22.544812,121.193370,8395.136615,1109.806586,290.466108,222.772185,3432663.968582,3425108.771073,1623.044879,9899.674797,721.432410,0.032309,0.008456,0.006485,99.931748,0.021002,15.315769,9.282580,3.198147,48.006614,94,0.682738,14,25,0,100.000000,0.754858,87.317073,2349.657744,1396.575661,2626.107532,-0.000000,0.001977
15180.000000,contribution,optical,hardware,1,1,1,0,priority,0.000500,180,15,hybrid,0.050000,4000.000000,6.087000,52.000000,500.000000,500.000000,2.000000,120.000000,0.400000,205,130,205,108,179,22,49,0,0,0,0,0,108,108,0,0,0.000000,1.000000,43.437977,clear-ocean,30.000000,60.000000,0.151000,1321,3714705,952.488462,6.274628,75,0,0,75,0,72,1,0,71,0,0,0,0,0,0,147,39,0,108,0,1,0,1,0,23,52,130,23,51,105,8.791027,224.996684,3894.397254,4.347826,1.923077,19.230769,1,0,0,3448605.547343,22.544812,121.193370,8395.136615,1113.942756,291.500151,223.001972,3446255.670054,3438700.472546,1628.444879,9905.074797,721.432410,0.032301,0.008453,0.006466,99.931860,0.020920,15.315769,9.282580,3.198147,47.915679,94,0.680040,14,25,0,100.000000,0.754858,87.317073,2349.657744,1391.055599,2540.000815,0.000000,11.551806
15240.000000,contribution,optical,hardware,1,1,1,0,priority,0.000500,180,15,hybrid,0.050000,4000.000000,6.087000,52.000000,500.000000,500.000000,2.000000,120.000000,0.400000,205,130,205,108,179,22,49,0,0,0,0,0,108,108,0,0,0.000000,1.000000,43.437977,clear-ocean,30.000000,60.000000,0.151000,1321,3714705,952.488462,6.249924,75,0,0,75,0,72,1,0,71,0,0,0,0,0,0,147,39,0,108,0,1,0,1,0,23,52,130,23,51,105,8.791027,224.996684,3894.397254,4.347826,1.923077,19.230769,1,0,0,3462202.648815,22.544812,121.193370,8395.136615,1118.078926,292.534193,223.231759,3459847.371527,3452292.174018,1633.844879,9910.474797,721.432410,0.032294,0.008449,0.006448,99.931972,0.020837,15.315769,9.282580,3.198147,47.825459,94,0.677362,14,25,0,100.000000,0.754858,87.317073,2349.657744,1385.579003,2453.894099,0.000000,45.711080
15300.000000,contribution,optical,hardware,1,1,1,0,priority,0.000500,180,15,hybrid,0.050000,4000.000000,6.087000,52.000000,500.000000,500.000000,2.000000,120.000000,0.400000,205,130,205,108,179,22,49,0,0,0,0,0,108,108,0,0,0.000000,1.000000,43.437977,clear-ocean,30.000000,60.000000,0.151000,1321,3714705,952.488462,6.225415,75,0,0,75,0,72,1,0,71,0,0,0,0,0,0,147,39,0,108,0,1,0,1,0,23,52,130,23,51,105,8.791027,224.996684,3894.397254,4.347826,1.923077,19.230769,1,0,0,3475799.750288,22.544812,121.193370,8395.136615,1122.215097,293.568236,223.461547,3473439.072999,3465883.875491,1639.244879,9915.874797,721.432410,0.032287,0.008446,0.006429,99.932082,0.020756,15.315769,9.282580,3.198147,47.735948,94,0.674706,14,25,0,100.000000,0.754858,87.317073,2349.657744,1380.145359,2367.787383,0.000000,99.240846
15360.000000,contribution,optical,hardware,1,1,1,0,priority,0.000500,180,15,hybrid,0.050000,4000.000000,6.087000,52.000000,500.000000,500.000000,2.000000,120.000000,0.400000,205,130,205,108,179,22,49,0,0,0,0,0,108,108,0,0,0.000000,1.000000,43.437977,clear-ocean,30.000000,60.000000,0.151000,1321,3714705,952.488462,6.201097,75,0,0,75,0,72,1,0,71,0,0,0,0,0,0,147,39,0,108,0,1,0,1,0,23,52,130,23,51,105,8.791027,224.996684,3894.397254,4.347826,1.923077,19.230769,1,0,0,3489396.851760,22.544812,121.193370,8395.136615,1126.351267,294.602278,223.691334,3487030.774472,3479475.576963,1644.644879,9921.274797,721.432410,0.032279,0.008443,0.006411,99.932192,0.020675,15.315769,9.282580,3.198147,47.647135,94,0.672070,14,25,0,100.000000,0.754858,87.317073,2349.657744,1374.754167,2281.680667,0.000000,167.065460
15420.000000,contribution,optical,hardware,1,1,1,0,priority,0.000500,180,15,hybrid,0.050000,4000.000000,6.087000,52.000000,500.000000,500.000000,2.000000,120.000000,0.400000,205,130,205,108,179,22,49,0,0,0,0,0,108,108,0,0,0.000000,1.000000,43.437977,clear-ocean,30.000000,60.000000,0.151000,1321,3714705,952.488462,6.176968,75,0,0,75,0,72,1,0,71,0,0,0,0,0,0,147,39,0,108,0,1,0,1,0,23,52,130,23,51,105,8.791027,224.996684,3894.397254,4.347826,1.923077,19.230769,1,0,0,3502993.953233,22.544812,121.193370,8395.136615,1130.487437,295.636321,223.921121,3500622.475944,3493067.278436,1650.044879,9926.674797,721.432410,0.032272,0.008440,0.006392,99.932301,0.020595,15.315769,9.282580,3.198147,47.559014,94,0.669455,14,25,0,100.000000,0.754858,87.317073,2349.657744,1369.404929,2195.573951,0.000000,242.753854
15480.000000,contribution,optical,hardware,1,1,1,0,priority,0.000500,180,15,hybrid,0.050000,4000.000000,6.087000,52.000000,500.000000,500.000000,2.000000,120.000000,0.400000,205,130,205,108,179,22,49,0,0,0,0,0,108,108,0,0,0.000000,1.000000,43.437977,clear-ocean,30.000000,60.000000,0.151000,1321,3714705,952.488462,6.153026,75,0,0,75,0,72,1,0,71,0,0,0,0,0,0,147,39,0,108,0,1,0,1,0,23,52,130,23,51,105,8.791027,224.996684,3894.397254,4.347826,1.923077,19.230769,1,0,0,3516591.054705,22.544812,121.193370,8395.136615,1134.623607,296.670363,224.150908,3514214.177417,3506658.979908,1655.444879,9932.074797,721.432410,0.032265,0.008436,0.006374,99.932410,0.020515,15.315769,9.282580,3.198147,47.471576,94,0.666860,14,25,0,100.000000,0.754858,87.317073,2349.657744,1364.097158,2109.467235,0.000000,319.129320
15540.000000,contribution,optical,hardware,1,1,1,0,priority,0.000500,180,15,hybrid,0.050000,4000.000000,6.087000,52.000000,500.000000,500.000000,2.000000,120.000000,0.400000,205,130,205,108,179,22,49,0,0,0,0,0,108,108,0,0,0.000000,1.000000,43.437977,clear-ocean,30.000000,60.000000,0.151000,1321,3714705,952.488462,6.129269,75,0,0,75,0,72,1,0,71,0,0,0,0,0,0,147,39,0,108,0,1,0,1,0,23,52,130,23,51,105,8.791027,224.996684,3894.397254,4.347826,1.923077,19.230769,1,0,0,3530188.156178,22.544812,121.193370,8395.136615,1138.759777,297.704406,224.380695,3527805.878889,3520250.681381,1660.844879,9937.474797,721.432410,0.032258,0.008433,0.006356,99.932517,0.020436,15.315769,9.282580,3.198147,47.384813,94,0.664286,14,25,0,100.000000,0.754858,87.317073,2349.657744,1358.830373,2023.360519,0.000000,388.950006
15600.000000,contribution,optical,hardware,1,1,1,0,priority,0.000500,180,15,hybrid,0.050000,4000.000000,6.087000,52.000000,500.000000,500.000000,2.000000,120.000000,0.400000,205,130,205,108,179,22,49,0,0,0,0,0,108,108,0,0,0.000000,1.000000,43.437977,clear-ocean,30.000000,60.000000,0.151000,1321,3714705,952.488462,6.105695,75,0,0,75,0,72,1,0,71,0,0,0,0,0,0,147,39,0,108,0,1,0,1,0,23,52,130,23,51,105,8.791027,224.996684,3894.397254,4.347826,1.923077,19.230769,1,0,0,3543785.257650,22.544812,121.193370,8395.136615,1142.895948,298.738448,224.610483,3541397.580362,3533842.382853,1666.244879,9942.874797,721.432410,0.032251,0.008430,0.006338,99.932624,0.020358,15.315769,9.282580,3.198147,47.298718,94,0.661731,14,25,0,100.000000,0.754858,87.317073,2349.657744,1353.604103,1937.253802,0.000000,445.595577
15660.000000,contribution,optical,hardware,1,1,1,0,priority,0.000500,180,15,hybrid,0.050000,4000.000000,6.087000,52.000000,500.000000,500.000000,2.000000,120.000000,0.400000,205,130,205,108,179,22,49,0,0,0,0,0,108,108,0,0,0.000000,1.000000,43.437977,clear-ocean,30.000000,60.000000,0.151000,1321,3714705,952.488462,6.082302,75,0,0,75,0,72,1,0,71,0,0,0,0,0,0,147,39,0,108,0,1,0,1,0,23,52,130,23,51,105,8.791027,224.996684,3894.397254,4.347826,1.923077,19.230769,1,0,0,3557382.359123,22.544812,121.193370,8395.136615,1147.032118,299.772491,224.840270,3554989.281834,3547434.084326,1671.644879,9948.274797,721.432410,0.032244,0.008427,0.006320,99.932729,0.020280,15.315769,9.282580,3.198147,47.213282,94,0.659195,14,25,0,100.000000,0.754858,87.317073,2349.657744,1348.417880,1851.147086,0.000000,483.694950
15720.000000,contribution,optical,hardware,1,1,1,0,priority,0.000500,180,15,hybrid,0.050000,4000.000000,6.087000,52.000000,500.000000,500.000000,2.000000,120.000000,0.400000,205,130,205,122,180,22,49,0,0,0,0,0,122,122,0,0,0.000000,1.000000,43.395621,clear-ocean,30.000000,60.000000,0.151000,1329,3744129,960.033077,6.107081,75,0,0,75,0,72,1,0,71,0,0,0,0,0,0,149,39,0,109,1,1,0,1,0,23,52,130,23,51,106,8.791027,224.996684,3976.331629,4.347826,1.923077,18.461538,1,0,0,3571073.040698,22.544812,121.193370,8488.716718,1151.168288,300.806534,241.870057,3568652.543512,3561025.785798,1693.844879,10047.254900,726.652308,0.032236,0.008423,0.006773,99.932219,0.020348,15.315769,9.282580,3.203289,47.120547,94,0.664059,14,11,12,100.000000,0.754858,87.804878,2406.489873,1355.993893,1765.040370,0.000000,499.635578
15780.000000,contribution,optical,hardware,1,1,1,0,priority,0.000500,180,15,hybrid,0.050000,4000.000000,6.087000,52.000000,500.000000,500.000000,2.000000,120.000000,0.400000,205,130,205,122,185,22,49,0,0,0,0,0,122,122,0,0,0.000000,1.000000,43.395621,clear-ocean,30.000000,60.000000,0.151000,1372,3899988,999.996923,6.337116,75,0,0,75,0,72,1,0,71,0,0,0,0,0,0,155,40,0,114,1,1,0,1,0,23,52,130,23,51,111,8.791027,224.996684,4359.177164,4.347826,1.923077,14.615385,1,0,0,3585020.307299,22.544812,121.193370,8838.881846,1155.304458,301.840576,242.099844,3582563.972164,3574617.487271,1699.244879,10402.820028,757.090256,0.032226,0.008419,0.006753,99.931483,0.021118,15.315769,9.282580,3.185183,46.983207,94,0.695754,14,11,7,100.000000,0.754858,90.243902,2678.625350,1414.209379,1678.933654,-0.000000,491.905983
15840.000000,contribution,optical,hardware,1,1,1,0,priority,0.000500,180,15,hybrid,0.050000,4000.000000,6.087000,52.000000,500.000000,500.000000,2.000000,120.000000,0.400000,205,130,205,122,187,22,49,0,0,0,0,0,122,122,0,0,0.000000,1.000000,43.395621,clear-ocean,30.000000,60.000000,0.151000,1404,4017684,1030.175385,6.503632,75,0,0,75,0,72,1,0,71,0,0,0,0,0,0,159,42,0,116,1,1,0,1,0,23,52,130,23,51,113,8.791027,224.996684,4502.529599,4.347826,1.923077,13.076923,1,0,0,3598881.354207,22.544812,121.193370,9102.827282,1159.440628,302.874619,242.329632,3596397.107893,3588209.188743,1704.644879,10672.165464,779.601436,0.032217,0.008416,0.006733,99.930972,0.021662,15.315769,9.282580,3.222240,46.846907,94,0.717235,14,11,5,100.000000,0.754858,91.219512,2783.223899,1434.105051,1592.826938,-0.000000,461.239079
15900.000000,contribution,optical,hardware,1,1,1,0,priority,0.000500,180,15,hybrid,0.050000,4000.000000,6.087000,52.000000,500.000000,500.000000,2.000000,120.000000,0.400000,205,130,205,122,193,22,49,0,0,0,0,0,122,122,0,0,0.000000,1.000000,43.395621,clear-ocean,30.000000,60.000000,0.151000,1440,4144584,1062.713846,6.683735,75,0,0,75,0,72,1,0,71,0,0,0,0,0,0,164,42,0,122,0,1,0,1,0,23,52,130,23,51,119,8.791027,224.996684,4902.890955,4.347826,1.923077,8.461538,1,0,0,3612766.707987,22.544812,121.193370,9391.079590,1163.576799,303.908661,242.559419,3610249.136750,3601800.890216,1710.044879,10965.817772,807.526359,0.032207,0.008412,0.006714,99.930315,0.022352,15.315769,9.282580,3.156665,46.711635,94,0.720503,14,11,0,100.000000,0.754858,94.146341,3083.528747,1504.165031,1506.720222,-0.000000,410.542675
15960.000000,contribution,optical,hardware,1,1,1,0,priority,0.000500,180,15,hybrid,0.050000,4000.000000,6.087000,52.000000,500.000000,500.000000,2.000000,120.000000,0.400000,205,130,205,122,193,22,49,0,0,0,0,0,122,122,0,0,0.000000,1.000000,43.395621,clear-ocean,30.000000,60.000000,0.151000,1440,4144584,1062.713846,6.658608,75,0,0,75,0,72,1,0,71,0,0,0,0,0,0,164,42,0,122,0,1,0,1,0,23,52,130,23,51,119,8.791027,224.996684,4902.890955,4.347826,1.923077,8.461538,1,0,0,3626363.809460,22.544812,121.193370,9391.079590,1167.712969,304.942704,242.789206,3623840.838223,3615392.591688,1715.444879,10971.217772,807.526359,0.032201,0.008409,0.006695,99.930427,0.022268,15.315769,9.282580,3.156665,46.577381,94,0.717794,14,11,0,100.000000,0.754858,94.146341,3083.528747,1498.510276,1420.613506,-0.000000,344.623758
16020.000000,contribution,optical,hardware,1,1,1,0,priority,0.000500,180,15,hybrid,0.050000,4000.000000,6.087000,52.000000,500.000000,500.000000,2.000000,120.000000,0.400000,205,130,205,122,193,22,49,0,0,0,0,0,122,122,0,0,0.000000,1.000000,43.395621,clear-ocean,30.000000,60.000000,0.151000,1440,4144584,1062.713846,6.633669,75,0,0,75,0,72,1,0,71,0,0,0,0,0,0,164,42,0,122,0,1,0,1,0,23,52,130,23,51,119,8.791027,224.996684,4902.890955,4.347826,1.923077,8.461538,1,0,0,3639960.910932,22.544812,121.193370,9391.079590,1171.849139,305.976746,243.018993,3637432.539695,3628984.293161,1720.844879,10976.617772,807.526359,0.032194,0.008406,0.006676,99.930539,0.022185,15.315769,9.282580,3.156665,46.444132,94,0.715106,14,11,0,100.000000,0.754858,94.146341,3083.528747,1492.897878,1334.506789,-0.000000,269.732701
16080.000000,contribution,optical,hardware,1,1,1,0,priority,0.000500,180,15,hybrid,0.050000,4000.000000,6.087000,52.000000,500.000000,500.000000,2.000000,120.000000,0.400000,205,130,205,122,193,22,49,0,0,0,0,0,122,122,0,0,0.000000,1.000000,43.395621,clear-ocean,30.000000,60.000000,0.151000,1440,4144584,1062.713846,6.608917,75,0,0,75,0,72,1,0,71,0,0,0,0,0,0,164,42,0,122,0,1,0,1,0,23,52,130,23,51,119,8.791027,224.996684,4902.890955,4.347826,1.923077,8.461538,1,0,0,3653558.012405,22.544812,121.193370,9391.079590,1175.985309,307.010789,243.248781,3651024.241168,3642575.994633,1726.244879,10982.017772,807.526359,0.032187,0.008403,0.006658,99.930649,0.022102,15.315769,9.282580,3.156665,46.311878,94,0.712438,14,11,0,100.000000,0.754858,94.146341,3083.528747,1487.327363,1248.400073,-0.000000,192.970607
16140.000000,contribution,optical,hardware,1,1,1,0,priority,0.000500,180,15,hybrid,0.050000,4000.000000,6.087000,52.000000,500.000000,500.000000,2.000000,120.000000,0.400000,205,130,205,122,193,22,49,0,0,0,0,0,122,122,0,0,0.000000,1.000000,43.395621,clear-ocean,30.000000,60.000000,0.151000,1440,4144584,1062.713846,6.584348,75,0,0,75,0,72,1,0,71,0,0,0,0,0,0,164,42,0,122,0,1,0,1,0,23,52,130,23,51,119,8.791027,224.996684,4902.890955,4.347826,1.923077,8.461538,1,0,0,3667155.113877,22.544812,121.193370,9391.079590,1180.121480,308.044831,243.478568,3664615.942640,3656167.696106,1731.644879,10987.417772,807.526359,0.032181,0.008400,0.006639,99.930759,0.022021,15.315769,9.282580,3.156665,46.180607,94,0.709789,14,11,0,100.000000,0.754858,94.146341,3083.528747,1481.798265,1162.293357,-0.000000,121.615989
16200.000000,contribution,optical,hardware,1,1,1,0,priority,0.000500,180,15,hybrid,0.050000,4000.000000,6.087000,52.000000,500.000000,500.000000,2.000000,120.000000,0.400000,205,130,205,122,193,22,49,0,0,0,0,0,122,122,0,0,0.000000,1.000000,43.395621,clear-ocean,30.000000,60.000000,0.151000,1440,4144584,1062.713846,6.559962,75,0,0,75,0,72,1,0,71,0,0,0,0,0,0,164,42,0,122,0,1,0,1,0,23,52,130,23,51,119,8.791027,224.996684,4902.890955,4.347826,1.923077,8.461538,1,0,0,3680752.215350,22.544812,121.193370,9391.079590,1184.257650,309.078874,243.708355,3678207.644113,3669759.397578,1737.044879,10992.817772,807.526359,0.032174,0.008397,0.006621,99.930868,0.021939,15.315769,9.282580,3.156665,46.050309,94,0.707160,14,11,0,100.000000,0.754858,94.146341,3083.528747,1476.310123,1076.186641,-0.000000,62.434628
16260.000000,contribution,optical,hardware,1,1,1,0,priority,0.000500,180,15,hybrid,0.050000,4000.000000,6.087000,52.000000,500.000000,500.000000,2.000000,120.000000,0.400000,205,130,205,122,193,22,49,0,0,0,0,0,122,122,0,0,0.000000,1.000000,43.395621,clear-ocean,30.000000,60.000000,0.151000,1440,4144584,1062.713846,6.535756,75,0,0,75,0,72,1,0,71,0,0,0,0,0,0,164,42,0,122,0,1,0,1,0,23,52,130,23,51,119,8.791027,224.996684,4902.890955,4.347826,1.923077,8.461538,1,0,0,3694349.316822,22.544812,121.193370,9391.079590,1188.393820,310.112917,243.938142,3691799.345585,3683351.099051,1742.444879,10998.217772,807.526359,0.032168,0.008394,0.006603,99.930976,0.021858,15.315769,9.282580,3.156665,45.920972,94,0.704551,14,11,0,100.000000,0.754858,94.146341,3083.528747,1470.862485,990.079925,-0.000000,21.038048
16320.000000,contribution,optical,hardware,1,1,1,0,priority,0.000500,180,15,hybrid,0.050000,4000.000000,6.087000,52.000000,500.000000,500.000000,2.000000,120.000000,0.400000,205,130,205,122,193,22,49,0,0,0,0,0,122,122,0,0,0.000000,1.000000,43.395621,clear-ocean,30.000000,60.000000,0.151000,1440,4144584,1062.713846,6.511727,75,0,0,75,0,72,1,0,71,0,0,0,0,0,0,164,42,0,122,0,1,0,1,0,23,52,130,23,51,119,8.791027,224.996684,4902.890955,4.347826,1.923077,8.461538,1,0,0,3707946.418295,22.544812,121.193370,9391.079590,1192.529990,311.146959,244.167930,3705391.047058,3696942.800523,1747.844879,11003.617772,807.526359,0.032161,0.008391,0.006585,99.931084,0.021778,15.315769,9.282580,3.156665,45.792586,94,0.701961,14,11,0,100.000000,0.754858,94.146341,3083.528747,1465.454902,903.973209,-0.000000,1.351435
16380.000000,contribution,optical,hardware,1,1,1,0,priority,0.000500,180,15,hybrid,0.050000,4000.000000,6.087000,52.000000,500.000000,500.000000,2.000000,120.000000,0.400000,205,130,205,122,193,22,49,0,0,0,0,0,122,122,0,0,0.000000,1.000000,43.395621,clear-ocean,30.000000,60.000000,0.151000,1440,4144584,1062.713846,6.487875,75,0,0,75,0,72,1,0,71,0,0,0,0,0,0,164,42,0,122,0,1,0,1,0,23,52,130,23,51,119,8.791027,224.996684,4902.890955,4.347826,1.923077,8.461538,1,0,0,3721543.519767,22.544812,121.193370,9391.079590,1196.666160,312.181002,244.397717,3718982.748530,3710534.501996,1753.244879,11009.017772,807.526359,0.032155,0.008388,0.006567,99.931191,0.021699,15.315769,9.282580,3.156665,45.665140,94,0.699389,14,11,0,100.000000,0.754858,94.146341,3083.528747,1460.086935,817.866493,0.000000,5.241457
16440.000000,contribution,optical,hardware,1,1,1,0,priority,0.000500,180,15,hybrid,0.050000,4000.000000,6.087000,52.000000,500.000000,500.000000,2.000000,120.000000,0.400000,205,130,205,122,193,22,49,0,0,0,0,0,122,122,0,0,0.000000,1.000000,43.395621,clear-ocean,30.000000,60.000000,0.151000,1440,4144584,1062.713846,6.464196,75,0,0,75,0,72,1,0,71,0,0,0,0,0,0,164,42,0,122,0,1,0,1,0,23,52,130,23,51,119,8.791027,224.996684,4902.890955,4.347826,1.923077,8.461538,1,0,0,3735140.621240,22.544812,121.193370,9391.079590,1200.802331,313.215044,244.627504,3732574.450003,3724126.203468,1758.644879,11014.417772,807.526359,0.032149,0.008386,0.006549,99.931297,0.021620,15.315769,9.282580,3.156665,45.538625,94,0.696837,14,11,0,100.000000,0.754858,94.146341,3083.528747,1454.758151,731.759776,0.000000,32.339264
16500.000000,contribution,optical,hardware,1,1,1,0,priority,0.000500,180,15,hybrid,0.050000,4000.000000,6.087000,52.000000,500.000000,500.000000,2.000000,120.000000,0.400000,205,130,205,122,193,22,49,0,0,0,0,0,122,122,0,0,0.000000,1.000000,43.395621,clear-ocean,30.000000,60.000000,0.151000,1440,4144584,1062.713846,6.440690,75,0,0,75,0,72,1,0,71,0,0,0,0,0,0,164,42,0,122,0,1,0,1,0,23,52,130,23,51,119,8.791027,224.996684,4902.890955,4.347826,1.923077,8.461538,1,0,0,3748737.722712,22.544812,121.193370,9391.079590,1204.938501,314.249087,244.857291,3746166.151475,3737717.904941,1764.044879,11019.817772,807.526359,0.032143,0.008383,0.006532,99.931402,0.021541,15.315769,9.282580,3.156665,45.413030,94,0.694303,14,11,0,100.000000,0.754858,94.146341,3083.528747,1449.468121,645.653060,0.000000,80.075468
16560.000000,contribution,optical,hardware,1,1,1,0,priority,0.000500,180,15,hybrid,0.050000,4000.000000,6.087000,52.000000,500.000000,500.000000,2.000000,120.000000,0.400000,205,130,205,122,193,22,49,0,0,0,0,0,122,122,0,0,0.000000,1.000000,43.395621,clear-ocean,30.000000,60.000000,0.151000,1440,4144584,1062.713846,6.417354,75,0,0,75,0,72,1,0,71,0,0,0,0,0,0,164,42,0,122,0,1,0,1,0,23,52,130,23,51,119,8.791027,224.996684,4902.890955,4.347826,1.923077,8.461538,1,0,0,3762334.824185,22.544812,121.193370,9391.079590,1209.074671,315.283129,245.087078,3759757.852948,3751309.606413,1769.444879,11025.217772,807.526359,0.032136,0.008380,0.006514,99.931506,0.021463,15.315769,9.282580,3.156665,45.288345,94,0.691787,14,11,0,100.000000,0.754858,94.146341,3083.528747,1444.216425,559.546344,0.000000,143.923764
16620.000000,contribution,optical,hardware,1,1,1,0,priority,0.000500,180,15,hybrid,0.050000,4000.000000,6.087000,52.000000,500.000000,500.000000,2.000000,120.000000,0.400000,205,130,205,122,193,22,49,0,0,0,0,0,122,122,0,0,0.000000,1.000000,43.395621,clear-ocean,30.000000,60.000000,0.151000,1440,4144584,1062.713846,6.394187,75,0,0,75,0,72,1,0,71,0,0,0,0,0,0,164,42,0,122,0,1,0,1,0,23,52,130,23,51,119,8.791027,224.996684,4902.890955,4.347826,1.923077,8.461538,1,0,0,3775931.925657,22.544812,121.193370,9391.079590,1213.210841,316.317172,245.316866,3773349.554420,3764901.307886,1774.844879,11030.617772,807.526359,0.032130,0.008377,0.006497,99.931610,0.021386,15.315769,9.282580,3.156665,45.164561,94,0.689290,14,11,0,100.000000,0.754858,94.146341,3083.528747,1439.002647,473.439628,0.000000,217.830114
16680.000000,contribution,optical,hardware,1,1,1,0,priority,0.000500,180,15,hybrid,0.050000,4000.000000,6.087000,52.000000,500.000000,500.000000,2.000000,120.000000,0.400000,205,130,205,122,193,22,49,0,0,0,0,0,122,122,0,0,0.000000,1.000000,43.395621,clear-ocean,30.000000,60.000000,0.151000,1440,4144584,1062.713846,6.371186,75,0,0,75,0,72,1,0,71,0,0,0,0,0,0,164,42,0,122,0,1,0,1,0,23,52,130,23,51,119,8.791027,224.996684,4902.890955,4.347826,1.923077,8.461538,1,0,0,3789529.027130,22.544812,121.193370,9391.079590,1217.347011,317.351214,245.546653,3786941.255893,3778493.009358,1780.244879,11036.017772,807.526359,0.032124,0.008374,0.006480,99.931713,0.021309,15.315769,9.282580,3.156665,45.041667,94,0.686811,14,11,0,100.000000,0.754858,94.146341,3083.528747,1433.826379,387.332912,0.000000,294.786783
16740.000000,contribution,optical,hardware,1,1,1,0,priority,0.000500,180,15,hybrid,0.050000,4000.000000,6.087000,52.000000,500.000000,500.000000,2.000000,120.000000,0.400000,205,130,205,122,193,22,49,0,0,0,0,0,122,122,0,0,0.000000,1.000000,43.395621,clear-ocean,30.000000,60.000000,0.151000,1440,4144584,1062.713846,6.348350,75,0,0,75,0,72,1,0,71,0,0,0,0,0,0,164,42,0,122,0,1,0,1,0,23,52,130,23,51,119,8.791027,224.996684,4902.890955,4.347826,1.923077,8.461538,1,0,0,3803126.128602,22.544812,121.193370,9391.079590,1221.483182,318.385257,245.776440,3800532.957365,3792084.710831,1785.644879,11041.417772,807.526359,0.032118,0.008372,0.006462,99.931815,0.021233,15.315769,9.282580,3.156665,44.919654,94,0.684349,14,11,0,100.000000,0.754858,94.146341,3083.528747,1428.687216,301.226196,0.000000,367.496810
16800.000000,contribution,optical,hardware,1,1,1,0,priority,0.000500,180,15,hybrid,0.050000,4000.000000,6.087000,52.000000,500.000000,500.000000,2.000000,120.000000,0.400000,205,130,205,122,193,22,49,0,0,0,0,0,122,122,0,0,0.000000,1.000000,43.395621,clear-ocean,30.000000,60.000000,0.151000,1440,4144584,1062.713846,6.325678,75,0,0,75,0,72,1,0,71,0,0,0,0,0,0,164,42,0,122,0,1,0,1,0,23,52,130,23,51,119,8.791027,224.996684,4902.890955,4.347826,1.923077,8.461538,1,0,0,3816723.230075,22.544812,121.193370,9391.079590,1225.619352,319.419300,246.006227,3814124.658838,3805676.412303,1791.044879,11046.817772,807.526359,0.032112,0.008369,0.006445,99.931916,0.021158,15.315769,9.282580,3.156665,44.798512,94,0.681905,14,11,0,100.000000,0.754858,94.146341,3083.528747,1423.584762,215.119480,0.000000,429.065895
16860.000000,contribution,optical,hardware,1,1,1,0,priority,0.000500,180,15,hybrid,0.050000,4000.000000,6.087000,52.000000,500.000000,500.000000,2.000000,120.000000,0.400000,205,130,205,122,193,22,49,0,0,0,0,0,122,122,0,0,0.000000,1.000000,43.395621,clear-ocean,30.000000,60.000000,0.151000,1440,4144584,1062.713846,6.303166,75,0,0,75,0,72,1,0,71,0,0,0,0,0,0,164,42,0,122,0,1,0,1,0,23,52,130,23,51,119,8.791027,224.996684,4902.890955,4.347826,1.923077,8.461538,1,0,0,3830320.331547,22.544812,121.193370,9391.079590,1229.755522,320.453342,246.236015,3827716.360310,3819268.113776,1796.444879,11052.217772,807.526359,0.032106,0.008366,0.006429,99.932017,0.021082,15.315769,9.282580,3.156665,44.678233,94,0.679478,14,11,0,100.000000,0.754858,94.146341,3083.528747,1418.518624,129.012763,0.000000,473.656111
16920.000000,contribution,optical,hardware,1,1,1,0,priority,0.000500,180,15,hybrid,0.050000,4000.000000,6.087000,52.000000,500.000000,500.000000,2.000000,120.000000,0.400000,205,130,205,122,193,22,49,0,0,0,0,0,122,122,0,0,0.000000,1.000000,43.395621,clear-ocean,30.000000,60.000000,0.151000,1440,4144584,1062.713846,6.280815,75,0,0,75,0,72,1,0,71,0,0,0,0,0,0,164,42,0,122,0,1,0,1,0,23,52,130,23,51,119,8.791027,224.996684,4902.890955,4.347826,1.923077,8.461538,1,0,0,3843917.433020,22.544812,121.193370,9391.079590,1233.891692,321.487385,246.465802,3841308.061783,3832859.815248,1801.844879,11057.617772,807.526359,0.032100,0.008364,0.006412,99.932117,0.021008,15.315769,9.282580,3.156665,44.558806,94,0.677069,14,11,0,100.000000,0.754858,94.146341,3083.528747,1413.488416,42.906047,0.000000,497.039455
16980.000000,contribution,optical,hardware,1,1,1,0,priority,0.000500,180,15,hybrid,0.050000,4000.000000,6.087000,52.000000,500.000000,500.000000,2.000000,120.000000,0.400000,205,130,205,133,196,22,49,0,0,0,0,0,133,133,0,0,0.000000,1.000000,43.417116,clear-ocean,30.000000,60.000000,0.151000,1473,4266417,1093.953077,6.442598,75,0,0,75,0,72,1,0,71,0,0,0,0,0,0,169,43,0,125,1,1,0,1,0,23,52,130,23,51,122,8.791027,224.996684,5198.897098,4.347826,1.923077,6.153846,1,0,0,3857808.153569,22.544812,121.193370,9684.698667,1238.027863,322.521427,259.895589,3855158.486948,3846451.516721,1820.444879,11356.636848,829.221744,0.032091,0.008360,0.006737,99.931317,0.021495,15.315769,9.282580,3.175311,44.408481,94,0.701472,14,0,7,100.000000,0.754858,95.609756,3295.624849,1443.829446,43.200669,0.000000,496.998739
17040.000000,contribution,optical,hardware,1,1,1,0,priority,0.000500,180,15,hybrid,0.050000,4000.000000,6.087000,52.000000,500.000000,500.000000,2.000000,120.000000,0.400000,205,130,205,133,197,22,49,0,0,0,0,0,133,133,0,0,0.000000,1.000000,43.417116,clear-ocean,30.000000,60.000000,0.151000,1496,4346880,1114.584615,6.540990,75,0,0,75,0,72,1,0,71,0,0,0,0,0,0,172,45,0,126,1,1,0,1,0,23,52,130,23,51,123,8.791027,224.996684,5293.939968,4.347826,1.923077,5.384615,1,0,0,3871586.000067,22.544812,121.193370,9865.443692,1242.164033,323.555470,260.125376,3868915.244010,3860043.218193,1825.844879,11542.781874,844.911179,0.032084,0.008357,0.006719,99.931016,0.021823,15.315769,9.282580,3.208274,44.252113,94,0.722653,14,0,6,100.000000,0.754858,96.097561,3364.627617,1450.482629,129.307385,0.000000,473.537824
17100.000000,contribution,optical,hardware,1,1,1,0,priority,0.000500,180,15,hybrid,0.050000,4000.000000,6.087000,52.000000,500.000000,500.000000,2.000000,120.000000,0.400000,205,130,205,133,201,22,49,0,0,0,0,0,133,133,0,0,0.000000,1.000000,43.417116,clear-ocean,30.000000,60.000000,0.151000,1537,4498137,1153.368462,6.744845,75,0,0,75,0,72,1,0,71,0,0,0,0,0,0,178,47,0,130,1,1,0,1,0,23,52,130,23,51,127,8.791027,224.996684,5618.344177,4.347826,1.923077,2.307692,1,0,0,3885521.997950,22.544812,121.193370,10204.340103,1246.300203,324.589512,260.355164,3882817.229380,3873634.919666,1831.244879,11887.078284,873.523692,0.032075,0.008354,0.006701,99.930389,0.022482,15.315769,9.282580,3.213965,44.096842,94,0.733684,14,0,2,100.000000,0.754858,98.048780,3607.993707,1492.176842,215.414101,0.000000,428.881252
17160.000000,contribution,optical,hardware,1,1,1,0,priority,0.000500,180,15,hybrid,0.050000,4000.000000,6.087000,52.000000,500.000000,500.000000,2.000000,120.000000,0.400000,205,130,205,133,204,22,49,0,0,0,0,0,133,133,0,0,0.000000,1.000000,43.417116,clear-ocean,30.000000,60.000000,0.151000,1552,4549176,1166.455385,6.797526,75,0,0,75,0,72,1,0,71,0,0,0,0,0,0,180,47,0,133,0,1,0,1,0,23,52,130,23,51,130,8.791027,224.996684,5816.851288,4.347826,1.923077,0.000000,1,0,0,3899236.069884,22.544812,121.193370,10321.310564,1250.436373,325.623555,260.584951,3896513.636083,3887226.621138,1836.644879,12009.448746,885.788923,0.032069,0.008351,0.006683,99.930180,0.022717,15.315769,9.282580,3.175788,43.942657,94,0.731935,14,0,0,100.000000,0.754858,99.512195,3764.057314,1521.924476,301.520817,0.000000,367.263320
17220.000000,contribution,optical,hardware,1,1,1,0,priority,0.000500,180,15,hybrid,0.050000,4000.000000,6.087000,52.000000,500.000000,500.000000,2.000000,120.000000,0.400000,205,130,205,133,204,22,49,0,0,0,0,0,133,133,0,0,0.000000,1.000000,43.417116,clear-ocean,30.000000,60.000000,0.151000,1552,4549176,1166.455385,6.773841,75,0,0,75,0,72,1,0,71,0,0,0,0,0,0,180,47,0,133,0,1,0,1,0,23,52,130,23,51,130,8.791027,224.996684,5816.851288,4.347826,1.923077,0.000000,1,0,0,3912833.171357,22.544812,121.193370,10321.310564,1254.572543,326.657597,260.814738,3910105.337555,3900818.322611,1842.044879,12014.848746,885.788923,0.032063,0.008348,0.006666,99.930285,0.022638,15.315769,9.282580,3.175788,43.789547,94,0.729384,14,0,0,100.000000,0.754858,99.512195,3764.057314,1516.621603,387.627533,0.000000,294.526585
17280.000000,contribution,optical,hardware,1,1,1,0,priority,0.000500,180,15,hybrid,0.050000,4000.000000,6.087000,52.000000,500.000000,500.000000,2.000000,120.000000,0.400000,205,130,205,133,204,22,49,0,0,0,0,0,133,133,0,0,0.000000,1.000000,43.417116,clear-ocean,30.000000,60.000000,0.151000,1552,4549176,1166.455385,6.750321,75,0,0,75,0,72,1,0,71,0,0,0,0,0,0,180,47,0,133,0,1,0,1,0,23,52,130,23,51,130,8.791027,224.996684,5816.851288,4.347826,1.923077,0.000000,1,0,0,3926430.272829,22.544812,121.193370,10321.310564,1258.708714,327.691640,261.044525,3923697.039028,3914410.024083,1847.444879,12020.248746,885.788923,0.032057,0.008346,0.006648,99.930389,0.022560,15.315769,9.282580,3.175788,43.637500,94,0.726852,14,0,0,100.000000,0.754858,99.512195,3764.057314,1511.355556,473.734250,0.000000,217.567879
17340.000000,contribution,optical,hardware,1,1,1,0,priority,0.000500,180,15,hybrid,0.050000,4000.000000,6.087000,52.000000,500.000000,500.000000,2.000000,120.000000,0.400000,205,130,205,133,204,22,49,0,0,0,0,0,133,133,0,0,0.000000,1.000000,43.417116,clear-ocean,30.000000,60.000000,0.151000,1552,4549176,1166.455385,6.726963,75,0,0,75,0,72,1,0,71,0,0,0,0,0,0,180,47,0,133,0,1,0,1,0,23,52,130,23,51,130,8.791027,224.996684,5816.851288,4.347826,1.923077,0.000000,1,0,0,3940027.374302,22.544812,121.193370,10321.310564,1262.844884,328.725682,261.274312,3937288.740500,3928001.725556,1852.844879,12025.648746,885.788923,0.032052,0.008343,0.006631,99.930492,0.022482,15.315769,9.282580,3.175788,43.486505,94,0.724337,14,0,0,100.000000,0.754858,99.512195,3764.057314,1506.125952,559.840966,0.000000,143.684357
17400.000000,contribution,optical,hardware,1,1,1,0,priority,0.000500,180,15,hybrid,0.050000,4000.000000,6.087000,52.000000,500.000000,500.000000,2.000000,120.000000,0.400000,205,130,205,133,204,22,49,0,0,0,0,0,133,133,0,0,0.000000,1.000000,43.417116,clear-ocean,30.000000,60.000000,0.151000,1552,4549176,1166.455385,6.703767,75,0,0,75,0,72,1,0,71,0,0,0,0,0,0,180,47,0,133,0,1,0,1,0,23,52,130,23,51,130,8.791027,224.996684,5816.851288,4.347826,1.923077,0.000000,1,0,0,3953624.475774,22.544812,121.193370,10321.310564,1266.981054,329.759725,261.504100,3950880.441973,3941593.427028,1858.244879,12031.048746,885.788923,0.032046,0.008341,0.006614,99.930594,0.022404,15.315769,9.282580,3.175788,43.336552,94,0.721839,14,0,0,100.000000,0.754858,99.512195,3764.057314,1500.932414,645.947682,0.000000,79.881590
17460.000000,contribution,optical,hardware,1,1,1,0,priority,0.000500,180,15,hybrid,0.050000,4000.000000,6.087000,52.000000,500.000000,500.000000,2.000000,120.000000,0.400000,205,130,205,133,204,22,49,0,0,0,0,0,133,133,0,0,0.000000,1.000000,43.417116,clear-ocean,30.000000,60.000000,0.151000,1552,4549176,1166.455385,6.680730,75,0,0,75,0,72,1,0,71,0,0,0,0,0,0,180,47,0,133,0,1,0,1,0,23,52,130,23,51,130,8.791027,224.996684,5816.851288,4.347826,1.923077,0.000000,1,0,0,3967221.577246,22.544812,121.193370,10321.310564,1271.117224,330.793768,261.733887,3964472.143445,3955185.128501,1863.644879,12036.448746,885.788923,0.032040,0.008338,0.006597,99.930696,0.022328,15.315769,9.282580,3.175788,43.187629,94,0.719359,14,0,0,100.000000,0.754858,99.512195,3764.057314,1495.774570,732.054398,0.000000,32.209298
17520.000000,contribution,optical,hardware,1,1,1,0,priority,0.000500,180,15,hybrid,0.050000,4000.000000,6.087000,52.000000,500.000000,500.000000,2.000000,120.000000,0.400000,205,130,205,133,204,22,49,0,0,0,0,0,133,133,0,0,0.000000,1.000000,43.417116,clear-ocean,30.000000,60.000000,0.151000,1552,4549176,1166.455385,6.657850,75,0,0,75,0,72,1,0,71,0,0,0,0,0,0,180,47,0,133,0,1,0,1,0,23,52,130,23,51,130,8.791027,224.996684,5816.851288,4.347826,1.923077,0.000000,1,0,0,3980818.678719,22.544812,121.193370,10321.310564,1275.253394,331.827810,261.963674,3978063.844918,3968776.829973,1869.044879,12041.848746,885.788923,0.032035,0.008336,0.006581,99.930797,0.022251,15.315769,9.282580,3.175788,43.039726,94,0.716895,14,0,0,100.000000,0.754858,99.512195,3764.057314,1490.652055,818.161114,0.000000,5.187726
17580.000000,contribution,optical,hardware,1,1,1,0,priority,0.000500,180,15,hybrid,0.050000,4000.000000,6.087000,52.000000,500.000000,500.000000,2.000000,120.000000,0.400000,205,130,205,133,204,22,49,0,0,0,0,0,133,133,0,0,0.000000,1.000000,43.417116,clear-ocean,30.000000,60.000000,0.151000,1552,4549176,1166.455385,6.635127,75,0,0,75,0,72,1,0,71,0,0,0,0,0,0,180,47,0,133,0,1,0,1,0,23,52,130,23,51,130,8.791027,224.996684,5816.851288,4.347826,1.923077,0.000000,1,0,0,3994415.780191,22.544812,121.193370,10321.310564,1279.389565,332.861853,262.193461,3991655.546390,3982368.531446,1874.444879,12047.248746,885.788923,0.032029,0.008333,0.006564,99.930898,0.022176,15.315769,9.282580,3.175788,42.892833,94,0.714448,14,0,0,100.000000,0.754858,99.512195,3764.057314,1485.564505,904.267830,-0.000000,1.379034
17640.000000,contribution,optical,hardware,1,1,1,0,priority,0.000500,180,15,hybrid,0.050000,4000.000000,6.087000,52.000000,500.000000,500.000000,2.000000,120.000000,0.400000,205,130,205,133,204,22,49,0,0,0,0,0,133,133,0,0,0.000000,1.000000,43.417116,clear-ocean,30.000000,60.000000,0.151000,1552,4549176,1166.455385,6.612559,75,0,0,75,0,72,1,0,71,0,0,0,0,0,0,180,47,0,133,0,1,0,1,0,23,52,130,23,51,130,8.791027,224.996684,5816.851288,4.347826,1.923077,0.000000,1,0,0,4008012.881664,22.544812,121.193370,10321.310564,1283.525735,333.895895,262.423249,4005247.247863,3995960.232918,1879.844879,12052.648746,885.788923,0.032024,0.008331,0.006547,99.930997,0.022100,15.315769,9.282580,3.175788,42.746939,94,0.712018,14,0,0,100.000000,0.754858,99.512195,3764.057314,1480.511565,990.374546,-0.000000,21.144360
17700.000000,contribution,optical,hardware,1,1,1,0,priority,0.000500,180,15,hybrid,0.050000,4000.000000,6.087000,52.000000,500.000000,500.000000,2.000000,120.000000,0.400000,205,130,205,133,204,22,49,0,0,0,0,0,133,133,0,0,0.000000,1.000000,43.417116,clear-ocean,30.000000,60.000000,0.151000,1552,4549176,1166.455385,6.590143,75,0,0,75,0,72,1,0,71,0,0,0,0,0,0,180,47,0,133,0,1,0,1,0,23,52,130,23,51,130,8.791027,224.996684,5816.851288,4.347826,1.923077,0.000000,1,0,0,4021609.983136,22.544812,121.193370,10321.310564,1287.661905,334.929938,262.653036,4018838.949336,4009551.934391,1885.244879,12058.048746,885.788923,0.032019,0.008328,0.006531,99.931096,0.022026,15.315769,9.282580,3.175788,42.602034,94,0.709605,14,0,0,100.000000,0.754858,99.512195,3764.057314,1475.492881,1076.481263,-0.000000,62.609573
17760.000000,contribution,optical,hardware,1,1,1,0,priority,0.000500,180,15,hybrid,0.050000,4000.000000,6.087000,52.000000,500.000000,500.000000,2.000000,120.000000,0.400000,205,130,205,133,204,22,49,0,0,0,0,0,133,133,0,0,0.000000,1.000000,43.417116,clear-ocean,30.000000,60.000000,0.151000,1552,4549176,1166.455385,6.567879,75,0,0,75,0,72,1,0,71,0,0,0,0,0,0,180,47,0,133,0,1,0,1,0,23,52,130,23,51,130,8.791027,224.996684,5816.851288,4.347826,1.923077,0.000000,1,0,0,4035207.084609,22.544812,121.193370,10321.310564,1291.798075,335.963980,262.882823,4032430.650808,4023143.635863,1890.644879,12063.448746,885.788923,0.032013,0.008326,0.006515,99.931195,0.021952,15.315769,9.282580,3.175788,42.458108,94,0.707207,14,0,0,100.000000,0.754858,99.512195,3764.057314,1470.508108,1162.587979,-0.000000,121.842978
17820.000000,contribution,optical,hardware,1,1,1,0,priority,0.000500,180,15,hybrid,0.050000,4000.000000,6.087000,52.000000,500.000000,500.000000,2.000000,120.000000,0.400000,205,130,205,133,204,22,49,0,0,0,0,0,133,133,0,0,0.000000,1.000000,43.417116,clear-ocean,30.000000,60.000000,0.151000,1552,4549176,1166.455385,6.545765,75,0,0,75,0,72,1,0,71,0,0,0,0,0,0,180,47,0,133,0,1,0,1,0,23,52,130,23,51,130,8.791027,224.996684,5816.851288,4.347826,1.923077,0.000000,1,0,0,4048804.186081,22.544812,121.193370,10321.310564,1295.934245,336.998023,263.112610,4046022.352281,4036735.337336,1896.044879,12068.848746,885.788923,0.032008,0.008323,0.006499,99.931292,0.021878,15.315769,9.282580,3.175788,42.315152,94,0.704826,14,0,0,100.000000,0.754858,99.512195,3764.057314,1465.556902,1248.694695,-0.000000,193.228118
17880.000000,contribution,optical,hardware,1,1,1,0,priority,0.000500,180,15,hybrid,0.050000,4000.000000,6.087000,52.000000,500.000000,500.000000,2.000000,120.000000,0.400000,205,130,205,133,204,22,49,0,0,0,0,0,133,133,0,0,0.000000,1.000000,43.417116,clear-ocean,30.000000,60.000000,0.151000,1552,4549176,1166.455385,6.523800,75,0,0,75,0,72,1,0,71,0,0,0,0,0,0,180,47,0,133,0,1,0,1,0,23,52,130,23,51,130,8.791027,224.996684,5816.851288,4.347826,1.923077,0.000000,1,0,0,4062401.287554,22.544812,121.193370,10321.310564,1300.070416,338.032065,263.342398,4059614.053753,4050327.038808,1901.444879,12074.248746,885.788923,0.032003,0.008321,0.006482,99.931390,0.021805,15.315769,9.282580,3.175788,42.173154,94,0.702461,14,0,0,100.000000,0.754858,99.512195,3764.057314,1460.638926,1334.801411,-0.000000,269.996317
17940.000000,contribution,optical,hardware,1,1,1,0,priority,0.000500,180,15,hybrid,0.050000,4000.000000,6.087000,52.000000,500.000000,500.000000,2.000000,120.000000,0.400000,205,130,205,133,204,22,49,0,0,0,0,0,133,133,0,0,0.000000,1.000000,43.417116,clear-ocean,30.000000,60.000000,0.151000,1552,4549176,1166.455385,6.501981,75,0,0,75,0,72,1,0,71,0,0,0,0,0,0,180,47,0,133,0,1,0,1,0,23,52,130,23,51,130,8.791027,224.996684,5816.851288,4.347826,1.923077,0.000000,1,0,0,4075998.389026,22.544812,121.193370,10321.310564,1304.206586,339.066108,263.572185,4073205.755226,4063918.740281,1906.844879,12079.648746,885.788923,0.031997,0.008319,0.006466,99.931486,0.021732,15.315769,9.282580,3.175788,42.032107,94,0.700111,14,0,0,100.000000,0.754858,99.512195,3764.057314,1455.753846,1420.908127,-0.000000,344.868482
18000.000000,contribution,optical,hardware,1,1,1,0,priority,0.000500,180,15,hybrid,0.050000,4000.000000,6.087000,52.000000,500.000000,500.000000,2.000000,120.000000,0.400000,205,130,205,133,204,22,49,0,0,0,0,0,133,133,0,0,0.000000,1.000000,43.417116,clear-ocean,30.000000,60.000000,0.151000,1552,4549176,1166.455385,6.480308,75,0,0,75,0,72,1,0,71,0,0,0,0,0,0,180,47,0,133,0,1,0,1,0,23,52,130,23,51,130,8.791027,224.996684,5816.851288,4.347826,1.923077,0.000000,1,0,0,4089595.490499,22.544812,121.193370,10321.310564,1308.342756,340.100151,263.801972,4086797.456698,4077510.441753,1912.244879,12085.048746,885.788923,0.031992,0.008316,0.006451,99.931582,0.021660,15.315769,9.282580,3.175788,41.892000,94,0.697778,14,0,0,100.000000,0.754858,99.512195,3764.057314,1450.901333,1507.014843,-0.000000,410.745304
18060.000000,contribution,optical,hardware,1,1,1,0,priority,0.000500,180,15,hybrid,0.050000,4000.000000,6.087000,52.000000,500.000000,500.000000,2.000000,120.000000,0.400000,205,130,205,133,204,22,49,0,0,0,0,0,133,133,0,0,0.000000,1.000000,43.417116,clear-ocean,30.000000,60.000000,0.151000,1552,4549176,1166.455385,6.458778,75,0,0,75,0,72,1,0,71,0,0,0,0,0,0,180,47,0,133,0,1,0,1,0,23,52,130,23,51,130,8.791027,224.996684,5816.851288,4.347826,1.923077,0.000000,1,0,0,4103192.591971,22.544812,121.193370,10321.310564,1312.478926,341.134193,264.031759,4100389.158171,4091102.143226,1917.644879,12090.448746,885.788923,0.031987,0.008314,0.006435,99.931677,0.021588,15.315769,9.282580,3.175788,41.752824,94,0.695460,14,0,0,100.000000,0.754858,99.512195,3764.057314,1446.081063,1593.121559,-0.000000,461.380399
18120.000000,contribution,optical,hardware,1,1,1,0,priority,0.000500,180,15,hybrid,0.050000,4000.000000,6.087000,52.000000,500.000000,500.000000,2.000000,120.000000,0.400000,205,130,205,133,204,22,49,0,0,0,0,0,133,133,0,0,0.000000,1.000000,43.417116,clear-ocean,30.000000,60.000000,0.151000,1552,4549176,1166.455385,6.437392,75,0,0,75,0,72,1,0,71,0,0,0,0,0,0,180,47,0,133,0,1,0,1,0,23,52,130,23,51,130,8.791027,224.996684,5816.851288,4.347826,1.923077,0.000000,1,0,0,4116789.693444,22.544812,121.193370,10321.310564,1316.615097,342.168236,264.261547,4113980.859643,4104693.844698,1923.044879,12095.848746,885.788923,0.031982,0.008312,0.006419,99.931771,0.021516,15.315769,9.282580,3.175788,41.614570,94,0.693157,14,0,0,100.000000,0.754858,99.512195,3764.057314,1441.292715,1679.228276,-0.000000,491.972594
18180.000000,contribution,optical,hardware,1,1,1,0,priority,0.000500,180,15,hybrid,0.050000,4000.000000,6.087000,52.000000,500.000000,500.000000,2.000000,120.000000,0.400000,205,130,205,133,204,22,49,0,0,0,0,0,133,133,0,0,0.000000,1.000000,43.417116,clear-ocean,30.000000,60.000000,0.151000,1552,4549176,1166.455385,6.416146,75,0,0,75,0,72,1,0,71,0,0,0,0,0,0,180,47,0,133,0,1,0,1,0,23,52,130,23,51,130,8.791027,224.996684,5816.851288,4.347826,1.923077,0.000000,1,0,0,4130386.794916,22.544812,121.193370,10321.310564,1320.751267,343.202278,264.491334,4127572.561116,4118285.546171,1928.444879,12101.248746,885.788923,0.031976,0.008309,0.006404,99.931865,0.021446,15.315769,9.282580,3.175788,41.477228,94,0.690869,14,0,0,100.000000,0.754858,99.512195,3764.057314,1436.535974,1765.334992,0.000000,499.621164
18240.000000,contribution,optical,hardware,1,1,1,0,priority,0.000500,180,15,hybrid,0.050000,4000.000000,6.087000,52.000000,500.000000,500.000000,2.000000,120.000000,0.400000,205,130,205,133,204,22,49,0,0,0,0,0,133,133,0,0,0.000000,1.000000,43.417116,clear-ocean,30.000000,60.000000,0.151000,1552,4549176,1166.455385,6.395040,75,0,0,75,0,72,1,0,71,0,0,0,0,0,0,180,47,0,133,0,1,0,1,0,23,52,130,23,51,130,8.791027,224.996684,5816.851288,4.347826,1.923077,0.000000,1,0,0,4143983.896389,22.544812,121.193370,10321.310564,1324.887437,344.236321,264.721121,4141164.262588,4131877.247643,1933.844879,12106.648746,885.788923,0.031971,0.008307,0.006388,99.931958,0.021375,15.315769,9.282580,3.175788,41.340789,94,0.688596,14,0,0,100.000000,0.754858,99.512195,3764.057314,1431.810526,1851.441708,0.000000,483.600879
18300.000000,contribution,optical,hardware,1,1,1,0,priority,0.000500,180,15,hybrid,0.050000,4000.000000,6.087000,52.000000,500.000000,500.000000,2.000000,120.000000,0.400000,205,130,205,133,204,22,49,0,0,0,0,0,133,133,0,0,0.000000,1.000000,43.417116,clear-ocean,30.000000,60.000000,0.151000,1552,4549176,1166.455385,6.374073,75,0,0,75,0,72,1,0,71,0,0,0,0,0,0,180,47,0,133,0,1,0,1,0,23,52,130,23,51,130,8.791027,224.996684,5816.851288,4.347826,1.923077,0.000000,1,0,0,4157580.997861,22.544812,121.193370,10321.310564,1329.023607,345.270363,264.950908,4154755.964061,4145468.949116,1939.244879,12112.048746,885.788923,0.031966,0.008305,0.006373,99.932051,0.021305,15.315769,9.282580,3.175788,41.205246,94,0.686339,14,0,0,100.000000,0.754858,99.512195,3764.057314,1427.116066,1937.548424,0.000000,445.430767
18360.000000,contribution,optical,hardware,1,1,1,0,priority,0.000500,180,15,hybrid,0.050000,4000.000000,6.087000,52.000000,500.000000,500.000000,2.000000,120.000000,0.400000,205,130,205,133,204,22,49,0,0,0,0,0,133,133,0,0,0.000000,1.000000,43.417116,clear-ocean,30.000000,60.000000,0.151000,1552,4549176,1166.455385,6.353243,75,0,0,75,0,72,1,0,71,0,0,0,0,0,0,180,47,0,133,0,1,0,1,0,23,52,130,23,51,130,8.791027,224.996684,5816.851288,4.347826,1.923077,0.000000,1,0,0,4171178.099334,22.544812,121.193370,10321.310564,1333.159777,346.304406,265.180695,4168347.665533,4159060.650588,1944.644879,12117.448746,885.788923,0.031961,0.008302,0.006357,99.932143,0.021236,15.315769,9.282580,3.175788,41.070588,94,0.684096,14,0,0,100.000000,0.754858,99.512195,3764.057314,1422.452288,2023.655140,0.000000,388.730085
18420.000000,contribution,optical,hardware,1,1,1,0,priority,0.000500,180,15,hybrid,0.050000,4000.000000,6.087000,52.000000,500.000000,500.000000,2.000000,120.000000,0.400000,205,130,205,133,204,22,49,0,0,0,0,0,133,133,0,0,0.000000,1.000000,43.417116,clear-ocean,30.000000,60.000000,0.151000,1552,4549176,1166.455385,6.332548,75,0,0,75,0,72,1,0,71,0,0,0,0,0,0,180,47,0,133,0,1,0,1,0,23,52,130,23,51,130,8.791027,224.996684,5816.851288,4.347826,1.923077,0.000000,1,0,0,4184775.200806,22.544812,121.193370,10321.310564,1337.295948,347.338448,265.410483,4181939.367006,4172652.352061,1950.044879,12122.848746,885.788923,0.031956,0.008300,0.006342,99.932235,0.021167,15.315769,9.282580,3.175788,40.936808,94,0.681868,14,0,0,100.000000,0.754858,99.512195,3764.057314,1417.818893,2109.761856,0.000000,318.875141
18480.000000,contribution,optical,hardware,1,1,1,0,priority,0.000500,180,15,hybrid,0.050000,4000.000000,6.087000,52.000000,500.000000,500.000000,2.000000,120.000000,0.400000,205,130,205,133,204,22,49,0,0,0,0,0,133,133,0,0,0.000000,1.000000,43.417116,clear-ocean,30.000000,60.000000,0.151000,1552,4549176,1166.455385,6.311988,75,0,0,75,0,72,1,0,71,0,0,0,0,0,0,180,47,0,133,0,1,0,1,0,23,52,130,23,51,130,8.791027,224.996684,5816.851288,4.347826,1.923077,0.000000,1,0,0,4198372.302279,22.544812,121.193370,10321.310564,1341.432118,348.372491,265.640270,4195531.068478,4186244.053533,1955.444879,12128.248746,885.788923,0.031951,0.008298,0.006327,99.932325,0.021098,15.315769,9.282580,3.175788,40.803896,94,0.679654,14,0,0,100.000000,0.754858,99.512195,3764.057314,1413.215584,2195.868573,0.000000,242.489517
18540.000000,contribution,optical,hardware,1,1,1,0,priority,0.000500,180,15,hybrid,0.050000,4000.000000,6.087000,52.000000,500.000000,500.000000,2.000000,120.000000,0.400000,205,130,205,133,204,22,49,0,0,0,0,0,133,133,0,0,0.000000,1.000000,43.417116,clear-ocean,30.000000,60.000000,0.151000,1552,4549176,1166.455385,6.291561,75,0,0,75,0,72,1,0,71,0,0,0,0,0,0,180,47,0,133,0,1,0,1,0,23,52,130,23,51,130,8.791027,224.996684,5816.851288,4.347826,1.923077,0.000000,1,0,0,4211969.403751,22.544812,121.193370,10321.310564,1345.568288,349.406534,265.870057,4209122.769951,4199835.755006,1960.844879,12133.648746,885.788923,0.031946,0.008296,0.006312,99.932416,0.021030,15.315769,9.282580,3.175788,40.671845,94,0.677454,14,0,0,100.000000,0.754858,99.512195,3764.057314,1408.642071,2281.975289,0.000000,166.816031
18600.000000,contribution,optical,hardware,1,1,1,0,priority,0.000500,180,15,hybrid,0.050000,4000.000000,6.087000,52.000000,500.000000,500.000000,2.000000,120.000000,0.400000,205,130,205,133,204,22,49,0,0,0,0,0,133,133,0,0,0.000000,1.000000,43.417116,clear-ocean,30.000000,60.000000,0.151000,1552,4549176,1166.455385,6.271266,75,0,0,75,0,72,1,0,71,0,0,0,0,0,0,180,47,0,133,0,1,0,1,0,23,52,130,23,51,130,8.791027,224.996684,5816.851288,4.347826,1.923077,0.000000,1,0,0,4225566.505224,22.544812,121.193370,10321.310564,1349.704458,350.440576,266.099844,4222714.471423,4213427.456478,1966.244879,12139.048746,885.788923,0.031941,0.008293,0.006297,99.932505,0.020963,15.315769,9.282580,3.175788,40.540645,94,0.675269,14,0,0,100.000000,0.754858,99.512195,3764.057314,1404.098065,2368.082005,0.000000,99.029974
18660.000000,contribution,optical,hardware,1,1,1,0,priority,0.000500,180,15,hybrid,0.050000,4000.000000,6.087000,52.000000,500.000000,500.000000,2.000000,120.000000,0.400000,205,130,205,133,204,22,49,0,0,0,0,0,133,133,0,0,0.000000,1.000000,43.417116,clear-ocean,30.000000,60.000000,0.151000,1552,4549176,1166.455385,6.251101,75,0,0,75,0,72,1,0,71,0,0,0,0,0,0,180,47,0,133,0,1,0,1,0,23,52,130,23,51,130,8.791027,224.996684,5816.851288,4.347826,1.923077,0.000000,1,0,0,4239163.606696,22.544812,121.193370,10321.310564,1353.840628,351.474619,266.329632,4236306.172896,4227019.157951,1971.644879,12144.448746,885.788923,0.031937,0.008291,0.006283,99.932594,0.020895,15.315769,9.282580,3.175788,40.410289,94,0.673098,14,0,0,100.000000,0.754858,99.512195,3764.057314,1399.583280,2454.188721,0.000000,45.558759
18720.000000,contribution,optical,hardware,1,1,1,0,priority,0.000500,180,15,hybrid,0.050000,4000.000000,6.087000,52.000000,500.000000,500.000000,2.000000,120.000000,0.400000,205,130,205,133,204,22,49,0,0,0,0,0,133,133,0,0,0.000000,1.000000,43.417116,clear-ocean,30.000000,60.000000,0.151000,1552,4549176,1166.455385,6.231065,75,0,0,75,0,72,1,0,71,0,0,0,0,0,0,180,47,0,133,0,1,0,1,0,23,52,130,23,51,130,8.791027,224.996684,5816.851288,4.347826,1.923077,0.000000,1,0,0,4252760.708169,22.544812,121.193370,10321.310564,1357.976799,352.508661,266.559419,4249897.874368,4240610.859423,1977.044879,12149.848746,885.788923,0.031932,0.008289,0.006268,99.932683,0.020829,15.315769,9.282580,3.175788,40.280769,94,0.670940,14,0,0,100.000000,0.754858,99.512195,3764.057314,1395.097436,2540.295437,0.000000,11.472481
18780.000000,contribution,optical,hardware,1,1,1,0,priority,0.000500,180,15,hybrid,0.050000,4000.000000,6.087000,52.000000,500.000000,500.000000,2.000000,120.000000,0.400000,205,130,205,133,204,22,49,0,0,0,0,0,133,133,0,0,0.000000,1.000000,43.417116,clear-ocean,30.000000,60.000000,0.151000,1552,4549176,1166.455385,6.211158,75,0,0,75,0,72,1,0,71,0,0,0,0,0,0,180,47,0,133,0,1,0,1,0,23,52,130,23,51,130,8.791027,224.996684,5816.851288,4.347826,1.923077,0.000000,1,0,0,4266357.809642,22.544812,121.193370,10321.310564,1362.112969,353.542704,266.789206,4263489.575841,4254202.560896,1982.444879,12155.248746,885.788923,0.031927,0.008287,0.006253,99.932771,0.020762,15.315769,9.282580,3.175788,40.152077,94,0.668797,14,0,0,100.000000,0.754858,99.512195,3764.057314,1390.640256,2626.402153,-0.000000,0.003168
18840.000000,contribution,optical,hardware,1,1,1,0,priority,0.000500,180,15,hybrid,0.050000,4000.000000,6.087000,52.000000,500.000000,500.000000,2.000000,120.000000,0.400000,205,130,205,133,204,22,49,0,0,0,0,0,133,133,0,0,0.000000,1.000000,43.417116,clear-ocean,30.000000,60.000000,0.151000,1552,4549176,1166.455385,6.191377,75,0,0,75,0,72,1,0,71,0,0,0,0,0,0,180,47,0,133,0,1,0,1,0,23,52,130,23,51,130,8.791027,224.996684,5816.851288,4.347826,1.923077,0.000000,1,0,0,4279954.911114,22.544812,121.193370,10321.310564,1366.249139,354.576746,267.018993,4277081.277313,4267794.262368,1987.844879,12160.648746,885.788923,0.031922,0.008285,0.006239,99.932858,0.020696,15.315769,9.282580,3.175788,40.024204,94,0.666667,14,0,0,100.000000,0.754858,99.512195,3764.057314,1386.211465,2712.508869,-0.000000,12.238331
18900.000000,contribution,optical,hardware,1,1,1,0,priority,0.000500,180,15,hybrid,0.050000,4000.000000,6.087000,52.000000,500.000000,500.000000,2.000000,120.000000,0.400000,205,130,205,133,204,22,49,0,0,0,0,0,133,133,0,0,0.000000,1.000000,43.417116,clear-ocean,30.000000,60.000000,0.151000,1552,4549176,1166.455385,6.171722,75,0,0,75,0,72,1,0,71,0,0,0,0,0,0,180,47,0,133,0,1,0,1,0,23,52,130,23,51,130,8.791027,224.996684,5816.851288,4.347826,1.923077,0.000000,1,0,0,4293552.012587,22.544812,121.193370,10321.310564,1370.385309,355.610789,267.248781,4290672.978786,4281385.963841,1993.244879,12166.048746,885.788923,0.031917,0.008282,0.006224,99.932945,0.020631,15.315769,9.282580,3.175788,39.897143,94,0.664550,14,0,0,100.000000,0.754858,99.512195,3764.057314,1381.810794,2798.615586,-0.000000,47.017843
18960.000000,contribution,optical,hardware,1,1,1,0,priority,0.000500,180,15,hybrid,0.050000,4000.000000,6.087000,52.000000,500.000000,500.000000,2.000000,120.000000,0.400000,205,130,205,133,204,22,49,0,0,0,0,0,133,133,0,0,0.000000,1.000000,43.417116,clear-ocean,30.000000,60.000000,0.151000,1552,4549176,1166.455385,6.152191,75,0,0,75,0,72,1,0,71,0,0,0,0,0,0,180,47,0,133,0,1,0,1,0,23,52,130,23,51,130,8.791027,224.996684,5816.851288,4.347826,1.923077,0.000000,1,0,0,4307149.114059,22.544812,121.193370,10321.310564,1374.521480,356.644831,267.478568,4304264.680258,4294977.665314,1998.644879,12171.448746,885.788923,0.031913,0.008280,0.006210,99.933031,0.020566,15.315769,9.282580,3.175788,39.770886,94,0.662447,14,0,0,100.000000,0.754858,99.512195,3764.057314,1377.437975,2884.722302,-0.000000,101.043941
19020.000000,contribution,optical,hardware,1,1,1,0,priority,0.000500,180,15,hybrid,0.050000,4000.000000,6.087000,52.000000,500.000000,500.000000,2.000000,120.000000,0.400000,205,130,205,133,204,22,49,0,0,0,0,0,133,133,0,0,0.000000,1.000000,43.417116,clear-ocean,30.000000,60.000000,0.151000,1552,4549176,1166.455385,6.132783,75,0,0,75,0,72,1,0,71,0,0,0,0,0,0,180,47,0,133,0,1,0,1,0,23,52,130,23,51,130,8.791027,224.996684,5816.851288,4.347826,1.923077,0.000000,1,0,0,4320746.215532,22.544812,121.193370,10321.310564,1378.657650,357.678874,267.708355,4317856.381731,4308569.366786,2004.044879,12176.848746,885.788923,0.031908,0.008278,0.006196,99.933117,0.020501,15.315769,9.282580,3.175788,39.645426,94,0.660358,14,0,0,100.000000,0.754858,99.512195,3764.057314,1373.092744,2970.829018,-0.000000,169.193920
19080.000000,contribution,optical,hardware,1,1,1,0,priority,0.000500,180,15,hybrid,0.050000,4000.000000,6.087000,52.000000,500.000000,500.000000,2.000000,120.000000,0.400000,205,130,205,133,204,22,49,0,0,0,0,0,133,133,0,0,0.000000,1.000000,43.417116,clear-ocean,30.000000,60.000000,0.151000,1552,4549176,1166.455385,6.113498,75,0,0,75,0,72,1,0,71,0,0,0,0,0,0,180,47,0,133,0,1,0,1,0,23,52,130,23,51,130,8.791027,224.996684,5816.851288,4.347826,1.923077,0.000000,1,0,0,4334343.317004,22.544812,121.193370,10321.310564,1382.793820,358.712917,267.938142,4331448.083203,4322161.068259,2009.444879,12182.248746,885.788923,0.031903,0.008276,0.006182,99.933202,0.020437,15.315769,9.282580,3.175788,39.520755,94,0.658281,14,0,0,100.000000,0.754858,99.512195,3764.057314,1368.774843,3056.935734,-0.000000,245.005859
19140.000000,contribution,optical,hardware,1,1,1,0,priority,0.000500,180,15,hybrid,0.050000,4000.000000,6.087000,52.000000,500.000000,500.000000,2.000000,120.000000,0.400000,205,130,205,133,204,22,49,0,0,0,0,0,133,133,0,0,0.000000,1.000000,43.417116,clear-ocean,30.000000,60.000000,0.151000,1552,4549176,1166.455385,6.094333,75,0,0,75,0,72,1,0,71,0,0,0,0,0,0,180,47,0,133,0,1,0,1,0,23,52,130,23,51,130,8.791027,224.996684,5816.851288,4.347826,1.923077,0.000000,1,0,0,4347940.418477,22.544812,121.193370,10321.310564,1386.929990,359.746959,268.167930,4345039.784676,4335752.769731,2014.844879,12187.648746,885.788923,0.031899,0.008274,0.006168,99.933287,0.020373,15.315769,9.282580,3.175788,39.396865,94,0.656217,14,0,0,100.000000,0.754858,99.512195,3764.057314,1364.484013,3143.042450,-0.000000,321.291337
19200.000000,contribution,optical,hardware,1,1,1,0,priority,0.000500,180,15,hybrid,0.050000,4000.000000,6.087000,52.000000,500.000000,500.000000,2.000000,120.000000,0.400000,205,130,205,133,204,22,49,0,0,0,0,0,133,133,0,0,0.000000,1.000000,43.417116,clear-ocean,30.000000,60.000000,0.151000,1552,4549176,1166.455385,6.075288,75,0,0,75,0,72,1,0,71,0,0,0,0,0,0,180,47,0,133,0,1,0,1,0,23,52,130,23,51,130,8.791027,224.996684,5816.851288,4.347826,1.923077,0.000000,1,0,0,4361537.519949,22.544812,121.193370,10321.310564,1391.066160,360.781002,268.397717,4358631.486148,4349344.471204,2020.244879,12193.048746,885.788923,0.031894,0.008272,0.006154,99.933371,0.020309,15.315769,9.282580,3.175788,39.273750,94,0.654167,14,0,0,100.000000,0.754858,99.512195,3764.057314,1360.220000,3229.149166,-0.000000,390.817035
19260.000000,contribution,optical,hardware,1,1,1,0,priority,0.000500,180,15,hybrid,0.050000,4000.000000,6.087000,52.000000,500.000000,500.000000,2.000000,120.000000,0.400000,205,130,205,133,204,22,49,0,0,0,0,0,133,133,0,0,0.000000,1.000000,43.417116,clear-ocean,30.000000,60.000000,0.151000,1552,4549176,1166.455385,6.056362,75,0,0,75,0,72,1,0,71,0,0,0,0,0,0,180,47,0,133,0,1,0,1,0,23,52,130,23,51,130,8.791027,224.996684,5816.851288,4.347826,1.923077,0.000000,1,0,0,4375134.621422,22.544812,121.193370,10321.310564,1395.202331,361.815044,268.627504,4372223.187621,4362936.172676,2025.644879,12198.448746,885.788923,0.031889,0.008270,0.006140,99.933455,0.020246,15.315769,9.282580,3.175788,39.151402,94,0.652129,14,0,0,100.000000,0.754858,99.512195,3764.057314,1355.982555,3315.255882,-0.000000,446.990588
19320.000000,contribution,optical,hardware,1,1,1,0,priority,0.000500,180,15,hybrid,0.050000,4000.000000,6.087000,52.000000,500.000000,500.000000,2.000000,120.000000,0.400000,205,130,205,133,204,22,49,0,0,0,0,0,133,133,0,0,0.000000,1.000000,43.417116,clear-ocean,30.000000,60.000000,0.151000,1552,4549176,1166.455385,6.037554,75,0,0,75,0,72,1,0,71,0,0,0,0,0,0,180,47,0,133,0,1,0,1,0,23,52,130,23,51,130,8.791027,224.996684,5816.851288,4.347826,1.923077,0.000000,1,0,0,4388731.722894,22.544812,121.193370,10321.310564,1399.338501,362.849087,268.857291,4385814.889094,4376527.874149,2031.044879,12203.848746,885.788923,0.031885,0.008268,0.006126,99.933538,0.020183,15.315769,9.282580,3.175788,39.029814,94,0.650104,14,0,0,100.000000,0.754858,99.512195,3764.057314,1351.771429,3401.362599,-0.000000,484.485669
19380.000000,contribution,optical,hardware,1,1,1,0,priority,0.000500,180,15,hybrid,0.050000,4000.000000,6.087000,52.000000,500.000000,500.000000,2.000000,120.000000,0.400000,205,130,205,133,204,22,49,0,0,0,0,0,133,133,0,0,0.000000,1.000000,43.417116,clear-ocean,30.000000,60.000000,0.151000,1552,4549176,1166.455385,6.018862,75,0,0,75,0,72,1,0,71,0,0,0,0,0,0,180,47,0,133,0,1,0,1,0,23,52,130,23,51,130,8.791027,224.996684,5816.851288,4.347826,1.923077,0.000000,1,0,0,4402328.824367,22.544812,121.193370,10321.310564,1403.474671,363.883129,269.087078,4399406.590566,4390119.575621,2036.444879,12209.248746,885.788923,0.031880,0.008266,0.006112,99.933621,0.020121,15.315769,9.282580,3.175788,38.908978,94,0.648091,14,0,0,100.000000,0.754858,99.512195,3764.057314,1347.586378,3487.469315,-0.000000,499.747029
19440.000000,contribution,optical,hardware,1,1,1,0,priority,0.000500,180,15,hybrid,0.050000,4000.000000,6.087000,52.000000,500.000000,500.000000,2.000000,120.000000,0.400000,205,130,205,133,204,22,49,0,0,0,0,0,133,133,0,0,0.000000,1.000000,43.417116,clear-ocean,30.000000,60.000000,0.151000,1552,4549176,1166.455385,6.000285,75,0,0,75,0,72,1,0,71,0,0,0,0,0,0,180,47,0,133,0,1,0,1,0,23,52,130,23,51,130,8.791027,224.996684,5816.851288,4.347826,1.923077,0.000000,1,0,0,4415925.925839,22.544812,121.193370,10321.310564,1407.610841,364.917172,269.316866,4412998.292039,4403711.277094,2041.844879,12214.648746,885.788923,0.031876,0.008264,0.006099,99.933703,0.020059,15.315769,9.282580,3.175788,38.788889,94,0.646091,14,0,0,100.000000,0.754858,99.512195,3764.057314,1343.427160,3573.576031,0.000000,491.327600
19500.000000,contribution,optical,hardware,1,1,1,0,priority,0.000500,180,15,hybrid,0.050000,4000.000000,6.087000,52.000000,500.000000,500.000000,2.000000,120.000000,0.400000,205,130,205,133,204,22,49,0,0,0,0,0,133,133,0,0,0.000000,1.000000,43.417116,clear-ocean,30.000000,60.000000,0.151000,1552,4549176,1166.455385,5.981822,75,0,0,75,0,72,1,0,71,0,0,0,0,0,0,180,47,0,133,0,1,0,1,0,23,52,130,23,51,130,8.791027,224.996684,5816.851288,4.347826,1.923077,0.000000,1,0,0,4429523.027312,22.544812,121.193370,10321.310564,1411.747011,365.951214,269.546653,4426589.993511,4417302.978566,2047.244879,12220.048746,885.788923,0.031871,0.008262,0.006085,99.933784,0.019997,15.315769,9.282580,3.175788,38.669538,94,0.644103,14,0,0,100.000000,0.754858,99.512195,3764.057314,1339.293538,3659.682747,0.000000,460.025703
19560.000000,contribution,optical,hardware,1,1,1,0,priority,0.000500,180,15,hybrid,0.050000,4000.000000,6.087000,52.000000,500.000000,500.000000,2.000000,120.000000,0.400000,205,130,205,133,204,22,49,0,0,0,0,0,133,133,0,0,0.000000,1.000000,43.417116,clear-ocean,30.000000,60.000000,0.151000,1552,4549176,1166.455385,5.963473,75,0,0,75,0,72,1,0,71,0,0,0,0,0,0,180,47,0,133,0,1,0,1,0,23,52,130,23,51,130,8.791027,224.996684,5816.851288,4.347826,1.923077,0.000000,1,0,0,4443120.128784,22.544812,121.193370,10321.310564,1415.883182,366.985257,269.776440,4440181.694984,4430894.680039,2052.644879,12225.448746,885.788923,0.031867,0.008260,0.006072,99.933866,0.019936,15.315769,9.282580,3.175788,38.550920,94,0.642127,14,0,0,100.000000,0.754858,99.512195,3764.057314,1335.185276,3745.789463,0.000000,408.809357
19620.000000,contribution,optical,hardware,1,1,1,0,priority,0.000500,180,15,hybrid,0.050000,4000.000000,6.087000,52.000000,500.000000,500.000000,2.000000,120.000000,0.400000,205,130,205,133,204,22,49,0,0,0,0,0,133,133,0,0,0.000000,1.000000,43.417116,clear-ocean,30.000000,60.000000,0.151000,1552,4549176,1166.455385,5.945236,75,0,0,75,0,72,1,0,71,0,0,0,0,0,0,180,47,0,133,0,1,0,1,0,23,52,130,23,51,130,8.791027,224.996684,5816.851288,4.347826,1.923077,0.000000,1,0,0,4456717.230257,22.544812,121.193370,10321.310564,1420.019352,368.019300,270.006227,4453773.396456,4444486.381511,2058.044879,12230.848745,885.788923,0.031862,0.008258,0.006058,99.933946,0.019875,15.315769,9.282580,3.175788,38.433028,94,0.640163,14,0,0,100.000000,0.754858,99.512195,3764.057314,1331.102141,3831.896179,0.000000,342.534849
19680.000000,contribution,optical,hardware,1,1,1,0,priority,0.000500,180,15,hybrid,0.050000,4000.000000,6.087000,52.000000,500.000000,500.000000,2.000000,120.000000,0.400000,205,130,205,133,204,22,49,0,0,0,0,0,133,133,0,0,0.000000,1.000000,43.417116,clear-ocean,30.000000,60.000000,0.151000,1552,4549176,1166.455385,5.927111,75,0,0,75,0,72,1,0,71,0,0,0,0,0,0,180,47,0,133,0,1,0,1,0,23,52,130,23,51,130,8.791027,224.996684,5816.851288,4.347826,1.923077,0.000000,1,0,0,4470314.331729,22.544812,121.193370,10321.310564,1424.155522,369.053342,270.236015,4467365.097929,4458078.082984,2063.444879,12236.248745,885.788923,0.031858,0.008256,0.006045,99.934026,0.019815,15.315769,9.282580,3.175788,38.315854,94,0.638211,14,0,0,100.000000,0.754858,99.512195,3764.057314,1327.043902,3918.002895,0.000000,267.486271
19740.000000,contribution,optical,hardware,1,1,1,0,priority,0.000500,180,15,hybrid,0.050000,4000.000000,6.087000,52.000000,500.000000,500.000000,2.000000,120.000000,0.400000,205,130,205,133,204,22,49,0,0,0,0,0,133,133,0,0,0.000000,1.000000,43.417116,clear-ocean,30.000000,60.000000,0.151000,1552,4549176,1166.455385,5.909095,75,0,0,75,0,72,1,0,71,0,0,0,0,0,0,180,47,0,133,0,1,0,1,0,23,52,130,23,51,130,8.791027,224.996684,5816.851288,4.347826,1.923077,0.000000,1,0,0,4483911.433202,22.544812,121.193370,10321.310564,1428.291692,370.087385,270.465802,4480956.799401,4471669.784456,2068.844879,12241.648745,885.788923,0.031854,0.008254,0.006032,99.934106,0.019755,15.315769,9.282580,3.175788,38.199392,94,0.636272,14,0,0,100.000000,0.754858,99.512195,3764.057314,1323.010334,4004.109612,0.000000,190.779659
19800.000000,contribution,optical,hardware,1,1,1,0,priority,0.000500,180,15,hybrid,0.050000,4000.000000,6.087000,52.000000,500.000000,500.000000,2.000000,120.000000,0.400000,205,130,205,133,204,22,49,0,0,0,0,0,133,133,0,0,0.000000,1.000000,43.417116,clear-ocean,30.000000,60.000000,0.151000,1552,4549176,1166.455385,5.891189,75,0,0,75,0,72,1,0,71,0,0,0,0,0,0,180,47,0,133,0,1,0,1,0,23,52,130,23,51,130,8.791027,224.996684,5816.851288,4.347826,1.923077,0.000000,1,0,0,4497508.534674,22.544812,121.193370,10321.310564,1432.427863,371.121427,270.695589,4494548.500874,4485261.485929,2074.244879,12247.048745,885.788923,0.031849,0.008252,0.006019,99.934185,0.019695,15.315769,9.282580,3.175788,38.083636,94,0.634343,14,0,0,100.000000,0.754858,99.512195,3764.057314,1319.001212,4090.216328,0.000000,119.688268
19860.000000,contribution,optical,hardware,1,1,1,0,priority,0.000500,180,15,hybrid,0.050000,4000.000000,6.087000,52.000000,500.000000,500.000000,2.000000,120.000000,0.400000,205,130,205,133,204,22,49,0,0,0,0,0,133,133,0,0,0.000000,1.000000,43.417116,clear-ocean,30.000000,60.000000,0.151000,1552,4549176,1166.455385,5.873391,75,0,0,75,0,72,1,0,71,0,0,0,0,0,0,180,47,0,133,0,1,0,1,0,23,52,130,23,51,130,8.791027,224.996684,5816.851288,4.347826,1.923077,0.000000,1,0,0,4511105.636147,22.544812,121.193370,10321.310564,1436.564033,372.155470,270.925376,4508140.202346,4498853.187401,2079.644879,12252.448745,885.788923,0.031845,0.008250,0.006006,99.934264,0.019636,15.315769,9.282580,3.175788,37.968580,94,0.632427,14,0,0,100.000000,0.754858,99.512195,3764.057314,1315.016314,4176.323044,0.000000,60.952918
19920.000000,contribution,optical,hardware,1,1,1,0,priority,0.000500,180,15,hybrid,0.050000,4000.000000,6.087000,52.000000,500.000000,500.000000,2.000000,120.000000,0.400000,205,130,205,133,204,22,49,0,0,0,0,0,133,133,0,0,0.000000,1.000000,43.417116,clear-ocean,30.000000,60.000000,0.151000,1552,4549176,1166.455385,5.855700,75,0,0,75,0,72,1,0,71,0,0,0,0,0,0,180,47,0,133,0,1,0,1,0,23,52,130,23,51,130,8.791027,224.996684,5816.851288,4.347826,1.923077,0.000000,1,0,0,4524702.737619,22.544812,121.193370,10321.310564,1440.700203,373.189512,271.155164,4521731.903819,4512444.888874,2085.044879,12257.848745,885.788923,0.031841,0.008248,0.005993,99.934342,0.019577,15.315769,9.282580,3.175788,37.854217,94,0.630522,14,0,0,100.000000,0.754858,99.512195,3764.057314,1311.055422,4262.429760,0.000000,20.142843
19980.000000,contribution,optical,hardware,1,1,1,0,priority,0.000500,180,15,hybrid,0.050000,4000.000000,6.087000,52.000000,500.000000,500.000000,2.000000,120.000000,0.400000,205,130,205,133,204,22,49,0,0,0,0,0,133,133,0,0,0.000000,1.000000,43.417116,clear-ocean,30.000000,60.000000,0.151000,1552,4549176,1166.455385,5.838115,75,0,0,75,0,72,1,0,71,0,0,0,0,0,0,180,47,0,133,0,1,0,1,0,23,52,130,23,51,130,8.791027,224.996684,5816.851288,4.347826,1.923077,0.000000,1,0,0,4538299.839092,22.544812,121.193370,10321.310564,1444.836373,374.223555,271.384951,4535323.605291,4526036.590347,2090.444879,12263.248745,885.788923,0.031837,0.008246,0.005980,99.934420,0.019518,15.315769,9.282580,3.175788,37.740541,94,0.628629,14,0,0,100.000000,0.754858,99.512195,3764.057314,1307.118318,4348.536476,0.000000,1.127619
20040.000000,contribution,optical,hardware,1,1,1,0,priority,0.000500,180,15,hybrid,0.050000,4000.000000,6.087000,52.000000,500.000000,500.000000,2.000000,120.000000,0.400000,205,130,205,133,204,22,49,0,0,0,0,0,133,133,0,0,0.000000,1.000000,43.417116,clear-ocean,30.000000,60.000000,0.151000,1552,4549176,1166.455385,5.820636,75,0,0,75,0,72,1,0,71,0,0,0,0,0,0,180,47,0,133,0,1,0,1,0,23,52,130,23,51,130,8.791027,224.996684,5816.851288,4.347826,1.923077,0.000000,1,0,0,4551896.940565,22.544812,121.193370,10321.310564,1448.972543,375.257597,271.614738,4548915.306764,4539628.291819,2095.844879,12268.648745,885.788923,0.031832,0.008244,0.005967,99.934497,0.019460,15.315769,9.282580,3.175788,37.627545,94,0.626747,14,0,0,100.000000,0.754858,99.512195,3764.057314,1303.204790,4434.643192,-0.000000,5.710250
20100.000000,contribution,optical,hardware,1,1,1,0,priority,0.000500,180,15,hybrid,0.050000,4000.000000,6.087000,52.000000,500.000000,500.000000,2.000000,120.000000,0.400000,205,130,205,133,204,22,49,0,0,0,0,0,133,133,0,0,0.000000,1.000000,43.417116,clear-ocean,30.000000,60.000000,0.151000,1552,4549176,1166.455385,5.803261,75,0,0,75,0,72,1,0,71,0,0,0,0,0,0,180,47,0,133,0,1,0,1,0,23,52,130,23,51,130,8.791027,224.996684,5816.851288,4.347826,1.923077,0.000000,1,0,0,4565494.042037,22.544812,121.193370,10321.310564,1453.108714,376.291640,271.844525,4562507.008236,4553219.993292,2101.244879,12274.048745,885.788923,0.031828,0.008242,0.005954,99.934574,0.019402,15.315769,9.282580,3.175788,37.515224,94,0.624876,14,0,0,100.000000,0.754858,99.512195,3764.057314,1299.314627,4520.749908,-0.000000,33.456218
20160.000000,contribution,optical,hardware,1,1,1,0,priority,0.000500,180,15,hybrid,0.050000,4000.000000,6.087000,52.000000,500.000000,500.000000,2.000000,120.000000,0.400000,205,130,205,133,204,22,49,0,0,0,0,0,133,133,0,0,0.000000,1.000000,43.417116,clear-ocean,30.000000,60.000000,0.151000,1552,4549176,1166.455385,5.785989,75,0,0,75,0,72,1,0,71,0,0,0,0,0,0,180,47,0,133,0,1,0,1,0,23,52,130,23,51,130,8.791027,224.996684,5816.851288,4.347826,1.923077,0.000000,1,0,0,4579091.143510,22.544812,121.193370,10321.310564,1457.244884,377.325682,272.074312,4576098.709709,4566811.694764,2106.644879,12279.448745,885.788923,0.031824,0.008240,0.005942,99.934650,0.019344,15.315769,9.282580,3.175788,37.403571,94,0.623016,14,0,0,100.000000,0.754858,99.512195,3764.057314,1295.447619,4606.856625,-0.000000,81.734673
20220.000000,contribution,optical,hardware,1,1,1,0,priority,0.000500,180,15,hybrid,0.050000,4000.000000,6.087000,52.000000,500.000000,500.000000,2.000000,120.000000,0.400000,205,130,205,133,204,22,49,0,0,0,0,0,133,133,0,0,0.000000,1.000000,43.417116,clear-ocean,30.000000,60.000000,0.151000,1552,4549176,1166.455385,5.768820,75,0,0,75,0,72,1,0,71,0,0,0,0,0,0,180,47,0,133,0,1,0,1,0,23,52,130,23,51,130,8.791027,224.996684,5816.851288,4.347826,1.923077,0.000000,1,0,0,4592688.244982,22.544812,121.193370,10321.310564,1461.381054,378.359725,272.304100,4589690.411181,4580403.396237,2112.044879,12284.848745,885.788923,0.031820,0.008238,0.005929,99.934726,0.019287,15.315769,9.282580,3.175788,37.292582,94,0.621167,14,0,0,100.000000,0.754858,99.512195,3764.057314,1291.603561,4692.963341,-0.000000,145.967895
20280.000000,contribution,optical,hardware,1,1,1,0,priority,0.000500,180,15,hybrid,0.050000,4000.000000,6.087000,52.000000,500.000000,500.000000,2.000000,120.000000,0.400000,205,130,205,133,204,22,49,0,0,0,0,0,133,133,0,0,0.000000,1.000000,43.417116,clear-ocean,30.000000,60.000000,0.151000,1552,4549176,1166.455385,5.751752,75,0,0,75,0,72,1,0,71,0,0,0,0,0,0,180,47,0,133,0,1,0,1,0,23,52,130,23,51,130,8.791027,224.996684,5816.851288,4.347826,1.923077,0.000000,1,0,0,4606285.346455,22.544812,121.193370,10321.310564,1465.517224,379.393768,272.533887,4603282.112654,4593995.097709,2117.444879,12290.248745,885.788923,0.031816,0.008236,0.005917,99.934801,0.019230,15.315769,9.282580,3.175788,37.182249,94,0.619329,14,0,0,100.000000,0.754858,99.512195,3764.057314,1287.782249,4779.070057,-0.000000,220.065349
20340.000000,contribution,optical,hardware,1,1,1,0,priority,0.000500,180,15,hybrid,0.050000,4000.000000,6.087000,52.000000,500.000000,500.000000,2.000000,120.000000,0.400000,205,130,205,133,204,22,49,0,0,0,0,0,133,133,0,0,0.000000,1.000000,43.417116,clear-ocean,30.000000,60.000000,0.151000,1552,4549176,1166.455385,5.734786,75,0,0,75,0,72,1,0,71,0,0,0,0,0,0,180,47,0,133,0,1,0,1,0,23,52,130,23,51,130,8.791027,224.996684,5816.851288,4.347826,1.923077,0.000000,1,0,0,4619882.447927,22.544812,121.193370,10321.310564,1469.653394,380.427810,272.763674,4616873.814127,4607586.799182,2122.844879,12295.648745,885.788923,0.031811,0.008235,0.005904,99.934876,0.019173,15.315769,9.282580,3.175788,37.072566,94,0.617502,14,0,0,100.000000,0.754858,99.512195,3764.057314,1283.983481,4865.176773,-0.000000,297.001180
20400.000000,contribution,optical,hardware,1,1,1,0,priority,0.000500,180,15,hybrid,0.050000,4000.000000,6.087000,52.000000,500.000000,500.000000,2.000000,120.000000,0.400000,205,130,205,133,204,22,49,0,0,0,0,0,133,133,0,0,0.000000,1.000000,43.417116,clear-ocean,30.000000,60.000000,0.151000,1552,4549176,1166.455385,5.717919,75,0,0,75,0,72,1,0,71,0,0,0,0,0,0,180,47,0,133,0,1,0,1,0,23,52,130,23,51,130,8.791027,224.996684,5816.851288,4.347826,1.923077,0.000000,1,0,0,4633479.549400,22.544812,121.193370,10321.310564,1473.789565,381.461853,272.993461,4630465.515599,4621178.500654,2128.244879,12301.048745,885.788923,0.031807,0.008233,0.005892,99.934951,0.019117,15.315769,9.282580,3.175788,36.963529,94,0.615686,14,0,0,100.000000,0.754858,99.512195,3764.057314,1280.207059,4951.283489,-0.000000,369.480401
20460.000000,contribution,optical,hardware,1,1,1,0,priority,0.000500,180,15,hybrid,0.050000,4000.000000,6.087000,52.000000,500.000000,500.000000,2.000000,120.000000,0.400000,205,130,205,133,204,22,49,0,0,0,0,0,133,133,0,0,0.000000,1.000000,43.417116,clear-ocean,30.000000,60.000000,0.151000,1552,4549176,1166.455385,5.701150,75,0,0,75,0,72,1,0,71,0,0,0,0,0,0,180,47,0,133,0,1,0,1,0,23,52,130,23,51,130,8.791027,224.996684,5816.851288,4.347826,1.923077,0.000000,1,0,0,4647076.650872,22.544812,121.193370,10321.310564,1477.925735,382.495895,273.223249,4644057.217072,4634770.202127,2133.644879,12306.448745,885.788923,0.031803,0.008231,0.005879,99.935025,0.019061,15.315769,9.282580,3.175788,36.855132,94,0.613881,14,0,0,100.000000,0.754858,99.512195,3764.057314,1276.452786,5037.390205,-0.000000,430.630597
20520.000000,contribution,optical,hardware,1,1,1,0,priority,0.000500,180,15,hybrid,0.050000,4000.000000,6.087000,52.000000,500.000000,500.000000,2.000000,120.000000,0.400000,205,130,205,133,204,22,49,0,0,0,0,0,133,133,0,0,0.000000,1.000000,43.417116,clear-ocean,30.000000,60.000000,0.151000,1552,4549176,1166.455385,5.684480,75,0,0,75,0,72,1,0,71,0,0,0,0,0,0,180,47,0,133,0,1,0,1,0,23,52,130,23,51,130,8.791027,224.996684,5816.851288,4.347826,1.923077,0.000000,1,0,0,4660673.752345,22.544812,121.193370,10321.310564,1482.061905,383.529938,273.453036,4657648.918544,4648361.903599,2139.044879,12311.848745,885.788923,0.031799,0.008229,0.005867,99.935099,0.019006,15.315769,9.282580,3.175788,36.747368,94,0.612086,14,0,0,100.000000,0.754858,99.512195,3764.057314,1272.720468,5123.496921,-0.000000,474.653561
20580.000000,contribution,optical,hardware,1,1,1,0,priority,0.000500,180,15,hybrid,0.050000,4000.000000,6.087000,52.000000,500.000000,500.000000,2.000000,120.000000,0.400000,205,130,205,133,204,22,49,0,0,0,0,0,133,133,0,0,0.000000,1.000000,43.417116,clear-ocean,30.000000,60.000000,0.151000,1552,4549176,1166.455385,5.667908,75,0,0,75,0,72,1,0,71,0,0,0,0,0,0,180,47,0,133,0,1,0,1,0,23,52,130,23,51,130,8.791027,224.996684,5816.851288,4.347826,1.923077,0.000000,1,0,0,4674270.853817,22.544812,121.193370,10321.310564,1486.198075,384.563980,273.682823,4671240.620017,4661953.605072,2144.444879,12317.248745,885.788923,0.031795,0.008227,0.005855,99.935172,0.018950,15.315769,9.282580,3.175788,36.640233,94,0.610301,14,0,0,100.000000,0.754858,99.512195,3764.057314,1269.009913,5209.603638,-0.000000,497.375076
20640.000000,contribution,optical,hardware,1,1,1,0,priority,0.000500,180,15,hybrid,0.050000,4000.000000,6.087000,52.000000,500.000000,500.000000,2.000000,120.000000,0.400000,205,130,205,133,204,22,49,0,0,0,0,0,133,133,0,0,0.000000,1.000000,43.417116,clear-ocean,30.000000,60.000000,0.151000,1552,4549176,1166.455385,5.651431,75,0,0,75,0,72,1,0,71,0,0,0,0,0,0,180,47,0,133,0,1,0,1,0,23,52,130,23,51,130,8.791027,224.996684,5816.851288,4.347826,1.923077,0.000000,1,0,0,4687867.955290,22.544812,121.193370,10321.310564,1490.334245,385.598023,273.912610,4684832.321489,4675545.306544,2149.844879,12322.648745,885.788923,0.031791,0.008225,0.005843,99.935245,0.018895,15.315769,9.282580,3.175788,36.533721,94,0.608527,14,0,0,100.000000,0.754858,99.512195,3764.057314,1265.320930,5295.710354,0.000000,496.640708
20700.000000,contribution,optical,hardware,1,1,1,0,priority,0.000500,180,15,hybrid,0.050000,4000.000000,6.087000,52.000000,500.000000,500.000000,2.000000,120.000000,0.400000,205,130,205,133,204,22,49,0,0,0,0,0,133,133,0,0,0.000000,1.000000,43.417116,clear-ocean,30.000000,60.000000,0.151000,1552,4549176,1166.455385,5.635050,75,0,0,75,0,72,1,0,71,0,0,0,0,0,0,180,47,0,133,0,1,0,1,0,23,52,130,23,51,130,8.791027,224.996684,5816.851288,4.347826,1.923077,0.000000,1,0,0,4701465.056762,22.544812,121.193370,10321.310564,1494.470416,386.632065,274.142398,4698424.022962,4689137.008017,2155.244879,12328.048745,885.788923,0.031787,0.008224,0.005831,99.935317,0.018841,15.315769,9.282580,3.175788,36.427826,94,0.606763,14,0,0,100.000000,0.754858,99.512195,3764.057314,1261.653333,5381.817070,0.000000,472.520088
20760.000000,contribution,optical,hardware,1,1,1,0,priority,0.000500,180,15,hybrid,0.050000,4000.000000,6.087000,52.000000,500.000000,500.000000,2.000000,120.000000,0.400000,205,130,205,133,204,22,49,0,0,0,0,0,133,133,0,0,0.000000,1.000000,43.417116,clear-ocean,30.000000,60.000000,0.151000,1552,4549176,1166.455385,5.618764,75,0,0,75,0,72,1,0,71,0,0,0,0,0,0,180,47,0,133,0,1,0,1,0,23,52,130,23,51,130,8.791027,224.996684,5816.851288,4.347826,1.923077,0.000000,1,0,0,4715062.158235,22.544812,121.193370,10321.310564,1498.606586,387.666108,274.372185,4712015.724434,4702728.709489,2160.644879,12333.448745,885.788923,0.031783,0.008222,0.005819,99.935389,0.018786,15.315769,9.282580,3.175788,36.322543,94,0.605010,14,0,0,100.000000,0.754858,99.512195,3764.057314,1258.006936,5467.923786,0.000000,427.300313
20820.000000,contribution,optical,hardware,1,1,1,0,priority,0.000500,180,15,hybrid,0.050000,4000.000000,6.087000,52.000000,500.000000,500.000000,2.000000,120.000000,0.400000,205,130,205,133,204,22,49,0,0,0,0,0,133,133,0,0,0.000000,1.000000,43.417116,clear-ocean,30.000000,60.000000,0.151000,1552,4549176,1166.455385,5.602571,75,0,0,75,0,72,1,0,71,0,0,0,0,0,0,180,47,0,133,0,1,0,1,0,23,52,130,23,51,130,8.791027,224.996684,5816.851288,4.347826,1.923077,0.000000,1,0,0,4728659.259707,22.544812,121.193370,10321.310564,1502.742756,388.700151,274.601972,4725607.425907,4716320.410962,2166.044879,12338.848745,885.788923,0.031779,0.008220,0.005807,99.935461,0.018732,15.315769,9.282580,3.175788,36.217867,94,0.603266,14,0,0,100.000000,0.754858,99.512195,3764.057314,1254.381556,5554.030502,0.000000,365.269080
20880.000000,contribution,optical,hardware,1,1,1,0,priority,0.000500,180,15,hybrid,0.050000,4000.000000,6.087000,52.000000,500.000000,500.000000,2.000000,120.000000,0.400000,205,130,205,133,204,22,49,0,0,0,0,0,133,133,0,0,0.000000,1.000000,43.417116,clear-ocean,30.000000,60.000000,0.151000,1552,4549176,1166.455385,5.586472,75,0,0,75,0,72,1,0,71,0,0,0,0,0,0,180,47,0,133,0,1,0,1,0,23,52,130,23,51,130,8.791027,224.996684,5816.851288,4.347826,1.923077,0.000000,1,0,0,4742256.361180,22.544812,121.193370,10321.310564,1506.878926,389.734193,274.831759,4739199.127379,4729912.112435,2171.444879,12344.248745,885.788923,0.031776,0.008218,0.005795,99.935532,0.018679,15.315769,9.282580,3.175788,36.113793,94,0.601533,14,0,0,100.000000,0.754858,99.512195,3764.057314,1250.777011,5640.137218,0.000000,292.308137
20940.000000,contribution,optical,hardware,1,1,1,0,priority,0.000500,180,15,hybrid,0.050000,4000.000000,6.087000,52.000000,500.000000,500.000000,2.000000,120.000000,0.400000,205,130,205,133,204,22,49,0,0,0,0,0,133,133,0,0,0.000000,1.000000,43.417116,clear-ocean,30.000000,60.000000,0.151000,1552,4549176,1166.455385,5.570465,75,0,0,75,0,72,1,0,71,0,0,0,0,0,0,180,47,0,133,0,1,0,1,0,23,52,130,23,51,130,8.791027,224.996684,5816.851288,4.347826,1.923077,0.000000,1,0,0,4755853.462652,22.544812,121.193370,10321.310564,1511.015097,390.768236,275.061547,4752790.828852,4743503.813907,2176.844879,12349.648745,885.788923,0.031772,0.008217,0.005784,99.935603,0.018625,15.315769,9.282580,3.175788,36.010315,94,0.599809,14,0,0,100.000000,0.754858,99.512195,3764.057314,1247.193123,5726.243934,0.000000,215.335574
21000.000000,contribution,optical,hardware,1,1,1,0,priority,0.000500,180,15,hybrid,0.050000,4000.000000,6.087000,52.000000,500.000000,500.000000,2.000000,120.000000,0.400000,205,130,205,133,204,22,49,0,0,0,0,0,133,133,0,0,0.000000,1.000000,43.417116,clear-ocean,30.000000,60.000000,0.151000,1552,4549176,1166.455385,5.554549,75,0,0,75,0,72,1,0,71,0,0,0,0,0,0,180,47,0,133,0,1,0,1,0,23,52,130,23,51,130,8.791027,224.996684,5816.851288,4.347826,1.923077,0.000000,1,0,0,4769450.564125,22.544812,121.193370,10321.310564,1515.151267,391.802278,275.291334,4766382.530324,4757095.515380,2182.244879,12355.048745,885.788923,0.031768,0.008215,0.005772,99.935673,0.018572,15.315769,9.282580,3.175788,35.907429,94,0.598095,14,0,0,100.000000,0.754858,99.512195,3764.057314,1243.629714,5812.350651,0.000000,141.649861
21060.000000,contribution,optical,hardware,1,1,1,0,priority,0.000500,180,15,hybrid,0.050000,4000.000000,6.087000,52.000000,500.000000,500.000000,2.000000,120.000000,0.400000,205,130,205,133,204,22,49,0,0,0,0,0,133,133,0,0,0.000000,1.000000,43.417116,clear-ocean,30.000000,60.000000,0.151000,1552,4549176,1166.455385,5.538725,75,0,0,75,0,72,1,0,71,0,0,0,0,0,0,180,47,0,133,0,1,0,1,0,23,52,130,23,51,130,8.791027,224.996684,5816.851288,4.347826,1.923077,0.000000,1,0,0,4783047.665597,22.544812,121.193370,10321.310564,1519.287437,392.836321,275.521121,4779974.231797,4770687.216852,2187.644879,12360.448745,885.788923,0.031764,0.008213,0.005760,99.935743,0.018519,15.315769,9.282580,3.175788,35.805128,94,0.596391,14,0,0,100.000000,0.754858,99.512195,3764.057314,1240.086610,5898.457367,0.000000,78.237811
21120.000000,contribution,optical,hardware,1,1,1,0,priority,0.000500,180,15,hybrid,0.050000,4000.000000,6.087000,52.000000,500.000000,500.000000,2.000000,120.000000,0.400000,205,130,205,133,204,22,49,0,0,0,0,0,133,133,0,0,0.000000,1.000000,43.417116,clear-ocean,30.000000,60.000000,0.151000,1552,4549176,1166.455385,5.522990,75,0,0,75,0,72,1,0,71,0,0,0,0,0,0,180,47,0,133,0,1,0,1,0,23,52,130,23,51,130,8.791027,224.996684,5816.851288,4.347826,1.923077,0.000000,1,0,0,4796644.767070,22.544812,121.193370,10321.310564,1523.423607,393.870363,275.750908,4793565.933269,4784278.918325,2193.044879,12365.848745,885.788923,0.031760,0.008211,0.005749,99.935813,0.018467,15.315769,9.282580,3.175788,35.703409,94,0.594697,14,0,0,100.000000,0.754858,99.512195,3764.057314,1236.563636,5984.564083,0.000000,31.112098
21180.000000,contribution,optical,hardware,1,1,1,0,priority,0.000500,180,15,hybrid,0.050000,4000.000000,6.087000,52.000000,500.000000,500.000000,2.000000,120.000000,0.400000,205,130,205,133,204,22,49,0,0,0,0,0,133,133,0,0,0.000000,1.000000,43.417116,clear-ocean,30.000000,60.000000,0.151000,1552,4549176,1166.455385,5.507344,75,0,0,75,0,72,1,0,71,0,0,0,0,0,0,180,47,0,133,0,1,0,1,0,23,52,130,23,51,130,8.791027,224.996684,5816.851288,4.347826,1.923077,0.000000,1,0,0,4810241.868542,22.544812,121.193370,10321.310564,1527.559777,394.904406,275.980695,4807157.634742,4797870.619797,2198.444879,12371.248745,885.788923,0.031756,0.008210,0.005737,99.935882,0.018415,15.315769,9.282580,3.175788,35.602266,94,0.593012,14,0,0,100.000000,0.754858,99.512195,3764.057314,1233.060623,6070.670799,0.000000,4.741140
21240.000000,contribution,optical,hardware,1,1,1,0,priority,0.000500,180,15,hybrid,0.050000,4000.000000,6.087000,52.000000,500.000000,500.000000,2.000000,120.000000,0.400000,205,130,205,133,204,22,49,0,0,0,0,0,133,133,0,0,0.000000,1.000000,43.417116,clear-ocean,30.000000,60.000000,0.151000,1552,4549176,1166.455385,5.491786,75,0,0,75,0,72,1,0,71,0,0,0,0,0,0,180,47,0,133,0,1,0,1,0,23,52,130,23,51,130,8.791027,224.996684,5816.851288,4.347826,1.923077,0.000000,1,0,0,4823838.970015,22.544812,121.193370,10321.310564,1531.695948,395.938448,276.210483,4820749.336215,4811462.321270,2203.844879,12376.648745,885.788923,0.031753,0.008208,0.005726,99.935951,0.018363,15.315769,9.282580,3.175788,35.501695,94,0.591337,14,0,0,100.000000,0.754858,99.512195,3764.057314,1229.577401,6156.777515,-0.000000,1.625408
21300.000000,contribution,optical,hardware,1,1,1,0,priority,0.000500,180,15,hybrid,0.050000,4000.000000,6.087000,52.000000,500.000000,500.000000,2.000000,120.000000,0.400000,205,130,205,133,204,22,49,0,0,0,0,0,133,133,0,0,0.000000,1.000000,43.417116,clear-ocean,30.000000,60.000000,0.151000,1552,4549176,1166.455385,5.476316,75,0,0,75,0,72,1,0,71,0,0,0,0,0,0,180,47,0,133,0,1,0,1,0,23,52,130,23,51,130,8.791027,224.996684,5816.851288,4.347826,1.923077,0.000000,1,0,0,4837436.071488,22.544812,121.193370,10321.310564,1535.832118,396.972491,276.440270,4834341.037687,4825054.022742,2209.244879,12382.048745,885.788923,0.031749,0.008206,0.005715,99.936019,0.018311,15.315769,9.282580,3.175788,35.401690,94,0.589671,14,0,0,100.000000,0.754858,99.512195,3764.057314,1226.113803,6242.884231,-0.000000,22.060332
21360.000000,contribution,optical,hardware,1,1,1,0,priority,0.000500,180,15,hybrid,0.050000,4000.000000,6.087000,52.000000,500.000000,500.000000,2.000000,120.000000,0.400000,205,130,205,133,204,22,49,0,0,0,0,0,133,133,0,0,0.000000,1.000000,43.417116,clear-ocean,30.000000,60.000000,0.151000,1552,4549176,1166.455385,5.460933,75,0,0,75,0,72,1,0,71,0,0,0,0,0,0,180,47,0,133,0,1,0,1,0,23,52,130,23,51,130,8.791027,224.996684,5816.851288,4.347826,1.923077,0.000000,1,0,0,4851033.172960,22.544812,121.193370,10321.310564,1539.968288,398.006534,276.670057,4847932.739160,4838645.724215,2214.644879,12387.448745,885.788923,0.031745,0.008205,0.005703,99.936087,0.018260,15.315769,9.282580,3.175788,35.302247,94,0.588015,14,0,0,100.000000,0.754858,99.512195,3764.057314,1222.669663,6328.990947,-0.000000,64.108292
21420.000000,contribution,optical,hardware,1,1,1,0,priority,0.000500,180,15,hybrid,0.050000,4000.000000,6.087000,52.000000,500.000000,500.000000,2.000000,120.000000,0.400000,205,130,205,133,204,22,49,0,0,0,0,0,133,133,0,0,0.000000,1.000000,43.417116,clear-ocean,30.000000,60.000000,0.151000,1552,4549176,1166.455385,5.445637,75,0,0,75,0,72,1,0,71,0,0,0,0,0,0,180,47,0,133,0,1,0,1,0,23,52,130,23,51,130,8.791027,224.996684,5816.851288,4.347826,1.923077,0.000000,1,0,0,4864630.274433,22.544812,121.193370,10321.310564,1544.104458,399.040576,276.899844,4861524.440632,4852237.425687,2220.044879,12392.848745,885.788923,0.031741,0.008203,0.005692,99.936155,0.018209,15.315769,9.282580,3.175788,35.203361,94,0.586368,14,0,0,100.000000,0.754858,99.512195,3764.057314,1219.244818,6415.097664,-0.000000,123.782337
21480.000000,contribution,optical,hardware,1,1,1,0,priority,0.000500,180,15,hybrid,0.050000,4000.000000,6.087000,52.000000,500.000000,500.000000,2.000000,120.000000,0.400000,205,130,205,133,204,22,49,0,0,0,0,0,133,133,0,0,0.000000,1.000000,43.417116,clear-ocean,30.000000,60.000000,0.151000,1552,4549176,1166.455385,5.430425,75,0,0,75,0,72,1,0,71,0,0,0,0,0,0,180,47,0,133,0,1,0,1,0,23,52,130,23,51,130,8.791027,224.996684,5816.851288,4.347826,1.923077,0.000000,1,0,0,4878227.375905,22.544812,121.193370,10321.310564,1548.240628,400.074619,277.129632,4875116.142105,4865829.127160,2225.444879,12398.248745,885.788923,0.031738,0.008201,0.005681,99.936222,0.018158,15.315769,9.282580,3.175788,35.105028,94,0.584730,14,0,0,100.000000,0.754858,99.512195,3764.057314,1215.839106,6501.204380,-0.000000,195.424228
21540.000000,contribution,optical,hardware,1,1,1,0,priority,0.000500,180,15,hybrid,0.050000,4000.000000,6.087000,52.000000,500.000000,500.000000,2.000000,120.000000,0.400000,205,130,205,133,204,22,49,0,0,0,0,0,133,133,0,0,0.000000,1.000000,43.417116,clear-ocean,30.000000,60.000000,0.151000,1552,4549176,1166.455385,5.415299,75,0,0,75,0,72,1,0,71,0,0,0,0,0,0,180,47,0,133,0,1,0,1,0,23,52,130,23,51,130,8.791027,224.996684,5816.851288,4.347826,1.923077,0.000000,1,0,0,4891824.477378,22.544812,121.193370,10321.310564,1552.376799,401.108661,277.359419,4888707.843577,4879420.828632,2230.844879,12403.648745,885.788923,0.031734,0.008200,0.005670,99.936289,0.018108,15.315769,9.282580,3.175788,35.007242,94,0.583101,14,0,0,100.000000,0.754858,99.512195,3764.057314,1212.452368,6587.311096,-0.000000,272.240945
21600.000000,contribution,optical,hardware,1,1,1,0,priority,0.000500,180,15,hybrid,0.050000,4000.000000,6.087000,52.000000,500.000000,500.000000,2.000000,120.000000,0.400000,205,130,205,133,204,22,49,0,0,0,0,0,133,133,0,0,0.000000,1.000000,43.417116,clear-ocean,30.000000,60.000000,0.151000,1552,4549176,1166.455385,5.400256,75,0,0,75,0,72,1,0,71,0,0,0,0,0,0,180,47,0,133,0,1,0,1,0,23,52,130,23,51,130,8.791027,224.996684,5816.851288,4.347826,1.923077,0.000000,1,0,0,4905421.578850,22.544812,121.193370,10321.310564,1556.512969,402.142704,277.589206,4902299.545050,4893012.530105,2236.244879,12409.048745,885.788923,0.031730,0.008198,0.005659,99.936355,0.018057,15.315769,9.282580,3.175788,34.910000,94,0.581481,14,0,0,100.000000,0.754858,99.512195,3764.057314,1209.084444,6673.417812,-0.000000,346.948795
21660.000000,contribution,optical,hardware,1,1,1,0,priority,0.000500,180,15,hybrid,0.050000,4000.000000,6.087000,52.000000,500.000000,500.000000,2.000000,120.000000,0.400000,205,130,205,133,204,22,49,0,0,0,0,0,133,133,0,0,0.000000,1.000000,43.417116,clear-ocean,30.000000,60.000000,0.151000,1552,4549176,1166.455385,5.385297,75,0,0,75,0,72,1,0,71,0,0,0,0,0,0,180,47,0,133,0,1,0,1,0,23,52,130,23,51,130,8.791027,224.996684,5816.851288,4.347826,1.923077,0.000000,1,0,0,4919018.680323,22.544812,121.193370,10321.310564,1560.649139,403.176746,277.818993,4915891.246522,4906604.231577,2241.644879,12414.448745,885.788923,0.031727,0.008196,0.005648,99.936422,0.018007,15.315769,9.282580,3.175788,34.813296,94,0.579871,14,0,0,100.000000,0.754858,99.512195,3764.057314,1205.735180,6759.524528,-0.000000,412.464047
21720.000000,contribution,optical,hardware,1,1,1,0,priority,0.000500,180,15,hybrid,0.050000,4000.000000,6.087000,52.000000,500.000000,500.000000,2.000000,120.000000,0.400000,205,130,205,133,204,22,49,0,0,0,0,0,133,133,0,0,0.000000,1.000000,43.417116,clear-ocean,30.000000,60.000000,0.151000,1552,4549176,1166.455385,5.370421,75,0,0,75,0,72,1,0,71,0,0,0,0,0,0,180,47,0,133,0,1,0,1,0,23,52,130,23,51,130,8.791027,224.996684,5816.851288,4.347826,1.923077,0.000000,1,0,0,4932615.781795,22.544812,121.193370,10321.310564,1564.785309,404.210789,278.048781,4929482.947995,4920195.933050,2247.044879,12419.848745,885.788923,0.031723,0.008195,0.005637,99.936487,0.017958,15.315769,9.282580,3.175788,34.717127,94,0.578269,14,0,0,100.000000,0.754858,99.512195,3764.057314,1202.404420,6845.631244,-0.000000,462.574604
21780.000000,contribution,optical,hardware,1,1,1,0,priority,0.000500,180,15,hybrid,0.050000,4000.000000,6.087000,52.000000,500.000000,500.000000,2.000000,120.000000,0.400000,205,130,205,133,204,22,49,0,0,0,0,0,133,133,0,0,0.000000,1.000000,43.417116,clear-ocean,30.000000,60.000000,0.151000,1552,4549176,1166.455385,5.355626,75,0,0,75,0,72,1,0,71,0,0,0,0,0,0,180,47,0,133,0,1,0,1,0,23,52,130,23,51,130,8.791027,224.996684,5816.851288,4.347826,1.923077,0.000000,1,0,0,4946212.883268,22.544812,121.193370,10321.310564,1568.921480,405.244831,278.278568,4943074.649467,4933787.634523,2252.444879,12425.248745,885.788923,0.031720,0.008193,0.005626,99.936553,0.017908,15.315769,9.282580,3.175788,34.621488,94,0.576676,14,0,0,100.000000,0.754858,99.512195,3764.057314,1199.092011,6931.737960,-0.000000,492.529027
21840.000000,contribution,optical,hardware,1,1,1,0,priority,0.000500,180,15,hybrid,0.050000,4000.000000,6.087000,52.000000,500.000000,500.000000,2.000000,120.000000,0.400000,205,130,205,133,204,22,49,0,0,0,0,0,133,133,0,0,0.000000,1.000000,43.417116,clear-ocean,30.000000,60.000000,0.151000,1552,4549176,1166.455385,5.340913,75,0,0,75,0,72,1,0,71,0,0,0,0,0,0,180,47,0,133,0,1,0,1,0,23,52,130,23,51,130,8.791027,224.996684,5816.851288,4.347826,1.923077,0.000000,1,0,0,4959809.984740,22.544812,121.193370,10321.310564,1573.057650,406.278874,278.508355,4956666.350940,4947379.335995,2257.844879,12430.648745,885.788923,0.031716,0.008191,0.005615,99.936618,0.017859,15.315769,9.282580,3.175788,34.526374,94,0.575092,14,0,0,100.000000,0.754858,99.512195,3764.057314,1195.797802,7017.844677,0.000000,499.487065
21900.000000,contribution,optical,hardware,1,1,1,0,priority,0.000500,180,15,hybrid,0.050000,4000.000000,6.087000,52.000000,500.000000,500.000000,2.000000,120.000000,0.400000,205,130,205,133,204,22,49,0,0,0,0,0,133,133,0,0,0.000000,1.000000,43.417116,clear-ocean,30.000000,60.000000,0.151000,1552,4549176,1166.455385,5.326280,75,0,0,75,0,72,1,0,71,0,0,0,0,0,0,180,47,0,133,0,1,0,1,0,23,52,130,23,51,130,8.791027,224.996684,5816.851288,4.347826,1.923077,0.000000,1,0,0,4973407.086213,22.544812,121.193370,10321.310564,1577.193820,407.312917,278.738142,4970258.052412,4960971.037468,2263.244879,12436.048745,885.788923,0.031713,0.008190,0.005605,99.936683,0.017811,15.315769,9.282580,3.175788,34.431781,94,0.573516,14,0,0,100.000000,0.754858,99.512195,3764.057314,1192.521644,7103.951393,0.000000,482.788962
21960.000000,contribution,optical,hardware,1,1,1,0,priority,0.000500,180,15,hybrid,0.050000,4000.000000,6.087000,52.000000,500.000000,500.000000,2.000000,120.000000,0.400000,205,130,205,133,204,22,49,0,0,0,0,0,133,133,0,0,0.000000,1.000000,43.417116,clear-ocean,30.000000,60.000000,0.151000,1552,4549176,1166.455385,5.311728,75,0,0,75,0,72,1,0,71,0,0,0,0,0,0,180,47,0,133,0,1,0,1,0,23,52,130,23,51,130,8.791027,224.996684,5816.851288,4.347826,1.923077,0.000000,1,0,0,4987004.187685,22.544812,121.193370,10321.310564,1581.329990,408.346959,278.967930,4983849.753885,4974562.738940,2268.644879,12441.448745,885.788923,0.031709,0.008188,0.005594,99.936747,0.017762,15.315769,9.282580,3.175788,34.337705,94,0.571949,14,0,0,100.000000,0.754858,99.512195,3764.057314,1189.263388,7190.058109,0.000000,444.018019
22020.000000,contribution,optical,hardware,1,1,1,0,priority,0.000500,180,15,hybrid,0.050000,4000.000000,6.087000,52.000000,500.000000,500.000000,2.000000,120.000000,0.400000,205,130,205,133,204,22,49,0,0,0,0,0,133,133,0,0,0.000000,1.000000,43.417116,clear-ocean,30.000000,60.000000,0.151000,1552,4549176,1166.455385,5.297254,75,0,0,75,0,72,1,0,71,0,0,0,0,0,0,180,47,0,133,0,1,0,1,0,23,52,130,23,51,130,8.791027,224.996684,5816.851288,4.347826,1.923077,0.000000,1,0,0,5000601.289158,22.544812,121.193370,10321.310564,1585.466160,409.381002,279.197717,4997441.455357,4988154.440413,2274.044879,12446.848745,885.788923,0.031706,0.008187,0.005583,99.936811,0.017714,15.315769,9.282580,3.175788,34.244142,94,0.570391,14,0,0,100.000000,0.754858,99.512195,3764.057314,1186.022888,7276.164825,0.000000,386.850460
22080.000000,contribution,optical,hardware,1,1,1,0,priority,0.000500,180,15,hybrid,0.050000,4000.000000,6.087000,52.000000,500.000000,500.000000,2.000000,120.000000,0.400000,205,130,205,133,204,22,49,0,0,0,0,0,133,133,0,0,0.000000,1.000000,43.417116,clear-ocean,30.000000,60.000000,0.151000,1552,4549176,1166.455385,5.282860,75,0,0,75,0,72,1,0,71,0,0,0,0,0,0,180,47,0,133,0,1,0,1,0,23,52,130,23,51,130,8.791027,224.996684,5816.851288,4.347826,1.923077,0.000000,1,0,0,5014198.390630,22.544812,121.193370,10321.310564,1589.602331,410.415044,279.427504,5011033.156830,5001746.141885,2279.444879,12452.248745,885.788923,0.031702,0.008185,0.005573,99.936875,0.017666,15.315769,9.282580,3.175788,34.151087,94,0.568841,14,0,0,100.000000,0.754858,99.512195,3764.057314,1182.800000,7362.271541,0.000000,316.706863
22140.000000,contribution,optical,hardware,1,1,1,0,priority,0.000500,180,15,hybrid,0.050000,4000.000000,6.087000,52.000000,500.000000,500.000000,2.000000,120.000000,0.400000,205,130,205,133,204,22,49,0,0,0,0,0,133,133,0,0,0.000000,1.000000,43.417116,clear-ocean,30.000000,60.000000,0.151000,1552,4549176,1166.455385,5.268543,75,0,0,75,0,72,1,0,71,0,0,0,0,0,0,180,47,0,133,0,1,0,1,0,23,52,130,23,51,130,8.791027,224.996684,5816.851288,4.347826,1.923077,0.000000,1,0,0,5027795.492103,22.544812,121.193370,10321.310564,1593.738501,411.449087,279.657291,5024624.858303,5015337.843358,2284.844879,12457.648745,885.788923,0.031699,0.008183,0.005562,99.936938,0.017618,15.315769,9.282580,3.175788,34.058537,94,0.567299,14,0,0,100.000000,0.754858,99.512195,3764.057314,1179.594580,7448.378257,0.000000,240.238181
22200.000000,contribution,optical,hardware,1,1,1,0,priority,0.000500,180,15,hybrid,0.050000,4000.000000,6.087000,52.000000,500.000000,500.000000,2.000000,120.000000,0.400000,205,130,205,133,204,22,49,0,0,0,0,0,133,133,0,0,0.000000,1.000000,43.417116,clear-ocean,30.000000,60.000000,0.151000,1552,4549176,1166.455385,5.254304,75,0,0,75,0,72,1,0,71,0,0,0,0,0,0,180,47,0,133,0,1,0,1,0,23,52,130,23,51,130,8.791027,224.996684,5816.851288,4.347826,1.923077,0.000000,1,0,0,5041392.593575,22.544812,121.193370,10321.310564,1597.874671,412.483129,279.887078,5038216.559775,5028929.544830,2290.244879,12463.048745,885.788923,0.031695,0.008182,0.005552,99.937001,0.017570,15.315769,9.282580,3.175788,33.966486,94,0.565766,14,0,0,100.000000,0.754858,99.512195,3764.057314,1176.406486,7534.484973,0.000000,164.695106
22260.000000,contribution,optical,hardware,1,1,1,0,priority,0.000500,180,15,hybrid,0.050000,4000.000000,6.087000,52.000000,500.000000,500.000000,2.000000,120.000000,0.400000,205,130,205,133,204,22,49,0,0,0,0,0,133,133,0,0,0.000000,1.000000,43.417116,clear-ocean,30.000000,60.000000,0.151000,1552,4549176,1166.455385,5.240141,75,0,0,75,0,72,1,0,71,0,0,0,0,0,0,180,47,0,133,0,1,0,1,0,23,52,130,23,51,130,8.791027,224.996684,5816.851288,4.347826,1.923077,0.000000,1,0,0,5054989.695048,22.544812,121.193370,10321.310564,1602.010841,413.517172,280.116866,5051808.261248,5042521.246303,2295.644879,12468.448745,885.788923,0.031692,0.008180,0.005541,99.937063,0.017523,15.315769,9.282580,3.175788,33.874933,94,0.564241,14,0,0,100.000000,0.754858,99.512195,3764.057314,1173.235580,7620.591690,0.000000,97.240565
22320.000000,contribution,optical,hardware,1,1,1,0,priority,0.000500,180,15,hybrid,0.050000,4000.000000,6.087000,52.000000,500.000000,500.000000,2.000000,120.000000,0.400000,205,130,205,133,204,22,49,0,0,0,0,0,133,133,0,0,0.000000,1.000000,43.417116,clear-ocean,30.000000,60.000000,0.151000,1552,4549176,1166.455385,5.226055,75,0,0,75,0,72,1,0,71,0,0,0,0,0,0,180,47,0,133,0,1,0,1,0,23,52,130,23,51,130,8.791027,224.996684,5816.851288,4.347826,1.923077,0.000000,1,0,0,5068586.796520,22.544812,121.193370,10321.310564,1606.147011,414.551214,280.346653,5065399.962720,5056112.947775,2301.044879,12473.848745,885.788923,0.031688,0.008179,0.005531,99.937126,0.017476,15.315769,9.282580,3.175788,33.783871,94,0.562724,14,0,0,100.000000,0.754858,99.512195,3764.057314,1170.081720,7706.698406,0.000000,44.270537
22380.000000,contribution,optical,hardware,1,1,1,0,priority,0.000500,180,15,hybrid,0.050000,4000.000000,6.087000,52.000000,500.000000,500.000000,2.000000,120.000000,0.400000,205,130,205,133,204,22,49,0,0,0,0,0,133,133,0,0,0.000000,1.000000,43.417116,clear-ocean,30.000000,60.000000,0.151000,1552,4549176,1166.455385,5.212044,75,0,0,75,0,72,1,0,71,0,0,0,0,0,0,180,47,0,133,0,1,0,1,0,23,52,130,23,51,130,8.791027,224.996684,5816.851288,4.347826,1.923077,0.000000,1,0,0,5082183.897993,22.544812,121.193370,10321.310564,1610.283182,415.585257,280.576440,5078991.664193,5069704.649248,2306.444879,12479.248745,885.788923,0.031685,0.008177,0.005521,99.937188,0.017429,15.315769,9.282580,3.175788,33.693298,94,0.561215,14,0,0,100.000000,0.754858,99.512195,3764.057314,1166.944772,7792.805122,0.000000,10.807592
22440.000000,contribution,optical,hardware,1,1,1,0,priority,0.000500,180,15,hybrid,0.050000,4000.000000,6.087000,52.000000,500.000000,500.000000,2.000000,120.000000,0.400000,205,130,205,133,204,22,49,0,0,0,0,0,133,133,0,0,0.000000,1.000000,43.417116,clear-ocean,30.000000,60.000000,0.151000,1552,4549176,1166.455385,5.198108,75,0,0,75,0,72,1,0,71,0,0,0,0,0,0,180,47,0,133,0,1,0,1,0,23,52,130,23,51,130,8.791027,224.996684,5816.851288,4.347826,1.923077,0.000000,1,0,0,5095780.999465,22.544812,121.193370,10321.310564,1614.419352,416.619300,280.806227,5092583.365665,5083296.350720,2311.844879,12484.648745,885.788923,0.031681,0.008176,0.005511,99.937249,0.017383,15.315769,9.282580,3.175788,33.603209,94,0.559715,14,0,0,100.000000,0.754858,99.512195,3764.057314,1163.824599,7878.911838,-0.000000,0.024657
22500.000000,contribution,optical,hardware,1,1,1,0,priority,0.000500,180,15,hybrid,0.050000,4000.000000,6.087000,52.000000,500.000000,500.000000,2.000000,120.000000,0.400000,205,130,205,133,204,22,49,0,0,0,0,0,133,133,0,0,0.000000,1.000000,43.417116,clear-ocean,30.000000,60.000000,0.151000,1552,4549176,1166.455385,5.184246,75,0,0,75,0,72,1,0,71,0,0,0,0,0,0,180,47,0,133,0,1,0,1,0,23,52,130,23,51,130,8.791027,224.996684,5816.851288,4.347826,1.923077,0.000000,1,0,0,5109378.100938,22.544812,121.193370,10321.310564,1618.555522,417.653342,281.036015,5106175.067138,5096888.052193,2317.244879,12490.048745,885.788923,0.031678,0.008174,0.005500,99.937311,0.017337,15.315769,9.282580,3.175788,33.513600,94,0.558222,14,0,0,100.000000,0.754858,99.512195,3764.057314,1160.721067,7965.018554,-0.000000,12.944161
22560.000000,contribution,optical,hardware,1,1,1,0,priority,0.000500,180,15,hybrid,0.050000,4000.000000,6.087000,52.000000,500.000000,500.000000,2.000000,120.000000,0.400000,205,130,205,133,204,22,49,0,0,0,0,0,133,133,0,0,0.000000,1.000000,43.417116,clear-ocean,30.000000,60.000000,0.151000,1552,4549176,1166.455385,5.170458,75,0,0,75,0,72,1,0,71,0,0,0,0,0,0,180,47,0,133,0,1,0,1,0,23,52,130,23,51,130,8.791027,224.996684,5816.851288,4.347826,1.923077,0.000000,1,0,0,5122975.202410,22.544812,121.193370,10321.310564,1622.691692,418.687385,281.265802,5119766.768610,5110479.753665,2322.644879,12495.448745,885.788923,0.031675,0.008173,0.005490,99.937372,0.017291,15.315769,9.282580,3.175788,33.424468,94,0.556738,14,0,0,100.000000,0.754858,99.512195,3764.057314,1157.634043,8051.125270,-0.000000,48.341087
22620.000000,contribution,optical,hardware,1,1,1,0,priority,0.000500,180,15,hybrid,0.050000,4000.000000,6.087000,52.000000,500.000000,500.000000,2.000000,120.000000,0.400000,205,130,205,133,204,22,49,0,0,0,0,0,133,133,0,0,0.000000,1.000000,43.417116,clear-ocean,30.000000,60.000000,0.151000,1552,4549176,1166.455385,5.156744,75,0,0,75,0,72,1,0,71,0,0,0,0,0,0,180,47,0,133,0,1,0,1,0,23,52,130,23,51,130,8.791027,224.996684,5816.851288,4.347826,1.923077,0.000000,1,0,0,5136572.303883,22.544812,121.193370,10321.310564,1626.827863,419.721427,281.495589,5133358.470083,5124071.455138,2328.044879,12500.848745,885.788923,0.031671,0.008171,0.005480,99.937432,0.017245,15.315769,9.282580,3.175788,33.335809,94,0.555261,14,0,0,100.000000,0.754858,99.512195,3764.057314,1154.563395,8137.231986,-0.000000,102.859131
22680.000000,contribution,optical,hardware,1,1,1,0,priority,0.000500,180,15,hybrid,0.050000,4000.000000,6.087000,52.000000,500.000000,500.000000,2.000000,120.000000,0.400000,205,130,205,133,204,22,49,0,0,0,0,0,133,133,0,0,0.000000,1.000000,43.417116,clear-ocean,30.000000,60.000000,0.151000,1552,4549176,1166.455385,5.143101,75,0,0,75,0,72,1,0,71,0,0,0,0,0,0,180,47,0,133,0,1,0,1,0,23,52,130,23,51,130,8.791027,224.996684,5816.851288,4.347826,1.923077,0.000000,1,0,0,5150169.405356,22.544812,121.193370,10321.310564,1630.964033,420.755470,281.725376,5146950.171555,5137663.156610,2333.444879,12506.248745,885.788923,0.031668,0.008170,0.005470,99.937493,0.017199,15.315769,9.282580,3.175788,33.247619,94,0.553792,14,0,0,100.000000,0.754858,99.512195,3764.057314,1151.508995,8223.338703,-0.000000,171.328940
22740.000000,contribution,optical,hardware,1,1,1,0,priority,0.000500,180,15,hybrid,0.050000,4000.000000,6.087000,52.000000,500.000000,500.000000,2.000000,120.000000,0.400000,205,130,205,133,204,22,49,0,0,0,0,0,133,133,0,0,0.000000,1.000000,43.417116,clear-ocean,30.000000,60.000000,0.151000,1552,4549176,1166.455385,5.129531,75,0,0,75,0,72,1,0,71,0,0,0,0,0,0,180,47,0,133,0,1,0,1,0,23,52,130,23,51,130,8.791027,224.996684,5816.851288,4.347826,1.923077,0.000000,1,0,0,5163766.506828,22.544812,121.193370,10321.310564,1635.100203,421.789512,281.955164,5160541.873028,5151254.858083,2338.844879,12511.648745,885.788923,0.031665,0.008168,0.005460,99.937553,0.017154,15.315769,9.282580,3.175788,33.159894,94,0.552331,14,0,0,100.000000,0.754858,99.512195,3764.057314,1148.470712,8309.445419,-0.000000,247.258269
22800.000000,contribution,optical,hardware,1,1,1,0,priority,0.000500,180,15,hybrid,0.050000,4000.000000,6.087000,52.000000,500.000000,500.000000,2.000000,120.000000,0.400000,205,130,205,133,204,22,49,0,0,0,0,0,133,133,0,0,0.000000,1.000000,43.417116,clear-ocean,30.000000,60.000000,0.151000,1552,4549176,1166.455385,5.116032,75,0,0,75,0,72,1,0,71,0,0,0,0,0,0,180,47,0,133,0,1,0,1,0,23,52,130,23,51,130,8.791027,224.996684,5816.851288,4.347826,1.923077,0.000000,1,0,0,5177363.608301,22.544812,121.193370,10321.310564,1639.236373,422.823555,282.184951,5174133.574500,5164846.559556,2344.244879,12517.048745,885.788923,0.031662,0.008167,0.005450,99.937612,0.017109,15.315769,9.282580,3.175788,33.072632,94,0.550877,14,0,0,100.000000,0.754858,99.512195,3764.057314,1145.448421,8395.552135,-0.000000,323.447567
22860.000000,contribution,optical,hardware,1,1,1,0,priority,0.000500,180,15,hybrid,0.050000,4000.000000,6.087000,52.000000,500.000000,500.000000,2.000000,120.000000,0.400000,205,130,205,133,204,22,49,0,0,0,0,0,133,133,0,0,0.000000,1.000000,43.417116,clear-ocean,30.000000,60.000000,0.151000,1552,4549176,1166.455385,5.102604,75,0,0,75,0,72,1,0,71,0,0,0,0,0,0,180,47,0,133,0,1,0,1,0,23,52,130,23,51,130,8.791027,224.996684,5816.851288,4.347826,1.923077,0.000000,1,0,0,5190960.709773,22.544812,121.193370,10321.310564,1643.372543,423.857597,282.414738,5187725.275973,5178438.261028,2349.644879,12522.448745,885.788923,0.031658,0.008165,0.005441,99.937672,0.017064,15.315769,9.282580,3.175788,32.985827,94,0.549431,14,0,0,100.000000,0.754858,99.512195,3764.057314,1142.441995,8481.658851,-0.000000,392.672631
22920.000000,contribution,optical,hardware,1,1,1,0,priority,0.000500,180,15,hybrid,0.050000,4000.000000,6.087000,52.000000,500.000000,500.000000,2.000000,120.000000,0.400000,205,130,205,133,204,22,49,0,0,0,0,0,133,133,0,0,0.000000,1.000000,43.417116,clear-ocean,30.000000,60.000000,0.151000,1552,4549176,1166.455385,5.089247,75,0,0,75,0,72,1,0,71,0,0,0,0,0,0,180,47,0,133,0,1,0,1,0,23,52,130,23,51,130,8.791027,224.996684,5816.851288,4.347826,1.923077,0.000000,1,0,0,5204557.811246,22.544812,121.193370,10321.310564,1647.508714,424.891640,282.644525,5201316.977445,5192029.962501,2355.044879,12527.848745,885.788923,0.031655,0.008164,0.005431,99.937731,0.017019,15.315769,9.282580,3.175788,32.899476,94,0.547993,14,0,0,100.000000,0.754858,99.512195,3764.057314,1139.451309,8567.765567,-0.000000,448.369605
22980.000000,contribution,optical,hardware,1,1,1,0,priority,0.000500,180,15,hybrid,0.050000,4000.000000,6.087000,52.000000,500.000000,500.000000,2.000000,120.000000,0.400000,205,130,205,133,204,22,49,0,0,0,0,0,133,133,0,0,0.000000,1.000000,43.417116,clear-ocean,30.000000,60.000000,0.151000,1552,4549176,1166.455385,5.075959,75,0,0,75,0,72,1,0,71,0,0,0,0,0,0,180,47,0,133,0,1,0,1,0,23,52,130,23,51,130,8.791027,224.996684,5816.851288,4.347826,1.923077,0.000000,1,0,0,5218154.912718,22.544812,121.193370,10321.310564,1651.644884,425.925682,282.874312,5214908.678918,5205621.663973,2360.444879,12533.248745,885.788923,0.031652,0.008162,0.005421,99.937790,0.016975,15.315769,9.282580,3.175788,32.813577,94,0.546562,14,0,0,100.000000,0.754858,99.512195,3764.057314,1136.476240,8653.872283,-0.000000,485.257350
23040.000000,contribution,optical,hardware,1,1,1,0,priority,0.000500,180,15,hybrid,0.050000,4000.000000,6.087000,52.000000,500.000000,500.000000,2.000000,120.000000,0.400000,205,130,205,133,204,22,49,0,0,0,0,0,133,133,0,0,0.000000,1.000000,43.417116,clear-ocean,30.000000,60.000000,0.151000,1552,4549176,1166.455385,5.062740,75,0,0,75,0,72,1,0,71,0,0,0,0,0,0,180,47,0,133,0,1,0,1,0,23,52,130,23,51,130,8.791027,224.996684,5816.851288,4.347826,1.923077,0.000000,1,0,0,5231752.014191,22.544812,121.193370,10321.310564,1655.781054,426.959725,283.104100,5228500.380390,5219213.365446,2365.844879,12538.648745,885.788923,0.031649,0.008161,0.005411,99.937848,0.016931,15.315769,9.282580,3.175788,32.728125,94,0.545139,14,0,0,100.000000,0.754858,99.512195,3764.057314,1133.516667,8739.978999,-0.000000,499.838204
23100.000000,contribution,optical,hardware,1,1,1,0,priority,0.000500,180,15,hybrid,0.050000,4000.000000,6.087000,52.000000,500.000000,500.000000,2.000000,120.000000,0.400000,205,130,205,133,204,22,49,0,0,0,0,0,133,133,0,0,0.000000,1.000000,43.417116,clear-ocean,30.000000,60.000000,0.151000,1552,4549176,1166.455385,5.049590,75,0,0,75,0,72,1,0,71,0,0,0,0,0,0,180,47,0,133,0,1,0,1,0,23,52,130,23,51,130,8.791027,224.996684,5816.851288,4.347826,1.923077,0.000000,1,0,0,5245349.115663,22.544812,121.193370,10321.310564,1659.917224,427.993768,283.333887,5242092.081863,5232805.066918,2371.244879,12544.048745,885.788923,0.031646,0.008159,0.005402,99.937906,0.016887,15.315769,9.282580,3.175788,32.643117,94,0.543723,14,0,0,100.000000,0.754858,99.512195,3764.057314,1130.572468,8826.085716,0.000000,490.729622
23160.000000,contribution,optical,hardware,1,1,1,0,priority,0.000500,180,15,hybrid,0.050000,4000.000000,6.087000,52.000000,500.000000,500.000000,2.000000,120.000000,0.400000,205,130,205,133,204,22,49,0,0,0,0,0,133,133,0,0,0.000000,1.000000,43.417116,clear-ocean,30.000000,60.000000,0.151000,1552,4549176,1166.455385,5.036509,75,0,0,75,0,72,1,0,71,0,0,0,0,0,0,180,47,0,133,0,1,0,1,0,23,52,130,23,51,130,8.791027,224.996684,5816.851288,4.347826,1.923077,0.000000,1,0,0,5258946.217136,22.544812,121.193370,10321.310564,1664.053394,429.027810,283.563674,5255683.783336,5246396.768391,2376.644879,12549.448745,885.788923,0.031642,0.008158,0.005392,99.937964,0.016843,15.315769,9.282580,3.175788,32.558549,94,0.542314,14,0,0,100.000000,0.754858,99.512195,3764.057314,1127.643523,8912.192432,0.000000,458.795274
23220.000000,contribution,optical,hardware,1,1,1,0,priority,0.000500,180,15,hybrid,0.050000,4000.000000,6.087000,52.000000,500.000000,500.000000,2.000000,120.000000,0.400000,205,130,205,133,204,22,49,0,0,0,0,0,133,133,0,0,0.000000,1.000000,43.417116,clear-ocean,30.000000,60.000000,0.151000,1552,4549176,1166.455385,5.023494,75,0,0,75,0,72,1,0,71,0,0,0,0,0,0,180,47,0,133,0,1,0,1,0,23,52,130,23,51,130,8.791027,224.996684,5816.851288,4.347826,1.923077,0.000000,1,0,0,5272543.318608,22.544812,121.193370,10321.310564,1668.189565,430.061853,283.793461,5269275.484808,5259988.469863,2382.044879,12554.848745,885.788923,0.031639,0.008157,0.005382,99.938022,0.016800,15.315769,9.282580,3.175788,32.474419,94,0.540913,14,0,0,100.000000,0.754858,99.512195,3764.057314,1124.729716,8998.299148,0.000000,407.063144
23280.000000,contribution,optical,hardware,1,1,1,0,priority,0.000500,180,15,hybrid,0.050000,4000.000000,6.087000,52.000000,500.000000,500.000000,2.000000,120.000000,0.400000,205,130,205,133,204,22,49,0,0,0,0,0,133,133,0,0,0.000000,1.000000,43.417116,clear-ocean,30.000000,60.000000,0.151000,1552,4549176,1166.455385,5.010547,75,0,0,75,0,72,1,0,71,0,0,0,0,0,0,180,47,0,133,0,1,0,1,0,23,52,130,23,51,130,8.791027,224.996684,5816.851288,4.347826,1.923077,0.000000,1,0,0,5286140.420081,22.544812,121.193370,10321.310564,1672.325735,431.095895,284.023249,5282867.186281,5273580.171336,2387.444879,12560.248745,885.788923,0.031636,0.008155,0.005373,99.938079,0.016757,15.315769,9.282580,3.175788,32.390722,94,0.539519,14,0,0,100.000000,0.754858,99.512195,3764.057314,1121.830928,9084.405864,0.000000,340.438428
23340.000000,contribution,optical,hardware,1,1,1,0,priority,0.000500,180,15,hybrid,0.050000,4000.000000,6.087000,52.000000,500.000000,500.000000,2.000000,120.000000,0.400000,205,130,205,133,204,22,49,0,0,0,0,0,133,133,0,0,0.000000,1.000000,43.417116,clear-ocean,30.000000,60.000000,0.151000,1552,4549176,1166.455385,4.997667,75,0,0,75,0,72,1,0,71,0,0,0,0,0,0,180,47,0,133,0,1,0,1,0,23,52,130,23,51,130,8.791027,224.996684,5816.851288,4.347826,1.923077,0.000000,1,0,0,5299737.521553,22.544812,121.193370,10321.310564,1676.461905,432.129938,284.253036,5296458.887753,5287171.872808,2392.844879,12565.648745,885.788923,0.031633,0.008154,0.005364,99.938136,0.016714,15.315769,9.282580,3.175788,32.307455,94,0.538132,14,0,0,100.000000,0.754858,99.512195,3764.057314,1118.947044,9170.512580,0.000000,265.238421
23400.000000,contribution,optical,hardware,1,1,1,0,priority,0.000500,180,15,hybrid,0.050000,4000.000000,6.087000,52.000000,500.000000,500.000000,2.000000,120.000000,0.400000,205,130,205,133,204,22,49,0,0,0,0,0,133,133,0,0,0.000000,1.000000,43.417116,clear-ocean,30.000000,60.000000,0.151000,1552,4549176,1166.455385,4.984852,75,0,0,75,0,72,1,0,71,0,0,0,0,0,0,180,47,0,133,0,1,0,1,0,23,52,130,23,51,130,8.791027,224.996684,5816.851288,4.347826,1.923077,0.000000,1,0,0,5313334.623026,22.544812,121.193370,10321.310564,1680.598075,433.163980,284.482823,5310050.589226,5300763.574281,2398.244879,12571.048745,885.788923,0.031630,0.008152,0.005354,99.938193,0.016671,15.315769,9.282580,3.175788,32.224615,94,0.536752,14,0,0,100.000000,0.754858,99.512195,3764.057314,1116.077949,9256.619296,0.000000,188.593520
23450.000000,contribution,optical,hardware,1,1,1,0,priority,0.000500,180,15,hybrid,0.050000,4000.000000,6.087000,52.000000,500.000000,500.000000,2.000000,120.000000,0.400000,205,130,205,133,204,22,49,0,0,0,0,0,133,133,0,0,0.000000,1.000000,43.417116,clear-ocean,30.000000,60.000000,0.151000,1552,4549176,1166.455385,4.974223,75,0,0,75,0,72,1,0,71,0,0,0,0,0,0,180,47,0,133,0,1,0,1,0,23,52,130,23,51,130,8.791027,224.996684,5816.851288,4.347826,1.923077,0.000000,1,0,0,5324665.540920,22.544812,121.193370,10321.310564,1684.044884,434.025682,284.674312,5321377.007119,5312089.992175,2402.744879,12575.548745,885.788923,0.031627,0.008151,0.005346,99.938240,0.016636,15.315769,9.282580,3.175788,32.155906,94,0.535608,14,0,0,100.000000,0.754858,99.512195,3764.057314,1113.698252,9328.374893,0.000000,128.874011
