time,protocol,auvCollectionMedium,energyModel,lowPayloadAtGateway,enableHighFallback,enableMediumFallback,matchHybridQueues,ddnBufferPolicy,nodeIdlePowerW,nodes,sinks,sinkPlacement,trafficLoad,trafficStop,auvSpeedKmh,txPowerMarginDb,ddnEomOffset,ddnDepth,highFallbackTimeout,mediumFallbackTimeout,mediumFallbackRhoMax,generated,gatewayOriginated,reachedDdn,collectedByAuv,delivered,directCriticalToSink,directMediumToSink,directLowToSink,bufferDropped,bufferDroppedHigh,bufferDroppedMedium,bufferDroppedLow,opticalTransfers,opticalAttempted,opticalLost,opticalPending,opticalLossPct,opticalMeanPktSuccess,opticalMeanSnrDb,opticalWaterType,opticalRange,opticalPointingCoherenceSeconds,opticalExtCoeff,acousticTransfers,acousticTxBytes,acousticTxAirtimeS,acousticTxAirtimePct,acousticSourceAttempts,acousticRetransmissions,acousticRetryExhausted,acousticAcks,acousticPending,directSourceAttempts,directRetransmissions,directCyclesExhausted,directAcks,directPending,mobileSourceAttempts,mobileRetransmissions,mobileContactFailures,mobileAcks,mobilePending,auvSurfaceSourceAttempts,auvSurfaceRetransmissions,auvSurfaceContactFailures,auvSurfaceAcks,auvSurfacePending,deadlineExpired,deadlineExpiredHigh,deadlineExpiredMedium,deadlineExpiredLow,highGenerated,mediumGenerated,lowGenerated,highDelivered,mediumDelivered,lowDelivered,highAvgDelay,mediumAvgDelay,lowAvgDelay,highMissRatio,mediumMissRatio,lowMissRatio,highDeadlineMiss,mediumDeadlineMiss,lowDeadlineMiss,energyConsumedJ,highEnergyJ,mediumEnergyJ,lowEnergyJ,bsnEnergyJ,drnEnergyJ,ddnEnergyJ,auvEnergyJ,auvOperationalEnergyJ,submergedEnergyJ,incrementalMissionEnergyJ,sinkEnergyJ,bsnEnergyPct,drnEnergyPct,ddnEnergyPct,auvEnergyPct,sinkEnergyPct,highEnergyMjByte,mediumEnergyMjByte,lowEnergyMjByte,meanDdnBuffered,maxDdnBuffered,meanAuvBuffered,maxAuvBuffered,ddnBuffered,auvBuffered,upstreamPdr,avgDelayAcoustic,pdr,avgDelay,throughputBps,auvX,auvY,auvZ
0.000000,contribution,optical,hardware,1,1,1,0,priority,0.000500,180,15,hybrid,0.050000,4000.000000,6.087000,64.000000,500.000000,500.000000,2.000000,120.000000,0.400000,0,0,0,0,0,0,0,0,0,0,0,0,0,0,0,0,0.000000,0.000000,0.000000,clear-ocean,30.000000,60.000000,0.151000,0,0,0.000000,0.000000,0,0,0,0,0,0,0,0,0,0,0,0,0,0,0,0,0,0,0,0,0,0,0,0,0,0,0,0,0,0,0.000000,0.000000,0.000000,0.000000,0.000000,0.000000,0,0,0,226.618358,0.000000,0.000000,0.000000,0.068936,0.017234,0.003830,226.528358,226.528358,0.090000,0.090000,0.000000,0.030419,0.007605,0.001690,99.960286,0.000000,0.000000,0.000000,0.000000,0.000000,0,0.000000,0,0,0,0.000000,0.000000,0.000000,0.000000,0.000000,875.000000,0.000000,0.000000
60.000000,contribution,optical,hardware,1,1,1,0,priority,0.000500,180,15,hybrid,0.050000,4000.000000,6.087000,64.000000,500.000000,500.000000,2.000000,120.000000,0.400000,2,2,2,0,0,0,0,0,0,0,0,0,0,0,0,0,0.000000,0.000000,0.000000,clear-ocean,30.000000,60.000000,0.151000,0,0,0.000000,0.000000,0,0,0,0,0,0,0,0,0,0,0,0,0,0,0,0,0,0,0,0,0,0,0,0,0,0,2,0,0,0,0.000000,0.000000,0.000000,0.000000,0.000000,100.000000,0,0,0,13597.101473,0.000000,0.000000,0.000000,4.136170,1.034043,0.229787,13591.701473,13591.701473,5.400000,5.400000,0.000000,0.030419,0.007605,0.001690,99.960286,0.000000,0.000000,0.000000,0.000000,1.016667,2,0.000000,0,2,0,100.000000,0.000000,0.000000,0.000000,0.000000,961.106716,-0.000000,11.852388
120.000000,contribution,optical,hardware,1,1,1,0,priority,0.000500,180,15,hybrid,0.050000,4000.000000,6.087000,64.000000,500.000000,500.000000,2.000000,120.000000,0.400000,6,5,6,0,1,1,0,0,0,0,0,0,0,0,0,0,0.000000,0.000000,0.000000,clear-ocean,30.000000,60.000000,0.151000,4,420,0.107692,0.089744,1,0,0,1,0,1,0,0,1,0,0,0,0,0,0,0,0,0,0,0,0,0,0,0,1,0,5,1,0,0,2.841180,0.000000,0.000000,0.000000,0.000000,100.000000,0,0,0,27195.088227,0.885282,0.000000,0.000000,8.593315,2.326547,0.711062,27183.402945,27183.402945,11.630923,11.685282,0.054359,0.031599,0.008555,0.002615,99.957032,0.000200,13.832532,0.000000,0.000000,2.408333,6,0.000000,0,5,0,100.000000,0.575897,16.666667,2.841180,4.266667,1047.213432,-0.000000,46.285720
180.000000,contribution,optical,hardware,1,1,1,0,priority,0.000500,180,15,hybrid,0.050000,4000.000000,6.087000,64.000000,500.000000,500.000000,2.000000,120.000000,0.400000,9,7,9,0,1,1,0,0,0,0,0,0,0,0,0,0,0.000000,0.000000,0.000000,clear-ocean,30.000000,60.000000,0.151000,7,1311,0.336154,0.186752,2,0,0,2,0,1,0,0,1,0,0,0,0,0,0,0,0,0,0,0,0,0,0,0,1,1,7,1,0,0,2.841180,0.000000,0.000000,0.000000,100.000000,100.000000,0,0,0,40794.086905,0.885282,1.897205,0.000000,13.151613,4.761820,1.014695,40775.104418,40775.104418,18.928128,18.982487,0.054359,0.032239,0.011673,0.002487,99.953468,0.000133,13.832532,0.000000,0.000000,3.877778,8,0.000000,0,8,0,100.000000,0.816923,11.111111,2.841180,2.844444,1133.320148,-0.000000,100.035057
240.000000,contribution,optical,hardware,1,1,1,0,priority,0.000500,180,15,hybrid,0.050000,4000.000000,6.087000,64.000000,500.000000,500.000000,2.000000,120.000000,0.400000,14,12,14,0,1,1,0,0,0,0,0,0,0,0,0,0,0.000000,0.000000,0.000000,clear-ocean,30.000000,60.000000,0.151000,7,1311,0.336154,0.140064,2,0,0,2,0,1,0,0,1,0,0,0,0,0,0,0,0,0,0,0,0,0,0,0,1,1,12,1,0,0,2.841180,0.000000,0.000000,0.000000,100.000000,100.000000,0,0,0,54391.188377,0.885282,1.897205,0.000000,17.287783,5.795863,1.244482,54366.805890,54366.805890,24.328128,24.382487,0.054359,0.031784,0.010656,0.002288,99.955172,0.000100,13.832532,0.000000,0.000000,5.775000,13,0.000000,0,13,0,100.000000,0.816923,7.142857,2.841180,2.133333,1219.426865,-0.000000,168.003936
300.000000,contribution,optical,hardware,1,1,1,0,priority,0.000500,180,15,hybrid,0.050000,4000.000000,6.087000,64.000000,500.000000,500.000000,2.000000,120.000000,0.400000,15,12,15,0,2,1,1,0,0,0,0,0,0,0,0,0,0.000000,0.000000,0.000000,clear-ocean,30.000000,60.000000,0.151000,11,2499,0.640769,0.213590,3,0,0,3,0,2,0,0,2,0,0,0,0,0,0,0,0,0,0,0,0,0,0,0,1,2,12,1,1,0,2.841180,120.660467,0.000000,0.000000,50.000000,100.000000,0,0,0,67990.661901,0.885282,4.269256,0.000000,22.325851,7.560982,2.119603,67958.507363,67958.507363,32.006436,32.154538,0.148103,0.032837,0.011121,0.003117,99.952707,0.000218,13.832532,16.676783,0.000000,7.270000,14,0.000000,0,13,0,100.000000,0.835043,13.333333,61.750824,8.533333,1305.533581,-0.000000,243.747609
360.000000,contribution,optical,hardware,1,1,1,0,priority,0.000500,180,15,hybrid,0.050000,4000.000000,6.087000,64.000000,500.000000,500.000000,2.000000,120.000000,0.400000,17,14,17,0,2,1,1,0,0,0,0,0,0,0,0,0,0.000000,0.000000,0.000000,clear-ocean,30.000000,60.000000,0.151000,11,2499,0.640769,0.177991,3,0,0,3,0,2,0,0,2,0,0,0,0,0,0,0,0,0,0,0,0,0,0,0,1,2,14,1,1,0,2.841180,120.660467,0.000000,0.000000,50.000000,100.000000,0,0,0,81587.763374,0.885282,4.269256,0.000000,26.462021,8.595025,2.349390,81550.208835,81550.208835,37.406436,37.554538,0.148103,0.032434,0.010535,0.002880,99.953970,0.000182,13.832532,16.676783,0.000000,8.380556,15,0.000000,0,15,0,100.000000,0.835043,11.764706,61.750824,7.111111,1391.640297,-0.000000,320.084127
420.000000,contribution,optical,hardware,1,1,1,0,priority,0.000500,180,15,hybrid,0.050000,4000.000000,6.087000,64.000000,500.000000,500.000000,2.000000,120.000000,0.400000,21,15,21,0,5,3,2,0,0,0,0,0,0,0,0,0,0.000000,0.000000,0.000000,clear-ocean,30.000000,60.000000,0.151000,18,3810,0.976923,0.232601,6,0,0,6,0,5,0,0,5,0,0,0,0,0,0,0,0,0,0,0,0,0,0,0,3,3,15,3,2,0,3.061031,120.860359,0.000000,0.000000,33.333333,100.000000,0,0,0,95187.493461,1.822256,5.960897,0.000000,31.802807,9.733067,3.696716,95141.910308,95141.910308,45.232590,45.583154,0.350564,0.033411,0.010225,0.003884,99.952112,0.000368,9.490919,11.642378,0.000000,9.469048,17,0.000000,0,16,0,100.000000,0.536838,23.809524,50.180762,13.409524,1477.747013,-0.000000,389.775332
480.000000,contribution,optical,hardware,1,1,1,0,priority,0.000500,180,15,hybrid,0.050000,4000.000000,6.087000,64.000000,500.000000,500.000000,2.000000,120.000000,0.400000,22,16,22,0,5,3,2,0,0,0,0,0,0,0,0,0,0.000000,0.000000,0.000000,clear-ocean,30.000000,60.000000,0.151000,18,3810,0.976923,0.203526,6,0,0,6,0,5,0,0,5,0,0,0,0,0,0,0,0,0,0,0,0,0,0,0,3,3,16,3,2,0,3.061031,120.860359,0.000000,0.000000,33.333333,100.000000,0,0,0,108784.594934,1.822256,5.960897,0.000000,35.938977,10.767110,3.926503,108733.611780,108733.611780,50.632590,50.983154,0.350564,0.033037,0.009898,0.003609,99.953134,0.000322,9.490919,11.642378,0.000000,10.400000,17,0.000000,0,17,0,100.000000,0.536838,22.727273,50.180762,11.733333,1563.853729,-0.000000,446.213164
540.000000,contribution,optical,hardware,1,1,1,0,priority,0.000500,180,15,hybrid,0.050000,4000.000000,6.087000,64.000000,500.000000,500.000000,2.000000,120.000000,0.400000,25,17,25,0,7,4,3,0,0,0,0,0,0,0,0,0,0.000000,0.000000,0.000000,clear-ocean,30.000000,60.000000,0.151000,27,5523,1.416154,0.262251,8,0,0,8,0,7,0,0,7,0,0,0,0,0,0,0,0,0,0,0,0,0,0,0,4,4,17,4,3,0,3.116566,120.871890,0.000000,0.000000,25.000000,100.000000,0,0,0,122384.855406,2.809846,8.132308,0.000000,42.117019,11.883614,5.042854,122325.313253,122325.313253,59.043487,59.542154,0.498667,0.034414,0.009710,0.004120,99.951348,0.000407,10.975962,10.588942,0.000000,11.175926,18,0.000000,0,18,0,100.000000,0.553077,28.000000,53.583133,15.170370,1649.960445,-0.000000,484.046240
600.000000,contribution,optical,hardware,1,1,1,0,priority,0.000500,180,15,hybrid,0.050000,4000.000000,6.087000,64.000000,500.000000,500.000000,2.000000,120.000000,0.400000,25,17,25,10,9,4,3,0,0,0,0,0,10,10,0,0,0.000000,1.000000,42.583430,clear-ocean,30.000000,60.000000,0.151000,36,35244,9.036923,1.506154,8,0,0,8,0,7,0,0,7,0,0,0,0,0,0,3,0,0,2,1,0,0,0,0,4,4,17,4,4,1,3.116566,117.570275,407.724691,0.000000,0.000000,94.117647,0,0,0,136066.263718,2.809846,8.859044,83.580103,46.253189,12.917656,16.084930,135985.195635,135917.014725,75.255775,149.248993,5.812308,0.033993,0.009494,0.011821,99.940420,0.004272,10.975962,8.651410,3.343204,11.691667,18,0.138333,10,8,7,100.000000,0.553077,36.000000,98.941340,350.400000,1736.067161,-0.000000,499.687261
660.000000,contribution,optical,hardware,1,1,1,0,priority,0.000500,180,15,hybrid,0.050000,4000.000000,6.087000,64.000000,500.000000,500.000000,2.000000,120.000000,0.400000,27,18,27,11,16,4,3,0,0,0,0,0,11,11,0,0,0.000000,1.000000,45.470237,clear-ocean,30.000000,60.000000,0.151000,93,229989,58.971538,8.935082,9,0,0,9,0,7,0,0,7,0,0,0,0,0,0,10,0,0,9,1,0,0,0,0,4,5,18,4,4,8,3.116566,117.570275,344.524481,0.000000,20.000000,55.555556,0,0,0,150103.699883,2.809846,11.045634,521.728205,51.771026,14.682776,17.588563,149974.760082,149508.716198,84.042365,594.983685,44.897436,0.034490,0.009782,0.011718,99.914100,0.029911,10.975962,10.786752,2.608641,11.381818,18,0.536364,10,9,1,100.000000,0.613789,59.259259,202.433951,2439.757576,1822.173878,0.000000,491.653159
720.000000,contribution,optical,hardware,1,1,1,0,priority,0.000500,180,15,hybrid,0.050000,4000.000000,6.087000,64.000000,500.000000,500.000000,2.000000,120.000000,0.400000,31,20,31,11,19,5,3,0,0,0,0,0,11,11,0,0,0.000000,1.000000,45.470237,clear-ocean,30.000000,60.000000,0.151000,110,261294,66.998462,9.305342,11,0,0,11,0,8,0,0,8,0,0,0,0,0,0,11,0,0,11,0,0,0,0,0,5,6,20,5,4,10,3.065819,117.570275,293.994109,0.000000,33.333333,50.000000,0,0,0,163773.073073,3.973077,12.942839,590.939487,56.650299,17.613434,18.184709,163627.778888,163100.417670,92.448442,672.655403,52.845744,0.034591,0.010755,0.011104,99.911283,0.032268,12.415865,12.639491,2.363758,11.281944,18,0.497222,10,12,0,100.000000,0.679487,61.290323,180.292173,2792.711111,1908.280594,0.000000,460.705721
780.000000,contribution,optical,hardware,1,1,1,0,priority,0.000500,180,15,hybrid,0.050000,4000.000000,6.087000,64.000000,500.000000,500.000000,2.000000,120.000000,0.400000,35,23,35,11,20,5,4,0,0,0,0,0,11,11,0,0,0.000000,1.000000,45.470237,clear-ocean,30.000000,60.000000,0.151000,114,262482,67.303077,8.628600,12,0,0,12,0,9,0,0,9,0,0,0,0,0,0,11,0,0,11,0,0,0,0,0,5,7,23,5,5,10,3.065819,118.278334,293.994109,0.000000,28.571429,56.521739,0,0,0,177372.778007,3.973077,15.546301,590.939487,61.208597,20.048707,19.100855,177219.480360,176692.119143,100.358160,680.658865,52.939487,0.034508,0.011303,0.010769,99.913573,0.029846,12.415865,12.145547,2.363758,11.465385,18,0.458974,10,15,0,100.000000,0.711026,57.142857,177.333093,2580.512821,1994.387310,0.000000,409.779355
840.000000,contribution,optical,hardware,1,1,1,0,priority,0.000500,180,15,hybrid,0.050000,4000.000000,6.087000,64.000000,500.000000,500.000000,2.000000,120.000000,0.400000,42,30,42,11,21,5,5,0,0,0,0,0,11,11,0,0,0.000000,1.000000,45.470237,clear-ocean,30.000000,60.000000,0.151000,115,262779,67.379231,8.021337,12,0,0,12,0,10,0,0,10,0,0,0,0,0,0,11,0,0,11,0,0,0,0,0,5,7,30,5,6,10,3.065819,119.994759,293.994109,0.000000,14.285714,66.666667,0,0,0,190970.585736,3.973077,16.252557,590.939487,65.344768,21.082750,19.943155,190811.181833,190283.820615,106.370673,686.765121,53.033231,0.034217,0.011040,0.010443,99.916530,0.027770,12.415865,10.581092,2.363758,11.965476,21,0.426190,10,21,0,100.000000,0.711026,50.000000,175.011368,2398.628571,2080.494026,0.000000,343.702853
900.000000,contribution,optical,hardware,1,1,1,0,priority,0.000500,180,15,hybrid,0.050000,4000.000000,6.087000,64.000000,500.000000,500.000000,2.000000,120.000000,0.400000,46,33,46,11,23,6,6,0,0,0,0,0,11,11,0,0,0.000000,1.000000,45.470237,clear-ocean,30.000000,60.000000,0.151000,120,263496,67.563077,7.507009,13,0,0,13,0,12,0,0,12,0,0,0,0,0,0,11,0,0,11,0,0,0,0,0,6,7,33,6,7,10,3.063572,127.995081,293.994109,0.000000,0.000000,69.696970,0,0,0,204569.278747,4.858359,16.958813,590.939487,69.801912,22.375254,21.036943,204402.883305,203875.522088,113.214109,693.756659,53.181333,0.034121,0.010938,0.010284,99.918661,0.025997,12.651976,9.463624,2.363758,12.665556,25,0.397778,10,23,0,100.000000,0.700631,50.000000,167.577743,2241.564444,2166.600742,0.000000,268.741531
960.000000,contribution,optical,hardware,1,1,1,0,priority,0.000500,180,15,hybrid,0.050000,4000.000000,6.087000,64.000000,500.000000,500.000000,2.000000,120.000000,0.400000,49,35,49,11,24,7,6,0,0,0,0,0,11,11,0,0,0.000000,1.000000,45.470237,clear-ocean,30.000000,60.000000,0.151000,125,264021,67.697692,7.051843,14,0,0,14,0,13,0,0,13,0,0,0,0,0,0,11,0,0,11,0,0,0,0,0,7,7,35,7,7,10,3.046727,127.995081,293.994109,0.000000,0.000000,71.428571,0,0,0,218167.476143,5.954282,16.958813,590.939487,74.428672,23.667758,21.559243,217994.584778,217467.223560,119.655673,700.252583,53.235692,0.034115,0.010848,0.009882,99.920753,0.024401,13.290808,9.463624,2.363758,13.410417,25,0.372917,10,25,0,100.000000,0.700989,48.979592,160.718073,2102.000000,2252.707458,0.000000,192.003154
1020.000000,contribution,optical,hardware,1,1,1,0,priority,0.000500,180,15,hybrid,0.050000,4000.000000,6.087000,64.000000,500.000000,500.000000,2.000000,120.000000,0.400000,53,39,53,11,24,7,6,0,0,0,0,0,11,11,0,0,0.000000,1.000000,45.470237,clear-ocean,30.000000,60.000000,0.151000,125,264021,67.697692,6.637029,14,0,0,14,0,13,0,0,13,0,0,0,0,0,0,11,0,0,11,0,0,0,0,0,7,7,39,7,7,10,3.046727,127.995081,293.994109,0.000000,0.000000,74.358974,0,0,0,231764.577615,5.954282,16.958813,590.939487,78.564842,24.701800,21.789030,231586.286250,231058.925033,125.055673,705.652583,53.235692,0.033899,0.010658,0.009401,99.923072,0.022970,13.290808,9.463624,2.363758,14.193137,29,0.350980,10,29,0,100.000000,0.700989,45.283019,160.718073,1978.352941,2338.814174,0.000000,120.763985
1080.000000,contribution,optical,hardware,1,1,1,0,priority,0.000500,180,15,hybrid,0.050000,4000.000000,6.087000,64.000000,500.000000,500.000000,2.000000,120.000000,0.400000,56,40,56,11,24,7,6,0,0,0,0,0,11,11,0,0,0.000000,1.000000,45.470237,clear-ocean,30.000000,60.000000,0.151000,132,266100,68.230769,6.317664,16,0,0,16,0,13,0,0,13,0,0,0,0,0,0,11,0,0,11,0,0,0,0,0,7,9,40,7,7,10,3.046727,127.995081,293.994109,0.000000,22.222222,75.000000,0,0,0,245365.531472,5.954282,20.811198,590.939487,84.984577,27.197997,22.125484,245177.987723,244650.626505,134.308057,714.904967,53.235692,0.034636,0.011085,0.009017,99.923566,0.021696,13.290808,11.613392,2.363758,15.166667,32,0.331481,10,32,0,100.000000,0.736538,42.857143,160.718073,1868.444444,2424.920891,0.000000,61.778860
1140.000000,contribution,optical,hardware,1,1,1,0,priority,0.000500,180,15,hybrid,0.050000,4000.000000,6.087000,64.000000,500.000000,500.000000,2.000000,120.000000,0.400000,59,41,59,11,24,7,6,0,0,0,0,0,11,11,0,0,0.000000,1.000000,45.470237,clear-ocean,30.000000,60.000000,0.151000,139,268179,68.763846,6.031916,18,0,0,18,0,13,0,0,13,0,0,0,0,0,0,11,0,0,11,0,0,0,0,0,7,11,41,7,7,10,3.046727,127.995081,293.994109,0.000000,36.363636,75.609756,0,0,0,258966.053278,5.954282,24.231531,590.939487,92.363849,28.353885,22.410656,258769.689195,258242.327978,143.128391,723.725301,53.235692,0.035666,0.010949,0.008654,99.924174,0.020557,13.290808,13.522060,2.363758,16.104386,35,0.314035,10,35,0,100.000000,0.743447,40.677966,160.718073,1770.105263,2511.027607,0.000000,20.640695
1200.000000,contribution,optical,hardware,1,1,1,0,priority,0.000500,180,15,hybrid,0.050000,4000.000000,6.087000,64.000000,500.000000,500.000000,2.000000,120.000000,0.400000,61,43,61,11,25,7,7,0,0,0,0,0,11,11,0,0,0.000000,1.000000,45.470237,clear-ocean,30.000000,60.000000,0.151000,140,268476,68.840000,5.736667,18,0,0,18,0,14,0,0,14,0,0,0,0,0,0,11,0,0,11,0,0,0,0,0,7,11,43,7,8,10,3.046727,127.182726,293.994109,0.000000,27.272727,76.744186,0,0,0,272563.861007,5.954282,24.937788,590.939487,96.500020,29.387928,23.252956,272361.390668,271834.029450,149.140903,729.831557,53.329436,0.035405,0.010782,0.008531,99.925716,0.019566,13.290808,12.176654,2.363758,17.052500,36,0.298333,10,36,0,100.000000,0.743447,40.983607,159.149199,1683.306667,2597.134323,0.000000,1.250174
1260.000000,contribution,optical,hardware,1,1,1,0,priority,0.000500,180,15,hybrid,0.050000,4000.000000,6.087000,64.000000,500.000000,500.000000,2.000000,120.000000,0.400000,64,45,64,11,26,7,8,0,0,0,0,0,11,11,0,0,0.000000,1.000000,45.470237,clear-ocean,30.000000,60.000000,0.151000,145,269961,69.220769,5.493712,19,0,0,19,0,15,0,0,15,0,0,0,0,0,0,11,0,0,11,0,0,0,0,0,7,12,45,7,9,10,3.046727,133.776561,293.994109,0.000000,25.000000,77.777778,0,0,0,286163.623916,5.954282,27.599224,590.939487,102.497626,30.482894,24.128076,285953.092140,285425.730923,157.108596,737.892993,53.423179,0.035818,0.010652,0.008432,99.926430,0.018669,13.290808,11.978830,2.363758,17.969048,38,0.284127,10,38,0,100.000000,0.752362,40.625000,160.202201,1604.774603,2683.241039,-0.000000,5.445889
1320.000000,contribution,optical,hardware,1,1,1,0,priority,0.000500,180,15,hybrid,0.050000,4000.000000,6.087000,64.000000,500.000000,500.000000,2.000000,120.000000,0.400000,68,48,68,11,27,7,9,0,0,0,0,0,11,11,0,0,0.000000,1.000000,45.470237,clear-ocean,30.000000,60.000000,0.151000,150,271446,69.601538,5.272844,20,0,0,20,0,16,0,0,16,0,0,0,0,0,0,11,0,0,11,0,0,0,0,0,7,13,48,7,10,10,3.046727,138.965462,293.994109,0.000000,23.076923,79.166667,0,0,0,299763.618234,5.954282,30.492070,590.939487,108.015463,32.248013,25.044223,299544.793613,299017.432395,165.307698,746.185839,53.516923,0.036034,0.010758,0.008355,99.927001,0.017853,13.290808,11.910965,2.363758,18.878788,41,0.271212,10,41,0,100.000000,0.769718,39.705882,161.145289,1533.381818,2769.347755,-0.000000,32.830006
1380.000000,contribution,optical,hardware,1,1,1,0,priority,0.000500,180,15,hybrid,0.050000,4000.000000,6.087000,64.000000,500.000000,500.000000,2.000000,120.000000,0.400000,73,51,73,11,29,8,10,0,0,0,0,0,11,11,0,0,0.000000,1.000000,45.470237,clear-ocean,30.000000,60.000000,0.151000,161,273753,70.193077,5.086455,22,0,0,22,0,18,0,0,18,0,0,0,0,0,0,11,0,0,11,0,0,0,0,0,8,14,51,8,11,10,3.045241,145.794906,293.994109,0.000000,21.428571,80.392157,0,0,0,313365.255553,7.117513,33.864685,590.939487,114.334043,34.508517,26.252882,313136.495085,312609.133868,175.095442,756.121685,53.665026,0.036486,0.011012,0.008378,99.926999,0.017125,13.901392,12.025811,2.363758,19.909420,44,0.259420,10,44,0,100.000000,0.800653,39.726027,157.518862,1468.568116,2855.454471,-0.000000,80.805987
1440.000000,contribution,optical,hardware,1,1,1,0,priority,0.000500,180,15,hybrid,0.050000,4000.000000,6.087000,64.000000,500.000000,500.000000,2.000000,120.000000,0.400000,73,51,73,11,30,8,11,0,0,0,0,0,11,11,0,0,0.000000,1.000000,45.470237,clear-ocean,30.000000,60.000000,0.151000,162,274050,70.269231,4.879808,22,0,0,22,0,19,0,0,19,0,0,0,0,0,0,11,0,0,11,0,0,0,0,0,8,14,51,8,12,10,3.045241,147.147912,293.994109,0.000000,14.285714,80.392157,0,0,0,326963.063282,7.117513,34.570942,590.939487,118.470213,35.542560,27.095182,326728.196558,326200.835340,181.107955,762.227942,53.758769,0.036234,0.010871,0.008287,99.928167,0.016442,13.901392,11.253562,2.363758,20.893056,44,0.248611,10,43,0,100.000000,0.800653,41.095890,157.669265,1408.800000,2941.561187,-0.000000,144.824794
1500.000000,contribution,optical,hardware,1,1,1,0,priority,0.000500,180,15,hybrid,0.050000,4000.000000,6.087000,64.000000,500.000000,500.000000,2.000000,120.000000,0.400000,77,55,77,11,31,8,12,0,0,0,0,0,11,11,0,0,0.000000,1.000000,45.470237,clear-ocean,30.000000,60.000000,0.151000,163,274347,70.345385,4.689692,22,0,0,22,0,20,0,0,20,0,0,0,0,0,0,11,0,0,11,0,0,0,0,0,8,14,55,8,13,10,3.045241,148.549630,293.994109,0.000000,7.142857,81.818182,0,0,0,340560.871011,7.117513,35.277198,590.939487,122.606384,36.576602,27.937482,340319.898031,339792.536813,187.120467,768.334198,53.852513,0.036001,0.010740,0.008203,99.929242,0.015813,13.901392,10.600120,2.363758,21.860667,46,0.238667,10,46,0,100.000000,0.800653,40.259740,157.917684,1353.813333,3027.667904,-0.000000,218.816219
1560.000000,contribution,optical,hardware,1,1,1,0,priority,0.000500,180,15,hybrid,0.050000,4000.000000,6.087000,64.000000,500.000000,500.000000,2.000000,120.000000,0.400000,79,56,79,11,32,8,13,0,0,0,0,0,11,11,0,0,0.000000,1.000000,45.470237,clear-ocean,30.000000,60.000000,0.151000,166,275238,70.573846,4.523964,23,0,0,23,0,21,0,0,21,0,0,0,0,0,0,11,0,0,11,0,0,0,0,0,8,15,56,8,14,10,3.045241,150.252004,293.994109,0.000000,6.666667,82.142857,0,0,0,354159.664124,7.117513,36.968839,590.939487,127.644451,37.671568,28.802346,353911.599503,353384.238285,194.118365,775.425839,53.946256,0.036041,0.010637,0.008133,99.929957,0.015232,13.901392,10.314966,2.363758,22.810897,47,0.229487,10,47,0,100.000000,0.785686,40.506329,158.369721,1303.056410,3113.774620,-0.000000,295.764462
1620.000000,contribution,optical,hardware,1,1,1,0,priority,0.000500,180,15,hybrid,0.050000,4000.000000,6.087000,64.000000,500.000000,500.000000,2.000000,120.000000,0.400000,81,58,81,11,32,8,13,0,0,0,0,0,11,11,0,0,0.000000,1.000000,45.470237,clear-ocean,30.000000,60.000000,0.151000,166,275238,70.573846,4.356410,23,0,0,23,0,21,0,0,21,0,0,0,0,0,0,11,0,0,11,0,0,0,0,0,8,15,58,8,14,10,3.045241,150.252004,293.994109,0.000000,6.666667,82.758621,0,0,0,367756.765597,7.117513,36.968839,590.939487,131.780621,38.705610,29.032133,367503.300976,366975.939758,199.518365,780.825839,53.946256,0.035834,0.010525,0.007894,99.931078,0.014669,13.901392,10.314966,2.363758,23.715432,49,0.220988,10,49,0,100.000000,0.785686,39.506173,158.369721,1254.795062,3199.881336,-0.000000,368.373360
1680.000000,contribution,optical,hardware,1,1,1,0,priority,0.000500,180,15,hybrid,0.050000,4000.000000,6.087000,64.000000,500.000000,500.000000,2.000000,120.000000,0.400000,81,58,81,11,33,8,14,0,0,0,0,0,11,11,0,0,0.000000,1.000000,45.470237,clear-ocean,30.000000,60.000000,0.151000,167,275535,70.650000,4.205357,23,0,0,23,0,22,0,0,22,0,0,0,0,0,0,11,0,0,11,0,0,0,0,0,8,15,58,8,15,10,3.045241,148.290966,293.994109,0.000000,0.000000,82.758621,0,0,0,381354.573326,7.117513,37.675095,590.939487,135.916792,39.739653,29.874433,381095.002448,380567.641230,205.530878,786.932095,54.040000,0.035641,0.010421,0.007834,99.931935,0.014171,13.901392,9.811223,2.363758,24.616667,49,0.213095,10,48,0,100.000000,0.785686,40.740741,157.232349,1211.200000,3285.988052,-0.000000,429.758202
1740.000000,contribution,optical,hardware,1,1,1,0,priority,0.000500,180,15,hybrid,0.050000,4000.000000,6.087000,64.000000,500.000000,500.000000,2.000000,120.000000,0.400000,82,59,82,11,33,8,14,0,0,0,0,0,11,11,0,0,0.000000,1.000000,45.470237,clear-ocean,30.000000,60.000000,0.151000,167,275535,70.650000,4.060345,23,0,0,23,0,22,0,0,22,0,0,0,0,0,0,11,0,0,11,0,0,0,0,0,8,15,59,8,15,10,3.045241,148.290966,293.994109,0.000000,0.000000,83.050847,0,0,0,394951.674798,7.117513,37.675095,590.939487,140.052962,40.773696,30.104220,394686.703921,394159.342703,210.930878,792.332095,54.040000,0.035461,0.010324,0.007622,99.932911,0.013683,13.901392,9.811223,2.363758,25.430460,49,0.205747,10,49,0,100.000000,0.785686,40.243902,157.232349,1169.434483,3372.094768,-0.000000,474.098532
1800.000000,contribution,optical,hardware,1,1,1,0,priority,0.000500,180,15,hybrid,0.050000,4000.000000,6.087000,64.000000,500.000000,500.000000,2.000000,120.000000,0.400000,86,61,86,11,34,9,14,0,0,0,0,0,11,11,0,0,0.000000,1.000000,45.470237,clear-ocean,30.000000,60.000000,0.151000,173,276741,70.959231,3.942179,25,0,0,25,0,23,0,0,23,0,0,0,0,0,0,11,0,0,11,0,0,0,0,0,9,16,61,9,15,10,3.007789,148.290966,293.994109,0.000000,6.250000,83.606557,0,0,0,408550.957091,7.833179,39.140249,590.939487,145.722158,42.127123,30.608059,408278.405393,407751.044175,218.457339,799.912916,54.094359,0.035668,0.010311,0.007492,99.933288,0.013241,13.599270,10.192773,2.363758,26.286667,52,0.198889,10,52,0,100.000000,0.768062,39.534884,152.687520,1130.737778,3458.201484,-0.000000,497.190040
1860.000000,contribution,optical,hardware,1,1,1,0,priority,0.000500,180,15,hybrid,0.050000,4000.000000,6.087000,64.000000,500.000000,500.000000,2.000000,120.000000,0.400000,90,64,90,27,40,9,14,0,0,0,0,0,27,27,0,0,0.000000,1.000000,44.486222,clear-ocean,30.000000,60.000000,0.151000,222,438222,112.364615,6.041108,26,0,0,26,0,23,0,0,23,0,0,0,0,0,0,18,0,0,17,1,0,0,0,0,9,17,64,9,15,16,3.007789,148.290966,581.826635,0.000000,11.764706,75.000000,0,0,0,422542.260923,7.833179,41.806608,982.475487,151.719764,43.892242,50.111692,422211.123481,421342.745648,245.723698,1199.515275,85.413744,0.035906,0.010388,0.011860,99.921632,0.020214,13.599270,10.887138,2.456189,26.725806,52,0.526344,15,40,9,100.000000,0.789586,44.444444,289.016519,1739.423656,3544.308200,0.000000,496.843209
1920.000000,contribution,optical,hardware,1,1,1,0,priority,0.000500,180,15,hybrid,0.050000,4000.000000,6.087000,64.000000,500.000000,500.000000,2.000000,120.000000,0.400000,93,66,93,27,48,9,15,0,0,0,0,0,27,27,0,0,0.000000,1.000000,44.486222,clear-ocean,30.000000,60.000000,0.151000,279,632967,162.299231,8.453085,27,0,0,27,0,24,0,0,24,0,0,0,0,0,0,25,0,0,24,1,0,0,0,0,9,18,66,9,16,23,3.007789,146.607745,723.732832,0.000000,11.111111,65.151515,0,0,0,436578.962575,7.833179,44.410070,1419.472205,156.278062,46.327516,51.027838,436199.887928,434934.447120,253.633416,1644.515454,125.441231,0.035796,0.010611,0.011688,99.913172,0.028733,13.599270,10.842302,2.468647,27.162500,52,0.685417,15,42,2,100.000000,0.799525,51.612903,396.221858,2415.300000,3630.414917,0.000000,473.090927
1980.000000,contribution,optical,hardware,1,1,1,0,priority,0.000500,180,15,hybrid,0.050000,4000.000000,6.087000,64.000000,500.000000,500.000000,2.000000,120.000000,0.400000,95,67,95,27,52,9,16,0,0,0,0,0,27,27,0,0,0.000000,1.000000,44.486222,clear-ocean,30.000000,60.000000,0.151000,299,685491,175.766923,8.877117,28,0,0,28,0,25,0,0,25,0,0,0,0,0,0,27,0,0,27,0,0,0,0,0,9,19,67,9,17,26,3.007789,145.079533,755.577486,0.000000,10.526316,61.194030,0,0,0,450295.927355,7.833179,47.302916,1536.442667,161.795899,48.092635,51.943985,449896.294631,448526.148593,261.832519,1769.778762,137.800205,0.035931,0.010680,0.011536,99.911251,0.030602,13.599270,10.869236,2.363758,27.603030,52,0.671717,15,43,0,100.000000,0.810238,54.736842,425.739169,2646.173737,3716.521633,0.000000,428.185362
2040.000000,contribution,optical,hardware,1,1,1,0,priority,0.000500,180,15,hybrid,0.050000,4000.000000,6.087000,64.000000,500.000000,500.000000,2.000000,120.000000,0.400000,98,69,98,27,54,10,17,0,0,0,0,0,27,27,0,0,0.000000,1.000000,44.486222,clear-ocean,30.000000,60.000000,0.151000,304,686208,175.950769,8.625038,29,0,0,29,0,27,0,0,27,0,0,0,0,0,0,27,0,0,27,0,0,0,0,0,10,19,69,10,18,26,3.007158,144.271967,755.577486,0.000000,5.263158,62.318841,0,0,0,463894.542802,8.640897,48.009172,1536.442667,166.422659,49.148216,53.027515,463487.996104,462117.850065,268.598391,1776.692736,137.948308,0.035875,0.010595,0.011431,99.912362,0.029737,13.501402,10.418657,2.363758,28.078922,52,0.651961,15,44,0,100.000000,0.795721,55.102041,412.444104,2569.600000,3802.628349,0.000000,366.384420
2100.000000,contribution,optical,hardware,1,1,1,0,priority,0.000500,180,15,hybrid,0.050000,4000.000000,6.087000,64.000000,500.000000,500.000000,2.000000,120.000000,0.400000,102,71,102,27,55,10,18,0,0,0,0,0,27,27,0,0,0.000000,1.000000,44.486222,clear-ocean,30.000000,60.000000,0.151000,308,687396,176.255385,8.393114,31,0,0,31,0,28,0,0,28,0,0,0,0,0,0,27,0,0,27,0,0,0,0,0,10,21,71,10,19,26,3.007158,143.048310,755.577486,0.000000,9.523810,63.380282,0,0,0,477493.841531,8.640897,50.206429,1536.442667,171.882855,50.304105,53.914944,477079.697576,475709.551538,276.101903,1784.289993,138.042051,0.035997,0.010535,0.011291,99.913267,0.028910,13.501402,10.322045,2.363758,28.594286,52,0.633333,15,47,0,100.000000,0.766468,53.921569,407.145529,2497.158095,3888.735065,0.000000,293.548012
2160.000000,contribution,optical,hardware,1,1,1,0,priority,0.000500,180,15,hybrid,0.050000,4000.000000,6.087000,64.000000,500.000000,500.000000,2.000000,120.000000,0.400000,108,73,108,27,56,11,18,0,0,0,0,0,27,27,0,0,0.000000,1.000000,44.486222,clear-ocean,30.000000,60.000000,0.151000,323,690699,177.102308,8.199181,35,0,0,35,0,29,0,0,29,0,0,0,0,0,0,27,0,0,27,0,0,0,0,0,11,24,73,11,19,26,2.983750,143.048310,755.577486,0.000000,20.833333,64.383562,0,0,0,491097.046311,9.906436,55.044198,1536.442667,179.864692,53.119686,54.566475,490671.399049,489301.253011,287.550852,1795.793301,138.096410,0.036625,0.010817,0.011111,99.913327,0.028120,14.071642,11.316653,2.363758,29.210185,53,0.615741,15,52,0,100.000000,0.772088,51.851852,399.924174,2428.029630,3974.841781,0.000000,216.582421
2220.000000,contribution,optical,hardware,1,1,1,0,priority,0.000500,180,15,hybrid,0.050000,4000.000000,6.087000,64.000000,500.000000,500.000000,2.000000,120.000000,0.400000,112,75,112,27,57,11,19,0,0,0,0,0,27,27,0,0,0.000000,1.000000,44.486222,clear-ocean,30.000000,60.000000,0.151000,332,693372,177.787692,8.008455,37,0,0,37,0,30,0,0,30,0,0,0,0,0,0,27,0,0,27,0,0,0,0,0,11,26,75,11,20,26,2.983750,141.967982,755.577486,0.000000,23.076923,65.333333,0,0,0,504699.607989,9.906436,60.504403,1536.442667,185.804657,56.956190,55.556467,504263.100521,502892.954483,298.317314,1806.653506,138.190154,0.036815,0.011285,0.011008,99.913511,0.027381,14.071642,11.817266,2.363758,29.856306,55,0.599099,15,55,0,100.000000,0.799875,50.892857,395.038518,2363.329730,4060.948497,0.000000,142.785454
2280.000000,contribution,optical,hardware,1,1,1,0,priority,0.000500,180,15,hybrid,0.050000,4000.000000,6.087000,64.000000,500.000000,500.000000,2.000000,120.000000,0.400000,116,77,116,27,58,11,20,0,0,0,0,0,27,27,0,0,0.000000,1.000000,44.486222,clear-ocean,30.000000,60.000000,0.151000,339,695451,178.320769,7.821086,39,0,0,39,0,31,0,0,31,0,0,0,0,0,0,27,0,0,27,0,0,0,0,0,11,28,77,11,21,26,2.983750,143.063333,755.577486,0.000000,25.000000,66.233766,0,0,0,518300.788333,9.906436,64.583275,1536.442667,191.744622,59.452386,56.505434,517854.801994,516484.655956,307.702442,1816.132377,138.283897,0.036995,0.011471,0.010902,99.913952,0.026680,14.071642,12.013258,2.363758,30.541228,58,0.583333,15,58,0,100.000000,0.803537,50.000000,391.071826,2302.035088,4147.055213,0.000000,79.154475
2340.000000,contribution,optical,hardware,1,1,1,0,priority,0.000500,180,15,hybrid,0.050000,4000.000000,6.087000,64.000000,500.000000,500.000000,2.000000,120.000000,0.400000,120,78,120,27,60,12,21,0,0,0,0,0,27,27,0,0,0.000000,1.000000,44.486222,clear-ocean,30.000000,60.000000,0.151000,348,697164,178.760000,7.639316,42,0,0,42,0,33,0,0,33,0,0,0,0,0,0,27,0,0,27,0,0,0,0,0,12,30,78,12,22,26,3.016337,145.788604,755.577486,0.000000,26.666667,66.666667,0,0,0,531901.074652,10.894026,66.780531,1536.442667,197.865023,60.629813,57.644349,531446.503466,530076.357428,316.139185,1824.717224,138.432000,0.037200,0.011399,0.010837,99.914538,0.026026,14.184929,11.857339,2.363758,31.271368,60,0.568376,15,60,0,100.000000,0.774799,50.000000,381.476000,2244.102564,4233.161930,0.000000,31.722915
2400.000000,contribution,optical,hardware,1,1,1,0,priority,0.000500,180,15,hybrid,0.050000,4000.000000,6.087000,64.000000,500.000000,500.000000,2.000000,120.000000,0.400000,121,78,121,27,62,13,22,0,0,0,0,0,27,27,0,0,0.000000,1.000000,44.486222,clear-ocean,30.000000,60.000000,0.151000,351,697671,178.890000,7.453750,43,0,0,43,0,35,0,0,35,0,0,0,0,0,0,27,0,0,27,0,0,0,0,0,13,30,78,13,23,26,2.982647,151.076197,755.577486,0.000000,23.333333,66.666667,0,0,0,545499.350868,11.362513,67.486788,1536.442667,202.152552,61.685394,58.727880,545038.204939,543668.058901,322.565826,1831.291967,138.580103,0.037058,0.011308,0.010766,99.915464,0.025404,13.656866,11.461751,2.363758,31.982500,60,0.554167,15,59,0,100.000000,0.759797,51.239669,373.524864,2189.066667,4319.268646,0.000000,4.988194
2460.000000,contribution,optical,hardware,1,1,1,0,priority,0.000500,180,15,hybrid,0.050000,4000.000000,6.087000,64.000000,500.000000,500.000000,2.000000,120.000000,0.400000,125,81,125,27,63,13,23,0,0,0,0,0,27,27,0,0,0.000000,1.000000,44.486222,clear-ocean,30.000000,60.000000,0.151000,354,698562,179.118462,7.281238,44,0,0,44,0,36,0,0,36,0,0,0,0,0,0,27,0,0,27,0,0,0,0,0,13,31,81,13,24,26,2.982647,158.266371,755.577486,0.000000,22.580645,67.901235,0,0,0,559098.344622,11.362513,69.379070,1536.442667,206.710851,63.450514,59.603000,558629.906411,557259.760373,329.764365,1838.584249,138.673846,0.036972,0.011349,0.010661,99.916215,0.024803,13.656866,11.292166,2.363758,32.697561,62,0.540650,15,62,0,100.000000,0.757145,50.400000,372.733047,2136.507317,4405.375362,-0.000000,1.485272
2520.000000,contribution,optical,hardware,1,1,1,0,priority,0.000500,180,15,hybrid,0.050000,4000.000000,6.087000,64.000000,500.000000,500.000000,2.000000,120.000000,0.400000,130,83,130,27,65,14,24,0,0,0,0,0,27,27,0,0,0.000000,1.000000,44.486222,clear-ocean,30.000000,60.000000,0.151000,366,701358,179.835385,7.136325,47,0,0,47,0,38,0,0,38,0,0,0,0,0,0,27,0,0,27,0,0,0,0,0,14,33,83,14,25,26,3.010671,164.718353,755.577486,0.000000,24.242424,68.674699,0,0,0,572701.188736,12.356128,74.128095,1536.442667,212.802175,67.112249,60.844480,572221.607884,570851.461846,340.758903,1849.726890,138.821949,0.037158,0.011719,0.010624,99.916260,0.024240,13.790322,11.582515,2.363758,33.429762,66,0.527778,15,65,0,100.000000,0.770944,50.000000,366.232659,2086.653968,4491.482078,-0.000000,21.546295
2580.000000,contribution,optical,hardware,1,1,1,0,priority,0.000500,180,15,hybrid,0.050000,4000.000000,6.087000,64.000000,500.000000,500.000000,2.000000,120.000000,0.400000,134,85,134,27,65,14,24,0,0,0,0,0,27,27,0,0,0.000000,1.000000,44.486222,clear-ocean,30.000000,60.000000,0.151000,375,704031,180.520769,6.996929,49,0,0,49,0,38,0,0,38,0,0,0,0,0,0,27,0,0,27,0,0,0,0,0,14,35,85,14,25,26,3.010671,164.718353,755.577486,0.000000,28.571429,69.411765,0,0,0,586303.143157,12.356128,78.981044,1536.442667,220.181447,69.608445,61.221960,585813.309356,584443.163318,351.011852,1859.979839,138.821949,0.037554,0.011872,0.010442,99.916454,0.023678,13.790322,12.340788,2.363758,34.188760,69,0.515504,15,69,0,100.000000,0.789011,48.507463,366.232659,2038.127132,4577.588794,-0.000000,63.269094
2640.000000,contribution,optical,hardware,1,1,1,0,priority,0.000500,180,15,hybrid,0.050000,4000.000000,6.087000,64.000000,500.000000,500.000000,2.000000,120.000000,0.400000,135,85,135,27,66,14,25,0,0,0,0,0,27,27,0,0,0.000000,1.000000,44.486222,clear-ocean,30.000000,60.000000,0.151000,379,705219,180.825385,6.849446,50,0,0,50,0,39,0,0,39,0,0,0,0,0,0,27,0,0,27,0,0,0,0,0,14,36,85,14,26,26,3.010671,173.657489,755.577486,0.000000,27.777778,69.411765,0,0,0,599902.616681,12.356128,81.353095,1536.442667,225.219515,71.373565,62.097080,599405.010829,598034.864791,358.690160,1867.751890,138.915692,0.037543,0.011898,0.010351,99.917052,0.023156,13.790322,12.222520,2.363758,34.967424,69,0.503788,15,69,0,100.000000,0.790656,48.888889,366.700890,1992.581818,4663.695510,-0.000000,122.697550
2700.000000,contribution,optical,hardware,1,1,1,0,priority,0.000500,180,15,hybrid,0.050000,4000.000000,6.087000,64.000000,500.000000,500.000000,2.000000,120.000000,0.400000,137,86,137,27,68,15,26,0,0,0,0,0,27,27,0,0,0.000000,1.000000,44.486222,clear-ocean,30.000000,60.000000,0.151000,385,706041,181.036154,6.705043,51,0,0,51,0,41,0,0,41,0,0,0,0,0,0,27,0,0,27,0,0,0,0,0,15,36,86,15,27,26,3.011499,182.117158,755.577486,0.000000,25.000000,69.767442,0,0,0,613501.412000,13.343718,82.059352,1536.442667,230.015890,72.429146,63.190867,612996.712301,611626.566263,365.635903,1874.845736,139.063795,0.037492,0.011806,0.010300,99.917735,0.022667,13.899706,11.872013,2.363758,35.715926,70,0.492593,15,69,0,100.000000,0.785329,49.635036,361.872800,1949.250370,4749.802227,-0.000000,194.196710
2760.000000,contribution,optical,hardware,1,1,1,0,priority,0.000500,180,15,hybrid,0.050000,4000.000000,6.087000,64.000000,500.000000,500.000000,2.000000,120.000000,0.400000,140,86,140,27,69,15,27,0,0,0,0,0,27,27,0,0,0.000000,1.000000,44.486222,clear-ocean,30.000000,60.000000,0.151000,392,708120,181.569231,6.578595,54,0,0,54,0,42,0,0,42,0,0,0,0,0,0,27,0,0,27,0,0,0,0,0,15,39,86,15,28,26,3.011499,191.604268,755.577486,0.000000,28.205128,69.767442,0,0,0,627102.175882,13.343718,85.721762,1536.442667,236.857753,73.645957,64.100860,626588.413774,625218.267736,374.604570,1883.908147,139.157538,0.037770,0.011744,0.010222,99.918074,0.022191,13.899706,11.958951,2.363758,36.476087,71,0.481884,15,71,0,100.000000,0.767056,49.285714,363.117488,1907.617391,4835.908943,-0.000000,270.987089
2820.000000,contribution,optical,hardware,1,1,1,0,priority,0.000500,180,15,hybrid,0.050000,4000.000000,6.087000,64.000000,500.000000,500.000000,2.000000,120.000000,0.400000,143,87,143,27,70,15,28,0,0,0,0,0,27,27,0,0,0.000000,1.000000,44.486222,clear-ocean,30.000000,60.000000,0.151000,398,709902,182.026154,6.454828,56,0,0,56,0,43,0,0,43,0,0,0,0,0,0,27,0,0,27,0,0,0,0,0,15,41,87,15,29,26,3.011499,201.242284,755.577486,0.000000,29.268293,70.114943,0,0,0,640702.434150,13.343718,88.878557,1536.442667,243.277487,74.801846,64.988288,640180.115246,638809.969208,383.067621,1892.464942,139.251282,0.037970,0.011675,0.010143,99.918477,0.021734,13.899706,11.971788,2.363758,37.226950,73,0.471631,15,73,0,100.000000,0.760037,48.951049,364.660191,1867.756028,4922.015659,-0.000000,345.787490
2880.000000,contribution,optical,hardware,1,1,1,0,priority,0.000500,180,15,hybrid,0.050000,4000.000000,6.087000,64.000000,500.000000,500.000000,2.000000,120.000000,0.400000,144,87,144,27,72,16,29,0,0,0,0,0,27,27,0,0,0.000000,1.000000,44.486222,clear-ocean,30.000000,60.000000,0.151000,404,710724,182.236923,6.327671,57,0,0,57,0,45,0,0,45,0,0,0,0,0,0,27,0,0,27,0,0,0,0,0,16,41,87,16,30,26,2.978631,212.137493,755.577486,0.000000,26.829268,70.114943,0,0,0,654301.229468,14.331308,89.584813,1536.442667,248.073863,75.857427,66.082075,653771.816719,652401.670681,390.013365,1899.558788,139.399385,0.037914,0.011594,0.010100,99.919087,0.021305,13.995418,11.664689,2.363758,37.962847,74,0.461806,15,72,0,100.000000,0.755807,50.000000,361.899966,1829.733333,5008.122375,-0.000000,411.505408
2940.000000,contribution,optical,hardware,1,1,1,0,priority,0.000500,180,15,hybrid,0.050000,4000.000000,6.087000,64.000000,500.000000,500.000000,2.000000,120.000000,0.400000,151,91,151,27,74,17,30,0,0,0,0,0,27,27,0,0,0.000000,1.000000,44.486222,clear-ocean,30.000000,60.000000,0.151000,412,712524,182.698462,6.214233,60,0,0,60,0,47,0,0,47,0,0,0,0,0,0,27,0,0,27,0,0,0,0,0,17,43,91,17,31,26,2.990374,220.454254,755.577486,0.000000,27.906977,71.428571,0,0,0,667901.646069,14.969410,92.261839,1536.442667,254.334802,77.034854,67.210734,667363.518191,665993.372153,398.580391,1908.273916,139.547487,0.038080,0.011534,0.010063,99.919430,0.020893,13.758649,11.625736,2.363758,38.709524,77,0.452381,15,77,0,100.000000,0.737556,49.006623,358.512606,1793.262585,5094.229091,-0.000000,461.909527
3000.000000,contribution,optical,hardware,1,1,1,0,priority,0.000500,180,15,hybrid,0.050000,4000.000000,6.087000,64.000000,500.000000,500.000000,2.000000,120.000000,0.400000,154,91,153,27,76,18,31,0,0,0,0,0,27,27,0,0,0.000000,1.000000,44.486222,clear-ocean,30.000000,60.000000,0.151000,425,715233,183.393077,6.113103,63,0,0,62,1,49,0,0,49,0,0,0,0,0,0,27,0,0,27,0,0,0,0,0,18,45,91,18,32,26,2.991731,229.287422,755.577486,0.000000,28.888889,71.428571,0,0,0,681504.185311,16.234949,96.434070,1536.442667,260.451921,80.398743,68.419393,680955.219664,679585.073626,409.270057,1919.111685,139.695590,0.038217,0.011797,0.010039,99.919448,0.020498,14.092837,11.771737,2.363758,39.473667,78,0.443333,15,77,0,99.350649,0.744301,49.350649,355.737675,1758.250667,5180.335807,-0.000000,492.220574
3060.000000,contribution,optical,hardware,1,1,1,0,priority,0.000500,180,15,hybrid,0.050000,4000.000000,6.087000,64.000000,500.000000,500.000000,2.000000,120.000000,0.400000,156,92,156,41,80,18,32,0,0,0,0,0,41,41,0,0,0.000000,1.000000,44.014585,clear-ocean,30.000000,60.000000,0.151000,458,817866,209.709231,6.853243,64,0,0,64,0,50,0,0,50,0,0,0,0,0,0,31,0,0,30,1,0,0,0,0,18,46,92,18,33,29,2.991731,227.383154,888.622398,0.000000,28.260870,68.478261,0,0,0,695360.094142,16.234949,99.845736,1791.838359,265.013501,83.565093,86.209386,694765.614060,693176.775098,434.787980,2183.319044,159.692103,0.038112,0.012018,0.012398,99.914508,0.022965,14.092837,11.818861,2.471501,40.092157,78,0.552288,15,65,10,100.000000,0.757668,51.282051,416.594310,1920.522876,5266.442523,0.000000,499.564484
3120.000000,contribution,optical,hardware,1,1,1,0,priority,0.000500,180,15,hybrid,0.050000,4000.000000,6.087000,64.000000,500.000000,500.000000,2.000000,120.000000,0.400000,158,94,158,41,89,18,33,0,0,0,0,0,41,41,0,0,0.000000,1.000000,44.014585,clear-ocean,30.000000,60.000000,0.151000,511,1007583,258.354615,8.280597,64,0,0,64,0,51,0,0,51,0,0,0,0,0,0,39,0,0,38,1,0,0,0,0,18,46,94,18,34,37,2.991731,227.250448,1105.693506,0.000000,26.086957,60.638298,0,0,0,709384.846692,16.234949,100.551993,2218.783179,269.149672,84.599136,87.051686,708745.895635,706768.476571,440.800493,2616.370121,198.150564,0.037941,0.011926,0.012271,99.909929,0.027933,14.092837,11.552389,2.398685,40.571795,78,0.657051,15,66,2,100.000000,0.757668,56.329114,547.090181,2397.066667,5352.549240,0.000000,483.244912
3180.000000,contribution,optical,hardware,1,1,1,0,priority,0.000500,180,15,hybrid,0.050000,4000.000000,6.087000,64.000000,500.000000,500.000000,2.000000,120.000000,0.400000,164,97,164,41,92,18,33,0,0,0,0,0,41,41,0,0,0.000000,1.000000,44.014585,clear-ocean,30.000000,60.000000,0.151000,536,1073112,275.156923,8.652733,67,0,0,67,0,51,0,0,51,0,0,0,0,0,0,41,0,0,41,0,0,0,0,0,18,49,97,18,34,40,2.991731,227.250448,1158.205234,0.000000,30.612245,58.762887,0,0,0,723130.559498,16.234949,104.188557,2363.757949,275.991534,86.486101,87.359422,722467.760799,720360.178043,449.837057,2770.381454,212.961641,0.038166,0.011960,0.012081,99.908343,0.029450,14.092837,11.970193,2.363758,41.117296,78,0.650943,15,72,0,100.000000,0.750371,56.097561,588.136693,2540.518239,5438.655956,0.000000,444.809266
3240.000000,contribution,optical,hardware,1,1,1,0,priority,0.000500,180,15,hybrid,0.050000,4000.000000,6.087000,64.000000,500.000000,500.000000,2.000000,120.000000,0.400000,167,99,167,41,93,18,34,0,0,0,0,0,41,41,0,0,0.000000,1.000000,44.014585,clear-ocean,30.000000,60.000000,0.151000,539,1074003,275.385385,8.499549,68,0,0,68,0,52,0,0,52,0,0,0,0,0,0,41,0,0,41,0,0,0,0,0,18,50,99,18,35,40,2.991731,226.343039,1158.205234,0.000000,30.000000,59.595960,0,0,0,736729.352611,16.234949,105.880198,2363.757949,281.029602,87.581067,88.224286,736059.462272,733951.879516,456.834955,2777.473095,213.055385,0.038146,0.011888,0.011975,99.909072,0.028919,14.092837,11.816986,2.363758,41.685802,78,0.638889,15,74,0,100.000000,0.746048,55.688623,583.914698,2494.103704,5524.762672,0.000000,387.901981
3300.000000,contribution,optical,hardware,1,1,1,0,priority,0.000500,180,15,hybrid,0.050000,4000.000000,6.087000,64.000000,500.000000,500.000000,2.000000,120.000000,0.400000,169,99,169,41,95,19,35,0,0,0,0,0,41,41,0,0,0.000000,1.000000,44.014585,clear-ocean,30.000000,60.000000,0.151000,547,1075803,275.846923,8.358998,70,0,0,70,0,54,0,0,54,0,0,0,0,0,0,41,0,0,41,0,0,0,0,0,19,51,99,19,36,40,2.965824,227.090489,1158.205234,0.000000,29.411765,59.595960,0,0,0,750329.831186,16.950615,108.541634,2363.757949,287.178567,88.934494,89.350894,749651.163744,747543.580988,465.463955,2786.250198,213.203487,0.038274,0.011853,0.011908,99.909551,0.028415,13.939651,11.777521,2.363758,42.271212,78,0.627273,15,74,0,100.000000,0.744147,56.213018,574.313869,2449.532121,5610.869388,0.000000,317.918952
3360.000000,contribution,optical,hardware,1,1,1,0,priority,0.000500,180,15,hybrid,0.050000,4000.000000,6.087000,64.000000,500.000000,500.000000,2.000000,120.000000,0.400000,172,101,172,41,96,19,36,0,0,0,0,0,41,41,0,0,0.000000,1.000000,44.014585,clear-ocean,30.000000,60.000000,0.151000,551,1076991,276.151538,8.218796,71,0,0,71,0,55,0,0,55,0,0,0,0,0,0,41,0,0,41,0,0,0,0,0,19,52,101,19,37,40,2.965824,228.203531,1158.205234,0.000000,28.846154,60.396040,0,0,0,763929.304710,16.950615,110.913685,2363.757949,292.216634,90.699614,90.226014,763242.865217,761135.282461,473.142262,2794.022249,213.297231,0.038252,0.011873,0.011811,99.910144,0.027921,13.939651,11.709637,2.363758,42.859524,78,0.616071,15,76,0,100.000000,0.745937,55.813953,571.125944,2406.400000,5696.976104,0.000000,241.495910
3420.000000,contribution,optical,hardware,1,1,1,0,priority,0.000500,180,15,hybrid,0.050000,4000.000000,6.087000,64.000000,500.000000,500.000000,2.000000,120.000000,0.400000,176,102,176,41,97,19,37,0,0,0,0,0,41,41,0,0,0.000000,1.000000,44.014585,clear-ocean,30.000000,60.000000,0.151000,563,1080555,277.065385,8.101327,74,0,0,74,0,56,0,0,56,0,0,0,0,0,0,41,0,0,41,0,0,0,0,0,19,55,102,19,38,40,2.965824,229.050185,1158.205234,0.000000,30.909091,60.784314,0,0,0,777533.763593,16.950615,118.271095,2363.757949,298.578728,95.937349,91.289853,776834.566689,774726.983933,485.805929,2806.779659,213.390974,0.038401,0.012339,0.011741,99.910075,0.027445,13.939651,12.157802,2.363758,43.471637,79,0.605263,15,79,0,100.000000,0.764754,55.113636,567.922340,2364.781287,5783.082820,0.000000,165.879217
3480.000000,contribution,optical,hardware,1,1,1,0,priority,0.000500,180,15,hybrid,0.050000,4000.000000,6.087000,64.000000,500.000000,500.000000,2.000000,120.000000,0.400000,177,103,177,41,98,19,38,0,0,0,0,0,41,41,0,0,0.000000,1.000000,44.014585,clear-ocean,30.000000,60.000000,0.151000,564,1080852,277.141538,7.963837,74,0,0,74,0,57,0,0,57,0,0,0,0,0,0,41,0,0,41,0,0,0,0,0,19,55,103,19,39,40,2.965824,231.149482,1158.205234,0.000000,29.090909,61.165049,0,0,0,791131.571322,16.950615,118.977352,2363.757949,302.714898,96.971391,92.132153,790426.268162,788318.685406,491.818442,2812.885916,213.484718,0.038264,0.012257,0.011646,99.910849,0.026985,13.939651,11.916802,2.363758,44.078736,79,0.594828,15,79,0,100.000000,0.764754,55.367232,565.299896,2324.597701,5869.189536,0.000000,98.238782
3540.000000,contribution,optical,hardware,1,1,1,0,priority,0.000500,180,15,hybrid,0.050000,4000.000000,6.087000,64.000000,500.000000,500.000000,2.000000,120.000000,0.400000,178,104,178,41,99,19,39,0,0,0,0,0,41,41,0,0,0.000000,1.000000,44.014585,clear-ocean,30.000000,60.000000,0.151000,565,1081149,277.217692,7.831008,74,0,0,74,0,58,0,0,58,0,0,0,0,0,0,41,0,0,41,0,0,0,0,0,19,55,104,19,40,40,2.965824,234.336356,1158.205234,0.000000,27.272727,61.538462,0,0,0,804729.379051,16.950615,119.683608,2363.757949,306.851068,98.005434,92.974453,804017.969635,801910.386878,497.830955,2818.992172,213.578462,0.038131,0.012179,0.011554,99.911596,0.026540,13.939651,11.687852,2.363758,44.665254,79,0.584746,15,79,0,100.000000,0.764754,55.617978,563.212265,2285.776271,5955.296253,0.000000,44.988210
3600.000000,contribution,optical,hardware,1,1,1,0,priority,0.000500,180,15,hybrid,0.050000,4000.000000,6.087000,64.000000,500.000000,500.000000,2.000000,120.000000,0.400000,185,108,185,41,101,20,40,0,0,0,0,0,41,41,0,0,0.000000,1.000000,44.014585,clear-ocean,30.000000,60.000000,0.151000,575,1083351,277.782308,7.716175,77,0,0,77,0,60,0,0,60,0,0,0,0,0,0,41,0,0,41,0,0,0,0,0,20,57,108,20,41,40,2.954569,237.472482,1158.205234,0.000000,28.070175,62.962963,0,0,0,818330.455292,17.758333,122.850659,2363.757949,313.761392,99.182861,94.113368,817609.671107,815502.088351,507.057621,2828.366942,213.726564,0.038342,0.012120,0.011501,99.911920,0.026117,13.873698,11.704522,2.363758,45.288056,84,0.575000,15,84,0,100.000000,0.754832,54.594595,555.679925,2248.391111,6041.402969,0.000000,11.176673
3660.000000,contribution,optical,hardware,1,1,1,0,priority,0.000500,180,15,hybrid,0.050000,4000.000000,6.087000,64.000000,500.000000,500.000000,2.000000,120.000000,0.400000,187,109,187,41,103,21,41,0,0,0,0,0,41,41,0,0,0.000000,1.000000,44.014585,clear-ocean,30.000000,60.000000,0.151000,579,1083963,277.939231,7.593968,78,0,0,78,0,62,0,0,62,0,0,0,0,0,0,41,0,0,41,0,0,0,0,0,21,57,109,21,42,40,2.973450,241.198180,1158.205234,0.000000,26.315789,63.302752,0,0,0,831928.901124,18.396436,123.556916,2363.757949,318.218537,100.238442,95.196899,831201.372580,829093.789823,513.653878,2835.111300,213.874667,0.038251,0.012049,0.011443,99.912549,0.025708,13.687824,11.491529,2.363758,45.933880,85,0.565574,15,84,0,100.000000,0.748481,55.080214,548.747334,2212.231694,6127.509685,-0.000000,0.010149
3720.000000,contribution,optical,hardware,1,1,1,0,priority,0.000500,180,15,hybrid,0.050000,4000.000000,6.087000,64.000000,500.000000,500.000000,2.000000,120.000000,0.400000,189,111,189,41,103,21,41,0,0,0,0,0,41,41,0,0,0.000000,1.000000,44.014585,clear-ocean,30.000000,60.000000,0.151000,579,1083963,277.939231,7.471485,78,0,0,78,0,62,0,0,62,0,0,0,0,0,0,41,0,0,41,0,0,0,0,0,21,57,111,21,42,40,2.973450,241.198180,1158.205234,0.000000,26.315789,63.963964,0,0,0,845526.002596,18.396436,123.556916,2363.757949,322.354707,101.272484,95.426686,844793.074052,842685.491296,519.053878,2840.511300,213.874667,0.038125,0.011977,0.011286,99.913317,0.025295,13.687824,11.491529,2.363758,46.563441,86,0.556452,15,86,0,100.000000,0.748481,54.497354,548.747334,2176.550538,6213.616401,-0.000000,12.547440
3780.000000,contribution,optical,hardware,1,1,1,0,priority,0.000500,180,15,hybrid,0.050000,4000.000000,6.087000,64.000000,500.000000,500.000000,2.000000,120.000000,0.400000,193,114,193,41,104,21,42,0,0,0,0,0,41,41,0,0,0.000000,1.000000,44.014585,clear-ocean,30.000000,60.000000,0.151000,584,1085448,278.320000,7.362963,79,0,0,79,0,63,0,0,63,0,0,0,0,0,0,41,0,0,41,0,0,0,0,0,21,58,114,21,43,40,2.973450,245.327491,1158.205234,0.000000,25.862069,64.912281,0,0,0,859125.996915,18.396436,126.449762,2363.757949,327.872544,103.037604,96.342832,858384.775525,856277.192769,527.252980,2848.804147,213.968410,0.038163,0.011993,0.011214,99.913724,0.024905,13.687824,11.487079,2.363758,47.202116,89,0.547619,15,89,0,100.000000,0.752924,53.886010,547.497442,2142.543915,6299.723117,-0.000000,47.599769
3840.000000,contribution,optical,hardware,1,1,1,0,priority,0.000500,180,15,hybrid,0.050000,4000.000000,6.087000,64.000000,500.000000,500.000000,2.000000,120.000000,0.400000,196,115,196,41,106,22,43,0,0,0,0,0,41,41,0,0,0.000000,1.000000,44.014585,clear-ocean,30.000000,60.000000,0.151000,593,1087161,278.759231,7.259355,81,0,0,81,0,65,0,0,65,0,0,0,0,0,0,41,0,0,41,0,0,0,0,0,22,59,115,22,44,40,2.986944,249.098552,1158.205234,0.000000,25.423729,65.217391,0,0,0,872726.865080,19.559667,129.053224,2363.757949,332.751817,105.968262,97.551491,871976.476997,869868.894241,536.271570,2857.970839,214.116513,0.038128,0.012142,0.011178,99.914018,0.024534,13.891809,11.457140,2.363758,47.848698,90,0.539062,15,90,0,100.000000,0.758411,54.081633,541.077910,2109.733333,6385.829833,-0.000000,101.843508
3900.000000,contribution,optical,hardware,1,1,1,0,priority,0.000500,180,15,hybrid,0.050000,4000.000000,6.087000,64.000000,500.000000,500.000000,2.000000,120.000000,0.400000,200,117,200,41,108,23,44,0,0,0,0,0,41,41,0,0,0.000000,1.000000,44.014585,clear-ocean,30.000000,60.000000,0.151000,602,1088682,279.149231,7.157673,83,0,0,83,0,67,0,0,67,0,0,0,0,0,0,41,0,0,41,0,0,0,0,0,23,60,117,23,45,40,3.003129,254.048664,1158.205234,0.000000,25.000000,65.811966,0,0,0,886327.124373,20.825205,130.945506,2363.757949,337.970320,107.991843,98.719125,885568.178470,883460.595714,544.681288,2866.528659,214.264615,0.038132,0.012184,0.011138,99.914372,0.024174,14.147558,11.366797,2.363758,48.499744,92,0.530769,15,92,0,100.000000,0.757949,54.000000,535.458067,2077.932308,6471.936549,-0.000000,170.135312
3960.000000,contribution,optical,hardware,1,1,1,0,priority,0.000500,180,15,hybrid,0.050000,4000.000000,6.087000,64.000000,500.000000,500.000000,2.000000,120.000000,0.400000,205,119,205,41,110,24,45,0,0,0,0,0,41,41,0,0,0.000000,1.000000,44.014585,clear-ocean,30.000000,60.000000,0.151000,608,1090080,279.507692,7.058275,86,0,0,86,0,69,0,0,69,0,0,0,0,0,0,41,0,0,41,0,0,0,0,0,24,62,119,24,46,40,2.991525,260.206642,1158.205234,0.000000,25.806452,66.386555,0,0,0,899926.891589,21.293692,133.142762,2363.757949,343.581875,109.169270,99.847784,899159.879942,897052.297186,552.598929,2874.594403,214.412718,0.038179,0.012131,0.011095,99.914770,0.023826,13.863081,11.306281,2.363758,49.177020,96,0.522727,15,95,0,100.000000,0.740978,53.658537,530.631922,2047.094949,6558.043266,-0.000000,245.999815
4020.000000,contribution,optical,hardware,1,1,1,0,priority,0.000500,180,15,hybrid,0.050000,4000.000000,6.087000,64.000000,500.000000,500.000000,2.000000,120.000000,0.400000,208,121,208,41,111,24,46,0,0,0,0,0,41,41,0,0,0.000000,1.000000,44.014585,clear-ocean,30.000000,60.000000,0.151000,613,1091565,279.888462,6.962400,87,0,0,87,0,70,0,0,70,0,0,0,0,0,0,41,0,0,41,0,0,0,0,0,24,63,121,24,47,40,2.991525,263.926135,1158.205234,0.000000,25.396825,66.942149,0,0,0,913526.654498,21.293692,135.804198,2363.757949,349.579481,110.264236,100.722904,912751.581415,910643.998659,560.566621,2882.655839,214.506462,0.038267,0.012070,0.011026,99.915156,0.023481,13.863081,11.286918,2.363758,49.891045,98,0.514925,15,97,0,100.000000,0.742953,53.365385,529.770579,2017.050746,6644.149982,-0.000000,322.243612
4080.000000,contribution,optical,hardware,1,1,1,0,priority,0.000500,180,15,hybrid,0.050000,4000.000000,6.087000,64.000000,500.000000,500.000000,2.000000,120.000000,0.400000,208,121,208,41,112,24,47,0,0,0,0,0,41,41,0,0,0.000000,1.000000,44.014585,clear-ocean,30.000000,60.000000,0.151000,614,1091862,279.964615,6.861878,87,0,0,87,0,71,0,0,71,0,0,0,0,0,0,41,0,0,41,0,0,0,0,0,24,63,121,24,48,40,2.991525,268.185627,1158.205234,0.000000,23.809524,66.942149,0,0,0,927124.462226,21.293692,136.510454,2363.757949,353.715651,111.298278,101.565205,926343.282887,924235.700131,566.579134,2888.762095,214.600205,0.038152,0.012005,0.010955,99.915742,0.023147,13.863081,11.109249,2.363758,50.578186,98,0.507353,15,96,0,100.000000,0.742953,53.846154,529.222465,1987.890196,6730.256698,-0.000000,391.637334
4140.000000,contribution,optical,hardware,1,1,1,0,priority,0.000500,180,15,hybrid,0.050000,4000.000000,6.087000,64.000000,500.000000,500.000000,2.000000,120.000000,0.400000,208,121,208,41,113,24,48,0,0,0,0,0,41,41,0,0,0.000000,1.000000,44.014585,clear-ocean,30.000000,60.000000,0.151000,615,1092159,280.040769,6.764270,87,0,0,87,0,72,0,0,72,0,0,0,0,0,0,41,0,0,41,0,0,0,0,0,24,63,121,24,49,40,2.991525,270.251695,1158.205234,0.000000,22.222222,66.942149,0,0,0,940722.269955,21.293692,137.216711,2363.757949,357.851822,112.332321,102.407505,939934.984360,937827.401604,572.591647,2894.868352,214.693949,0.038040,0.011941,0.010886,99.916311,0.022822,13.863081,10.938832,2.363758,51.232609,98,0.500000,15,95,0,100.000000,0.742953,54.326923,527.808310,1959.574879,6816.363414,-0.000000,447.601131
4200.000000,contribution,optical,hardware,1,1,1,0,priority,0.000500,180,15,hybrid,0.050000,4000.000000,6.087000,64.000000,500.000000,500.000000,2.000000,120.000000,0.400000,208,121,208,41,114,24,49,0,0,0,0,0,41,41,0,0,0.000000,1.000000,44.014585,clear-ocean,30.000000,60.000000,0.151000,616,1092456,280.116923,6.669451,87,0,0,87,0,73,0,0,73,0,0,0,0,0,0,41,0,0,41,0,0,0,0,0,24,63,121,24,50,40,2.991525,271.919468,1158.205234,0.000000,20.634921,66.942149,0,0,0,954320.077684,21.293692,137.922967,2363.757949,361.987992,113.366363,103.249805,953526.685832,951419.103076,578.604160,2900.974608,214.787692,0.037932,0.011879,0.010819,99.916863,0.022507,13.863081,10.775232,2.363758,51.855714,98,0.492857,15,94,0,100.000000,0.742953,54.807692,526.280521,1932.068571,6902.470130,-0.000000,484.828565
4260.000000,contribution,optical,hardware,1,1,1,0,priority,0.000500,180,15,hybrid,0.050000,4000.000000,6.087000,64.000000,500.000000,500.000000,2.000000,120.000000,0.400000,208,121,208,55,116,24,50,0,0,0,0,0,55,55,0,0,0.000000,1.000000,43.932670,clear-ocean,30.000000,60.000000,0.151000,627,1130451,289.859231,6.804207,87,0,0,87,0,74,0,0,74,0,0,0,0,0,0,43,0,0,42,1,0,0,0,0,24,63,121,24,51,41,2.991525,273.708533,1200.786038,0.000000,19.047619,66.115702,0,0,0,968029.286439,21.293692,138.629224,2475.158974,366.124162,114.400406,120.892105,967206.919818,965010.804549,601.416673,3018.481890,220.949949,0.037822,0.011818,0.012488,99.915047,0.022825,13.863081,10.618047,2.414789,52.412911,98,0.518779,15,79,12,100.000000,0.742953,55.769231,545.372063,1952.285446,6988.576846,-0.000000,499.789765
4320.000000,contribution,optical,hardware,1,1,1,0,priority,0.000500,180,15,hybrid,0.050000,4000.000000,6.087000,64.000000,500.000000,500.000000,2.000000,120.000000,0.400000,208,121,208,55,123,24,50,0,0,0,0,0,55,55,0,0,0.000000,1.000000,43.932670,clear-ocean,30.000000,60.000000,0.151000,680,1320336,338.547692,7.836752,87,0,0,87,0,74,0,0,74,0,0,0,0,0,0,50,0,0,49,1,0,0,0,0,24,63,121,24,51,48,2.991525,273.708533,1430.533730,0.000000,19.047619,60.330579,0,0,0,982055.852322,21.293692,138.629224,2904.623385,370.260332,115.434448,121.121892,981188.151957,978602.506021,606.816673,3453.346300,260.883692,0.037703,0.011754,0.012334,99.911644,0.026565,13.863081,10.618047,2.420519,52.782176,98,0.629630,15,79,5,100.000000,0.742953,59.134615,672.329682,2249.244444,7074.683562,0.000000,491.066123
4380.000000,contribution,optical,hardware,1,1,1,0,priority,0.000500,180,15,hybrid,0.050000,4000.000000,6.087000,64.000000,500.000000,500.000000,2.000000,120.000000,0.400000,208,121,208,55,130,24,51,0,0,0,0,0,55,55,0,0,0.000000,1.000000,43.932670,clear-ocean,30.000000,60.000000,0.151000,716,1447068,371.043077,8.471303,87,0,0,87,0,75,0,0,75,0,0,0,0,0,0,55,0,0,55,0,0,0,0,0,24,63,121,24,52,54,2.991525,275.868199,1554.254654,0.000000,17.460317,55.371901,0,0,0,995940.109897,21.293692,139.335480,3191.073231,374.396502,116.468491,121.964192,995039.226968,992194.207494,612.829185,3745.902403,288.053744,0.037592,0.011694,0.012246,99.909544,0.028923,13.863081,10.466908,2.363758,53.128767,98,0.641553,15,78,0,100.000000,0.742953,62.500000,756.513033,2492.873059,7160.790279,0.000000,459.484807
4440.000000,contribution,optical,hardware,1,1,1,0,priority,0.000500,180,15,hybrid,0.050000,4000.000000,6.087000,64.000000,500.000000,500.000000,2.000000,120.000000,0.400000,208,121,208,55,131,24,52,0,0,0,0,0,55,55,0,0,0.000000,1.000000,43.932670,clear-ocean,30.000000,60.000000,0.151000,717,1447365,371.119231,8.358541,87,0,0,87,0,76,0,0,76,0,0,0,0,0,0,55,0,0,55,0,0,0,0,0,24,63,121,24,53,54,2.991525,279.156332,1554.254654,0.000000,15.873016,55.371901,0,0,0,1009537.917626,21.293692,140.041736,3191.073231,378.532673,117.502534,122.806492,1008630.928440,1005785.908966,618.841698,3752.008659,288.147487,0.037496,0.011639,0.012165,99.910158,0.028543,13.863081,10.321472,2.363758,53.454054,98,0.632883,15,77,0,100.000000,0.742953,62.980769,754.174302,2459.646847,7246.896995,0.000000,408.040329
4500.000000,contribution,optical,hardware,1,1,1,0,priority,0.000500,180,15,hybrid,0.050000,4000.000000,6.087000,64.000000,500.000000,500.000000,2.000000,120.000000,0.400000,208,121,208,55,132,24,53,0,0,0,0,0,55,55,0,0,0.000000,1.000000,43.932670,clear-ocean,30.000000,60.000000,0.151000,718,1447662,371.195385,8.248786,87,0,0,87,0,77,0,0,77,0,0,0,0,0,0,55,0,0,55,0,0,0,0,0,24,63,121,24,54,54,2.991525,282.914593,1554.254654,0.000000,14.285714,55.371901,0,0,0,1023135.725355,21.293692,140.747993,3191.073231,382.668843,118.536576,123.648792,1022222.629913,1019377.610439,624.854211,3758.114916,288.241231,0.037402,0.011586,0.012085,99.910755,0.028172,13.863081,10.181423,2.363758,53.758889,98,0.624444,15,76,0,100.000000,0.742953,63.461538,752.113151,2427.306667,7333.003711,0.000000,341.610608
4560.000000,contribution,optical,hardware,1,1,1,0,priority,0.000500,180,15,hybrid,0.050000,4000.000000,6.087000,64.000000,500.000000,500.000000,2.000000,120.000000,0.400000,208,121,208,55,132,24,53,0,0,0,0,0,55,55,0,0,0.000000,1.000000,43.932670,clear-ocean,30.000000,60.000000,0.151000,718,1447662,371.195385,8.140250,87,0,0,87,0,77,0,0,77,0,0,0,0,0,0,55,0,0,55,0,1,0,1,0,24,63,121,24,54,54,2.991525,282.914593,1554.254654,0.000000,14.285714,55.371901,0,0,0,1036732.826827,21.293692,140.747993,3191.073231,386.805013,119.570619,123.878579,1035814.331385,1032969.311911,630.254211,3763.514916,288.241231,0.037310,0.011533,0.011949,99.911405,0.027803,13.863081,10.181423,2.363758,54.044079,98,0.616228,15,75,0,100.000000,0.742953,63.461538,752.113151,2395.368421,7419.110427,0.000000,266.494452
4620.000000,contribution,optical,hardware,1,1,1,0,priority,0.000500,180,15,hybrid,0.050000,4000.000000,6.087000,64.000000,500.000000,500.000000,2.000000,120.000000,0.400000,208,121,208,55,132,24,53,0,0,0,0,0,55,55,0,0,0.000000,1.000000,43.932670,clear-ocean,30.000000,60.000000,0.151000,718,1447662,371.195385,8.034532,87,0,0,87,0,77,0,0,77,0,0,0,0,0,0,55,0,0,55,0,2,0,2,0,24,63,121,24,54,54,2.991525,282.914593,1554.254654,0.000000,14.285714,55.371901,0,0,0,1050329.928300,21.293692,140.747993,3191.073231,390.941183,120.604661,124.108367,1049406.032858,1046561.013384,635.654211,3768.914916,288.241231,0.037221,0.011483,0.011816,99.912038,0.027443,13.863081,10.181423,2.363758,54.310390,98,0.608225,15,74,0,100.000000,0.742953,63.461538,752.113151,2364.259740,7505.217143,0.000000,189.814306
4680.000000,contribution,optical,hardware,1,1,1,0,priority,0.000500,180,15,hybrid,0.050000,4000.000000,6.087000,64.000000,500.000000,500.000000,2.000000,120.000000,0.400000,208,121,208,55,132,24,53,0,0,0,0,0,55,55,0,0,0.000000,1.000000,43.932670,clear-ocean,30.000000,60.000000,0.151000,718,1447662,371.195385,7.931525,87,0,0,87,0,77,0,0,77,0,0,0,0,0,0,55,0,0,55,0,3,0,3,0,24,63,121,24,54,54,2.991525,282.914593,1554.254654,0.000000,14.285714,55.371901,0,0,0,1063927.029772,21.293692,140.747993,3191.073231,395.077354,121.638704,124.338154,1062997.734330,1060152.714856,641.054211,3774.314916,288.241231,0.037134,0.011433,0.011687,99.912654,0.027092,13.863081,10.181423,2.363758,54.558547,98,0.600427,15,73,0,100.000000,0.742953,63.461538,752.113151,2333.948718,7591.323859,0.000000,118.840914
4740.000000,contribution,optical,hardware,1,1,1,0,priority,0.000500,180,15,hybrid,0.050000,4000.000000,6.087000,64.000000,500.000000,500.000000,2.000000,120.000000,0.400000,208,121,208,55,132,24,53,0,0,0,0,0,55,55,0,0,0.000000,1.000000,43.932670,clear-ocean,30.000000,60.000000,0.151000,718,1447662,371.195385,7.831126,87,0,0,87,0,77,0,0,77,0,0,0,0,0,0,55,0,0,55,0,4,0,4,0,24,63,121,24,54,54,2.991525,282.914593,1554.254654,0.000000,14.285714,55.371901,0,0,0,1077524.131245,21.293692,140.747993,3191.073231,399.213524,122.672746,124.567941,1076589.435803,1073744.416329,646.454211,3779.714916,288.241231,0.037049,0.011385,0.011561,99.913255,0.026750,13.863081,10.181423,2.363758,54.789241,98,0.592827,15,72,0,100.000000,0.742953,63.461538,752.113151,2304.405063,7677.430575,0.000000,60.303909
4800.000000,contribution,optical,hardware,1,1,1,0,priority,0.000500,180,15,hybrid,0.050000,4000.000000,6.087000,64.000000,500.000000,500.000000,2.000000,120.000000,0.400000,208,121,208,55,132,24,53,0,0,0,0,0,55,55,0,0,0.000000,1.000000,43.932670,clear-ocean,30.000000,60.000000,0.151000,718,1447662,371.195385,7.733237,87,0,0,87,0,77,0,0,77,0,0,0,0,0,0,55,0,0,55,0,5,0,5,0,24,63,121,24,54,54,2.991525,282.914593,1554.254654,0.000000,14.285714,55.371901,0,0,0,1091121.232717,21.293692,140.747993,3191.073231,403.349694,123.706789,124.797728,1090181.137275,1087336.117801,651.854211,3785.114916,288.241231,0.036967,0.011338,0.011438,99.913841,0.026417,13.863081,10.181423,2.363758,55.003125,98,0.585417,15,71,0,100.000000,0.742953,63.461538,752.113151,2275.600000,7763.537292,0.000000,19.753718
4860.000000,contribution,optical,hardware,1,1,1,0,priority,0.000500,180,15,hybrid,0.050000,4000.000000,6.087000,64.000000,500.000000,500.000000,2.000000,120.000000,0.400000,208,121,208,55,132,24,53,0,0,0,0,0,55,55,0,0,0.000000,1.000000,43.932670,clear-ocean,30.000000,60.000000,0.151000,718,1447662,371.195385,7.637765,87,0,0,87,0,77,0,0,77,0,0,0,0,0,0,55,0,0,55,0,5,0,5,0,24,63,121,24,54,54,2.991525,282.914593,1554.254654,0.000000,14.285714,55.371901,0,0,0,1104718.334190,21.293692,140.747993,3191.073231,407.485864,124.740831,125.027515,1103772.838748,1100927.819274,657.254211,3790.514916,288.241231,0.036886,0.011292,0.011318,99.914413,0.026092,13.863081,10.181423,2.363758,55.200617,98,0.578189,15,71,0,100.000000,0.742953,63.461538,752.113151,2247.506173,7849.644008,0.000000,1.035273
4920.000000,contribution,optical,hardware,1,1,1,0,priority,0.000500,180,15,hybrid,0.050000,4000.000000,6.087000,64.000000,500.000000,500.000000,2.000000,120.000000,0.400000,208,121,208,55,132,24,53,0,0,0,0,0,55,55,0,0,0.000000,1.000000,43.932670,clear-ocean,30.000000,60.000000,0.151000,718,1447662,371.195385,7.544622,87,0,0,87,0,77,0,0,77,0,0,0,0,0,0,55,0,0,55,0,6,0,6,0,24,63,121,24,54,54,2.991525,282.914593,1554.254654,0.000000,14.285714,55.371901,0,0,0,1118315.435662,21.293692,140.747993,3191.073231,411.622034,125.774874,125.257303,1117364.540220,1114519.520746,662.654211,3795.914916,288.241231,0.036807,0.011247,0.011201,99.914971,0.025775,13.863081,10.181423,2.363758,55.381301,98,0.571138,15,70,0,100.000000,0.742953,63.461538,752.113151,2220.097561,7935.750724,-0.000000,5.923441
4980.000000,contribution,optical,hardware,1,1,1,0,priority,0.000500,180,15,hybrid,0.050000,4000.000000,6.087000,64.000000,500.000000,500.000000,2.000000,120.000000,0.400000,208,121,208,55,132,24,53,0,0,0,0,0,55,55,0,0,0.000000,1.000000,43.932670,clear-ocean,30.000000,60.000000,0.151000,718,1447662,371.195385,7.453723,87,0,0,87,0,77,0,0,77,0,0,0,0,0,0,55,0,0,55,0,7,0,7,0,24,63,121,24,54,54,2.991525,282.914593,1554.254654,0.000000,14.285714,55.371901,0,0,0,1131912.537135,21.293692,140.747993,3191.073231,415.758205,126.808917,125.487090,1130956.241693,1128111.222219,668.054211,3801.314916,288.241231,0.036731,0.011203,0.011086,99.915515,0.025465,13.863081,10.181423,2.363758,55.546988,98,0.564257,15,69,0,100.000000,0.742953,63.461538,752.113151,2193.349398,8021.857440,-0.000000,33.954730
5040.000000,contribution,optical,hardware,1,1,1,0,priority,0.000500,180,15,hybrid,0.050000,4000.000000,6.087000,64.000000,500.000000,500.000000,2.000000,120.000000,0.400000,208,121,208,55,132,24,53,0,0,0,0,0,55,55,0,0,0.000000,1.000000,43.932670,clear-ocean,30.000000,60.000000,0.151000,718,1447662,371.195385,7.364988,87,0,0,87,0,77,0,0,77,0,0,0,0,0,0,55,0,0,55,0,8,0,8,0,24,63,121,24,54,54,2.991525,282.914593,1554.254654,0.000000,14.285714,55.371901,0,0,0,1145509.638607,21.293692,140.747993,3191.073231,419.894375,127.842959,125.716877,1144547.943165,1141702.923691,673.454211,3806.714916,288.241231,0.036656,0.011160,0.010975,99.916046,0.025163,13.863081,10.181423,2.363758,55.698214,98,0.557540,15,68,0,100.000000,0.742953,63.461538,752.113151,2167.238095,8107.964156,-0.000000,82.471238
5100.000000,contribution,optical,hardware,1,1,1,0,priority,0.000500,180,15,hybrid,0.050000,4000.000000,6.087000,64.000000,500.000000,500.000000,2.000000,120.000000,0.400000,208,121,208,55,132,24,53,0,0,0,0,0,55,55,0,0,0.000000,1.000000,43.932670,clear-ocean,30.000000,60.000000,0.151000,718,1447662,371.195385,7.278341,87,0,0,87,0,77,0,0,77,0,0,0,0,0,0,55,0,0,55,0,9,0,9,0,24,63,121,24,54,54,2.991525,282.914593,1554.254654,0.000000,14.285714,55.371901,0,0,0,1159106.740080,21.293692,140.747993,3191.073231,424.030545,128.877002,125.946664,1158139.644638,1155294.625164,678.854211,3812.114916,288.241231,0.036583,0.011119,0.010866,99.916565,0.024868,13.863081,10.181423,2.363758,55.835490,98,0.550980,15,67,0,100.000000,0.742953,63.461538,752.113151,2141.741176,8194.070872,-0.000000,146.872673
5160.000000,contribution,optical,hardware,1,1,1,0,priority,0.000500,180,15,hybrid,0.050000,4000.000000,6.087000,64.000000,500.000000,500.000000,2.000000,120.000000,0.400000,208,121,208,55,132,24,53,0,0,0,0,0,55,55,0,0,0.000000,1.000000,43.932670,clear-ocean,30.000000,60.000000,0.151000,718,1447662,371.195385,7.193709,87,0,0,87,0,77,0,0,77,0,0,0,0,0,0,55,0,0,55,0,9,0,9,0,24,63,121,24,54,54,2.991525,282.914593,1554.254654,0.000000,14.285714,55.371901,0,0,0,1172703.841552,21.293692,140.747993,3191.073231,428.166715,129.911044,126.176452,1171731.346110,1168886.326636,684.254211,3817.514916,288.241231,0.036511,0.011078,0.010759,99.917072,0.024579,13.863081,10.181423,2.363758,55.965310,98,0.544574,15,67,0,100.000000,0.742953,63.461538,752.113151,2116.837209,8280.177588,-0.000000,221.052549
5220.000000,contribution,optical,hardware,1,1,1,0,priority,0.000500,180,15,hybrid,0.050000,4000.000000,6.087000,64.000000,500.000000,500.000000,2.000000,120.000000,0.400000,208,121,208,55,132,24,53,0,0,0,0,0,55,55,0,0,0.000000,1.000000,43.932670,clear-ocean,30.000000,60.000000,0.151000,718,1447662,371.195385,7.111023,87,0,0,87,0,77,0,0,77,0,0,0,0,0,0,55,0,0,55,0,9,0,9,0,24,63,121,24,54,54,2.991525,282.914593,1554.254654,0.000000,14.285714,55.371901,0,0,0,1186300.943025,21.293692,140.747993,3191.073231,432.302885,130.945087,126.406239,1185323.047583,1182478.028109,689.654211,3822.914916,288.241231,0.036441,0.011038,0.010655,99.917568,0.024297,13.863081,10.181423,2.363758,56.092146,98,0.538314,15,67,0,100.000000,0.742953,63.461538,752.113151,2092.505747,8366.284305,-0.000000,297.977197
5280.000000,contribution,optical,hardware,1,1,1,0,priority,0.000500,180,15,hybrid,0.050000,4000.000000,6.087000,64.000000,500.000000,500.000000,2.000000,120.000000,0.400000,208,121,208,55,132,24,53,0,0,0,0,0,55,55,0,0,0.000000,1.000000,43.932670,clear-ocean,30.000000,60.000000,0.151000,718,1447662,371.195385,7.030216,87,0,0,87,0,77,0,0,77,0,0,0,0,0,0,55,0,0,55,0,9,0,9,0,24,63,121,24,54,54,2.991525,282.914593,1554.254654,0.000000,14.285714,55.371901,0,0,0,1199898.044497,21.293692,140.747993,3191.073231,436.439056,131.979129,126.636026,1198914.749056,1196069.729581,695.054211,3828.314916,288.241231,0.036373,0.010999,0.010554,99.918052,0.024022,13.863081,10.181423,2.363758,56.216098,98,0.532197,15,67,0,100.000000,0.742953,63.461538,752.113151,2068.727273,8452.391021,-0.000000,370.352689
5340.000000,contribution,optical,hardware,1,1,1,0,priority,0.000500,180,15,hybrid,0.050000,4000.000000,6.087000,64.000000,500.000000,500.000000,2.000000,120.000000,0.400000,208,121,208,55,132,24,53,0,0,0,0,0,55,55,0,0,0.000000,1.000000,43.932670,clear-ocean,30.000000,60.000000,0.151000,718,1447662,371.195385,6.951224,87,0,0,87,0,77,0,0,77,0,0,0,0,0,0,55,0,0,55,0,9,0,9,0,24,63,121,24,54,54,2.991525,282.914593,1554.254654,0.000000,14.285714,55.371901,0,0,0,1213495.145970,21.293692,140.747993,3191.073231,440.575226,133.013172,126.865813,1212506.450528,1209661.431054,700.454211,3833.714916,288.241231,0.036306,0.010961,0.010455,99.918525,0.023753,13.863081,10.181423,2.363758,56.337266,98,0.526217,15,67,0,100.000000,0.742953,63.461538,752.113151,2045.483146,8538.497737,-0.000000,431.316448
5400.000000,contribution,optical,hardware,1,1,1,0,priority,0.000500,180,15,hybrid,0.050000,4000.000000,6.087000,64.000000,500.000000,500.000000,2.000000,120.000000,0.400000,208,121,208,55,132,24,53,0,0,0,0,0,55,55,0,0,0.000000,1.000000,43.932670,clear-ocean,30.000000,60.000000,0.151000,718,1447662,371.195385,6.873989,87,0,0,87,0,77,0,0,77,0,0,0,0,0,0,55,0,0,55,0,9,0,9,0,24,63,121,24,54,54,2.991525,282.914593,1554.254654,0.000000,14.285714,55.371901,0,0,0,1227092.247442,21.293692,140.747993,3191.073231,444.711396,134.047214,127.095601,1226098.152001,1223253.132526,705.854211,3839.114916,288.241231,0.036241,0.010924,0.010357,99.918988,0.023490,13.863081,10.181423,2.363758,56.455741,98,0.520370,15,67,0,100.000000,0.742953,63.461538,752.113151,2022.755556,8624.604453,-0.000000,475.087943
5460.000000,contribution,optical,hardware,1,1,1,0,priority,0.000500,180,15,hybrid,0.050000,4000.000000,6.087000,64.000000,500.000000,500.000000,2.000000,120.000000,0.400000,208,121,208,55,132,24,53,0,0,0,0,0,55,55,0,0,0.000000,1.000000,43.932670,clear-ocean,30.000000,60.000000,0.151000,718,1447662,371.195385,6.798450,87,0,0,87,0,77,0,0,77,0,0,0,0,0,0,55,0,0,55,0,9,0,9,0,24,63,121,24,54,54,2.991525,282.914593,1554.254654,0.000000,14.285714,55.371901,0,0,0,1240689.348915,21.293692,140.747993,3191.073231,448.847566,135.081257,127.325388,1239689.853473,1236844.833999,711.254211,3844.514916,288.241231,0.036177,0.010888,0.010262,99.919440,0.023232,13.863081,10.181423,2.363758,56.571612,98,0.514652,15,67,0,100.000000,0.742953,63.461538,752.113151,2000.527473,8710.711169,-0.000000,497.516801
5520.000000,contribution,optical,hardware,1,1,1,0,priority,0.000500,180,15,hybrid,0.050000,4000.000000,6.087000,64.000000,500.000000,500.000000,2.000000,120.000000,0.400000,208,121,208,65,138,24,53,0,0,0,0,0,65,65,0,0,0.000000,1.000000,43.807490,clear-ocean,30.000000,60.000000,0.151000,764,1615932,414.341538,7.506187,87,0,0,87,0,77,0,0,77,0,0,0,0,0,0,62,0,0,61,1,9,0,9,0,24,63,121,24,54,60,2.991525,282.914593,1751.392453,0.000000,14.285714,50.413223,0,0,0,1254684.655926,21.293692,140.747993,3589.278769,452.983736,136.115300,139.555175,1253634.743869,1250436.535472,728.654211,4248.120454,321.257846,0.036103,0.010849,0.011123,99.916321,0.025605,13.863081,10.181423,2.392853,56.590761,98,0.569022,15,57,3,100.000000,0.742953,66.346154,872.700955,2196.173913,8796.817885,0.000000,496.476337
5580.000000,contribution,optical,hardware,1,1,1,0,priority,0.000500,180,15,hybrid,0.050000,4000.000000,6.087000,64.000000,500.000000,500.000000,2.000000,120.000000,0.400000,208,121,208,65,142,24,53,0,0,0,0,0,65,65,0,0,0.000000,1.000000,43.807490,clear-ocean,30.000000,60.000000,0.151000,788,1700532,436.033846,7.814227,87,0,0,87,0,77,0,0,77,0,0,0,0,0,0,65,0,0,65,0,9,0,9,0,24,63,121,24,54,64,2.991525,282.914593,1855.489602,0.000000,14.285714,47.107438,0,0,0,1268474.491347,21.293692,140.747993,3782.012718,457.119907,137.149342,139.784962,1267399.996931,1264028.236944,734.054211,4446.254403,340.440205,0.036037,0.010812,0.011020,99.915292,0.026839,13.863081,10.181423,2.363758,56.595161,98,0.569892,15,57,0,100.000000,0.742953,68.269231,944.369853,2315.928315,8882.924601,0.000000,472.065207
5640.000000,contribution,optical,hardware,1,1,1,0,priority,0.000500,180,15,hybrid,0.050000,4000.000000,6.087000,64.000000,500.000000,500.000000,2.000000,120.000000,0.400000,208,121,208,65,142,24,53,0,0,0,0,0,65,65,0,0,0.000000,1.000000,43.807490,clear-ocean,30.000000,60.000000,0.151000,788,1700532,436.033846,7.731097,87,0,0,87,0,77,0,0,77,0,0,0,0,0,0,65,0,0,65,0,9,0,9,0,24,63,121,24,54,64,2.991525,282.914593,1855.489602,0.000000,14.285714,47.107438,0,0,0,1282071.592820,21.293692,140.747993,3782.012718,461.256077,138.183385,140.014750,1280991.698403,1277619.938417,739.454211,4451.654403,340.440205,0.035977,0.010778,0.010921,99.915770,0.026554,13.863081,10.181423,2.363758,56.599468,98,0.563830,15,57,0,100.000000,0.742953,68.269231,944.369853,2291.290780,8969.031318,0.000000,426.598054
5700.000000,contribution,optical,hardware,1,1,1,0,priority,0.000500,180,15,hybrid,0.050000,4000.000000,6.087000,64.000000,500.000000,500.000000,2.000000,120.000000,0.400000,208,121,208,65,142,24,53,0,0,0,0,0,65,65,0,0,0.000000,1.000000,43.807490,clear-ocean,30.000000,60.000000,0.151000,788,1700532,436.033846,7.649717,87,0,0,87,0,77,0,0,77,0,0,0,0,0,0,65,0,0,65,0,9,0,9,0,24,63,121,24,54,64,2.991525,282.914593,1855.489602,0.000000,14.285714,47.107438,0,0,0,1295668.694292,21.293692,140.747993,3782.012718,465.392247,139.217427,140.244537,1294583.399876,1291211.639889,744.854211,4457.054403,340.440205,0.035919,0.010745,0.010824,99.916237,0.026275,13.863081,10.181423,2.363758,56.603684,98,0.557895,15,57,0,100.000000,0.742953,68.269231,944.369853,2267.171930,9055.138034,0.000000,364.386030
5760.000000,contribution,optical,hardware,1,1,1,0,priority,0.000500,180,15,hybrid,0.050000,4000.000000,6.087000,64.000000,500.000000,500.000000,2.000000,120.000000,0.400000,208,121,208,65,142,24,53,0,0,0,0,0,65,65,0,0,0.000000,1.000000,43.807490,clear-ocean,30.000000,60.000000,0.151000,788,1700532,436.033846,7.570032,87,0,0,87,0,77,0,0,77,0,0,0,0,0,0,65,0,0,65,0,9,0,9,0,24,63,121,24,54,64,2.991525,282.914593,1855.489602,0.000000,14.285714,47.107438,0,0,0,1309265.795765,21.293692,140.747993,3782.012718,469.528417,140.251470,140.474324,1308175.101348,1304803.341362,750.254211,4462.454403,340.440205,0.035862,0.010712,0.010729,99.916694,0.026002,13.863081,10.181423,2.363758,56.607813,98,0.552083,15,57,0,100.000000,0.742953,68.269231,944.369853,2243.555556,9141.244750,0.000000,291.328026
5820.000000,contribution,optical,hardware,1,1,1,0,priority,0.000500,180,15,hybrid,0.050000,4000.000000,6.087000,64.000000,500.000000,500.000000,2.000000,120.000000,0.400000,208,121,208,65,142,24,53,0,0,0,0,0,65,65,0,0,0.000000,1.000000,43.807490,clear-ocean,30.000000,60.000000,0.151000,788,1700532,436.033846,7.491990,87,0,0,87,0,77,0,0,77,0,0,0,0,0,0,65,0,0,65,0,9,0,9,0,24,63,121,24,54,64,2.991525,282.914593,1855.489602,0.000000,14.285714,47.107438,0,0,0,1322862.897237,21.293692,140.747993,3782.012718,473.664588,141.285512,140.704111,1321766.802821,1318395.042834,755.654211,4467.854403,340.440205,0.035806,0.010680,0.010636,99.917142,0.025735,13.863081,10.181423,2.363758,56.611856,98,0.546392,15,57,0,100.000000,0.742953,68.269231,944.369853,2220.426117,9227.351466,0.000000,214.351336
5880.000000,contribution,optical,hardware,1,1,1,0,priority,0.000500,180,15,hybrid,0.050000,4000.000000,6.087000,64.000000,500.000000,500.000000,2.000000,120.000000,0.400000,208,121,208,65,142,24,53,0,0,0,0,0,65,65,0,0,0.000000,1.000000,43.807490,clear-ocean,30.000000,60.000000,0.151000,788,1700532,436.033846,7.415542,87,0,0,87,0,77,0,0,77,0,0,0,0,0,0,65,0,0,65,0,9,0,9,0,24,63,121,24,54,64,2.991525,282.914593,1855.489602,0.000000,14.285714,47.107438,0,0,0,1336459.998710,21.293692,140.747993,3782.012718,477.800758,142.319555,140.933898,1335358.504294,1331986.744307,761.054211,4473.254403,340.440205,0.035751,0.010649,0.010545,99.917581,0.025473,13.863081,10.181423,2.363758,56.615816,98,0.540816,15,57,0,100.000000,0.742953,68.269231,944.369853,2197.768707,9313.458182,0.000000,140.754819
5940.000000,contribution,optical,hardware,1,1,1,0,priority,0.000500,180,15,hybrid,0.050000,4000.000000,6.087000,64.000000,500.000000,500.000000,2.000000,120.000000,0.400000,208,121,208,65,142,24,53,0,0,0,0,0,65,65,0,0,0.000000,1.000000,43.807490,clear-ocean,30.000000,60.000000,0.151000,788,1700532,436.033846,7.340637,87,0,0,87,0,77,0,0,77,0,0,0,0,0,0,65,0,0,65,0,9,0,9,0,24,63,121,24,54,64,2.991525,282.914593,1855.489602,0.000000,14.285714,47.107438,0,0,0,1350057.100182,21.293692,140.747993,3782.012718,481.936928,143.353597,141.163686,1348950.205766,1345578.445779,766.454211,4478.654403,340.440205,0.035698,0.010618,0.010456,99.918011,0.025217,13.863081,10.181423,2.363758,56.619697,98,0.535354,15,57,0,100.000000,0.742953,68.269231,944.369853,2175.569024,9399.564898,0.000000,77.516833
6000.000000,contribution,optical,hardware,1,1,1,0,priority,0.000500,180,15,hybrid,0.050000,4000.000000,6.087000,64.000000,500.000000,500.000000,2.000000,120.000000,0.400000,208,121,208,65,142,24,53,0,0,0,0,0,65,65,0,0,0.000000,1.000000,43.807490,clear-ocean,30.000000,60.000000,0.151000,788,1700532,436.033846,7.267231,87,0,0,87,0,77,0,0,77,0,0,0,0,0,0,65,0,0,65,0,9,0,9,0,24,63,121,24,54,64,2.991525,282.914593,1855.489602,0.000000,14.285714,47.107438,0,0,0,1363654.201655,21.293692,140.747993,3782.012718,486.073098,144.387640,141.393473,1362541.907239,1359170.147252,771.854211,4484.054403,340.440205,0.035645,0.010588,0.010369,99.918433,0.024965,13.863081,10.181423,2.363758,56.623500,98,0.530000,15,57,0,100.000000,0.742953,68.269231,944.369853,2153.813333,9485.671614,0.000000,30.633547
6060.000000,contribution,optical,hardware,1,1,1,0,priority,0.000500,180,15,hybrid,0.050000,4000.000000,6.087000,64.000000,500.000000,500.000000,2.000000,120.000000,0.400000,208,121,208,65,142,24,53,0,0,0,0,0,65,65,0,0,0.000000,1.000000,43.807490,clear-ocean,30.000000,60.000000,0.151000,788,1700532,436.033846,7.195278,87,0,0,87,0,77,0,0,77,0,0,0,0,0,0,65,0,0,65,0,9,0,9,0,24,63,121,24,54,64,2.991525,282.914593,1855.489602,0.000000,14.285714,47.107438,0,0,0,1377251.303127,21.293692,140.747993,3782.012718,490.209268,145.421682,141.623260,1376133.608711,1372761.848724,777.254211,4489.454403,340.440205,0.035593,0.010559,0.010283,99.918846,0.024719,13.863081,10.181423,2.363758,56.627228,98,0.524752,15,57,0,100.000000,0.742953,68.269231,944.369853,2132.488449,9571.778331,0.000000,4.550391
6120.000000,contribution,optical,hardware,1,1,1,0,priority,0.000500,180,15,hybrid,0.050000,4000.000000,6.087000,64.000000,500.000000,500.000000,2.000000,120.000000,0.400000,208,121,208,65,142,24,53,0,0,0,0,0,65,65,0,0,0.000000,1.000000,43.807490,clear-ocean,30.000000,60.000000,0.151000,788,1700532,436.033846,7.124736,87,0,0,87,0,77,0,0,77,0,0,0,0,0,0,65,0,0,65,0,9,0,9,0,24,63,121,24,54,64,2.991525,282.914593,1855.489602,0.000000,14.285714,47.107438,0,0,0,1390848.404600,21.293692,140.747993,3782.012718,494.345439,146.455725,141.853047,1389725.310184,1386353.550197,782.654211,4494.854403,340.440205,0.035543,0.010530,0.010199,99.919251,0.024477,13.863081,10.181423,2.363758,56.630882,98,0.519608,15,57,0,100.000000,0.742953,68.269231,944.369853,2111.581699,9657.885047,-0.000000,1.740548
6180.000000,contribution,optical,hardware,1,1,1,0,priority,0.000500,180,15,hybrid,0.050000,4000.000000,6.087000,64.000000,500.000000,500.000000,2.000000,120.000000,0.400000,208,121,208,65,142,24,53,0,0,0,0,0,65,65,0,0,0.000000,1.000000,43.807490,clear-ocean,30.000000,60.000000,0.151000,788,1700532,436.033846,7.055564,87,0,0,87,0,77,0,0,77,0,0,0,0,0,0,65,0,0,65,0,9,0,9,0,24,63,121,24,54,64,2.991525,282.914593,1855.489602,0.000000,14.285714,47.107438,0,0,0,1404445.506072,21.293692,140.747993,3782.012718,498.481609,147.489768,142.082835,1403317.011656,1399945.251669,788.054211,4500.254403,340.440205,0.035493,0.010502,0.010117,99.919648,0.024240,13.863081,10.181423,2.363758,56.634466,98,0.514563,15,57,0,100.000000,0.742953,68.269231,944.369853,2091.080906,9743.991763,-0.000000,22.470444
6240.000000,contribution,optical,hardware,1,1,1,0,priority,0.000500,180,15,hybrid,0.050000,4000.000000,6.087000,64.000000,500.000000,500.000000,2.000000,120.000000,0.400000,208,121,208,65,142,24,53,0,0,0,0,0,65,65,0,0,0.000000,1.000000,43.807490,clear-ocean,30.000000,60.000000,0.151000,788,1700532,436.033846,6.987722,87,0,0,87,0,77,0,0,77,0,0,0,0,0,0,65,0,0,65,0,9,0,9,0,24,63,121,24,54,64,2.991525,282.914593,1855.489602,0.000000,14.285714,47.107438,0,0,0,1418042.607545,21.293692,140.747993,3782.012718,502.617779,148.523810,142.312622,1416908.713129,1413536.953142,793.454211,4505.654403,340.440205,0.035444,0.010474,0.010036,99.920038,0.024008,13.863081,10.181423,2.363758,56.637981,98,0.509615,15,57,0,100.000000,0.742953,68.269231,944.369853,2070.974359,9830.098479,-0.000000,64.774488
6300.000000,contribution,optical,hardware,1,1,1,0,priority,0.000500,180,15,hybrid,0.050000,4000.000000,6.087000,64.000000,500.000000,500.000000,2.000000,120.000000,0.400000,208,121,208,65,142,24,53,0,0,0,0,0,65,65,0,0,0.000000,1.000000,43.807490,clear-ocean,30.000000,60.000000,0.151000,788,1700532,436.033846,6.921172,87,0,0,87,0,77,0,0,77,0,0,0,0,0,0,65,0,0,65,0,9,0,9,0,24,63,121,24,54,64,2.991525,282.914593,1855.489602,0.000000,14.285714,47.107438,0,0,0,1431639.709017,21.293692,140.747993,3782.012718,506.753949,149.557853,142.542409,1430500.414601,1427128.654614,798.854211,4511.054403,340.440205,0.035397,0.010447,0.009957,99.920420,0.023780,13.863081,10.181423,2.363758,56.641429,98,0.504762,15,57,0,100.000000,0.742953,68.269231,944.369853,2051.250794,9916.205195,-0.000000,124.641450
6360.000000,contribution,optical,hardware,1,1,1,0,priority,0.000500,180,15,hybrid,0.050000,4000.000000,6.087000,64.000000,500.000000,500.000000,2.000000,120.000000,0.400000,208,121,208,65,142,24,53,0,0,0,0,0,65,65,0,0,0.000000,1.000000,43.807490,clear-ocean,30.000000,60.000000,0.151000,788,1700532,436.033846,6.855878,87,0,0,87,0,77,0,0,77,0,0,0,0,0,0,65,0,0,65,0,9,0,9,0,24,63,121,24,54,64,2.991525,282.914593,1855.489602,0.000000,14.285714,47.107438,0,0,0,1445236.810490,21.293692,140.747993,3782.012718,510.890119,150.591895,142.772196,1444092.116074,1440720.356087,804.254211,4516.454403,340.440205,0.035350,0.010420,0.009879,99.920795,0.023556,13.863081,10.181423,2.363758,56.644811,98,0.500000,15,57,0,100.000000,0.742953,68.269231,944.369853,2031.899371,10002.311911,-0.000000,196.394798
6420.000000,contribution,optical,hardware,1,1,1,0,priority,0.000500,180,15,hybrid,0.050000,4000.000000,6.087000,64.000000,500.000000,500.000000,2.000000,120.000000,0.400000,208,121,208,65,142,24,53,0,0,0,0,0,65,65,0,0,0.000000,1.000000,43.807490,clear-ocean,30.000000,60.000000,0.151000,788,1700532,436.033846,6.791804,87,0,0,87,0,77,0,0,77,0,0,0,0,0,0,65,0,0,65,0,9,0,9,0,24,63,121,24,54,64,2.991525,282.914593,1855.489602,0.000000,14.285714,47.107438,0,0,0,1458833.911962,21.293692,140.747993,3782.012718,515.026290,151.625938,143.001984,1457683.817546,1454312.057559,809.654211,4521.854403,340.440205,0.035304,0.010394,0.009802,99.921163,0.023336,13.863081,10.181423,2.363758,56.648131,98,0.495327,15,57,0,100.000000,0.742953,68.269231,944.369853,2012.909657,10088.418627,-0.000000,273.230942
6480.000000,contribution,optical,hardware,1,1,1,0,priority,0.000500,180,15,hybrid,0.050000,4000.000000,6.087000,64.000000,500.000000,500.000000,2.000000,120.000000,0.400000,208,121,208,65,142,24,53,0,0,0,0,0,65,65,0,0,0.000000,1.000000,43.807490,clear-ocean,30.000000,60.000000,0.151000,788,1700532,436.033846,6.728917,87,0,0,87,0,77,0,0,77,0,0,0,0,0,0,65,0,0,65,0,9,0,9,0,24,63,121,24,54,64,2.991525,282.914593,1855.489602,0.000000,14.285714,47.107438,0,0,0,1472431.013435,21.293692,140.747993,3782.012718,519.162460,152.659980,143.231771,1471275.519019,1467903.759032,815.054211,4527.254403,340.440205,0.035259,0.010368,0.009728,99.921525,0.023121,13.863081,10.181423,2.363758,56.651389,98,0.490741,15,57,0,100.000000,0.742953,68.269231,944.369853,1994.271605,10174.525344,-0.000000,347.864350
6540.000000,contribution,optical,hardware,1,1,1,0,priority,0.000500,180,15,hybrid,0.050000,4000.000000,6.087000,64.000000,500.000000,500.000000,2.000000,120.000000,0.400000,208,121,208,65,142,24,53,0,0,0,0,0,65,65,0,0,0.000000,1.000000,43.807490,clear-ocean,30.000000,60.000000,0.151000,788,1700532,436.033846,6.667184,87,0,0,87,0,77,0,0,77,0,0,0,0,0,0,65,0,0,65,0,9,0,9,0,24,63,121,24,54,64,2.991525,282.914593,1855.489602,0.000000,14.285714,47.107438,0,0,0,1486028.114908,21.293692,140.747993,3782.012718,523.298630,153.694023,143.461558,1484867.220491,1481495.460504,820.454211,4532.654403,340.440205,0.035215,0.010343,0.009654,99.921879,0.022909,13.863081,10.181423,2.363758,56.654587,98,0.486239,15,57,0,100.000000,0.742953,68.269231,944.369853,1975.975535,10260.632060,-0.000000,413.218348
6600.000000,contribution,optical,hardware,1,1,1,0,priority,0.000500,180,15,hybrid,0.050000,4000.000000,6.087000,64.000000,500.000000,500.000000,2.000000,120.000000,0.400000,208,121,208,65,142,24,53,0,0,0,0,0,65,65,0,0,0.000000,1.000000,43.807490,clear-ocean,30.000000,60.000000,0.151000,788,1700532,436.033846,6.606573,87,0,0,87,0,77,0,0,77,0,0,0,0,0,0,65,0,0,65,0,9,0,9,0,24,63,121,24,54,64,2.991525,282.914593,1855.489602,0.000000,14.285714,47.107438,0,0,0,1499625.216380,21.293692,140.747993,3782.012718,527.434800,154.728065,143.691345,1498458.921964,1495087.161977,825.854211,4538.054403,340.440205,0.035171,0.010318,0.009582,99.922228,0.022702,13.863081,10.181423,2.363758,56.657727,98,0.481818,15,57,0,100.000000,0.742953,68.269231,944.369853,1958.012121,10346.738776,-0.000000,463.096127
6660.000000,contribution,optical,hardware,1,1,1,0,priority,0.000500,180,15,hybrid,0.050000,4000.000000,6.087000,64.000000,500.000000,500.000000,2.000000,120.000000,0.400000,208,121,208,65,142,24,53,0,0,0,0,0,65,65,0,0,0.000000,1.000000,43.807490,clear-ocean,30.000000,60.000000,0.151000,788,1700532,436.033846,6.547055,87,0,0,87,0,77,0,0,77,0,0,0,0,0,0,65,0,0,65,0,9,0,9,0,24,63,121,24,54,64,2.991525,282.914593,1855.489602,0.000000,14.285714,47.107438,0,0,0,1513222.317853,21.293692,140.747993,3782.012718,531.570971,155.762108,143.921133,1512050.623436,1508678.863449,831.254211,4543.454403,340.440205,0.035128,0.010293,0.009511,99.922570,0.022498,13.863081,10.181423,2.363758,56.660811,98,0.477477,15,57,0,100.000000,0.742953,68.269231,944.369853,1940.372372,10432.845492,-0.000000,492.768323
6720.000000,contribution,optical,hardware,1,1,1,0,priority,0.000500,180,15,hybrid,0.050000,4000.000000,6.087000,64.000000,500.000000,500.000000,2.000000,120.000000,0.400000,208,121,208,74,146,24,53,0,0,0,0,0,74,74,0,0,0.000000,1.000000,43.648491,clear-ocean,30.000000,60.000000,0.151000,817,1805817,463.030000,6.890327,87,0,0,87,0,77,0,0,77,0,0,0,0,0,0,70,0,0,69,1,9,0,9,0,24,63,121,24,54,68,2.991525,282.914593,2008.170402,0.000000,14.285714,43.801653,0,0,0,1527074.281274,21.293692,140.747993,4036.874667,535.707141,156.796151,154.950920,1525865.507268,1522270.564922,847.454211,4803.716352,361.319795,0.035081,0.010268,0.010147,99.920844,0.023661,13.863081,10.181423,2.374632,56.619643,98,0.505506,15,48,4,100.000000,0.742953,70.192308,1040.443644,2042.095238,10518.952208,0.000000,499.421444
6780.000000,contribution,optical,hardware,1,1,1,0,priority,0.000500,180,15,hybrid,0.050000,4000.000000,6.087000,64.000000,500.000000,500.000000,2.000000,120.000000,0.400000,208,121,208,74,151,24,53,0,0,0,0,0,74,74,0,0,0.000000,1.000000,43.648491,clear-ocean,30.000000,60.000000,0.151000,851,1928115,494.388462,7.291865,87,0,0,87,0,77,0,0,77,0,0,0,0,0,0,74,0,0,74,0,9,0,9,0,24,63,121,24,54,73,2.991525,282.914593,2164.936838,0.000000,14.285714,39.669421,0,0,0,1540948.366336,21.293692,140.747993,4313.858256,539.843311,157.830193,155.180707,1539708.092843,1535862.266394,852.854211,5086.099942,387.419282,0.035033,0.010242,0.010070,99.919512,0.025142,13.863081,10.181423,2.363758,56.543363,98,0.512832,15,48,0,100.000000,0.742953,72.596154,1148.275323,2171.516224,10605.058924,0.000000,482.424646
6840.000000,contribution,optical,hardware,1,1,1,0,priority,0.000500,180,15,hybrid,0.050000,4000.000000,6.087000,64.000000,500.000000,500.000000,2.000000,120.000000,0.400000,208,121,208,74,151,24,53,0,0,0,0,0,74,74,0,0,0.000000,1.000000,43.648491,clear-ocean,30.000000,60.000000,0.151000,851,1928115,494.388462,7.227901,87,0,0,87,0,77,0,0,77,0,0,0,0,0,0,74,0,0,74,0,9,0,9,0,24,63,121,24,54,73,2.991525,282.914593,2164.936838,0.000000,14.285714,39.669421,0,0,0,1554545.467809,21.293692,140.747993,4313.858256,543.979481,158.864236,155.410494,1553299.794315,1549453.967867,858.254211,5091.499942,387.419282,0.034993,0.010219,0.009997,99.919869,0.024922,13.863081,10.181423,2.363758,56.468421,98,0.508333,15,48,0,100.000000,0.742953,72.596154,1148.275323,2152.467836,10691.165640,0.000000,443.389552
6900.000000,contribution,optical,hardware,1,1,1,0,priority,0.000500,180,15,hybrid,0.050000,4000.000000,6.087000,64.000000,500.000000,500.000000,2.000000,120.000000,0.400000,208,121,208,74,151,24,53,0,0,0,0,0,74,74,0,0,0.000000,1.000000,43.648491,clear-ocean,30.000000,60.000000,0.151000,851,1928115,494.388462,7.165050,87,0,0,87,0,77,0,0,77,0,0,0,0,0,0,74,0,0,74,0,9,0,9,0,24,63,121,24,54,73,2.991525,282.914593,2164.936838,0.000000,14.285714,39.669421,0,0,0,1568142.569281,21.293692,140.747993,4313.858256,548.115651,159.898278,155.640281,1566891.495788,1563045.669339,863.654211,5096.899942,387.419282,0.034953,0.010197,0.009925,99.920219,0.024706,13.863081,10.181423,2.363758,56.394783,98,0.503913,15,48,0,100.000000,0.742953,72.596154,1148.275323,2133.750725,10777.272357,0.000000,386.017433
6960.000000,contribution,optical,hardware,1,1,1,0,priority,0.000500,180,15,hybrid,0.050000,4000.000000,6.087000,64.000000,500.000000,500.000000,2.000000,120.000000,0.400000,208,121,208,74,151,24,53,0,0,0,0,0,74,74,0,0,0.000000,1.000000,43.648491,clear-ocean,30.000000,60.000000,0.151000,851,1928115,494.388462,7.103282,87,0,0,87,0,77,0,0,77,0,0,0,0,0,0,74,0,0,74,0,9,0,9,0,24,63,121,24,54,73,2.991525,282.914593,2164.936838,0.000000,14.285714,39.669421,0,0,0,1581739.670754,21.293692,140.747993,4313.858256,552.251822,160.932321,155.870069,1580483.197260,1576637.370812,869.054211,5102.299942,387.419282,0.034914,0.010174,0.009854,99.920564,0.024493,13.863081,10.181423,2.363758,56.322414,98,0.499569,15,48,0,100.000000,0.742953,72.596154,1148.275323,2115.356322,10863.379073,0.000000,315.748263
7020.000000,contribution,optical,hardware,1,1,1,0,priority,0.000500,180,15,hybrid,0.050000,4000.000000,6.087000,64.000000,500.000000,500.000000,2.000000,120.000000,0.400000,208,121,208,74,151,24,53,0,0,0,0,0,74,74,0,0,0.000000,1.000000,43.648491,clear-ocean,30.000000,60.000000,0.151000,851,1928115,494.388462,7.042571,87,0,0,87,0,77,0,0,77,0,0,0,0,0,0,74,0,0,74,0,9,0,9,0,24,63,121,24,54,73,2.991525,282.914593,2164.936838,0.000000,14.285714,39.669421,0,0,0,1595336.772226,21.293692,140.747993,4313.858256,556.387992,161.966363,156.099856,1594074.898733,1590229.072284,874.454211,5107.699942,387.419282,0.034876,0.010152,0.009785,99.920902,0.024284,13.863081,10.181423,2.363758,56.251282,98,0.495299,15,48,0,100.000000,0.742953,72.596154,1148.275323,2097.276353,10949.485789,0.000000,239.244901
7080.000000,contribution,optical,hardware,1,1,1,0,priority,0.000500,180,15,hybrid,0.050000,4000.000000,6.087000,64.000000,500.000000,500.000000,2.000000,120.000000,0.400000,208,121,208,74,151,24,53,0,0,0,0,0,74,74,0,0,0.000000,1.000000,43.648491,clear-ocean,30.000000,60.000000,0.151000,851,1928115,494.388462,6.982888,87,0,0,87,0,77,0,0,77,0,0,0,0,0,0,74,0,0,74,0,9,0,9,0,24,63,121,24,54,73,2.991525,282.914593,2164.936838,0.000000,14.285714,39.669421,0,0,0,1608933.873699,21.293692,140.747993,4313.858256,560.524162,163.000406,156.329643,1607666.600205,1603820.773757,879.854211,5113.099942,387.419282,0.034838,0.010131,0.009716,99.921235,0.024079,13.863081,10.181423,2.363758,56.181356,98,0.491102,15,48,0,100.000000,0.742953,72.596154,1148.275323,2079.502825,11035.592505,0.000000,163.761329
7140.000000,contribution,optical,hardware,1,1,1,0,priority,0.000500,180,15,hybrid,0.050000,4000.000000,6.087000,64.000000,500.000000,500.000000,2.000000,120.000000,0.400000,208,121,208,74,151,24,53,0,0,0,0,0,74,74,0,0,0.000000,1.000000,43.648491,clear-ocean,30.000000,60.000000,0.151000,851,1928115,494.388462,6.924208,87,0,0,87,0,77,0,0,77,0,0,0,0,0,0,74,0,0,74,0,9,0,9,0,24,63,121,24,54,73,2.991525,282.914593,2164.936838,0.000000,14.285714,39.669421,0,0,0,1622530.975171,21.293692,140.747993,4313.858256,564.660332,164.034448,156.559430,1621258.301678,1617412.475230,885.254211,5118.499942,387.419282,0.034801,0.010110,0.009649,99.921562,0.023877,13.863081,10.181423,2.363758,56.112605,98,0.486975,15,48,0,100.000000,0.742953,72.596154,1148.275323,2062.028011,11121.699221,0.000000,96.454830
7200.000000,contribution,optical,hardware,1,1,1,0,priority,0.000500,180,15,hybrid,0.050000,4000.000000,6.087000,64.000000,500.000000,500.000000,2.000000,120.000000,0.400000,208,121,208,74,151,24,53,0,0,0,0,0,74,74,0,0,0.000000,1.000000,43.648491,clear-ocean,30.000000,60.000000,0.151000,851,1928115,494.388462,6.866506,87,0,0,87,0,77,0,0,77,0,0,0,0,0,0,74,0,0,74,0,9,0,9,0,24,63,121,24,54,73,2.991525,282.914593,2164.936838,0.000000,14.285714,39.669421,0,0,0,1636128.076644,21.293692,140.747993,4313.858256,568.796502,165.068491,156.789218,1634850.003150,1631004.176702,890.654211,5123.899942,387.419282,0.034765,0.010089,0.009583,99.921884,0.023679,13.863081,10.181423,2.363758,56.045000,98,0.482917,15,48,0,100.000000,0.742953,72.596154,1148.275323,2044.844444,11207.805937,0.000000,43.707346
7260.000000,contribution,optical,hardware,1,1,1,0,priority,0.000500,180,15,hybrid,0.050000,4000.000000,6.087000,64.000000,500.000000,500.000000,2.000000,120.000000,0.400000,208,121,208,74,151,24,53,0,0,0,0,0,74,74,0,0,0.000000,1.000000,43.648491,clear-ocean,30.000000,60.000000,0.151000,851,1928115,494.388462,6.809758,87,0,0,87,0,77,0,0,77,0,0,0,0,0,0,74,0,0,74,0,9,0,9,0,24,63,121,24,54,73,2.991525,282.914593,2164.936838,0.000000,14.285714,39.669421,0,0,0,1649725.178116,21.293692,140.747993,4313.858256,572.932673,166.102534,157.019005,1648441.704623,1644595.878175,896.054211,5129.299942,387.419282,0.034729,0.010068,0.009518,99.922201,0.023484,13.863081,10.181423,2.363758,55.978512,98,0.478926,15,48,0,100.000000,0.742953,72.596154,1148.275323,2027.944904,11293.912653,0.000000,10.520348
7320.000000,contribution,optical,hardware,1,1,1,0,priority,0.000500,180,15,hybrid,0.050000,4000.000000,6.087000,64.000000,500.000000,500.000000,2.000000,120.000000,0.400000,208,121,208,74,151,24,53,0,0,0,0,0,74,74,0,0,0.000000,1.000000,43.648491,clear-ocean,30.000000,60.000000,0.151000,851,1928115,494.388462,6.753941,87,0,0,87,0,77,0,0,77,0,0,0,0,0,0,74,0,0,74,0,9,0,9,0,24,63,121,24,54,73,2.991525,282.914593,2164.936838,0.000000,14.285714,39.669421,0,0,0,1663322.279589,21.293692,140.747993,4313.858256,577.068843,167.136576,157.248792,1662033.406095,1658187.579647,901.454211,5134.699942,387.419282,0.034694,0.010048,0.009454,99.922512,0.023292,13.863081,10.181423,2.363758,55.913115,98,0.475000,15,48,0,100.000000,0.742953,72.596154,1148.275323,2011.322404,11380.019370,-0.000000,0.040596
7380.000000,contribution,optical,hardware,1,1,1,0,priority,0.000500,180,15,hybrid,0.050000,4000.000000,6.087000,64.000000,500.000000,500.000000,2.000000,120.000000,0.400000,208,121,208,74,151,24,53,0,0,0,0,0,74,74,0,0,0.000000,1.000000,43.648491,clear-ocean,30.000000,60.000000,0.151000,851,1928115,494.388462,6.699031,87,0,0,87,0,77,0,0,77,0,0,0,0,0,0,74,0,0,74,0,9,0,9,0,24,63,121,24,54,73,2.991525,282.914593,2164.936838,0.000000,14.285714,39.669421,0,0,0,1676919.381061,21.293692,140.747993,4313.858256,581.205013,168.170619,157.478579,1675625.107568,1671779.281120,906.854211,5140.099942,387.419282,0.034659,0.010029,0.009391,99.922818,0.023103,13.863081,10.181423,2.363758,55.848780,98,0.471138,15,48,0,100.000000,0.742953,72.596154,1148.275323,1994.970190,11466.126086,-0.000000,13.261771
7440.000000,contribution,optical,hardware,1,1,1,0,priority,0.000500,180,15,hybrid,0.050000,4000.000000,6.087000,64.000000,500.000000,500.000000,2.000000,120.000000,0.400000,208,121,208,74,151,24,53,0,0,0,0,0,74,74,0,0,0.000000,1.000000,43.648491,clear-ocean,30.000000,60.000000,0.151000,851,1928115,494.388462,6.645006,87,0,0,87,0,77,0,0,77,0,0,0,0,0,0,74,0,0,74,0,9,0,9,0,24,63,121,24,54,73,2.991525,282.914593,2164.936838,0.000000,14.285714,39.669421,0,0,0,1690516.482534,21.293692,140.747993,4313.858256,585.341183,169.204661,157.708367,1689216.809041,1685370.982592,912.254211,5145.499942,387.419282,0.034625,0.010009,0.009329,99.923120,0.022917,13.863081,10.181423,2.363758,55.785484,98,0.467339,15,48,0,100.000000,0.742953,72.596154,1148.275323,1978.881720,11552.232802,-0.000000,48.930253
7500.000000,contribution,optical,hardware,1,1,1,0,priority,0.000500,180,15,hybrid,0.050000,4000.000000,6.087000,64.000000,500.000000,500.000000,2.000000,120.000000,0.400000,208,121,208,74,151,24,53,0,0,0,0,0,74,74,0,0,0.000000,1.000000,43.648491,clear-ocean,30.000000,60.000000,0.151000,851,1928115,494.388462,6.591846,87,0,0,87,0,77,0,0,77,0,0,0,0,0,0,74,0,0,74,0,9,0,9,0,24,63,121,24,54,73,2.991525,282.914593,2164.936838,0.000000,14.285714,39.669421,0,0,0,1704113.584006,21.293692,140.747993,4313.858256,589.477354,170.238704,157.938154,1702808.510513,1698962.684065,917.654211,5150.899942,387.419282,0.034591,0.009990,0.009268,99.923416,0.022734,13.863081,10.181423,2.363758,55.723200,98,0.463600,15,48,0,100.000000,0.742953,72.596154,1148.275323,1963.050667,11638.339518,-0.000000,103.663988
7560.000000,contribution,optical,hardware,1,1,1,0,priority,0.000500,180,15,hybrid,0.050000,4000.000000,6.087000,64.000000,500.000000,500.000000,2.000000,120.000000,0.400000,208,121,208,74,151,24,53,0,0,0,0,0,74,74,0,0,0.000000,1.000000,43.648491,clear-ocean,30.000000,60.000000,0.151000,851,1928115,494.388462,6.539530,87,0,0,87,0,77,0,0,77,0,0,0,0,0,0,74,0,0,74,0,9,0,9,0,24,63,121,24,54,73,2.991525,282.914593,2164.936838,0.000000,14.285714,39.669421,0,0,0,1717710.685479,21.293692,140.747993,4313.858256,593.613524,171.272746,158.167941,1716400.211986,1712554.385537,923.054211,5156.299942,387.419282,0.034558,0.009971,0.009208,99.923708,0.022554,13.863081,10.181423,2.363758,55.661905,98,0.459921,15,48,0,100.000000,0.742953,72.596154,1148.275323,1947.470899,11724.446234,-0.000000,172.273173
7620.000000,contribution,optical,hardware,1,1,1,0,priority,0.000500,180,15,hybrid,0.050000,4000.000000,6.087000,64.000000,500.000000,500.000000,2.000000,120.000000,0.400000,208,121,208,74,151,24,53,0,0,0,0,0,74,74,0,0,0.000000,1.000000,43.648491,clear-ocean,30.000000,60.000000,0.151000,851,1928115,494.388462,6.488038,87,0,0,87,0,77,0,0,77,0,0,0,0,0,0,74,0,0,74,0,9,0,9,0,24,63,121,24,54,73,2.991525,282.914593,2164.936838,0.000000,14.285714,39.669421,0,0,0,1731307.786951,21.293692,140.747993,4313.858256,597.749694,172.306789,158.397728,1729991.913458,1726146.087010,928.454211,5161.699942,387.419282,0.034526,0.009952,0.009149,99.923995,0.022377,13.863081,10.181423,2.363758,55.601575,98,0.456299,15,48,0,100.000000,0.742953,72.596154,1148.275323,1932.136483,11810.552950,-0.000000,248.252347
7680.000000,contribution,optical,hardware,1,1,1,0,priority,0.000500,180,15,hybrid,0.050000,4000.000000,6.087000,64.000000,500.000000,500.000000,2.000000,120.000000,0.400000,208,121,208,74,151,24,53,0,0,0,0,0,74,74,0,0,0.000000,1.000000,43.648491,clear-ocean,30.000000,60.000000,0.151000,851,1928115,494.388462,6.437350,87,0,0,87,0,77,0,0,77,0,0,0,0,0,0,74,0,0,74,0,9,0,9,0,24,63,121,24,54,73,2.991525,282.914593,2164.936838,0.000000,14.285714,39.669421,0,0,0,1744904.888424,21.293692,140.747993,4313.858256,601.885864,173.340831,158.627515,1743583.614931,1739737.788482,933.854211,5167.099942,387.419282,0.034494,0.009934,0.009091,99.924278,0.022203,13.863081,10.181423,2.363758,55.542187,98,0.452734,15,48,0,100.000000,0.742953,72.596154,1148.275323,1917.041667,11896.659666,-0.000000,324.397231
7740.000000,contribution,optical,hardware,1,1,1,0,priority,0.000500,180,15,hybrid,0.050000,4000.000000,6.087000,64.000000,500.000000,500.000000,2.000000,120.000000,0.400000,208,121,208,74,151,24,53,0,0,0,0,0,74,74,0,0,0.000000,1.000000,43.648491,clear-ocean,30.000000,60.000000,0.151000,851,1928115,494.388462,6.387448,87,0,0,87,0,77,0,0,77,0,0,0,0,0,0,74,0,0,74,0,9,0,9,0,24,63,121,24,54,73,2.991525,282.914593,2164.936838,0.000000,14.285714,39.669421,0,0,0,1758501.989896,21.293692,140.747993,4313.858256,606.022034,174.374874,158.857303,1757175.316403,1753329.489955,939.254211,5172.499942,387.419282,0.034462,0.009916,0.009034,99.924557,0.022031,13.863081,10.181423,2.363758,55.483721,98,0.449225,15,48,0,100.000000,0.742953,72.596154,1148.275323,1902.180879,11982.766383,-0.000000,393.487836
7800.000000,contribution,optical,hardware,1,1,1,0,priority,0.000500,180,15,hybrid,0.050000,4000.000000,6.087000,64.000000,500.000000,500.000000,2.000000,120.000000,0.400000,208,121,208,74,151,24,53,0,0,0,0,0,74,74,0,0,0.000000,1.000000,43.648491,clear-ocean,30.000000,60.000000,0.151000,851,1928115,494.388462,6.338314,87,0,0,87,0,77,0,0,77,0,0,0,0,0,0,74,0,0,74,0,9,0,9,0,24,63,121,24,54,73,2.991525,282.914593,2164.936838,0.000000,14.285714,39.669421,0,0,0,1772099.091369,21.293692,140.747993,4313.858256,610.158205,175.408917,159.087090,1770767.017876,1766921.191427,944.654211,5177.899942,387.419282,0.034431,0.009898,0.008977,99.924831,0.021862,13.863081,10.181423,2.363758,55.426154,98,0.445769,15,48,0,100.000000,0.742953,72.596154,1148.275323,1887.548718,12068.873099,-0.000000,448.973053
7860.000000,contribution,optical,hardware,1,1,1,0,priority,0.000500,180,15,hybrid,0.050000,4000.000000,6.087000,64.000000,500.000000,500.000000,2.000000,120.000000,0.400000,208,121,208,74,151,24,53,0,0,0,0,0,74,74,0,0,0.000000,1.000000,43.648491,clear-ocean,30.000000,60.000000,0.151000,851,1928115,494.388462,6.289930,87,0,0,87,0,77,0,0,77,0,0,0,0,0,0,74,0,0,74,0,9,0,9,0,24,63,121,24,54,73,2.991525,282.914593,2164.936838,0.000000,14.285714,39.669421,0,0,0,1785696.192841,21.293692,140.747993,4313.858256,614.294375,176.442959,159.316877,1784358.719348,1780512.892900,950.054211,5183.299942,387.419282,0.034401,0.009881,0.008922,99.925101,0.021696,13.863081,10.181423,2.363758,55.369466,98,0.442366,15,48,0,100.000000,0.742953,72.596154,1148.275323,1873.139949,12154.979815,-0.000000,485.591824
7920.000000,contribution,optical,hardware,1,1,1,0,priority,0.000500,180,15,hybrid,0.050000,4000.000000,6.087000,64.000000,500.000000,500.000000,2.000000,120.000000,0.400000,208,121,208,78,152,24,53,0,0,0,0,0,78,78,0,0,0.000000,1.000000,43.615927,clear-ocean,30.000000,60.000000,0.151000,863,1974087,506.176154,6.391113,87,0,0,87,0,77,0,0,77,0,0,0,0,0,0,76,0,0,75,1,9,0,9,0,24,63,121,24,54,74,2.991525,282.914593,2208.295699,0.000000,14.285714,38.842975,0,0,0,1799403.364878,21.293692,140.747993,4423.928821,618.430545,177.477002,164.346664,1798047.925641,1794104.594372,960.254211,5298.770506,395.185026,0.034369,0.009863,0.009133,99.924673,0.021962,13.863081,10.181423,2.391313,55.307071,98,0.443561,15,44,2,100.000000,0.742953,73.076923,1176.072805,1884.202020,12241.086531,-0.000000,499.871988
7980.000000,contribution,optical,hardware,1,1,1,0,priority,0.000500,180,15,hybrid,0.050000,4000.000000,6.087000,64.000000,500.000000,500.000000,2.000000,120.000000,0.400000,208,121,208,78,155,24,53,0,0,0,0,0,78,78,0,0,0.000000,1.000000,43.615927,clear-ocean,30.000000,60.000000,0.151000,879,2029263,520.323846,6.520349,87,0,0,87,0,77,0,0,77,0,0,0,0,0,0,78,0,0,78,0,9,0,9,0,24,63,121,24,54,77,2.991525,282.914593,2327.303004,0.000000,14.285714,36.363636,0,0,0,1813126.771581,21.293692,140.747993,4550.234051,622.566715,178.511044,164.576452,1811752.818498,1807696.295845,965.654211,5430.475737,408.298872,0.034337,0.009845,0.009077,99.924222,0.022519,13.863081,10.181423,2.363758,55.222055,98,0.442231,15,44,0,100.000000,0.742953,74.519231,1255.171071,1945.223058,12327.193247,0.000000,490.459514
8040.000000,contribution,optical,hardware,1,1,1,0,priority,0.000500,180,15,hybrid,0.050000,4000.000000,6.087000,64.000000,500.000000,500.000000,2.000000,120.000000,0.400000,208,121,208,78,155,24,53,0,0,0,0,0,78,78,0,0,0.000000,1.000000,43.615927,clear-ocean,30.000000,60.000000,0.151000,879,2029263,520.323846,6.471690,87,0,0,87,0,77,0,0,77,0,0,0,0,0,0,78,0,0,78,0,9,0,9,0,24,63,121,24,54,77,2.991525,282.914593,2327.303004,0.000000,14.285714,36.363636,0,0,0,1826723.873054,21.293692,140.747993,4550.234051,626.702885,179.545087,164.806239,1825344.519971,1821287.997317,971.054211,5435.875737,408.298872,0.034307,0.009829,0.009022,99.924490,0.022351,13.863081,10.181423,2.363758,55.138308,98,0.438930,15,44,0,100.000000,0.742953,74.519231,1255.171071,1930.706468,12413.299963,0.000000,458.246884
8100.000000,contribution,optical,hardware,1,1,1,0,priority,0.000500,180,15,hybrid,0.050000,4000.000000,6.087000,64.000000,500.000000,500.000000,2.000000,120.000000,0.400000,208,121,208,78,155,24,53,0,0,0,0,0,78,78,0,0,0.000000,1.000000,43.615927,clear-ocean,30.000000,60.000000,0.151000,879,2029263,520.323846,6.423751,87,0,0,87,0,77,0,0,77,0,0,0,0,0,0,78,0,0,78,0,9,0,9,0,24,63,121,24,54,77,2.991525,282.914593,2327.303004,0.000000,14.285714,36.363636,0,0,0,1840320.974526,21.293692,140.747993,4550.234051,630.839056,180.579129,165.036026,1838936.221443,1834879.698790,976.454211,5441.275737,408.298872,0.034279,0.009812,0.008968,99.924755,0.022186,13.863081,10.181423,2.363758,55.055802,98,0.435679,15,44,0,100.000000,0.742953,74.519231,1255.171071,1916.404938,12499.406680,0.000000,406.288471
8160.000000,contribution,optical,hardware,1,1,1,0,priority,0.000500,180,15,hybrid,0.050000,4000.000000,6.087000,64.000000,500.000000,500.000000,2.000000,120.000000,0.400000,208,121,208,78,155,24,53,0,0,0,0,0,78,78,0,0,0.000000,1.000000,43.615927,clear-ocean,30.000000,60.000000,0.151000,879,2029263,520.323846,6.376518,87,0,0,87,0,77,0,0,77,0,0,0,0,0,0,78,0,0,78,0,9,0,9,0,24,63,121,24,54,77,2.991525,282.914593,2327.303004,0.000000,14.285714,36.363636,0,0,0,1853918.075999,21.293692,140.747993,4550.234051,634.975226,181.613172,165.265813,1852527.922916,1848471.400262,981.854211,5446.675737,408.298872,0.034250,0.009796,0.008914,99.925015,0.022024,13.863081,10.181423,2.363758,54.974510,98,0.432475,15,44,0,100.000000,0.742953,74.519231,1255.171071,1902.313725,12585.513396,0.000000,339.510925
8220.000000,contribution,optical,hardware,1,1,1,0,priority,0.000500,180,15,hybrid,0.050000,4000.000000,6.087000,64.000000,500.000000,500.000000,2.000000,120.000000,0.400000,208,121,208,78,155,24,53,0,0,0,0,0,78,78,0,0,0.000000,1.000000,43.615927,clear-ocean,30.000000,60.000000,0.151000,879,2029263,520.323846,6.329974,87,0,0,87,0,77,0,0,77,0,0,0,0,0,0,78,0,0,78,0,9,0,9,0,24,63,121,24,54,77,2.991525,282.914593,2327.303004,0.000000,14.285714,36.363636,0,0,0,1867515.177472,21.293692,140.747993,4550.234051,639.111396,182.647214,165.495601,1866119.624388,1862063.101735,987.254211,5452.075737,408.298872,0.034223,0.009780,0.008862,99.925272,0.021863,13.863081,10.181423,2.363758,54.894404,98,0.429319,15,44,0,100.000000,0.742953,74.519231,1255.171071,1888.428224,12528.379888,0.000000,385.182255
8280.000000,contribution,optical,hardware,1,1,1,0,priority,0.000500,180,15,hybrid,0.050000,4000.000000,6.087000,64.000000,500.000000,500.000000,2.000000,120.000000,0.400000,208,121,208,78,155,24,53,0,0,0,0,0,78,78,0,0,0.000000,1.000000,43.615927,clear-ocean,30.000000,60.000000,0.151000,879,2029263,520.323846,6.284104,87,0,0,87,0,77,0,0,77,0,0,0,0,0,0,78,0,0,78,0,9,0,9,0,24,63,121,24,54,77,2.991525,282.914593,2327.303004,0.000000,14.285714,36.363636,0,0,0,1881112.278944,21.293692,140.747993,4550.234051,643.247566,183.681257,165.725388,1879711.325861,1875654.803207,992.654211,5457.475737,408.298872,0.034195,0.009765,0.008810,99.925525,0.021705,13.863081,10.181423,2.363758,54.815459,98,0.426208,15,44,0,100.000000,0.742953,74.519231,1255.171071,1874.743961,12442.273172,0.000000,442.758027
8340.000000,contribution,optical,hardware,1,1,1,0,priority,0.000500,180,15,hybrid,0.050000,4000.000000,6.087000,64.000000,500.000000,500.000000,2.000000,120.000000,0.400000,208,121,208,78,155,24,53,0,0,0,0,0,78,78,0,0,0.000000,1.000000,43.615927,clear-ocean,30.000000,60.000000,0.151000,879,2029263,520.323846,6.238895,87,0,0,87,0,77,0,0,77,0,0,0,0,0,0,78,0,0,78,0,9,0,9,0,24,63,121,24,54,77,2.991525,282.914593,2327.303004,0.000000,14.285714,36.363636,0,0,0,1894709.380417,21.293692,140.747993,4550.234051,647.383736,184.715300,165.955175,1893303.027333,1889246.504680,998.054211,5462.875737,408.298872,0.034168,0.009749,0.008759,99.925775,0.021549,13.863081,10.181423,2.363758,54.737650,98,0.423141,15,44,0,100.000000,0.742953,74.519231,1255.171071,1861.256595,12356.166456,0.000000,482.056655
8400.000000,contribution,optical,hardware,1,1,1,0,priority,0.000500,180,15,hybrid,0.050000,4000.000000,6.087000,64.000000,500.000000,500.000000,2.000000,120.000000,0.400000,208,121,208,78,155,24,53,0,0,0,0,0,78,78,0,0,0.000000,1.000000,43.615927,clear-ocean,30.000000,60.000000,0.151000,879,2029263,520.323846,6.194332,87,0,0,87,0,77,0,0,77,0,0,0,0,0,0,78,0,0,78,0,9,0,9,0,24,63,121,24,54,77,2.991525,282.914593,2327.303004,0.000000,14.285714,36.363636,0,0,0,1908306.481889,21.293692,140.747993,4550.234051,651.519907,185.749342,166.184962,1906894.728806,1902838.206152,1003.454211,5468.275737,408.298872,0.034141,0.009734,0.008709,99.926021,0.021396,13.863081,10.181423,2.363758,54.660952,98,0.420119,15,44,0,100.000000,0.742953,74.519231,1255.171071,1847.961905,12270.059740,0.000000,499.351878
8460.000000,contribution,optical,hardware,1,1,1,0,priority,0.000500,180,15,hybrid,0.050000,4000.000000,6.087000,64.000000,500.000000,500.000000,2.000000,120.000000,0.400000,208,121,208,78,155,24,53,0,0,0,0,0,78,78,0,0,0.000000,1.000000,43.615927,clear-ocean,30.000000,60.000000,0.151000,879,2029263,520.323846,6.150400,87,0,0,87,0,77,0,0,77,0,0,0,0,0,0,78,0,0,78,0,9,0,9,0,24,63,121,24,54,77,2.991525,282.914593,2327.303004,0.000000,14.285714,36.363636,0,0,0,1921903.583362,21.293692,140.747993,4550.234051,655.656077,186.783385,166.414750,1920486.430278,1916429.907625,1008.854211,5473.675737,408.298872,0.034115,0.009719,0.008659,99.926263,0.021245,13.863081,10.181423,2.363758,54.585343,98,0.417139,15,44,0,100.000000,0.742953,74.519231,1255.171071,1834.855792,12183.953024,-0.000000,493.003780
8520.000000,contribution,optical,hardware,1,1,1,0,priority,0.000500,180,15,hybrid,0.050000,4000.000000,6.087000,64.000000,500.000000,500.000000,2.000000,120.000000,0.400000,208,121,208,78,155,24,53,0,0,0,0,0,78,78,0,0,0.000000,1.000000,43.615927,clear-ocean,30.000000,60.000000,0.151000,879,2029263,520.323846,6.107087,87,0,0,87,0,77,0,0,77,0,0,0,0,0,0,78,0,0,78,0,9,0,9,0,24,63,121,24,54,77,2.991525,282.914593,2327.303004,0.000000,14.285714,36.363636,0,0,0,1935500.684834,21.293692,140.747993,4550.234051,659.792247,187.817427,166.644537,1934078.131751,1930021.609097,1014.254211,5479.075737,408.298872,0.034089,0.009704,0.008610,99.926502,0.021095,13.863081,10.181423,2.363758,54.510798,98,0.414202,15,44,0,100.000000,0.742953,74.519231,1255.171071,1821.934272,12097.846307,-0.000000,463.614281
8580.000000,contribution,optical,hardware,1,1,1,0,priority,0.000500,180,15,hybrid,0.050000,4000.000000,6.087000,64.000000,500.000000,500.000000,2.000000,120.000000,0.400000,208,121,208,78,155,24,53,0,0,0,0,0,78,78,0,0,0.000000,1.000000,43.615927,clear-ocean,30.000000,60.000000,0.151000,879,2029263,520.323846,6.064380,87,0,0,87,0,77,0,0,77,0,0,0,0,0,0,78,0,0,78,0,9,0,9,0,24,63,121,24,54,77,2.991525,282.914593,2327.303004,0.000000,14.285714,36.363636,0,0,0,1949097.786307,21.293692,140.747993,4550.234051,663.928417,188.851470,166.874324,1947669.833223,1943613.310570,1019.654211,5484.475737,408.298872,0.034063,0.009689,0.008562,99.926738,0.020948,13.863081,10.181423,2.363758,54.437296,98,0.411305,15,44,0,100.000000,0.742953,74.519231,1255.171071,1809.193473,12011.739591,-0.000000,413.970067
8640.000000,contribution,optical,hardware,1,1,1,0,priority,0.000500,180,15,hybrid,0.050000,4000.000000,6.087000,64.000000,500.000000,500.000000,2.000000,120.000000,0.400000,208,121,208,78,155,24,53,0,0,0,0,0,78,78,0,0,0.000000,1.000000,43.615927,clear-ocean,30.000000,60.000000,0.151000,879,2029263,520.323846,6.022267,87,0,0,87,0,77,0,0,77,0,0,0,0,0,0,78,0,0,78,0,9,0,9,0,24,63,121,24,54,77,2.991525,282.914593,2327.303004,0.000000,14.285714,36.363636,0,0,0,1962694.887779,21.293692,140.747993,4550.234051,668.064588,189.885512,167.104111,1961261.534696,1957205.012042,1025.054211,5489.875737,408.298872,0.034038,0.009675,0.008514,99.926970,0.020803,13.863081,10.181423,2.363758,54.364815,98,0.408449,15,44,0,100.000000,0.742953,74.519231,1255.171071,1796.629630,11925.632875,-0.000000,348.778358
8700.000000,contribution,optical,hardware,1,1,1,0,priority,0.000500,180,15,hybrid,0.050000,4000.000000,6.087000,64.000000,500.000000,500.000000,2.000000,120.000000,0.400000,208,121,208,78,155,24,53,0,0,0,0,0,78,78,0,0,0.000000,1.000000,43.615927,clear-ocean,30.000000,60.000000,0.151000,879,2029263,520.323846,5.980734,87,0,0,87,0,77,0,0,77,0,0,0,0,0,0,78,0,0,78,0,9,0,9,0,24,63,121,24,54,77,2.991525,282.914593,2327.303004,0.000000,14.285714,36.363636,0,0,0,1976291.989252,21.293692,140.747993,4550.234051,672.200758,190.919555,167.333898,1974853.236169,1970796.713515,1030.454211,5495.275737,408.298872,0.034013,0.009660,0.008467,99.927199,0.020660,13.863081,10.181423,2.363758,54.293333,98,0.405632,15,44,0,100.000000,0.742953,74.519231,1255.171071,1784.239080,11839.526159,-0.000000,274.220573
8760.000000,contribution,optical,hardware,1,1,1,0,priority,0.000500,180,15,hybrid,0.050000,4000.000000,6.087000,64.000000,500.000000,500.000000,2.000000,120.000000,0.400000,208,121,208,78,155,24,53,0,0,0,0,0,78,78,0,0,0.000000,1.000000,43.615927,clear-ocean,30.000000,60.000000,0.151000,879,2029263,520.323846,5.939770,87,0,0,87,0,77,0,0,77,0,0,0,0,0,0,78,0,0,78,0,9,0,9,0,24,63,121,24,54,77,2.991525,282.914593,2327.303004,0.000000,14.285714,36.363636,0,0,0,1989889.090724,21.293692,140.747993,4550.234051,676.336928,191.953597,167.563686,1988444.937641,1984388.414987,1035.854211,5500.675737,408.298872,0.033989,0.009646,0.008421,99.927425,0.020519,13.863081,10.181423,2.363758,54.222831,98,0.402854,15,44,0,100.000000,0.742953,74.519231,1255.171071,1772.018265,11753.419443,-0.000000,197.366215
8820.000000,contribution,optical,hardware,1,1,1,0,priority,0.000500,180,15,hybrid,0.050000,4000.000000,6.087000,64.000000,500.000000,500.000000,2.000000,120.000000,0.400000,208,121,208,78,155,24,53,0,0,0,0,0,78,78,0,0,0.000000,1.000000,43.615927,clear-ocean,30.000000,60.000000,0.151000,879,2029263,520.323846,5.899363,87,0,0,87,0,77,0,0,77,0,0,0,0,0,0,78,0,0,78,0,9,0,9,0,24,63,121,24,54,77,2.991525,282.914593,2327.303004,0.000000,14.285714,36.363636,0,0,0,2003486.192197,21.293692,140.747993,4550.234051,680.473098,192.987640,167.793473,2002036.639114,1997980.116460,1041.254211,5506.075737,408.298872,0.033964,0.009633,0.008375,99.927648,0.020379,13.863081,10.181423,2.363758,54.153288,98,0.400113,15,44,0,100.000000,0.742953,74.519231,1255.171071,1759.963719,11667.312727,-0.000000,125.502546
8880.000000,contribution,optical,hardware,1,1,1,0,priority,0.000500,180,15,hybrid,0.050000,4000.000000,6.087000,64.000000,500.000000,500.000000,2.000000,120.000000,0.400000,208,121,208,78,155,24,53,0,0,0,0,0,78,78,0,0,0.000000,1.000000,43.615927,clear-ocean,30.000000,60.000000,0.151000,879,2029263,520.323846,5.859503,87,0,0,87,0,77,0,0,77,0,0,0,0,0,0,78,0,0,78,0,9,0,9,0,24,63,121,24,54,77,2.991525,282.914593,2327.303004,0.000000,14.285714,36.363636,0,0,0,2017083.293669,21.293692,140.747993,4550.234051,684.609268,194.021682,168.023260,2015628.340586,2011571.817933,1046.654211,5511.475737,408.298872,0.033941,0.009619,0.008330,99.927868,0.020242,13.863081,10.181423,2.363758,54.084685,98,0.397410,15,44,0,100.000000,0.742953,74.519231,1255.171071,1748.072072,11581.206011,-0.000000,65.443614
8940.000000,contribution,optical,hardware,1,1,1,0,priority,0.000500,180,15,hybrid,0.050000,4000.000000,6.087000,64.000000,500.000000,500.000000,2.000000,120.000000,0.400000,208,121,208,78,155,24,53,0,0,0,0,0,78,78,0,0,0.000000,1.000000,43.615927,clear-ocean,30.000000,60.000000,0.151000,879,2029263,520.323846,5.820177,87,0,0,87,0,77,0,0,77,0,0,0,0,0,0,78,0,0,78,0,9,0,9,0,24,63,121,24,54,77,2.991525,282.914593,2327.303004,0.000000,14.285714,36.363636,0,0,0,2030680.395142,21.293692,140.747993,4550.234051,688.745439,195.055725,168.253047,2029220.042059,2025163.519405,1052.054211,5516.875737,408.298872,0.033917,0.009605,0.008286,99.928086,0.020107,13.863081,10.181423,2.363758,54.017002,98,0.394743,15,44,0,100.000000,0.742953,74.519231,1255.171071,1736.340045,11495.099294,-0.000000,22.884153
9000.000000,contribution,optical,hardware,1,1,1,0,priority,0.000500,180,15,hybrid,0.050000,4000.000000,6.087000,64.000000,500.000000,500.000000,2.000000,120.000000,0.400000,208,121,208,78,155,24,53,0,0,0,0,0,78,78,0,0,0.000000,1.000000,43.615927,clear-ocean,30.000000,60.000000,0.151000,879,2029263,520.323846,5.781376,87,0,0,87,0,77,0,0,77,0,0,0,0,0,0,78,0,0,78,0,9,0,9,0,24,63,121,24,54,77,2.991525,282.914593,2327.303004,0.000000,14.285714,36.363636,0,0,0,2044277.496614,21.293692,140.747993,4550.234051,692.881609,196.089768,168.482835,2042811.743531,2038755.220878,1057.454211,5522.275737,408.298872,0.033894,0.009592,0.008242,99.928300,0.019973,13.863081,10.181423,2.363758,53.950222,98,0.392111,15,44,0,100.000000,0.742953,74.519231,1255.171071,1724.764444,11408.992578,-0.000000,1.859614
9060.000000,contribution,optical,hardware,1,1,1,0,priority,0.000500,180,15,hybrid,0.050000,4000.000000,6.087000,64.000000,500.000000,500.000000,2.000000,120.000000,0.400000,208,121,208,78,155,24,53,0,0,0,0,0,78,78,0,0,0.000000,1.000000,43.615927,clear-ocean,30.000000,60.000000,0.151000,879,2029263,520.323846,5.743089,87,0,0,87,0,77,0,0,77,0,0,0,0,0,0,78,0,0,78,0,9,0,9,0,24,63,121,24,54,77,2.991525,282.914593,2327.303004,0.000000,14.285714,36.363636,0,0,0,2057874.598087,21.293692,140.747993,4550.234051,697.017779,197.123810,168.712622,2056403.445004,2052346.922350,1062.854211,5527.675737,408.298872,0.033871,0.009579,0.008198,99.928511,0.019841,13.863081,10.181423,2.363758,53.884327,98,0.389514,15,44,0,100.000000,0.742953,74.519231,1255.171071,1713.342163,11322.885862,0.000000,4.363524
9120.000000,contribution,optical,hardware,1,1,1,0,priority,0.000500,180,15,hybrid,0.050000,4000.000000,6.087000,64.000000,500.000000,500.000000,2.000000,120.000000,0.400000,208,121,208,78,155,24,53,0,0,0,0,0,78,78,0,0,0.000000,1.000000,43.615927,clear-ocean,30.000000,60.000000,0.151000,879,2029263,520.323846,5.705305,87,0,0,87,0,77,0,0,77,0,0,0,0,0,0,78,0,0,78,0,9,0,9,0,24,63,121,24,54,77,2.991525,282.914593,2327.303004,0.000000,14.285714,36.363636,0,0,0,2071471.699559,21.293692,140.747993,4550.234051,701.153949,198.157853,168.942409,2069995.146476,2065938.623823,1068.254211,5533.075737,408.298872,0.033848,0.009566,0.008156,99.928720,0.019711,13.863081,10.181423,2.363758,53.819298,98,0.386952,15,44,0,100.000000,0.742953,74.519231,1255.171071,1702.070175,11236.779146,0.000000,30.158465
9180.000000,contribution,optical,hardware,1,1,1,0,priority,0.000500,180,15,hybrid,0.050000,4000.000000,6.087000,64.000000,500.000000,500.000000,2.000000,120.000000,0.400000,208,121,208,78,155,24,53,0,0,0,0,0,78,78,0,0,0.000000,1.000000,43.615927,clear-ocean,30.000000,60.000000,0.151000,879,2029263,520.323846,5.668016,87,0,0,87,0,77,0,0,77,0,0,0,0,0,0,78,0,0,78,0,9,0,9,0,24,63,121,24,54,77,2.991525,282.914593,2327.303004,0.000000,14.285714,36.363636,0,0,0,2085068.801032,21.293692,140.747993,4550.234051,705.290119,199.191895,169.172196,2083586.847949,2079530.325295,1073.654211,5538.475737,408.298872,0.033826,0.009553,0.008114,99.928925,0.019582,13.863081,10.181423,2.363758,53.755120,98,0.384423,15,44,0,100.000000,0.742953,74.519231,1255.171071,1690.945534,11150.672430,0.000000,76.798583
9240.000000,contribution,optical,hardware,1,1,1,0,priority,0.000500,180,15,hybrid,0.050000,4000.000000,6.087000,64.000000,500.000000,500.000000,2.000000,120.000000,0.400000,208,121,208,78,155,24,53,0,0,0,0,0,78,78,0,0,0.000000,1.000000,43.615927,clear-ocean,30.000000,60.000000,0.151000,879,2029263,520.323846,5.631210,87,0,0,87,0,77,0,0,77,0,0,0,0,0,0,78,0,0,78,0,9,0,9,0,24,63,121,24,54,77,2.991525,282.914593,2327.303004,0.000000,14.285714,36.363636,0,0,0,2098665.902504,21.293692,140.747993,4550.234051,709.426290,200.225938,169.401984,2097178.549421,2093122.026768,1079.054211,5543.875737,408.298872,0.033804,0.009541,0.008072,99.929129,0.019455,13.863081,10.181423,2.363758,53.691775,98,0.381926,15,44,0,100.000000,0.742953,74.519231,1255.171071,1679.965368,11064.565714,0.000000,139.861505
9300.000000,contribution,optical,hardware,1,1,1,0,priority,0.000500,180,15,hybrid,0.050000,4000.000000,6.087000,64.000000,500.000000,500.000000,2.000000,120.000000,0.400000,208,121,208,78,155,24,53,0,0,0,0,0,78,78,0,0,0.000000,1.000000,43.615927,clear-ocean,30.000000,60.000000,0.151000,879,2029263,520.323846,5.594880,87,0,0,87,0,77,0,0,77,0,0,0,0,0,0,78,0,0,78,0,9,0,9,0,24,63,121,24,54,77,2.991525,282.914593,2327.303004,0.000000,14.285714,36.363636,0,0,0,2112263.003977,21.293692,140.747993,4550.234051,713.562460,201.259980,169.631771,2110770.250894,2106713.728240,1084.454211,5549.275737,408.298872,0.033782,0.009528,0.008031,99.929329,0.019330,13.863081,10.181423,2.363758,53.629247,98,0.379462,15,44,0,100.000000,0.742953,74.519231,1255.171071,1669.126882,10978.458998,0.000000,213.367661
9360.000000,contribution,optical,hardware,1,1,1,0,priority,0.000500,180,15,hybrid,0.050000,4000.000000,6.087000,64.000000,500.000000,500.000000,2.000000,120.000000,0.400000,208,121,208,78,155,24,53,0,0,0,0,0,78,78,0,0,0.000000,1.000000,43.615927,clear-ocean,30.000000,60.000000,0.151000,879,2029263,520.323846,5.559015,87,0,0,87,0,77,0,0,77,0,0,0,0,0,0,78,0,0,78,0,9,0,9,0,24,63,121,24,54,77,2.991525,282.914593,2327.303004,0.000000,14.285714,36.363636,0,0,0,2125860.105449,21.293692,140.747993,4550.234051,717.698630,202.294023,169.861558,2124361.952366,2120305.429713,1089.854211,5554.675737,408.298872,0.033760,0.009516,0.007990,99.929527,0.019206,13.863081,10.181423,2.363758,53.567521,98,0.377030,15,44,0,100.000000,0.742953,74.519231,1255.171071,1658.427350,10892.352281,0.000000,290.347262
9420.000000,contribution,optical,hardware,1,1,1,0,priority,0.000500,180,15,hybrid,0.050000,4000.000000,6.087000,64.000000,500.000000,500.000000,2.000000,120.000000,0.400000,208,121,208,78,155,24,53,0,0,0,0,0,78,78,0,0,0.000000,1.000000,43.615927,clear-ocean,30.000000,60.000000,0.151000,879,2029263,520.323846,5.523608,87,0,0,87,0,77,0,0,77,0,0,0,0,0,0,78,0,0,78,0,9,0,9,0,24,63,121,24,54,77,2.991525,282.914593,2327.303004,0.000000,14.285714,36.363636,0,0,0,2139457.206922,21.293692,140.747993,4550.234051,721.834800,203.328065,170.091345,2137953.653839,2133897.131185,1095.254211,5560.075737,408.298872,0.033739,0.009504,0.007950,99.929723,0.019084,13.863081,10.181423,2.363758,53.506582,98,0.374628,15,44,0,100.000000,0.742953,74.519231,1255.171071,1647.864119,10806.245565,0.000000,363.501172
9480.000000,contribution,optical,hardware,1,1,1,0,priority,0.000500,180,15,hybrid,0.050000,4000.000000,6.087000,64.000000,500.000000,500.000000,2.000000,120.000000,0.400000,208,121,208,78,155,24,53,0,0,0,0,0,78,78,0,0,0.000000,1.000000,43.615927,clear-ocean,30.000000,60.000000,0.151000,879,2029263,520.323846,5.488648,87,0,0,87,0,77,0,0,77,0,0,0,0,0,0,78,0,0,78,0,9,0,9,0,24,63,121,24,54,77,2.991525,282.914593,2327.303004,0.000000,14.285714,36.363636,0,0,0,2153054.308394,21.293692,140.747993,4550.234051,725.970971,204.362108,170.321133,2151545.355311,2147488.832658,1100.654211,5565.475737,408.298872,0.033718,0.009492,0.007911,99.929916,0.018964,13.863081,10.181423,2.363758,53.446414,98,0.372257,15,44,0,100.000000,0.742953,74.519231,1255.171071,1637.434599,10720.138849,0.000000,425.893002
9540.000000,contribution,optical,hardware,1,1,1,0,priority,0.000500,180,15,hybrid,0.050000,4000.000000,6.087000,64.000000,500.000000,500.000000,2.000000,120.000000,0.400000,208,121,208,78,155,24,53,0,0,0,0,0,78,78,0,0,0.000000,1.000000,43.615927,clear-ocean,30.000000,60.000000,0.151000,879,2029263,520.323846,5.454128,87,0,0,87,0,77,0,0,77,0,0,0,0,0,0,78,0,0,78,0,9,0,9,0,24,63,121,24,54,77,2.991525,282.914593,2327.303004,0.000000,14.285714,36.363636,0,0,0,2166651.409867,21.293692,140.747993,4550.234051,730.107141,205.396151,170.550920,2165137.056784,2161080.534130,1106.054211,5570.875737,408.298872,0.033697,0.009480,0.007872,99.930106,0.018845,13.863081,10.181423,2.363758,53.387002,98,0.369916,15,44,0,100.000000,0.742953,74.519231,1255.171071,1627.136268,10634.032133,0.000000,471.606815
9600.000000,contribution,optical,hardware,1,1,1,0,priority,0.000500,180,15,hybrid,0.050000,4000.000000,6.087000,64.000000,500.000000,500.000000,2.000000,120.000000,0.400000,208,121,208,78,155,24,53,0,0,0,0,0,78,78,0,0,0.000000,1.000000,43.615927,clear-ocean,30.000000,60.000000,0.151000,879,2029263,520.323846,5.420040,87,0,0,87,0,77,0,0,77,0,0,0,0,0,0,78,0,0,78,0,9,0,9,0,24,63,121,24,54,77,2.991525,282.914593,2327.303004,0.000000,14.285714,36.363636,0,0,0,2180248.511339,21.293692,140.747993,4550.234051,734.243311,206.430193,170.780707,2178728.758256,2174672.235603,1111.454211,5576.275737,408.298872,0.033677,0.009468,0.007833,99.930295,0.018727,13.863081,10.181423,2.363758,53.328333,98,0.367604,15,44,0,100.000000,0.742953,74.519231,1255.171071,1616.966667,10547.925417,0.000000,496.308069
9660.000000,contribution,optical,hardware,1,1,1,0,priority,0.000500,180,15,hybrid,0.050000,4000.000000,6.087000,64.000000,500.000000,500.000000,2.000000,120.000000,0.400000,208,121,208,78,155,24,53,0,0,0,0,0,78,78,0,0,0.000000,1.000000,43.615927,clear-ocean,30.000000,60.000000,0.151000,879,2029263,520.323846,5.386375,87,0,0,87,0,77,0,0,77,0,0,0,0,0,0,78,0,0,78,0,9,0,9,0,24,63,121,24,54,77,2.991525,282.914593,2327.303004,0.000000,14.285714,36.363636,0,0,0,2193845.612812,21.293692,140.747993,4550.234051,738.379481,207.464236,171.010494,2192320.459729,2188263.937075,1116.854211,5581.675737,408.298872,0.033657,0.009457,0.007795,99.930480,0.018611,13.863081,10.181423,2.363758,53.270393,98,0.365321,15,44,0,100.000000,0.742953,74.519231,1255.171071,1606.923395,10461.818701,-0.000000,497.654611
9720.000000,contribution,optical,hardware,1,1,1,0,priority,0.000500,180,15,hybrid,0.050000,4000.000000,6.087000,64.000000,500.000000,500.000000,2.000000,120.000000,0.400000,208,121,208,78,155,24,53,0,0,0,0,0,78,78,0,0,0.000000,1.000000,43.615927,clear-ocean,30.000000,60.000000,0.151000,879,2029263,520.323846,5.353126,87,0,0,87,0,77,0,0,77,0,0,0,0,0,0,78,0,0,78,0,9,0,9,0,24,63,121,24,54,77,2.991525,282.914593,2327.303004,0.000000,14.285714,36.363636,0,0,0,2207442.714284,21.293692,140.747993,4550.234051,742.515651,208.498278,171.240281,2205912.161201,2201855.638548,1122.254211,5587.075737,408.298872,0.033637,0.009445,0.007757,99.930664,0.018496,13.863081,10.181423,2.363758,53.213169,98,0.363066,15,44,0,100.000000,0.742953,74.519231,1255.171071,1597.004115,10375.711985,-0.000000,475.518765
9780.000000,contribution,optical,hardware,1,1,1,0,priority,0.000500,180,15,hybrid,0.050000,4000.000000,6.087000,64.000000,500.000000,500.000000,2.000000,120.000000,0.400000,208,121,208,78,155,24,53,0,0,0,0,0,78,78,0,0,0.000000,1.000000,43.615927,clear-ocean,30.000000,60.000000,0.151000,879,2029263,520.323846,5.320285,87,0,0,87,0,77,0,0,77,0,0,0,0,0,0,78,0,0,78,0,9,0,9,0,24,63,121,24,54,77,2.991525,282.914593,2327.303004,0.000000,14.285714,36.363636,0,0,0,2221039.815757,21.293692,140.747993,4550.234051,746.651822,209.532321,171.470069,2219503.862674,2215447.340020,1127.654211,5592.475737,408.298872,0.033617,0.009434,0.007720,99.930845,0.018383,13.863081,10.181423,2.363758,53.156646,98,0.360838,15,44,0,100.000000,0.742953,74.519231,1255.171071,1587.206544,10289.605268,-0.000000,431.999432
9840.000000,contribution,optical,hardware,1,1,1,0,priority,0.000500,180,15,hybrid,0.050000,4000.000000,6.087000,64.000000,500.000000,500.000000,2.000000,120.000000,0.400000,208,121,208,78,155,24,53,0,0,0,0,0,78,78,0,0,0.000000,1.000000,43.615927,clear-ocean,30.000000,60.000000,0.151000,879,2029263,520.323846,5.287844,87,0,0,87,0,77,0,0,77,0,0,0,0,0,0,78,0,0,78,0,9,0,9,0,24,63,121,24,54,77,2.991525,282.914593,2327.303004,0.000000,14.285714,36.363636,0,0,0,2234636.917229,21.293692,140.747993,4550.234051,750.787992,210.566363,171.699856,2233095.564146,2229039.041493,1133.054211,5597.875737,408.298872,0.033598,0.009423,0.007684,99.931024,0.018271,13.863081,10.181423,2.363758,53.100813,98,0.358638,15,44,0,100.000000,0.742953,74.519231,1255.171071,1577.528455,10203.498552,-0.000000,371.223075
9900.000000,contribution,optical,hardware,1,1,1,0,priority,0.000500,180,15,hybrid,0.050000,4000.000000,6.087000,64.000000,500.000000,500.000000,2.000000,120.000000,0.400000,208,121,208,78,155,24,53,0,0,0,0,0,78,78,0,0,0.000000,1.000000,43.615927,clear-ocean,30.000000,60.000000,0.151000,879,2029263,520.323846,5.255796,87,0,0,87,0,77,0,0,77,0,0,0,0,0,0,78,0,0,78,0,9,0,9,0,24,63,121,24,54,77,2.991525,282.914593,2327.303004,0.000000,14.285714,36.363636,0,0,0,2248234.018702,21.293692,140.747993,4550.234051,754.924162,211.600406,171.929643,2246687.265619,2242630.742965,1138.454211,5603.275737,408.298872,0.033579,0.009412,0.007647,99.931201,0.018161,13.863081,10.181423,2.363758,53.045657,98,0.356465,15,44,0,100.000000,0.742953,74.519231,1255.171071,1567.967677,10117.391836,-0.000000,298.952455
9960.000000,contribution,optical,hardware,1,1,1,0,priority,0.000500,180,15,hybrid,0.050000,4000.000000,6.087000,64.000000,500.000000,500.000000,2.000000,120.000000,0.400000,208,121,208,78,155,24,53,0,0,0,0,0,78,78,0,0,0.000000,1.000000,43.615927,clear-ocean,30.000000,60.000000,0.151000,879,2029263,520.323846,5.224135,87,0,0,87,0,77,0,0,77,0,0,0,0,0,0,78,0,0,78,0,9,0,9,0,24,63,121,24,54,77,2.991525,282.914593,2327.303004,0.000000,14.285714,36.363636,0,0,0,2261831.120174,21.293692,140.747993,4550.234051,759.060332,212.634448,172.159430,2260278.967091,2256222.444438,1143.854211,5608.675737,408.298872,0.033560,0.009401,0.007612,99.931376,0.018052,13.863081,10.181423,2.363758,52.991165,98,0.354317,15,44,0,100.000000,0.742953,74.519231,1255.171071,1558.522088,10031.285120,-0.000000,222.040207
10020.000000,contribution,optical,hardware,1,1,1,0,priority,0.000500,180,15,hybrid,0.050000,4000.000000,6.087000,64.000000,500.000000,500.000000,2.000000,120.000000,0.400000,208,121,208,78,155,24,53,0,0,0,0,0,78,78,0,0,0.000000,1.000000,43.615927,clear-ocean,30.000000,60.000000,0.151000,879,2029263,520.323846,5.192853,87,0,0,87,0,77,0,0,77,0,0,0,0,0,0,78,0,0,78,0,9,0,9,0,24,63,121,24,54,77,2.991525,282.914593,2327.303004,0.000000,14.285714,36.363636,0,0,0,2275428.221647,21.293692,140.747993,4550.234051,763.196502,213.668491,172.389218,2273870.668564,2269814.145910,1149.254211,5614.075737,408.298872,0.033541,0.009390,0.007576,99.931549,0.017944,13.863081,10.181423,2.363758,52.937325,98,0.352196,15,44,0,100.000000,0.742953,74.519231,1255.171071,1549.189621,9945.178404,-0.000000,147.779081
10080.000000,contribution,optical,hardware,1,1,1,0,priority,0.000500,180,15,hybrid,0.050000,4000.000000,6.087000,64.000000,500.000000,500.000000,2.000000,120.000000,0.400000,208,121,208,78,155,24,53,0,0,0,0,0,78,78,0,0,0.000000,1.000000,43.615927,clear-ocean,30.000000,60.000000,0.151000,879,2029263,520.323846,5.161943,87,0,0,87,0,77,0,0,77,0,0,0,0,0,0,78,0,0,78,0,9,0,9,0,24,63,121,24,54,77,2.991525,282.914593,2327.303004,0.000000,14.285714,36.363636,0,0,0,2289025.323119,21.293692,140.747993,4550.234051,767.332673,214.702534,172.619005,2287462.370036,2283405.847383,1154.654211,5619.475737,408.298872,0.033522,0.009380,0.007541,99.931720,0.017837,13.863081,10.181423,2.363758,52.884127,98,0.350099,15,44,0,100.000000,0.742953,74.519231,1255.171071,1539.968254,9859.071688,-0.000000,83.210451
10140.000000,contribution,optical,hardware,1,1,1,0,priority,0.000500,180,15,hybrid,0.050000,4000.000000,6.087000,64.000000,500.000000,500.000000,2.000000,120.000000,0.400000,208,121,208,78,155,24,53,0,0,0,0,0,78,78,0,0,0.000000,1.000000,43.615927,clear-ocean,30.000000,60.000000,0.151000,879,2029263,520.323846,5.131399,87,0,0,87,0,77,0,0,77,0,0,0,0,0,0,78,0,0,78,0,9,0,9,0,24,63,121,24,54,77,2.991525,282.914593,2327.303004,0.000000,14.285714,36.363636,0,0,0,2302622.424592,21.293692,140.747993,4550.234051,771.468843,215.736576,172.848792,2301054.071509,2296997.548855,1160.054211,5624.875737,408.298872,0.033504,0.009369,0.007507,99.931888,0.017732,13.863081,10.181423,2.363758,52.831558,98,0.348028,15,44,0,100.000000,0.742953,74.519231,1255.171071,1530.856016,9772.964972,-0.000000,34.456658
10200.000000,contribution,optical,hardware,1,1,1,0,priority,0.000500,180,15,hybrid,0.050000,4000.000000,6.087000,64.000000,500.000000,500.000000,2.000000,120.000000,0.400000,208,121,208,78,155,24,53,0,0,0,0,0,78,78,0,0,0.000000,1.000000,43.615927,clear-ocean,30.000000,60.000000,0.151000,879,2029263,520.323846,5.101214,87,0,0,87,0,77,0,0,77,0,0,0,0,0,0,78,0,0,78,0,9,0,9,0,24,63,121,24,54,77,2.991525,282.914593,2327.303004,0.000000,14.285714,36.363636,0,0,0,2316219.526064,21.293692,140.747993,4550.234051,775.605013,216.770619,173.078579,2314645.772981,2310589.250328,1165.454211,5630.275737,408.298872,0.033486,0.009359,0.007472,99.932055,0.017628,13.863081,10.181423,2.363758,52.779608,98,0.345980,15,44,0,100.000000,0.742953,74.519231,1255.171071,1521.850980,9686.858255,-0.000000,6.140491
10260.000000,contribution,optical,hardware,1,1,1,0,priority,0.000500,180,15,hybrid,0.050000,4000.000000,6.087000,64.000000,500.000000,500.000000,2.000000,120.000000,0.400000,208,121,208,78,155,24,53,0,0,0,0,0,78,78,0,0,0.000000,1.000000,43.615927,clear-ocean,30.000000,60.000000,0.151000,879,2029263,520.323846,5.071383,87,0,0,87,0,77,0,0,77,0,0,0,0,0,0,78,0,0,78,0,9,0,9,0,24,63,121,24,54,77,2.991525,282.914593,2327.303004,0.000000,14.285714,36.363636,0,0,0,2329816.627537,21.293692,140.747993,4550.234051,779.741183,217.804661,173.308367,2328237.474454,2324180.951800,1170.854211,5635.675737,408.298872,0.033468,0.009349,0.007439,99.932220,0.017525,13.863081,10.181423,2.363758,52.728265,98,0.343957,15,44,0,100.000000,0.742953,74.519231,1255.171071,1512.951267,9600.751539,0.000000,0.946864
10320.000000,contribution,optical,hardware,1,1,1,0,priority,0.000500,180,15,hybrid,0.050000,4000.000000,6.087000,64.000000,500.000000,500.000000,2.000000,120.000000,0.400000,208,121,208,78,155,24,53,0,0,0,0,0,78,78,0,0,0.000000,1.000000,43.615927,clear-ocean,30.000000,60.000000,0.151000,879,2029263,520.323846,5.041898,87,0,0,87,0,77,0,0,77,0,0,0,0,0,0,78,0,0,78,0,9,0,9,0,24,63,121,24,54,77,2.991525,282.914593,2327.303004,0.000000,14.285714,36.363636,0,0,0,2343413.729009,21.293692,140.747993,4550.234051,783.877354,218.838704,173.538154,2341829.175926,2337772.653273,1176.254211,5641.075737,408.298872,0.033450,0.009338,0.007405,99.932383,0.017423,13.863081,10.181423,2.363758,52.677519,98,0.341957,15,44,0,100.000000,0.742953,74.519231,1255.171071,1504.155039,9514.644823,0.000000,19.368233
10380.000000,contribution,optical,hardware,1,1,1,0,priority,0.000500,180,15,hybrid,0.050000,4000.000000,6.087000,64.000000,500.000000,500.000000,2.000000,120.000000,0.400000,208,121,208,78,155,24,53,0,0,0,0,0,78,78,0,0,0.000000,1.000000,43.615927,clear-ocean,30.000000,60.000000,0.151000,879,2029263,520.323846,5.012754,87,0,0,87,0,77,0,0,77,0,0,0,0,0,0,78,0,0,78,0,9,0,9,0,24,63,121,24,54,77,2.991525,282.914593,2327.303004,0.000000,14.285714,36.363636,0,0,0,2357010.830482,21.293692,140.747993,4550.234051,788.013524,219.872746,173.767941,2355420.877399,2351364.354745,1181.654211,5646.475737,408.298872,0.033433,0.009328,0.007372,99.932544,0.017323,13.863081,10.181423,2.363758,52.627360,98,0.339981,15,44,0,100.000000,0.742953,74.519231,1255.171071,1495.460501,9428.538107,0.000000,59.657900
10440.000000,contribution,optical,hardware,1,1,1,0,priority,0.000500,180,15,hybrid,0.050000,4000.000000,6.087000,64.000000,500.000000,500.000000,2.000000,120.000000,0.400000,208,121,208,78,155,24,53,0,0,0,0,0,78,78,0,0,0.000000,1.000000,43.615927,clear-ocean,30.000000,60.000000,0.151000,879,2029263,520.323846,4.983945,87,0,0,87,0,77,0,0,77,0,0,0,0,0,0,78,0,0,78,0,9,0,9,0,24,63,121,24,54,77,2.991525,282.914593,2327.303004,0.000000,14.285714,36.363636,0,0,0,2370607.931954,21.293692,140.747993,4550.234051,792.149694,220.906789,173.997728,2369012.578871,2364956.056218,1187.054211,5651.875737,408.298872,0.033415,0.009319,0.007340,99.932703,0.017223,13.863081,10.181423,2.363758,52.577778,98,0.338027,15,44,0,100.000000,0.742953,74.519231,1255.171071,1486.865900,9342.431391,0.000000,117.995634
10500.000000,contribution,optical,hardware,1,1,1,0,priority,0.000500,180,15,hybrid,0.050000,4000.000000,6.087000,64.000000,500.000000,500.000000,2.000000,120.000000,0.400000,208,121,208,78,155,24,53,0,0,0,0,0,78,78,0,0,0.000000,1.000000,43.615927,clear-ocean,30.000000,60.000000,0.151000,879,2029263,520.323846,4.955465,87,0,0,87,0,77,0,0,77,0,0,0,0,0,0,78,0,0,78,0,9,0,9,0,24,63,121,24,54,77,2.991525,282.914593,2327.303004,0.000000,14.285714,36.363636,0,0,0,2384205.033427,21.293692,140.747993,4550.234051,796.285864,221.940831,174.227515,2382604.280344,2378547.757690,1192.454211,5657.275737,408.298872,0.033398,0.009309,0.007308,99.932860,0.017125,13.863081,10.181423,2.363758,52.528762,98,0.336095,15,44,0,100.000000,0.742953,74.519231,1255.171071,1478.369524,9256.324675,0.000000,188.849904
10560.000000,contribution,optical,hardware,1,1,1,0,priority,0.000500,180,15,hybrid,0.050000,4000.000000,6.087000,64.000000,500.000000,500.000000,2.000000,120.000000,0.400000,208,121,208,78,155,24,53,0,0,0,0,0,78,78,0,0,0.000000,1.000000,43.615927,clear-ocean,30.000000,60.000000,0.151000,879,2029263,520.323846,4.927309,87,0,0,87,0,77,0,0,77,0,0,0,0,0,0,78,0,0,78,0,9,0,9,0,24,63,121,24,54,77,2.991525,282.914593,2327.303004,0.000000,14.285714,36.363636,0,0,0,2397802.134899,21.293692,140.747993,4550.234051,800.422034,222.974874,174.457303,2396195.981816,2392139.459163,1197.854211,5662.675737,408.298872,0.033381,0.009299,0.007276,99.933016,0.017028,13.863081,10.181423,2.363758,52.480303,98,0.334186,15,44,0,100.000000,0.742953,74.519231,1255.171071,1469.969697,9170.217959,0.000000,265.502372
10620.000000,contribution,optical,hardware,1,1,1,0,priority,0.000500,180,15,hybrid,0.050000,4000.000000,6.087000,64.000000,500.000000,500.000000,2.000000,120.000000,0.400000,208,121,208,78,155,24,53,0,0,0,0,0,78,78,0,0,0.000000,1.000000,43.615927,clear-ocean,30.000000,60.000000,0.151000,879,2029263,520.323846,4.899471,87,0,0,87,0,77,0,0,77,0,0,0,0,0,0,78,0,0,78,0,9,0,9,0,24,63,121,24,54,77,2.991525,282.914593,2327.303004,0.000000,14.285714,36.363636,0,0,0,2411399.236372,21.293692,140.747993,4550.234051,804.558205,224.008917,174.687090,2409787.683289,2405731.160635,1203.254211,5668.075737,408.298872,0.033365,0.009290,0.007244,99.933169,0.016932,13.863081,10.181423,2.363758,52.432392,98,0.332298,15,44,0,100.000000,0.742953,74.519231,1255.171071,1461.664783,9084.111242,0.000000,340.684918
10680.000000,contribution,optical,hardware,1,1,1,0,priority,0.000500,180,15,hybrid,0.050000,4000.000000,6.087000,64.000000,500.000000,500.000000,2.000000,120.000000,0.400000,208,121,208,78,155,24,53,0,0,0,0,0,78,78,0,0,0.000000,1.000000,43.615927,clear-ocean,30.000000,60.000000,0.151000,879,2029263,520.323846,4.871946,87,0,0,87,0,77,0,0,77,0,0,0,0,0,0,78,0,0,78,0,9,0,9,0,24,63,121,24,54,77,2.991525,282.914593,2327.303004,0.000000,14.285714,36.363636,0,0,0,2424996.337844,21.293692,140.747993,4550.234051,808.694375,225.042959,174.916877,2423379.384761,2419322.862108,1208.654211,5673.475737,408.298872,0.033348,0.009280,0.007213,99.933321,0.016837,13.863081,10.181423,2.363758,52.385019,98,0.330431,15,44,0,100.000000,0.742953,74.519231,1255.171071,1453.453184,8998.004526,0.000000,407.268802
10740.000000,contribution,optical,hardware,1,1,1,0,priority,0.000500,180,15,hybrid,0.050000,4000.000000,6.087000,64.000000,500.000000,500.000000,2.000000,120.000000,0.400000,208,121,208,78,155,24,53,0,0,0,0,0,78,78,0,0,0.000000,1.000000,43.615927,clear-ocean,30.000000,60.000000,0.151000,879,2029263,520.323846,4.844729,87,0,0,87,0,77,0,0,77,0,0,0,0,0,0,78,0,0,78,0,9,0,9,0,24,63,121,24,54,77,2.991525,282.914593,2327.303004,0.000000,14.285714,36.363636,0,0,0,2438593.439317,21.293692,140.747993,4550.234051,812.830545,226.077002,175.146664,2436971.086234,2432914.563580,1214.054211,5678.875737,408.298872,0.033332,0.009271,0.007182,99.933472,0.016743,13.863081,10.181423,2.363758,52.338175,98,0.328585,15,44,0,100.000000,0.742953,74.519231,1255.171071,1445.333333,8911.897810,0.000000,458.940599
10800.000000,contribution,optical,hardware,1,1,1,0,priority,0.000500,180,15,hybrid,0.050000,4000.000000,6.087000,64.000000,500.000000,500.000000,2.000000,120.000000,0.400000,208,121,208,78,155,24,53,0,0,0,0,0,78,78,0,0,0.000000,1.000000,43.615927,clear-ocean,30.000000,60.000000,0.151000,879,2029263,520.323846,4.817813,87,0,0,87,0,77,0,0,77,0,0,0,0,0,0,78,0,0,78,0,9,0,9,0,24,63,121,24,54,77,2.991525,282.914593,2327.303004,0.000000,14.285714,36.363636,0,0,0,2452190.540789,21.293692,140.747993,4550.234051,816.966715,227.111044,175.376452,2450562.787706,2446506.265053,1219.454211,5684.275737,408.298872,0.033316,0.009262,0.007152,99.933620,0.016650,13.863081,10.181423,2.363758,52.291852,98,0.326759,15,44,0,100.000000,0.742953,74.519231,1255.171071,1437.303704,8825.791094,0.000000,490.800835
10860.000000,contribution,optical,hardware,1,1,1,0,priority,0.000500,180,15,hybrid,0.050000,4000.000000,6.087000,64.000000,500.000000,500.000000,2.000000,120.000000,0.400000,208,121,208,78,155,24,53,0,0,0,0,0,78,78,0,0,0.000000,1.000000,43.615927,clear-ocean,30.000000,60.000000,0.151000,879,2029263,520.323846,4.791196,87,0,0,87,0,77,0,0,77,0,0,0,0,0,0,78,0,0,78,0,9,0,9,0,24,63,121,24,54,77,2.991525,282.914593,2327.303004,0.000000,14.285714,36.363636,0,0,0,2465787.642262,21.293692,140.747993,4550.234051,821.102885,228.145087,175.606239,2464154.489179,2460097.966525,1224.854211,5689.675737,408.298872,0.033300,0.009252,0.007122,99.933767,0.016559,13.863081,10.181423,2.363758,52.246041,98,0.324954,15,44,0,100.000000,0.742953,74.519231,1255.171071,1429.362799,8739.684378,-0.000000,499.828551
10920.000000,contribution,optical,hardware,1,1,1,0,priority,0.000500,180,15,hybrid,0.050000,4000.000000,6.087000,64.000000,500.000000,500.000000,2.000000,120.000000,0.400000,208,121,208,78,155,24,53,0,0,0,0,0,78,78,0,0,0.000000,1.000000,43.615927,clear-ocean,30.000000,60.000000,0.151000,879,2029263,520.323846,4.764870,87,0,0,87,0,77,0,0,77,0,0,0,0,0,0,78,0,0,78,0,9,0,9,0,24,63,121,24,54,77,2.991525,282.914593,2327.303004,0.000000,14.285714,36.363636,0,0,0,2479384.743734,21.293692,140.747993,4550.234051,825.239056,229.179129,175.836026,2477746.190651,2473689.667998,1230.254211,5695.075737,408.298872,0.033284,0.009243,0.007092,99.933913,0.016468,13.863081,10.181423,2.363758,52.200733,98,0.323168,15,44,0,100.000000,0.742953,74.519231,1255.171071,1421.509158,8653.577662,-0.000000,485.167748
10980.000000,contribution,optical,hardware,1,1,1,0,priority,0.000500,180,15,hybrid,0.050000,4000.000000,6.087000,64.000000,500.000000,500.000000,2.000000,120.000000,0.400000,208,121,208,78,155,24,53,0,0,0,0,0,78,78,0,0,0.000000,1.000000,43.615927,clear-ocean,30.000000,60.000000,0.151000,879,2029263,520.323846,4.738833,87,0,0,87,0,77,0,0,77,0,0,0,0,0,0,78,0,0,78,0,9,0,9,0,24,63,121,24,54,77,2.991525,282.914593,2327.303004,0.000000,14.285714,36.363636,0,0,0,2492981.845207,21.293692,140.747993,4550.234051,829.375226,230.213172,176.065813,2491337.892124,2487281.369470,1235.654211,5700.475736,408.298872,0.033268,0.009234,0.007062,99.934057,0.016378,13.863081,10.181423,2.363758,52.155920,98,0.321403,15,44,0,100.000000,0.742953,74.519231,1255.171071,1413.741348,8567.470946,-0.000000,448.208549
11040.000000,contribution,optical,hardware,1,1,1,0,priority,0.000500,180,15,hybrid,0.050000,4000.000000,6.087000,64.000000,500.000000,500.000000,2.000000,120.000000,0.400000,208,121,208,78,155,24,53,0,0,0,0,0,78,78,0,0,0.000000,1.000000,43.615927,clear-ocean,30.000000,60.000000,0.151000,879,2029263,520.323846,4.713078,87,0,0,87,0,77,0,0,77,0,0,0,0,0,0,78,0,0,78,0,9,0,9,0,24,63,121,24,54,77,2.991525,282.914593,2327.303004,0.000000,14.285714,36.363636,0,0,0,2506578.946679,21.293692,140.747993,4550.234051,833.511396,231.247214,176.295601,2504929.593596,2500873.070943,1241.054211,5705.875736,408.298872,0.033253,0.009226,0.007033,99.934199,0.016289,13.863081,10.181423,2.363758,52.111594,98,0.319656,15,44,0,100.000000,0.742953,74.519231,1255.171071,1406.057971,8481.364229,-0.000000,392.455393
11100.000000,contribution,optical,hardware,1,1,1,0,priority,0.000500,180,15,hybrid,0.050000,4000.000000,6.087000,64.000000,500.000000,500.000000,2.000000,120.000000,0.400000,208,121,208,78,155,24,53,0,0,0,0,0,78,78,0,0,0.000000,1.000000,43.615927,clear-ocean,30.000000,60.000000,0.151000,879,2029263,520.323846,4.687602,87,0,0,87,0,77,0,0,77,0,0,0,0,0,0,78,0,0,78,0,9,0,9,0,24,63,121,24,54,77,2.991525,282.914593,2327.303004,0.000000,14.285714,36.363636,0,0,0,2520176.048152,21.293692,140.747993,4550.234051,837.647566,232.281257,176.525388,2518521.295069,2514464.772415,1246.454211,5711.275736,408.298872,0.033238,0.009217,0.007004,99.934340,0.016201,13.863081,10.181423,2.363758,52.067748,98,0.317928,15,44,0,100.000000,0.742953,74.519231,1255.171071,1398.457658,8395.257513,-0.000000,323.194744
11160.000000,contribution,optical,hardware,1,1,1,0,priority,0.000500,180,15,hybrid,0.050000,4000.000000,6.087000,64.000000,500.000000,500.000000,2.000000,120.000000,0.400000,208,121,208,78,155,24,53,0,0,0,0,0,78,78,0,0,0.000000,1.000000,43.615927,clear-ocean,30.000000,60.000000,0.151000,879,2029263,520.323846,4.662400,87,0,0,87,0,77,0,0,77,0,0,0,0,0,0,78,0,0,78,0,9,0,9,0,24,63,121,24,54,77,2.991525,282.914593,2327.303004,0.000000,14.285714,36.363636,0,0,0,2533773.149624,21.293692,140.747993,4550.234051,841.783736,233.315300,176.755175,2532112.996541,2528056.473888,1251.854211,5716.675736,408.298872,0.033223,0.009208,0.006976,99.934479,0.016114,13.863081,10.181423,2.363758,52.024373,98,0.316219,15,44,0,100.000000,0.742953,74.519231,1255.171071,1390.939068,8309.150797,-0.000000,246.993835
11220.000000,contribution,optical,hardware,1,1,1,0,priority,0.000500,180,15,hybrid,0.050000,4000.000000,6.087000,64.000000,500.000000,500.000000,2.000000,120.000000,0.400000,208,121,208,78,155,24,53,0,0,0,0,0,78,78,0,0,0.000000,1.000000,43.615927,clear-ocean,30.000000,60.000000,0.151000,879,2029263,520.323846,4.637467,87,0,0,87,0,77,0,0,77,0,0,0,0,0,0,78,0,0,78,0,9,0,9,0,24,63,121,24,54,77,2.991525,282.914593,2327.303004,0.000000,14.285714,36.363636,0,0,0,2547370.251097,21.293692,140.747993,4550.234051,845.919907,234.349342,176.984962,2545704.698014,2541648.175360,1257.254211,5722.075736,408.298872,0.033208,0.009200,0.006948,99.934617,0.016028,13.863081,10.181423,2.363758,51.981462,98,0.314528,15,44,0,100.000000,0.742953,74.519231,1255.171071,1383.500891,8223.044081,-0.000000,171.077968
11280.000000,contribution,optical,hardware,1,1,1,0,priority,0.000500,180,15,hybrid,0.050000,4000.000000,6.087000,64.000000,500.000000,500.000000,2.000000,120.000000,0.400000,208,121,208,78,155,24,53,0,0,0,0,0,78,78,0,0,0.000000,1.000000,43.615927,clear-ocean,30.000000,60.000000,0.151000,879,2029263,520.323846,4.612800,87,0,0,87,0,77,0,0,77,0,0,0,0,0,0,78,0,0,78,0,9,0,9,0,24,63,121,24,54,77,2.991525,282.914593,2327.303004,0.000000,14.285714,36.363636,0,0,0,2560967.352569,21.293692,140.747993,4550.234051,850.056077,235.383385,177.214750,2559296.399486,2555239.876833,1262.654211,5727.475736,408.298872,0.033193,0.009191,0.006920,99.934753,0.015943,13.863081,10.181423,2.363758,51.939007,98,0.312855,15,44,0,100.000000,0.742953,74.519231,1255.171071,1376.141844,8136.937365,-0.000000,102.645417
11340.000000,contribution,optical,hardware,1,1,1,0,priority,0.000500,180,15,hybrid,0.050000,4000.000000,6.087000,64.000000,500.000000,500.000000,2.000000,120.000000,0.400000,208,121,208,78,155,24,53,0,0,0,0,0,78,78,0,0,0.000000,1.000000,43.615927,clear-ocean,30.000000,60.000000,0.151000,879,2029263,520.323846,4.588394,87,0,0,87,0,77,0,0,77,0,0,0,0,0,0,78,0,0,78,0,9,0,9,0,24,63,121,24,54,77,2.991525,282.914593,2327.303004,0.000000,14.285714,36.363636,0,0,0,2574564.454042,21.293692,140.747993,4550.234051,854.192247,236.417427,177.444537,2572888.100959,2568831.578305,1268.054211,5732.875736,408.298872,0.033178,0.009183,0.006892,99.934888,0.015859,13.863081,10.181423,2.363758,51.897002,98,0.311199,15,44,0,100.000000,0.742953,74.519231,1255.171071,1368.860670,8050.830649,-0.000000,48.184896
11400.000000,contribution,optical,hardware,1,1,1,0,priority,0.000500,180,15,hybrid,0.050000,4000.000000,6.087000,64.000000,500.000000,500.000000,2.000000,120.000000,0.400000,208,121,208,78,155,24,53,0,0,0,0,0,78,78,0,0,0.000000,1.000000,43.615927,clear-ocean,30.000000,60.000000,0.151000,879,2029263,520.323846,4.564244,87,0,0,87,0,77,0,0,77,0,0,0,0,0,0,78,0,0,78,0,9,0,9,0,24,63,121,24,54,77,2.991525,282.914593,2327.303004,0.000000,14.285714,36.363636,0,0,0,2588161.555514,21.293692,140.747993,4550.234051,858.328417,237.451470,177.674324,2586479.802431,2582423.279778,1273.454211,5738.275736,408.298872,0.033164,0.009175,0.006865,99.935021,0.015776,13.863081,10.181423,2.363758,51.855439,98,0.309561,15,44,0,100.000000,0.742953,74.519231,1255.171071,1361.656140,7964.723933,-0.000000,12.860303
11460.000000,contribution,optical,hardware,1,1,1,0,priority,0.000500,180,15,hybrid,0.050000,4000.000000,6.087000,64.000000,500.000000,500.000000,2.000000,120.000000,0.400000,208,121,208,78,155,24,53,0,0,0,0,0,78,78,0,0,0.000000,1.000000,43.615927,clear-ocean,30.000000,60.000000,0.151000,879,2029263,520.323846,4.540348,87,0,0,87,0,77,0,0,77,0,0,0,0,0,0,78,0,0,78,0,9,0,9,0,24,63,121,24,54,77,2.991525,282.914593,2327.303004,0.000000,14.285714,36.363636,0,0,0,2601758.656987,21.293692,140.747993,4550.234051,862.464588,238.485512,177.904111,2600071.503904,2596014.981250,1278.854211,5743.675736,408.298872,0.033149,0.009166,0.006838,99.935153,0.015693,13.863081,10.181423,2.363758,51.814311,98,0.307941,15,44,0,100.000000,0.742953,74.519231,1255.171071,1354.527051,7878.617216,-0.000000,0.021083
11520.000000,contribution,optical,hardware,1,1,1,0,priority,0.000500,180,15,hybrid,0.050000,4000.000000,6.087000,64.000000,500.000000,500.000000,2.000000,120.000000,0.400000,208,121,208,78,155,24,53,0,0,0,0,0,78,78,0,0,0.000000,1.000000,43.615927,clear-ocean,30.000000,60.000000,0.151000,879,2029263,520.323846,4.516700,87,0,0,87,0,77,0,0,77,0,0,0,0,0,0,78,0,0,78,0,9,0,9,0,24,63,121,24,54,77,2.991525,282.914593,2327.303004,0.000000,14.285714,36.363636,0,0,0,2615355.758459,21.293692,140.747993,4550.234051,866.600758,239.519555,178.133898,2613663.205376,2609606.682723,1284.254211,5749.075736,408.298872,0.033135,0.009158,0.006811,99.935284,0.015612,13.863081,10.181423,2.363758,51.773611,98,0.306337,15,44,0,100.000000,0.742953,74.519231,1255.171071,1347.472222,7792.510500,0.000000,10.884641
11580.000000,contribution,optical,hardware,1,1,1,0,priority,0.000500,180,15,hybrid,0.050000,4000.000000,6.087000,64.000000,500.000000,500.000000,2.000000,120.000000,0.400000,208,121,208,78,155,24,53,0,0,0,0,0,78,78,0,0,0.000000,1.000000,43.615927,clear-ocean,30.000000,60.000000,0.151000,879,2029263,520.323846,4.493297,87,0,0,87,0,77,0,0,77,0,0,0,0,0,0,78,0,0,78,0,9,0,9,0,24,63,121,24,54,77,2.991525,282.914593,2327.303004,0.000000,14.285714,36.363636,0,0,0,2628952.859932,21.293692,140.747993,4550.234051,870.736928,240.553597,178.363686,2627254.906849,2623198.384195,1289.654211,5754.475736,408.298872,0.033121,0.009150,0.006785,99.935413,0.015531,13.863081,10.181423,2.363758,51.733333,98,0.304750,15,44,0,100.000000,0.742953,74.519231,1255.171071,1340.490501,7706.403784,0.000000,44.420903
11640.000000,contribution,optical,hardware,1,1,1,0,priority,0.000500,180,15,hybrid,0.050000,4000.000000,6.087000,64.000000,500.000000,500.000000,2.000000,120.000000,0.400000,208,121,208,78,155,24,53,0,0,0,0,0,78,78,0,0,0.000000,1.000000,43.615927,clear-ocean,30.000000,60.000000,0.151000,879,2029263,520.323846,4.470136,87,0,0,87,0,77,0,0,77,0,0,0,0,0,0,78,0,0,78,0,9,0,9,0,24,63,121,24,54,77,2.991525,282.914593,2327.303004,0.000000,14.285714,36.363636,0,0,0,2642549.961404,21.293692,140.747993,4550.234051,874.873098,241.587640,178.593473,2640846.608321,2636790.085668,1295.054211,5759.875736,408.298872,0.033107,0.009142,0.006758,99.935541,0.015451,13.863081,10.181423,2.363758,51.693471,98,0.303179,15,44,0,100.000000,0.742953,74.519231,1255.171071,1333.580756,7620.297068,0.000000,97.449991
11700.000000,contribution,optical,hardware,1,1,1,0,priority,0.000500,180,15,hybrid,0.050000,4000.000000,6.087000,64.000000,500.000000,500.000000,2.000000,120.000000,0.400000,208,121,208,78,155,24,53,0,0,0,0,0,78,78,0,0,0.000000,1.000000,43.615927,clear-ocean,30.000000,60.000000,0.151000,879,2029263,520.323846,4.447212,87,0,0,87,0,77,0,0,77,0,0,0,0,0,0,78,0,0,78,0,9,0,9,0,24,63,121,24,54,77,2.991525,282.914593,2327.303004,0.000000,14.285714,36.363636,0,0,0,2656147.062877,21.293692,140.747993,4550.234051,879.009268,242.621682,178.823260,2654438.309794,2650381.787140,1300.454211,5765.275736,408.298872,0.033093,0.009134,0.006732,99.935668,0.015372,13.863081,10.181423,2.363758,51.654017,98,0.301624,15,44,0,100.000000,0.742953,74.519231,1255.171071,1326.741880,7534.190352,0.000000,164.943734
11760.000000,contribution,optical,hardware,1,1,1,0,priority,0.000500,180,15,hybrid,0.050000,4000.000000,6.087000,64.000000,500.000000,500.000000,2.000000,120.000000,0.400000,208,121,208,78,155,24,53,0,0,0,0,0,78,78,0,0,0.000000,1.000000,43.615927,clear-ocean,30.000000,60.000000,0.151000,879,2029263,520.323846,4.424523,87,0,0,87,0,77,0,0,77,0,0,0,0,0,0,78,0,0,78,0,9,0,9,0,24,63,121,24,54,77,2.991525,282.914593,2327.303004,0.000000,14.285714,36.363636,0,0,0,2669744.164349,21.293692,140.747993,4550.234051,883.145439,243.655725,179.053047,2668030.011266,2663973.488613,1305.854211,5770.675736,408.298872,0.033080,0.009127,0.006707,99.935793,0.015294,13.863081,10.181423,2.363758,51.614966,98,0.300085,15,44,0,100.000000,0.742953,74.519231,1255.171071,1319.972789,7448.083636,0.000000,240.502437
11820.000000,contribution,optical,hardware,1,1,1,0,priority,0.000500,180,15,hybrid,0.050000,4000.000000,6.087000,64.000000,500.000000,500.000000,2.000000,120.000000,0.400000,208,121,208,78,155,24,53,0,0,0,0,0,78,78,0,0,0.000000,1.000000,43.615927,clear-ocean,30.000000,60.000000,0.151000,879,2029263,520.323846,4.402063,87,0,0,87,0,77,0,0,77,0,0,0,0,0,0,78,0,0,78,0,9,0,9,0,24,63,121,24,54,77,2.991525,282.914593,2327.303004,0.000000,14.285714,36.363636,0,0,0,2683341.265822,21.293692,140.747993,4550.234051,887.281609,244.689768,179.282835,2681621.712739,2677565.190085,1311.254211,5776.075736,408.298872,0.033066,0.009119,0.006681,99.935917,0.015216,13.863081,10.181423,2.363758,51.576311,98,0.298562,15,44,0,100.000000,0.742953,74.519231,1255.171071,1313.272420,7361.976920,0.000000,316.961690
11880.000000,contribution,optical,hardware,1,1,1,0,priority,0.000500,180,15,hybrid,0.050000,4000.000000,6.087000,64.000000,500.000000,500.000000,2.000000,120.000000,0.400000,208,121,208,78,155,24,53,0,0,0,0,0,78,78,0,0,0.000000,1.000000,43.615927,clear-ocean,30.000000,60.000000,0.151000,879,2029263,520.323846,4.379830,87,0,0,87,0,77,0,0,77,0,0,0,0,0,0,78,0,0,78,0,9,0,9,0,24,63,121,24,54,77,2.991525,282.914593,2327.303004,0.000000,14.285714,36.363636,0,0,0,2696938.367294,21.293692,140.747993,4550.234051,891.417779,245.723810,179.512622,2695213.414211,2691156.891558,1316.654211,5781.475736,408.298872,0.033053,0.009111,0.006656,99.936040,0.015139,13.863081,10.181423,2.363758,51.538047,98,0.297054,15,44,0,100.000000,0.742953,74.519231,1255.171071,1306.639731,7275.870203,0.000000,387.071695
11940.000000,contribution,optical,hardware,1,1,1,0,priority,0.000500,180,15,hybrid,0.050000,4000.000000,6.087000,64.000000,500.000000,500.000000,2.000000,120.000000,0.400000,208,121,208,78,155,24,53,0,0,0,0,0,78,78,0,0,0.000000,1.000000,43.615927,clear-ocean,30.000000,60.000000,0.151000,879,2029263,520.323846,4.357821,87,0,0,87,0,77,0,0,77,0,0,0,0,0,0,78,0,0,78,0,9,0,9,0,24,63,121,24,54,77,2.991525,282.914593,2327.303004,0.000000,14.285714,36.363636,0,0,0,2710535.468767,21.293692,140.747993,4550.234051,895.553949,246.757853,179.742409,2708805.115684,2704748.593030,1322.054211,5786.875736,408.298872,0.033040,0.009104,0.006631,99.936162,0.015063,13.863081,10.181423,2.363758,51.500168,98,0.295561,15,44,0,100.000000,0.742953,74.519231,1255.171071,1300.073702,7189.763487,0.000000,444.184685
12000.000000,contribution,optical,hardware,1,1,1,0,priority,0.000500,180,15,hybrid,0.050000,4000.000000,6.087000,64.000000,500.000000,500.000000,2.000000,120.000000,0.400000,208,121,208,78,155,24,53,0,0,0,0,0,78,78,0,0,0.000000,1.000000,43.615927,clear-ocean,30.000000,60.000000,0.151000,879,2029263,520.323846,4.336032,87,0,0,87,0,77,0,0,77,0,0,0,0,0,0,78,0,0,78,0,9,0,9,0,24,63,121,24,54,77,2.991525,282.914593,2327.303004,0.000000,14.285714,36.363636,0,0,0,2724132.570239,21.293692,140.747993,4550.234051,899.690119,247.791895,179.972196,2722396.817156,2718340.294503,1327.454211,5792.275736,408.298872,0.033027,0.009096,0.006607,99.936282,0.014988,13.863081,10.181423,2.363758,51.462667,98,0.294083,15,44,0,100.000000,0.742953,74.519231,1255.171071,1293.573333,7103.656771,0.000000,482.885257
12060.000000,contribution,optical,hardware,1,1,1,0,priority,0.000500,180,15,hybrid,0.050000,4000.000000,6.087000,64.000000,500.000000,500.000000,2.000000,120.000000,0.400000,208,121,208,78,155,24,53,0,0,0,0,0,78,78,0,0,0.000000,1.000000,43.615927,clear-ocean,30.000000,60.000000,0.151000,879,2029263,520.323846,4.314460,87,0,0,87,0,77,0,0,77,0,0,0,0,0,0,78,0,0,78,0,9,0,9,0,24,63,121,24,54,77,2.991525,282.914593,2327.303004,0.000000,14.285714,36.363636,0,0,0,2737729.671712,21.293692,140.747993,4550.234051,903.826290,248.825938,180.201984,2735988.518629,2731931.995975,1332.854211,5797.675736,408.298872,0.033014,0.009089,0.006582,99.936402,0.014914,13.863081,10.181423,2.363758,51.425539,98,0.292620,15,44,0,100.000000,0.742953,74.519231,1255.171071,1287.137645,7017.550055,0.000000,499.503857
12120.000000,contribution,optical,hardware,1,1,1,0,priority,0.000500,180,15,hybrid,0.050000,4000.000000,6.087000,64.000000,500.000000,500.000000,2.000000,120.000000,0.400000,208,121,208,78,155,24,53,0,0,0,0,0,78,78,0,0,0.000000,1.000000,43.615927,clear-ocean,30.000000,60.000000,0.151000,879,2029263,520.323846,4.293101,87,0,0,87,0,77,0,0,77,0,0,0,0,0,0,78,0,0,78,0,9,0,9,0,24,63,121,24,54,77,2.991525,282.914593,2327.303004,0.000000,14.285714,36.363636,0,0,0,2751326.773184,21.293692,140.747993,4550.234051,907.962460,249.859980,180.431771,2749580.220101,2745523.697448,1338.254211,5803.075736,408.298872,0.033001,0.009081,0.006558,99.936520,0.014840,13.863081,10.181423,2.363758,51.388779,98,0.291172,15,44,0,100.000000,0.742953,74.519231,1255.171071,1280.765677,6931.443339,-0.000000,492.464725
12180.000000,contribution,optical,hardware,1,1,1,0,priority,0.000500,180,15,hybrid,0.050000,4000.000000,6.087000,64.000000,500.000000,500.000000,2.000000,120.000000,0.400000,208,121,208,78,155,24,53,0,0,0,0,0,78,78,0,0,0.000000,1.000000,43.615927,clear-ocean,30.000000,60.000000,0.151000,879,2029263,520.323846,4.271953,87,0,0,87,0,77,0,0,77,0,0,0,0,0,0,78,0,0,78,0,9,0,9,0,24,63,121,24,54,77,2.991525,282.914593,2327.303004,0.000000,14.285714,36.363636,0,0,0,2764923.874657,21.293692,140.747993,4550.234051,912.098630,250.894023,180.661558,2763171.921574,2759115.398920,1343.654211,5808.475736,408.298872,0.032988,0.009074,0.006534,99.936636,0.014767,13.863081,10.181423,2.363758,51.352381,98,0.289737,15,44,0,100.000000,0.742953,74.519231,1255.171071,1274.456486,6845.336623,-0.000000,462.435304
12240.000000,contribution,optical,hardware,1,1,1,0,priority,0.000500,180,15,hybrid,0.050000,4000.000000,6.087000,64.000000,500.000000,500.000000,2.000000,120.000000,0.400000,208,121,208,78,155,24,53,0,0,0,0,0,78,78,0,0,0.000000,1.000000,43.615927,clear-ocean,30.000000,60.000000,0.151000,879,2029263,520.323846,4.251012,87,0,0,87,0,77,0,0,77,0,0,0,0,0,0,78,0,0,78,0,9,0,9,0,24,63,121,24,54,77,2.991525,282.914593,2327.303004,0.000000,14.285714,36.363636,0,0,0,2778520.976129,21.293692,140.747993,4550.234051,916.234800,251.928065,180.891345,2776763.623046,2772707.100393,1349.054211,5813.875736,408.298872,0.032976,0.009067,0.006510,99.936752,0.014695,13.863081,10.181423,2.363758,51.316340,98,0.288317,15,44,0,100.000000,0.742953,74.519231,1255.171071,1268.209150,6759.229907,-0.000000,412.262958
12300.000000,contribution,optical,hardware,1,1,1,0,priority,0.000500,180,15,hybrid,0.050000,4000.000000,6.087000,64.000000,500.000000,500.000000,2.000000,120.000000,0.400000,208,121,208,78,155,24,53,0,0,0,0,0,78,78,0,0,0.000000,1.000000,43.615927,clear-ocean,30.000000,60.000000,0.151000,879,2029263,520.323846,4.230275,87,0,0,87,0,77,0,0,77,0,0,0,0,0,0,78,0,0,78,0,9,0,9,0,24,63,121,24,54,77,2.991525,282.914593,2327.303004,0.000000,14.285714,36.363636,0,0,0,2792118.077602,21.293692,140.747993,4550.234051,920.370971,252.962108,181.121133,2790355.324519,2786298.801865,1354.454211,5819.275736,408.298872,0.032963,0.009060,0.006487,99.936867,0.014623,13.863081,10.181423,2.363758,51.280650,98,0.286911,15,44,0,100.000000,0.742953,74.519231,1255.171071,1262.022764,6673.123190,-0.000000,346.704984
12360.000000,contribution,optical,hardware,1,1,1,0,priority,0.000500,180,15,hybrid,0.050000,4000.000000,6.087000,64.000000,500.000000,500.000000,2.000000,120.000000,0.400000,208,121,208,78,155,24,53,0,0,0,0,0,78,78,0,0,0.000000,1.000000,43.615927,clear-ocean,30.000000,60.000000,0.151000,879,2029263,520.323846,4.209740,87,0,0,87,0,77,0,0,77,0,0,0,0,0,0,78,0,0,78,0,9,0,9,0,24,63,121,24,54,77,2.991525,282.914593,2327.303004,0.000000,14.285714,36.363636,0,0,0,2805715.179074,21.293692,140.747993,4550.234051,924.507141,253.996151,181.350920,2803947.025991,2799890.503338,1359.854211,5824.675736,408.298872,0.032951,0.009053,0.006464,99.936980,0.014552,13.863081,10.181423,2.363758,51.245307,98,0.285518,15,44,0,100.000000,0.742953,74.519231,1255.171071,1255.896440,6587.016474,-0.000000,271.977529
12420.000000,contribution,optical,hardware,1,1,1,0,priority,0.000500,180,15,hybrid,0.050000,4000.000000,6.087000,64.000000,500.000000,500.000000,2.000000,120.000000,0.400000,208,121,208,78,155,24,53,0,0,0,0,0,78,78,0,0,0.000000,1.000000,43.615927,clear-ocean,30.000000,60.000000,0.151000,879,2029263,520.323846,4.189403,87,0,0,87,0,77,0,0,77,0,0,0,0,0,0,78,0,0,78,0,9,0,9,0,24,63,121,24,54,77,2.991525,282.914593,2327.303004,0.000000,14.285714,36.363636,0,0,0,2819312.280547,21.293692,140.747993,4550.234051,928.643311,255.030193,181.580707,2817538.727464,2813482.204810,1365.254211,5830.075736,408.298872,0.032939,0.009046,0.006441,99.937093,0.014482,13.863081,10.181423,2.363758,51.210306,98,0.284138,15,44,0,100.000000,0.742953,74.519231,1255.171071,1249.829308,6500.909758,-0.000000,195.166185
12480.000000,contribution,optical,hardware,1,1,1,0,priority,0.000500,180,15,hybrid,0.050000,4000.000000,6.087000,64.000000,500.000000,500.000000,2.000000,120.000000,0.400000,208,121,208,78,155,24,53,0,0,0,0,0,78,78,0,0,0.000000,1.000000,43.615927,clear-ocean,30.000000,60.000000,0.151000,879,2029263,520.323846,4.169262,87,0,0,87,0,77,0,0,77,0,0,0,0,0,0,78,0,0,78,0,9,0,9,0,24,63,121,24,54,77,2.991525,282.914593,2327.303004,0.000000,14.285714,36.363636,0,0,0,2832909.382019,21.293692,140.747993,4550.234051,932.779481,256.064236,181.810494,2831130.428936,2827073.906283,1370.654211,5835.475736,408.298872,0.032927,0.009039,0.006418,99.937204,0.014413,13.863081,10.181423,2.363758,51.175641,98,0.282772,15,44,0,100.000000,0.742953,74.519231,1255.171071,1243.820513,6414.803042,-0.000000,123.554134
12540.000000,contribution,optical,hardware,1,1,1,0,priority,0.000500,180,15,hybrid,0.050000,4000.000000,6.087000,64.000000,500.000000,500.000000,2.000000,120.000000,0.400000,208,121,208,78,155,24,53,0,0,0,0,0,78,78,0,0,0.000000,1.000000,43.615927,clear-ocean,30.000000,60.000000,0.151000,879,2029263,520.323846,4.149313,87,0,0,87,0,77,0,0,77,0,0,0,0,0,0,78,0,0,78,0,9,0,9,0,24,63,121,24,54,77,2.991525,282.914593,2327.303004,0.000000,14.285714,36.363636,0,0,0,2846506.483492,21.293692,140.747993,4550.234051,936.915651,257.098278,182.040281,2844722.130409,2840665.607755,1376.054211,5840.875736,408.298872,0.032915,0.009032,0.006395,99.937314,0.014344,13.863081,10.181423,2.363758,51.141308,98,0.281419,15,44,0,100.000000,0.742953,74.519231,1255.171071,1237.869219,6328.696326,-0.000000,63.931567
12600.000000,contribution,optical,hardware,1,1,1,0,priority,0.000500,180,15,hybrid,0.050000,4000.000000,6.087000,64.000000,500.000000,500.000000,2.000000,120.000000,0.400000,208,121,208,78,155,24,53,0,0,0,0,0,78,78,0,0,0.000000,1.000000,43.615927,clear-ocean,30.000000,60.000000,0.151000,879,2029263,520.323846,4.129554,87,0,0,87,0,77,0,0,77,0,0,0,0,0,0,78,0,0,78,0,9,0,9,0,24,63,121,24,54,77,2.991525,282.914593,2327.303004,0.000000,14.285714,36.363636,0,0,0,2860103.584964,21.293692,140.747993,4550.234051,941.051822,258.132321,182.270069,2858313.831881,2854257.309228,1381.454211,5846.275736,408.298872,0.032903,0.009025,0.006373,99.937423,0.014276,13.863081,10.181423,2.363758,51.107302,98,0.280079,15,44,0,100.000000,0.742953,74.519231,1255.171071,1231.974603,6242.589610,-0.000000,21.951842
12660.000000,contribution,optical,hardware,1,1,1,0,priority,0.000500,180,15,hybrid,0.050000,4000.000000,6.087000,64.000000,500.000000,500.000000,2.000000,120.000000,0.400000,208,121,208,78,155,24,53,0,0,0,0,0,78,78,0,0,0.000000,1.000000,43.615927,clear-ocean,30.000000,60.000000,0.151000,879,2029263,520.323846,4.109983,87,0,0,87,0,77,0,0,77,0,0,0,0,0,0,78,0,0,78,0,9,0,9,0,24,63,121,24,54,77,2.991525,282.914593,2327.303004,0.000000,14.285714,36.363636,0,0,0,2873700.686437,21.293692,140.747993,4550.234051,945.187992,259.166363,182.499856,2871905.533354,2867849.010700,1386.854211,5851.675736,408.298872,0.032891,0.009019,0.006351,99.937532,0.014208,13.863081,10.181423,2.363758,51.073618,98,0.278752,15,44,0,100.000000,0.742953,74.519231,1255.171071,1226.135861,6156.482894,-0.000000,1.595440
12720.000000,contribution,optical,hardware,1,1,1,0,priority,0.000500,180,15,hybrid,0.050000,4000.000000,6.087000,64.000000,500.000000,500.000000,2.000000,120.000000,0.400000,208,121,208,78,155,24,53,0,0,0,0,0,78,78,0,0,0.000000,1.000000,43.615927,clear-ocean,30.000000,60.000000,0.151000,879,2029263,520.323846,4.090596,87,0,0,87,0,77,0,0,77,0,0,0,0,0,0,78,0,0,78,0,9,0,9,0,24,63,121,24,54,77,2.991525,282.914593,2327.303004,0.000000,14.285714,36.363636,0,0,0,2887297.787909,21.293692,140.747993,4550.234051,949.324162,260.200406,182.729643,2885497.234826,2881440.712173,1392.254211,5857.075736,408.298872,0.032879,0.009012,0.006329,99.937639,0.014141,13.863081,10.181423,2.363758,51.040252,98,0.277437,15,44,0,100.000000,0.742953,74.519231,1255.171071,1220.352201,6070.376177,0.000000,4.792536
12780.000000,contribution,optical,hardware,1,1,1,0,priority,0.000500,180,15,hybrid,0.050000,4000.000000,6.087000,64.000000,500.000000,500.000000,2.000000,120.000000,0.400000,208,121,208,78,155,24,53,0,0,0,0,0,78,78,0,0,0.000000,1.000000,43.615927,clear-ocean,30.000000,60.000000,0.151000,879,2029263,520.323846,4.071392,87,0,0,87,0,77,0,0,77,0,0,0,0,0,0,78,0,0,78,0,9,0,9,0,24,63,121,24,54,77,2.991525,282.914593,2327.303004,0.000000,14.285714,36.363636,0,0,0,2900894.889382,21.293692,140.747993,4550.234051,953.460332,261.234448,182.959430,2899088.936299,2895032.413645,1397.654211,5862.475736,408.298872,0.032868,0.009005,0.006307,99.937745,0.014075,13.863081,10.181423,2.363758,51.007199,98,0.276135,15,44,0,100.000000,0.742953,74.519231,1255.171071,1214.622848,5984.269461,0.000000,31.239984
12840.000000,contribution,optical,hardware,1,1,1,0,priority,0.000500,180,15,hybrid,0.050000,4000.000000,6.087000,64.000000,500.000000,500.000000,2.000000,120.000000,0.400000,208,121,208,78,155,24,53,0,0,0,0,0,78,78,0,0,0.000000,1.000000,43.615927,clear-ocean,30.000000,60.000000,0.151000,879,2029263,520.323846,4.052366,87,0,0,87,0,77,0,0,77,0,0,0,0,0,0,78,0,0,78,0,9,0,9,0,24,63,121,24,54,77,2.991525,282.914593,2327.303004,0.000000,14.285714,36.363636,0,0,0,2914491.990854,21.293692,140.747993,4550.234051,957.596502,262.268491,183.189218,2912680.637771,2908624.115118,1403.054211,5867.875736,408.298872,0.032856,0.008999,0.006285,99.937850,0.014009,13.863081,10.181423,2.363758,50.974455,98,0.274844,15,44,0,100.000000,0.742953,74.519231,1255.171071,1208.947040,5898.162745,0.000000,78.430061
12900.000000,contribution,optical,hardware,1,1,1,0,priority,0.000500,180,15,hybrid,0.050000,4000.000000,6.087000,64.000000,500.000000,500.000000,2.000000,120.000000,0.400000,208,121,208,78,155,24,53,0,0,0,0,0,78,78,0,0,0.000000,1.000000,43.615927,clear-ocean,30.000000,60.000000,0.151000,879,2029263,520.323846,4.033518,87,0,0,87,0,77,0,0,77,0,0,0,0,0,0,78,0,0,78,0,9,0,9,0,24,63,121,24,54,77,2.991525,282.914593,2327.303004,0.000000,14.285714,36.363636,0,0,0,2928089.092327,21.293692,140.747993,4550.234051,961.732673,263.302534,183.419005,2926272.339244,2922215.816590,1408.454211,5873.275736,408.298872,0.032845,0.008992,0.006264,99.937954,0.013944,13.863081,10.181423,2.363758,50.942016,98,0.273566,15,44,0,100.000000,0.742953,74.519231,1255.171071,1203.324031,5812.056029,0.000000,141.888246
12960.000000,contribution,optical,hardware,1,1,1,0,priority,0.000500,180,15,hybrid,0.050000,4000.000000,6.087000,64.000000,500.000000,500.000000,2.000000,120.000000,0.400000,208,121,208,78,155,24,53,0,0,0,0,0,78,78,0,0,0.000000,1.000000,43.615927,clear-ocean,30.000000,60.000000,0.151000,879,2029263,520.323846,4.014844,87,0,0,87,0,77,0,0,77,0,0,0,0,0,0,78,0,0,78,0,9,0,9,0,24,63,121,24,54,77,2.991525,282.914593,2327.303004,0.000000,14.285714,36.363636,0,0,0,2941686.193799,21.293692,140.747993,4550.234051,965.868843,264.336576,183.648792,2939864.040716,2935807.518063,1413.854211,5878.675736,408.298872,0.032834,0.008986,0.006243,99.938058,0.013880,13.863081,10.181423,2.363758,50.909877,98,0.272299,15,44,0,100.000000,0.742953,74.519231,1255.171071,1197.753086,5725.949313,0.000000,215.597491
13020.000000,contribution,optical,hardware,1,1,1,0,priority,0.000500,180,15,hybrid,0.050000,4000.000000,6.087000,64.000000,500.000000,500.000000,2.000000,120.000000,0.400000,208,121,208,78,155,24,53,0,0,0,0,0,78,78,0,0,0.000000,1.000000,43.615927,clear-ocean,30.000000,60.000000,0.151000,879,2029263,520.323846,3.996343,87,0,0,87,0,77,0,0,77,0,0,0,0,0,0,78,0,0,78,0,9,0,9,0,24,63,121,24,54,77,2.991525,282.914593,2327.303004,0.000000,14.285714,36.363636,0,0,0,2955283.295272,21.293692,140.747993,4550.234051,970.005013,265.370619,183.878579,2953455.742189,2949399.219535,1419.254211,5884.075736,408.298872,0.032823,0.008980,0.006222,99.938160,0.013816,13.863081,10.181423,2.363758,50.878034,98,0.271045,15,44,0,100.000000,0.742953,74.519231,1255.171071,1192.233487,5639.842597,0.000000,292.568751
13080.000000,contribution,optical,hardware,1,1,1,0,priority,0.000500,180,15,hybrid,0.050000,4000.000000,6.087000,64.000000,500.000000,500.000000,2.000000,120.000000,0.400000,208,121,208,78,155,24,53,0,0,0,0,0,78,78,0,0,0.000000,1.000000,43.615927,clear-ocean,30.000000,60.000000,0.151000,879,2029263,520.323846,3.978011,87,0,0,87,0,77,0,0,77,0,0,0,0,0,0,78,0,0,78,0,9,0,9,0,24,63,121,24,54,77,2.991525,282.914593,2327.303004,0.000000,14.285714,36.363636,0,0,0,2968880.396744,21.293692,140.747993,4550.234051,974.141183,266.404661,184.108367,2967047.443661,2962990.921008,1424.654211,5889.475736,408.298872,0.032812,0.008973,0.006201,99.938261,0.013753,13.863081,10.181423,2.363758,50.846483,98,0.269801,15,44,0,100.000000,0.742953,74.519231,1255.171071,1186.764526,5553.735880,0.000000,365.503680
13140.000000,contribution,optical,hardware,1,1,1,0,priority,0.000500,180,15,hybrid,0.050000,4000.000000,6.087000,64.000000,500.000000,500.000000,2.000000,120.000000,0.400000,208,121,208,78,155,24,53,0,0,0,0,0,78,78,0,0,0.000000,1.000000,43.615927,clear-ocean,30.000000,60.000000,0.151000,879,2029263,520.323846,3.959847,87,0,0,87,0,77,0,0,77,0,0,0,0,0,0,78,0,0,78,0,9,0,9,0,24,63,121,24,54,77,2.991525,282.914593,2327.303004,0.000000,14.285714,36.363636,0,0,0,2982477.498217,21.293692,140.747993,4550.234051,978.277354,267.438704,184.338154,2980639.145134,2976582.622480,1430.054211,5894.875736,408.298872,0.032801,0.008967,0.006181,99.938362,0.013690,13.863081,10.181423,2.363758,50.815221,98,0.268569,15,44,0,100.000000,0.742953,74.519231,1255.171071,1181.345510,5467.629164,0.000000,427.486654
13200.000000,contribution,optical,hardware,1,1,1,0,priority,0.000500,180,15,hybrid,0.050000,4000.000000,6.087000,64.000000,500.000000,500.000000,2.000000,120.000000,0.400000,208,121,208,78,155,24,53,0,0,0,0,0,78,78,0,0,0.000000,1.000000,43.615927,clear-ocean,30.000000,60.000000,0.151000,879,2029263,520.323846,3.941847,87,0,0,87,0,77,0,0,77,0,0,0,0,0,0,78,0,0,78,0,9,0,9,0,24,63,121,24,54,77,2.991525,282.914593,2327.303004,0.000000,14.285714,36.363636,0,0,0,2996074.599689,21.293692,140.747993,4550.234051,982.413524,268.472746,184.567941,2994230.846606,2990174.323953,1435.454211,5900.275736,408.298872,0.032790,0.008961,0.006160,99.938461,0.013628,13.863081,10.181423,2.363758,50.784242,98,0.267348,15,44,0,100.000000,0.742953,74.519231,1255.171071,1175.975758,5381.522448,0.000000,472.640502
13260.000000,contribution,optical,hardware,1,1,1,0,priority,0.000500,180,15,hybrid,0.050000,4000.000000,6.087000,64.000000,500.000000,500.000000,2.000000,120.000000,0.400000,208,121,208,78,155,24,53,0,0,0,0,0,78,78,0,0,0.000000,1.000000,43.615927,clear-ocean,30.000000,60.000000,0.151000,879,2029263,520.323846,3.924011,87,0,0,87,0,77,0,0,77,0,0,0,0,0,0,78,0,0,78,0,9,0,9,0,24,63,121,24,54,77,2.991525,282.914593,2327.303004,0.000000,14.285714,36.363636,0,0,0,3009671.701162,21.293692,140.747993,4550.234051,986.549694,269.506789,184.797728,3007822.548079,3003766.025425,1440.854211,5905.675736,408.298872,0.032779,0.008955,0.006140,99.938560,0.013566,13.863081,10.181423,2.363758,50.753544,98,0.266139,15,44,0,100.000000,0.742953,74.519231,1255.171071,1170.654600,5295.415732,0.000000,496.683776
13320.000000,contribution,optical,hardware,1,1,1,0,priority,0.000500,180,15,hybrid,0.050000,4000.000000,6.087000,64.000000,500.000000,500.000000,2.000000,120.000000,0.400000,208,121,208,85,161,24,53,0,0,0,0,0,85,85,0,0,0.000000,1.000000,43.530128,clear-ocean,30.000000,60.000000,0.151000,921,2180985,559.226923,4.198400,87,0,0,87,0,77,0,0,77,0,0,0,0,0,0,84,0,0,84,0,9,0,9,0,24,63,121,24,54,83,2.991525,282.914593,2838.797598,0.000000,14.285714,31.404959,0,0,0,3023625.366326,21.293692,140.747993,4906.797744,990.685864,270.540831,193.427515,3021731.093859,3017357.726898,1454.654211,6267.639428,439.618256,0.032765,0.008948,0.006397,99.937351,0.014539,13.863081,10.181423,2.364722,50.697898,98,0.278003,15,37,1,100.000000,0.742953,77.403846,1558.816057,1255.471471,5209.309016,-0.000000,497.336716
13380.000000,contribution,optical,hardware,1,1,1,0,priority,0.000500,180,15,hybrid,0.050000,4000.000000,6.087000,64.000000,500.000000,500.000000,2.000000,120.000000,0.400000,208,121,208,85,162,24,53,0,0,0,0,0,85,85,0,0,0.000000,1.000000,43.530128,clear-ocean,30.000000,60.000000,0.151000,928,2206272,565.710769,4.228033,87,0,0,87,0,77,0,0,77,0,0,0,0,0,0,85,0,0,85,0,9,0,9,0,24,63,121,24,54,84,2.991525,282.914593,2916.407712,0.000000,14.285714,30.578512,0,0,0,3037279.561748,21.293692,140.747993,4963.891692,994.822034,271.574874,193.657303,3035374.669383,3030949.428370,1460.054211,6330.133377,444.838154,0.032754,0.008941,0.006376,99.937283,0.014646,13.863081,10.181423,2.363758,50.636472,98,0.276831,15,37,0,100.000000,0.742953,77.884615,1606.959459,1264.789238,5123.202300,-0.000000,474.537410
13440.000000,contribution,optical,hardware,1,1,1,0,priority,0.000500,180,15,hybrid,0.050000,4000.000000,6.087000,64.000000,500.000000,500.000000,2.000000,120.000000,0.400000,208,121,208,85,162,24,53,0,0,0,0,0,85,85,0,0,0.000000,1.000000,43.530128,clear-ocean,30.000000,60.000000,0.151000,928,2206272,565.710769,4.209158,87,0,0,87,0,77,0,0,77,0,0,0,0,0,0,85,0,0,85,0,9,0,9,0,24,63,121,24,54,84,2.991525,282.914593,2916.407712,0.000000,14.285714,30.578512,0,0,0,3050876.663220,21.293692,140.747993,4963.891692,998.958205,272.608917,193.887090,3048966.370855,3044541.129843,1465.454211,6335.533377,444.838154,0.032743,0.008935,0.006355,99.937385,0.014581,13.863081,10.181423,2.363758,50.575595,98,0.275595,15,37,0,100.000000,0.742953,77.884615,1606.959459,1259.142857,5037.095584,-0.000000,430.447668
13500.000000,contribution,optical,hardware,1,1,1,0,priority,0.000500,180,15,hybrid,0.050000,4000.000000,6.087000,64.000000,500.000000,500.000000,2.000000,120.000000,0.400000,208,121,208,85,162,24,53,0,0,0,0,0,85,85,0,0,0.000000,1.000000,43.530128,clear-ocean,30.000000,60.000000,0.151000,928,2206272,565.710769,4.190450,87,0,0,87,0,77,0,0,77,0,0,0,0,0,0,85,0,0,85,0,9,0,9,0,24,63,121,24,54,84,2.991525,282.914593,2916.407712,0.000000,14.285714,30.578512,0,0,0,3064473.764693,21.293692,140.747993,4963.891692,1003.094375,273.642959,194.116877,3062558.072328,3058132.831315,1470.854211,6340.933377,444.838154,0.032733,0.008930,0.006334,99.937487,0.014516,13.863081,10.181423,2.363758,50.515259,98,0.274370,15,37,0,100.000000,0.742953,77.884615,1606.959459,1253.546667,4950.988867,-0.000000,369.248039
13560.000000,contribution,optical,hardware,1,1,1,0,priority,0.000500,180,15,hybrid,0.050000,4000.000000,6.087000,64.000000,500.000000,500.000000,2.000000,120.000000,0.400000,208,121,208,85,162,24,53,0,0,0,0,0,85,85,0,0,0.000000,1.000000,43.530128,clear-ocean,30.000000,60.000000,0.151000,928,2206272,565.710769,4.171908,87,0,0,87,0,77,0,0,77,0,0,0,0,0,0,85,0,0,85,0,9,0,9,0,24,63,121,24,54,84,2.991525,282.914593,2916.407712,0.000000,14.285714,30.578512,0,0,0,3078070.866165,21.293692,140.747993,4963.891692,1007.230545,274.677002,194.346664,3076149.773800,3071724.532788,1476.254211,6346.333377,444.838154,0.032723,0.008924,0.006314,99.937588,0.014452,13.863081,10.181423,2.363758,50.455457,98,0.273156,15,37,0,100.000000,0.742953,77.884615,1606.959459,1248.000000,4864.882151,-0.000000,296.741417
13620.000000,contribution,optical,hardware,1,1,1,0,priority,0.000500,180,15,hybrid,0.050000,4000.000000,6.087000,64.000000,500.000000,500.000000,2.000000,120.000000,0.400000,208,121,208,85,162,24,53,0,0,0,0,0,85,85,0,0,0.000000,1.000000,43.530128,clear-ocean,30.000000,60.000000,0.151000,928,2206272,565.710769,4.153530,87,0,0,87,0,77,0,0,77,0,0,0,0,0,0,85,0,0,85,0,9,0,9,0,24,63,121,24,54,84,2.991525,282.914593,2916.407712,0.000000,14.285714,30.578512,0,0,0,3091667.967638,21.293692,140.747993,4963.891692,1011.366715,275.711044,194.576452,3089741.475273,3085316.234260,1481.654211,6351.733377,444.838154,0.032713,0.008918,0.006294,99.937688,0.014388,13.863081,10.181423,2.363758,50.396182,98,0.271953,15,37,0,100.000000,0.742953,77.884615,1606.959459,1242.502203,4778.775435,-0.000000,219.802817
13680.000000,contribution,optical,hardware,1,1,1,0,priority,0.000500,180,15,hybrid,0.050000,4000.000000,6.087000,64.000000,500.000000,500.000000,2.000000,120.000000,0.400000,208,121,208,85,162,24,53,0,0,0,0,0,85,85,0,0,0.000000,1.000000,43.530128,clear-ocean,30.000000,60.000000,0.151000,928,2206272,565.710769,4.135313,87,0,0,87,0,77,0,0,77,0,0,0,0,0,0,85,0,0,85,0,9,0,9,0,24,63,121,24,54,84,2.991525,282.914593,2916.407712,0.000000,14.285714,30.578512,0,0,0,3105265.069110,21.293692,140.747993,4963.891692,1015.502885,276.745087,194.806239,3103333.176745,3098907.935733,1487.054211,6357.133377,444.838154,0.032703,0.008912,0.006273,99.937787,0.014325,13.863081,10.181423,2.363758,50.337427,98,0.270760,15,37,0,100.000000,0.742953,77.884615,1606.959459,1237.052632,4692.668719,-0.000000,145.727486
13740.000000,contribution,optical,hardware,1,1,1,0,priority,0.000500,180,15,hybrid,0.050000,4000.000000,6.087000,64.000000,500.000000,500.000000,2.000000,120.000000,0.400000,208,121,208,85,162,24,53,0,0,0,0,0,85,85,0,0,0.000000,1.000000,43.530128,clear-ocean,30.000000,60.000000,0.151000,928,2206272,565.710769,4.117255,87,0,0,87,0,77,0,0,77,0,0,0,0,0,0,85,0,0,85,0,9,0,9,0,24,63,121,24,54,84,2.991525,282.914593,2916.407712,0.000000,14.285714,30.578512,0,0,0,3118862.170583,21.293692,140.747993,4963.891692,1019.639056,277.779129,195.036026,3116924.878218,3112499.637205,1492.454211,6362.533377,444.838154,0.032693,0.008906,0.006253,99.937885,0.014263,13.863081,10.181423,2.363758,50.279185,98,0.269578,15,37,0,100.000000,0.742953,77.884615,1606.959459,1231.650655,4606.562003,-0.000000,81.539182
13800.000000,contribution,optical,hardware,1,1,1,0,priority,0.000500,180,15,hybrid,0.050000,4000.000000,6.087000,64.000000,500.000000,500.000000,2.000000,120.000000,0.400000,208,121,208,85,162,24,53,0,0,0,0,0,85,85,0,0,0.000000,1.000000,43.530128,clear-ocean,30.000000,60.000000,0.151000,928,2206272,565.710769,4.099353,87,0,0,87,0,77,0,0,77,0,0,0,0,0,0,85,0,0,85,0,9,0,9,0,24,63,121,24,54,84,2.991525,282.914593,2916.407712,0.000000,14.285714,30.578512,0,0,0,3132459.272055,21.293692,140.747993,4963.891692,1023.775226,278.813172,195.265813,3130516.579690,3126091.338678,1497.854211,6367.933377,444.838154,0.032683,0.008901,0.006234,99.937982,0.014201,13.863081,10.181423,2.363758,50.221449,98,0.268406,15,37,0,100.000000,0.742953,77.884615,1606.959459,1226.295652,4520.455287,-0.000000,33.324182
13860.000000,contribution,optical,hardware,1,1,1,0,priority,0.000500,180,15,hybrid,0.050000,4000.000000,6.087000,64.000000,500.000000,500.000000,2.000000,120.000000,0.400000,208,121,208,85,162,24,53,0,0,0,0,0,85,85,0,0,0.000000,1.000000,43.530128,clear-ocean,30.000000,60.000000,0.151000,928,2206272,565.710769,4.081607,87,0,0,87,0,77,0,0,77,0,0,0,0,0,0,85,0,0,85,0,9,0,9,0,24,63,121,24,54,84,2.991525,282.914593,2916.407712,0.000000,14.285714,30.578512,0,0,0,3146056.373528,21.293692,140.747993,4963.891692,1027.911396,279.847214,195.495601,3144108.281163,3139683.040150,1503.254211,6373.333377,444.838154,0.032673,0.008895,0.006214,99.938078,0.014140,13.863081,10.181423,2.363758,50.164214,98,0.267244,15,37,0,100.000000,0.742953,77.884615,1606.959459,1220.987013,4434.348571,-0.000000,5.654189
13920.000000,contribution,optical,hardware,1,1,1,0,priority,0.000500,180,15,hybrid,0.050000,4000.000000,6.087000,64.000000,500.000000,500.000000,2.000000,120.000000,0.400000,208,121,208,85,162,24,53,0,0,0,0,0,85,85,0,0,0.000000,1.000000,43.530128,clear-ocean,30.000000,60.000000,0.151000,928,2206272,565.710769,4.064014,87,0,0,87,0,77,0,0,77,0,0,0,0,0,0,85,0,0,85,0,9,0,9,0,24,63,121,24,54,84,2.991525,282.914593,2916.407712,0.000000,14.285714,30.578512,0,0,0,3159653.475000,21.293692,140.747993,4963.891692,1032.047566,280.881257,195.725388,3157699.982635,3153274.741623,1508.654211,6378.733377,444.838154,0.032663,0.008890,0.006195,99.938174,0.014079,13.863081,10.181423,2.363758,50.107471,98,0.266092,15,37,0,100.000000,0.742953,77.884615,1606.959459,1215.724138,4348.241854,0.000000,1.152847
13980.000000,contribution,optical,hardware,1,1,1,0,priority,0.000500,180,15,hybrid,0.050000,4000.000000,6.087000,64.000000,500.000000,500.000000,2.000000,120.000000,0.400000,208,121,208,85,162,24,53,0,0,0,0,0,85,85,0,0,0.000000,1.000000,43.530128,clear-ocean,30.000000,60.000000,0.151000,928,2206272,565.710769,4.046572,87,0,0,87,0,77,0,0,77,0,0,0,0,0,0,85,0,0,85,0,9,0,9,0,24,63,121,24,54,84,2.991525,282.914593,2916.407712,0.000000,14.285714,30.578512,0,0,0,3173250.576473,21.293692,140.747993,4963.891692,1036.183736,281.915300,195.955175,3171291.684108,3166866.443095,1514.054211,6384.133377,444.838154,0.032654,0.008884,0.006175,99.938269,0.014018,13.863081,10.181423,2.363758,50.051216,98,0.264950,15,37,0,100.000000,0.742953,77.884615,1606.959459,1210.506438,4262.135138,0.000000,20.246969
14040.000000,contribution,optical,hardware,1,1,1,0,priority,0.000500,180,15,hybrid,0.050000,4000.000000,6.087000,64.000000,500.000000,500.000000,2.000000,120.000000,0.400000,208,121,208,85,162,24,53,0,0,0,0,0,85,85,0,0,0.000000,1.000000,43.530128,clear-ocean,30.000000,60.000000,0.151000,928,2206272,565.710769,4.029279,87,0,0,87,0,77,0,0,77,0,0,0,0,0,0,85,0,0,85,0,9,0,9,0,24,63,121,24,54,84,2.991525,282.914593,2916.407712,0.000000,14.285714,30.578512,0,0,0,3186847.677945,21.293692,140.747993,4963.891692,1040.319907,282.949342,196.184962,3184883.385580,3180458.144568,1519.454211,6389.533377,444.838154,0.032644,0.008879,0.006156,99.938363,0.013959,13.863081,10.181423,2.363758,49.995442,98,0.263818,15,37,0,100.000000,0.742953,77.884615,1606.959459,1205.333333,4176.028422,0.000000,61.126069
14100.000000,contribution,optical,hardware,1,1,1,0,priority,0.000500,180,15,hybrid,0.050000,4000.000000,6.087000,64.000000,500.000000,500.000000,2.000000,120.000000,0.400000,208,121,208,85,162,24,53,0,0,0,0,0,85,85,0,0,0.000000,1.000000,43.530128,clear-ocean,30.000000,60.000000,0.151000,928,2206272,565.710769,4.012133,87,0,0,87,0,77,0,0,77,0,0,0,0,0,0,85,0,0,85,0,9,0,9,0,24,63,121,24,54,84,2.991525,282.914593,2916.407712,0.000000,14.285714,30.578512,0,0,0,3200444.779418,21.293692,140.747993,4963.891692,1044.456077,283.983385,196.414750,3198475.087053,3194049.846040,1524.854211,6394.933377,444.838154,0.032635,0.008873,0.006137,99.938456,0.013899,13.863081,10.181423,2.363758,49.940142,98,0.262695,15,37,0,100.000000,0.742953,77.884615,1606.959459,1200.204255,4089.921706,0.000000,119.914025
14160.000000,contribution,optical,hardware,1,1,1,0,priority,0.000500,180,15,hybrid,0.050000,4000.000000,6.087000,64.000000,500.000000,500.000000,2.000000,120.000000,0.400000,208,121,208,85,162,24,53,0,0,0,0,0,85,85,0,0,0.000000,1.000000,43.530128,clear-ocean,30.000000,60.000000,0.151000,928,2206272,565.710769,3.995133,87,0,0,87,0,77,0,0,77,0,0,0,0,0,0,85,0,0,85,0,9,0,9,0,24,63,121,24,54,84,2.991525,282.914593,2916.407712,0.000000,14.285714,30.578512,0,0,0,3214041.880890,21.293692,140.747993,4963.891692,1048.592247,285.017427,196.644537,3212066.788525,3207641.547513,1530.254211,6400.333377,444.838154,0.032625,0.008868,0.006118,99.938548,0.013840,13.863081,10.181423,2.363758,49.885311,98,0.261582,15,37,0,100.000000,0.742953,77.884615,1606.959459,1195.118644,4003.814990,0.000000,191.036617
14220.000000,contribution,optical,hardware,1,1,1,0,priority,0.000500,180,15,hybrid,0.050000,4000.000000,6.087000,64.000000,500.000000,500.000000,2.000000,120.000000,0.400000,208,121,208,85,162,24,53,0,0,0,0,0,85,85,0,0,0.000000,1.000000,43.530128,clear-ocean,30.000000,60.000000,0.151000,928,2206272,565.710769,3.978275,87,0,0,87,0,77,0,0,77,0,0,0,0,0,0,85,0,0,85,0,9,0,9,0,24,63,121,24,54,84,2.991525,282.914593,2916.407712,0.000000,14.285714,30.578512,0,0,0,3227638.982363,21.293692,140.747993,4963.891692,1052.728417,286.051470,196.874324,3225658.489998,3221233.248985,1535.654211,6405.733377,444.838154,0.032616,0.008863,0.006100,99.938640,0.013782,13.863081,10.181423,2.363758,49.830942,98,0.260478,15,37,0,100.000000,0.742953,77.884615,1606.959459,1190.075949,3917.708274,0.000000,267.750065
14280.000000,contribution,optical,hardware,1,1,1,0,priority,0.000500,180,15,hybrid,0.050000,4000.000000,6.087000,64.000000,500.000000,500.000000,2.000000,120.000000,0.400000,208,121,208,85,162,24,53,0,0,0,0,0,85,85,0,0,0.000000,1.000000,43.530128,clear-ocean,30.000000,60.000000,0.151000,928,2206272,565.710769,3.961560,87,0,0,87,0,77,0,0,77,0,0,0,0,0,0,85,0,0,85,0,9,0,9,0,24,63,121,24,54,84,2.991525,282.914593,2916.407712,0.000000,14.285714,30.578512,0,0,0,3241236.083835,21.293692,140.747993,4963.891692,1056.864588,287.085512,197.104111,3239250.191470,3234824.950458,1541.054211,6411.133377,444.838154,0.032607,0.008857,0.006081,99.938730,0.013724,13.863081,10.181423,2.363758,49.777031,98,0.259384,15,37,0,100.000000,0.742953,77.884615,1606.959459,1185.075630,3831.601558,0.000000,342.780467
14340.000000,contribution,optical,hardware,1,1,1,0,priority,0.000500,180,15,hybrid,0.050000,4000.000000,6.087000,64.000000,500.000000,500.000000,2.000000,120.000000,0.400000,208,121,208,85,162,24,53,0,0,0,0,0,85,85,0,0,0.000000,1.000000,43.530128,clear-ocean,30.000000,60.000000,0.151000,928,2206272,565.710769,3.944984,87,0,0,87,0,77,0,0,77,0,0,0,0,0,0,85,0,0,85,0,9,0,9,0,24,63,121,24,54,84,2.991525,282.914593,2916.407712,0.000000,14.285714,30.578512,0,0,0,3254833.185308,21.293692,140.747993,4963.891692,1061.000758,288.119555,197.333898,3252841.892943,3248416.651930,1546.454211,6416.533377,444.838154,0.032598,0.008852,0.006063,99.938820,0.013667,13.863081,10.181423,2.363758,49.723570,98,0.258298,15,37,0,100.000000,0.742953,77.884615,1606.959459,1180.117155,3745.494841,0.000000,409.013508
14400.000000,contribution,optical,hardware,1,1,1,0,priority,0.000500,180,15,hybrid,0.050000,4000.000000,6.087000,64.000000,500.000000,500.000000,2.000000,120.000000,0.400000,208,121,208,85,162,24,53,0,0,0,0,0,85,85,0,0,0.000000,1.000000,43.530128,clear-ocean,30.000000,60.000000,0.151000,928,2206272,565.710769,3.928547,87,0,0,87,0,77,0,0,77,0,0,0,0,0,0,85,0,0,85,0,9,0,9,0,24,63,121,24,54,84,2.991525,282.914593,2916.407712,0.000000,14.285714,30.578512,0,0,0,3268430.286780,21.293692,140.747993,4963.891692,1065.136928,289.153597,197.563686,3266433.594415,3262008.353403,1551.854211,6421.933377,444.838154,0.032589,0.008847,0.006045,99.938910,0.013610,13.863081,10.181423,2.363758,49.670556,98,0.257222,15,37,0,100.000000,0.742953,77.884615,1606.959459,1175.200000,3659.388125,0.000000,460.169031
14460.000000,contribution,optical,hardware,1,1,1,0,priority,0.000500,180,15,hybrid,0.050000,4000.000000,6.087000,64.000000,500.000000,500.000000,2.000000,120.000000,0.400000,208,121,208,85,162,24,53,0,0,0,0,0,85,85,0,0,0.000000,1.000000,43.530128,clear-ocean,30.000000,60.000000,0.151000,928,2206272,565.710769,3.912246,87,0,0,87,0,77,0,0,77,0,0,0,0,0,0,85,0,0,85,0,9,0,9,0,24,63,121,24,54,84,2.991525,282.914593,2916.407712,0.000000,14.285714,30.578512,0,0,0,3282027.388252,21.293692,140.747993,4963.891692,1069.273098,290.187640,197.793473,3280025.295888,3275600.054876,1557.254211,6427.333377,444.838154,0.032580,0.008842,0.006027,99.938998,0.013554,13.863081,10.181423,2.363758,49.617981,98,0.256155,15,37,0,100.000000,0.742953,77.884615,1606.959459,1170.323651,3573.281409,0.000000,491.396514
14520.000000,contribution,optical,hardware,1,1,1,0,priority,0.000500,180,15,hybrid,0.050000,4000.000000,6.087000,64.000000,500.000000,500.000000,2.000000,120.000000,0.400000,208,121,208,98,165,24,53,0,0,0,0,0,98,98,0,0,0.000000,1.000000,43.554736,clear-ocean,30.000000,60.000000,0.151000,953,2298681,589.405385,4.059266,87,0,0,87,0,77,0,0,77,0,0,0,0,0,0,89,0,0,88,1,9,0,9,0,24,63,121,24,54,87,2.991525,282.914593,3196.534196,0.000000,14.285714,28.099174,0,0,0,3295857.413417,21.293692,140.747993,5196.815385,1073.409268,291.221682,213.623260,3293816.964130,3289191.756348,1578.254211,6665.657069,462.195077,0.032568,0.008836,0.006482,99.938090,0.014024,13.863081,10.181423,2.389340,49.540771,98,0.275964,15,24,9,100.000000,0.742953,79.326923,1778.470665,1206.809917,3487.174693,-0.000000,499.734996
14580.000000,contribution,optical,hardware,1,1,1,0,priority,0.000500,180,15,hybrid,0.050000,4000.000000,6.087000,64.000000,500.000000,500.000000,2.000000,120.000000,0.400000,208,121,208,98,173,24,53,0,0,0,0,0,98,98,0,0,0.000000,1.000000,43.554736,clear-ocean,30.000000,60.000000,0.151000,1005,2484429,637.033077,4.369225,87,0,0,87,0,77,0,0,77,0,0,0,0,0,0,96,0,0,96,0,9,0,9,0,24,63,121,24,54,95,2.991525,282.914593,3847.732106,0.000000,14.285714,21.487603,0,0,0,3309875.624633,21.293692,140.747993,5617.925128,1077.545439,292.255725,213.853047,3307789.713397,3302783.457821,1583.654211,7092.166813,502.257026,0.032555,0.008830,0.006461,99.936979,0.015174,13.863081,10.181423,2.365442,49.435665,98,0.296982,15,24,2,100.000000,0.742953,83.173077,2201.640085,1311.582990,3401.067977,-0.000000,484.393829
14640.000000,contribution,optical,hardware,1,1,1,0,priority,0.000500,180,15,hybrid,0.050000,4000.000000,6.087000,64.000000,500.000000,500.000000,2.000000,120.000000,0.400000,208,121,208,98,175,24,53,0,0,0,0,0,98,98,0,0,0.000000,1.000000,43.554736,clear-ocean,30.000000,60.000000,0.151000,1019,2535003,650.000769,4.439896,87,0,0,87,0,77,0,0,77,0,0,0,0,0,0,98,0,0,98,0,9,0,9,0,24,63,121,24,54,97,2.991525,282.914593,3991.586066,0.000000,14.285714,19.834711,0,0,0,3323586.914003,21.293692,140.747993,5732.113026,1081.681609,293.289768,214.082835,3321485.162972,3316375.159293,1589.054211,7211.754710,512.696821,0.032546,0.008824,0.006441,99.936763,0.015426,13.863081,10.181423,2.363758,49.331421,98,0.296448,15,24,0,100.000000,0.742953,84.134615,2300.188760,1333.530055,3314.961261,-0.000000,446.827649
14700.000000,contribution,optical,hardware,1,1,1,0,priority,0.000500,180,15,hybrid,0.050000,4000.000000,6.087000,64.000000,500.000000,500.000000,2.000000,120.000000,0.400000,208,121,208,98,175,24,53,0,0,0,0,0,98,98,0,0,0.000000,1.000000,43.554736,clear-ocean,30.000000,60.000000,0.151000,1019,2535003,650.000769,4.421774,87,0,0,87,0,77,0,0,77,0,0,0,0,0,0,98,0,0,98,0,9,0,9,0,24,63,121,24,54,97,2.991525,282.914593,3991.586066,0.000000,14.285714,19.834711,0,0,0,3337184.015476,21.293692,140.747993,5732.113026,1085.817779,294.323810,214.312622,3335076.864445,3329966.860766,1594.454211,7217.154710,512.696821,0.032537,0.008820,0.006422,99.936858,0.015363,13.863081,10.181423,2.363758,49.228027,98,0.295238,15,24,0,100.000000,0.742953,84.134615,2300.188760,1328.087075,3228.854545,-0.000000,390.598447
14760.000000,contribution,optical,hardware,1,1,1,0,priority,0.000500,180,15,hybrid,0.050000,4000.000000,6.087000,64.000000,500.000000,500.000000,2.000000,120.000000,0.400000,208,121,208,98,175,24,53,0,0,0,0,0,98,98,0,0,0.000000,1.000000,43.554736,clear-ocean,30.000000,60.000000,0.151000,1019,2535003,650.000769,4.403799,87,0,0,87,0,77,0,0,77,0,0,0,0,0,0,98,0,0,98,0,9,0,9,0,24,63,121,24,54,97,2.991525,282.914593,3991.586066,0.000000,14.285714,19.834711,0,0,0,3350781.116948,21.293692,140.747993,5732.113026,1089.953949,295.357853,214.542409,3348668.565917,3343558.562238,1599.854211,7222.554710,512.696821,0.032528,0.008815,0.006403,99.936953,0.015301,13.863081,10.181423,2.363758,49.125474,98,0.294038,15,24,0,100.000000,0.742953,84.134615,2300.188760,1322.688347,3142.747828,-0.000000,321.037826
14820.000000,contribution,optical,hardware,1,1,1,0,priority,0.000500,180,15,hybrid,0.050000,4000.000000,6.087000,64.000000,500.000000,500.000000,2.000000,120.000000,0.400000,208,121,208,98,175,24,53,0,0,0,0,0,98,98,0,0,0.000000,1.000000,43.554736,clear-ocean,30.000000,60.000000,0.151000,1019,2535003,650.000769,4.385970,87,0,0,87,0,77,0,0,77,0,0,0,0,0,0,98,0,0,98,0,9,0,9,0,24,63,121,24,54,97,2.991525,282.914593,3991.586066,0.000000,14.285714,19.834711,0,0,0,3364378.218421,21.293692,140.747993,5732.113026,1094.090119,296.391895,214.772196,3362260.267390,3357150.263711,1605.254211,7227.954710,512.696821,0.032520,0.008810,0.006384,99.937048,0.015239,13.863081,10.181423,2.363758,49.023752,98,0.292848,15,24,0,100.000000,0.742953,84.134615,2300.188760,1317.333333,3056.641112,-0.000000,244.741463
14880.000000,contribution,optical,hardware,1,1,1,0,priority,0.000500,180,15,hybrid,0.050000,4000.000000,6.087000,64.000000,500.000000,500.000000,2.000000,120.000000,0.400000,208,121,208,98,175,24,53,0,0,0,0,0,98,98,0,0,0.000000,1.000000,43.554736,clear-ocean,30.000000,60.000000,0.151000,1019,2535003,650.000769,4.368285,87,0,0,87,0,77,0,0,77,0,0,0,0,0,0,98,0,0,98,0,9,0,9,0,24,63,121,24,54,97,2.991525,282.914593,3991.586066,0.000000,14.285714,19.834711,0,0,0,3377975.319893,21.293692,140.747993,5732.113026,1098.226290,297.425938,215.001984,3375851.968862,3370741.965183,1610.654211,7233.354710,512.696821,0.032511,0.008805,0.006365,99.937141,0.015178,13.863081,10.181423,2.363758,48.922849,98,0.291667,15,24,0,100.000000,0.742953,84.134615,2300.188760,1312.021505,2970.534396,-0.000000,168.943709
14940.000000,contribution,optical,hardware,1,1,1,0,priority,0.000500,180,15,hybrid,0.050000,4000.000000,6.087000,64.000000,500.000000,500.000000,2.000000,120.000000,0.400000,208,121,208,98,175,24,53,0,0,0,0,0,98,98,0,0,0.000000,1.000000,43.554736,clear-ocean,30.000000,60.000000,0.151000,1019,2535003,650.000769,4.350741,87,0,0,87,0,77,0,0,77,0,0,0,0,0,0,98,0,0,98,0,9,0,9,0,24,63,121,24,54,97,2.991525,282.914593,3991.586066,0.000000,14.285714,19.834711,0,0,0,3391572.421366,21.293692,140.747993,5732.113026,1102.362460,298.459980,215.231771,3389443.670335,3384333.666656,1616.054211,7238.754710,512.696821,0.032503,0.008800,0.006346,99.937234,0.015117,13.863081,10.181423,2.363758,48.822758,98,0.290495,15,24,0,100.000000,0.742953,84.134615,2300.188760,1306.752343,2884.427680,-0.000000,100.831640
15000.000000,contribution,optical,hardware,1,1,1,0,priority,0.000500,180,15,hybrid,0.050000,4000.000000,6.087000,64.000000,500.000000,500.000000,2.000000,120.000000,0.400000,208,121,208,98,175,24,53,0,0,0,0,0,98,98,0,0,0.000000,1.000000,43.554736,clear-ocean,30.000000,60.000000,0.151000,1019,2535003,650.000769,4.333338,87,0,0,87,0,77,0,0,77,0,0,0,0,0,0,98,0,0,98,0,9,0,9,0,24,63,121,24,54,97,2.991525,282.914593,3991.586066,0.000000,14.285714,19.834711,0,0,0,3405169.522838,21.293692,140.747993,5732.113026,1106.498630,299.494023,215.461558,3403035.371807,3397925.368128,1621.454211,7244.154710,512.696821,0.032495,0.008795,0.006327,99.937326,0.015056,13.863081,10.181423,2.363758,48.723467,98,0.289333,15,24,0,100.000000,0.742953,84.134615,2300.188760,1301.525333,2798.320964,-0.000000,46.863581
15060.000000,contribution,optical,hardware,1,1,1,0,priority,0.000500,180,15,hybrid,0.050000,4000.000000,6.087000,64.000000,500.000000,500.000000,2.000000,120.000000,0.400000,208,121,208,98,175,24,53,0,0,0,0,0,98,98,0,0,0.000000,1.000000,43.554736,clear-ocean,30.000000,60.000000,0.151000,1019,2535003,650.000769,4.316074,87,0,0,87,0,77,0,0,77,0,0,0,0,0,0,98,0,0,98,0,9,0,9,0,24,63,121,24,54,97,2.991525,282.914593,3991.586066,0.000000,14.285714,19.834711,0,0,0,3418766.624311,21.293692,140.747993,5732.113026,1110.634800,300.528065,215.691345,3416627.073280,3411517.069601,1626.854211,7249.554710,512.696821,0.032486,0.008791,0.006309,99.937417,0.014997,13.863081,10.181423,2.363758,48.624967,98,0.288181,15,24,0,100.000000,0.742953,84.134615,2300.188760,1296.339973,2712.214248,-0.000000,12.156736
15120.000000,contribution,optical,hardware,1,1,1,0,priority,0.000500,180,15,hybrid,0.050000,4000.000000,6.087000,64.000000,500.000000,500.000000,2.000000,120.000000,0.400000,208,121,208,98,175,24,53,0,0,0,0,0,98,98,0,0,0.000000,1.000000,43.554736,clear-ocean,30.000000,60.000000,0.151000,1019,2535003,650.000769,4.298947,87,0,0,87,0,77,0,0,77,0,0,0,0,0,0,98,0,0,98,0,9,0,9,0,24,63,121,24,54,97,2.991525,282.914593,3991.586066,0.000000,14.285714,19.834711,0,0,0,3432363.725783,21.293692,140.747993,5732.113026,1114.770971,301.562108,215.921133,3430218.774752,3425108.771073,1632.254211,7254.954710,512.696821,0.032478,0.008786,0.006291,99.937508,0.014937,13.863081,10.181423,2.363758,48.527249,98,0.287037,15,24,0,100.000000,0.742953,84.134615,2300.188760,1291.195767,2626.107532,-0.000000,0.001977
15180.000000,contribution,optical,hardware,1,1,1,0,priority,0.000500,180,15,hybrid,0.050000,4000.000000,6.087000,64.000000,500.000000,500.000000,2.000000,120.000000,0.400000,208,121,208,98,175,24,53,0,0,0,0,0,98,98,0,0,0.000000,1.000000,43.554736,clear-ocean,30.000000,60.000000,0.151000,1019,2535003,650.000769,4.281955,87,0,0,87,0,77,0,0,77,0,0,0,0,0,0,98,0,0,98,0,9,0,9,0,24,63,121,24,54,97,2.991525,282.914593,3991.586066,0.000000,14.285714,19.834711,0,0,0,3445960.827256,21.293692,140.747993,5732.113026,1118.907141,302.596151,216.150920,3443810.476225,3438700.472546,1637.654211,7260.354710,512.696821,0.032470,0.008781,0.006273,99.937598,0.014878,13.863081,10.181423,2.363758,48.430303,98,0.285903,15,24,0,100.000000,0.742953,84.134615,2300.188760,1286.092227,2540.000815,0.000000,11.551806
15240.000000,contribution,optical,hardware,1,1,1,0,priority,0.000500,180,15,hybrid,0.050000,4000.000000,6.087000,64.000000,500.000000,500.000000,2.000000,120.000000,0.400000,208,121,208,98,175,24,53,0,0,0,0,0,98,98,0,0,0.000000,1.000000,43.554736,clear-ocean,30.000000,60.000000,0.151000,1019,2535003,650.000769,4.265097,87,0,0,87,0,77,0,0,77,0,0,0,0,0,0,98,0,0,98,0,9,0,9,0,24,63,121,24,54,97,2.991525,282.914593,3991.586066,0.000000,14.285714,19.834711,0,0,0,3459557.928728,21.293692,140.747993,5732.113026,1123.043311,303.630193,216.380707,3457402.177697,3452292.174018,1643.054211,7265.754710,512.696821,0.032462,0.008777,0.006255,99.937687,0.014820,13.863081,10.181423,2.363758,48.334121,98,0.284777,15,24,0,100.000000,0.742953,84.134615,2300.188760,1281.028871,2453.894099,0.000000,45.711080
15300.000000,contribution,optical,hardware,1,1,1,0,priority,0.000500,180,15,hybrid,0.050000,4000.000000,6.087000,64.000000,500.000000,500.000000,2.000000,120.000000,0.400000,208,121,208,98,175,24,53,0,0,0,0,0,98,98,0,0,0.000000,1.000000,43.554736,clear-ocean,30.000000,60.000000,0.151000,1019,2535003,650.000769,4.248371,87,0,0,87,0,77,0,0,77,0,0,0,0,0,0,98,0,0,98,0,9,0,9,0,24,63,121,24,54,97,2.991525,282.914593,3991.586066,0.000000,14.285714,19.834711,0,0,0,3473155.030201,21.293692,140.747993,5732.113026,1127.179481,304.664236,216.610494,3470993.879170,3465883.875491,1648.454211,7271.154710,512.696821,0.032454,0.008772,0.006237,99.937776,0.014762,13.863081,10.181423,2.363758,48.238693,98,0.283660,15,24,0,100.000000,0.742953,84.134615,2300.188760,1276.005229,2367.787383,0.000000,99.240846
15360.000000,contribution,optical,hardware,1,1,1,0,priority,0.000500,180,15,hybrid,0.050000,4000.000000,6.087000,64.000000,500.000000,500.000000,2.000000,120.000000,0.400000,208,121,208,98,175,24,53,0,0,0,0,0,98,98,0,0,0.000000,1.000000,43.554736,clear-ocean,30.000000,60.000000,0.151000,1019,2535003,650.000769,4.231776,87,0,0,87,0,77,0,0,77,0,0,0,0,0,0,98,0,0,98,0,9,0,9,0,24,63,121,24,54,97,2.991525,282.914593,3991.586066,0.000000,14.285714,19.834711,0,0,0,3486752.131673,21.293692,140.747993,5732.113026,1131.315651,305.698278,216.840281,3484585.580642,3479475.576963,1653.854211,7276.554710,512.696821,0.032446,0.008767,0.006219,99.937863,0.014704,13.863081,10.181423,2.363758,48.144010,98,0.282552,15,24,0,100.000000,0.742953,84.134615,2300.188760,1271.020833,2281.680667,0.000000,167.065460
15420.000000,contribution,optical,hardware,1,1,1,0,priority,0.000500,180,15,hybrid,0.050000,4000.000000,6.087000,64.000000,500.000000,500.000000,2.000000,120.000000,0.400000,208,121,208,98,175,24,53,0,0,0,0,0,98,98,0,0,0.000000,1.000000,43.554736,clear-ocean,30.000000,60.000000,0.151000,1019,2535003,650.000769,4.215310,87,0,0,87,0,77,0,0,77,0,0,0,0,0,0,98,0,0,98,0,9,0,9,0,24,63,121,24,54,97,2.991525,282.914593,3991.586066,0.000000,14.285714,19.834711,0,0,0,3500349.233146,21.293692,140.747993,5732.113026,1135.451822,306.732321,217.070069,3498177.282115,3493067.278436,1659.254211,7281.954710,512.696821,0.032438,0.008763,0.006201,99.937950,0.014647,13.863081,10.181423,2.363758,48.050065,98,0.281453,15,24,0,100.000000,0.742953,84.134615,2300.188760,1266.075227,2195.573951,0.000000,242.753854
15480.000000,contribution,optical,hardware,1,1,1,0,priority,0.000500,180,15,hybrid,0.050000,4000.000000,6.087000,64.000000,500.000000,500.000000,2.000000,120.000000,0.400000,208,121,208,98,175,24,53,0,0,0,0,0,98,98,0,0,0.000000,1.000000,43.554736,clear-ocean,30.000000,60.000000,0.151000,1019,2535003,650.000769,4.198971,87,0,0,87,0,77,0,0,77,0,0,0,0,0,0,98,0,0,98,0,9,0,9,0,24,63,121,24,54,97,2.991525,282.914593,3991.586066,0.000000,14.285714,19.834711,0,0,0,3513946.334618,21.293692,140.747993,5732.113026,1139.587992,307.766363,217.299856,3511768.983587,3506658.979908,1664.654211,7287.354710,512.696821,0.032430,0.008758,0.006184,99.938037,0.014590,13.863081,10.181423,2.363758,47.956848,98,0.280362,15,24,0,100.000000,0.742953,84.134615,2300.188760,1261.167959,2109.467235,0.000000,319.129320
15540.000000,contribution,optical,hardware,1,1,1,0,priority,0.000500,180,15,hybrid,0.050000,4000.000000,6.087000,64.000000,500.000000,500.000000,2.000000,120.000000,0.400000,208,121,208,98,175,24,53,0,0,0,0,0,98,98,0,0,0.000000,1.000000,43.554736,clear-ocean,30.000000,60.000000,0.151000,1019,2535003,650.000769,4.182759,87,0,0,87,0,77,0,0,77,0,0,0,0,0,0,98,0,0,98,0,9,0,9,0,24,63,121,24,54,97,2.991525,282.914593,3991.586066,0.000000,14.285714,19.834711,0,0,0,3527543.436091,21.293692,140.747993,5732.113026,1143.724162,308.800406,217.529643,3525360.685060,3520250.681381,1670.054211,7292.754710,512.696821,0.032423,0.008754,0.006167,99.938123,0.014534,13.863081,10.181423,2.363758,47.864350,98,0.279279,15,24,0,100.000000,0.742953,84.134615,2300.188760,1256.298584,2023.360519,0.000000,388.950006
15600.000000,contribution,optical,hardware,1,1,1,0,priority,0.000500,180,15,hybrid,0.050000,4000.000000,6.087000,64.000000,500.000000,500.000000,2.000000,120.000000,0.400000,208,121,208,98,175,24,53,0,0,0,0,0,98,98,0,0,0.000000,1.000000,43.554736,clear-ocean,30.000000,60.000000,0.151000,1019,2535003,650.000769,4.166672,87,0,0,87,0,77,0,0,77,0,0,0,0,0,0,98,0,0,98,0,9,0,9,0,24,63,121,24,54,97,2.991525,282.914593,3991.586066,0.000000,14.285714,19.834711,0,0,0,3541140.537563,21.293692,140.747993,5732.113026,1147.860332,309.834448,217.759430,3538952.386532,3533842.382853,1675.454211,7298.154710,512.696821,0.032415,0.008750,0.006149,99.938208,0.014478,13.863081,10.181423,2.363758,47.772564,98,0.278205,15,24,0,100.000000,0.742953,84.134615,2300.188760,1251.466667,1937.253802,0.000000,445.595577
15660.000000,contribution,optical,hardware,1,1,1,0,priority,0.000500,180,15,hybrid,0.050000,4000.000000,6.087000,64.000000,500.000000,500.000000,2.000000,120.000000,0.400000,208,121,208,98,175,24,53,0,0,0,0,0,98,98,0,0,0.000000,1.000000,43.554736,clear-ocean,30.000000,60.000000,0.151000,1019,2535003,650.000769,4.150707,87,0,0,87,0,77,0,0,77,0,0,0,0,0,0,98,0,0,98,0,9,0,9,0,24,63,121,24,54,97,2.991525,282.914593,3991.586066,0.000000,14.285714,19.834711,0,0,0,3554737.639036,21.293692,140.747993,5732.113026,1151.996502,310.868491,217.989218,3552544.088005,3547434.084326,1680.854211,7303.554710,512.696821,0.032407,0.008745,0.006132,99.938292,0.014423,13.863081,10.181423,2.363758,47.681481,98,0.277139,15,24,0,100.000000,0.742953,84.134615,2300.188760,1246.671775,1851.147086,0.000000,483.694950
15720.000000,contribution,optical,hardware,1,1,1,0,priority,0.000500,180,15,hybrid,0.050000,4000.000000,6.087000,64.000000,500.000000,500.000000,2.000000,120.000000,0.400000,208,121,208,110,176,24,53,0,0,0,0,0,110,110,0,0,0.000000,1.000000,43.453696,clear-ocean,30.000000,60.000000,0.151000,1027,2564427,657.545385,4.182859,87,0,0,87,0,77,0,0,77,0,0,0,0,0,0,100,0,0,99,1,9,0,9,0,24,63,121,24,54,98,2.991525,282.914593,4104.324708,0.000000,14.285714,19.008264,0,0,0,3568424.320611,21.293692,140.747993,5821.693128,1156.132673,311.902534,232.619005,3566205.749682,3561025.785798,1700.654211,7398.534813,517.916718,0.032399,0.008741,0.006519,99.937828,0.014514,13.863081,10.181423,2.376201,47.584224,98,0.282443,15,12,10,100.000000,0.742953,84.615385,2372.573898,1254.636132,1765.040370,0.000000,499.635578
15780.000000,contribution,optical,hardware,1,1,1,0,priority,0.000500,180,15,hybrid,0.050000,4000.000000,6.087000,64.000000,500.000000,500.000000,2.000000,120.000000,0.400000,208,121,208,110,183,24,53,0,0,0,0,0,110,110,0,0,0.000000,1.000000,43.453696,clear-ocean,30.000000,60.000000,0.151000,1080,2757984,707.175385,4.481466,87,0,0,87,0,77,0,0,77,0,0,0,0,0,0,107,0,0,106,1,9,0,9,0,24,63,121,24,54,105,2.991525,282.914593,4695.783821,0.000000,14.285714,13.223140,0,0,0,3582457.570186,21.293692,140.747993,6257.841231,1160.268843,312.936576,232.848792,3580194.514129,3574617.487271,1706.054211,7840.082915,557.001846,0.032388,0.008735,0.006500,99.936830,0.015548,13.863081,10.181423,2.383940,47.448923,98,0.306971,15,12,3,100.000000,0.742953,87.980769,2778.177518,1338.585551,1678.933654,-0.000000,491.905983
15840.000000,contribution,optical,hardware,1,1,1,0,priority,0.000500,180,15,hybrid,0.050000,4000.000000,6.087000,64.000000,500.000000,500.000000,2.000000,120.000000,0.400000,208,121,208,110,187,24,53,0,0,0,0,0,110,110,0,0,0.000000,1.000000,43.453696,clear-ocean,30.000000,60.000000,0.151000,1103,2838447,727.806923,4.594741,87,0,0,87,0,77,0,0,77,0,0,0,0,0,0,110,0,0,110,0,9,0,9,0,24,63,121,24,54,109,2.991525,282.914593,4982.795940,0.000000,14.285714,9.917355,0,0,0,3596238.070838,21.293692,140.747993,6441.240410,1164.405013,313.970619,233.078579,3593951.281038,3588209.188743,1711.454211,8028.882095,575.335590,0.032378,0.008731,0.006481,99.936412,0.015998,13.863081,10.181423,2.363758,47.314646,98,0.308081,15,12,0,100.000000,0.742953,89.903846,2986.491669,1384.020202,1592.826938,-0.000000,461.239079
15900.000000,contribution,optical,hardware,1,1,1,0,priority,0.000500,180,15,hybrid,0.050000,4000.000000,6.087000,64.000000,500.000000,500.000000,2.000000,120.000000,0.400000,208,121,208,110,187,24,53,0,0,0,0,0,110,110,0,0,0.000000,1.000000,43.453696,clear-ocean,30.000000,60.000000,0.151000,1103,2838447,727.806923,4.577402,87,0,0,87,0,77,0,0,77,0,0,0,0,0,0,110,0,0,110,0,9,0,9,0,24,63,121,24,54,109,2.991525,282.914593,4982.795940,0.000000,14.285714,9.917355,0,0,0,3609835.172310,21.293692,140.747993,6441.240410,1168.541183,315.004661,233.308367,3607542.982510,3601800.890216,1716.854211,8034.282095,575.335590,0.032371,0.008726,0.006463,99.936502,0.015938,13.863081,10.181423,2.363758,47.181384,98,0.306918,15,12,0,100.000000,0.742953,89.903846,2986.491669,1378.797484,1506.720222,-0.000000,410.542675
15960.000000,contribution,optical,hardware,1,1,1,0,priority,0.000500,180,15,hybrid,0.050000,4000.000000,6.087000,64.000000,500.000000,500.000000,2.000000,120.000000,0.400000,208,121,208,110,187,24,53,0,0,0,0,0,110,110,0,0,0.000000,1.000000,43.453696,clear-ocean,30.000000,60.000000,0.151000,1103,2838447,727.806923,4.560194,87,0,0,87,0,77,0,0,77,0,0,0,0,0,0,110,0,0,110,0,9,0,9,0,24,63,121,24,54,109,2.991525,282.914593,4982.795940,0.000000,14.285714,9.917355,0,0,0,3623432.273783,21.293692,140.747993,6441.240410,1172.677354,316.038704,233.538154,3621134.683983,3615392.591688,1722.254211,8039.682095,575.335590,0.032364,0.008722,0.006445,99.936591,0.015878,13.863081,10.181423,2.363758,47.049123,98,0.305764,15,12,0,100.000000,0.742953,89.903846,2986.491669,1373.614035,1420.613506,-0.000000,344.623758
16020.000000,contribution,optical,hardware,1,1,1,0,priority,0.000500,180,15,hybrid,0.050000,4000.000000,6.087000,64.000000,500.000000,500.000000,2.000000,120.000000,0.400000,208,121,208,110,187,24,53,0,0,0,0,0,110,110,0,0,0.000000,1.000000,43.453696,clear-ocean,30.000000,60.000000,0.151000,1103,2838447,727.806923,4.543114,87,0,0,87,0,77,0,0,77,0,0,0,0,0,0,110,0,0,110,0,9,0,9,0,24,63,121,24,54,109,2.991525,282.914593,4982.795940,0.000000,14.285714,9.917355,0,0,0,3637029.375255,21.293692,140.747993,6441.240410,1176.813524,317.072746,233.767941,3634726.385455,3628984.293161,1727.654211,8045.082095,575.335590,0.032356,0.008718,0.006427,99.936679,0.015819,13.863081,10.181423,2.363758,46.917853,98,0.304619,15,12,0,100.000000,0.742953,89.903846,2986.491669,1368.469413,1334.506789,-0.000000,269.732701
16080.000000,contribution,optical,hardware,1,1,1,0,priority,0.000500,180,15,hybrid,0.050000,4000.000000,6.087000,64.000000,500.000000,500.000000,2.000000,120.000000,0.400000,208,121,208,110,187,24,53,0,0,0,0,0,110,110,0,0,0.000000,1.000000,43.453696,clear-ocean,30.000000,60.000000,0.151000,1103,2838447,727.806923,4.526162,87,0,0,87,0,77,0,0,77,0,0,0,0,0,0,110,0,0,110,0,9,0,9,0,24,63,121,24,54,109,2.991525,282.914593,4982.795940,0.000000,14.285714,9.917355,0,0,0,3650626.476728,21.293692,140.747993,6441.240410,1180.949694,318.106789,233.997728,3648318.086928,3642575.994633,1733.054211,8050.482095,575.335590,0.032349,0.008714,0.006410,99.936767,0.015760,13.863081,10.181423,2.363758,46.787562,98,0.303483,15,12,0,100.000000,0.742953,89.903846,2986.491669,1363.363184,1248.400073,-0.000000,192.970607
16140.000000,contribution,optical,hardware,1,1,1,0,priority,0.000500,180,15,hybrid,0.050000,4000.000000,6.087000,64.000000,500.000000,500.000000,2.000000,120.000000,0.400000,208,121,208,110,187,24,53,0,0,0,0,0,110,110,0,0,0.000000,1.000000,43.453696,clear-ocean,30.000000,60.000000,0.151000,1103,2838447,727.806923,4.509337,87,0,0,87,0,77,0,0,77,0,0,0,0,0,0,110,0,0,110,0,9,0,9,0,24,63,121,24,54,109,2.991525,282.914593,4982.795940,0.000000,14.285714,9.917355,0,0,0,3664223.578200,21.293692,140.747993,6441.240410,1185.085864,319.140831,234.227515,3661909.788400,3656167.696106,1738.454211,8055.882095,575.335590,0.032342,0.008710,0.006392,99.936855,0.015701,13.863081,10.181423,2.363758,46.658240,98,0.302354,15,12,0,100.000000,0.742953,89.903846,2986.491669,1358.294919,1162.293357,-0.000000,121.615989
16200.000000,contribution,optical,hardware,1,1,1,0,priority,0.000500,180,15,hybrid,0.050000,4000.000000,6.087000,64.000000,500.000000,500.000000,2.000000,120.000000,0.400000,208,121,208,110,187,24,53,0,0,0,0,0,110,110,0,0,0.000000,1.000000,43.453696,clear-ocean,30.000000,60.000000,0.151000,1103,2838447,727.806923,4.492635,87,0,0,87,0,77,0,0,77,0,0,0,0,0,0,110,0,0,110,0,9,0,9,0,24,63,121,24,54,109,2.991525,282.914593,4982.795940,0.000000,14.285714,9.917355,0,0,0,3677820.679673,21.293692,140.747993,6441.240410,1189.222034,320.174874,234.457303,3675501.489873,3669759.397578,1743.854211,8061.282095,575.335590,0.032335,0.008706,0.006375,99.936941,0.015643,13.863081,10.181423,2.363758,46.529877,98,0.301235,15,12,0,100.000000,0.742953,89.903846,2986.491669,1353.264198,1076.186641,-0.000000,62.434628
16260.000000,contribution,optical,hardware,1,1,1,0,priority,0.000500,180,15,hybrid,0.050000,4000.000000,6.087000,64.000000,500.000000,500.000000,2.000000,120.000000,0.400000,208,121,208,110,187,24,53,0,0,0,0,0,110,110,0,0,0.000000,1.000000,43.453696,clear-ocean,30.000000,60.000000,0.151000,1103,2838447,727.806923,4.476057,87,0,0,87,0,77,0,0,77,0,0,0,0,0,0,110,0,0,110,0,9,0,9,0,24,63,121,24,54,109,2.991525,282.914593,4982.795940,0.000000,14.285714,9.917355,0,0,0,3691417.781145,21.293692,140.747993,6441.240410,1193.358205,321.208917,234.687090,3689093.191345,3683351.099051,1749.254211,8066.682095,575.335590,0.032328,0.008702,0.006358,99.937027,0.015586,13.863081,10.181423,2.363758,46.402460,98,0.300123,15,12,0,100.000000,0.742953,89.903846,2986.491669,1348.270603,990.079925,-0.000000,21.038048
16320.000000,contribution,optical,hardware,1,1,1,0,priority,0.000500,180,15,hybrid,0.050000,4000.000000,6.087000,64.000000,500.000000,500.000000,2.000000,120.000000,0.400000,208,121,208,110,187,24,53,0,0,0,0,0,110,110,0,0,0.000000,1.000000,43.453696,clear-ocean,30.000000,60.000000,0.151000,1103,2838447,727.806923,4.459601,87,0,0,87,0,77,0,0,77,0,0,0,0,0,0,110,0,0,110,0,9,0,9,0,24,63,121,24,54,109,2.991525,282.914593,4982.795940,0.000000,14.285714,9.917355,0,0,0,3705014.882618,21.293692,140.747993,6441.240410,1197.494375,322.242959,234.916877,3702684.892818,3696942.800523,1754.654211,8072.082095,575.335590,0.032321,0.008697,0.006341,99.937113,0.015529,13.863081,10.181423,2.363758,46.275980,98,0.299020,15,12,0,100.000000,0.742953,89.903846,2986.491669,1343.313725,903.973209,-0.000000,1.351435
16380.000000,contribution,optical,hardware,1,1,1,0,priority,0.000500,180,15,hybrid,0.050000,4000.000000,6.087000,64.000000,500.000000,500.000000,2.000000,120.000000,0.400000,208,121,208,110,187,24,53,0,0,0,0,0,110,110,0,0,0.000000,1.000000,43.453696,clear-ocean,30.000000,60.000000,0.151000,1103,2838447,727.806923,4.443266,87,0,0,87,0,77,0,0,77,0,0,0,0,0,0,110,0,0,110,0,9,0,9,0,24,63,121,24,54,109,2.991525,282.914593,4982.795940,0.000000,14.285714,9.917355,0,0,0,3718611.984090,21.293692,140.747993,6441.240410,1201.630545,323.277002,235.146664,3716276.594290,3710534.501996,1760.054211,8077.482095,575.335590,0.032314,0.008693,0.006324,99.937197,0.015472,13.863081,10.181423,2.363758,46.150427,98,0.297924,15,12,0,100.000000,0.742953,89.903846,2986.491669,1338.393162,817.866493,0.000000,5.241457
16440.000000,contribution,optical,hardware,1,1,1,0,priority,0.000500,180,15,hybrid,0.050000,4000.000000,6.087000,64.000000,500.000000,500.000000,2.000000,120.000000,0.400000,208,121,208,110,187,24,53,0,0,0,0,0,110,110,0,0,0.000000,1.000000,43.453696,clear-ocean,30.000000,60.000000,0.151000,1103,2838447,727.806923,4.427049,87,0,0,87,0,77,0,0,77,0,0,0,0,0,0,110,0,0,110,0,9,0,9,0,24,63,121,24,54,109,2.991525,282.914593,4982.795940,0.000000,14.285714,9.917355,0,0,0,3732209.085563,21.293692,140.747993,6441.240410,1205.766715,324.311044,235.376452,3729868.295763,3724126.203468,1765.454211,8082.882095,575.335590,0.032307,0.008690,0.006307,99.937281,0.015415,13.863081,10.181423,2.363758,46.025791,98,0.296837,15,12,0,100.000000,0.742953,89.903846,2986.491669,1333.508516,731.759776,0.000000,32.339264
16500.000000,contribution,optical,hardware,1,1,1,0,priority,0.000500,180,15,hybrid,0.050000,4000.000000,6.087000,64.000000,500.000000,500.000000,2.000000,120.000000,0.400000,208,121,208,110,187,24,53,0,0,0,0,0,110,110,0,0,0.000000,1.000000,43.453696,clear-ocean,30.000000,60.000000,0.151000,1103,2838447,727.806923,4.410951,87,0,0,87,0,77,0,0,77,0,0,0,0,0,0,110,0,0,110,0,9,0,9,0,24,63,121,24,54,109,2.991525,282.914593,4982.795940,0.000000,14.285714,9.917355,0,0,0,3745806.187035,21.293692,140.747993,6441.240410,1209.902885,325.345087,235.606239,3743459.997235,3737717.904941,1770.854211,8088.282095,575.335590,0.032300,0.008686,0.006290,99.937365,0.015359,13.863081,10.181423,2.363758,45.902061,98,0.295758,15,12,0,100.000000,0.742953,89.903846,2986.491669,1328.659394,645.653060,0.000000,80.075468
16560.000000,contribution,optical,hardware,1,1,1,0,priority,0.000500,180,15,hybrid,0.050000,4000.000000,6.087000,64.000000,500.000000,500.000000,2.000000,120.000000,0.400000,208,121,208,110,187,24,53,0,0,0,0,0,110,110,0,0,0.000000,1.000000,43.453696,clear-ocean,30.000000,60.000000,0.151000,1103,2838447,727.806923,4.394969,87,0,0,87,0,77,0,0,77,0,0,0,0,0,0,110,0,0,110,0,9,0,9,0,24,63,121,24,54,109,2.991525,282.914593,4982.795940,0.000000,14.285714,9.917355,0,0,0,3759403.288508,21.293692,140.747993,6441.240410,1214.039056,326.379129,235.836026,3757051.698708,3751309.606413,1776.254211,8093.682095,575.335590,0.032293,0.008682,0.006273,99.937448,0.015304,13.863081,10.181423,2.363758,45.779227,98,0.294686,15,12,0,100.000000,0.742953,89.903846,2986.491669,1323.845411,559.546344,0.000000,143.923764
16620.000000,contribution,optical,hardware,1,1,1,0,priority,0.000500,180,15,hybrid,0.050000,4000.000000,6.087000,64.000000,500.000000,500.000000,2.000000,120.000000,0.400000,208,121,208,110,187,24,53,0,0,0,0,0,110,110,0,0,0.000000,1.000000,43.453696,clear-ocean,30.000000,60.000000,0.151000,1103,2838447,727.806923,4.379103,87,0,0,87,0,77,0,0,77,0,0,0,0,0,0,110,0,0,110,0,9,0,9,0,24,63,121,24,54,109,2.991525,282.914593,4982.795940,0.000000,14.285714,9.917355,0,0,0,3773000.389980,21.293692,140.747993,6441.240410,1218.175226,327.413172,236.065813,3770643.400180,3764901.307886,1781.654211,8099.082095,575.335590,0.032287,0.008678,0.006257,99.937530,0.015249,13.863081,10.181423,2.363758,45.657280,98,0.293622,15,12,0,100.000000,0.742953,89.903846,2986.491669,1319.066185,473.439628,0.000000,217.830114
16680.000000,contribution,optical,hardware,1,1,1,0,priority,0.000500,180,15,hybrid,0.050000,4000.000000,6.087000,64.000000,500.000000,500.000000,2.000000,120.000000,0.400000,208,121,208,110,187,24,53,0,0,0,0,0,110,110,0,0,0.000000,1.000000,43.453696,clear-ocean,30.000000,60.000000,0.151000,1103,2838447,727.806923,4.363351,87,0,0,87,0,77,0,0,77,0,0,0,0,0,0,110,0,0,110,0,9,0,9,0,24,63,121,24,54,109,2.991525,282.914593,4982.795940,0.000000,14.285714,9.917355,0,0,0,3786597.491453,21.293692,140.747993,6441.240410,1222.311396,328.447214,236.295601,3784235.101653,3778493.009358,1787.054211,8104.482095,575.335590,0.032280,0.008674,0.006240,99.937612,0.015194,13.863081,10.181423,2.363758,45.536211,98,0.292566,15,12,0,100.000000,0.742953,89.903846,2986.491669,1314.321343,387.332912,0.000000,294.786783
16740.000000,contribution,optical,hardware,1,1,1,0,priority,0.000500,180,15,hybrid,0.050000,4000.000000,6.087000,64.000000,500.000000,500.000000,2.000000,120.000000,0.400000,208,121,208,110,187,24,53,0,0,0,0,0,110,110,0,0,0.000000,1.000000,43.453696,clear-ocean,30.000000,60.000000,0.151000,1103,2838447,727.806923,4.347712,87,0,0,87,0,77,0,0,77,0,0,0,0,0,0,110,0,0,110,0,9,0,9,0,24,63,121,24,54,109,2.991525,282.914593,4982.795940,0.000000,14.285714,9.917355,0,0,0,3800194.592925,21.293692,140.747993,6441.240410,1226.447566,329.481257,236.525388,3797826.803125,3792084.710831,1792.454211,8109.882095,575.335590,0.032273,0.008670,0.006224,99.937693,0.015140,13.863081,10.181423,2.363758,45.416010,98,0.291517,15,12,0,100.000000,0.742953,89.903846,2986.491669,1309.610514,301.226196,0.000000,367.496810
16800.000000,contribution,optical,hardware,1,1,1,0,priority,0.000500,180,15,hybrid,0.050000,4000.000000,6.087000,64.000000,500.000000,500.000000,2.000000,120.000000,0.400000,208,121,208,110,187,24,53,0,0,0,0,0,110,110,0,0,0.000000,1.000000,43.453696,clear-ocean,30.000000,60.000000,0.151000,1103,2838447,727.806923,4.332184,87,0,0,87,0,77,0,0,77,0,0,0,0,0,0,110,0,0,110,0,9,0,9,0,24,63,121,24,54,109,2.991525,282.914593,4982.795940,0.000000,14.285714,9.917355,0,0,0,3813791.694398,21.293692,140.747993,6441.240410,1230.583736,330.515300,236.755175,3811418.504598,3805676.412303,1797.854211,8115.282095,575.335590,0.032267,0.008666,0.006208,99.937773,0.015086,13.863081,10.181423,2.363758,45.296667,98,0.290476,15,12,0,100.000000,0.742953,89.903846,2986.491669,1304.933333,215.119480,0.000000,429.065895
16860.000000,contribution,optical,hardware,1,1,1,0,priority,0.000500,180,15,hybrid,0.050000,4000.000000,6.087000,64.000000,500.000000,500.000000,2.000000,120.000000,0.400000,208,121,208,110,187,24,53,0,0,0,0,0,110,110,0,0,0.000000,1.000000,43.453696,clear-ocean,30.000000,60.000000,0.151000,1103,2838447,727.806923,4.316767,87,0,0,87,0,77,0,0,77,0,0,0,0,0,0,110,0,0,110,0,9,0,9,0,24,63,121,24,54,109,2.991525,282.914593,4982.795940,0.000000,14.285714,9.917355,0,0,0,3827388.795870,21.293692,140.747993,6441.240410,1234.719907,331.549342,236.984962,3825010.206070,3819268.113776,1803.254211,8120.682095,575.335590,0.032260,0.008663,0.006192,99.937853,0.015032,13.863081,10.181423,2.363758,45.178173,98,0.289442,15,12,0,100.000000,0.742953,89.903846,2986.491669,1300.289442,129.012763,0.000000,473.656111
16920.000000,contribution,optical,hardware,1,1,1,0,priority,0.000500,180,15,hybrid,0.050000,4000.000000,6.087000,64.000000,500.000000,500.000000,2.000000,120.000000,0.400000,208,121,208,110,187,24,53,0,0,0,0,0,110,110,0,0,0.000000,1.000000,43.453696,clear-ocean,30.000000,60.000000,0.151000,1103,2838447,727.806923,4.301459,87,0,0,87,0,77,0,0,77,0,0,0,0,0,0,110,0,0,110,0,9,0,9,0,24,63,121,24,54,109,2.991525,282.914593,4982.795940,0.000000,14.285714,9.917355,0,0,0,3840985.897343,21.293692,140.747993,6441.240410,1238.856077,332.583385,237.214750,3838601.907543,3832859.815248,1808.654211,8126.082095,575.335590,0.032254,0.008659,0.006176,99.937933,0.014979,13.863081,10.181423,2.363758,45.060520,98,0.288416,15,12,0,100.000000,0.742953,89.903846,2986.491669,1295.678487,42.906047,0.000000,497.039455
16980.000000,contribution,optical,hardware,1,1,1,0,priority,0.000500,180,15,hybrid,0.050000,4000.000000,6.087000,64.000000,500.000000,500.000000,2.000000,120.000000,0.400000,208,121,208,122,193,24,53,0,0,0,0,0,122,122,0,0,0.000000,1.000000,43.431679,clear-ocean,30.000000,60.000000,0.151000,1146,2994306,767.770769,4.521618,87,0,0,87,0,77,0,0,77,0,0,0,0,0,0,117,0,0,116,1,9,0,9,0,24,63,121,24,54,115,2.991525,282.914593,5603.800819,0.000000,14.285714,4.958678,0,0,0,3854958.048661,21.293692,140.747993,6816.290256,1242.992247,333.617427,251.844537,3852522.939477,3846451.516721,1828.454211,8506.531941,606.654974,0.032244,0.008654,0.006533,99.936832,0.015737,13.863081,10.181423,2.370884,44.909069,98,0.312132,15,0,5,100.000000,0.742953,92.788462,3418.581755,1361.771496,43.200669,0.000000,496.998739
17040.000000,contribution,optical,hardware,1,1,1,0,priority,0.000500,180,15,hybrid,0.050000,4000.000000,6.087000,64.000000,500.000000,500.000000,2.000000,120.000000,0.400000,208,121,208,122,199,24,53,0,0,0,0,0,122,122,0,0,0.000000,1.000000,43.431679,clear-ocean,30.000000,60.000000,0.151000,1187,3141891,805.613077,4.727776,87,0,0,87,0,77,0,0,77,0,0,0,0,0,0,122,0,0,122,0,9,0,9,0,24,63,121,24,54,121,2.991525,282.914593,6070.001856,0.000000,14.285714,0.000000,0,0,0,3868889.227672,21.293692,140.747993,7150.367795,1247.128417,334.651470,252.074324,3866417.399103,3860043.218193,1833.854211,8846.009479,637.974359,0.032235,0.008650,0.006515,99.936110,0.016490,13.863081,10.181423,2.363758,44.750939,98,0.318075,15,0,0,100.000000,0.742953,95.673077,3767.936729,1427.399061,129.307385,0.000000,473.537824
17100.000000,contribution,optical,hardware,1,1,1,0,priority,0.000500,180,15,hybrid,0.050000,4000.000000,6.087000,64.000000,500.000000,500.000000,2.000000,120.000000,0.400000,208,121,208,122,199,24,53,0,0,0,0,0,122,122,0,0,0.000000,1.000000,43.431679,clear-ocean,30.000000,60.000000,0.151000,1187,3141891,805.613077,4.711188,87,0,0,87,0,77,0,0,77,0,0,0,0,0,0,122,0,0,122,0,9,0,9,0,24,63,121,24,54,121,2.991525,282.914593,6070.001856,0.000000,14.285714,0.000000,0,0,0,3882486.329145,21.293692,140.747993,7150.367795,1251.264588,335.685512,252.304111,3880009.100576,3873634.919666,1839.254211,8851.409479,637.974359,0.032228,0.008646,0.006499,99.936195,0.016432,13.863081,10.181423,2.363758,44.593918,98,0.316959,15,0,0,100.000000,0.742953,95.673077,3767.936729,1422.390643,215.414101,0.000000,428.881252
17160.000000,contribution,optical,hardware,1,1,1,0,priority,0.000500,180,15,hybrid,0.050000,4000.000000,6.087000,64.000000,500.000000,500.000000,2.000000,120.000000,0.400000,208,121,208,122,199,24,53,0,0,0,0,0,122,122,0,0,0.000000,1.000000,43.431679,clear-ocean,30.000000,60.000000,0.151000,1187,3141891,805.613077,4.694715,87,0,0,87,0,77,0,0,77,0,0,0,0,0,0,122,0,0,122,0,9,0,9,0,24,63,121,24,54,121,2.991525,282.914593,6070.001856,0.000000,14.285714,0.000000,0,0,0,3896083.430617,21.293692,140.747993,7150.367795,1255.400758,336.719555,252.533898,3893600.802048,3887226.621138,1844.654211,8856.809479,637.974359,0.032222,0.008643,0.006482,99.936279,0.016375,13.863081,10.181423,2.363758,44.437995,98,0.315851,15,0,0,100.000000,0.742953,95.673077,3767.936729,1417.417249,301.520817,0.000000,367.263320
17220.000000,contribution,optical,hardware,1,1,1,0,priority,0.000500,180,15,hybrid,0.050000,4000.000000,6.087000,64.000000,500.000000,500.000000,2.000000,120.000000,0.400000,208,121,208,122,199,24,53,0,0,0,0,0,122,122,0,0,0.000000,1.000000,43.431679,clear-ocean,30.000000,60.000000,0.151000,1187,3141891,805.613077,4.678357,87,0,0,87,0,77,0,0,77,0,0,0,0,0,0,122,0,0,122,0,9,0,9,0,24,63,121,24,54,121,2.991525,282.914593,6070.001856,0.000000,14.285714,0.000000,0,0,0,3909680.532090,21.293692,140.747993,7150.367795,1259.536928,337.753597,252.763686,3907192.503521,3900818.322611,1850.054211,8862.209479,637.974359,0.032216,0.008639,0.006465,99.936362,0.016318,13.863081,10.181423,2.363758,44.283159,98,0.314750,15,0,0,100.000000,0.742953,95.673077,3767.936729,1412.478513,387.627533,0.000000,294.526585
17280.000000,contribution,optical,hardware,1,1,1,0,priority,0.000500,180,15,hybrid,0.050000,4000.000000,6.087000,64.000000,500.000000,500.000000,2.000000,120.000000,0.400000,208,121,208,122,199,24,53,0,0,0,0,0,122,122,0,0,0.000000,1.000000,43.431679,clear-ocean,30.000000,60.000000,0.151000,1187,3141891,805.613077,4.662113,87,0,0,87,0,77,0,0,77,0,0,0,0,0,0,122,0,0,122,0,9,0,9,0,24,63,121,24,54,121,2.991525,282.914593,6070.001856,0.000000,14.285714,0.000000,0,0,0,3923277.633562,21.293692,140.747993,7150.367795,1263.673098,338.787640,252.993473,3920784.204993,3914410.024083,1855.454211,8867.609479,637.974359,0.032210,0.008635,0.006449,99.936445,0.016261,13.863081,10.181423,2.363758,44.129398,98,0.313657,15,0,0,100.000000,0.742953,95.673077,3767.936729,1407.574074,473.734250,0.000000,217.567879
17340.000000,contribution,optical,hardware,1,1,1,0,priority,0.000500,180,15,hybrid,0.050000,4000.000000,6.087000,64.000000,500.000000,500.000000,2.000000,120.000000,0.400000,208,121,208,122,199,24,53,0,0,0,0,0,122,122,0,0,0.000000,1.000000,43.431679,clear-ocean,30.000000,60.000000,0.151000,1187,3141891,805.613077,4.645981,87,0,0,87,0,77,0,0,77,0,0,0,0,0,0,122,0,0,122,0,9,0,9,0,24,63,121,24,54,121,2.991525,282.914593,6070.001856,0.000000,14.285714,0.000000,0,0,0,3936874.735035,21.293692,140.747993,7150.367795,1267.809268,339.821682,253.223260,3934375.906466,3928001.725556,1860.854211,8873.009479,637.974359,0.032203,0.008632,0.006432,99.936528,0.016205,13.863081,10.181423,2.363758,43.976701,98,0.312572,15,0,0,100.000000,0.742953,95.673077,3767.936729,1402.703576,559.840966,0.000000,143.684357
17400.000000,contribution,optical,hardware,1,1,1,0,priority,0.000500,180,15,hybrid,0.050000,4000.000000,6.087000,64.000000,500.000000,500.000000,2.000000,120.000000,0.400000,208,121,208,122,199,24,53,0,0,0,0,0,122,122,0,0,0.000000,1.000000,43.431679,clear-ocean,30.000000,60.000000,0.151000,1187,3141891,805.613077,4.629960,87,0,0,87,0,77,0,0,77,0,0,0,0,0,0,122,0,0,122,0,9,0,9,0,24,63,121,24,54,121,2.991525,282.914593,6070.001856,0.000000,14.285714,0.000000,0,0,0,3950471.836507,21.293692,140.747993,7150.367795,1271.945439,340.855725,253.453047,3947967.607938,3941593.427028,1866.254211,8878.409479,637.974359,0.032197,0.008628,0.006416,99.936609,0.016149,13.863081,10.181423,2.363758,43.825057,98,0.311494,15,0,0,100.000000,0.742953,95.673077,3767.936729,1397.866667,645.947682,0.000000,79.881590
17460.000000,contribution,optical,hardware,1,1,1,0,priority,0.000500,180,15,hybrid,0.050000,4000.000000,6.087000,64.000000,500.000000,500.000000,2.000000,120.000000,0.400000,208,121,208,122,199,24,53,0,0,0,0,0,122,122,0,0,0.000000,1.000000,43.431679,clear-ocean,30.000000,60.000000,0.151000,1187,3141891,805.613077,4.614050,87,0,0,87,0,77,0,0,77,0,0,0,0,0,0,122,0,0,122,0,9,0,9,0,24,63,121,24,54,121,2.991525,282.914593,6070.001856,0.000000,14.285714,0.000000,0,0,0,3964068.937980,21.293692,140.747993,7150.367795,1276.081609,341.889768,253.682835,3961559.309411,3955185.128501,1871.654211,8883.809479,637.974359,0.032191,0.008625,0.006400,99.936691,0.016094,13.863081,10.181423,2.363758,43.674456,98,0.310424,15,0,0,100.000000,0.742953,95.673077,3767.936729,1393.063001,732.054398,0.000000,32.209298
17520.000000,contribution,optical,hardware,1,1,1,0,priority,0.000500,180,15,hybrid,0.050000,4000.000000,6.087000,64.000000,500.000000,500.000000,2.000000,120.000000,0.400000,208,121,208,122,199,24,53,0,0,0,0,0,122,122,0,0,0.000000,1.000000,43.431679,clear-ocean,30.000000,60.000000,0.151000,1187,3141891,805.613077,4.598248,87,0,0,87,0,77,0,0,77,0,0,0,0,0,0,122,0,0,122,0,9,0,9,0,24,63,121,24,54,121,2.991525,282.914593,6070.001856,0.000000,14.285714,0.000000,0,0,0,3977666.039452,21.293692,140.747993,7150.367795,1280.217779,342.923810,253.912622,3975151.010883,3968776.829973,1877.054211,8889.209479,637.974359,0.032185,0.008621,0.006383,99.936771,0.016039,13.863081,10.181423,2.363758,43.524886,98,0.309361,15,0,0,100.000000,0.742953,95.673077,3767.936729,1388.292237,818.161114,0.000000,5.187726
17580.000000,contribution,optical,hardware,1,1,1,0,priority,0.000500,180,15,hybrid,0.050000,4000.000000,6.087000,64.000000,500.000000,500.000000,2.000000,120.000000,0.400000,208,121,208,122,199,24,53,0,0,0,0,0,122,122,0,0,0.000000,1.000000,43.431679,clear-ocean,30.000000,60.000000,0.151000,1187,3141891,805.613077,4.582554,87,0,0,87,0,77,0,0,77,0,0,0,0,0,0,122,0,0,122,0,9,0,9,0,24,63,121,24,54,121,2.991525,282.914593,6070.001856,0.000000,14.285714,0.000000,0,0,0,3991263.140925,21.293692,140.747993,7150.367795,1284.353949,343.957853,254.142409,3988742.712356,3982368.531446,1882.454211,8894.609479,637.974359,0.032179,0.008618,0.006367,99.936851,0.015984,13.863081,10.181423,2.363758,43.376337,98,0.308305,15,0,0,100.000000,0.742953,95.673077,3767.936729,1383.554039,904.267830,-0.000000,1.379034
17640.000000,contribution,optical,hardware,1,1,1,0,priority,0.000500,180,15,hybrid,0.050000,4000.000000,6.087000,64.000000,500.000000,500.000000,2.000000,120.000000,0.400000,208,121,208,122,199,24,53,0,0,0,0,0,122,122,0,0,0.000000,1.000000,43.431679,clear-ocean,30.000000,60.000000,0.151000,1187,3141891,805.613077,4.566968,87,0,0,87,0,77,0,0,77,0,0,0,0,0,0,122,0,0,122,0,9,0,9,0,24,63,121,24,54,121,2.991525,282.914593,6070.001856,0.000000,14.285714,0.000000,0,0,0,4004860.242397,21.293692,140.747993,7150.367795,1288.490119,344.991895,254.372196,4002334.413828,3995960.232918,1887.854211,8900.009479,637.974359,0.032173,0.008614,0.006352,99.936931,0.015930,13.863081,10.181423,2.363758,43.228798,98,0.307256,15,0,0,100.000000,0.742953,95.673077,3767.936729,1378.848073,990.374546,-0.000000,21.144360
17700.000000,contribution,optical,hardware,1,1,1,0,priority,0.000500,180,15,hybrid,0.050000,4000.000000,6.087000,64.000000,500.000000,500.000000,2.000000,120.000000,0.400000,208,121,208,122,199,24,53,0,0,0,0,0,122,122,0,0,0.000000,1.000000,43.431679,clear-ocean,30.000000,60.000000,0.151000,1187,3141891,805.613077,4.551486,87,0,0,87,0,77,0,0,77,0,0,0,0,0,0,122,0,0,122,0,9,0,9,0,24,63,121,24,54,121,2.991525,282.914593,6070.001856,0.000000,14.285714,0.000000,0,0,0,4018457.343870,21.293692,140.747993,7150.367795,1292.626290,346.025938,254.601984,4015926.115301,4009551.934391,1893.254211,8905.409479,637.974359,0.032167,0.008611,0.006336,99.937010,0.015876,13.863081,10.181423,2.363758,43.082260,98,0.306215,15,0,0,100.000000,0.742953,95.673077,3767.936729,1374.174011,1076.481263,-0.000000,62.609573
17760.000000,contribution,optical,hardware,1,1,1,0,priority,0.000500,180,15,hybrid,0.050000,4000.000000,6.087000,64.000000,500.000000,500.000000,2.000000,120.000000,0.400000,208,121,208,122,199,24,53,0,0,0,0,0,122,122,0,0,0.000000,1.000000,43.431679,clear-ocean,30.000000,60.000000,0.151000,1187,3141891,805.613077,4.536110,87,0,0,87,0,77,0,0,77,0,0,0,0,0,0,122,0,0,122,0,9,0,9,0,24,63,121,24,54,121,2.991525,282.914593,6070.001856,0.000000,14.285714,0.000000,0,0,0,4032054.445342,21.293692,140.747993,7150.367795,1296.762460,347.059980,254.831771,4029517.816773,4023143.635863,1898.654211,8910.809479,637.974359,0.032161,0.008608,0.006320,99.937088,0.015823,13.863081,10.181423,2.363758,42.936712,98,0.305180,15,0,0,100.000000,0.742953,95.673077,3767.936729,1369.531532,1162.587979,-0.000000,121.842978
17820.000000,contribution,optical,hardware,1,1,1,0,priority,0.000500,180,15,hybrid,0.050000,4000.000000,6.087000,64.000000,500.000000,500.000000,2.000000,120.000000,0.400000,208,121,208,122,199,24,53,0,0,0,0,0,122,122,0,0,0.000000,1.000000,43.431679,clear-ocean,30.000000,60.000000,0.151000,1187,3141891,805.613077,4.520837,87,0,0,87,0,77,0,0,77,0,0,0,0,0,0,122,0,0,122,0,9,0,9,0,24,63,121,24,54,121,2.991525,282.914593,6070.001856,0.000000,14.285714,0.000000,0,0,0,4045651.546815,21.293692,140.747993,7150.367795,1300.898630,348.094023,255.061558,4043109.518246,4036735.337336,1904.054211,8916.209479,637.974359,0.032155,0.008604,0.006305,99.937166,0.015769,13.863081,10.181423,2.363758,42.792144,98,0.304153,15,0,0,100.000000,0.742953,95.673077,3767.936729,1364.920314,1248.694695,-0.000000,193.228118
17880.000000,contribution,optical,hardware,1,1,1,0,priority,0.000500,180,15,hybrid,0.050000,4000.000000,6.087000,64.000000,500.000000,500.000000,2.000000,120.000000,0.400000,208,121,208,122,199,24,53,0,0,0,0,0,122,122,0,0,0.000000,1.000000,43.431679,clear-ocean,30.000000,60.000000,0.151000,1187,3141891,805.613077,4.505666,87,0,0,87,0,77,0,0,77,0,0,0,0,0,0,122,0,0,122,0,9,0,9,0,24,63,121,24,54,121,2.991525,282.914593,6070.001856,0.000000,14.285714,0.000000,0,0,0,4059248.648287,21.293692,140.747993,7150.367795,1305.034800,349.128065,255.291345,4056701.219718,4050327.038808,1909.454211,8921.609479,637.974359,0.032150,0.008601,0.006289,99.937244,0.015717,13.863081,10.181423,2.363758,42.648546,98,0.303132,15,0,0,100.000000,0.742953,95.673077,3767.936729,1360.340045,1334.801411,-0.000000,269.996317
17940.000000,contribution,optical,hardware,1,1,1,0,priority,0.000500,180,15,hybrid,0.050000,4000.000000,6.087000,64.000000,500.000000,500.000000,2.000000,120.000000,0.400000,208,121,208,122,199,24,53,0,0,0,0,0,122,122,0,0,0.000000,1.000000,43.431679,clear-ocean,30.000000,60.000000,0.151000,1187,3141891,805.613077,4.490597,87,0,0,87,0,77,0,0,77,0,0,0,0,0,0,122,0,0,122,0,9,0,9,0,24,63,121,24,54,121,2.991525,282.914593,6070.001856,0.000000,14.285714,0.000000,0,0,0,4072845.749760,21.293692,140.747993,7150.367795,1309.170971,350.162108,255.521133,4070292.921191,4063918.740281,1914.854211,8927.009479,637.974359,0.032144,0.008597,0.006274,99.937321,0.015664,13.863081,10.181423,2.363758,42.505909,98,0.302118,15,0,0,100.000000,0.742953,95.673077,3767.936729,1355.790412,1420.908127,-0.000000,344.868482
18000.000000,contribution,optical,hardware,1,1,1,0,priority,0.000500,180,15,hybrid,0.050000,4000.000000,6.087000,64.000000,500.000000,500.000000,2.000000,120.000000,0.400000,208,121,208,122,199,24,53,0,0,0,0,0,122,122,0,0,0.000000,1.000000,43.431679,clear-ocean,30.000000,60.000000,0.151000,1187,3141891,805.613077,4.475628,87,0,0,87,0,77,0,0,77,0,0,0,0,0,0,122,0,0,122,0,9,0,9,0,24,63,121,24,54,121,2.991525,282.914593,6070.001856,0.000000,14.285714,0.000000,0,0,0,4086442.851232,21.293692,140.747993,7150.367795,1313.307141,351.196151,255.750920,4083884.622663,4077510.441753,1920.254211,8932.409479,637.974359,0.032138,0.008594,0.006259,99.937397,0.015612,13.863081,10.181423,2.363758,42.364222,98,0.301111,15,0,0,100.000000,0.742953,95.673077,3767.936729,1351.271111,1507.014843,-0.000000,410.745304
18060.000000,contribution,optical,hardware,1,1,1,0,priority,0.000500,180,15,hybrid,0.050000,4000.000000,6.087000,64.000000,500.000000,500.000000,2.000000,120.000000,0.400000,208,121,208,122,199,24,53,0,0,0,0,0,122,122,0,0,0.000000,1.000000,43.431679,clear-ocean,30.000000,60.000000,0.151000,1187,3141891,805.613077,4.460759,87,0,0,87,0,77,0,0,77,0,0,0,0,0,0,122,0,0,122,0,9,0,9,0,24,63,121,24,54,121,2.991525,282.914593,6070.001856,0.000000,14.285714,0.000000,0,0,0,4100039.952705,21.293692,140.747993,7150.367795,1317.443311,352.230193,255.980707,4097476.324136,4091102.143226,1925.654211,8937.809479,637.974359,0.032132,0.008591,0.006243,99.937473,0.015560,13.863081,10.181423,2.363758,42.223477,98,0.300111,15,0,0,100.000000,0.742953,95.673077,3767.936729,1346.781838,1593.121559,-0.000000,461.380399
18120.000000,contribution,optical,hardware,1,1,1,0,priority,0.000500,180,15,hybrid,0.050000,4000.000000,6.087000,64.000000,500.000000,500.000000,2.000000,120.000000,0.400000,208,121,208,122,199,24,53,0,0,0,0,0,122,122,0,0,0.000000,1.000000,43.431679,clear-ocean,30.000000,60.000000,0.151000,1187,3141891,805.613077,4.445988,87,0,0,87,0,77,0,0,77,0,0,0,0,0,0,122,0,0,122,0,9,0,9,0,24,63,121,24,54,121,2.991525,282.914593,6070.001856,0.000000,14.285714,0.000000,0,0,0,4113637.054177,21.293692,140.747993,7150.367795,1321.579481,353.264236,256.210494,4111068.025608,4104693.844698,1931.054211,8943.209479,637.974359,0.032127,0.008588,0.006228,99.937548,0.015509,13.863081,10.181423,2.363758,42.083664,98,0.299117,15,0,0,100.000000,0.742953,95.673077,3767.936729,1342.322296,1679.228276,-0.000000,491.972594
18180.000000,contribution,optical,hardware,1,1,1,0,priority,0.000500,180,15,hybrid,0.050000,4000.000000,6.087000,64.000000,500.000000,500.000000,2.000000,120.000000,0.400000,208,121,208,122,199,24,53,0,0,0,0,0,122,122,0,0,0.000000,1.000000,43.431679,clear-ocean,30.000000,60.000000,0.151000,1187,3141891,805.613077,4.431315,87,0,0,87,0,77,0,0,77,0,0,0,0,0,0,122,0,0,122,0,9,0,9,0,24,63,121,24,54,121,2.991525,282.914593,6070.001856,0.000000,14.285714,0.000000,0,0,0,4127234.155650,21.293692,140.747993,7150.367795,1325.715651,354.298278,256.440281,4124659.727081,4118285.546171,1936.454211,8948.609479,637.974359,0.032121,0.008584,0.006213,99.937623,0.015458,13.863081,10.181423,2.363758,41.944774,98,0.298130,15,0,0,100.000000,0.742953,95.673077,3767.936729,1337.892189,1765.334992,0.000000,499.621164
18240.000000,contribution,optical,hardware,1,1,1,0,priority,0.000500,180,15,hybrid,0.050000,4000.000000,6.087000,64.000000,500.000000,500.000000,2.000000,120.000000,0.400000,208,121,208,122,199,24,53,0,0,0,0,0,122,122,0,0,0.000000,1.000000,43.431679,clear-ocean,30.000000,60.000000,0.151000,1187,3141891,805.613077,4.416738,87,0,0,87,0,77,0,0,77,0,0,0,0,0,0,122,0,0,122,0,9,0,9,0,24,63,121,24,54,121,2.991525,282.914593,6070.001856,0.000000,14.285714,0.000000,0,0,0,4140831.257122,21.293692,140.747993,7150.367795,1329.851822,355.332321,256.670069,4138251.428553,4131877.247643,1941.854211,8954.009479,637.974359,0.032116,0.008581,0.006199,99.937698,0.015407,13.863081,10.181423,2.363758,41.806798,98,0.297149,15,0,0,100.000000,0.742953,95.673077,3767.936729,1333.491228,1851.441708,0.000000,483.600879
18300.000000,contribution,optical,hardware,1,1,1,0,priority,0.000500,180,15,hybrid,0.050000,4000.000000,6.087000,64.000000,500.000000,500.000000,2.000000,120.000000,0.400000,208,121,208,122,199,24,53,0,0,0,0,0,122,122,0,0,0.000000,1.000000,43.431679,clear-ocean,30.000000,60.000000,0.151000,1187,3141891,805.613077,4.402257,87,0,0,87,0,77,0,0,77,0,0,0,0,0,0,122,0,0,122,0,9,0,9,0,24,63,121,24,54,121,2.991525,282.914593,6070.001856,0.000000,14.285714,0.000000,0,0,0,4154428.358595,21.293692,140.747993,7150.367795,1333.987992,356.366363,256.899856,4151843.130026,4145468.949116,1947.254211,8959.409479,637.974359,0.032110,0.008578,0.006184,99.937772,0.015356,13.863081,10.181423,2.363758,41.669727,98,0.296175,15,0,0,100.000000,0.742953,95.673077,3767.936729,1329.119126,1937.548424,0.000000,445.430767
18360.000000,contribution,optical,hardware,1,1,1,0,priority,0.000500,180,15,hybrid,0.050000,4000.000000,6.087000,64.000000,500.000000,500.000000,2.000000,120.000000,0.400000,208,121,208,122,199,24,53,0,0,0,0,0,122,122,0,0,0.000000,1.000000,43.431679,clear-ocean,30.000000,60.000000,0.151000,1187,3141891,805.613077,4.387871,87,0,0,87,0,77,0,0,77,0,0,0,0,0,0,122,0,0,122,0,9,0,9,0,24,63,121,24,54,121,2.991525,282.914593,6070.001856,0.000000,14.285714,0.000000,0,0,0,4168025.460067,21.293692,140.747993,7150.367795,1338.124162,357.400406,257.129643,4165434.831498,4159060.650588,1952.654211,8964.809479,637.974359,0.032105,0.008575,0.006169,99.937845,0.015306,13.863081,10.181423,2.363758,41.533551,98,0.295207,15,0,0,100.000000,0.742953,95.673077,3767.936729,1324.775599,2023.655140,0.000000,388.730085
18420.000000,contribution,optical,hardware,1,1,1,0,priority,0.000500,180,15,hybrid,0.050000,4000.000000,6.087000,64.000000,500.000000,500.000000,2.000000,120.000000,0.400000,208,121,208,122,199,24,53,0,0,0,0,0,122,122,0,0,0.000000,1.000000,43.431679,clear-ocean,30.000000,60.000000,0.151000,1187,3141891,805.613077,4.373578,87,0,0,87,0,77,0,0,77,0,0,0,0,0,0,122,0,0,122,0,9,0,9,0,24,63,121,24,54,121,2.991525,282.914593,6070.001856,0.000000,14.285714,0.000000,0,0,0,4181622.561540,21.293692,140.747993,7150.367795,1342.260332,358.434448,257.359430,4179026.532971,4172652.352061,1958.054211,8970.209479,637.974359,0.032099,0.008572,0.006155,99.937918,0.015257,13.863081,10.181423,2.363758,41.398263,98,0.294245,15,0,0,100.000000,0.742953,95.673077,3767.936729,1320.460369,2109.761856,0.000000,318.875141
18480.000000,contribution,optical,hardware,1,1,1,0,priority,0.000500,180,15,hybrid,0.050000,4000.000000,6.087000,64.000000,500.000000,500.000000,2.000000,120.000000,0.400000,208,121,208,122,199,24,53,0,0,0,0,0,122,122,0,0,0.000000,1.000000,43.431679,clear-ocean,30.000000,60.000000,0.151000,1187,3141891,805.613077,4.359378,87,0,0,87,0,77,0,0,77,0,0,0,0,0,0,122,0,0,122,0,9,0,9,0,24,63,121,24,54,121,2.991525,282.914593,6070.001856,0.000000,14.285714,0.000000,0,0,0,4195219.663012,21.293692,140.747993,7150.367795,1346.396502,359.468491,257.589218,4192618.234443,4186244.053533,1963.454211,8975.609479,637.974359,0.032094,0.008569,0.006140,99.937991,0.015207,13.863081,10.181423,2.363758,41.263853,98,0.293290,15,0,0,100.000000,0.742953,95.673077,3767.936729,1316.173160,2195.868573,0.000000,242.489517
18540.000000,contribution,optical,hardware,1,1,1,0,priority,0.000500,180,15,hybrid,0.050000,4000.000000,6.087000,64.000000,500.000000,500.000000,2.000000,120.000000,0.400000,208,121,208,122,199,24,53,0,0,0,0,0,122,122,0,0,0.000000,1.000000,43.431679,clear-ocean,30.000000,60.000000,0.151000,1187,3141891,805.613077,4.345270,87,0,0,87,0,77,0,0,77,0,0,0,0,0,0,122,0,0,122,0,9,0,9,0,24,63,121,24,54,121,2.991525,282.914593,6070.001856,0.000000,14.285714,0.000000,0,0,0,4208816.764485,21.293692,140.747993,7150.367795,1350.532673,360.502534,257.819005,4206209.935916,4199835.755006,1968.854211,8981.009479,637.974359,0.032088,0.008565,0.006126,99.938063,0.015158,13.863081,10.181423,2.363758,41.130313,98,0.292341,15,0,0,100.000000,0.742953,95.673077,3767.936729,1311.913700,2281.975289,0.000000,166.816031
18600.000000,contribution,optical,hardware,1,1,1,0,priority,0.000500,180,15,hybrid,0.050000,4000.000000,6.087000,64.000000,500.000000,500.000000,2.000000,120.000000,0.400000,208,121,208,122,199,24,53,0,0,0,0,0,122,122,0,0,0.000000,1.000000,43.431679,clear-ocean,30.000000,60.000000,0.151000,1187,3141891,805.613077,4.331253,87,0,0,87,0,77,0,0,77,0,0,0,0,0,0,122,0,0,122,0,9,0,9,0,24,63,121,24,54,121,2.991525,282.914593,6070.001856,0.000000,14.285714,0.000000,0,0,0,4222413.865957,21.293692,140.747993,7150.367795,1354.668843,361.536576,258.048792,4219801.637388,4213427.456478,1974.254211,8986.409479,637.974359,0.032083,0.008562,0.006111,99.938134,0.015109,13.863081,10.181423,2.363758,40.997634,98,0.291398,15,0,0,100.000000,0.742953,95.673077,3767.936729,1307.681720,2368.082005,0.000000,99.029974
18660.000000,contribution,optical,hardware,1,1,1,0,priority,0.000500,180,15,hybrid,0.050000,4000.000000,6.087000,64.000000,500.000000,500.000000,2.000000,120.000000,0.400000,208,121,208,122,199,24,53,0,0,0,0,0,122,122,0,0,0.000000,1.000000,43.431679,clear-ocean,30.000000,60.000000,0.151000,1187,3141891,805.613077,4.317326,87,0,0,87,0,77,0,0,77,0,0,0,0,0,0,122,0,0,122,0,9,0,9,0,24,63,121,24,54,121,2.991525,282.914593,6070.001856,0.000000,14.285714,0.000000,0,0,0,4236010.967430,21.293692,140.747993,7150.367795,1358.805013,362.570619,258.278579,4233393.338861,4227019.157951,1979.654211,8991.809479,637.974359,0.032077,0.008559,0.006097,99.938205,0.015061,13.863081,10.181423,2.363758,40.865809,98,0.290461,15,0,0,100.000000,0.742953,95.673077,3767.936729,1303.476956,2454.188721,0.000000,45.558759
18720.000000,contribution,optical,hardware,1,1,1,0,priority,0.000500,180,15,hybrid,0.050000,4000.000000,6.087000,64.000000,500.000000,500.000000,2.000000,120.000000,0.400000,208,121,208,122,199,24,53,0,0,0,0,0,122,122,0,0,0.000000,1.000000,43.431679,clear-ocean,30.000000,60.000000,0.151000,1187,3141891,805.613077,4.303489,87,0,0,87,0,77,0,0,77,0,0,0,0,0,0,122,0,0,122,0,9,0,9,0,24,63,121,24,54,121,2.991525,282.914593,6070.001856,0.000000,14.285714,0.000000,0,0,0,4249608.068902,21.293692,140.747993,7150.367795,1362.941183,363.604661,258.508367,4246985.040333,4240610.859423,1985.054211,8997.209479,637.974359,0.032072,0.008556,0.006083,99.938276,0.015013,13.863081,10.181423,2.363758,40.734829,98,0.289530,15,0,0,100.000000,0.742953,95.673077,3767.936729,1299.299145,2540.295437,0.000000,11.472481
18780.000000,contribution,optical,hardware,1,1,1,0,priority,0.000500,180,15,hybrid,0.050000,4000.000000,6.087000,64.000000,500.000000,500.000000,2.000000,120.000000,0.400000,208,121,208,122,199,24,53,0,0,0,0,0,122,122,0,0,0.000000,1.000000,43.431679,clear-ocean,30.000000,60.000000,0.151000,1187,3141891,805.613077,4.289739,87,0,0,87,0,77,0,0,77,0,0,0,0,0,0,122,0,0,122,0,9,0,9,0,24,63,121,24,54,121,2.991525,282.914593,6070.001856,0.000000,14.285714,0.000000,0,0,0,4263205.170375,21.293692,140.747993,7150.367795,1367.077354,364.638704,258.738154,4260576.741806,4254202.560896,1990.454211,9002.609479,637.974359,0.032067,0.008553,0.006069,99.938346,0.014965,13.863081,10.181423,2.363758,40.604686,98,0.288605,15,0,0,100.000000,0.742953,95.673077,3767.936729,1295.148030,2626.402153,-0.000000,0.003168
18840.000000,contribution,optical,hardware,1,1,1,0,priority,0.000500,180,15,hybrid,0.050000,4000.000000,6.087000,64.000000,500.000000,500.000000,2.000000,120.000000,0.400000,208,121,208,122,199,24,53,0,0,0,0,0,122,122,0,0,0.000000,1.000000,43.431679,clear-ocean,30.000000,60.000000,0.151000,1187,3141891,805.613077,4.276078,87,0,0,87,0,77,0,0,77,0,0,0,0,0,0,122,0,0,122,0,9,0,9,0,24,63,121,24,54,121,2.991525,282.914593,6070.001856,0.000000,14.285714,0.000000,0,0,0,4276802.271847,21.293692,140.747993,7150.367795,1371.213524,365.672746,258.967941,4274168.443278,4267794.262368,1995.854211,9008.009479,637.974359,0.032062,0.008550,0.006055,99.938416,0.014917,13.863081,10.181423,2.363758,40.475372,98,0.287686,15,0,0,100.000000,0.742953,95.673077,3767.936729,1291.023355,2712.508869,-0.000000,12.238331
18900.000000,contribution,optical,hardware,1,1,1,0,priority,0.000500,180,15,hybrid,0.050000,4000.000000,6.087000,64.000000,500.000000,500.000000,2.000000,120.000000,0.400000,208,121,208,122,199,24,53,0,0,0,0,0,122,122,0,0,0.000000,1.000000,43.431679,clear-ocean,30.000000,60.000000,0.151000,1187,3141891,805.613077,4.262503,87,0,0,87,0,77,0,0,77,0,0,0,0,0,0,122,0,0,122,0,9,0,9,0,24,63,121,24,54,121,2.991525,282.914593,6070.001856,0.000000,14.285714,0.000000,0,0,0,4290399.373320,21.293692,140.747993,7150.367795,1375.349694,366.706789,259.197728,4287760.144751,4281385.963841,2001.254211,9013.409479,637.974359,0.032056,0.008547,0.006041,99.938485,0.014870,13.863081,10.181423,2.363758,40.346878,98,0.286772,15,0,0,100.000000,0.742953,95.673077,3767.936729,1286.924868,2798.615586,-0.000000,47.017843
18960.000000,contribution,optical,hardware,1,1,1,0,priority,0.000500,180,15,hybrid,0.050000,4000.000000,6.087000,64.000000,500.000000,500.000000,2.000000,120.000000,0.400000,208,121,208,122,199,24,53,0,0,0,0,0,122,122,0,0,0.000000,1.000000,43.431679,clear-ocean,30.000000,60.000000,0.151000,1187,3141891,805.613077,4.249014,87,0,0,87,0,77,0,0,77,0,0,0,0,0,0,122,0,0,122,0,9,0,9,0,24,63,121,24,54,121,2.991525,282.914593,6070.001856,0.000000,14.285714,0.000000,0,0,0,4303996.474792,21.293692,140.747993,7150.367795,1379.485864,367.740831,259.427515,4301351.846223,4294977.665314,2006.654211,9018.809479,637.974359,0.032051,0.008544,0.006028,99.938554,0.014823,13.863081,10.181423,2.363758,40.219198,98,0.285865,15,0,0,100.000000,0.742953,95.673077,3767.936729,1282.852321,2884.722302,-0.000000,101.043941
19020.000000,contribution,optical,hardware,1,1,1,0,priority,0.000500,180,15,hybrid,0.050000,4000.000000,6.087000,64.000000,500.000000,500.000000,2.000000,120.000000,0.400000,208,121,208,122,199,24,53,0,0,0,0,0,122,122,0,0,0.000000,1.000000,43.431679,clear-ocean,30.000000,60.000000,0.151000,1187,3141891,805.613077,4.235610,87,0,0,87,0,77,0,0,77,0,0,0,0,0,0,122,0,0,122,0,9,0,9,0,24,63,121,24,54,121,2.991525,282.914593,6070.001856,0.000000,14.285714,0.000000,0,0,0,4317593.576265,21.293692,140.747993,7150.367795,1383.622034,368.774874,259.657303,4314943.547696,4308569.366786,2012.054211,9024.209479,637.974359,0.032046,0.008541,0.006014,99.938623,0.014776,13.863081,10.181423,2.363758,40.092324,98,0.284963,15,0,0,100.000000,0.742953,95.673077,3767.936729,1278.805468,2970.829018,-0.000000,169.193920
19080.000000,contribution,optical,hardware,1,1,1,0,priority,0.000500,180,15,hybrid,0.050000,4000.000000,6.087000,64.000000,500.000000,500.000000,2.000000,120.000000,0.400000,208,121,208,122,199,24,53,0,0,0,0,0,122,122,0,0,0.000000,1.000000,43.431679,clear-ocean,30.000000,60.000000,0.151000,1187,3141891,805.613077,4.222291,87,0,0,87,0,77,0,0,77,0,0,0,0,0,0,122,0,0,122,0,9,0,9,0,24,63,121,24,54,121,2.991525,282.914593,6070.001856,0.000000,14.285714,0.000000,0,0,0,4331190.677737,21.293692,140.747993,7150.367795,1387.758205,369.808917,259.887090,4328535.249169,4322161.068259,2017.454211,9029.609479,637.974359,0.032041,0.008538,0.006000,99.938691,0.014730,13.863081,10.181423,2.363758,39.966247,98,0.284067,15,0,0,100.000000,0.742953,95.673077,3767.936729,1274.784067,3056.935734,-0.000000,245.005859
19140.000000,contribution,optical,hardware,1,1,1,0,priority,0.000500,180,15,hybrid,0.050000,4000.000000,6.087000,64.000000,500.000000,500.000000,2.000000,120.000000,0.400000,208,121,208,122,199,24,53,0,0,0,0,0,122,122,0,0,0.000000,1.000000,43.431679,clear-ocean,30.000000,60.000000,0.151000,1187,3141891,805.613077,4.209055,87,0,0,87,0,77,0,0,77,0,0,0,0,0,0,122,0,0,122,0,9,0,9,0,24,63,121,24,54,121,2.991525,282.914593,6070.001856,0.000000,14.285714,0.000000,0,0,0,4344787.779210,21.293692,140.747993,7150.367795,1391.894375,370.842959,260.116877,4342126.950641,4335752.769731,2022.854211,9035.009479,637.974359,0.032036,0.008535,0.005987,99.938758,0.014684,13.863081,10.181423,2.363758,39.840961,98,0.283177,15,0,0,100.000000,0.742953,95.673077,3767.936729,1270.787879,3143.042450,-0.000000,321.291337
19200.000000,contribution,optical,hardware,1,1,1,0,priority,0.000500,180,15,hybrid,0.050000,4000.000000,6.087000,64.000000,500.000000,500.000000,2.000000,120.000000,0.400000,208,121,208,122,199,24,53,0,0,0,0,0,122,122,0,0,0.000000,1.000000,43.431679,clear-ocean,30.000000,60.000000,0.151000,1187,3141891,805.613077,4.195901,87,0,0,87,0,77,0,0,77,0,0,0,0,0,0,122,0,0,122,0,9,0,9,0,24,63,121,24,54,121,2.991525,282.914593,6070.001856,0.000000,14.285714,0.000000,0,0,0,4358384.880683,21.293692,140.747993,7150.367795,1396.030545,371.877002,260.346664,4355718.652114,4349344.471204,2028.254211,9040.409479,637.974359,0.032031,0.008532,0.005973,99.938825,0.014638,13.863081,10.181423,2.363758,39.716458,98,0.282292,15,0,0,100.000000,0.742953,95.673077,3767.936729,1266.816667,3229.149166,-0.000000,390.817035
19260.000000,contribution,optical,hardware,1,1,1,0,priority,0.000500,180,15,hybrid,0.050000,4000.000000,6.087000,64.000000,500.000000,500.000000,2.000000,120.000000,0.400000,208,121,208,122,199,24,53,0,0,0,0,0,122,122,0,0,0.000000,1.000000,43.431679,clear-ocean,30.000000,60.000000,0.151000,1187,3141891,805.613077,4.182830,87,0,0,87,0,77,0,0,77,0,0,0,0,0,0,122,0,0,122,0,9,0,9,0,24,63,121,24,54,121,2.991525,282.914593,6070.001856,0.000000,14.285714,0.000000,0,0,0,4371981.982155,21.293692,140.747993,7150.367795,1400.166715,372.911044,260.576452,4369310.353586,4362936.172676,2033.654211,9045.809479,637.974359,0.032026,0.008530,0.005960,99.938892,0.014592,13.863081,10.181423,2.363758,39.592731,98,0.281412,15,0,0,100.000000,0.742953,95.673077,3767.936729,1262.870197,3315.255882,-0.000000,446.990588
19320.000000,contribution,optical,hardware,1,1,1,0,priority,0.000500,180,15,hybrid,0.050000,4000.000000,6.087000,64.000000,500.000000,500.000000,2.000000,120.000000,0.400000,208,121,208,122,199,24,53,0,0,0,0,0,122,122,0,0,0.000000,1.000000,43.431679,clear-ocean,30.000000,60.000000,0.151000,1187,3141891,805.613077,4.169840,87,0,0,87,0,77,0,0,77,0,0,0,0,0,0,122,0,0,122,0,9,0,9,0,24,63,121,24,54,121,2.991525,282.914593,6070.001856,0.000000,14.285714,0.000000,0,0,0,4385579.083628,21.293692,140.747993,7150.367795,1404.302885,373.945087,260.806239,4382902.055059,4376527.874149,2039.054211,9051.209479,637.974359,0.032021,0.008527,0.005947,99.938958,0.014547,13.863081,10.181423,2.363758,39.469772,98,0.280538,15,0,0,100.000000,0.742953,95.673077,3767.936729,1258.948240,3401.362599,-0.000000,484.485669
19380.000000,contribution,optical,hardware,1,1,1,0,priority,0.000500,180,15,hybrid,0.050000,4000.000000,6.087000,64.000000,500.000000,500.000000,2.000000,120.000000,0.400000,208,121,208,122,199,24,53,0,0,0,0,0,122,122,0,0,0.000000,1.000000,43.431679,clear-ocean,30.000000,60.000000,0.151000,1187,3141891,805.613077,4.156930,87,0,0,87,0,77,0,0,77,0,0,0,0,0,0,122,0,0,122,0,9,0,9,0,24,63,121,24,54,121,2.991525,282.914593,6070.001856,0.000000,14.285714,0.000000,0,0,0,4399176.185100,21.293692,140.747993,7150.367795,1408.439056,374.979129,261.036026,4396493.756531,4390119.575621,2044.454211,9056.609479,637.974359,0.032016,0.008524,0.005934,99.939024,0.014502,13.863081,10.181423,2.363758,39.347575,98,0.279670,15,0,0,100.000000,0.742953,95.673077,3767.936729,1255.050568,3487.469315,-0.000000,499.747029
19440.000000,contribution,optical,hardware,1,1,1,0,priority,0.000500,180,15,hybrid,0.050000,4000.000000,6.087000,64.000000,500.000000,500.000000,2.000000,120.000000,0.400000,208,121,208,122,199,24,53,0,0,0,0,0,122,122,0,0,0.000000,1.000000,43.431679,clear-ocean,30.000000,60.000000,0.151000,1187,3141891,805.613077,4.144100,87,0,0,87,0,77,0,0,77,0,0,0,0,0,0,122,0,0,122,0,9,0,9,0,24,63,121,24,54,121,2.991525,282.914593,6070.001856,0.000000,14.285714,0.000000,0,0,0,4412773.286573,21.293692,140.747993,7150.367795,1412.575226,376.013172,261.265813,4410085.458004,4403711.277094,2049.854211,9062.009479,637.974359,0.032011,0.008521,0.005921,99.939090,0.014457,13.863081,10.181423,2.363758,39.226132,98,0.278807,15,0,0,100.000000,0.742953,95.673077,3767.936729,1251.176955,3573.576031,0.000000,491.327600
19500.000000,contribution,optical,hardware,1,1,1,0,priority,0.000500,180,15,hybrid,0.050000,4000.000000,6.087000,64.000000,500.000000,500.000000,2.000000,120.000000,0.400000,208,121,208,122,199,24,53,0,0,0,0,0,122,122,0,0,0.000000,1.000000,43.431679,clear-ocean,30.000000,60.000000,0.151000,1187,3141891,805.613077,4.131349,87,0,0,87,0,77,0,0,77,0,0,0,0,0,0,122,0,0,122,0,9,0,9,0,24,63,121,24,54,121,2.991525,282.914593,6070.001856,0.000000,14.285714,0.000000,0,0,0,4426370.388045,21.293692,140.747993,7150.367795,1416.711396,377.047214,261.495601,4423677.159476,4417302.978566,2055.254211,9067.409479,637.974359,0.032006,0.008518,0.005908,99.939155,0.014413,13.863081,10.181423,2.363758,39.105436,98,0.277949,15,0,0,100.000000,0.742953,95.673077,3767.936729,1247.327179,3659.682747,0.000000,460.025703
19560.000000,contribution,optical,hardware,1,1,1,0,priority,0.000500,180,15,hybrid,0.050000,4000.000000,6.087000,64.000000,500.000000,500.000000,2.000000,120.000000,0.400000,208,121,208,122,199,24,53,0,0,0,0,0,122,122,0,0,0.000000,1.000000,43.431679,clear-ocean,30.000000,60.000000,0.151000,1187,3141891,805.613077,4.118676,87,0,0,87,0,77,0,0,77,0,0,0,0,0,0,122,0,0,122,0,9,0,9,0,24,63,121,24,54,121,2.991525,282.914593,6070.001856,0.000000,14.285714,0.000000,0,0,0,4439967.489518,21.293692,140.747993,7150.367795,1420.847566,378.081257,261.725388,4437268.860949,4430894.680039,2060.654211,9072.809479,637.974359,0.032001,0.008515,0.005895,99.939220,0.014369,13.863081,10.181423,2.363758,38.985481,98,0.277096,15,0,0,100.000000,0.742953,95.673077,3767.936729,1243.501022,3745.789463,0.000000,408.809357
19620.000000,contribution,optical,hardware,1,1,1,0,priority,0.000500,180,15,hybrid,0.050000,4000.000000,6.087000,64.000000,500.000000,500.000000,2.000000,120.000000,0.400000,208,121,208,122,199,24,53,0,0,0,0,0,122,122,0,0,0.000000,1.000000,43.431679,clear-ocean,30.000000,60.000000,0.151000,1187,3141891,805.613077,4.106081,87,0,0,87,0,77,0,0,77,0,0,0,0,0,0,122,0,0,122,0,9,0,9,0,24,63,121,24,54,121,2.991525,282.914593,6070.001856,0.000000,14.285714,0.000000,0,0,0,4453564.590990,21.293692,140.747993,7150.367795,1424.983736,379.115300,261.955175,4450860.562421,4444486.381511,2066.054211,9078.209479,637.974359,0.031996,0.008513,0.005882,99.939284,0.014325,13.863081,10.181423,2.363758,38.866259,98,0.276249,15,0,0,100.000000,0.742953,95.673077,3767.936729,1239.698267,3831.896179,0.000000,342.534849
19680.000000,contribution,optical,hardware,1,1,1,0,priority,0.000500,180,15,hybrid,0.050000,4000.000000,6.087000,64.000000,500.000000,500.000000,2.000000,120.000000,0.400000,208,121,208,122,199,24,53,0,0,0,0,0,122,122,0,0,0.000000,1.000000,43.431679,clear-ocean,30.000000,60.000000,0.151000,1187,3141891,805.613077,4.093562,87,0,0,87,0,77,0,0,77,0,0,0,0,0,0,122,0,0,122,0,9,0,9,0,24,63,121,24,54,121,2.991525,282.914593,6070.001856,0.000000,14.285714,0.000000,0,0,0,4467161.692463,21.293692,140.747993,7150.367795,1429.119907,380.149342,262.184962,4464452.263894,4458078.082984,2071.454211,9083.609479,637.974359,0.031992,0.008510,0.005869,99.939348,0.014281,13.863081,10.181423,2.363758,38.747764,98,0.275407,15,0,0,100.000000,0.742953,95.673077,3767.936729,1235.918699,3918.002895,0.000000,267.486271
19740.000000,contribution,optical,hardware,1,1,1,0,priority,0.000500,180,15,hybrid,0.050000,4000.000000,6.087000,64.000000,500.000000,500.000000,2.000000,120.000000,0.400000,208,121,208,122,199,24,53,0,0,0,0,0,122,122,0,0,0.000000,1.000000,43.431679,clear-ocean,30.000000,60.000000,0.151000,1187,3141891,805.613077,4.081120,87,0,0,87,0,77,0,0,77,0,0,0,0,0,0,122,0,0,122,0,9,0,9,0,24,63,121,24,54,121,2.991525,282.914593,6070.001856,0.000000,14.285714,0.000000,0,0,0,4480758.793935,21.293692,140.747993,7150.367795,1433.256077,381.183385,262.414750,4478043.965366,4471669.784456,2076.854211,9089.009479,637.974359,0.031987,0.008507,0.005856,99.939411,0.014238,13.863081,10.181423,2.363758,38.629990,98,0.274569,15,0,0,100.000000,0.742953,95.673077,3767.936729,1232.162107,4004.109612,0.000000,190.779659
19800.000000,contribution,optical,hardware,1,1,1,0,priority,0.000500,180,15,hybrid,0.050000,4000.000000,6.087000,64.000000,500.000000,500.000000,2.000000,120.000000,0.400000,208,121,208,122,199,24,53,0,0,0,0,0,122,122,0,0,0.000000,1.000000,43.431679,clear-ocean,30.000000,60.000000,0.151000,1187,3141891,805.613077,4.068753,87,0,0,87,0,77,0,0,77,0,0,0,0,0,0,122,0,0,122,0,9,0,9,0,24,63,121,24,54,121,2.991525,282.914593,6070.001856,0.000000,14.285714,0.000000,0,0,0,4494355.895408,21.293692,140.747993,7150.367795,1437.392247,382.217427,262.644537,4491635.666839,4485261.485929,2082.254211,9094.409479,637.974359,0.031982,0.008504,0.005844,99.939475,0.014195,13.863081,10.181423,2.363758,38.512929,98,0.273737,15,0,0,100.000000,0.742953,95.673077,3767.936729,1228.428283,4090.216328,0.000000,119.688268
19860.000000,contribution,optical,hardware,1,1,1,0,priority,0.000500,180,15,hybrid,0.050000,4000.000000,6.087000,64.000000,500.000000,500.000000,2.000000,120.000000,0.400000,208,121,208,122,199,24,53,0,0,0,0,0,122,122,0,0,0.000000,1.000000,43.431679,clear-ocean,30.000000,60.000000,0.151000,1187,3141891,805.613077,4.056461,87,0,0,87,0,77,0,0,77,0,0,0,0,0,0,122,0,0,122,0,9,0,9,0,24,63,121,24,54,121,2.991525,282.914593,6070.001856,0.000000,14.285714,0.000000,0,0,0,4507952.996880,21.293692,140.747993,7150.367795,1441.528417,383.251470,262.874324,4505227.368311,4498853.187401,2087.654211,9099.809479,637.974359,0.031977,0.008502,0.005831,99.939537,0.014152,13.863081,10.181423,2.363758,38.396576,98,0.272910,15,0,0,100.000000,0.742953,95.673077,3767.936729,1224.717019,4176.323044,0.000000,60.952918
19920.000000,contribution,optical,hardware,1,1,1,0,priority,0.000500,180,15,hybrid,0.050000,4000.000000,6.087000,64.000000,500.000000,500.000000,2.000000,120.000000,0.400000,208,121,208,122,199,24,53,0,0,0,0,0,122,122,0,0,0.000000,1.000000,43.431679,clear-ocean,30.000000,60.000000,0.151000,1187,3141891,805.613077,4.044242,87,0,0,87,0,77,0,0,77,0,0,0,0,0,0,122,0,0,122,0,9,0,9,0,24,63,121,24,54,121,2.991525,282.914593,6070.001856,0.000000,14.285714,0.000000,0,0,0,4521550.098353,21.293692,140.747993,7150.367795,1445.664588,384.285512,263.104111,4518819.069784,4512444.888874,2093.054211,9105.209479,637.974359,0.031973,0.008499,0.005819,99.939600,0.014110,13.863081,10.181423,2.363758,38.280924,98,0.272088,15,0,0,100.000000,0.742953,95.673077,3767.936729,1221.028112,4262.429760,0.000000,20.142843
19980.000000,contribution,optical,hardware,1,1,1,0,priority,0.000500,180,15,hybrid,0.050000,4000.000000,6.087000,64.000000,500.000000,500.000000,2.000000,120.000000,0.400000,208,121,208,122,199,24,53,0,0,0,0,0,122,122,0,0,0.000000,1.000000,43.431679,clear-ocean,30.000000,60.000000,0.151000,1187,3141891,805.613077,4.032097,87,0,0,87,0,77,0,0,77,0,0,0,0,0,0,122,0,0,122,0,9,0,9,0,24,63,121,24,54,121,2.991525,282.914593,6070.001856,0.000000,14.285714,0.000000,0,0,0,4535147.199825,21.293692,140.747993,7150.367795,1449.800758,385.319555,263.333898,4532410.771256,4526036.590347,2098.454211,9110.609479,637.974359,0.031968,0.008496,0.005807,99.939662,0.014067,13.863081,10.181423,2.363758,38.165966,98,0.271271,15,0,0,100.000000,0.742953,95.673077,3767.936729,1217.361361,4348.536476,0.000000,1.127619
20040.000000,contribution,optical,hardware,1,1,1,0,priority,0.000500,180,15,hybrid,0.050000,4000.000000,6.087000,64.000000,500.000000,500.000000,2.000000,120.000000,0.400000,208,121,208,122,199,24,53,0,0,0,0,0,122,122,0,0,0.000000,1.000000,43.431679,clear-ocean,30.000000,60.000000,0.151000,1187,3141891,805.613077,4.020025,87,0,0,87,0,77,0,0,77,0,0,0,0,0,0,122,0,0,122,0,9,0,9,0,24,63,121,24,54,121,2.991525,282.914593,6070.001856,0.000000,14.285714,0.000000,0,0,0,4548744.301298,21.293692,140.747993,7150.367795,1453.936928,386.353597,263.563686,4546002.472729,4539628.291819,2103.854211,9116.009479,637.974359,0.031963,0.008494,0.005794,99.939723,0.014025,13.863081,10.181423,2.363758,38.051697,98,0.270459,15,0,0,100.000000,0.742953,95.673077,3767.936729,1213.716567,4434.643192,-0.000000,5.710250
20100.000000,contribution,optical,hardware,1,1,1,0,priority,0.000500,180,15,hybrid,0.050000,4000.000000,6.087000,64.000000,500.000000,500.000000,2.000000,120.000000,0.400000,208,121,208,122,199,24,53,0,0,0,0,0,122,122,0,0,0.000000,1.000000,43.431679,clear-ocean,30.000000,60.000000,0.151000,1187,3141891,805.613077,4.008025,87,0,0,87,0,77,0,0,77,0,0,0,0,0,0,122,0,0,122,0,9,0,9,0,24,63,121,24,54,121,2.991525,282.914593,6070.001856,0.000000,14.285714,0.000000,0,0,0,4562341.402770,21.293692,140.747993,7150.367795,1458.073098,387.387640,263.793473,4559594.174202,4553219.993292,2109.254211,9121.409479,637.974359,0.031959,0.008491,0.005782,99.939785,0.013983,13.863081,10.181423,2.363758,37.938109,98,0.269652,15,0,0,100.000000,0.742953,95.673077,3767.936729,1210.093532,4520.749908,-0.000000,33.456218
20160.000000,contribution,optical,hardware,1,1,1,0,priority,0.000500,180,15,hybrid,0.050000,4000.000000,6.087000,64.000000,500.000000,500.000000,2.000000,120.000000,0.400000,208,121,208,122,199,24,53,0,0,0,0,0,122,122,0,0,0.000000,1.000000,43.431679,clear-ocean,30.000000,60.000000,0.151000,1187,3141891,805.613077,3.996097,87,0,0,87,0,77,0,0,77,0,0,0,0,0,0,122,0,0,122,0,9,0,9,0,24,63,121,24,54,121,2.991525,282.914593,6070.001856,0.000000,14.285714,0.000000,0,0,0,4575938.504243,21.293692,140.747993,7150.367795,1462.209268,388.421682,264.023260,4573185.875674,4566811.694764,2114.654211,9126.809479,637.974359,0.031954,0.008488,0.005770,99.939846,0.013942,13.863081,10.181423,2.363758,37.825198,98,0.268849,15,0,0,100.000000,0.742953,95.673077,3767.936729,1206.492063,4606.856625,-0.000000,81.734673
20220.000000,contribution,optical,hardware,1,1,1,0,priority,0.000500,180,15,hybrid,0.050000,4000.000000,6.087000,64.000000,500.000000,500.000000,2.000000,120.000000,0.400000,208,121,208,122,199,24,53,0,0,0,0,0,122,122,0,0,0.000000,1.000000,43.431679,clear-ocean,30.000000,60.000000,0.151000,1187,3141891,805.613077,3.984239,87,0,0,87,0,77,0,0,77,0,0,0,0,0,0,122,0,0,122,0,9,0,9,0,24,63,121,24,54,121,2.991525,282.914593,6070.001856,0.000000,14.285714,0.000000,0,0,0,4589535.605715,21.293692,140.747993,7150.367795,1466.345439,389.455725,264.253047,4586777.577147,4580403.396237,2120.054211,9132.209479,637.974359,0.031950,0.008486,0.005758,99.939906,0.013901,13.863081,10.181423,2.363758,37.712957,98,0.268051,15,0,0,100.000000,0.742953,95.673077,3767.936729,1202.911968,4692.963341,-0.000000,145.967895
20280.000000,contribution,optical,hardware,1,1,1,0,priority,0.000500,180,15,hybrid,0.050000,4000.000000,6.087000,64.000000,500.000000,500.000000,2.000000,120.000000,0.400000,208,121,208,122,199,24,53,0,0,0,0,0,122,122,0,0,0.000000,1.000000,43.431679,clear-ocean,30.000000,60.000000,0.151000,1187,3141891,805.613077,3.972451,87,0,0,87,0,77,0,0,77,0,0,0,0,0,0,122,0,0,122,0,9,0,9,0,24,63,121,24,54,121,2.991525,282.914593,6070.001856,0.000000,14.285714,0.000000,0,0,0,4603132.707188,21.293692,140.747993,7150.367795,1470.481609,390.489768,264.482835,4600369.278619,4593995.097709,2125.454211,9137.609479,637.974359,0.031945,0.008483,0.005746,99.939966,0.013860,13.863081,10.181423,2.363758,37.601381,98,0.267258,15,0,0,100.000000,0.742953,95.673077,3767.936729,1199.353057,4779.070057,-0.000000,220.065349
20340.000000,contribution,optical,hardware,1,1,1,0,priority,0.000500,180,15,hybrid,0.050000,4000.000000,6.087000,64.000000,500.000000,500.000000,2.000000,120.000000,0.400000,208,121,208,122,199,24,53,0,0,0,0,0,122,122,0,0,0.000000,1.000000,43.431679,clear-ocean,30.000000,60.000000,0.151000,1187,3141891,805.613077,3.960733,87,0,0,87,0,77,0,0,77,0,0,0,0,0,0,122,0,0,122,0,9,0,9,0,24,63,121,24,54,121,2.991525,282.914593,6070.001856,0.000000,14.285714,0.000000,0,0,0,4616729.808660,21.293692,140.747993,7150.367795,1474.617779,391.523810,264.712622,4613960.980092,4607586.799182,2130.854211,9143.009479,637.974359,0.031941,0.008481,0.005734,99.940026,0.013819,13.863081,10.181423,2.363758,37.490462,98,0.266470,15,0,0,100.000000,0.742953,95.673077,3767.936729,1195.815143,4865.176773,-0.000000,297.001180
20400.000000,contribution,optical,hardware,1,1,1,0,priority,0.000500,180,15,hybrid,0.050000,4000.000000,6.087000,64.000000,500.000000,500.000000,2.000000,120.000000,0.400000,208,121,208,122,199,24,53,0,0,0,0,0,122,122,0,0,0.000000,1.000000,43.431679,clear-ocean,30.000000,60.000000,0.151000,1187,3141891,805.613077,3.949084,87,0,0,87,0,77,0,0,77,0,0,0,0,0,0,122,0,0,122,0,9,0,9,0,24,63,121,24,54,121,2.991525,282.914593,6070.001856,0.000000,14.285714,0.000000,0,0,0,4630326.910133,21.293692,140.747993,7150.367795,1478.753949,392.557853,264.942409,4627552.681564,4621178.500654,2136.254211,9148.409479,637.974359,0.031936,0.008478,0.005722,99.940086,0.013778,13.863081,10.181423,2.363758,37.380196,98,0.265686,15,0,0,100.000000,0.742953,95.673077,3767.936729,1192.298039,4951.283489,-0.000000,369.480401
20460.000000,contribution,optical,hardware,1,1,1,0,priority,0.000500,180,15,hybrid,0.050000,4000.000000,6.087000,64.000000,500.000000,500.000000,2.000000,120.000000,0.400000,208,121,208,122,199,24,53,0,0,0,0,0,122,122,0,0,0.000000,1.000000,43.431679,clear-ocean,30.000000,60.000000,0.151000,1187,3141891,805.613077,3.937503,87,0,0,87,0,77,0,0,77,0,0,0,0,0,0,122,0,0,122,0,9,0,9,0,24,63,121,24,54,121,2.991525,282.914593,6070.001856,0.000000,14.285714,0.000000,0,0,0,4643924.011606,21.293692,140.747993,7150.367795,1482.890119,393.591895,265.172196,4641144.383037,4634770.202127,2141.654211,9153.809479,637.974359,0.031932,0.008475,0.005710,99.940145,0.013738,13.863081,10.181423,2.363758,37.270577,98,0.264907,15,0,0,100.000000,0.742953,95.673077,3767.936729,1188.801564,5037.390205,-0.000000,430.630597
20520.000000,contribution,optical,hardware,1,1,1,0,priority,0.000500,180,15,hybrid,0.050000,4000.000000,6.087000,64.000000,500.000000,500.000000,2.000000,120.000000,0.400000,208,121,208,122,199,24,53,0,0,0,0,0,122,122,0,0,0.000000,1.000000,43.431679,clear-ocean,30.000000,60.000000,0.151000,1187,3141891,805.613077,3.925990,87,0,0,87,0,77,0,0,77,0,0,0,0,0,0,122,0,0,122,0,9,0,9,0,24,63,121,24,54,121,2.991525,282.914593,6070.001856,0.000000,14.285714,0.000000,0,0,0,4657521.113078,21.293692,140.747993,7150.367795,1487.026290,394.625938,265.401984,4654736.084509,4648361.903599,2147.054211,9159.209479,637.974359,0.031927,0.008473,0.005698,99.940204,0.013698,13.863081,10.181423,2.363758,37.161598,98,0.264133,15,0,0,100.000000,0.742953,95.673077,3767.936729,1185.325536,5123.496921,-0.000000,474.653561
20580.000000,contribution,optical,hardware,1,1,1,0,priority,0.000500,180,15,hybrid,0.050000,4000.000000,6.087000,64.000000,500.000000,500.000000,2.000000,120.000000,0.400000,208,121,208,122,199,24,53,0,0,0,0,0,122,122,0,0,0.000000,1.000000,43.431679,clear-ocean,30.000000,60.000000,0.151000,1187,3141891,805.613077,3.914544,87,0,0,87,0,77,0,0,77,0,0,0,0,0,0,122,0,0,122,0,9,0,9,0,24,63,121,24,54,121,2.991525,282.914593,6070.001856,0.000000,14.285714,0.000000,0,0,0,4671118.214551,21.293692,140.747993,7150.367795,1491.162460,395.659980,265.631771,4668327.785982,4661953.605072,2152.454211,9164.609479,637.974359,0.031923,0.008470,0.005687,99.940262,0.013658,13.863081,10.181423,2.363758,37.053256,98,0.263362,15,0,0,100.000000,0.742953,95.673077,3767.936729,1181.869776,5209.603638,-0.000000,497.375076
20640.000000,contribution,optical,hardware,1,1,1,0,priority,0.000500,180,15,hybrid,0.050000,4000.000000,6.087000,64.000000,500.000000,500.000000,2.000000,120.000000,0.400000,208,121,208,122,199,24,53,0,0,0,0,0,122,122,0,0,0.000000,1.000000,43.431679,clear-ocean,30.000000,60.000000,0.151000,1187,3141891,805.613077,3.903164,87,0,0,87,0,77,0,0,77,0,0,0,0,0,0,122,0,0,122,0,9,0,9,0,24,63,121,24,54,121,2.991525,282.914593,6070.001856,0.000000,14.285714,0.000000,0,0,0,4684715.316023,21.293692,140.747993,7150.367795,1495.298630,396.694023,265.861558,4681919.487454,4675545.306544,2157.854211,9170.009479,637.974359,0.031919,0.008468,0.005675,99.940320,0.013618,13.863081,10.181423,2.363758,36.945543,98,0.262597,15,0,0,100.000000,0.742953,95.673077,3767.936729,1178.434109,5295.710354,0.000000,496.640708
20700.000000,contribution,optical,hardware,1,1,1,0,priority,0.000500,180,15,hybrid,0.050000,4000.000000,6.087000,64.000000,500.000000,500.000000,2.000000,120.000000,0.400000,208,121,208,122,199,24,53,0,0,0,0,0,122,122,0,0,0.000000,1.000000,43.431679,clear-ocean,30.000000,60.000000,0.151000,1187,3141891,805.613077,3.891851,87,0,0,87,0,77,0,0,77,0,0,0,0,0,0,122,0,0,122,0,9,0,9,0,24,63,121,24,54,121,2.991525,282.914593,6070.001856,0.000000,14.285714,0.000000,0,0,0,4698312.417496,21.293692,140.747993,7150.367795,1499.434800,397.728065,266.091345,4695511.188927,4689137.008017,2163.254211,9175.409479,637.974359,0.031914,0.008465,0.005664,99.940378,0.013579,13.863081,10.181423,2.363758,36.838454,98,0.261836,15,0,0,100.000000,0.742953,95.673077,3767.936729,1175.018357,5381.817070,0.000000,472.520088
20760.000000,contribution,optical,hardware,1,1,1,0,priority,0.000500,180,15,hybrid,0.050000,4000.000000,6.087000,64.000000,500.000000,500.000000,2.000000,120.000000,0.400000,208,121,208,122,199,24,53,0,0,0,0,0,122,122,0,0,0.000000,1.000000,43.431679,clear-ocean,30.000000,60.000000,0.151000,1187,3141891,805.613077,3.880602,87,0,0,87,0,77,0,0,77,0,0,0,0,0,0,122,0,0,122,0,9,0,9,0,24,63,121,24,54,121,2.991525,282.914593,6070.001856,0.000000,14.285714,0.000000,0,0,0,4711909.518968,21.293692,140.747993,7150.367795,1503.570971,398.762108,266.321133,4709102.890399,4702728.709489,2168.654211,9180.809479,637.974359,0.031910,0.008463,0.005652,99.940435,0.013540,13.863081,10.181423,2.363758,36.731985,98,0.261079,15,0,0,100.000000,0.742953,95.673077,3767.936729,1171.622351,5467.923786,0.000000,427.300313
20820.000000,contribution,optical,hardware,1,1,1,0,priority,0.000500,180,15,hybrid,0.050000,4000.000000,6.087000,64.000000,500.000000,500.000000,2.000000,120.000000,0.400000,208,121,208,122,199,24,53,0,0,0,0,0,122,122,0,0,0.000000,1.000000,43.431679,clear-ocean,30.000000,60.000000,0.151000,1187,3141891,805.613077,3.869419,87,0,0,87,0,77,0,0,77,0,0,0,0,0,0,122,0,0,122,0,9,0,9,0,24,63,121,24,54,121,2.991525,282.914593,6070.001856,0.000000,14.285714,0.000000,0,0,0,4725506.620441,21.293692,140.747993,7150.367795,1507.707141,399.796151,266.550920,4722694.591872,4716320.410962,2174.054211,9186.209479,637.974359,0.031906,0.008460,0.005641,99.940493,0.013501,13.863081,10.181423,2.363758,36.626129,98,0.260327,15,0,0,100.000000,0.742953,95.673077,3767.936729,1168.245917,5554.030502,0.000000,365.269080
20880.000000,contribution,optical,hardware,1,1,1,0,priority,0.000500,180,15,hybrid,0.050000,4000.000000,6.087000,64.000000,500.000000,500.000000,2.000000,120.000000,0.400000,208,121,208,122,199,24,53,0,0,0,0,0,122,122,0,0,0.000000,1.000000,43.431679,clear-ocean,30.000000,60.000000,0.151000,1187,3141891,805.613077,3.858300,87,0,0,87,0,77,0,0,77,0,0,0,0,0,0,122,0,0,122,0,9,0,9,0,24,63,121,24,54,121,2.991525,282.914593,6070.001856,0.000000,14.285714,0.000000,0,0,0,4739103.721913,21.293692,140.747993,7150.367795,1511.843311,400.830193,266.780707,4736286.293344,4729912.112435,2179.454211,9191.609479,637.974359,0.031901,0.008458,0.005629,99.940549,0.013462,13.863081,10.181423,2.363758,36.520881,98,0.259579,15,0,0,100.000000,0.742953,95.673077,3767.936729,1164.888889,5640.137218,0.000000,292.308137
20940.000000,contribution,optical,hardware,1,1,1,0,priority,0.000500,180,15,hybrid,0.050000,4000.000000,6.087000,64.000000,500.000000,500.000000,2.000000,120.000000,0.400000,208,121,208,122,199,24,53,0,0,0,0,0,122,122,0,0,0.000000,1.000000,43.431679,clear-ocean,30.000000,60.000000,0.151000,1187,3141891,805.613077,3.847245,87,0,0,87,0,77,0,0,77,0,0,0,0,0,0,122,0,0,122,0,9,0,9,0,24,63,121,24,54,121,2.991525,282.914593,6070.001856,0.000000,14.285714,0.000000,0,0,0,4752700.823386,21.293692,140.747993,7150.367795,1515.979481,401.864236,267.010494,4749877.994817,4743503.813907,2184.854211,9197.009479,637.974359,0.031897,0.008455,0.005618,99.940606,0.013423,13.863081,10.181423,2.363758,36.416237,98,0.258835,15,0,0,100.000000,0.742953,95.673077,3767.936729,1161.551098,5726.243934,0.000000,215.335574
21000.000000,contribution,optical,hardware,1,1,1,0,priority,0.000500,180,15,hybrid,0.050000,4000.000000,6.087000,64.000000,500.000000,500.000000,2.000000,120.000000,0.400000,208,121,208,122,199,24,53,0,0,0,0,0,122,122,0,0,0.000000,1.000000,43.431679,clear-ocean,30.000000,60.000000,0.151000,1187,3141891,805.613077,3.836253,87,0,0,87,0,77,0,0,77,0,0,0,0,0,0,122,0,0,122,0,9,0,9,0,24,63,121,24,54,121,2.991525,282.914593,6070.001856,0.000000,14.285714,0.000000,0,0,0,4766297.924858,21.293692,140.747993,7150.367795,1520.115651,402.898278,267.240281,4763469.696290,4757095.515380,2190.254211,9202.409479,637.974359,0.031893,0.008453,0.005607,99.940662,0.013385,13.863081,10.181423,2.363758,36.312190,98,0.258095,15,0,0,100.000000,0.742953,95.673077,3767.936729,1158.232381,5812.350651,0.000000,141.649861
21060.000000,contribution,optical,hardware,1,1,1,0,priority,0.000500,180,15,hybrid,0.050000,4000.000000,6.087000,64.000000,500.000000,500.000000,2.000000,120.000000,0.400000,208,121,208,122,199,24,53,0,0,0,0,0,122,122,0,0,0.000000,1.000000,43.431679,clear-ocean,30.000000,60.000000,0.151000,1187,3141891,805.613077,3.825323,87,0,0,87,0,77,0,0,77,0,0,0,0,0,0,122,0,0,122,0,9,0,9,0,24,63,121,24,54,121,2.991525,282.914593,6070.001856,0.000000,14.285714,0.000000,0,0,0,4779895.026331,21.293692,140.747993,7150.367795,1524.251822,403.932321,267.470069,4777061.397762,4770687.216852,2195.654211,9207.809479,637.974359,0.031889,0.008451,0.005596,99.940718,0.013347,13.863081,10.181423,2.363758,36.208737,98,0.257360,15,0,0,100.000000,0.742953,95.673077,3767.936729,1154.932574,5898.457367,0.000000,78.237811
21120.000000,contribution,optical,hardware,1,1,1,0,priority,0.000500,180,15,hybrid,0.050000,4000.000000,6.087000,64.000000,500.000000,500.000000,2.000000,120.000000,0.400000,208,121,208,122,199,24,53,0,0,0,0,0,122,122,0,0,0.000000,1.000000,43.431679,clear-ocean,30.000000,60.000000,0.151000,1187,3141891,805.613077,3.814456,87,0,0,87,0,77,0,0,77,0,0,0,0,0,0,122,0,0,122,0,9,0,9,0,24,63,121,24,54,121,2.991525,282.914593,6070.001856,0.000000,14.285714,0.000000,0,0,0,4793492.127803,21.293692,140.747993,7150.367795,1528.387992,404.966363,267.699856,4790653.099235,4784278.918325,2201.054211,9213.209479,637.974359,0.031885,0.008448,0.005585,99.940773,0.013309,13.863081,10.181423,2.363758,36.105871,98,0.256629,15,0,0,100.000000,0.742953,95.673077,3767.936729,1151.651515,5984.564083,0.000000,31.112098
21180.000000,contribution,optical,hardware,1,1,1,0,priority,0.000500,180,15,hybrid,0.050000,4000.000000,6.087000,64.000000,500.000000,500.000000,2.000000,120.000000,0.400000,208,121,208,122,199,24,53,0,0,0,0,0,122,122,0,0,0.000000,1.000000,43.431679,clear-ocean,30.000000,60.000000,0.151000,1187,3141891,805.613077,3.803650,87,0,0,87,0,77,0,0,77,0,0,0,0,0,0,122,0,0,122,0,9,0,9,0,24,63,121,24,54,121,2.991525,282.914593,6070.001856,0.000000,14.285714,0.000000,0,0,0,4807089.229276,21.293692,140.747993,7150.367795,1532.524162,406.000406,267.929643,4804244.800707,4797870.619797,2206.454211,9218.609479,637.974359,0.031881,0.008446,0.005574,99.940828,0.013272,13.863081,10.181423,2.363758,36.003588,98,0.255902,15,0,0,100.000000,0.742953,95.673077,3767.936729,1148.389046,6070.670799,0.000000,4.741140
21240.000000,contribution,optical,hardware,1,1,1,0,priority,0.000500,180,15,hybrid,0.050000,4000.000000,6.087000,64.000000,500.000000,500.000000,2.000000,120.000000,0.400000,208,121,208,122,199,24,53,0,0,0,0,0,122,122,0,0,0.000000,1.000000,43.431679,clear-ocean,30.000000,60.000000,0.151000,1187,3141891,805.613077,3.792905,87,0,0,87,0,77,0,0,77,0,0,0,0,0,0,122,0,0,122,0,9,0,9,0,24,63,121,24,54,121,2.991525,282.914593,6070.001856,0.000000,14.285714,0.000000,0,0,0,4820686.330748,21.293692,140.747993,7150.367795,1536.660332,407.034448,268.159430,4817836.502180,4811462.321270,2211.854211,9224.009479,637.974359,0.031876,0.008443,0.005563,99.940883,0.013234,13.863081,10.181423,2.363758,35.901883,98,0.255179,15,0,0,100.000000,0.742953,95.673077,3767.936729,1145.145009,6156.777515,-0.000000,1.625408
21300.000000,contribution,optical,hardware,1,1,1,0,priority,0.000500,180,15,hybrid,0.050000,4000.000000,6.087000,64.000000,500.000000,500.000000,2.000000,120.000000,0.400000,208,121,208,122,199,24,53,0,0,0,0,0,122,122,0,0,0.000000,1.000000,43.431679,clear-ocean,30.000000,60.000000,0.151000,1187,3141891,805.613077,3.782221,87,0,0,87,0,77,0,0,77,0,0,0,0,0,0,122,0,0,122,0,9,0,9,0,24,63,121,24,54,121,2.991525,282.914593,6070.001856,0.000000,14.285714,0.000000,0,0,0,4834283.432221,21.293692,140.747993,7150.367795,1540.796502,408.068491,268.389218,4831428.203652,4825054.022742,2217.254211,9229.409479,637.974359,0.031872,0.008441,0.005552,99.940938,0.013197,13.863081,10.181423,2.363758,35.800751,98,0.254460,15,0,0,100.000000,0.742953,95.673077,3767.936729,1141.919249,6242.884231,-0.000000,22.060332
21360.000000,contribution,optical,hardware,1,1,1,0,priority,0.000500,180,15,hybrid,0.050000,4000.000000,6.087000,64.000000,500.000000,500.000000,2.000000,120.000000,0.400000,208,121,208,122,199,24,53,0,0,0,0,0,122,122,0,0,0.000000,1.000000,43.431679,clear-ocean,30.000000,60.000000,0.151000,1187,3141891,805.613077,3.771597,87,0,0,87,0,77,0,0,77,0,0,0,0,0,0,122,0,0,122,0,9,0,9,0,24,63,121,24,54,121,2.991525,282.914593,6070.001856,0.000000,14.285714,0.000000,0,0,0,4847880.533693,21.293692,140.747993,7150.367795,1544.932673,409.102534,268.619005,4845019.905125,4838645.724215,2222.654211,9234.809479,637.974359,0.031868,0.008439,0.005541,99.940992,0.013160,13.863081,10.181423,2.363758,35.700187,98,0.253745,15,0,0,100.000000,0.742953,95.673077,3767.936729,1138.711610,6328.990947,-0.000000,64.108292
21420.000000,contribution,optical,hardware,1,1,1,0,priority,0.000500,180,15,hybrid,0.050000,4000.000000,6.087000,64.000000,500.000000,500.000000,2.000000,120.000000,0.400000,208,121,208,122,199,24,53,0,0,0,0,0,122,122,0,0,0.000000,1.000000,43.431679,clear-ocean,30.000000,60.000000,0.151000,1187,3141891,805.613077,3.761032,87,0,0,87,0,77,0,0,77,0,0,0,0,0,0,122,0,0,122,0,9,0,9,0,24,63,121,24,54,121,2.991525,282.914593,6070.001856,0.000000,14.285714,0.000000,0,0,0,4861477.635166,21.293692,140.747993,7150.367795,1549.068843,410.136576,268.848792,4858611.606597,4852237.425687,2228.054211,9240.209479,637.974359,0.031864,0.008436,0.005530,99.941046,0.013123,13.863081,10.181423,2.363758,35.600187,98,0.253035,15,0,0,100.000000,0.742953,95.673077,3767.936729,1135.521942,6415.097664,-0.000000,123.782337
21480.000000,contribution,optical,hardware,1,1,1,0,priority,0.000500,180,15,hybrid,0.050000,4000.000000,6.087000,64.000000,500.000000,500.000000,2.000000,120.000000,0.400000,208,121,208,122,199,24,53,0,0,0,0,0,122,122,0,0,0.000000,1.000000,43.431679,clear-ocean,30.000000,60.000000,0.151000,1187,3141891,805.613077,3.750526,87,0,0,87,0,77,0,0,77,0,0,0,0,0,0,122,0,0,122,0,9,0,9,0,24,63,121,24,54,121,2.991525,282.914593,6070.001856,0.000000,14.285714,0.000000,0,0,0,4875074.736638,21.293692,140.747993,7150.367795,1553.205013,411.170619,269.078579,4872203.308070,4865829.127160,2233.454211,9245.609479,637.974359,0.031860,0.008434,0.005519,99.941100,0.013086,13.863081,10.181423,2.363758,35.500745,98,0.252328,15,0,0,100.000000,0.742953,95.673077,3767.936729,1132.350093,6501.204380,-0.000000,195.424228
21540.000000,contribution,optical,hardware,1,1,1,0,priority,0.000500,180,15,hybrid,0.050000,4000.000000,6.087000,64.000000,500.000000,500.000000,2.000000,120.000000,0.400000,208,121,208,122,199,24,53,0,0,0,0,0,122,122,0,0,0.000000,1.000000,43.431679,clear-ocean,30.000000,60.000000,0.151000,1187,3141891,805.613077,3.740079,87,0,0,87,0,77,0,0,77,0,0,0,0,0,0,122,0,0,122,0,9,0,9,0,24,63,121,24,54,121,2.991525,282.914593,6070.001856,0.000000,14.285714,0.000000,0,0,0,4888671.838111,21.293692,140.747993,7150.367795,1557.341183,412.204661,269.308367,4885795.009542,4879420.828632,2238.854211,9251.009479,637.974359,0.031856,0.008432,0.005509,99.941153,0.013050,13.863081,10.181423,2.363758,35.401857,98,0.251625,15,0,0,100.000000,0.742953,95.673077,3767.936729,1129.195915,6587.311096,-0.000000,272.240945
21600.000000,contribution,optical,hardware,1,1,1,0,priority,0.000500,180,15,hybrid,0.050000,4000.000000,6.087000,64.000000,500.000000,500.000000,2.000000,120.000000,0.400000,208,121,208,122,199,24,53,0,0,0,0,0,122,122,0,0,0.000000,1.000000,43.431679,clear-ocean,30.000000,60.000000,0.151000,1187,3141891,805.613077,3.729690,87,0,0,87,0,77,0,0,77,0,0,0,0,0,0,122,0,0,122,0,9,0,9,0,24,63,121,24,54,121,2.991525,282.914593,6070.001856,0.000000,14.285714,0.000000,0,0,0,4902268.939583,21.293692,140.747993,7150.367795,1561.477354,413.238704,269.538154,4899386.711015,4893012.530105,2244.254211,9256.409479,637.974359,0.031852,0.008430,0.005498,99.941206,0.013014,13.863081,10.181423,2.363758,35.303519,98,0.250926,15,0,0,100.000000,0.742953,95.673077,3767.936729,1126.059259,6673.417812,-0.000000,346.948795
21660.000000,contribution,optical,hardware,1,1,1,0,priority,0.000500,180,15,hybrid,0.050000,4000.000000,6.087000,64.000000,500.000000,500.000000,2.000000,120.000000,0.400000,208,121,208,122,199,24,53,0,0,0,0,0,122,122,0,0,0.000000,1.000000,43.431679,clear-ocean,30.000000,60.000000,0.151000,1187,3141891,805.613077,3.719359,87,0,0,87,0,77,0,0,77,0,0,0,0,0,0,122,0,0,122,0,9,0,9,0,24,63,121,24,54,121,2.991525,282.914593,6070.001856,0.000000,14.285714,0.000000,0,0,0,4915866.041056,21.293692,140.747993,7150.367795,1565.613524,414.272746,269.767941,4912978.412487,4906604.231577,2249.654211,9261.809479,637.974359,0.031848,0.008427,0.005488,99.941259,0.012978,13.863081,10.181423,2.363758,35.205725,98,0.250231,15,0,0,100.000000,0.742953,95.673077,3767.936729,1122.939982,6759.524528,-0.000000,412.464047
21720.000000,contribution,optical,hardware,1,1,1,0,priority,0.000500,180,15,hybrid,0.050000,4000.000000,6.087000,64.000000,500.000000,500.000000,2.000000,120.000000,0.400000,208,121,208,122,199,24,53,0,0,0,0,0,122,122,0,0,0.000000,1.000000,43.431679,clear-ocean,30.000000,60.000000,0.151000,1187,3141891,805.613077,3.709084,87,0,0,87,0,77,0,0,77,0,0,0,0,0,0,122,0,0,122,0,9,0,9,0,24,63,121,24,54,121,2.991525,282.914593,6070.001856,0.000000,14.285714,0.000000,0,0,0,4929463.142528,21.293692,140.747993,7150.367795,1569.749694,415.306789,269.997728,4926570.113960,4920195.933050,2255.054211,9267.209479,637.974359,0.031844,0.008425,0.005477,99.941311,0.012942,13.863081,10.181423,2.363758,35.108471,98,0.249540,15,0,0,100.000000,0.742953,95.673077,3767.936729,1119.837937,6845.631244,-0.000000,462.574604
21780.000000,contribution,optical,hardware,1,1,1,0,priority,0.000500,180,15,hybrid,0.050000,4000.000000,6.087000,64.000000,500.000000,500.000000,2.000000,120.000000,0.400000,208,121,208,122,199,24,53,0,0,0,0,0,122,122,0,0,0.000000,1.000000,43.431679,clear-ocean,30.000000,60.000000,0.151000,1187,3141891,805.613077,3.698866,87,0,0,87,0,77,0,0,77,0,0,0,0,0,0,122,0,0,122,0,9,0,9,0,24,63,121,24,54,121,2.991525,282.914593,6070.001856,0.000000,14.285714,0.000000,0,0,0,4943060.244001,21.293692,140.747993,7150.367795,1573.885864,416.340831,270.227515,4940161.815432,4933787.634523,2260.454211,9272.609478,637.974359,0.031840,0.008423,0.005467,99.941364,0.012906,13.863081,10.181423,2.363758,35.011754,98,0.248852,15,0,0,100.000000,0.742953,95.673077,3767.936729,1116.752984,6931.737960,-0.000000,492.529027
21840.000000,contribution,optical,hardware,1,1,1,0,priority,0.000500,180,15,hybrid,0.050000,4000.000000,6.087000,64.000000,500.000000,500.000000,2.000000,120.000000,0.400000,208,121,208,122,199,24,53,0,0,0,0,0,122,122,0,0,0.000000,1.000000,43.431679,clear-ocean,30.000000,60.000000,0.151000,1187,3141891,805.613077,3.688705,87,0,0,87,0,77,0,0,77,0,0,0,0,0,0,122,0,0,122,0,9,0,9,0,24,63,121,24,54,121,2.991525,282.914593,6070.001856,0.000000,14.285714,0.000000,0,0,0,4956657.345474,21.293692,140.747993,7150.367795,1578.022034,417.374874,270.457303,4953753.516905,4947379.335995,2265.854211,9278.009478,637.974359,0.031836,0.008420,0.005456,99.941416,0.012871,13.863081,10.181423,2.363758,34.915568,98,0.248168,15,0,0,100.000000,0.742953,95.673077,3767.936729,1113.684982,7017.844677,0.000000,499.487065
21900.000000,contribution,optical,hardware,1,1,1,0,priority,0.000500,180,15,hybrid,0.050000,4000.000000,6.087000,64.000000,500.000000,500.000000,2.000000,120.000000,0.400000,208,121,208,122,199,24,53,0,0,0,0,0,122,122,0,0,0.000000,1.000000,43.431679,clear-ocean,30.000000,60.000000,0.151000,1187,3141891,805.613077,3.678599,87,0,0,87,0,77,0,0,77,0,0,0,0,0,0,122,0,0,122,0,9,0,9,0,24,63,121,24,54,121,2.991525,282.914593,6070.001856,0.000000,14.285714,0.000000,0,0,0,4970254.446946,21.293692,140.747993,7150.367795,1582.158205,418.408917,270.687090,4967345.218378,4960971.037468,2271.254211,9283.409478,637.974359,0.031833,0.008418,0.005446,99.941467,0.012836,13.863081,10.181423,2.363758,34.819909,98,0.247489,15,0,0,100.000000,0.742953,95.673077,3767.936729,1110.633790,7103.951393,0.000000,482.788962
21960.000000,contribution,optical,hardware,1,1,1,0,priority,0.000500,180,15,hybrid,0.050000,4000.000000,6.087000,64.000000,500.000000,500.000000,2.000000,120.000000,0.400000,208,121,208,122,199,24,53,0,0,0,0,0,122,122,0,0,0.000000,1.000000,43.431679,clear-ocean,30.000000,60.000000,0.151000,1187,3141891,805.613077,3.668548,87,0,0,87,0,77,0,0,77,0,0,0,0,0,0,122,0,0,122,0,9,0,9,0,24,63,121,24,54,121,2.991525,282.914593,6070.001856,0.000000,14.285714,0.000000,0,0,0,4983851.548419,21.293692,140.747993,7150.367795,1586.294375,419.442959,270.916877,4980936.919850,4974562.738940,2276.654211,9288.809478,637.974359,0.031829,0.008416,0.005436,99.941519,0.012801,13.863081,10.181423,2.363758,34.724772,98,0.246812,15,0,0,100.000000,0.742953,95.673077,3767.936729,1107.599271,7190.058109,0.000000,444.018019
22020.000000,contribution,optical,hardware,1,1,1,0,priority,0.000500,180,15,hybrid,0.050000,4000.000000,6.087000,64.000000,500.000000,500.000000,2.000000,120.000000,0.400000,208,121,208,122,199,24,53,0,0,0,0,0,122,122,0,0,0.000000,1.000000,43.431679,clear-ocean,30.000000,60.000000,0.151000,1187,3141891,805.613077,3.658552,87,0,0,87,0,77,0,0,77,0,0,0,0,0,0,122,0,0,122,0,9,0,9,0,24,63,121,24,54,121,2.991525,282.914593,6070.001856,0.000000,14.285714,0.000000,0,0,0,4997448.649891,21.293692,140.747993,7150.367795,1590.430545,420.477002,271.146664,4994528.621323,4988154.440413,2282.054211,9294.209478,637.974359,0.031825,0.008414,0.005426,99.941570,0.012766,13.863081,10.181423,2.363758,34.630154,98,0.246140,15,0,0,100.000000,0.742953,95.673077,3767.936729,1104.581290,7276.164825,0.000000,386.850460
22080.000000,contribution,optical,hardware,1,1,1,0,priority,0.000500,180,15,hybrid,0.050000,4000.000000,6.087000,64.000000,500.000000,500.000000,2.000000,120.000000,0.400000,208,121,208,122,199,24,53,0,0,0,0,0,122,122,0,0,0.000000,1.000000,43.431679,clear-ocean,30.000000,60.000000,0.151000,1187,3141891,805.613077,3.648610,87,0,0,87,0,77,0,0,77,0,0,0,0,0,0,122,0,0,122,0,9,0,9,0,24,63,121,24,54,121,2.991525,282.914593,6070.001856,0.000000,14.285714,0.000000,0,0,0,5011045.751364,21.293692,140.747993,7150.367795,1594.566715,421.511044,271.376452,5008120.322795,5001746.141885,2287.454211,9299.609478,637.974359,0.031821,0.008412,0.005416,99.941620,0.012731,13.863081,10.181423,2.363758,34.536051,98,0.245471,15,0,0,100.000000,0.742953,95.673077,3767.936729,1101.579710,7362.271541,0.000000,316.706863
22140.000000,contribution,optical,hardware,1,1,1,0,priority,0.000500,180,15,hybrid,0.050000,4000.000000,6.087000,64.000000,500.000000,500.000000,2.000000,120.000000,0.400000,208,121,208,122,199,24,53,0,0,0,0,0,122,122,0,0,0.000000,1.000000,43.431679,clear-ocean,30.000000,60.000000,0.151000,1187,3141891,805.613077,3.638722,87,0,0,87,0,77,0,0,77,0,0,0,0,0,0,122,0,0,122,0,9,0,9,0,24,63,121,24,54,121,2.991525,282.914593,6070.001856,0.000000,14.285714,0.000000,0,0,0,5024642.852836,21.293692,140.747993,7150.367795,1598.702885,422.545087,271.606239,5021712.024268,5015337.843358,2292.854211,9305.009478,637.974359,0.031817,0.008409,0.005405,99.941671,0.012697,13.863081,10.181423,2.363758,34.442457,98,0.244806,15,0,0,100.000000,0.742953,95.673077,3767.936729,1098.594399,7448.378257,0.000000,240.238181
22200.000000,contribution,optical,hardware,1,1,1,0,priority,0.000500,180,15,hybrid,0.050000,4000.000000,6.087000,64.000000,500.000000,500.000000,2.000000,120.000000,0.400000,208,121,208,122,199,24,53,0,0,0,0,0,122,122,0,0,0.000000,1.000000,43.431679,clear-ocean,30.000000,60.000000,0.151000,1187,3141891,805.613077,3.628888,87,0,0,87,0,77,0,0,77,0,0,0,0,0,0,122,0,0,122,0,9,0,9,0,24,63,121,24,54,121,2.991525,282.914593,6070.001856,0.000000,14.285714,0.000000,0,0,0,5038239.954309,21.293692,140.747993,7150.367795,1602.839056,423.579129,271.836026,5035303.725740,5028929.544830,2298.254211,9310.409478,637.974359,0.031813,0.008407,0.005395,99.941721,0.012663,13.863081,10.181423,2.363758,34.349369,98,0.244144,15,0,0,100.000000,0.742953,95.673077,3767.936729,1095.625225,7534.484973,0.000000,164.695106
22260.000000,contribution,optical,hardware,1,1,1,0,priority,0.000500,180,15,hybrid,0.050000,4000.000000,6.087000,64.000000,500.000000,500.000000,2.000000,120.000000,0.400000,208,121,208,122,199,24,53,0,0,0,0,0,122,122,0,0,0.000000,1.000000,43.431679,clear-ocean,30.000000,60.000000,0.151000,1187,3141891,805.613077,3.619106,87,0,0,87,0,77,0,0,77,0,0,0,0,0,0,122,0,0,122,0,9,0,9,0,24,63,121,24,54,121,2.991525,282.914593,6070.001856,0.000000,14.285714,0.000000,0,0,0,5051837.055781,21.293692,140.747993,7150.367795,1606.975226,424.613172,272.065813,5048895.427213,5042521.246303,2303.654211,9315.809478,637.974359,0.031810,0.008405,0.005385,99.941771,0.012629,13.863081,10.181423,2.363758,34.256783,98,0.243486,15,0,0,100.000000,0.742953,95.673077,3767.936729,1092.672058,7620.591690,0.000000,97.240565
22320.000000,contribution,optical,hardware,1,1,1,0,priority,0.000500,180,15,hybrid,0.050000,4000.000000,6.087000,64.000000,500.000000,500.000000,2.000000,120.000000,0.400000,208,121,208,122,199,24,53,0,0,0,0,0,122,122,0,0,0.000000,1.000000,43.431679,clear-ocean,30.000000,60.000000,0.151000,1187,3141891,805.613077,3.609378,87,0,0,87,0,77,0,0,77,0,0,0,0,0,0,122,0,0,122,0,9,0,9,0,24,63,121,24,54,121,2.991525,282.914593,6070.001856,0.000000,14.285714,0.000000,0,0,0,5065434.157254,21.293692,140.747993,7150.367795,1611.111396,425.647214,272.295601,5062487.128685,5056112.947775,2309.054211,9321.209478,637.974359,0.031806,0.008403,0.005376,99.941821,0.012595,13.863081,10.181423,2.363758,34.164695,98,0.242832,15,0,0,100.000000,0.742953,95.673077,3767.936729,1089.734767,7706.698406,0.000000,44.270537
22380.000000,contribution,optical,hardware,1,1,1,0,priority,0.000500,180,15,hybrid,0.050000,4000.000000,6.087000,64.000000,500.000000,500.000000,2.000000,120.000000,0.400000,208,121,208,122,199,24,53,0,0,0,0,0,122,122,0,0,0.000000,1.000000,43.431679,clear-ocean,30.000000,60.000000,0.151000,1187,3141891,805.613077,3.599701,87,0,0,87,0,77,0,0,77,0,0,0,0,0,0,122,0,0,122,0,9,0,9,0,24,63,121,24,54,121,2.991525,282.914593,6070.001856,0.000000,14.285714,0.000000,0,0,0,5079031.258726,21.293692,140.747993,7150.367795,1615.247566,426.681257,272.525388,5076078.830158,5069704.649248,2314.454211,9326.609478,637.974359,0.031802,0.008401,0.005366,99.941870,0.012561,13.863081,10.181423,2.363758,34.073101,98,0.242181,15,0,0,100.000000,0.742953,95.673077,3767.936729,1086.813226,7792.805122,0.000000,10.807592
22440.000000,contribution,optical,hardware,1,1,1,0,priority,0.000500,180,15,hybrid,0.050000,4000.000000,6.087000,64.000000,500.000000,500.000000,2.000000,120.000000,0.400000,208,121,208,122,199,24,53,0,0,0,0,0,122,122,0,0,0.000000,1.000000,43.431679,clear-ocean,30.000000,60.000000,0.151000,1187,3141891,805.613077,3.590076,87,0,0,87,0,77,0,0,77,0,0,0,0,0,0,122,0,0,122,0,9,0,9,0,24,63,121,24,54,121,2.991525,282.914593,6070.001856,0.000000,14.285714,0.000000,0,0,0,5092628.360199,21.293692,140.747993,7150.367795,1619.383736,427.715300,272.755175,5089670.531630,5083296.350720,2319.854211,9332.009478,637.974359,0.031799,0.008399,0.005356,99.941919,0.012527,13.863081,10.181423,2.363758,33.981996,98,0.241533,15,0,0,100.000000,0.742953,95.673077,3767.936729,1083.907308,7878.911838,-0.000000,0.024657
22500.000000,contribution,optical,hardware,1,1,1,0,priority,0.000500,180,15,hybrid,0.050000,4000.000000,6.087000,64.000000,500.000000,500.000000,2.000000,120.000000,0.400000,208,121,208,122,199,24,53,0,0,0,0,0,122,122,0,0,0.000000,1.000000,43.431679,clear-ocean,30.000000,60.000000,0.151000,1187,3141891,805.613077,3.580503,87,0,0,87,0,77,0,0,77,0,0,0,0,0,0,122,0,0,122,0,9,0,9,0,24,63,121,24,54,121,2.991525,282.914593,6070.001856,0.000000,14.285714,0.000000,0,0,0,5106225.461671,21.293692,140.747993,7150.367795,1623.519907,428.749342,272.984962,5103262.233103,5096888.052193,2325.254211,9337.409478,637.974359,0.031795,0.008397,0.005346,99.941968,0.012494,13.863081,10.181423,2.363758,33.891378,98,0.240889,15,0,0,100.000000,0.742953,95.673077,3767.936729,1081.016889,7965.018554,-0.000000,12.944161
22560.000000,contribution,optical,hardware,1,1,1,0,priority,0.000500,180,15,hybrid,0.050000,4000.000000,6.087000,64.000000,500.000000,500.000000,2.000000,120.000000,0.400000,208,121,208,122,199,24,53,0,0,0,0,0,122,122,0,0,0.000000,1.000000,43.431679,clear-ocean,30.000000,60.000000,0.151000,1187,3141891,805.613077,3.570980,87,0,0,87,0,77,0,0,77,0,0,0,0,0,0,122,0,0,122,0,9,0,9,0,24,63,121,24,54,121,2.991525,282.914593,6070.001856,0.000000,14.285714,0.000000,0,0,0,5119822.563144,21.293692,140.747993,7150.367795,1627.656077,429.783385,273.214750,5116853.934575,5110479.753665,2330.654211,9342.809478,637.974359,0.031791,0.008394,0.005336,99.942017,0.012461,13.863081,10.181423,2.363758,33.801241,98,0.240248,15,0,0,100.000000,0.742953,95.673077,3767.936729,1078.141844,8051.125270,-0.000000,48.341087
22620.000000,contribution,optical,hardware,1,1,1,0,priority,0.000500,180,15,hybrid,0.050000,4000.000000,6.087000,64.000000,500.000000,500.000000,2.000000,120.000000,0.400000,208,121,208,122,199,24,53,0,0,0,0,0,122,122,0,0,0.000000,1.000000,43.431679,clear-ocean,30.000000,60.000000,0.151000,1187,3141891,805.613077,3.561508,87,0,0,87,0,77,0,0,77,0,0,0,0,0,0,122,0,0,122,0,9,0,9,0,24,63,121,24,54,121,2.991525,282.914593,6070.001856,0.000000,14.285714,0.000000,0,0,0,5133419.664616,21.293692,140.747993,7150.367795,1631.792247,430.817427,273.444537,5130445.636048,5124071.455138,2336.054211,9348.209478,637.974359,0.031788,0.008392,0.005327,99.942065,0.012428,13.863081,10.181423,2.363758,33.711583,98,0.239611,15,0,0,100.000000,0.742953,95.673077,3767.936729,1075.282051,8137.231986,-0.000000,102.859131
22680.000000,contribution,optical,hardware,1,1,1,0,priority,0.000500,180,15,hybrid,0.050000,4000.000000,6.087000,64.000000,500.000000,500.000000,2.000000,120.000000,0.400000,208,121,208,122,199,24,53,0,0,0,0,0,122,122,0,0,0.000000,1.000000,43.431679,clear-ocean,30.000000,60.000000,0.151000,1187,3141891,805.613077,3.552086,87,0,0,87,0,77,0,0,77,0,0,0,0,0,0,122,0,0,122,0,9,0,9,0,24,63,121,24,54,121,2.991525,282.914593,6070.001856,0.000000,14.285714,0.000000,0,0,0,5147016.766089,21.293692,140.747993,7150.367795,1635.928417,431.851470,273.674324,5144037.337520,5137663.156610,2341.454211,9353.609478,637.974359,0.031784,0.008390,0.005317,99.942113,0.012395,13.863081,10.181423,2.363758,33.622399,98,0.238977,15,0,0,100.000000,0.742953,95.673077,3767.936729,1072.437390,8223.338703,-0.000000,171.328940
22740.000000,contribution,optical,hardware,1,1,1,0,priority,0.000500,180,15,hybrid,0.050000,4000.000000,6.087000,64.000000,500.000000,500.000000,2.000000,120.000000,0.400000,208,121,208,122,199,24,53,0,0,0,0,0,122,122,0,0,0.000000,1.000000,43.431679,clear-ocean,30.000000,60.000000,0.151000,1187,3141891,805.613077,3.542714,87,0,0,87,0,77,0,0,77,0,0,0,0,0,0,122,0,0,122,0,9,0,9,0,24,63,121,24,54,121,2.991525,282.914593,6070.001856,0.000000,14.285714,0.000000,0,0,0,5160613.867561,21.293692,140.747993,7150.367795,1640.064588,432.885512,273.904111,5157629.038993,5151254.858083,2346.854211,9359.009478,637.974359,0.031780,0.008388,0.005308,99.942161,0.012362,13.863081,10.181423,2.363758,33.533685,98,0.238347,15,0,0,100.000000,0.742953,95.673077,3767.936729,1069.607740,8309.445419,-0.000000,247.258269
22800.000000,contribution,optical,hardware,1,1,1,0,priority,0.000500,180,15,hybrid,0.050000,4000.000000,6.087000,64.000000,500.000000,500.000000,2.000000,120.000000,0.400000,208,121,208,122,199,24,53,0,0,0,0,0,122,122,0,0,0.000000,1.000000,43.431679,clear-ocean,30.000000,60.000000,0.151000,1187,3141891,805.613077,3.533391,87,0,0,87,0,77,0,0,77,0,0,0,0,0,0,122,0,0,122,0,9,0,9,0,24,63,121,24,54,121,2.991525,282.914593,6070.001856,0.000000,14.285714,0.000000,0,0,0,5174210.969034,21.293692,140.747993,7150.367795,1644.200758,433.919555,274.133898,5171220.740465,5164846.559556,2352.254211,9364.409478,637.974359,0.031777,0.008386,0.005298,99.942209,0.012330,13.863081,10.181423,2.363758,33.445439,98,0.237719,15,0,0,100.000000,0.742953,95.673077,3767.936729,1066.792982,8395.552135,-0.000000,323.447567
22860.000000,contribution,optical,hardware,1,1,1,0,priority,0.000500,180,15,hybrid,0.050000,4000.000000,6.087000,64.000000,500.000000,500.000000,2.000000,120.000000,0.400000,208,121,208,122,199,24,53,0,0,0,0,0,122,122,0,0,0.000000,1.000000,43.431679,clear-ocean,30.000000,60.000000,0.151000,1187,3141891,805.613077,3.524117,87,0,0,87,0,77,0,0,77,0,0,0,0,0,0,122,0,0,122,0,9,0,9,0,24,63,121,24,54,121,2.991525,282.914593,6070.001856,0.000000,14.285714,0.000000,0,0,0,5187808.070506,21.293692,140.747993,7150.367795,1648.336928,434.953597,274.363686,5184812.441938,5178438.261028,2357.654211,9369.809478,637.974359,0.031773,0.008384,0.005289,99.942256,0.012298,13.863081,10.181423,2.363758,33.357655,98,0.237095,15,0,0,100.000000,0.742953,95.673077,3767.936729,1063.993001,8481.658851,-0.000000,392.672631
22920.000000,contribution,optical,hardware,1,1,1,0,priority,0.000500,180,15,hybrid,0.050000,4000.000000,6.087000,64.000000,500.000000,500.000000,2.000000,120.000000,0.400000,208,121,208,122,199,24,53,0,0,0,0,0,122,122,0,0,0.000000,1.000000,43.431679,clear-ocean,30.000000,60.000000,0.151000,1187,3141891,805.613077,3.514891,87,0,0,87,0,77,0,0,77,0,0,0,0,0,0,122,0,0,122,0,9,0,9,0,24,63,121,24,54,121,2.991525,282.914593,6070.001856,0.000000,14.285714,0.000000,0,0,0,5201405.171979,21.293692,140.747993,7150.367795,1652.473098,435.987640,274.593473,5198404.143411,5192029.962501,2363.054211,9375.209478,637.974359,0.031770,0.008382,0.005279,99.942304,0.012265,13.863081,10.181423,2.363758,33.270332,98,0.236475,15,0,0,100.000000,0.742953,95.673077,3767.936729,1061.207679,8567.765567,-0.000000,448.369605
22980.000000,contribution,optical,hardware,1,1,1,0,priority,0.000500,180,15,hybrid,0.050000,4000.000000,6.087000,64.000000,500.000000,500.000000,2.000000,120.000000,0.400000,208,121,208,122,199,24,53,0,0,0,0,0,122,122,0,0,0.000000,1.000000,43.431679,clear-ocean,30.000000,60.000000,0.151000,1187,3141891,805.613077,3.505714,87,0,0,87,0,77,0,0,77,0,0,0,0,0,0,122,0,0,122,0,9,0,9,0,24,63,121,24,54,121,2.991525,282.914593,6070.001856,0.000000,14.285714,0.000000,0,0,0,5215002.273451,21.293692,140.747993,7150.367795,1656.609268,437.021682,274.823260,5211995.844883,5205621.663973,2368.454211,9380.609478,637.974359,0.031766,0.008380,0.005270,99.942350,0.012233,13.863081,10.181423,2.363758,33.183464,98,0.235857,15,0,0,100.000000,0.742953,95.673077,3767.936729,1058.436902,8653.872283,-0.000000,485.257350
23040.000000,contribution,optical,hardware,1,1,1,0,priority,0.000500,180,15,hybrid,0.050000,4000.000000,6.087000,64.000000,500.000000,500.000000,2.000000,120.000000,0.400000,208,121,208,122,199,24,53,0,0,0,0,0,122,122,0,0,0.000000,1.000000,43.431679,clear-ocean,30.000000,60.000000,0.151000,1187,3141891,805.613077,3.496585,87,0,0,87,0,77,0,0,77,0,0,0,0,0,0,122,0,0,122,0,9,0,9,0,24,63,121,24,54,121,2.991525,282.914593,6070.001856,0.000000,14.285714,0.000000,0,0,0,5228599.374924,21.293692,140.747993,7150.367795,1660.745439,438.055725,275.053047,5225587.546356,5219213.365446,2373.854211,9386.009478,637.974359,0.031763,0.008378,0.005261,99.942397,0.012202,13.863081,10.181423,2.363758,33.097049,98,0.235243,15,0,0,100.000000,0.742953,95.673077,3767.936729,1055.680556,8739.978999,-0.000000,499.838204
23100.000000,contribution,optical,hardware,1,1,1,0,priority,0.000500,180,15,hybrid,0.050000,4000.000000,6.087000,64.000000,500.000000,500.000000,2.000000,120.000000,0.400000,208,121,208,122,199,24,53,0,0,0,0,0,122,122,0,0,0.000000,1.000000,43.431679,clear-ocean,30.000000,60.000000,0.151000,1187,3141891,805.613077,3.487502,87,0,0,87,0,77,0,0,77,0,0,0,0,0,0,122,0,0,122,0,9,0,9,0,24,63,121,24,54,121,2.991525,282.914593,6070.001856,0.000000,14.285714,0.000000,0,0,0,5242196.476397,21.293692,140.747993,7150.367795,1664.881609,439.089768,275.282835,5239179.247828,5232805.066918,2379.254211,9391.409478,637.974359,0.031759,0.008376,0.005251,99.942443,0.012170,13.863081,10.181423,2.363758,33.011082,98,0.234632,15,0,0,100.000000,0.742953,95.673077,3767.936729,1052.938528,8826.085716,0.000000,490.729622
23160.000000,contribution,optical,hardware,1,1,1,0,priority,0.000500,180,15,hybrid,0.050000,4000.000000,6.087000,64.000000,500.000000,500.000000,2.000000,120.000000,0.400000,208,121,208,122,199,24,53,0,0,0,0,0,122,122,0,0,0.000000,1.000000,43.431679,clear-ocean,30.000000,60.000000,0.151000,1187,3141891,805.613077,3.478468,87,0,0,87,0,77,0,0,77,0,0,0,0,0,0,122,0,0,122,0,9,0,9,0,24,63,121,24,54,121,2.991525,282.914593,6070.001856,0.000000,14.285714,0.000000,0,0,0,5255793.577869,21.293692,140.747993,7150.367795,1669.017779,440.123810,275.512622,5252770.949301,5246396.768391,2384.654211,9396.809478,637.974359,0.031756,0.008374,0.005242,99.942490,0.012138,13.863081,10.181423,2.363758,32.925561,98,0.234024,15,0,0,100.000000,0.742953,95.673077,3767.936729,1050.210708,8912.192432,0.000000,458.795274
23220.000000,contribution,optical,hardware,1,1,1,0,priority,0.000500,180,15,hybrid,0.050000,4000.000000,6.087000,64.000000,500.000000,500.000000,2.000000,120.000000,0.400000,208,121,208,122,199,24,53,0,0,0,0,0,122,122,0,0,0.000000,1.000000,43.431679,clear-ocean,30.000000,60.000000,0.151000,1187,3141891,805.613077,3.469479,87,0,0,87,0,77,0,0,77,0,0,0,0,0,0,122,0,0,122,0,9,0,9,0,24,63,121,24,54,121,2.991525,282.914593,6070.001856,0.000000,14.285714,0.000000,0,0,0,5269390.679342,21.293692,140.747993,7150.367795,1673.153949,441.157853,275.742409,5266362.650773,5259988.469863,2390.054211,9402.209478,637.974359,0.031752,0.008372,0.005233,99.942536,0.012107,13.863081,10.181423,2.363758,32.840482,98,0.233419,15,0,0,100.000000,0.742953,95.673077,3767.936729,1047.496985,8998.299148,0.000000,407.063144
23280.000000,contribution,optical,hardware,1,1,1,0,priority,0.000500,180,15,hybrid,0.050000,4000.000000,6.087000,64.000000,500.000000,500.000000,2.000000,120.000000,0.400000,208,121,208,122,199,24,53,0,0,0,0,0,122,122,0,0,0.000000,1.000000,43.431679,clear-ocean,30.000000,60.000000,0.151000,1187,3141891,805.613077,3.460537,87,0,0,87,0,77,0,0,77,0,0,0,0,0,0,122,0,0,122,0,9,0,9,0,24,63,121,24,54,121,2.991525,282.914593,6070.001856,0.000000,14.285714,0.000000,0,0,0,5282987.780814,21.293692,140.747993,7150.367795,1677.290119,442.191895,275.972196,5279954.352246,5273580.171336,2395.454211,9407.609478,637.974359,0.031749,0.008370,0.005224,99.942581,0.012076,13.863081,10.181423,2.363758,32.755842,98,0.232818,15,0,0,100.000000,0.742953,95.673077,3767.936729,1044.797251,9084.405864,0.000000,340.438428
23340.000000,contribution,optical,hardware,1,1,1,0,priority,0.000500,180,15,hybrid,0.050000,4000.000000,6.087000,64.000000,500.000000,500.000000,2.000000,120.000000,0.400000,208,121,208,122,199,24,53,0,0,0,0,0,122,122,0,0,0.000000,1.000000,43.431679,clear-ocean,30.000000,60.000000,0.151000,1187,3141891,805.613077,3.451641,87,0,0,87,0,77,0,0,77,0,0,0,0,0,0,122,0,0,122,0,9,0,9,0,24,63,121,24,54,121,2.991525,282.914593,6070.001856,0.000000,14.285714,0.000000,0,0,0,5296584.882287,21.293692,140.747993,7150.367795,1681.426290,443.225938,276.201984,5293546.053718,5287171.872808,2400.854211,9413.009478,637.974359,0.031745,0.008368,0.005215,99.942627,0.012045,13.863081,10.181423,2.363758,32.671637,98,0.232219,15,0,0,100.000000,0.742953,95.673077,3767.936729,1042.111397,9170.512580,0.000000,265.238421
23400.000000,contribution,optical,hardware,1,1,1,0,priority,0.000500,180,15,hybrid,0.050000,4000.000000,6.087000,64.000000,500.000000,500.000000,2.000000,120.000000,0.400000,208,121,208,122,199,24,53,0,0,0,0,0,122,122,0,0,0.000000,1.000000,43.431679,clear-ocean,30.000000,60.000000,0.151000,1187,3141891,805.613077,3.442791,87,0,0,87,0,77,0,0,77,0,0,0,0,0,0,122,0,0,122,0,9,0,9,0,24,63,121,24,54,121,2.991525,282.914593,6070.001856,0.000000,14.285714,0.000000,0,0,0,5310181.983759,21.293692,140.747993,7150.367795,1685.562460,444.259980,276.431771,5307137.755191,5300763.574281,2406.254211,9418.409478,637.974359,0.031742,0.008366,0.005206,99.942672,0.012014,13.863081,10.181423,2.363758,32.587863,98,0.231624,15,0,0,100.000000,0.742953,95.673077,3767.936729,1039.439316,9256.619296,0.000000,188.593520
23450.000000,contribution,optical,hardware,1,1,1,0,priority,0.000500,180,15,hybrid,0.050000,4000.000000,6.087000,64.000000,500.000000,500.000000,2.000000,120.000000,0.400000,208,121,208,122,199,24,53,0,0,0,0,0,122,122,0,0,0.000000,1.000000,43.431679,clear-ocean,30.000000,60.000000,0.151000,1187,3141891,805.613077,3.435450,87,0,0,87,0,77,0,0,77,0,0,0,0,0,0,122,0,0,122,0,9,0,9,0,24,63,121,24,54,121,2.991525,282.914593,6070.001856,0.000000,14.285714,0.000000,0,0,0,5321512.901653,21.293692,140.747993,7150.367795,1689.009268,445.121682,276.623260,5318464.173085,5312089.992175,2410.754211,9422.909478,637.974359,0.031739,0.008365,0.005198,99.942709,0.011989,13.863081,10.181423,2.363758,32.518380,98,0.231130,15,0,0,100.000000,0.742953,95.673077,3767.936729,1037.223028,9328.374893,0.000000,128.874011
