time,protocol,auvCollectionMedium,energyModel,lowPayloadAtGateway,enableHighFallback,enableMediumFallback,matchHybridQueues,ddnBufferPolicy,nodeIdlePowerW,nodes,sinks,sinkPlacement,trafficLoad,trafficStop,auvSpeedKmh,txPowerMarginDb,ddnEomOffset,ddnDepth,highFallbackTimeout,mediumFallbackTimeout,mediumFallbackRhoMax,generated,gatewayOriginated,reachedDdn,collectedByAuv,delivered,directCriticalToSink,directMediumToSink,directLowToSink,bufferDropped,bufferDroppedHigh,bufferDroppedMedium,bufferDroppedLow,opticalTransfers,opticalAttempted,opticalLost,opticalPending,opticalLossPct,opticalMeanPktSuccess,opticalMeanSnrDb,opticalWaterType,opticalRange,opticalPointingCoherenceSeconds,opticalExtCoeff,acousticTransfers,acousticTxBytes,acousticTxAirtimeS,acousticTxAirtimePct,acousticSourceAttempts,acousticRetransmissions,acousticRetryExhausted,acousticAcks,acousticPending,directSourceAttempts,directRetransmissions,directCyclesExhausted,directAcks,directPending,mobileSourceAttempts,mobileRetransmissions,mobileContactFailures,mobileAcks,mobilePending,auvSurfaceSourceAttempts,auvSurfaceRetransmissions,auvSurfaceContactFailures,auvSurfaceAcks,auvSurfacePending,deadlineExpired,deadlineExpiredHigh,deadlineExpiredMedium,deadlineExpiredLow,highGenerated,mediumGenerated,lowGenerated,highDelivered,mediumDelivered,lowDelivered,highAvgDelay,mediumAvgDelay,lowAvgDelay,highMissRatio,mediumMissRatio,lowMissRatio,highDeadlineMiss,mediumDeadlineMiss,lowDeadlineMiss,energyConsumedJ,highEnergyJ,mediumEnergyJ,lowEnergyJ,bsnEnergyJ,drnEnergyJ,ddnEnergyJ,auvEnergyJ,auvOperationalEnergyJ,submergedEnergyJ,incrementalMissionEnergyJ,sinkEnergyJ,bsnEnergyPct,drnEnergyPct,ddnEnergyPct,auvEnergyPct,sinkEnergyPct,highEnergyMjByte,mediumEnergyMjByte,lowEnergyMjByte,meanDdnBuffered,maxDdnBuffered,meanAuvBuffered,maxAuvBuffered,ddnBuffered,auvBuffered,upstreamPdr,avgDelayAcoustic,pdr,avgDelay,throughputBps,auvX,auvY,auvZ
0.000000,contribution,optical,hardware,1,1,1,0,priority,0.000500,180,15,hybrid,0.050000,4000.000000,6.087000,58.000000,500.000000,500.000000,2.000000,120.000000,0.400000,0,0,0,0,0,0,0,0,0,0,0,0,0,0,0,0,0.000000,0.000000,0.000000,clear-ocean,30.000000,60.000000,0.151000,0,0,0.000000,0.000000,0,0,0,0,0,0,0,0,0,0,0,0,0,0,0,0,0,0,0,0,0,0,0,0,0,0,0,0,0,0,0.000000,0.000000,0.000000,0.000000,0.000000,0.000000,0,0,0,226.618358,0.000000,0.000000,0.000000,0.068936,0.017234,0.003830,226.528358,226.528358,0.090000,0.090000,0.000000,0.030419,0.007605,0.001690,99.960286,0.000000,0.000000,0.000000,0.000000,0.000000,0,0.000000,0,0,0,0.000000,0.000000,0.000000,0.000000,0.000000,875.000000,0.000000,0.000000
60.000000,contribution,optical,hardware,1,1,1,0,priority,0.000500,180,15,hybrid,0.050000,4000.000000,6.087000,58.000000,500.000000,500.000000,2.000000,120.000000,0.400000,4,2,4,0,1,1,0,0,0,0,0,0,0,0,0,0,0.000000,0.000000,0.000000,clear-ocean,30.000000,60.000000,0.151000,4,612,0.156923,0.261538,2,0,0,2,0,1,0,0,1,0,0,0,0,0,0,0,0,0,0,0,0,0,0,0,1,1,2,1,0,0,2.939884,0.000000,0.000000,0.000000,100.000000,100.000000,0,0,0,13598.245190,0.638103,0.505615,0.000000,4.879273,1.116504,0.493582,13591.701473,13591.701473,6.489359,6.543718,0.054359,0.035882,0.008211,0.003630,99.951878,0.000400,9.970353,0.000000,0.000000,1.233333,3,0.000000,0,3,0,100.000000,0.243846,25.000000,2.939884,8.533333,961.106716,-0.000000,11.852388
120.000000,contribution,optical,hardware,1,1,1,0,priority,0.000500,180,15,hybrid,0.050000,4000.000000,6.087000,58.000000,500.000000,500.000000,2.000000,120.000000,0.400000,8,5,8,0,1,1,0,0,0,0,0,0,0,0,0,0,0.000000,0.000000,0.000000,clear-ocean,30.000000,60.000000,0.151000,6,1206,0.309231,0.257692,3,0,0,3,0,1,0,0,1,0,0,0,0,0,0,0,0,0,0,0,0,0,0,0,1,2,5,1,0,0,2.939884,0.000000,0.000000,0.000000,100.000000,100.000000,0,0,0,27196.532689,0.638103,1.691641,0.000000,9.437571,2.881624,0.756190,27183.402945,27183.402945,13.075385,13.129744,0.054359,0.034701,0.010596,0.002780,99.951723,0.000200,9.970353,0.000000,0.000000,2.975000,6,0.000000,0,7,0,100.000000,0.376923,12.500000,2.939884,4.266667,1047.213432,-0.000000,46.285720
180.000000,contribution,optical,hardware,1,1,1,0,priority,0.000500,180,15,hybrid,0.050000,4000.000000,6.087000,58.000000,500.000000,500.000000,2.000000,120.000000,0.400000,14,9,14,0,2,1,1,0,0,0,0,0,0,0,0,0,0.000000,0.000000,0.000000,clear-ocean,30.000000,60.000000,0.151000,14,3582,0.918462,0.510256,5,0,0,5,0,2,0,0,2,0,0,0,0,0,0,0,0,0,0,0,0,0,0,0,1,4,9,1,1,0,2.939884,121.014872,0.000000,0.000000,75.000000,100.000000,0,0,0,40798.424212,0.638103,6.481692,0.000000,15.377536,6.047974,1.746182,40775.104418,40775.104418,23.171692,23.319795,0.148103,0.037691,0.014824,0.004280,99.942841,0.000363,9.970353,25.319111,0.000000,4.783333,12,0.000000,0,12,0,100.000000,0.657641,14.285714,61.977378,14.222222,1133.320148,-0.000000,100.035057
240.000000,contribution,optical,hardware,1,1,1,0,priority,0.000500,180,15,hybrid,0.050000,4000.000000,6.087000,58.000000,500.000000,500.000000,2.000000,120.000000,0.400000,15,10,15,0,3,1,2,0,0,0,0,0,0,0,0,0,0.000000,0.000000,0.000000,clear-ocean,30.000000,60.000000,0.151000,15,3879,0.994615,0.414423,5,0,0,5,0,3,0,0,3,0,0,0,0,0,0,0,0,0,0,0,0,0,0,0,1,4,10,1,2,0,2.939884,121.262803,0.000000,0.000000,50.000000,100.000000,0,0,0,54396.231941,0.638103,7.187949,0.000000,19.513706,7.082016,2.588482,54366.805890,54366.805890,29.184205,29.426051,0.241846,0.035873,0.013019,0.004759,99.945904,0.000445,9.970353,14.038962,0.000000,6.466667,12,0.000000,0,12,0,100.000000,0.657641,20.000000,81.821830,19.200000,1219.426865,-0.000000,168.003936
300.000000,contribution,optical,hardware,1,1,1,0,priority,0.000500,180,15,hybrid,0.050000,4000.000000,6.087000,58.000000,500.000000,500.000000,2.000000,120.000000,0.400000,22,14,22,0,5,2,3,0,0,0,0,0,0,0,0,0,0.000000,0.000000,0.000000,clear-ocean,30.000000,60.000000,0.151000,22,5382,1.380000,0.460000,8,0,0,8,0,5,0,0,5,0,0,0,0,0,0,0,0,0,0,0,0,0,0,0,2,6,14,2,3,0,2.732186,127.954906,0.000000,0.000000,50.000000,100.000000,0,0,0,67996.369414,1.276205,9.585846,0.000000,24.815107,8.929597,3.727398,67958.507363,67958.507363,37.472103,37.862051,0.389949,0.036495,0.013132,0.005482,99.944318,0.000573,9.970353,12.481571,0.000000,8.180000,18,0.000000,0,17,0,100.000000,0.552372,22.727273,77.865818,23.893333,1305.533581,-0.000000,243.747609
360.000000,contribution,optical,hardware,1,1,1,0,priority,0.000500,180,15,hybrid,0.050000,4000.000000,6.087000,58.000000,500.000000,500.000000,2.000000,120.000000,0.400000,23,14,23,0,6,2,4,0,0,0,0,0,0,0,0,0,0.000000,0.000000,0.000000,clear-ocean,30.000000,60.000000,0.151000,26,6570,1.684615,0.467949,9,0,0,9,0,6,0,0,6,0,0,0,0,0,0,0,0,0,0,0,0,0,0,0,2,7,14,2,4,0,2.732186,134.970377,0.000000,0.000000,42.857143,100.000000,0,0,0,81595.642297,1.276205,11.757256,0.000000,30.332944,10.024563,4.592262,81550.208835,81550.208835,44.949769,45.433462,0.483692,0.037175,0.012286,0.005628,99.944319,0.000593,9.970353,11.481696,0.000000,9.672222,18,0.000000,0,17,0,100.000000,0.567066,26.086957,90.890980,25.600000,1391.640297,-0.000000,320.084127
420.000000,contribution,optical,hardware,1,1,1,0,priority,0.000500,180,15,hybrid,0.050000,4000.000000,6.087000,58.000000,500.000000,500.000000,2.000000,120.000000,0.400000,25,16,25,0,7,2,5,0,0,0,0,0,0,0,0,0,0.000000,0.000000,0.000000,clear-ocean,30.000000,60.000000,0.151000,27,6867,1.760769,0.419231,9,0,0,9,0,7,0,0,7,0,0,0,0,0,0,0,0,0,0,0,0,0,0,0,2,7,16,2,5,0,2.732186,139.341303,0.000000,0.000000,28.571429,100.000000,0,0,0,95193.450026,1.276205,12.463513,0.000000,34.469115,11.058606,5.434562,95141.910308,95141.910308,50.962282,51.539718,0.577436,0.036210,0.011617,0.005709,99.945858,0.000607,9.970353,9.737119,0.000000,10.807143,19,0.000000,0,18,0,100.000000,0.567066,28.000000,100.310127,26.819048,1477.747013,-0.000000,389.775332
480.000000,contribution,optical,hardware,1,1,1,0,priority,0.000500,180,15,hybrid,0.050000,4000.000000,6.087000,58.000000,500.000000,500.000000,2.000000,120.000000,0.400000,28,18,28,0,8,2,6,0,0,0,0,0,0,0,0,0,0.000000,0.000000,0.000000,clear-ocean,30.000000,60.000000,0.151000,33,8649,2.217692,0.462019,10,0,0,10,0,8,0,0,8,0,0,0,0,0,0,0,0,0,0,0,0,0,0,0,2,8,18,2,6,0,2.732186,147.057506,0.000000,0.000000,25.000000,100.000000,0,0,0,108793.924113,1.276205,15.836128,0.000000,40.466721,12.823725,6.350708,108733.611780,108733.611780,59.641154,60.312333,0.671179,0.037196,0.011787,0.005837,99.944563,0.000617,9.970353,10.309979,0.000000,11.922917,21,0.000000,0,20,0,100.000000,0.643128,28.571429,110.976176,27.733333,1563.853729,-0.000000,446.213164
540.000000,contribution,optical,hardware,1,1,1,0,priority,0.000500,180,15,hybrid,0.050000,4000.000000,6.087000,58.000000,500.000000,500.000000,2.000000,120.000000,0.400000,34,23,34,0,10,3,7,0,0,0,0,0,0,0,0,0,0.000000,0.000000,0.000000,clear-ocean,30.000000,60.000000,0.151000,39,9471,2.428462,0.449715,11,0,0,11,0,10,0,0,10,0,0,0,0,0,0,0,0,0,0,0,0,0,0,0,3,8,23,3,7,0,2.887780,155.960276,0.000000,0.000000,12.500000,100.000000,0,0,0,122392.895073,2.439436,16.542385,0.000000,44.923865,14.353152,7.485521,122325.313253,122325.313253,66.762538,67.581821,0.819282,0.036705,0.011727,0.006116,99.944783,0.000669,12.705395,9.231241,0.000000,13.120370,25,0.000000,0,24,0,100.000000,0.665781,29.411765,110.038527,29.392593,1649.960445,-0.000000,484.046240
600.000000,contribution,optical,hardware,1,1,1,0,priority,0.000500,180,15,hybrid,0.050000,4000.000000,6.087000,58.000000,500.000000,500.000000,2.000000,120.000000,0.400000,35,24,35,15,12,3,7,0,0,0,0,0,15,15,0,0,0.000000,1.000000,42.886866,clear-ocean,30.000000,60.000000,0.151000,48,39192,10.049231,1.674872,11,0,0,11,0,10,0,0,10,0,0,0,0,0,0,3,0,0,2,1,0,0,0,0,3,8,24,3,8,1,2.887780,152.991432,447.420262,0.000000,0.000000,95.833333,0,0,0,136084.303385,2.439436,17.269121,93.580103,49.060035,15.387195,24.527596,135989.195635,135917.014725,88.974826,167.288659,6.132923,0.036051,0.011307,0.018024,99.930111,0.004507,12.705395,8.432188,3.743204,14.018333,25,0.218333,14,10,12,100.000000,0.665781,34.285714,140.001255,363.200000,1736.067161,-0.000000,499.687261
660.000000,contribution,optical,hardware,1,1,1,0,priority,0.000500,180,15,hybrid,0.050000,4000.000000,6.087000,58.000000,500.000000,500.000000,2.000000,120.000000,0.400000,35,24,35,15,19,3,7,0,0,0,0,0,15,15,0,0,0.000000,1.000000,42.886866,clear-ocean,30.000000,60.000000,0.151000,101,232749,59.679231,9.042308,11,0,0,11,0,10,0,0,10,0,0,0,0,0,0,10,0,0,9,1,0,0,0,0,3,8,24,3,8,8,2.887780,152.991432,406.027779,0.000000,0.000000,66.666667,0,0,0,150117.552960,2.439436,17.269121,529.728205,53.196206,16.421237,24.757383,149977.960082,149508.716198,94.374826,608.836762,45.218051,0.035436,0.010939,0.016492,99.907011,0.030122,12.705395,8.432188,2.648641,13.653030,25,0.992424,14,10,5,100.000000,0.665781,54.285714,235.832476,2451.393939,1822.173878,0.000000,491.653159
720.000000,contribution,optical,hardware,1,1,1,0,priority,0.000500,180,15,hybrid,0.050000,4000.000000,6.087000,58.000000,500.000000,500.000000,2.000000,120.000000,0.400000,39,26,39,15,26,4,7,0,0,0,0,0,15,15,0,0,0.000000,1.000000,42.886866,clear-ocean,30.000000,60.000000,0.151000,146,365202,93.641538,13.005769,13,0,0,13,0,11,0,0,11,0,0,0,0,0,0,15,0,0,15,0,0,0,0,0,4,9,26,4,8,14,2.977656,152.991432,337.564089,0.000000,11.111111,46.153846,0,0,0,164014.694253,3.427026,18.734275,827.315282,59.374248,17.537741,25.261222,163838.475093,163100.417670,102.173211,914.276583,74.045949,0.036201,0.010693,0.015402,99.892559,0.045146,13.386819,9.147595,2.363758,13.501389,25,1.048611,14,13,0,100.000000,0.655937,66.666667,229.297666,3914.488889,1908.280594,0.000000,460.705721
780.000000,contribution,optical,hardware,1,1,1,0,priority,0.000500,180,15,hybrid,0.050000,4000.000000,6.087000,58.000000,500.000000,500.000000,2.000000,120.000000,0.400000,41,27,41,15,27,5,7,0,0,0,0,0,15,15,0,0,0.000000,1.000000,42.886866,clear-ocean,30.000000,60.000000,0.151000,148,365412,93.695385,12.012229,14,0,0,14,0,12,0,0,12,0,0,0,0,0,0,15,0,0,15,0,0,0,0,0,5,9,27,5,8,14,2.981014,152.991432,337.564089,0.000000,11.111111,48.148148,0,0,0,177612.264212,3.895513,18.734275,827.315282,63.661777,18.593322,25.732240,177430.176565,176692.119143,107.987339,920.145070,74.100308,0.035843,0.010468,0.014488,99.897480,0.041720,12.173478,9.147595,2.363758,13.474359,25,0.967949,14,14,0,100.000000,0.618352,65.853659,220.916066,3614.030769,1994.387310,0.000000,409.779355
840.000000,contribution,optical,hardware,1,1,1,0,priority,0.000500,180,15,hybrid,0.050000,4000.000000,6.087000,58.000000,500.000000,500.000000,2.000000,120.000000,0.400000,43,29,43,15,28,5,8,0,0,0,0,0,15,15,0,0,0.000000,1.000000,42.886866,clear-ocean,30.000000,60.000000,0.151000,149,365709,93.771538,11.163278,14,0,0,14,0,13,0,0,13,0,0,0,0,0,0,15,0,0,15,0,0,0,0,0,5,9,29,5,9,14,2.981014,149.446110,337.564089,0.000000,0.000000,51.724138,0,0,0,191210.071941,3.895513,19.440531,827.315282,67.797947,19.627365,26.574540,191021.878038,190283.820615,113.999852,926.251326,74.194051,0.035457,0.010265,0.013898,99.901577,0.038802,12.173478,8.437731,2.363758,13.552381,25,0.898810,14,15,0,100.000000,0.618352,65.116279,217.350618,3358.323810,2080.494026,0.000000,343.702853
900.000000,contribution,optical,hardware,1,1,1,0,priority,0.000500,180,15,hybrid,0.050000,4000.000000,6.087000,58.000000,500.000000,500.000000,2.000000,120.000000,0.400000,46,32,46,15,28,5,8,0,0,0,0,0,15,15,0,0,0.000000,1.000000,42.886866,clear-ocean,30.000000,60.000000,0.151000,149,365709,93.771538,10.419060,14,0,0,14,0,13,0,0,13,0,0,0,0,0,0,15,0,0,15,0,0,0,0,0,5,9,32,5,9,14,2.981014,149.446110,337.564089,0.000000,0.000000,56.250000,0,0,0,204807.173414,3.895513,19.440531,827.315282,71.934117,20.661408,26.804327,204613.579510,203875.522088,119.399852,931.651326,74.194051,0.035123,0.010088,0.013088,99.905475,0.036226,12.173478,8.437731,2.363758,13.753333,25,0.838889,14,18,0,100.000000,0.618352,60.869565,217.350618,3134.435556,2166.600742,0.000000,268.741531
960.000000,contribution,optical,hardware,1,1,1,0,priority,0.000500,180,15,hybrid,0.050000,4000.000000,6.087000,58.000000,500.000000,500.000000,2.000000,120.000000,0.400000,47,33,47,15,28,5,8,0,0,0,0,0,15,15,0,0,0.000000,1.000000,42.886866,clear-ocean,30.000000,60.000000,0.151000,149,365709,93.771538,9.767869,14,0,0,14,0,13,0,0,13,0,0,0,0,0,0,15,0,0,15,0,0,0,0,0,5,9,33,5,9,14,2.981014,149.446110,337.564089,0.000000,0.000000,57.575758,0,0,0,218404.274886,3.895513,19.440531,827.315282,76.070288,21.695450,27.034115,218205.280983,217467.223560,124.799852,937.051326,74.194051,0.034830,0.009934,0.012378,99.908887,0.033971,12.173478,8.437731,2.363758,14.072917,25,0.786458,14,19,0,100.000000,0.618352,59.574468,217.350618,2938.533333,2252.707458,0.000000,192.003154
1020.000000,contribution,optical,hardware,1,1,1,0,priority,0.000500,180,15,hybrid,0.050000,4000.000000,6.087000,58.000000,500.000000,500.000000,2.000000,120.000000,0.400000,50,34,50,15,29,6,8,0,0,0,0,0,15,15,0,0,0.000000,1.000000,42.886866,clear-ocean,30.000000,60.000000,0.151000,157,367317,94.183846,9.233710,16,0,0,16,0,14,0,0,14,0,0,0,0,0,0,15,0,0,15,0,0,0,0,0,6,10,34,6,9,14,2.968773,149.446110,337.564089,0.000000,10.000000,58.823529,0,0,0,232004.746949,4.889128,21.817506,827.315282,81.259714,24.626108,27.630261,231796.982456,231058.925033,133.516083,945.821916,74.248410,0.035025,0.010614,0.011909,99.910448,0.032003,12.732105,9.469403,2.363758,14.442157,25,0.740196,14,21,0,100.000000,0.669103,58.000000,209.956030,2766.180392,2338.814174,0.000000,120.763985
1080.000000,contribution,optical,hardware,1,1,1,0,priority,0.000500,180,15,hybrid,0.050000,4000.000000,6.087000,58.000000,500.000000,500.000000,2.000000,120.000000,0.400000,53,35,53,15,30,7,8,0,0,0,0,0,15,15,0,0,0.000000,1.000000,42.886866,clear-ocean,30.000000,60.000000,0.151000,167,369327,94.699231,8.768447,18,0,0,18,0,15,0,0,15,0,0,0,0,0,0,15,0,0,15,0,0,0,0,0,7,11,35,7,9,14,2.896306,149.446110,337.564089,0.000000,18.181818,60.000000,0,0,0,245605.678011,6.052359,24.483865,827.315282,87.578295,26.886612,28.226407,245388.683928,244650.626505,142.691314,955.051506,74.302769,0.035658,0.010947,0.011493,99.911649,0.030253,13.509730,10.626677,2.363758,14.879630,25,0.699074,14,23,0,100.000000,0.718091,56.603774,203.039546,2612.977778,2424.920891,0.000000,61.778860
1140.000000,contribution,optical,hardware,1,1,1,0,priority,0.000500,180,15,hybrid,0.050000,4000.000000,6.087000,58.000000,500.000000,500.000000,2.000000,120.000000,0.400000,55,36,55,15,31,7,9,0,0,0,0,0,15,15,0,0,0.000000,1.000000,42.886866,clear-ocean,30.000000,60.000000,0.151000,171,370515,95.003846,8.333671,19,0,0,19,0,16,0,0,16,0,0,0,0,0,0,15,0,0,15,0,0,0,0,0,7,12,36,7,10,14,2.896306,146.603230,337.564089,0.000000,16.666667,61.111111,0,0,0,259205.151535,6.052359,26.855916,827.315282,92.616362,28.651732,29.101527,258980.385401,258242.327978,150.369621,962.823557,74.396513,0.035731,0.011054,0.011227,99.913286,0.028702,13.509730,10.490592,2.363758,15.356140,25,0.662281,14,24,0,100.000000,0.726154,56.363636,200.393667,2477.249123,2511.027607,0.000000,20.640695
1200.000000,contribution,optical,hardware,1,1,1,0,priority,0.000500,180,15,hybrid,0.050000,4000.000000,6.087000,58.000000,500.000000,500.000000,2.000000,120.000000,0.400000,57,38,57,15,32,7,10,0,0,0,0,0,15,15,0,0,0.000000,1.000000,42.886866,clear-ocean,30.000000,60.000000,0.151000,172,370812,95.080000,7.923333,19,0,0,19,0,17,0,0,17,0,0,0,0,0,0,15,0,0,15,0,0,0,0,0,7,12,38,7,11,14,2.896306,145.557420,337.564089,0.000000,8.333333,63.157895,0,0,0,272802.959264,6.052359,27.562172,827.315282,96.752532,29.685774,29.943828,272572.086873,271834.029450,156.382134,968.929813,74.490256,0.035466,0.010882,0.010976,99.915370,0.027306,13.509730,9.787703,2.363758,15.845833,26,0.629167,14,25,0,100.000000,0.726154,56.140351,198.353219,2355.093333,2597.134323,0.000000,1.250174
1260.000000,contribution,optical,hardware,1,1,1,0,priority,0.000500,180,15,hybrid,0.050000,4000.000000,6.087000,58.000000,500.000000,500.000000,2.000000,120.000000,0.400000,60,40,60,15,33,7,11,0,0,0,0,0,15,15,0,0,0.000000,1.000000,42.886866,clear-ocean,30.000000,60.000000,0.151000,176,372000,95.384615,7.570208,20,0,0,20,0,18,0,0,18,0,0,0,0,0,0,15,0,0,15,0,0,0,0,0,7,13,40,7,12,14,2.896306,145.036754,337.564089,0.000000,7.692308,65.000000,0,0,0,286402.232146,6.052359,29.733583,827.315282,102.270369,30.780740,30.808692,286163.788346,285425.730923,163.859801,976.501224,74.584000,0.035709,0.010747,0.010757,99.916745,0.026042,13.509730,9.678901,2.363758,16.360317,28,0.599206,14,27,0,100.000000,0.724077,55.000000,196.564013,2244.571429,2683.241039,-0.000000,5.445889
1320.000000,contribution,optical,hardware,1,1,1,0,priority,0.000500,180,15,hybrid,0.050000,4000.000000,6.087000,58.000000,500.000000,500.000000,2.000000,120.000000,0.400000,62,42,62,15,33,7,11,0,0,0,0,0,15,15,0,0,0.000000,1.000000,42.886866,clear-ocean,30.000000,60.000000,0.151000,176,372000,95.384615,7.226107,20,0,0,20,0,18,0,0,18,0,0,0,0,0,0,15,0,0,15,0,0,0,0,0,7,13,42,7,12,14,2.896306,145.036754,337.564089,0.000000,7.692308,66.666667,0,0,0,299999.333619,6.052359,29.733583,827.315282,106.406540,31.814782,31.038479,299755.489818,299017.432395,169.259801,981.901224,74.584000,0.035469,0.010605,0.010346,99.918719,0.024861,13.509730,9.678901,2.363758,16.925758,29,0.571970,14,29,0,100.000000,0.724077,53.225806,196.564013,2142.545455,2769.347755,-0.000000,32.830006
1380.000000,contribution,optical,hardware,1,1,1,0,priority,0.000500,180,15,hybrid,0.050000,4000.000000,6.087000,58.000000,500.000000,500.000000,2.000000,120.000000,0.400000,65,44,65,15,34,7,12,0,0,0,0,0,15,15,0,0,0.000000,1.000000,42.886866,clear-ocean,30.000000,60.000000,0.151000,181,373485,95.765385,6.939521,21,0,0,21,0,19,0,0,19,0,0,0,0,0,0,15,0,0,15,0,0,0,0,0,7,14,44,7,13,14,2.896306,143.190227,337.564089,0.000000,7.142857,68.181818,0,0,0,313599.096527,6.052359,32.395018,827.315282,112.404146,32.909748,31.913600,313347.191291,312609.133868,177.227493,989.962659,74.677744,0.035843,0.010494,0.010177,99.919673,0.023813,13.509730,9.734080,2.363758,17.481884,31,0.547101,14,31,0,100.000000,0.733065,52.307692,194.342481,2050.875362,2855.454471,-0.000000,80.805987
1440.000000,contribution,optical,hardware,1,1,1,0,priority,0.000500,180,15,hybrid,0.050000,4000.000000,6.087000,58.000000,500.000000,500.000000,2.000000,120.000000,0.400000,68,47,68,15,34,7,12,0,0,0,0,0,15,15,0,0,0.000000,1.000000,42.886866,clear-ocean,30.000000,60.000000,0.151000,181,373485,95.765385,6.650374,21,0,0,21,0,19,0,0,19,0,0,0,0,0,0,15,0,0,15,0,0,0,0,0,7,14,47,7,13,14,2.896306,143.190227,337.564089,0.000000,7.142857,70.212766,0,0,0,327196.198000,6.052359,32.395018,827.315282,116.540316,33.943791,32.143387,326938.892763,326200.835340,182.627493,995.362659,74.677744,0.035618,0.010374,0.009824,99.921361,0.022824,13.509730,9.734080,2.363758,18.109028,34,0.524306,14,34,0,100.000000,0.733065,50.000000,194.342481,1965.422222,2941.561187,-0.000000,144.824794
1500.000000,contribution,optical,hardware,1,1,1,0,priority,0.000500,180,15,hybrid,0.050000,4000.000000,6.087000,58.000000,500.000000,500.000000,2.000000,120.000000,0.400000,71,50,71,15,35,7,13,0,0,0,0,0,15,15,0,0,0.000000,1.000000,42.886866,clear-ocean,30.000000,60.000000,0.151000,182,373782,95.841538,6.389436,21,0,0,21,0,20,0,0,20,0,0,0,0,0,0,15,0,0,15,0,0,0,0,0,7,14,50,7,14,14,2.896306,141.608646,337.564089,0.000000,0.000000,72.000000,0,0,0,340794.005729,6.052359,33.101275,827.315282,120.676486,34.977833,32.985687,340530.594236,339792.536813,188.640006,1001.468916,74.771487,0.035410,0.010264,0.009679,99.922707,0.021940,13.509730,9.235847,2.363758,18.804000,36,0.503333,14,36,0,100.000000,0.733065,49.295775,192.248355,1888.170667,3027.667904,-0.000000,218.816219
1560.000000,contribution,optical,hardware,1,1,1,0,priority,0.000500,180,15,hybrid,0.050000,4000.000000,6.087000,58.000000,500.000000,500.000000,2.000000,120.000000,0.400000,73,52,73,15,35,7,13,0,0,0,0,0,15,15,0,0,0.000000,1.000000,42.886866,clear-ocean,30.000000,60.000000,0.151000,182,373782,95.841538,6.143688,21,0,0,21,0,20,0,0,20,0,0,0,0,0,0,15,0,0,15,0,0,0,0,0,7,14,52,7,14,14,2.896306,141.608646,337.564089,0.000000,0.000000,73.076923,0,0,0,354391.107201,6.052359,33.101275,827.315282,124.812656,36.011876,33.215474,354122.295708,353384.238285,194.040006,1006.868916,74.771487,0.035219,0.010162,0.009373,99.924148,0.021099,13.509730,9.235847,2.363758,19.498077,38,0.483974,14,38,0,100.000000,0.733065,47.945205,192.248355,1815.548718,3113.774620,-0.000000,295.764462
1620.000000,contribution,optical,hardware,1,1,1,0,priority,0.000500,180,15,hybrid,0.050000,4000.000000,6.087000,58.000000,500.000000,500.000000,2.000000,120.000000,0.400000,74,52,74,15,35,7,13,0,0,0,0,0,15,15,0,0,0.000000,1.000000,42.886866,clear-ocean,30.000000,60.000000,0.151000,186,374970,96.146154,5.934948,22,0,0,22,0,20,0,0,20,0,0,0,0,0,0,15,0,0,15,0,0,0,0,0,7,15,52,7,14,14,2.896306,141.608646,337.564089,0.000000,6.666667,73.076923,0,0,0,367990.395264,6.052359,35.287865,827.315282,130.330493,37.776995,33.519107,367713.997181,366975.939758,201.626596,1014.455506,74.771487,0.035417,0.010266,0.009109,99.924890,0.020319,13.509730,9.845944,2.363758,20.218519,39,0.466049,14,39,0,100.000000,0.749720,47.297297,192.248355,1748.306173,3199.881336,-0.000000,368.373360
1680.000000,contribution,optical,hardware,1,1,1,0,priority,0.000500,180,15,hybrid,0.050000,4000.000000,6.087000,58.000000,500.000000,500.000000,2.000000,120.000000,0.400000,75,52,75,15,35,7,13,0,0,0,0,0,15,15,0,0,0.000000,1.000000,42.886866,clear-ocean,30.000000,60.000000,0.151000,189,375861,96.374615,5.736584,23,0,0,23,0,20,0,0,20,0,0,0,0,0,0,15,0,0,15,0,0,0,0,0,7,16,52,7,14,14,2.896306,141.608646,337.564089,0.000000,12.500000,73.076923,0,0,0,381589.162531,6.052359,36.953659,827.315282,135.368561,39.542115,33.781715,381305.698653,380567.641230,208.692391,1021.521301,74.771487,0.035475,0.010362,0.008853,99.925715,0.019595,13.509730,10.310731,2.363758,20.901786,40,0.449405,14,40,0,100.000000,0.755006,46.666667,192.248355,1685.866667,3285.988052,-0.000000,429.758202
1740.000000,contribution,optical,hardware,1,1,1,0,priority,0.000500,180,15,hybrid,0.050000,4000.000000,6.087000,58.000000,500.000000,500.000000,2.000000,120.000000,0.400000,77,53,77,15,36,7,14,0,0,0,0,0,15,15,0,0,0.000000,1.000000,42.886866,clear-ocean,30.000000,60.000000,0.151000,192,376752,96.603077,5.551901,24,0,0,24,0,21,0,0,21,0,0,0,0,0,0,15,0,0,15,0,0,0,0,0,7,17,53,7,15,14,2.896306,140.249534,337.564089,0.000000,11.764706,73.584906,0,0,0,395188.156285,6.052359,38.845942,827.315282,139.926859,41.307234,34.656836,394897.400126,394159.342703,215.890929,1028.813583,74.865231,0.035408,0.010453,0.008770,99.926426,0.018944,13.509730,10.116131,2.363758,21.536782,41,0.433908,14,41,0,100.000000,0.750342,46.753247,190.275400,1628.910345,3372.094768,-0.000000,474.098532
1800.000000,contribution,optical,hardware,1,1,1,0,priority,0.000500,180,15,hybrid,0.050000,4000.000000,6.087000,58.000000,500.000000,500.000000,2.000000,120.000000,0.400000,80,55,80,15,38,8,15,0,0,0,0,0,15,15,0,0,0.000000,1.000000,42.886866,clear-ocean,30.000000,60.000000,0.151000,195,377259,96.733077,5.374060,25,0,0,25,0,23,0,0,23,0,0,0,0,0,0,15,0,0,15,0,0,0,0,0,8,17,55,8,16,14,2.865318,139.031208,337.564089,0.000000,5.882353,74.545455,0,0,0,408786.432502,6.520846,39.552198,827.315282,144.214388,42.362815,35.740367,408489.101598,407751.044175,222.317570,1035.388326,75.013333,0.035279,0.010363,0.008743,99.927265,0.018350,12.736028,9.656298,2.363758,22.215556,43,0.419444,14,42,0,100.000000,0.725518,47.500000,183.508398,1576.035556,3458.201484,-0.000000,497.190040
1860.000000,contribution,optical,hardware,1,1,1,0,priority,0.000500,180,15,hybrid,0.050000,4000.000000,6.087000,58.000000,500.000000,500.000000,2.000000,120.000000,0.400000,82,56,82,29,45,8,16,0,0,0,0,0,29,29,0,0,0.000000,1.000000,43.296164,clear-ocean,30.000000,60.000000,0.151000,241,537849,137.910000,7.414516,26,0,0,26,0,24,0,0,24,0,0,0,0,0,0,22,0,0,21,1,0,0,0,0,8,18,56,8,17,20,2.865318,137.996583,613.202269,0.000000,5.555556,64.285714,0,0,0,422772.281846,6.520846,40.764070,1214.851282,148.772687,43.457781,53.405231,422420.219686,421342.745648,245.635698,1429.536198,106.426462,0.035190,0.010279,0.012632,99.916725,0.025173,12.736028,9.366744,2.429703,22.518817,43,0.687097,14,29,7,100.000000,0.706391,54.878049,325.175774,2171.458065,3544.308200,0.000000,496.843209
1920.000000,contribution,optical,hardware,1,1,1,0,priority,0.000500,180,15,hybrid,0.050000,4000.000000,6.087000,58.000000,500.000000,500.000000,2.000000,120.000000,0.400000,84,57,84,29,53,9,16,0,0,0,0,0,29,29,0,0,0.000000,1.000000,43.296164,clear-ocean,30.000000,60.000000,0.151000,298,731826,187.647692,9.773317,27,0,0,27,0,25,0,0,25,0,0,0,0,0,0,29,0,0,28,1,0,0,0,0,9,18,57,9,17,27,2.858477,137.996583,725.980207,0.000000,5.555556,52.631579,0,0,0,436807.187754,7.328564,40.764070,1651.848000,153.399447,44.513362,53.876249,436408.984133,434934.447120,251.789057,1872.740634,146.414564,0.035118,0.010191,0.012334,99.908838,0.033519,12.723202,9.366744,2.447182,22.730208,43,0.778646,14,30,0,100.000000,0.694644,63.095238,414.587430,2833.033333,3630.414917,0.000000,473.090927
1980.000000,contribution,optical,hardware,1,1,1,0,priority,0.000500,180,15,hybrid,0.050000,4000.000000,6.087000,58.000000,500.000000,500.000000,2.000000,120.000000,0.400000,96,64,96,29,56,10,17,0,0,0,0,0,29,29,0,0,0.000000,1.000000,43.296164,clear-ocean,30.000000,60.000000,0.151000,320,737568,189.120000,9.551515,33,1,0,32,0,27,0,0,27,0,0,0,0,0,0,29,0,0,29,0,0,0,0,0,10,22,64,10,18,28,2.891552,137.041399,734.213292,0.000000,18.181818,56.250000,0,0,0,450417.296304,8.491795,49.825352,1654.630564,162.362797,49.637250,55.265421,450001.642734,448526.148593,267.265467,1891.147711,148.388103,0.036047,0.011020,0.012270,99.907718,0.032945,13.268429,10.812793,2.363758,23.075758,43,0.755051,14,40,0,100.000000,1.137107,58.333333,411.672016,2849.486869,3716.521633,0.000000,428.185362
2040.000000,contribution,optical,hardware,1,1,1,0,priority,0.000500,180,15,hybrid,0.050000,4000.000000,6.087000,58.000000,500.000000,500.000000,2.000000,120.000000,0.400000,98,64,98,29,57,11,17,0,0,0,0,0,29,29,0,0,0.000000,1.000000,43.296164,clear-ocean,30.000000,60.000000,0.151000,328,738984,189.483077,9.288386,35,1,0,34,0,28,0,0,28,0,0,0,0,0,0,29,0,0,29,0,0,0,0,0,11,23,64,11,18,28,2.886007,137.041399,734.213292,0.000000,21.739130,56.250000,0,0,0,464016.850520,9.479385,51.290506,1654.630564,168.540839,50.753755,55.769259,463593.344206,462117.850065,275.063852,1899.000454,148.442462,0.036322,0.010938,0.012019,99.908730,0.031991,13.465035,11.130752,2.363758,23.584314,43,0.732843,14,41,0,100.000000,1.105618,58.163265,404.499359,2765.929412,3802.628349,0.000000,366.384420
2100.000000,contribution,optical,hardware,1,1,1,0,priority,0.000500,180,15,hybrid,0.050000,4000.000000,6.087000,58.000000,500.000000,500.000000,2.000000,120.000000,0.400000,103,65,103,29,59,12,18,0,0,0,0,0,29,29,0,0,0.000000,1.000000,43.296164,clear-ocean,30.000000,60.000000,0.151000,336,740784,189.944615,9.044982,39,1,0,38,0,30,0,0,30,0,0,0,0,0,0,29,0,0,29,0,0,0,0,0,12,26,65,12,19,28,2.876225,136.186802,734.213292,0.000000,26.923077,56.923077,0,0,0,477617.292967,10.117487,53.993377,1654.630564,174.744137,51.992105,56.920482,477185.045679,475709.551538,283.656724,1907.741429,148.590564,0.036587,0.010886,0.011918,99.909499,0.031111,13.173811,11.100612,2.363758,24.118571,44,0.711905,14,44,0,100.000000,1.020087,57.281553,392.881968,2688.121905,3888.735065,0.000000,293.548012
2160.000000,contribution,optical,hardware,1,1,1,0,priority,0.000500,180,15,hybrid,0.050000,4000.000000,6.087000,58.000000,500.000000,500.000000,2.000000,120.000000,0.400000,107,68,107,29,60,12,19,0,0,0,0,0,29,29,0,0,0.000000,1.000000,43.296164,clear-ocean,30.000000,60.000000,0.151000,341,742269,190.325385,8.811360,40,1,0,39,0,31,0,0,31,0,0,0,0,0,0,29,0,0,29,0,0,0,0,0,12,27,68,12,20,28,2.876225,138.515440,734.213292,0.000000,25.925926,58.823529,0,0,0,491217.287285,10.117487,56.886224,1654.630564,180.261974,53.757224,57.836628,490776.747151,489301.253011,291.855826,1916.034275,148.684308,0.036697,0.010944,0.011774,99.910317,0.030269,13.173811,11.110591,2.363758,24.707407,47,0.692130,14,47,0,100.000000,1.022123,56.074766,389.379928,2614.400000,3974.841781,0.000000,216.582421
2220.000000,contribution,optical,hardware,1,1,1,0,priority,0.000500,180,15,hybrid,0.050000,4000.000000,6.087000,58.000000,500.000000,500.000000,2.000000,120.000000,0.400000,107,68,107,29,61,12,20,0,0,0,0,0,29,29,0,0,0.000000,1.000000,43.296164,clear-ocean,30.000000,60.000000,0.151000,342,742566,190.401538,8.576646,40,1,0,39,0,32,0,0,32,0,0,0,0,0,0,29,0,0,29,0,0,0,0,0,12,27,68,12,21,28,2.876225,144.041886,734.213292,0.000000,22.222222,58.823529,0,0,0,504815.095014,10.117487,57.592480,1654.630564,184.398144,54.791267,58.678928,504368.448624,502892.954483,297.868339,1922.140531,148.778051,0.036528,0.010854,0.011624,99.911523,0.029472,13.173811,10.712887,2.363758,25.295946,47,0.673423,14,46,0,100.000000,1.022123,57.009346,387.169942,2544.663063,4060.948497,0.000000,142.785454
2280.000000,contribution,optical,hardware,1,1,1,0,priority,0.000500,180,15,hybrid,0.050000,4000.000000,6.087000,58.000000,500.000000,500.000000,2.000000,120.000000,0.400000,108,69,108,29,62,12,21,0,0,0,0,0,29,29,0,0,0.000000,1.000000,43.296164,clear-ocean,30.000000,60.000000,0.151000,343,742863,190.477692,8.354285,40,1,0,39,0,33,0,0,33,0,0,0,0,0,0,29,0,0,29,0,0,0,0,0,12,27,69,12,22,28,2.876225,150.538370,734.213292,0.000000,18.518519,59.420290,0,0,0,518412.902743,10.117487,58.298736,1654.630564,188.534314,55.825309,59.521229,517960.150096,516484.655956,303.880852,1928.246788,148.871795,0.036368,0.010769,0.011481,99.912666,0.028717,13.173811,10.351338,2.363758,25.839035,47,0.655702,14,46,0,100.000000,1.022123,57.407407,385.553726,2478.596491,4147.055213,0.000000,79.154475
2340.000000,contribution,optical,hardware,1,1,1,0,priority,0.000500,180,15,hybrid,0.050000,4000.000000,6.087000,58.000000,500.000000,500.000000,2.000000,120.000000,0.400000,110,70,110,29,63,12,22,0,0,0,0,0,29,29,0,0,0.000000,1.000000,43.296164,clear-ocean,30.000000,60.000000,0.151000,347,744051,190.782308,8.153090,41,1,0,40,0,34,0,0,34,0,0,0,0,0,0,29,0,0,29,0,0,0,0,0,12,28,70,12,23,28,2.876225,157.184811,734.213292,0.000000,17.857143,60.000000,0,0,0,532012.607677,10.117487,60.902198,1654.630564,193.092613,58.260583,60.437375,531551.851569,530076.357428,311.790570,1936.250249,148.965538,0.036295,0.010951,0.011360,99.913394,0.028000,13.173811,10.343444,2.363758,26.355983,47,0.638889,14,47,0,100.000000,1.023019,57.272727,384.249802,2415.917949,4233.161930,0.000000,31.722915
2400.000000,contribution,optical,hardware,1,1,1,0,priority,0.000500,180,15,hybrid,0.050000,4000.000000,6.087000,58.000000,500.000000,500.000000,2.000000,120.000000,0.400000,113,73,113,29,64,12,23,0,0,0,0,0,29,29,0,0,0.000000,1.000000,43.296164,clear-ocean,30.000000,60.000000,0.151000,348,744348,190.858462,7.952436,41,1,0,40,0,35,0,0,35,0,0,0,0,0,0,29,0,0,29,0,0,0,0,0,12,28,73,12,24,28,2.876225,164.438976,734.213292,0.000000,14.285714,61.643836,0,0,0,545610.415406,10.117487,61.608454,1654.630564,197.228783,59.294625,61.279675,545143.553041,543668.058901,317.803083,1942.356506,149.059282,0.036148,0.010868,0.011231,99.914433,0.027320,13.173811,10.027418,2.363758,26.914583,50,0.622917,14,49,0,100.000000,1.023019,56.637168,383.422223,2356.373333,4319.268646,0.000000,4.988194
2460.000000,contribution,optical,hardware,1,1,1,0,priority,0.000500,180,15,hybrid,0.050000,4000.000000,6.087000,58.000000,500.000000,500.000000,2.000000,120.000000,0.400000,116,74,116,29,65,12,24,0,0,0,0,0,29,29,0,0,0.000000,1.000000,43.296164,clear-ocean,30.000000,60.000000,0.151000,356,746724,191.467692,7.783240,43,1,0,42,0,36,0,0,36,0,0,0,0,0,0,29,0,0,29,0,0,0,0,0,12,30,74,12,25,28,2.876225,173.522842,734.213292,0.000000,16.666667,62.162162,0,0,0,559212.075520,10.117487,66.167095,1654.630564,203.648517,61.790822,62.228642,558735.254514,557259.760373,327.667980,1952.315147,149.153026,0.036417,0.011050,0.011128,99.914733,0.026672,13.173811,10.338609,2.363758,27.476829,51,0.607724,14,51,0,100.000000,1.021227,56.034483,383.547045,2299.733333,4405.375362,-0.000000,1.485272
2520.000000,contribution,optical,hardware,1,1,1,0,priority,0.000500,180,15,hybrid,0.050000,4000.000000,6.087000,58.000000,500.000000,500.000000,2.000000,120.000000,0.400000,119,76,119,29,65,12,24,0,0,0,0,0,29,29,0,0,0.000000,1.000000,43.296164,clear-ocean,30.000000,60.000000,0.151000,360,747912,191.772308,7.610012,44,1,0,43,0,36,0,0,36,0,0,0,0,0,0,29,0,0,29,0,0,0,0,0,12,31,76,12,25,28,2.876225,173.522842,734.213292,0.000000,19.354839,63.157895,0,0,0,572811.132172,10.117487,68.122275,1654.630564,209.646123,62.885787,62.491249,572326.955986,570851.461846,335.023160,1959.670326,149.153026,0.036600,0.010978,0.010910,99.915474,0.026039,13.173811,10.644105,2.363758,28.067857,54,0.593254,14,54,0,100.000000,1.018706,54.621849,383.547045,2244.977778,4491.482078,-0.000000,21.546295
2580.000000,contribution,optical,hardware,1,1,1,0,priority,0.000500,180,15,hybrid,0.050000,4000.000000,6.087000,58.000000,500.000000,500.000000,2.000000,120.000000,0.400000,120,77,120,29,66,12,25,0,0,0,0,0,29,29,0,0,0.000000,1.000000,43.296164,clear-ocean,30.000000,60.000000,0.151000,361,748209,191.848462,7.435987,44,1,0,43,0,37,0,0,37,0,0,0,0,0,0,29,0,0,29,0,0,0,0,0,12,31,77,12,26,28,2.876225,184.240936,734.213292,0.000000,16.129032,63.636364,0,0,0,586408.939901,10.117487,68.828531,1654.630564,213.782294,63.919830,63.333549,585918.657459,584443.163318,341.035673,1965.776583,149.246769,0.036456,0.010900,0.010800,99.916392,0.025451,13.173811,10.340825,2.363758,28.671318,55,0.579457,14,54,0,100.000000,1.018706,55.000000,384.587139,2193.562791,4577.588794,-0.000000,63.269094
2640.000000,contribution,optical,hardware,1,1,1,0,priority,0.000500,180,15,hybrid,0.050000,4000.000000,6.087000,58.000000,500.000000,500.000000,2.000000,120.000000,0.400000,122,78,122,29,67,12,26,0,0,0,0,0,29,29,0,0,0.000000,1.000000,43.296164,clear-ocean,30.000000,60.000000,0.151000,364,749100,192.076923,7.275641,45,1,0,44,0,38,0,0,38,0,0,0,0,0,0,29,0,0,29,0,0,0,0,0,12,32,78,12,27,28,2.876225,194.016760,734.213292,0.000000,15.625000,64.102564,0,0,0,600007.733014,10.117487,70.520172,1654.630564,218.820361,65.014795,64.198413,599510.358931,598034.864791,348.033570,1972.868224,149.340513,0.036470,0.010836,0.010700,99.917105,0.024890,13.173811,10.202571,2.363758,29.249621,55,0.566288,14,55,0,100.000000,1.005926,54.918033,385.536409,2144.484848,4663.695510,-0.000000,122.697550
2700.000000,contribution,optical,hardware,1,1,1,0,priority,0.000500,180,15,hybrid,0.050000,4000.000000,6.087000,58.000000,500.000000,500.000000,2.000000,120.000000,0.400000,124,79,124,29,68,12,27,0,0,0,0,0,29,29,0,0,0.000000,1.000000,43.296164,clear-ocean,30.000000,60.000000,0.151000,369,750585,192.457692,7.128063,46,1,0,45,0,39,0,0,39,0,0,0,0,0,0,29,0,0,29,0,0,0,0,0,12,33,79,12,28,28,2.876225,198.840569,734.213292,0.000000,15.151515,64.556962,0,0,0,613607.495923,10.117487,73.181608,1654.630564,224.817967,66.109761,65.073534,613102.060404,611626.566263,356.001262,1980.929659,149.434256,0.036639,0.010774,0.010605,99.917629,0.024353,13.173811,10.209488,2.363758,29.814444,56,0.553704,14,56,0,100.000000,1.003857,54.838710,384.706218,2097.588148,4749.802227,-0.000000,194.196710
2760.000000,contribution,optical,hardware,1,1,1,0,priority,0.000500,180,15,hybrid,0.050000,4000.000000,6.087000,58.000000,500.000000,500.000000,2.000000,120.000000,0.400000,125,80,125,29,69,12,28,0,0,0,0,0,29,29,0,0,0.000000,1.000000,43.296164,clear-ocean,30.000000,60.000000,0.151000,370,750882,192.533846,6.975864,46,1,0,45,0,40,0,0,40,0,0,0,0,0,0,29,0,0,29,0,0,0,0,0,12,33,80,12,29,28,2.876225,202.373816,734.213292,0.000000,12.121212,65.000000,0,0,0,627205.303652,10.117487,73.887865,1654.630564,228.954137,67.143804,65.915834,626693.761876,625218.267736,362.013775,1987.035916,149.528000,0.036504,0.010705,0.010509,99.918441,0.023840,13.173811,9.952568,2.363758,30.392391,57,0.541667,14,56,0,100.000000,1.003857,55.200000,383.497500,2052.730435,4835.908943,-0.000000,270.987089
2820.000000,contribution,optical,hardware,1,1,1,0,priority,0.000500,180,15,hybrid,0.050000,4000.000000,6.087000,58.000000,500.000000,500.000000,2.000000,120.000000,0.400000,126,80,126,29,70,12,29,0,0,0,0,0,29,29,0,0,0.000000,1.000000,43.296164,clear-ocean,30.000000,60.000000,0.151000,374,752070,192.838462,6.838243,47,1,0,46,0,41,0,0,41,0,0,0,0,0,0,29,0,0,29,0,0,0,0,0,12,34,80,12,30,28,2.876225,207.601366,734.213292,0.000000,11.764706,65.000000,0,0,0,640804.777175,10.117487,76.259916,1654.630564,233.992205,68.908923,66.790955,640285.463349,638809.969208,369.692083,1994.807967,149.621744,0.036515,0.010753,0.010423,99.918959,0.023349,13.173811,9.929677,2.363758,30.944326,57,0.530142,14,56,0,100.000000,1.000975,55.555556,383.150398,2009.781560,4922.015659,-0.000000,345.787490
2880.000000,contribution,optical,hardware,1,1,1,0,priority,0.000500,180,15,hybrid,0.050000,4000.000000,6.087000,58.000000,500.000000,500.000000,2.000000,120.000000,0.400000,131,84,131,29,72,13,30,0,0,0,0,0,29,29,0,0,0.000000,1.000000,43.296164,clear-ocean,30.000000,60.000000,0.151000,380,752892,193.049231,6.703098,48,1,0,47,0,43,0,0,43,0,0,0,0,0,0,29,0,0,29,0,0,0,0,0,13,34,84,13,31,28,2.885885,213.111097,734.213292,0.000000,8.823529,66.666667,0,0,0,654403.748135,11.280718,76.966172,1654.630564,238.449350,70.438350,67.925768,653877.164821,652401.670681,376.813467,2002.077454,149.769846,0.036438,0.010764,0.010380,99.919532,0.022886,13.558555,9.698358,2.363758,31.506944,60,0.519097,14,59,0,100.000000,0.998663,54.961832,377.804621,1968.800000,5008.122375,-0.000000,411.505408
2940.000000,contribution,optical,hardware,1,1,1,0,priority,0.000500,180,15,hybrid,0.050000,4000.000000,6.087000,58.000000,500.000000,500.000000,2.000000,120.000000,0.400000,136,86,136,29,74,14,31,0,0,0,0,0,29,29,0,0,0.000000,1.000000,43.296164,clear-ocean,30.000000,60.000000,0.151000,396,756300,193.923077,6.596023,52,2,0,50,0,45,0,0,45,0,0,0,0,0,0,29,0,0,29,0,0,0,0,0,14,36,86,14,32,28,3.774296,215.921364,734.213292,0.000000,11.111111,67.441860,0,0,0,668007.533044,12.694333,82.235993,1654.630564,245.677366,73.863162,69.208273,667468.866294,665993.372153,388.748801,2014.160890,149.917949,0.036778,0.011057,0.010360,99.919362,0.022443,14.167783,10.038573,2.363758,32.124150,63,0.508503,14,62,0,100.000000,1.295864,54.411765,371.895891,1929.491156,5094.229091,-0.000000,461.909527
3000.000000,contribution,optical,hardware,1,1,1,0,priority,0.000500,180,15,hybrid,0.050000,4000.000000,6.087000,58.000000,500.000000,500.000000,2.000000,120.000000,0.400000,138,86,138,29,76,15,32,0,0,0,0,0,29,29,0,0,0.000000,1.000000,43.296164,clear-ocean,30.000000,60.000000,0.151000,405,758013,194.362308,6.478744,54,2,0,52,0,47,0,0,47,0,0,0,0,0,0,29,0,0,29,0,0,0,0,0,15,37,86,15,33,28,3.710458,218.584474,734.213292,0.000000,10.810811,67.441860,0,0,0,681607.793516,13.681923,84.407403,1654.630564,251.855408,74.979666,70.324624,681060.567766,679585.073626,397.159698,2022.719890,150.066051,0.036950,0.011000,0.010317,99.919715,0.022016,14.252003,9.991407,2.363758,32.722333,63,0.498333,14,62,0,100.000000,1.269169,55.072464,366.143641,1891.754667,5180.335807,-0.000000,492.220574
3060.000000,contribution,optical,hardware,1,1,1,0,priority,0.000500,180,15,hybrid,0.050000,4000.000000,6.087000,58.000000,500.000000,500.000000,2.000000,120.000000,0.400000,140,87,140,44,80,15,33,0,0,0,0,0,44,44,0,0,0.000000,1.000000,43.191099,clear-ocean,30.000000,60.000000,0.151000,436,860052,220.526154,7.206737,55,2,0,53,0,48,0,0,48,0,0,0,0,0,0,33,0,0,32,1,0,0,0,0,15,38,87,15,34,31,3.710458,220.650289,852.479997,0.000000,10.526316,64.367816,0,0,0,695463.982322,13.681923,86.099044,1912.026256,256.893476,76.074632,89.189488,694871.762162,693176.775098,422.157596,2287.207224,170.062564,0.036938,0.010939,0.012824,99.914845,0.024453,14.252003,9.891894,2.467131,33.161765,63,0.616013,14,48,11,100.000000,1.253834,57.142857,424.808083,2051.409150,5266.442523,0.000000,499.564484
3120.000000,contribution,optical,hardware,1,1,1,0,priority,0.000500,180,15,hybrid,0.050000,4000.000000,6.087000,58.000000,500.000000,500.000000,2.000000,120.000000,0.400000,141,88,141,44,88,15,33,0,0,0,0,0,44,44,0,0,0.000000,1.000000,43.191099,clear-ocean,30.000000,60.000000,0.151000,488,1049472,269.095385,8.624852,55,2,0,53,0,48,0,0,48,0,0,0,0,0,0,41,0,0,40,1,0,0,0,0,15,38,88,15,34,39,3.710458,220.650289,1048.808980,0.000000,10.526316,55.681818,0,0,0,709488.028615,13.681923,86.099044,2338.971077,261.029646,77.108674,89.419275,708852.043737,706768.476571,427.557596,2719.552044,208.427282,0.036791,0.010868,0.012603,99.910360,0.029377,14.252003,9.891894,2.398945,33.465385,63,0.738782,14,49,3,100.000000,1.253834,62.411348,550.696783,2524.779487,5352.549240,0.000000,483.244912
3180.000000,contribution,optical,hardware,1,1,1,0,priority,0.000500,180,15,hybrid,0.050000,4000.000000,6.087000,58.000000,500.000000,500.000000,2.000000,120.000000,0.400000,145,90,145,44,94,16,34,0,0,0,0,0,44,44,0,0,0.000000,1.000000,43.191099,clear-ocean,30.000000,60.000000,0.151000,522,1139922,292.287692,9.191437,57,2,0,55,0,50,0,0,50,0,0,0,0,0,0,44,0,0,44,0,0,0,0,0,16,39,90,16,35,43,3.651842,221.214292,1109.370400,0.000000,10.256410,52.222222,0,0,0,723290.357805,14.669513,88.270454,2541.039795,267.207688,78.225178,90.535627,722625.782953,720360.178043,435.968493,2930.179762,228.606359,0.036943,0.010815,0.012517,99.908118,0.031606,14.325696,9.851613,2.363758,33.772327,63,0.738050,14,51,0,100.000000,1.230123,64.827586,590.466563,2729.519497,5438.655956,0.000000,444.809266
3240.000000,contribution,optical,hardware,1,1,1,0,priority,0.000500,180,15,hybrid,0.050000,4000.000000,6.087000,58.000000,500.000000,500.000000,2.000000,120.000000,0.400000,148,91,148,44,96,17,35,0,0,0,0,0,44,44,0,0,0.000000,1.000000,43.191099,clear-ocean,30.000000,60.000000,0.151000,530,1141722,292.749231,9.035470,59,2,0,57,0,52,0,0,52,0,0,0,0,0,0,44,0,0,44,0,0,0,0,0,17,40,91,17,36,43,3.622277,223.583264,1109.370400,0.000000,10.000000,52.747253,0,0,0,736890.758816,15.307615,90.931890,2541.039795,273.526268,79.341682,91.651978,736217.484426,733951.879516,444.519929,2938.879301,228.754462,0.037119,0.010767,0.012438,99.908633,0.031043,14.069499,9.866742,2.363758,34.083333,63,0.724383,14,52,0,100.000000,1.207528,64.864865,581.390660,2679.762963,5524.762672,0.000000,387.901981
3300.000000,contribution,optical,hardware,1,1,1,0,priority,0.000500,180,15,hybrid,0.050000,4000.000000,6.087000,58.000000,500.000000,500.000000,2.000000,120.000000,0.400000,150,92,150,44,97,17,36,0,0,0,0,0,44,44,0,0,0.000000,1.000000,43.191099,clear-ocean,30.000000,60.000000,0.151000,534,1142910,293.053846,8.880420,60,2,0,58,0,53,0,0,53,0,0,0,0,0,0,44,0,0,44,0,0,0,0,0,17,41,92,17,37,43,3.622277,224.801601,1109.370400,0.000000,9.756098,53.260870,0,0,0,750490.232340,15.307615,93.303942,2541.039795,278.564336,81.106802,92.527099,749809.185898,747543.580988,452.198237,2946.651352,228.848205,0.037118,0.010807,0.012329,99.909253,0.030493,14.069499,9.850501,2.363758,34.407273,63,0.711212,14,53,0,100.000000,1.201730,64.666667,578.166651,2631.660606,5610.869388,0.000000,317.918952
3360.000000,contribution,optical,hardware,1,1,1,0,priority,0.000500,180,15,hybrid,0.050000,4000.000000,6.087000,58.000000,500.000000,500.000000,2.000000,120.000000,0.400000,154,95,154,44,98,17,37,0,0,0,0,0,44,44,0,0,0.000000,1.000000,43.191099,clear-ocean,30.000000,60.000000,0.151000,538,1144098,293.358462,8.730907,61,2,0,59,0,54,0,0,54,0,0,0,0,0,0,44,0,0,44,0,0,0,0,0,17,42,95,17,38,43,3.622277,226.911624,1109.370400,0.000000,9.523810,54.736842,0,0,0,764089.937274,15.307615,95.907403,2541.039795,283.122634,83.542075,93.443245,763400.887371,761135.282461,460.107955,2954.654813,228.941949,0.037054,0.010934,0.012229,99.909821,0.029963,14.069499,9.858902,2.363758,34.761905,63,0.698512,14,56,0,100.000000,1.199293,63.636364,575.379057,2585.276190,5696.976104,0.000000,241.495910
3420.000000,contribution,optical,hardware,1,1,1,0,priority,0.000500,180,15,hybrid,0.050000,4000.000000,6.087000,58.000000,500.000000,500.000000,2.000000,120.000000,0.400000,154,95,154,44,99,17,38,0,0,0,0,0,44,44,0,0,0.000000,1.000000,43.191099,clear-ocean,30.000000,60.000000,0.151000,539,1144395,293.434615,8.579960,61,2,0,59,0,55,0,0,55,0,0,0,0,0,0,44,0,0,44,0,0,0,0,0,17,42,95,17,39,43,3.622277,225.270101,1109.370400,0.000000,7.142857,54.736842,0,0,0,777687.745003,15.307615,96.613659,2541.039795,287.258805,84.576118,94.285545,776992.588843,774726.983933,466.120467,2960.761070,229.035692,0.036938,0.010875,0.012124,99.910612,0.029451,14.069499,9.676849,2.363758,35.127193,63,0.686257,14,55,0,100.000000,1.199293,64.285714,571.212524,2540.519298,5783.082820,0.000000,165.879217
3480.000000,contribution,optical,hardware,1,1,1,0,priority,0.000500,180,15,hybrid,0.050000,4000.000000,6.087000,58.000000,500.000000,500.000000,2.000000,120.000000,0.400000,155,96,155,44,100,17,39,0,0,0,0,0,44,44,0,0,0.000000,1.000000,43.191099,clear-ocean,30.000000,60.000000,0.151000,540,1144692,293.510769,8.434218,61,2,0,59,0,56,0,0,56,0,0,0,0,0,0,44,0,0,44,0,0,0,0,0,17,42,96,17,40,43,3.622277,223.851593,1109.370400,0.000000,4.761905,55.208333,0,0,0,791285.552732,15.307615,97.319916,2541.039795,291.394975,85.610160,95.127845,790584.290316,788318.685406,472.132980,2966.867326,229.129436,0.036826,0.010819,0.012022,99.911377,0.028957,14.069499,9.503898,2.363758,35.471552,63,0.674425,14,55,0,100.000000,1.199293,64.516129,567.185696,2497.305747,5869.189536,0.000000,98.238782
3540.000000,contribution,optical,hardware,1,1,1,0,priority,0.000500,180,15,hybrid,0.050000,4000.000000,6.087000,58.000000,500.000000,500.000000,2.000000,120.000000,0.400000,156,97,156,44,101,17,40,0,0,0,0,0,44,44,0,0,0.000000,1.000000,43.191099,clear-ocean,30.000000,60.000000,0.151000,541,1144989,293.586923,8.293416,61,2,0,59,0,57,0,0,57,0,0,0,0,0,0,44,0,0,44,0,0,0,0,0,17,42,97,17,41,43,3.622277,222.886035,1109.370400,0.000000,2.380952,55.670103,0,0,0,804883.360461,15.307615,98.026172,2541.039795,295.531145,86.644203,95.970145,804175.991788,801910.386878,478.145493,2972.973583,229.223179,0.036717,0.010765,0.011923,99.912115,0.028479,14.069499,9.339384,2.363758,35.807345,63,0.662994,14,55,0,100.000000,1.199293,64.743590,563.394390,2455.557062,5955.296253,0.000000,44.988210
3600.000000,contribution,optical,hardware,1,1,1,0,priority,0.000500,180,15,hybrid,0.050000,4000.000000,6.087000,58.000000,500.000000,500.000000,2.000000,120.000000,0.400000,158,98,158,44,103,18,41,0,0,0,0,0,44,44,0,0,0.000000,1.000000,43.191099,clear-ocean,30.000000,60.000000,0.151000,548,1145916,293.824615,8.161795,62,2,0,60,0,59,0,0,59,0,0,0,0,0,0,44,0,0,44,0,0,0,0,0,18,42,98,18,42,43,3.600784,228.131704,1109.370400,0.000000,0.000000,56.122449,0,0,0,818482.433728,16.573154,98.732429,2541.039795,300.327520,87.936707,97.104958,817767.693261,815502.088351,485.369185,2980.345377,229.371282,0.036693,0.010744,0.011864,99.912675,0.028024,14.386418,9.182704,2.363758,36.133611,63,0.651944,14,55,0,100.000000,1.193228,65.189873,556.789057,2415.342222,6041.402969,0.000000,11.176673
3660.000000,contribution,optical,hardware,1,1,1,0,priority,0.000500,180,15,hybrid,0.050000,4000.000000,6.087000,58.000000,500.000000,500.000000,2.000000,120.000000,0.400000,164,103,164,44,103,18,41,0,0,0,0,0,44,44,0,0,0.000000,1.000000,43.191099,clear-ocean,30.000000,60.000000,0.151000,549,1146213,293.900769,8.030076,63,2,0,61,0,59,0,0,59,0,0,0,0,0,0,44,0,0,44,0,0,0,0,0,18,43,103,18,42,43,3.600784,228.131704,1109.370400,0.000000,2.325581,58.252427,0,0,0,832080.040816,16.573154,99.238044,2541.039795,304.885819,89.031673,97.357309,831359.394733,829093.789823,491.274801,2986.250993,229.371282,0.036641,0.010700,0.011700,99.913392,0.027566,14.386418,9.229729,2.363758,36.496448,63,0.641257,14,61,0,100.000000,1.177408,62.804878,556.789057,2375.746448,6127.509685,-0.000000,0.010149
3720.000000,contribution,optical,hardware,1,1,1,0,priority,0.000500,180,15,hybrid,0.050000,4000.000000,6.087000,58.000000,500.000000,500.000000,2.000000,120.000000,0.400000,168,105,168,44,105,20,41,0,0,0,0,0,44,44,0,0,0.000000,1.000000,43.191099,clear-ocean,30.000000,60.000000,0.151000,556,1146948,294.089231,7.905624,65,2,0,63,0,61,0,0,61,0,0,0,0,0,0,44,0,0,44,0,0,0,0,0,20,43,105,20,42,43,3.541239,228.131704,1109.370400,0.000000,2.325581,59.047619,0,0,0,845678.588109,18.018974,99.238044,2541.039795,309.833553,90.108792,98.069558,844951.096206,842685.491296,498.011903,2993.096813,229.480000,0.036637,0.010655,0.011597,99.913975,0.027136,14.077324,9.229729,2.363758,36.913441,63,0.630914,14,63,0,100.000000,1.150327,62.500000,546.240796,2337.703226,6213.616401,-0.000000,12.547440
3780.000000,contribution,optical,hardware,1,1,1,0,priority,0.000500,180,15,hybrid,0.050000,4000.000000,6.087000,58.000000,500.000000,500.000000,2.000000,120.000000,0.400000,171,106,170,44,106,20,42,0,0,0,0,0,44,44,0,0,0.000000,1.000000,43.191099,clear-ocean,30.000000,60.000000,0.151000,561,1148433,294.470000,7.790212,67,2,0,64,1,62,0,0,62,0,0,0,0,0,0,44,0,0,44,0,0,0,0,0,20,45,106,20,43,43,3.541239,225.642081,1109.370400,0.000000,4.444444,59.433962,0,0,0,859278.480479,18.018974,102.028942,2541.039795,315.290467,91.873912,98.944679,858542.797678,856277.192769,506.109057,3001.287711,229.573744,0.036692,0.010692,0.011515,99.914384,0.026717,14.077324,9.268618,2.363758,37.347884,65,0.620899,14,64,0,99.415205,1.142402,61.988304,542.229825,2301.138624,6299.723117,-0.000000,47.599769
3840.000000,contribution,optical,hardware,1,1,1,0,priority,0.000500,180,15,hybrid,0.050000,4000.000000,6.087000,58.000000,500.000000,500.000000,2.000000,120.000000,0.400000,173,107,173,44,106,20,42,0,0,0,0,0,44,44,0,0,0.000000,1.000000,43.191099,clear-ocean,30.000000,60.000000,0.151000,568,1150512,295.003077,7.682372,68,2,0,66,0,62,0,0,62,0,0,0,0,0,0,44,0,0,44,0,0,0,0,0,20,46,107,20,43,43,3.541239,225.642081,1109.370400,0.000000,6.521739,59.813084,0,0,0,872879.536285,18.018974,105.983275,2541.039795,321.771124,94.370108,99.322158,872134.499151,869868.894241,515.463391,3010.642044,229.573744,0.036863,0.010811,0.011379,99.914646,0.026301,14.077324,9.627841,2.363758,37.797656,67,0.611198,14,67,0,100.000000,1.144559,61.271676,542.229825,2265.183333,6385.829833,-0.000000,101.843508
3900.000000,contribution,optical,hardware,1,1,1,0,priority,0.000500,180,15,hybrid,0.050000,4000.000000,6.087000,58.000000,500.000000,500.000000,2.000000,120.000000,0.400000,177,110,177,44,107,20,43,0,0,0,0,0,44,44,0,0,0.000000,1.000000,43.191099,clear-ocean,30.000000,60.000000,0.151000,572,1151700,295.307692,7.571992,69,2,0,67,0,63,0,0,63,0,0,0,0,0,0,44,0,0,44,0,0,0,0,0,20,47,110,20,44,43,3.541239,223.257730,1109.370400,0.000000,6.382979,60.909091,0,0,0,886479.241219,18.018974,108.586736,2541.039795,326.329423,96.805381,100.238304,885726.200623,883460.595714,523.373109,3018.645506,229.667487,0.036812,0.010920,0.011307,99.915053,0.025908,14.077324,9.640158,2.363758,38.254872,70,0.601795,14,70,0,100.000000,1.143266,60.451977,538.290580,2230.859487,6471.936549,-0.000000,170.135312
3960.000000,contribution,optical,hardware,1,1,1,0,priority,0.000500,180,15,hybrid,0.050000,4000.000000,6.087000,58.000000,500.000000,500.000000,2.000000,120.000000,0.400000,181,113,181,44,109,21,44,0,0,0,0,0,44,44,0,0,0.000000,1.000000,43.191099,clear-ocean,30.000000,60.000000,0.151000,576,1152312,295.464615,7.461228,70,2,0,68,0,65,0,0,65,0,0,0,0,0,0,44,0,0,44,0,0,0,0,0,21,47,113,21,45,43,3.525859,221.494416,1109.370400,0.000000,4.255319,61.946903,0,0,0,900077.764615,18.734641,109.292993,2541.039795,330.616952,98.097885,101.332092,899317.902096,897052.297186,530.046929,3025.467429,229.815590,0.036732,0.010899,0.011258,99.915578,0.025533,13.939465,9.487239,2.363758,38.756313,72,0.592677,14,72,0,100.000000,1.133014,60.220994,529.763477,2197.705051,6558.043266,-0.000000,245.999815
4020.000000,contribution,optical,hardware,1,1,1,0,priority,0.000500,180,15,hybrid,0.050000,4000.000000,6.087000,58.000000,500.000000,500.000000,2.000000,120.000000,0.400000,184,114,184,44,110,21,45,0,0,0,0,0,44,44,0,0,0.000000,1.000000,43.191099,clear-ocean,30.000000,60.000000,0.151000,581,1153797,295.845385,7.359338,72,2,0,70,0,66,0,0,66,0,0,0,0,0,0,44,0,0,44,0,0,0,0,0,21,49,114,21,46,43,3.525859,220.852945,1109.370400,0.000000,6.122449,62.280702,0,0,0,913677.543113,18.734641,111.970018,2541.039795,336.556917,99.253774,102.219520,912909.603569,910643.998659,538.030211,3033.544454,229.909333,0.036835,0.010863,0.011188,99.915951,0.025163,13.939465,9.508324,2.363758,39.281592,75,0.583831,14,74,0,100.000000,1.113683,59.782609,526.692779,2165.412935,6644.149982,-0.000000,322.243612
4080.000000,contribution,optical,hardware,1,1,1,0,priority,0.000500,180,15,hybrid,0.050000,4000.000000,6.087000,58.000000,500.000000,500.000000,2.000000,120.000000,0.400000,184,114,184,44,111,21,46,0,0,0,0,0,44,44,0,0,0.000000,1.000000,43.191099,clear-ocean,30.000000,60.000000,0.151000,582,1154094,295.921538,7.252979,72,2,0,70,0,67,0,0,67,0,0,0,0,0,0,44,0,0,44,0,0,0,0,0,21,49,114,21,47,43,3.525859,219.874750,1109.370400,0.000000,4.081633,62.280702,0,0,0,927275.350842,18.734641,112.676275,2541.039795,340.693087,100.287817,103.061820,926501.305041,924235.700131,544.042724,3039.650711,230.003077,0.036741,0.010815,0.011114,99.916525,0.024804,13.939465,9.364717,2.363758,39.786765,75,0.575245,14,73,0,100.000000,1.113683,60.326087,523.523274,2134.070588,6730.256698,-0.000000,391.637334
4140.000000,contribution,optical,hardware,1,1,1,0,priority,0.000500,180,15,hybrid,0.050000,4000.000000,6.087000,58.000000,500.000000,500.000000,2.000000,120.000000,0.400000,184,114,184,44,112,21,47,0,0,0,0,0,44,44,0,0,0.000000,1.000000,43.191099,clear-ocean,30.000000,60.000000,0.151000,583,1154391,295.997692,7.149703,72,2,0,70,0,68,0,0,68,0,0,0,0,0,0,44,0,0,44,0,0,0,0,0,21,49,114,21,48,43,3.525859,218.649540,1109.370400,0.000000,2.040816,62.280702,0,0,0,940873.158571,18.734641,113.382531,2541.039795,344.829258,101.321859,103.904120,940093.006514,937827.401604,550.055237,3045.756967,230.096821,0.036650,0.010769,0.011043,99.917082,0.024456,13.939465,9.227094,2.363758,40.264493,75,0.566908,14,72,0,100.000000,1.113683,60.869565,520.287037,2103.636715,6816.363414,-0.000000,447.601131
4200.000000,contribution,optical,hardware,1,1,1,0,priority,0.000500,180,15,hybrid,0.050000,4000.000000,6.087000,58.000000,500.000000,500.000000,2.000000,120.000000,0.400000,184,114,184,44,113,21,48,0,0,0,0,0,44,44,0,0,0.000000,1.000000,43.191099,clear-ocean,30.000000,60.000000,0.151000,584,1154688,296.073846,7.049377,72,2,0,70,0,69,0,0,69,0,0,0,0,0,0,44,0,0,44,0,0,0,0,0,21,49,114,21,49,43,3.525859,218.580482,1109.370400,0.000000,0.000000,62.280702,0,0,0,954470.966300,18.734641,114.088788,2541.039795,348.965428,102.355902,104.746420,953684.707986,951419.103076,556.067750,3051.863224,230.190564,0.036561,0.010724,0.010974,99.917624,0.024117,13.939465,9.095088,2.363758,40.715952,75,0.558810,14,71,0,100.000000,1.113683,61.413043,517.587733,2074.072381,6902.470130,-0.000000,484.828565
4260.000000,contribution,optical,hardware,1,1,1,0,priority,0.000500,180,15,hybrid,0.050000,4000.000000,6.087000,58.000000,500.000000,500.000000,2.000000,120.000000,0.400000,184,114,184,54,114,21,48,0,0,0,0,0,54,54,0,0,0.000000,1.000000,43.295454,clear-ocean,30.000000,60.000000,0.151000,594,1192386,305.740000,7.176995,72,2,0,70,0,69,0,0,69,0,0,0,0,0,0,46,0,0,45,1,0,0,0,0,21,49,114,21,49,44,3.525859,218.580482,1147.316925,0.000000,0.000000,61.403509,0,0,0,968171.468798,18.734641,114.088788,2644.440821,353.101598,103.389944,116.976207,967361.741971,965010.804549,573.467750,3160.664249,236.259077,0.036471,0.010679,0.012082,99.916365,0.024403,13.939465,9.095088,2.404037,41.116667,75,0.573944,14,61,8,100.000000,1.113683,61.956522,537.424837,2091.808451,6988.576846,-0.000000,499.789765
4320.000000,contribution,optical,hardware,1,1,1,0,priority,0.000500,180,15,hybrid,0.050000,4000.000000,6.087000,58.000000,500.000000,500.000000,2.000000,120.000000,0.400000,184,114,184,54,121,21,48,0,0,0,0,0,54,54,0,0,0.000000,1.000000,43.295454,clear-ocean,30.000000,60.000000,0.151000,647,1382271,354.428462,8.204363,72,2,0,70,0,69,0,0,69,0,0,0,0,0,0,53,0,0,52,1,0,0,0,0,21,49,114,21,49,51,3.525859,218.580482,1341.922340,0.000000,0.000000,55.263158,0,0,0,982198.034681,18.734641,114.088788,3073.905231,357.237768,104.423987,117.205994,981342.974111,978602.506021,578.867750,3595.528659,276.192821,0.036371,0.010632,0.011933,99.912944,0.028120,13.939465,9.095088,2.410906,41.392824,75,0.628472,14,61,1,100.000000,1.113683,65.760870,654.731620,2386.829630,7074.683562,0.000000,491.066123
4380.000000,contribution,optical,hardware,1,1,1,0,priority,0.000500,180,15,hybrid,0.050000,4000.000000,6.087000,58.000000,500.000000,500.000000,2.000000,120.000000,0.400000,184,114,184,54,123,21,48,0,0,0,0,0,54,54,0,0,0.000000,1.000000,43.295454,clear-ocean,30.000000,60.000000,0.151000,654,1407558,360.912308,8.240007,72,2,0,70,0,69,0,0,69,0,0,0,0,0,0,54,0,0,54,0,0,0,0,0,21,49,114,21,49,53,3.525859,218.580482,1381.546748,0.000000,0.000000,53.508772,0,0,0,995853.210204,18.734641,114.088788,3131.979282,361.373938,105.458029,117.435782,994986.552916,992194.207494,584.267750,3659.002711,282.389538,0.036288,0.010590,0.011792,99.912973,0.028357,13.939465,9.095088,2.363758,41.661416,75,0.620320,14,61,0,100.000000,1.113683,66.847826,682.979385,2445.457534,7160.790279,0.000000,459.484807
4440.000000,contribution,optical,hardware,1,1,1,0,priority,0.000500,180,15,hybrid,0.050000,4000.000000,6.087000,58.000000,500.000000,500.000000,2.000000,120.000000,0.400000,184,114,184,54,123,21,48,0,0,0,0,0,54,54,0,0,0.000000,1.000000,43.295454,clear-ocean,30.000000,60.000000,0.151000,654,1407558,360.912308,8.128656,72,2,0,70,0,69,0,0,69,0,0,0,0,0,0,54,0,0,54,0,0,0,0,0,21,49,114,21,49,53,3.525859,218.580482,1381.546748,0.000000,0.000000,53.508772,0,0,0,1009450.311677,18.734641,114.088788,3131.979282,365.510109,106.492072,117.665569,1008578.254389,1005785.908966,589.667750,3664.402711,282.389538,0.036209,0.010550,0.011656,99.913611,0.027975,13.939465,9.095088,2.363758,41.922748,75,0.611937,14,61,0,100.000000,1.113683,66.847826,682.979385,2412.410811,7246.896995,0.000000,408.040329
4500.000000,contribution,optical,hardware,1,1,1,0,priority,0.000500,180,15,hybrid,0.050000,4000.000000,6.087000,58.000000,500.000000,500.000000,2.000000,120.000000,0.400000,184,114,184,54,123,21,48,0,0,0,0,0,54,54,0,0,0.000000,1.000000,43.295454,clear-ocean,30.000000,60.000000,0.151000,654,1407558,360.912308,8.020274,72,2,0,70,0,69,0,0,69,0,0,0,0,0,0,54,0,0,54,0,0,0,0,0,21,49,114,21,49,53,3.525859,218.580482,1381.546748,0.000000,0.000000,53.508772,0,0,0,1023047.413149,18.734641,114.088788,3131.979282,369.646279,107.526115,117.895356,1022169.955861,1019377.610439,595.067750,3669.802711,282.389538,0.036132,0.010510,0.011524,99.914231,0.027603,13.939465,9.095088,2.363758,42.177111,75,0.603778,14,61,0,100.000000,1.113683,66.847826,682.979385,2380.245333,7333.003711,0.000000,341.610608
4560.000000,contribution,optical,hardware,1,1,1,0,priority,0.000500,180,15,hybrid,0.050000,4000.000000,6.087000,58.000000,500.000000,500.000000,2.000000,120.000000,0.400000,184,114,184,54,123,21,48,0,0,0,0,0,54,54,0,0,0.000000,1.000000,43.295454,clear-ocean,30.000000,60.000000,0.151000,654,1407558,360.912308,7.914744,72,2,0,70,0,69,0,0,69,0,0,0,0,0,0,54,0,0,54,0,0,0,0,0,21,49,114,21,49,53,3.525859,218.580482,1381.546748,0.000000,0.000000,53.508772,0,0,0,1036644.514622,18.734641,114.088788,3131.979282,373.782449,108.560157,118.125143,1035761.657334,1032969.311911,600.467750,3675.202711,282.389538,0.036057,0.010472,0.011395,99.914835,0.027241,13.939465,9.095088,2.363758,42.424781,75,0.595833,14,61,0,100.000000,1.113683,66.847826,682.979385,2348.926316,7419.110427,0.000000,266.494452
4620.000000,contribution,optical,hardware,1,1,1,0,priority,0.000500,180,15,hybrid,0.050000,4000.000000,6.087000,58.000000,500.000000,500.000000,2.000000,120.000000,0.400000,184,114,184,54,123,21,48,0,0,0,0,0,54,54,0,0,0.000000,1.000000,43.295454,clear-ocean,30.000000,60.000000,0.151000,654,1407558,360.912308,7.811955,72,2,0,70,0,69,0,0,69,0,0,0,0,0,0,54,0,0,54,0,0,0,0,0,21,49,114,21,49,53,3.525859,218.580482,1381.546748,0.000000,0.000000,53.508772,0,0,0,1050241.616094,18.734641,114.088788,3131.979282,377.918619,109.594200,118.354931,1049353.358807,1046561.013384,605.867750,3680.602711,282.389538,0.035984,0.010435,0.011269,99.915424,0.026888,13.939465,9.095088,2.363758,42.666017,75,0.588095,14,61,0,100.000000,1.113683,66.847826,682.979385,2318.420779,7505.217143,0.000000,189.814306
4680.000000,contribution,optical,hardware,1,1,1,0,priority,0.000500,180,15,hybrid,0.050000,4000.000000,6.087000,58.000000,500.000000,500.000000,2.000000,120.000000,0.400000,184,114,184,54,123,21,48,0,0,0,0,0,54,54,0,0,0.000000,1.000000,43.295454,clear-ocean,30.000000,60.000000,0.151000,654,1407558,360.912308,7.711801,72,2,0,70,0,69,0,0,69,0,0,0,0,0,0,54,0,0,54,0,0,0,0,0,21,49,114,21,49,53,3.525859,218.580482,1381.546748,0.000000,0.000000,53.508772,0,0,0,1063838.717567,18.734641,114.088788,3131.979282,382.054789,110.628242,118.584718,1062945.060279,1060152.714856,611.267750,3686.002711,282.389538,0.035913,0.010399,0.011147,99.915997,0.026544,13.939465,9.095088,2.363758,42.901068,75,0.580556,14,61,0,100.000000,1.113683,66.847826,682.979385,2288.697436,7591.323859,0.000000,118.840914
4740.000000,contribution,optical,hardware,1,1,1,0,priority,0.000500,180,15,hybrid,0.050000,4000.000000,6.087000,58.000000,500.000000,500.000000,2.000000,120.000000,0.400000,184,114,184,54,123,21,48,0,0,0,0,0,54,54,0,0,0.000000,1.000000,43.295454,clear-ocean,30.000000,60.000000,0.151000,654,1407558,360.912308,7.614184,72,2,0,70,0,69,0,0,69,0,0,0,0,0,0,54,0,0,54,0,0,0,0,0,21,49,114,21,49,53,3.525859,218.580482,1381.546748,0.000000,0.000000,53.508772,0,0,0,1077435.819040,18.734641,114.088788,3131.979282,386.190960,111.662285,118.814505,1076536.761752,1073744.416329,616.667750,3691.402711,282.389538,0.035844,0.010364,0.011028,99.916556,0.026209,13.939465,9.095088,2.363758,43.130169,75,0.573207,14,61,0,100.000000,1.113683,66.847826,682.979385,2259.726582,7677.430575,0.000000,60.303909
4800.000000,contribution,optical,hardware,1,1,1,0,priority,0.000500,180,15,hybrid,0.050000,4000.000000,6.087000,58.000000,500.000000,500.000000,2.000000,120.000000,0.400000,184,114,184,54,123,21,48,0,0,0,0,0,54,54,0,0,0.000000,1.000000,43.295454,clear-ocean,30.000000,60.000000,0.151000,654,1407558,360.912308,7.519006,72,2,0,70,0,69,0,0,69,0,0,0,0,0,0,54,0,0,54,0,0,0,0,0,21,49,114,21,49,53,3.525859,218.580482,1381.546748,0.000000,0.000000,53.508772,0,0,0,1091032.920512,18.734641,114.088788,3131.979282,390.327130,112.696327,119.044292,1090128.463224,1087336.117801,622.067750,3696.802711,282.389538,0.035776,0.010329,0.010911,99.917101,0.025883,13.939465,9.095088,2.363758,43.353542,75,0.566042,14,61,0,100.000000,1.113683,66.847826,682.979385,2231.480000,7763.537292,0.000000,19.753718
4860.000000,contribution,optical,hardware,1,1,1,0,priority,0.000500,180,15,hybrid,0.050000,4000.000000,6.087000,58.000000,500.000000,500.000000,2.000000,120.000000,0.400000,184,114,184,54,123,21,48,0,0,0,0,0,54,54,0,0,0.000000,1.000000,43.295454,clear-ocean,30.000000,60.000000,0.151000,654,1407558,360.912308,7.426179,72,2,0,70,0,69,0,0,69,0,0,0,0,0,0,54,0,0,54,0,0,0,0,0,21,49,114,21,49,53,3.525859,218.580482,1381.546748,0.000000,0.000000,53.508772,0,0,0,1104630.021985,18.734641,114.088788,3131.979282,394.463300,113.730370,119.274080,1103720.164697,1100927.819274,627.467750,3702.202711,282.389538,0.035710,0.010296,0.010798,99.917632,0.025564,13.939465,9.095088,2.363758,43.571399,75,0.559053,14,61,0,100.000000,1.113683,66.847826,682.979385,2203.930864,7849.644008,0.000000,1.035273
4920.000000,contribution,optical,hardware,1,1,1,0,priority,0.000500,180,15,hybrid,0.050000,4000.000000,6.087000,58.000000,500.000000,500.000000,2.000000,120.000000,0.400000,184,114,184,54,123,21,48,0,0,0,0,0,54,54,0,0,0.000000,1.000000,43.295454,clear-ocean,30.000000,60.000000,0.151000,654,1407558,360.912308,7.335616,72,2,0,70,0,69,0,0,69,0,0,0,0,0,0,54,0,0,54,0,0,0,0,0,21,49,114,21,49,53,3.525859,218.580482,1381.546748,0.000000,0.000000,53.508772,0,0,0,1118227.123457,18.734641,114.088788,3131.979282,398.599470,114.764412,119.503867,1117311.866169,1114519.520746,632.867750,3707.602711,282.389538,0.035646,0.010263,0.010687,99.918151,0.025253,13.939465,9.095088,2.363758,43.783943,75,0.552236,14,61,0,100.000000,1.113683,66.847826,682.979385,2177.053659,7935.750724,-0.000000,5.923441
4980.000000,contribution,optical,hardware,1,1,1,0,priority,0.000500,180,15,hybrid,0.050000,4000.000000,6.087000,58.000000,500.000000,500.000000,2.000000,120.000000,0.400000,184,114,184,54,123,21,48,0,0,0,0,0,54,54,0,0,0.000000,1.000000,43.295454,clear-ocean,30.000000,60.000000,0.151000,654,1407558,360.912308,7.247235,72,2,0,70,0,69,0,0,69,0,0,0,0,0,0,54,0,0,54,0,0,0,0,0,21,49,114,21,49,53,3.525859,218.580482,1381.546748,0.000000,0.000000,53.508772,0,0,0,1131824.224930,18.734641,114.088788,3131.979282,402.735640,115.798455,119.733654,1130903.567642,1128111.222219,638.267750,3713.002711,282.389538,0.035583,0.010231,0.010579,99.918657,0.024950,13.939465,9.095088,2.363758,43.991365,75,0.545582,14,61,0,100.000000,1.113683,66.847826,682.979385,2150.824096,8021.857440,-0.000000,33.954730
5040.000000,contribution,optical,hardware,1,1,1,0,priority,0.000500,180,15,hybrid,0.050000,4000.000000,6.087000,58.000000,500.000000,500.000000,2.000000,120.000000,0.400000,184,114,184,54,123,21,48,0,0,0,0,0,54,54,0,0,0.000000,1.000000,43.295454,clear-ocean,30.000000,60.000000,0.151000,654,1407558,360.912308,7.160958,72,2,0,70,0,69,0,0,69,0,0,0,0,0,0,54,0,0,54,0,0,0,0,0,21,49,114,21,49,53,3.525859,218.580482,1381.546748,0.000000,0.000000,53.508772,0,0,0,1145421.326402,18.734641,114.088788,3131.979282,406.871811,116.832498,119.963441,1144495.269114,1141702.923691,643.667750,3718.402711,282.389538,0.035522,0.010200,0.010473,99.919151,0.024654,13.939465,9.095088,2.363758,44.193849,75,0.539087,14,61,0,100.000000,1.113683,66.847826,682.979385,2125.219048,8107.964156,-0.000000,82.471238
5100.000000,contribution,optical,hardware,1,1,1,0,priority,0.000500,180,15,hybrid,0.050000,4000.000000,6.087000,58.000000,500.000000,500.000000,2.000000,120.000000,0.400000,184,114,184,54,123,21,48,0,0,0,0,0,54,54,0,0,0.000000,1.000000,43.295454,clear-ocean,30.000000,60.000000,0.151000,654,1407558,360.912308,7.076712,72,2,0,70,0,69,0,0,69,0,0,0,0,0,0,54,0,0,54,0,0,0,0,0,21,49,114,21,49,53,3.525859,218.580482,1381.546748,0.000000,0.000000,53.508772,0,0,0,1159018.427875,18.734641,114.088788,3131.979282,411.007981,117.866540,120.193229,1158086.970587,1155294.625164,649.067750,3723.802711,282.389538,0.035462,0.010170,0.010370,99.919634,0.024365,13.939465,9.095088,2.363758,44.391569,75,0.532745,14,61,0,100.000000,1.113683,66.847826,682.979385,2100.216471,8194.070872,-0.000000,146.872673
5160.000000,contribution,optical,hardware,1,1,1,0,priority,0.000500,180,15,hybrid,0.050000,4000.000000,6.087000,58.000000,500.000000,500.000000,2.000000,120.000000,0.400000,184,114,184,54,123,21,48,0,0,0,0,0,54,54,0,0,0.000000,1.000000,43.295454,clear-ocean,30.000000,60.000000,0.151000,654,1407558,360.912308,6.994425,72,2,0,70,0,69,0,0,69,0,0,0,0,0,0,54,0,0,54,0,0,0,0,0,21,49,114,21,49,53,3.525859,218.580482,1381.546748,0.000000,0.000000,53.508772,0,0,0,1172615.529347,18.734641,114.088788,3131.979282,415.144151,118.900583,120.423016,1171678.672059,1168886.326636,654.467750,3729.202711,282.389538,0.035403,0.010140,0.010270,99.920105,0.024082,13.939465,9.095088,2.363758,44.584690,75,0.526550,14,61,0,100.000000,1.113683,66.847826,682.979385,2075.795349,8280.177588,-0.000000,221.052549
5220.000000,contribution,optical,hardware,1,1,1,0,priority,0.000500,180,15,hybrid,0.050000,4000.000000,6.087000,58.000000,500.000000,500.000000,2.000000,120.000000,0.400000,184,114,184,54,123,21,48,0,0,0,0,0,54,54,0,0,0.000000,1.000000,43.295454,clear-ocean,30.000000,60.000000,0.151000,654,1407558,360.912308,6.914029,72,2,0,70,0,69,0,0,69,0,0,0,0,0,0,54,0,0,54,0,0,0,0,0,21,49,114,21,49,53,3.525859,218.580482,1381.546748,0.000000,0.000000,53.508772,0,0,0,1186212.630820,18.734641,114.088788,3131.979282,419.280321,119.934625,120.652803,1185270.373532,1182478.028109,659.867750,3734.602711,282.389538,0.035346,0.010111,0.010171,99.920566,0.023806,13.939465,9.095088,2.363758,44.773372,75,0.520498,14,61,0,100.000000,1.113683,66.847826,682.979385,2051.935632,8366.284305,-0.000000,297.977197
5280.000000,contribution,optical,hardware,1,1,1,0,priority,0.000500,180,15,hybrid,0.050000,4000.000000,6.087000,58.000000,500.000000,500.000000,2.000000,120.000000,0.400000,184,114,184,54,123,21,48,0,0,0,0,0,54,54,0,0,0.000000,1.000000,43.295454,clear-ocean,30.000000,60.000000,0.151000,654,1407558,360.912308,6.835460,72,2,0,70,0,69,0,0,69,0,0,0,0,0,0,54,0,0,54,0,0,0,0,0,21,49,114,21,49,53,3.525859,218.580482,1381.546748,0.000000,0.000000,53.508772,0,0,0,1199809.732292,18.734641,114.088788,3131.979282,423.416492,120.968668,120.882590,1198862.075004,1196069.729581,665.267750,3740.002711,282.389538,0.035290,0.010082,0.010075,99.921016,0.023536,13.939465,9.095088,2.363758,44.957765,75,0.514583,14,61,0,100.000000,1.113683,66.847826,682.979385,2028.618182,8452.391021,-0.000000,370.352689
5340.000000,contribution,optical,hardware,1,1,1,0,priority,0.000500,180,15,hybrid,0.050000,4000.000000,6.087000,58.000000,500.000000,500.000000,2.000000,120.000000,0.400000,184,114,184,54,123,21,48,0,0,0,0,0,54,54,0,0,0.000000,1.000000,43.295454,clear-ocean,30.000000,60.000000,0.151000,654,1407558,360.912308,6.758657,72,2,0,70,0,69,0,0,69,0,0,0,0,0,0,54,0,0,54,0,0,0,0,0,21,49,114,21,49,53,3.525859,218.580482,1381.546748,0.000000,0.000000,53.508772,0,0,0,1213406.833765,18.734641,114.088788,3131.979282,427.552662,122.002710,121.112377,1212453.776477,1209661.431054,670.667750,3745.402711,282.389538,0.035236,0.010055,0.009981,99.921456,0.023272,13.939465,9.095088,2.363758,45.138015,75,0.508801,14,61,0,100.000000,1.113683,66.847826,682.979385,2005.824719,8538.497737,-0.000000,431.316448
5400.000000,contribution,optical,hardware,1,1,1,0,priority,0.000500,180,15,hybrid,0.050000,4000.000000,6.087000,58.000000,500.000000,500.000000,2.000000,120.000000,0.400000,184,114,184,54,123,21,48,0,0,0,0,0,54,54,0,0,0.000000,1.000000,43.295454,clear-ocean,30.000000,60.000000,0.151000,654,1407558,360.912308,6.683561,72,2,0,70,0,69,0,0,69,0,0,0,0,0,0,54,0,0,54,0,0,0,0,0,21,49,114,21,49,53,3.525859,218.580482,1381.546748,0.000000,0.000000,53.508772,0,0,0,1227003.935237,18.734641,114.088788,3131.979282,431.688832,123.036753,121.342165,1226045.477949,1223253.132526,676.067750,3750.802711,282.389538,0.035182,0.010027,0.009889,99.921886,0.023015,13.939465,9.095088,2.363758,45.314259,75,0.503148,14,61,0,100.000000,1.113683,66.847826,682.979385,1983.537778,8624.604453,-0.000000,475.087943
5460.000000,contribution,optical,hardware,1,1,1,0,priority,0.000500,180,15,hybrid,0.050000,4000.000000,6.087000,58.000000,500.000000,500.000000,2.000000,120.000000,0.400000,184,114,184,54,123,21,48,0,0,0,0,0,54,54,0,0,0.000000,1.000000,43.295454,clear-ocean,30.000000,60.000000,0.151000,654,1407558,360.912308,6.610116,72,2,0,70,0,69,0,0,69,0,0,0,0,0,0,54,0,0,54,0,0,0,0,0,21,49,114,21,49,53,3.525859,218.580482,1381.546748,0.000000,0.000000,53.508772,0,0,0,1240601.036710,18.734641,114.088788,3131.979282,435.825002,124.070795,121.571952,1239637.179422,1236844.833999,681.467750,3756.202711,282.389538,0.035130,0.010001,0.009799,99.922307,0.022762,13.939465,9.095088,2.363758,45.486630,75,0.497619,14,61,0,100.000000,1.113683,66.847826,682.979385,1961.740659,8710.711169,-0.000000,497.516801
5520.000000,contribution,optical,hardware,1,1,1,0,priority,0.000500,180,15,hybrid,0.050000,4000.000000,6.087000,58.000000,500.000000,500.000000,2.000000,120.000000,0.400000,184,114,184,65,129,21,48,0,0,0,0,0,65,65,0,0,0.000000,1.000000,43.241522,clear-ocean,30.000000,60.000000,0.151000,700,1575828,404.058462,7.319900,72,2,0,70,0,69,0,0,69,0,0,0,0,0,0,61,0,0,60,1,0,0,0,0,21,49,114,21,49,59,3.525859,218.580482,1598.285473,0.000000,0.000000,48.245614,0,0,0,1254598.343721,18.734641,114.088788,3532.184821,439.961172,125.104838,135.001739,1253582.869817,1250436.535472,700.067750,4161.808249,315.406154,0.035068,0.009972,0.010761,99.919060,0.025140,13.939465,9.095088,2.394702,45.551630,75,0.561594,14,50,4,100.000000,1.113683,70.108696,814.599454,2157.808696,8796.817885,0.000000,496.476337
5580.000000,contribution,optical,hardware,1,1,1,0,priority,0.000500,180,15,hybrid,0.050000,4000.000000,6.087000,58.000000,500.000000,500.000000,2.000000,120.000000,0.400000,184,114,184,65,134,21,48,0,0,0,0,0,65,65,0,0,0.000000,1.000000,43.241522,clear-ocean,30.000000,60.000000,0.151000,731,1685715,432.234615,7.746140,72,2,0,70,0,69,0,0,69,0,0,0,0,0,0,65,0,0,65,0,0,0,0,0,21,49,114,21,49,64,3.525859,218.580482,1734.815025,0.000000,0.000000,43.859649,0,0,0,1268445.273091,18.734641,114.088788,3782.012718,444.097343,126.138881,135.231526,1267399.996931,1264028.236944,705.467750,4417.036147,339.808410,0.035011,0.009944,0.010661,99.917594,0.026789,13.939465,9.095088,2.363758,45.599462,75,0.567742,14,50,0,100.000000,1.113683,72.826087,909.049614,2313.817921,8882.924601,0.000000,472.065207
5640.000000,contribution,optical,hardware,1,1,1,0,priority,0.000500,180,15,hybrid,0.050000,4000.000000,6.087000,58.000000,500.000000,500.000000,2.000000,120.000000,0.400000,184,114,184,65,134,21,48,0,0,0,0,0,65,65,0,0,0.000000,1.000000,43.241522,clear-ocean,30.000000,60.000000,0.151000,731,1685715,432.234615,7.663734,72,2,0,70,0,69,0,0,69,0,0,0,0,0,0,65,0,0,65,0,0,0,0,0,21,49,114,21,49,64,3.525859,218.580482,1734.815025,0.000000,0.000000,43.859649,0,0,0,1282042.374563,18.734641,114.088788,3782.012718,448.233513,127.172923,135.461314,1280991.698403,1277619.938417,710.867750,4422.436147,339.808410,0.034962,0.009920,0.010566,99.918047,0.026505,13.939465,9.095088,2.363758,45.646277,75,0.561702,14,50,0,100.000000,1.113683,72.826087,909.049614,2289.202837,8969.031318,0.000000,426.598054
5700.000000,contribution,optical,hardware,1,1,1,0,priority,0.000500,180,15,hybrid,0.050000,4000.000000,6.087000,58.000000,500.000000,500.000000,2.000000,120.000000,0.400000,184,114,184,65,134,21,48,0,0,0,0,0,65,65,0,0,0.000000,1.000000,43.241522,clear-ocean,30.000000,60.000000,0.151000,731,1685715,432.234615,7.583063,72,2,0,70,0,69,0,0,69,0,0,0,0,0,0,65,0,0,65,0,0,0,0,0,21,49,114,21,49,64,3.525859,218.580482,1734.815025,0.000000,0.000000,43.859649,0,0,0,1295639.476036,18.734641,114.088788,3782.012718,452.369683,128.206966,135.691101,1294583.399876,1291211.639889,716.267750,4427.836147,339.808410,0.034915,0.009895,0.010473,99.918490,0.026227,13.939465,9.095088,2.363758,45.692105,75,0.555789,14,50,0,100.000000,1.113683,72.826087,909.049614,2265.105965,9055.138034,0.000000,364.386030
5760.000000,contribution,optical,hardware,1,1,1,0,priority,0.000500,180,15,hybrid,0.050000,4000.000000,6.087000,58.000000,500.000000,500.000000,2.000000,120.000000,0.400000,184,114,184,65,134,21,48,0,0,0,0,0,65,65,0,0,0.000000,1.000000,43.241522,clear-ocean,30.000000,60.000000,0.151000,731,1685715,432.234615,7.504073,72,2,0,70,0,69,0,0,69,0,0,0,0,0,0,65,0,0,65,0,0,0,0,0,21,49,114,21,49,64,3.525859,218.580482,1734.815025,0.000000,0.000000,43.859649,0,0,0,1309236.577508,18.734641,114.088788,3782.012718,456.505853,129.241008,135.920888,1308175.101348,1304803.341362,721.667750,4433.236147,339.808410,0.034868,0.009871,0.010382,99.918924,0.025955,13.939465,9.095088,2.363758,45.736979,75,0.550000,14,50,0,100.000000,1.113683,72.826087,909.049614,2241.511111,9141.244750,0.000000,291.328026
5820.000000,contribution,optical,hardware,1,1,1,0,priority,0.000500,180,15,hybrid,0.050000,4000.000000,6.087000,58.000000,500.000000,500.000000,2.000000,120.000000,0.400000,184,114,184,65,134,21,48,0,0,0,0,0,65,65,0,0,0.000000,1.000000,43.241522,clear-ocean,30.000000,60.000000,0.151000,731,1685715,432.234615,7.426712,72,2,0,70,0,69,0,0,69,0,0,0,0,0,0,65,0,0,65,0,0,0,0,0,21,49,114,21,49,64,3.525859,218.580482,1734.815025,0.000000,0.000000,43.859649,0,0,0,1322833.678981,18.734641,114.088788,3782.012718,460.642023,130.275051,136.150675,1321766.802821,1318395.042834,727.067750,4438.636147,339.808410,0.034822,0.009848,0.010292,99.919349,0.025688,13.939465,9.095088,2.363758,45.780928,75,0.544330,14,50,0,100.000000,1.113683,72.826087,909.049614,2218.402749,9227.351466,0.000000,214.351336
5880.000000,contribution,optical,hardware,1,1,1,0,priority,0.000500,180,15,hybrid,0.050000,4000.000000,6.087000,58.000000,500.000000,500.000000,2.000000,120.000000,0.400000,184,114,184,65,134,21,48,0,0,0,0,0,65,65,0,0,0.000000,1.000000,43.241522,clear-ocean,30.000000,60.000000,0.151000,731,1685715,432.234615,7.350929,72,2,0,70,0,69,0,0,69,0,0,0,0,0,0,65,0,0,65,0,0,0,0,0,21,49,114,21,49,64,3.525859,218.580482,1734.815025,0.000000,0.000000,43.859649,0,0,0,1336430.780453,18.734641,114.088788,3782.012718,464.778194,131.309093,136.380463,1335358.504294,1331986.744307,732.467750,4444.036147,339.808410,0.034778,0.009825,0.010205,99.919766,0.025427,13.939465,9.095088,2.363758,45.823980,75,0.538776,14,50,0,100.000000,1.113683,72.826087,909.049614,2195.765986,9313.458182,0.000000,140.754819
5940.000000,contribution,optical,hardware,1,1,1,0,priority,0.000500,180,15,hybrid,0.050000,4000.000000,6.087000,58.000000,500.000000,500.000000,2.000000,120.000000,0.400000,184,114,184,65,134,21,48,0,0,0,0,0,65,65,0,0,0.000000,1.000000,43.241522,clear-ocean,30.000000,60.000000,0.151000,731,1685715,432.234615,7.276677,72,2,0,70,0,69,0,0,69,0,0,0,0,0,0,65,0,0,65,0,0,0,0,0,21,49,114,21,49,64,3.525859,218.580482,1734.815025,0.000000,0.000000,43.859649,0,0,0,1350027.881926,18.734641,114.088788,3782.012718,468.914364,132.343136,136.610250,1348950.205766,1345578.445779,737.867750,4449.436147,339.808410,0.034734,0.009803,0.010119,99.920174,0.025170,13.939465,9.095088,2.363758,45.866162,75,0.533333,14,50,0,100.000000,1.113683,72.826087,909.049614,2173.586532,9399.564898,0.000000,77.516833
6000.000000,contribution,optical,hardware,1,1,1,0,priority,0.000500,180,15,hybrid,0.050000,4000.000000,6.087000,58.000000,500.000000,500.000000,2.000000,120.000000,0.400000,184,114,184,65,134,21,48,0,0,0,0,0,65,65,0,0,0.000000,1.000000,43.241522,clear-ocean,30.000000,60.000000,0.151000,731,1685715,432.234615,7.203910,72,2,0,70,0,69,0,0,69,0,0,0,0,0,0,65,0,0,65,0,0,0,0,0,21,49,114,21,49,64,3.525859,218.580482,1734.815025,0.000000,0.000000,43.859649,0,0,0,1363624.983398,18.734641,114.088788,3782.012718,473.050534,133.377178,136.840037,1362541.907239,1359170.147252,743.267750,4454.836147,339.808410,0.034691,0.009781,0.010035,99.920574,0.024919,13.939465,9.095088,2.363758,45.907500,75,0.528000,14,50,0,100.000000,1.113683,72.826087,909.049614,2151.850667,9485.671614,0.000000,30.633547
6060.000000,contribution,optical,hardware,1,1,1,0,priority,0.000500,180,15,hybrid,0.050000,4000.000000,6.087000,58.000000,500.000000,500.000000,2.000000,120.000000,0.400000,184,114,184,65,134,21,48,0,0,0,0,0,65,65,0,0,0.000000,1.000000,43.241522,clear-ocean,30.000000,60.000000,0.151000,731,1685715,432.234615,7.132584,72,2,0,70,0,69,0,0,69,0,0,0,0,0,0,65,0,0,65,0,0,0,0,0,21,49,114,21,49,64,3.525859,218.580482,1734.815025,0.000000,0.000000,43.859649,0,0,0,1377222.084871,18.734641,114.088788,3782.012718,477.186704,134.411221,137.069824,1376133.608711,1372761.848724,748.667750,4460.236147,339.808410,0.034648,0.009760,0.009953,99.920966,0.024673,13.939465,9.095088,2.363758,45.948020,75,0.522772,14,50,0,100.000000,1.113683,72.826087,909.049614,2130.545215,9571.778331,0.000000,4.550391
6120.000000,contribution,optical,hardware,1,1,1,0,priority,0.000500,180,15,hybrid,0.050000,4000.000000,6.087000,58.000000,500.000000,500.000000,2.000000,120.000000,0.400000,184,114,184,65,134,21,48,0,0,0,0,0,65,65,0,0,0.000000,1.000000,43.241522,clear-ocean,30.000000,60.000000,0.151000,731,1685715,432.234615,7.062657,72,2,0,70,0,69,0,0,69,0,0,0,0,0,0,65,0,0,65,0,0,0,0,0,21,49,114,21,49,64,3.525859,218.580482,1734.815025,0.000000,0.000000,43.859649,0,0,0,1390819.186343,18.734641,114.088788,3782.012718,481.322875,135.445264,137.299612,1389725.310184,1386353.550197,754.067750,4465.636147,339.808410,0.034607,0.009739,0.009872,99.921350,0.024432,13.939465,9.095088,2.363758,45.987745,75,0.517647,14,50,0,100.000000,1.113683,72.826087,909.049614,2109.657516,9657.885047,-0.000000,1.740548
6180.000000,contribution,optical,hardware,1,1,1,0,priority,0.000500,180,15,hybrid,0.050000,4000.000000,6.087000,58.000000,500.000000,500.000000,2.000000,120.000000,0.400000,184,114,184,65,134,21,48,0,0,0,0,0,65,65,0,0,0.000000,1.000000,43.241522,clear-ocean,30.000000,60.000000,0.151000,731,1685715,432.234615,6.994088,72,2,0,70,0,69,0,0,69,0,0,0,0,0,0,65,0,0,65,0,0,0,0,0,21,49,114,21,49,64,3.525859,218.580482,1734.815025,0.000000,0.000000,43.859649,0,0,0,1404416.287816,18.734641,114.088788,3782.012718,485.459045,136.479306,137.529399,1403317.011656,1399945.251669,759.467750,4471.036147,339.808410,0.034567,0.009718,0.009793,99.921727,0.024196,13.939465,9.095088,2.363758,46.026699,75,0.512621,14,50,0,100.000000,1.113683,72.826087,909.049614,2089.175405,9743.991763,-0.000000,22.470444
6240.000000,contribution,optical,hardware,1,1,1,0,priority,0.000500,180,15,hybrid,0.050000,4000.000000,6.087000,58.000000,500.000000,500.000000,2.000000,120.000000,0.400000,184,114,184,65,134,21,48,0,0,0,0,0,65,65,0,0,0.000000,1.000000,43.241522,clear-ocean,30.000000,60.000000,0.151000,731,1685715,432.234615,6.926837,72,2,0,70,0,69,0,0,69,0,0,0,0,0,0,65,0,0,65,0,0,0,0,0,21,49,114,21,49,64,3.525859,218.580482,1734.815025,0.000000,0.000000,43.859649,0,0,0,1418013.389288,18.734641,114.088788,3782.012718,489.595215,137.513349,137.759186,1416908.713129,1413536.953142,764.867750,4476.436147,339.808410,0.034527,0.009698,0.009715,99.922097,0.023964,13.939465,9.095088,2.363758,46.064904,75,0.507692,14,50,0,100.000000,1.113683,72.826087,909.049614,2069.087179,9830.098479,-0.000000,64.774488
6300.000000,contribution,optical,hardware,1,1,1,0,priority,0.000500,180,15,hybrid,0.050000,4000.000000,6.087000,58.000000,500.000000,500.000000,2.000000,120.000000,0.400000,184,114,184,65,134,21,48,0,0,0,0,0,65,65,0,0,0.000000,1.000000,43.241522,clear-ocean,30.000000,60.000000,0.151000,731,1685715,432.234615,6.860867,72,2,0,70,0,69,0,0,69,0,0,0,0,0,0,65,0,0,65,0,0,0,0,0,21,49,114,21,49,64,3.525859,218.580482,1734.815025,0.000000,0.000000,43.859649,0,0,0,1431610.490761,18.734641,114.088788,3782.012718,493.731385,138.547391,137.988973,1430500.414601,1427128.654614,770.267750,4481.836147,339.808410,0.034488,0.009678,0.009639,99.922460,0.023736,13.939465,9.095088,2.363758,46.102381,75,0.502857,14,50,0,100.000000,1.113683,72.826087,909.049614,2049.381587,9916.205195,-0.000000,124.641450
6360.000000,contribution,optical,hardware,1,1,1,0,priority,0.000500,180,15,hybrid,0.050000,4000.000000,6.087000,58.000000,500.000000,500.000000,2.000000,120.000000,0.400000,184,114,184,65,134,21,48,0,0,0,0,0,65,65,0,0,0.000000,1.000000,43.241522,clear-ocean,30.000000,60.000000,0.151000,731,1685715,432.234615,6.796142,72,2,0,70,0,69,0,0,69,0,0,0,0,0,0,65,0,0,65,0,0,0,0,0,21,49,114,21,49,64,3.525859,218.580482,1734.815025,0.000000,0.000000,43.859649,0,0,0,1445207.592234,18.734641,114.088788,3782.012718,497.867555,139.581434,138.218760,1444092.116074,1440720.356087,775.667750,4487.236147,339.808410,0.034450,0.009658,0.009564,99.922816,0.023513,13.939465,9.095088,2.363758,46.139151,75,0.498113,14,50,0,100.000000,1.113683,72.826087,909.049614,2030.047799,10002.311911,-0.000000,196.394798
6420.000000,contribution,optical,hardware,1,1,1,0,priority,0.000500,180,15,hybrid,0.050000,4000.000000,6.087000,58.000000,500.000000,500.000000,2.000000,120.000000,0.400000,184,114,184,65,134,21,48,0,0,0,0,0,65,65,0,0,0.000000,1.000000,43.241522,clear-ocean,30.000000,60.000000,0.151000,731,1685715,432.234615,6.732626,72,2,0,70,0,69,0,0,69,0,0,0,0,0,0,65,0,0,65,0,0,0,0,0,21,49,114,21,49,64,3.525859,218.580482,1734.815025,0.000000,0.000000,43.859649,0,0,0,1458804.693706,18.734641,114.088788,3782.012718,502.003726,140.615476,138.448548,1457683.817546,1454312.057559,781.067750,4492.636147,339.808410,0.034412,0.009639,0.009491,99.923165,0.023294,13.939465,9.095088,2.363758,46.175234,75,0.493458,14,50,0,100.000000,1.113683,72.826087,909.049614,2011.075389,10088.418627,-0.000000,273.230942
6480.000000,contribution,optical,hardware,1,1,1,0,priority,0.000500,180,15,hybrid,0.050000,4000.000000,6.087000,58.000000,500.000000,500.000000,2.000000,120.000000,0.400000,184,114,184,65,134,21,48,0,0,0,0,0,65,65,0,0,0.000000,1.000000,43.241522,clear-ocean,30.000000,60.000000,0.151000,731,1685715,432.234615,6.670287,72,2,0,70,0,69,0,0,69,0,0,0,0,0,0,65,0,0,65,0,0,0,0,0,21,49,114,21,49,64,3.525859,218.580482,1734.815025,0.000000,0.000000,43.859649,0,0,0,1472401.795179,18.734641,114.088788,3782.012718,506.139896,141.649519,138.678335,1471275.519019,1467903.759032,786.467750,4498.036147,339.808410,0.034375,0.009620,0.009419,99.923508,0.023079,13.939465,9.095088,2.363758,46.210648,75,0.488889,14,50,0,100.000000,1.113683,72.826087,909.049614,1992.454321,10174.525344,-0.000000,347.864350
6540.000000,contribution,optical,hardware,1,1,1,0,priority,0.000500,180,15,hybrid,0.050000,4000.000000,6.087000,58.000000,500.000000,500.000000,2.000000,120.000000,0.400000,184,114,184,65,134,21,48,0,0,0,0,0,65,65,0,0,0.000000,1.000000,43.241522,clear-ocean,30.000000,60.000000,0.151000,731,1685715,432.234615,6.609092,72,2,0,70,0,69,0,0,69,0,0,0,0,0,0,65,0,0,65,0,0,0,0,0,21,49,114,21,49,64,3.525859,218.580482,1734.815025,0.000000,0.000000,43.859649,0,0,0,1485998.896651,18.734641,114.088788,3782.012718,510.276066,142.683561,138.908122,1484867.220491,1481495.460504,791.867750,4503.436147,339.808410,0.034339,0.009602,0.009348,99.923844,0.022867,13.939465,9.095088,2.363758,46.245413,75,0.484404,14,50,0,100.000000,1.113683,72.826087,909.049614,1974.174924,10260.632060,-0.000000,413.218348
6600.000000,contribution,optical,hardware,1,1,1,0,priority,0.000500,180,15,hybrid,0.050000,4000.000000,6.087000,58.000000,500.000000,500.000000,2.000000,120.000000,0.400000,184,114,184,65,134,21,48,0,0,0,0,0,65,65,0,0,0.000000,1.000000,43.241522,clear-ocean,30.000000,60.000000,0.151000,731,1685715,432.234615,6.549009,72,2,0,70,0,69,0,0,69,0,0,0,0,0,0,65,0,0,65,0,0,0,0,0,21,49,114,21,49,64,3.525859,218.580482,1734.815025,0.000000,0.000000,43.859649,0,0,0,1499595.998124,18.734641,114.088788,3782.012718,514.412236,143.717604,139.137909,1498458.921964,1495087.161977,797.267750,4508.836147,339.808410,0.034303,0.009584,0.009278,99.924175,0.022660,13.939465,9.095088,2.363758,46.279545,75,0.480000,14,50,0,100.000000,1.113683,72.826087,909.049614,1956.227879,10346.738776,-0.000000,463.096127
6660.000000,contribution,optical,hardware,1,1,1,0,priority,0.000500,180,15,hybrid,0.050000,4000.000000,6.087000,58.000000,500.000000,500.000000,2.000000,120.000000,0.400000,184,114,184,65,134,21,48,0,0,0,0,0,65,65,0,0,0.000000,1.000000,43.241522,clear-ocean,30.000000,60.000000,0.151000,731,1685715,432.234615,6.490009,72,2,0,70,0,69,0,0,69,0,0,0,0,0,0,65,0,0,65,0,0,0,0,0,21,49,114,21,49,64,3.525859,218.580482,1734.815025,0.000000,0.000000,43.859649,0,0,0,1513193.099596,18.734641,114.088788,3782.012718,518.548406,144.751646,139.367697,1512050.623436,1508678.863449,802.667750,4514.236147,339.808410,0.034268,0.009566,0.009210,99.924499,0.022456,13.939465,9.095088,2.363758,46.313063,75,0.475676,14,50,0,100.000000,1.113683,72.826087,909.049614,1938.604204,10432.845492,-0.000000,492.768323
6720.000000,contribution,optical,hardware,1,1,1,0,priority,0.000500,180,15,hybrid,0.050000,4000.000000,6.087000,58.000000,500.000000,500.000000,2.000000,120.000000,0.400000,184,114,184,78,138,21,48,0,0,0,0,0,78,78,0,0,0.000000,1.000000,43.098076,clear-ocean,30.000000,60.000000,0.151000,760,1791000,459.230769,6.833791,72,2,0,70,0,69,0,0,69,0,0,0,0,0,0,70,0,0,69,1,0,0,0,0,21,49,114,21,49,68,3.525859,218.580482,1886.906297,0.000000,0.000000,40.350877,0,0,0,1527053.063017,18.734641,114.088788,4044.874667,522.684577,145.785689,155.197484,1525868.707268,1522270.564922,823.667750,4782.498096,360.688000,0.034228,0.009547,0.010163,99.922442,0.023620,13.939465,9.095088,2.379338,46.282143,75,0.523214,14,37,8,100.000000,1.113683,75.000000,1007.928369,2040.342857,10518.952208,0.000000,499.421444
6780.000000,contribution,optical,hardware,1,1,1,0,priority,0.000500,180,15,hybrid,0.050000,4000.000000,6.087000,58.000000,500.000000,500.000000,2.000000,120.000000,0.400000,184,114,184,78,145,21,48,0,0,0,0,0,78,78,0,0,0.000000,1.000000,43.098076,clear-ocean,30.000000,60.000000,0.151000,813,1984557,508.860769,7.505321,72,2,0,70,0,69,0,0,69,0,0,0,0,0,0,77,0,0,76,1,0,0,0,0,21,49,114,21,49,75,3.525859,218.580482,2096.437067,0.000000,0.000000,34.210526,0,0,0,1541086.312592,18.734641,114.088788,4481.022769,526.820747,146.819732,155.427271,1539857.471715,1535862.266394,829.067750,5224.046198,399.773128,0.034185,0.009527,0.010086,99.920261,0.025941,13.939465,9.095088,2.389879,46.200000,75,0.560472,14,37,1,100.000000,1.113683,78.804348,1158.739770,2228.776401,10605.058924,0.000000,482.424646
6840.000000,contribution,optical,hardware,1,1,1,0,priority,0.000500,180,15,hybrid,0.050000,4000.000000,6.087000,58.000000,500.000000,500.000000,2.000000,120.000000,0.400000,184,114,184,78,147,21,48,0,0,0,0,0,78,78,0,0,0.000000,1.000000,43.098076,clear-ocean,30.000000,60.000000,0.151000,822,2014446,516.524615,7.551529,72,2,0,70,0,69,0,0,69,0,0,0,0,0,0,78,0,0,78,0,0,0,0,0,21,49,114,21,49,77,3.525859,218.580482,2144.447207,0.000000,0.000000,32.456140,0,0,0,1554752.625347,18.734641,114.088788,4550.234051,530.956917,147.853774,155.657058,1553510.490520,1549453.967867,834.467750,5298.657480,407.667077,0.034151,0.009510,0.010012,99.920107,0.026221,13.939465,9.095088,2.363758,46.119298,75,0.556140,14,37,0,100.000000,1.113683,79.891304,1196.645725,2267.705263,10691.165640,0.000000,443.389552
6900.000000,contribution,optical,hardware,1,1,1,0,priority,0.000500,180,15,hybrid,0.050000,4000.000000,6.087000,58.000000,500.000000,500.000000,2.000000,120.000000,0.400000,184,114,184,78,147,21,48,0,0,0,0,0,78,78,0,0,0.000000,1.000000,43.098076,clear-ocean,30.000000,60.000000,0.151000,822,2014446,516.524615,7.485864,72,2,0,70,0,69,0,0,69,0,0,0,0,0,0,78,0,0,78,0,0,0,0,0,21,49,114,21,49,77,3.525859,218.580482,2144.447207,0.000000,0.000000,32.456140,0,0,0,1568349.726820,18.734641,114.088788,4550.234051,535.093087,148.887817,155.886846,1567102.191993,1563045.669339,839.867750,5304.057480,407.667077,0.034118,0.009493,0.009940,99.920456,0.025993,13.939465,9.095088,2.363758,46.040000,75,0.551304,14,37,0,100.000000,1.113683,79.891304,1196.645725,2247.986087,10777.272357,0.000000,386.017433
6960.000000,contribution,optical,hardware,1,1,1,0,priority,0.000500,180,15,hybrid,0.050000,4000.000000,6.087000,58.000000,500.000000,500.000000,2.000000,120.000000,0.400000,184,114,184,78,147,21,48,0,0,0,0,0,78,78,0,0,0.000000,1.000000,43.098076,clear-ocean,30.000000,60.000000,0.151000,822,2014446,516.524615,7.421331,72,2,0,70,0,69,0,0,69,0,0,0,0,0,0,78,0,0,78,0,0,0,0,0,21,49,114,21,49,77,3.525859,218.580482,2144.447207,0.000000,0.000000,32.456140,0,0,0,1581946.828292,18.734641,114.088788,4550.234051,539.229258,149.921859,156.116633,1580693.893465,1576637.370812,845.267750,5309.457480,407.667077,0.034086,0.009477,0.009869,99.920798,0.025770,13.939465,9.095088,2.363758,45.962069,75,0.546552,14,37,0,100.000000,1.113683,79.891304,1196.645725,2228.606897,10863.379073,0.000000,315.748263
7020.000000,contribution,optical,hardware,1,1,1,0,priority,0.000500,180,15,hybrid,0.050000,4000.000000,6.087000,58.000000,500.000000,500.000000,2.000000,120.000000,0.400000,184,114,184,78,147,21,48,0,0,0,0,0,78,78,0,0,0.000000,1.000000,43.098076,clear-ocean,30.000000,60.000000,0.151000,822,2014446,516.524615,7.357901,72,2,0,70,0,69,0,0,69,0,0,0,0,0,0,78,0,0,78,0,0,0,0,0,21,49,114,21,49,77,3.525859,218.580482,2144.447207,0.000000,0.000000,32.456140,0,0,0,1595543.929765,18.734641,114.088788,4550.234051,543.365428,150.955902,156.346420,1594285.594938,1590229.072284,850.667750,5314.857480,407.667077,0.034055,0.009461,0.009799,99.921134,0.025550,13.939465,9.095088,2.363758,45.885470,75,0.541880,14,37,0,100.000000,1.113683,79.891304,1196.645725,2209.558974,10949.485789,0.000000,239.244901
7080.000000,contribution,optical,hardware,1,1,1,0,priority,0.000500,180,15,hybrid,0.050000,4000.000000,6.087000,58.000000,500.000000,500.000000,2.000000,120.000000,0.400000,184,114,184,78,147,21,48,0,0,0,0,0,78,78,0,0,0.000000,1.000000,43.098076,clear-ocean,30.000000,60.000000,0.151000,822,2014446,516.524615,7.295545,72,2,0,70,0,69,0,0,69,0,0,0,0,0,0,78,0,0,78,0,0,0,0,0,21,49,114,21,49,77,3.525859,218.580482,2144.447207,0.000000,0.000000,32.456140,0,0,0,1609141.031237,18.734641,114.088788,4550.234051,547.501598,151.989944,156.576207,1607877.296411,1603820.773757,856.067750,5320.257480,407.667077,0.034024,0.009445,0.009730,99.921465,0.025334,13.939465,9.095088,2.363758,45.810169,75,0.537288,14,37,0,100.000000,1.113683,79.891304,1196.645725,2190.833898,11035.592505,0.000000,163.761329
7140.000000,contribution,optical,hardware,1,1,1,0,priority,0.000500,180,15,hybrid,0.050000,4000.000000,6.087000,58.000000,500.000000,500.000000,2.000000,120.000000,0.400000,184,114,184,78,147,21,48,0,0,0,0,0,78,78,0,0,0.000000,1.000000,43.098076,clear-ocean,30.000000,60.000000,0.151000,822,2014446,516.524615,7.234238,72,2,0,70,0,69,0,0,69,0,0,0,0,0,0,78,0,0,78,0,0,0,0,0,21,49,114,21,49,77,3.525859,218.580482,2144.447207,0.000000,0.000000,32.456140,0,0,0,1622738.132710,18.734641,114.088788,4550.234051,551.637768,153.023987,156.805994,1621468.997883,1617412.475230,861.467750,5325.657480,407.667077,0.033994,0.009430,0.009663,99.921791,0.025122,13.939465,9.095088,2.363758,45.736134,75,0.532773,14,37,0,100.000000,1.113683,79.891304,1196.645725,2172.423529,11121.699221,0.000000,96.454830
7200.000000,contribution,optical,hardware,1,1,1,0,priority,0.000500,180,15,hybrid,0.050000,4000.000000,6.087000,58.000000,500.000000,500.000000,2.000000,120.000000,0.400000,184,114,184,78,147,21,48,0,0,0,0,0,78,78,0,0,0.000000,1.000000,43.098076,clear-ocean,30.000000,60.000000,0.151000,822,2014446,516.524615,7.173953,72,2,0,70,0,69,0,0,69,0,0,0,0,0,0,78,0,0,78,0,0,0,0,0,21,49,114,21,49,77,3.525859,218.580482,2144.447207,0.000000,0.000000,32.456140,0,0,0,1636335.234182,18.734641,114.088788,4550.234051,555.773938,154.058029,157.035782,1635060.699356,1631004.176702,866.867750,5331.057480,407.667077,0.033965,0.009415,0.009597,99.922110,0.024913,13.939465,9.095088,2.363758,45.663333,75,0.528333,14,37,0,100.000000,1.113683,79.891304,1196.645725,2154.320000,11207.805937,0.000000,43.707346
7260.000000,contribution,optical,hardware,1,1,1,0,priority,0.000500,180,15,hybrid,0.050000,4000.000000,6.087000,58.000000,500.000000,500.000000,2.000000,120.000000,0.400000,184,114,184,78,147,21,48,0,0,0,0,0,78,78,0,0,0.000000,1.000000,43.098076,clear-ocean,30.000000,60.000000,0.151000,822,2014446,516.524615,7.114664,72,2,0,70,0,69,0,0,69,0,0,0,0,0,0,78,0,0,78,0,0,0,0,0,21,49,114,21,49,77,3.525859,218.580482,2144.447207,0.000000,0.000000,32.456140,0,0,0,1649932.335655,18.734641,114.088788,4550.234051,559.910109,155.092072,157.265569,1648652.400828,1644595.878175,872.267750,5336.457480,407.667077,0.033935,0.009400,0.009532,99.922425,0.024708,13.939465,9.095088,2.363758,45.591736,75,0.523967,14,37,0,100.000000,1.113683,79.891304,1196.645725,2136.515702,11293.912653,0.000000,10.520348
7320.000000,contribution,optical,hardware,1,1,1,0,priority,0.000500,180,15,hybrid,0.050000,4000.000000,6.087000,58.000000,500.000000,500.000000,2.000000,120.000000,0.400000,184,114,184,78,147,21,48,0,0,0,0,0,78,78,0,0,0.000000,1.000000,43.098076,clear-ocean,30.000000,60.000000,0.151000,822,2014446,516.524615,7.056347,72,2,0,70,0,69,0,0,69,0,0,0,0,0,0,78,0,0,78,0,0,0,0,0,21,49,114,21,49,77,3.525859,218.580482,2144.447207,0.000000,0.000000,32.456140,0,0,0,1663529.437127,18.734641,114.088788,4550.234051,564.046279,156.126115,157.495356,1662244.102301,1658187.579647,877.667750,5341.857480,407.667077,0.033907,0.009385,0.009468,99.922734,0.024506,13.939465,9.095088,2.363758,45.521311,75,0.519672,14,37,0,100.000000,1.113683,79.891304,1196.645725,2119.003279,11380.019370,-0.000000,0.040596
7380.000000,contribution,optical,hardware,1,1,1,0,priority,0.000500,180,15,hybrid,0.050000,4000.000000,6.087000,58.000000,500.000000,500.000000,2.000000,120.000000,0.400000,184,114,184,78,147,21,48,0,0,0,0,0,78,78,0,0,0.000000,1.000000,43.098076,clear-ocean,30.000000,60.000000,0.151000,822,2014446,516.524615,6.998979,72,2,0,70,0,69,0,0,69,0,0,0,0,0,0,78,0,0,78,0,0,0,0,0,21,49,114,21,49,77,3.525859,218.580482,2144.447207,0.000000,0.000000,32.456140,0,0,0,1677126.538600,18.734641,114.088788,4550.234051,568.182449,157.160157,157.725143,1675835.803773,1671779.281120,883.067750,5347.257480,407.667077,0.033878,0.009371,0.009404,99.923039,0.024307,13.939465,9.095088,2.363758,45.452033,75,0.515447,14,37,0,100.000000,1.113683,79.891304,1196.645725,2101.775610,11466.126086,-0.000000,13.261771
7440.000000,contribution,optical,hardware,1,1,1,0,priority,0.000500,180,15,hybrid,0.050000,4000.000000,6.087000,58.000000,500.000000,500.000000,2.000000,120.000000,0.400000,184,114,184,78,147,21,48,0,0,0,0,0,78,78,0,0,0.000000,1.000000,43.098076,clear-ocean,30.000000,60.000000,0.151000,822,2014446,516.524615,6.942535,72,2,0,70,0,69,0,0,69,0,0,0,0,0,0,78,0,0,78,0,0,0,0,0,21,49,114,21,49,77,3.525859,218.580482,2144.447207,0.000000,0.000000,32.456140,0,0,0,1690723.640072,18.734641,114.088788,4550.234051,572.318619,158.194200,157.954931,1689427.505246,1685370.982592,888.467750,5352.657480,407.667077,0.033851,0.009357,0.009342,99.923338,0.024112,13.939465,9.095088,2.363758,45.383871,75,0.511290,14,37,0,100.000000,1.113683,79.891304,1196.645725,2084.825806,11552.232802,-0.000000,48.930253
7500.000000,contribution,optical,hardware,1,1,1,0,priority,0.000500,180,15,hybrid,0.050000,4000.000000,6.087000,58.000000,500.000000,500.000000,2.000000,120.000000,0.400000,184,114,184,78,147,21,48,0,0,0,0,0,78,78,0,0,0.000000,1.000000,43.098076,clear-ocean,30.000000,60.000000,0.151000,822,2014446,516.524615,6.886995,72,2,0,70,0,69,0,0,69,0,0,0,0,0,0,78,0,0,78,0,0,0,0,0,21,49,114,21,49,77,3.525859,218.580482,2144.447207,0.000000,0.000000,32.456140,0,0,0,1704320.741545,18.734641,114.088788,4550.234051,576.454789,159.228242,158.184718,1703019.206718,1698962.684065,893.867750,5358.057480,407.667077,0.033823,0.009343,0.009281,99.923633,0.023920,13.939465,9.095088,2.363758,45.316800,75,0.507200,14,37,0,100.000000,1.113683,79.891304,1196.645725,2068.147200,11638.339518,-0.000000,103.663988
7560.000000,contribution,optical,hardware,1,1,1,0,priority,0.000500,180,15,hybrid,0.050000,4000.000000,6.087000,58.000000,500.000000,500.000000,2.000000,120.000000,0.400000,184,114,184,78,147,21,48,0,0,0,0,0,78,78,0,0,0.000000,1.000000,43.098076,clear-ocean,30.000000,60.000000,0.151000,822,2014446,516.524615,6.832336,72,2,0,70,0,69,0,0,69,0,0,0,0,0,0,78,0,0,78,0,0,0,0,0,21,49,114,21,49,77,3.525859,218.580482,2144.447207,0.000000,0.000000,32.456140,0,0,0,1717917.843017,18.734641,114.088788,4550.234051,580.590960,160.262285,158.414505,1716610.908191,1712554.385537,899.267750,5363.457480,407.667077,0.033796,0.009329,0.009221,99.923923,0.023730,13.939465,9.095088,2.363758,45.250794,75,0.503175,14,37,0,100.000000,1.113683,79.891304,1196.645725,2051.733333,11724.446234,-0.000000,172.273173
7620.000000,contribution,optical,hardware,1,1,1,0,priority,0.000500,180,15,hybrid,0.050000,4000.000000,6.087000,58.000000,500.000000,500.000000,2.000000,120.000000,0.400000,184,114,184,78,147,21,48,0,0,0,0,0,78,78,0,0,0.000000,1.000000,43.098076,clear-ocean,30.000000,60.000000,0.151000,822,2014446,516.524615,6.778538,72,2,0,70,0,69,0,0,69,0,0,0,0,0,0,78,0,0,78,0,0,0,0,0,21,49,114,21,49,77,3.525859,218.580482,2144.447207,0.000000,0.000000,32.456140,0,0,0,1731514.944490,18.734641,114.088788,4550.234051,584.727130,161.296327,158.644292,1730202.609663,1726146.087010,904.667750,5368.857480,407.667077,0.033770,0.009315,0.009162,99.924209,0.023544,13.939465,9.095088,2.363758,45.185827,75,0.499213,14,37,0,100.000000,1.113683,79.891304,1196.645725,2035.577953,11810.552950,-0.000000,248.252347
7680.000000,contribution,optical,hardware,1,1,1,0,priority,0.000500,180,15,hybrid,0.050000,4000.000000,6.087000,58.000000,500.000000,500.000000,2.000000,120.000000,0.400000,184,114,184,78,147,21,48,0,0,0,0,0,78,78,0,0,0.000000,1.000000,43.098076,clear-ocean,30.000000,60.000000,0.151000,822,2014446,516.524615,6.725581,72,2,0,70,0,69,0,0,69,0,0,0,0,0,0,78,0,0,78,0,0,0,0,0,21,49,114,21,49,77,3.525859,218.580482,2144.447207,0.000000,0.000000,32.456140,0,0,0,1745112.045962,18.734641,114.088788,4550.234051,588.863300,162.330370,158.874080,1743794.311136,1739737.788482,910.067750,5374.257480,407.667077,0.033744,0.009302,0.009104,99.924490,0.023361,13.939465,9.095088,2.363758,45.121875,75,0.495312,14,37,0,100.000000,1.113683,79.891304,1196.645725,2019.675000,11896.659666,-0.000000,324.397231
7740.000000,contribution,optical,hardware,1,1,1,0,priority,0.000500,180,15,hybrid,0.050000,4000.000000,6.087000,58.000000,500.000000,500.000000,2.000000,120.000000,0.400000,184,114,184,78,147,21,48,0,0,0,0,0,78,78,0,0,0.000000,1.000000,43.098076,clear-ocean,30.000000,60.000000,0.151000,822,2014446,516.524615,6.673445,72,2,0,70,0,69,0,0,69,0,0,0,0,0,0,78,0,0,78,0,0,0,0,0,21,49,114,21,49,77,3.525859,218.580482,2144.447207,0.000000,0.000000,32.456140,0,0,0,1758709.147435,18.734641,114.088788,4550.234051,592.999470,163.364412,159.103867,1757386.012608,1753329.489955,915.467750,5379.657480,407.667077,0.033718,0.009289,0.009047,99.924767,0.023180,13.939465,9.095088,2.363758,45.058915,75,0.491473,14,37,0,100.000000,1.113683,79.891304,1196.645725,2004.018605,11982.766383,-0.000000,393.487836
7800.000000,contribution,optical,hardware,1,1,1,0,priority,0.000500,180,15,hybrid,0.050000,4000.000000,6.087000,58.000000,500.000000,500.000000,2.000000,120.000000,0.400000,184,114,184,78,147,21,48,0,0,0,0,0,78,78,0,0,0.000000,1.000000,43.098076,clear-ocean,30.000000,60.000000,0.151000,822,2014446,516.524615,6.622110,72,2,0,70,0,69,0,0,69,0,0,0,0,0,0,78,0,0,78,0,0,0,0,0,21,49,114,21,49,77,3.525859,218.580482,2144.447207,0.000000,0.000000,32.456140,0,0,0,1772306.248907,18.734641,114.088788,4550.234051,597.135640,164.398455,159.333654,1770977.714081,1766921.191427,920.867750,5385.057480,407.667077,0.033693,0.009276,0.008990,99.925039,0.023002,13.939465,9.095088,2.363758,44.996923,75,0.487692,14,37,0,100.000000,1.113683,79.891304,1196.645725,1988.603077,12068.873099,-0.000000,448.973053
7860.000000,contribution,optical,hardware,1,1,1,0,priority,0.000500,180,15,hybrid,0.050000,4000.000000,6.087000,58.000000,500.000000,500.000000,2.000000,120.000000,0.400000,184,114,184,78,147,21,48,0,0,0,0,0,78,78,0,0,0.000000,1.000000,43.098076,clear-ocean,30.000000,60.000000,0.151000,822,2014446,516.524615,6.571560,72,2,0,70,0,69,0,0,69,0,0,0,0,0,0,78,0,0,78,0,0,0,0,0,21,49,114,21,49,77,3.525859,218.580482,2144.447207,0.000000,0.000000,32.456140,0,0,0,1785903.350380,18.734641,114.088788,4550.234051,601.271811,165.432498,159.563441,1784569.415553,1780512.892900,926.267750,5390.457480,407.667077,0.033668,0.009263,0.008935,99.925308,0.022827,13.939465,9.095088,2.363758,44.935878,75,0.483969,14,37,0,100.000000,1.113683,79.891304,1196.645725,1973.422901,12154.979815,-0.000000,485.591824
7920.000000,contribution,optical,hardware,1,1,1,0,priority,0.000500,180,15,hybrid,0.050000,4000.000000,6.087000,58.000000,500.000000,500.000000,2.000000,120.000000,0.400000,184,114,184,84,148,21,48,0,0,0,0,0,84,84,0,0,0.000000,1.000000,43.103525,clear-ocean,30.000000,60.000000,0.151000,834,2060418,528.312308,6.670610,72,2,0,70,0,69,0,0,69,0,0,0,0,0,0,80,0,0,79,1,0,0,0,0,21,49,114,21,49,78,3.525859,218.580482,2181.584936,0.000000,0.000000,31.578947,0,0,0,1799614.522417,18.734641,114.088788,4664.304615,605.407981,166.466540,166.993229,1798260.221846,1794104.594372,938.867750,5509.928044,415.432821,0.033641,0.009250,0.009279,99.924745,0.023085,13.939465,9.095088,2.391951,44.865909,75,0.488131,14,31,4,100.000000,1.113683,80.434783,1222.622376,1983.725253,12241.086531,-0.000000,499.871988
7980.000000,contribution,optical,hardware,1,1,1,0,priority,0.000500,180,15,hybrid,0.050000,4000.000000,6.087000,58.000000,500.000000,500.000000,2.000000,120.000000,0.400000,184,114,184,84,153,21,48,0,0,0,0,0,84,84,0,0,0.000000,1.000000,43.103525,clear-ocean,30.000000,60.000000,0.151000,864,2166168,555.427692,6.960247,72,2,0,70,0,69,0,0,69,0,0,0,0,0,0,84,0,0,84,0,0,0,0,0,21,49,114,21,49,83,3.525859,218.580482,2347.194588,0.000000,0.000000,27.192982,0,0,0,1813452.117017,18.734641,114.088788,4904.797744,609.544151,167.500583,167.223016,1812068.862806,1807696.295845,944.267750,5755.821173,438.986462,0.033612,0.009237,0.009221,99.923723,0.024207,13.939465,9.095088,2.363758,44.761654,75,0.492481,14,31,0,100.000000,1.113683,83.152174,1343.801552,2094.123308,12327.193247,0.000000,490.459514
8040.000000,contribution,optical,hardware,1,1,1,0,priority,0.000500,180,15,hybrid,0.050000,4000.000000,6.087000,58.000000,500.000000,500.000000,2.000000,120.000000,0.400000,184,114,184,84,153,21,48,0,0,0,0,0,84,84,0,0,0.000000,1.000000,43.103525,clear-ocean,30.000000,60.000000,0.151000,864,2166168,555.427692,6.908305,72,2,0,70,0,69,0,0,69,0,0,0,0,0,0,84,0,0,84,0,0,0,0,0,21,49,114,21,49,83,3.525859,218.580482,2347.194588,0.000000,0.000000,27.192982,0,0,0,1827049.218490,18.734641,114.088788,4904.797744,613.680321,168.534625,167.452803,1825660.564279,1821287.997317,949.667750,5761.221173,438.986462,0.033589,0.009224,0.009165,99.923995,0.024027,13.939465,9.095088,2.363758,44.658955,75,0.488806,14,31,0,100.000000,1.113683,83.152174,1343.801552,2078.495522,12413.299963,0.000000,458.246884
8100.000000,contribution,optical,hardware,1,1,1,0,priority,0.000500,180,15,hybrid,0.050000,4000.000000,6.087000,58.000000,500.000000,500.000000,2.000000,120.000000,0.400000,184,114,184,84,153,21,48,0,0,0,0,0,84,84,0,0,0.000000,1.000000,43.103525,clear-ocean,30.000000,60.000000,0.151000,864,2166168,555.427692,6.857132,72,2,0,70,0,69,0,0,69,0,0,0,0,0,0,84,0,0,84,0,0,0,0,0,21,49,114,21,49,83,3.525859,218.580482,2347.194588,0.000000,0.000000,27.192982,0,0,0,1840646.319962,18.734641,114.088788,4904.797744,617.816492,169.568668,167.682590,1839252.265751,1834879.698790,955.067750,5766.621173,438.986462,0.033565,0.009212,0.009110,99.924263,0.023850,13.939465,9.095088,2.363758,44.557778,75,0.485185,14,31,0,100.000000,1.113683,83.152174,1343.801552,2063.099259,12499.406680,0.000000,406.288471
8160.000000,contribution,optical,hardware,1,1,1,0,priority,0.000500,180,15,hybrid,0.050000,4000.000000,6.087000,58.000000,500.000000,500.000000,2.000000,120.000000,0.400000,184,114,184,84,153,21,48,0,0,0,0,0,84,84,0,0,0.000000,1.000000,43.103525,clear-ocean,30.000000,60.000000,0.151000,864,2166168,555.427692,6.806712,72,2,0,70,0,69,0,0,69,0,0,0,0,0,0,84,0,0,84,0,0,0,0,0,21,49,114,21,49,83,3.525859,218.580482,2347.194588,0.000000,0.000000,27.192982,0,0,0,1854243.421435,18.734641,114.088788,4904.797744,621.952662,170.602710,167.912377,1852843.967224,1848471.400262,960.467750,5772.021173,438.986462,0.033542,0.009201,0.009056,99.924527,0.023675,13.939465,9.095088,2.363758,44.458088,75,0.481618,14,31,0,100.000000,1.113683,83.152174,1343.801552,2047.929412,12585.513396,0.000000,339.510925
8220.000000,contribution,optical,hardware,1,1,1,0,priority,0.000500,180,15,hybrid,0.050000,4000.000000,6.087000,58.000000,500.000000,500.000000,2.000000,120.000000,0.400000,184,114,184,84,153,21,48,0,0,0,0,0,84,84,0,0,0.000000,1.000000,43.103525,clear-ocean,30.000000,60.000000,0.151000,864,2166168,555.427692,6.757028,72,2,0,70,0,69,0,0,69,0,0,0,0,0,0,84,0,0,84,0,0,0,0,0,21,49,114,21,49,83,3.525859,218.580482,2347.194588,0.000000,0.000000,27.192982,0,0,0,1867840.522907,18.734641,114.088788,4904.797744,626.088832,171.636753,168.142165,1866435.668696,1862063.101735,965.867750,5777.421173,438.986462,0.033519,0.009189,0.009002,99.924787,0.023502,13.939465,9.095088,2.363758,44.359854,75,0.478102,14,31,0,100.000000,1.113683,83.152174,1343.801552,2032.981022,12528.379888,0.000000,385.182255
8280.000000,contribution,optical,hardware,1,1,1,0,priority,0.000500,180,15,hybrid,0.050000,4000.000000,6.087000,58.000000,500.000000,500.000000,2.000000,120.000000,0.400000,184,114,184,84,153,21,48,0,0,0,0,0,84,84,0,0,0.000000,1.000000,43.103525,clear-ocean,30.000000,60.000000,0.151000,864,2166168,555.427692,6.708064,72,2,0,70,0,69,0,0,69,0,0,0,0,0,0,84,0,0,84,0,0,0,0,0,21,49,114,21,49,83,3.525859,218.580482,2347.194588,0.000000,0.000000,27.192982,0,0,0,1881437.624380,18.734641,114.088788,4904.797744,630.225002,172.670795,168.371952,1880027.370169,1875654.803207,971.267750,5782.821173,438.986462,0.033497,0.009178,0.008949,99.925044,0.023333,13.939465,9.095088,2.363758,44.263043,75,0.474638,14,31,0,100.000000,1.113683,83.152174,1343.801552,2018.249275,12442.273172,0.000000,442.758027
8340.000000,contribution,optical,hardware,1,1,1,0,priority,0.000500,180,15,hybrid,0.050000,4000.000000,6.087000,58.000000,500.000000,500.000000,2.000000,120.000000,0.400000,184,114,184,84,153,21,48,0,0,0,0,0,84,84,0,0,0.000000,1.000000,43.103525,clear-ocean,30.000000,60.000000,0.151000,864,2166168,555.427692,6.659804,72,2,0,70,0,69,0,0,69,0,0,0,0,0,0,84,0,0,84,0,0,0,0,0,21,49,114,21,49,83,3.525859,218.580482,2347.194588,0.000000,0.000000,27.192982,0,0,0,1895034.725852,18.734641,114.088788,4904.797744,634.361172,173.704838,168.601739,1893619.071641,1889246.504680,976.667750,5788.221173,438.986462,0.033475,0.009166,0.008897,99.925297,0.023165,13.939465,9.095088,2.363758,44.167626,75,0.471223,14,31,0,100.000000,1.113683,83.152174,1343.801552,2003.729496,12356.166456,0.000000,482.056655
8400.000000,contribution,optical,hardware,1,1,1,0,priority,0.000500,180,15,hybrid,0.050000,4000.000000,6.087000,58.000000,500.000000,500.000000,2.000000,120.000000,0.400000,184,114,184,84,153,21,48,0,0,0,0,0,84,84,0,0,0.000000,1.000000,43.103525,clear-ocean,30.000000,60.000000,0.151000,864,2166168,555.427692,6.612234,72,2,0,70,0,69,0,0,69,0,0,0,0,0,0,84,0,0,84,0,0,0,0,0,21,49,114,21,49,83,3.525859,218.580482,2347.194588,0.000000,0.000000,27.192982,0,0,0,1908631.827325,18.734641,114.088788,4904.797744,638.497343,174.738881,168.831526,1907210.773114,1902838.206152,982.067750,5793.621173,438.986462,0.033453,0.009155,0.008846,99.925546,0.023000,13.939465,9.095088,2.363758,44.073571,75,0.467857,14,31,0,100.000000,1.113683,83.152174,1343.801552,1989.417143,12270.059740,0.000000,499.351878
8460.000000,contribution,optical,hardware,1,1,1,0,priority,0.000500,180,15,hybrid,0.050000,4000.000000,6.087000,58.000000,500.000000,500.000000,2.000000,120.000000,0.400000,184,114,184,84,153,21,48,0,0,0,0,0,84,84,0,0,0.000000,1.000000,43.103525,clear-ocean,30.000000,60.000000,0.151000,864,2166168,555.427692,6.565339,72,2,0,70,0,69,0,0,69,0,0,0,0,0,0,84,0,0,84,0,0,0,0,0,21,49,114,21,49,83,3.525859,218.580482,2347.194588,0.000000,0.000000,27.192982,0,0,0,1922228.928797,18.734641,114.088788,4904.797744,642.633513,175.772923,169.061314,1920802.474586,1916429.907625,987.467750,5799.021173,438.986462,0.033432,0.009144,0.008795,99.925792,0.022837,13.939465,9.095088,2.363758,43.980851,75,0.464539,14,31,0,100.000000,1.113683,83.152174,1343.801552,1975.307801,12183.953024,-0.000000,493.003780
8520.000000,contribution,optical,hardware,1,1,1,0,priority,0.000500,180,15,hybrid,0.050000,4000.000000,6.087000,58.000000,500.000000,500.000000,2.000000,120.000000,0.400000,184,114,184,84,153,21,48,0,0,0,0,0,84,84,0,0,0.000000,1.000000,43.103525,clear-ocean,30.000000,60.000000,0.151000,864,2166168,555.427692,6.519104,72,2,0,70,0,69,0,0,69,0,0,0,0,0,0,84,0,0,84,0,0,0,0,0,21,49,114,21,49,83,3.525859,218.580482,2347.194588,0.000000,0.000000,27.192982,0,0,0,1935826.030270,18.734641,114.088788,4904.797744,646.769683,176.806966,169.291101,1934394.176059,1930021.609097,992.867750,5804.421173,438.986462,0.033411,0.009133,0.008745,99.926034,0.022677,13.939465,9.095088,2.363758,43.889437,75,0.461268,14,31,0,100.000000,1.113683,83.152174,1343.801552,1961.397183,12097.846307,-0.000000,463.614281
8580.000000,contribution,optical,hardware,1,1,1,0,priority,0.000500,180,15,hybrid,0.050000,4000.000000,6.087000,58.000000,500.000000,500.000000,2.000000,120.000000,0.400000,184,114,184,84,153,21,48,0,0,0,0,0,84,84,0,0,0.000000,1.000000,43.103525,clear-ocean,30.000000,60.000000,0.151000,864,2166168,555.427692,6.473516,72,2,0,70,0,69,0,0,69,0,0,0,0,0,0,84,0,0,84,0,0,0,0,0,21,49,114,21,49,83,3.525859,218.580482,2347.194588,0.000000,0.000000,27.192982,0,0,0,1949423.131743,18.734641,114.088788,4904.797744,650.905853,177.841008,169.520888,1947985.877531,1943613.310570,998.267750,5809.821173,438.986462,0.033390,0.009123,0.008696,99.926273,0.022519,13.939465,9.095088,2.363758,43.799301,75,0.458042,14,31,0,100.000000,1.113683,83.152174,1343.801552,1947.681119,12011.739591,-0.000000,413.970067
8640.000000,contribution,optical,hardware,1,1,1,0,priority,0.000500,180,15,hybrid,0.050000,4000.000000,6.087000,58.000000,500.000000,500.000000,2.000000,120.000000,0.400000,184,114,184,84,153,21,48,0,0,0,0,0,84,84,0,0,0.000000,1.000000,43.103525,clear-ocean,30.000000,60.000000,0.151000,864,2166168,555.427692,6.428561,72,2,0,70,0,69,0,0,69,0,0,0,0,0,0,84,0,0,84,0,0,0,0,0,21,49,114,21,49,83,3.525859,218.580482,2347.194588,0.000000,0.000000,27.192982,0,0,0,1963020.233215,18.734641,114.088788,4904.797744,655.042023,178.875051,169.750675,1961577.579004,1957205.012042,1003.667750,5815.221173,438.986462,0.033369,0.009112,0.008647,99.926508,0.022363,13.939465,9.095088,2.363758,43.710417,75,0.454861,14,31,0,100.000000,1.113683,83.152174,1343.801552,1934.155556,11925.632875,-0.000000,348.778358
8700.000000,contribution,optical,hardware,1,1,1,0,priority,0.000500,180,15,hybrid,0.050000,4000.000000,6.087000,58.000000,500.000000,500.000000,2.000000,120.000000,0.400000,184,114,184,84,153,21,48,0,0,0,0,0,84,84,0,0,0.000000,1.000000,43.103525,clear-ocean,30.000000,60.000000,0.151000,864,2166168,555.427692,6.384226,72,2,0,70,0,69,0,0,69,0,0,0,0,0,0,84,0,0,84,0,0,0,0,0,21,49,114,21,49,83,3.525859,218.580482,2347.194588,0.000000,0.000000,27.192982,0,0,0,1976617.334688,18.734641,114.088788,4904.797744,659.178194,179.909093,169.980463,1975169.280476,1970796.713515,1009.067750,5820.621173,438.986462,0.033349,0.009102,0.008600,99.926741,0.022209,13.939465,9.095088,2.363758,43.622759,75,0.451724,14,31,0,100.000000,1.113683,83.152174,1343.801552,1920.816552,11839.526159,-0.000000,274.220573
8760.000000,contribution,optical,hardware,1,1,1,0,priority,0.000500,180,15,hybrid,0.050000,4000.000000,6.087000,58.000000,500.000000,500.000000,2.000000,120.000000,0.400000,184,114,184,84,153,21,48,0,0,0,0,0,84,84,0,0,0.000000,1.000000,43.103525,clear-ocean,30.000000,60.000000,0.151000,864,2166168,555.427692,6.340499,72,2,0,70,0,69,0,0,69,0,0,0,0,0,0,84,0,0,84,0,0,0,0,0,21,49,114,21,49,83,3.525859,218.580482,2347.194588,0.000000,0.000000,27.192982,0,0,0,1990214.436160,18.734641,114.088788,4904.797744,663.314364,180.943136,170.210250,1988760.981949,1984388.414987,1014.467750,5826.021173,438.986462,0.033329,0.009092,0.008552,99.926970,0.022057,13.939465,9.095088,2.363758,43.536301,75,0.448630,14,31,0,100.000000,1.113683,83.152174,1343.801552,1907.660274,11753.419443,-0.000000,197.366215
8820.000000,contribution,optical,hardware,1,1,1,0,priority,0.000500,180,15,hybrid,0.050000,4000.000000,6.087000,58.000000,500.000000,500.000000,2.000000,120.000000,0.400000,184,114,184,84,153,21,48,0,0,0,0,0,84,84,0,0,0.000000,1.000000,43.103525,clear-ocean,30.000000,60.000000,0.151000,864,2166168,555.427692,6.297366,72,2,0,70,0,69,0,0,69,0,0,0,0,0,0,84,0,0,84,0,0,0,0,0,21,49,114,21,49,83,3.525859,218.580482,2347.194588,0.000000,0.000000,27.192982,0,0,0,2003811.537633,18.734641,114.088788,4904.797744,667.450534,181.977178,170.440037,2002352.683421,1997980.116460,1019.867750,5831.421173,438.986462,0.033309,0.009082,0.008506,99.927196,0.021908,13.939465,9.095088,2.363758,43.451020,75,0.445578,14,31,0,100.000000,1.113683,83.152174,1343.801552,1894.682993,11667.312727,-0.000000,125.502546
8880.000000,contribution,optical,hardware,1,1,1,0,priority,0.000500,180,15,hybrid,0.050000,4000.000000,6.087000,58.000000,500.000000,500.000000,2.000000,120.000000,0.400000,184,114,184,84,153,21,48,0,0,0,0,0,84,84,0,0,0.000000,1.000000,43.103525,clear-ocean,30.000000,60.000000,0.151000,864,2166168,555.427692,6.254816,72,2,0,70,0,69,0,0,69,0,0,0,0,0,0,84,0,0,84,0,0,0,0,0,21,49,114,21,49,83,3.525859,218.580482,2347.194588,0.000000,0.000000,27.192982,0,0,0,2017408.639105,18.734641,114.088788,4904.797744,671.586704,183.011221,170.669824,2015944.384894,2011571.817933,1025.267750,5836.821173,438.986462,0.033290,0.009072,0.008460,99.927419,0.021760,13.939465,9.095088,2.363758,43.366892,75,0.442568,14,31,0,100.000000,1.113683,83.152174,1343.801552,1881.881081,11581.206011,-0.000000,65.443614
8940.000000,contribution,optical,hardware,1,1,1,0,priority,0.000500,180,15,hybrid,0.050000,4000.000000,6.087000,58.000000,500.000000,500.000000,2.000000,120.000000,0.400000,184,114,184,84,153,21,48,0,0,0,0,0,84,84,0,0,0.000000,1.000000,43.103525,clear-ocean,30.000000,60.000000,0.151000,864,2166168,555.427692,6.212838,72,2,0,70,0,69,0,0,69,0,0,0,0,0,0,84,0,0,84,0,0,0,0,0,21,49,114,21,49,83,3.525859,218.580482,2347.194588,0.000000,0.000000,27.192982,0,0,0,2031005.740578,18.734641,114.088788,4904.797744,675.722875,184.045264,170.899612,2029536.086366,2025163.519405,1030.667750,5842.221173,438.986462,0.033270,0.009062,0.008415,99.927639,0.021614,13.939465,9.095088,2.363758,43.283893,75,0.439597,14,31,0,100.000000,1.113683,83.152174,1343.801552,1869.251007,11495.099294,-0.000000,22.884153
9000.000000,contribution,optical,hardware,1,1,1,0,priority,0.000500,180,15,hybrid,0.050000,4000.000000,6.087000,58.000000,500.000000,500.000000,2.000000,120.000000,0.400000,184,114,184,84,153,21,48,0,0,0,0,0,84,84,0,0,0.000000,1.000000,43.103525,clear-ocean,30.000000,60.000000,0.151000,864,2166168,555.427692,6.171419,72,2,0,70,0,69,0,0,69,0,0,0,0,0,0,84,0,0,84,0,0,0,0,0,21,49,114,21,49,83,3.525859,218.580482,2347.194588,0.000000,0.000000,27.192982,0,0,0,2044602.842050,18.734641,114.088788,4904.797744,679.859045,185.079306,171.129399,2043127.787839,2038755.220878,1036.067750,5847.621173,438.986462,0.033251,0.009052,0.008370,99.927856,0.021471,13.939465,9.095088,2.363758,43.202000,75,0.436667,14,31,0,100.000000,1.113683,83.152174,1343.801552,1856.789333,11408.992578,-0.000000,1.859614
9060.000000,contribution,optical,hardware,1,1,1,0,priority,0.000500,180,15,hybrid,0.050000,4000.000000,6.087000,58.000000,500.000000,500.000000,2.000000,120.000000,0.400000,184,114,184,84,153,21,48,0,0,0,0,0,84,84,0,0,0.000000,1.000000,43.103525,clear-ocean,30.000000,60.000000,0.151000,864,2166168,555.427692,6.130548,72,2,0,70,0,69,0,0,69,0,0,0,0,0,0,84,0,0,84,0,0,0,0,0,21,49,114,21,49,83,3.525859,218.580482,2347.194588,0.000000,0.000000,27.192982,0,0,0,2058199.943523,18.734641,114.088788,4904.797744,683.995215,186.113349,171.359186,2056719.489311,2052346.922350,1041.467750,5853.021173,438.986462,0.033233,0.009043,0.008326,99.928070,0.021329,13.939465,9.095088,2.363758,43.121192,75,0.433775,14,31,0,100.000000,1.113683,83.152174,1343.801552,1844.492715,11322.885862,0.000000,4.363524
9120.000000,contribution,optical,hardware,1,1,1,0,priority,0.000500,180,15,hybrid,0.050000,4000.000000,6.087000,58.000000,500.000000,500.000000,2.000000,120.000000,0.400000,184,114,184,84,153,21,48,0,0,0,0,0,84,84,0,0,0.000000,1.000000,43.103525,clear-ocean,30.000000,60.000000,0.151000,864,2166168,555.427692,6.090216,72,2,0,70,0,69,0,0,69,0,0,0,0,0,0,84,0,0,84,0,0,0,0,0,21,49,114,21,49,83,3.525859,218.580482,2347.194588,0.000000,0.000000,27.192982,0,0,0,2071797.044995,18.734641,114.088788,4904.797744,688.131385,187.147391,171.588973,2070311.190784,2065938.623823,1046.867750,5858.421173,438.986462,0.033214,0.009033,0.008282,99.928282,0.021189,13.939465,9.095088,2.363758,43.041447,75,0.430921,14,31,0,100.000000,1.113683,83.152174,1343.801552,1832.357895,11236.779146,0.000000,30.158465
9180.000000,contribution,optical,hardware,1,1,1,0,priority,0.000500,180,15,hybrid,0.050000,4000.000000,6.087000,58.000000,500.000000,500.000000,2.000000,120.000000,0.400000,184,114,184,84,153,21,48,0,0,0,0,0,84,84,0,0,0.000000,1.000000,43.103525,clear-ocean,30.000000,60.000000,0.151000,864,2166168,555.427692,6.050411,72,2,0,70,0,69,0,0,69,0,0,0,0,0,0,84,0,0,84,0,0,0,0,0,21,49,114,21,49,83,3.525859,218.580482,2347.194588,0.000000,0.000000,27.192982,0,0,0,2085394.146468,18.734641,114.088788,4904.797744,692.267555,188.181434,171.818760,2083902.892256,2079530.325295,1052.267750,5863.821173,438.986462,0.033196,0.009024,0.008239,99.928491,0.021051,13.939465,9.095088,2.363758,42.962745,75,0.428105,14,31,0,100.000000,1.113683,83.152174,1343.801552,1820.381699,11150.672430,0.000000,76.798583
9240.000000,contribution,optical,hardware,1,1,1,0,priority,0.000500,180,15,hybrid,0.050000,4000.000000,6.087000,58.000000,500.000000,500.000000,2.000000,120.000000,0.400000,184,114,184,84,153,21,48,0,0,0,0,0,84,84,0,0,0.000000,1.000000,43.103525,clear-ocean,30.000000,60.000000,0.151000,864,2166168,555.427692,6.011122,72,2,0,70,0,69,0,0,69,0,0,0,0,0,0,84,0,0,84,0,0,0,0,0,21,49,114,21,49,83,3.525859,218.580482,2347.194588,0.000000,0.000000,27.192982,0,0,0,2098991.247940,18.734641,114.088788,4904.797744,696.403726,189.215476,172.048548,2097494.593729,2093122.026768,1057.667750,5869.221173,438.986462,0.033178,0.009015,0.008197,99.928697,0.020914,13.939465,9.095088,2.363758,42.885065,75,0.425325,14,31,0,100.000000,1.113683,83.152174,1343.801552,1808.561039,11064.565714,0.000000,139.861505
9300.000000,contribution,optical,hardware,1,1,1,0,priority,0.000500,180,15,hybrid,0.050000,4000.000000,6.087000,58.000000,500.000000,500.000000,2.000000,120.000000,0.400000,184,114,184,84,153,21,48,0,0,0,0,0,84,84,0,0,0.000000,1.000000,43.103525,clear-ocean,30.000000,60.000000,0.151000,864,2166168,555.427692,5.972341,72,2,0,70,0,69,0,0,69,0,0,0,0,0,0,84,0,0,84,0,0,0,0,0,21,49,114,21,49,83,3.525859,218.580482,2347.194588,0.000000,0.000000,27.192982,0,0,0,2112588.349413,18.734641,114.088788,4904.797744,700.539896,190.249519,172.278335,2111086.295201,2106713.728240,1063.067750,5874.621173,438.986462,0.033160,0.009006,0.008155,99.928900,0.020780,13.939465,9.095088,2.363758,42.808387,75,0.422581,14,31,0,100.000000,1.113683,83.152174,1343.801552,1796.892903,10978.458998,0.000000,213.367661
9360.000000,contribution,optical,hardware,1,1,1,0,priority,0.000500,180,15,hybrid,0.050000,4000.000000,6.087000,58.000000,500.000000,500.000000,2.000000,120.000000,0.400000,184,114,184,84,153,21,48,0,0,0,0,0,84,84,0,0,0.000000,1.000000,43.103525,clear-ocean,30.000000,60.000000,0.151000,864,2166168,555.427692,5.934057,72,2,0,70,0,69,0,0,69,0,0,0,0,0,0,84,0,0,84,0,0,0,0,0,21,49,114,21,49,83,3.525859,218.580482,2347.194588,0.000000,0.000000,27.192982,0,0,0,2126185.450885,18.734641,114.088788,4904.797744,704.676066,191.283561,172.508122,2124677.996674,2120305.429713,1068.467750,5880.021173,438.986462,0.033143,0.008997,0.008114,99.929101,0.020647,13.939465,9.095088,2.363758,42.732692,75,0.419872,14,31,0,100.000000,1.113683,83.152174,1343.801552,1785.374359,10892.352281,0.000000,290.347262
9420.000000,contribution,optical,hardware,1,1,1,0,priority,0.000500,180,15,hybrid,0.050000,4000.000000,6.087000,58.000000,500.000000,500.000000,2.000000,120.000000,0.400000,184,114,184,84,153,21,48,0,0,0,0,0,84,84,0,0,0.000000,1.000000,43.103525,clear-ocean,30.000000,60.000000,0.151000,864,2166168,555.427692,5.896260,72,2,0,70,0,69,0,0,69,0,0,0,0,0,0,84,0,0,84,0,0,0,0,0,21,49,114,21,49,83,3.525859,218.580482,2347.194588,0.000000,0.000000,27.192982,0,0,0,2139782.552358,18.734641,114.088788,4904.797744,708.812236,192.317604,172.737909,2138269.698146,2133897.131185,1073.867750,5885.421173,438.986462,0.033125,0.008988,0.008073,99.929299,0.020515,13.939465,9.095088,2.363758,42.657962,75,0.417197,14,31,0,100.000000,1.113683,83.152174,1343.801552,1774.002548,10806.245565,0.000000,363.501172
9480.000000,contribution,optical,hardware,1,1,1,0,priority,0.000500,180,15,hybrid,0.050000,4000.000000,6.087000,58.000000,500.000000,500.000000,2.000000,120.000000,0.400000,184,114,184,84,153,21,48,0,0,0,0,0,84,84,0,0,0.000000,1.000000,43.103525,clear-ocean,30.000000,60.000000,0.151000,864,2166168,555.427692,5.858942,72,2,0,70,0,69,0,0,69,0,0,0,0,0,0,84,0,0,84,0,0,0,0,0,21,49,114,21,49,83,3.525859,218.580482,2347.194588,0.000000,0.000000,27.192982,0,0,0,2153379.653830,18.734641,114.088788,4904.797744,712.948406,193.351646,172.967697,2151861.399619,2147488.832658,1079.267750,5890.821173,438.986462,0.033108,0.008979,0.008032,99.929494,0.020386,13.939465,9.095088,2.363758,42.584177,75,0.414557,14,31,0,100.000000,1.113683,83.152174,1343.801552,1762.774684,10720.138849,0.000000,425.893002
9540.000000,contribution,optical,hardware,1,1,1,0,priority,0.000500,180,15,hybrid,0.050000,4000.000000,6.087000,58.000000,500.000000,500.000000,2.000000,120.000000,0.400000,184,114,184,84,153,21,48,0,0,0,0,0,84,84,0,0,0.000000,1.000000,43.103525,clear-ocean,30.000000,60.000000,0.151000,864,2166168,555.427692,5.822093,72,2,0,70,0,69,0,0,69,0,0,0,0,0,0,84,0,0,84,0,0,0,0,0,21,49,114,21,49,83,3.525859,218.580482,2347.194588,0.000000,0.000000,27.192982,0,0,0,2166976.755303,18.734641,114.088788,4904.797744,717.084577,194.385689,173.197484,2165453.101091,2161080.534130,1084.667750,5896.221173,438.986462,0.033091,0.008970,0.007993,99.929688,0.020258,13.939465,9.095088,2.363758,42.511321,75,0.411950,14,31,0,100.000000,1.113683,83.152174,1343.801552,1751.688050,10634.032133,0.000000,471.606815
9600.000000,contribution,optical,hardware,1,1,1,0,priority,0.000500,180,15,hybrid,0.050000,4000.000000,6.087000,58.000000,500.000000,500.000000,2.000000,120.000000,0.400000,184,114,184,84,153,21,48,0,0,0,0,0,84,84,0,0,0.000000,1.000000,43.103525,clear-ocean,30.000000,60.000000,0.151000,864,2166168,555.427692,5.785705,72,2,0,70,0,69,0,0,69,0,0,0,0,0,0,84,0,0,84,0,0,0,0,0,21,49,114,21,49,83,3.525859,218.580482,2347.194588,0.000000,0.000000,27.192982,0,0,0,2180573.856775,18.734641,114.088788,4904.797744,721.220747,195.419732,173.427271,2179044.802564,2174672.235603,1090.067750,5901.621173,438.986462,0.033075,0.008962,0.007953,99.929878,0.020132,13.939465,9.095088,2.363758,42.439375,75,0.409375,14,31,0,100.000000,1.113683,83.152174,1343.801552,1740.740000,10547.925417,0.000000,496.308069
9660.000000,contribution,optical,hardware,1,1,1,0,priority,0.000500,180,15,hybrid,0.050000,4000.000000,6.087000,58.000000,500.000000,500.000000,2.000000,120.000000,0.400000,184,114,184,84,153,21,48,0,0,0,0,0,84,84,0,0,0.000000,1.000000,43.103525,clear-ocean,30.000000,60.000000,0.151000,864,2166168,555.427692,5.749769,72,2,0,70,0,69,0,0,69,0,0,0,0,0,0,84,0,0,84,0,0,0,0,0,21,49,114,21,49,83,3.525859,218.580482,2347.194588,0.000000,0.000000,27.192982,0,0,0,2194170.958248,18.734641,114.088788,4904.797744,725.356917,196.453774,173.657058,2192636.504036,2188263.937075,1095.467750,5907.021173,438.986462,0.033058,0.008953,0.007914,99.930067,0.020007,13.939465,9.095088,2.363758,42.368323,75,0.406832,14,31,0,100.000000,1.113683,83.152174,1343.801552,1729.927950,10461.818701,-0.000000,497.654611
9720.000000,contribution,optical,hardware,1,1,1,0,priority,0.000500,180,15,hybrid,0.050000,4000.000000,6.087000,58.000000,500.000000,500.000000,2.000000,120.000000,0.400000,184,114,184,84,153,21,48,0,0,0,0,0,84,84,0,0,0.000000,1.000000,43.103525,clear-ocean,30.000000,60.000000,0.151000,864,2166168,555.427692,5.714277,72,2,0,70,0,69,0,0,69,0,0,0,0,0,0,84,0,0,84,0,0,0,0,0,21,49,114,21,49,83,3.525859,218.580482,2347.194588,0.000000,0.000000,27.192982,0,0,0,2207768.059720,18.734641,114.088788,4904.797744,729.493087,197.487817,173.886846,2206228.205509,2201855.638548,1100.867750,5912.421173,438.986462,0.033042,0.008945,0.007876,99.930253,0.019884,13.939465,9.095088,2.363758,42.298148,75,0.404321,14,31,0,100.000000,1.113683,83.152174,1343.801552,1719.249383,10375.711985,-0.000000,475.518765
9780.000000,contribution,optical,hardware,1,1,1,0,priority,0.000500,180,15,hybrid,0.050000,4000.000000,6.087000,58.000000,500.000000,500.000000,2.000000,120.000000,0.400000,184,114,184,84,153,21,48,0,0,0,0,0,84,84,0,0,0.000000,1.000000,43.103525,clear-ocean,30.000000,60.000000,0.151000,864,2166168,555.427692,5.679220,72,2,0,70,0,69,0,0,69,0,0,0,0,0,0,84,0,0,84,0,0,0,0,0,21,49,114,21,49,83,3.525859,218.580482,2347.194588,0.000000,0.000000,27.192982,0,0,0,2221365.161193,18.734641,114.088788,4904.797744,733.629258,198.521859,174.116633,2219819.906981,2215447.340020,1106.267750,5917.821173,438.986462,0.033026,0.008937,0.007838,99.930437,0.019762,13.939465,9.095088,2.363758,42.228834,75,0.401840,14,31,0,100.000000,1.113683,83.152174,1343.801552,1708.701840,10289.605268,-0.000000,431.999432
9840.000000,contribution,optical,hardware,1,1,1,0,priority,0.000500,180,15,hybrid,0.050000,4000.000000,6.087000,58.000000,500.000000,500.000000,2.000000,120.000000,0.400000,184,114,184,84,153,21,48,0,0,0,0,0,84,84,0,0,0.000000,1.000000,43.103525,clear-ocean,30.000000,60.000000,0.151000,864,2166168,555.427692,5.644590,72,2,0,70,0,69,0,0,69,0,0,0,0,0,0,84,0,0,84,0,0,0,0,0,21,49,114,21,49,83,3.525859,218.580482,2347.194588,0.000000,0.000000,27.192982,0,0,0,2234962.262665,18.734641,114.088788,4904.797744,737.765428,199.555902,174.346420,2233411.608454,2229039.041493,1111.667750,5923.221173,438.986462,0.033010,0.008929,0.007801,99.930618,0.019642,13.939465,9.095088,2.363758,42.160366,75,0.399390,14,31,0,100.000000,1.113683,83.152174,1343.801552,1698.282927,10203.498552,-0.000000,371.223075
9900.000000,contribution,optical,hardware,1,1,1,0,priority,0.000500,180,15,hybrid,0.050000,4000.000000,6.087000,58.000000,500.000000,500.000000,2.000000,120.000000,0.400000,184,114,184,84,153,21,48,0,0,0,0,0,84,84,0,0,0.000000,1.000000,43.103525,clear-ocean,30.000000,60.000000,0.151000,864,2166168,555.427692,5.610381,72,2,0,70,0,69,0,0,69,0,0,0,0,0,0,84,0,0,84,0,0,0,0,0,21,49,114,21,49,83,3.525859,218.580482,2347.194588,0.000000,0.000000,27.192982,0,0,0,2248559.364138,18.734641,114.088788,4904.797744,741.901598,200.589944,174.576207,2247003.309926,2242630.742965,1117.067750,5928.621173,438.986462,0.032995,0.008921,0.007764,99.930798,0.019523,13.939465,9.095088,2.363758,42.092727,75,0.396970,14,31,0,100.000000,1.113683,83.152174,1343.801552,1687.990303,10117.391836,-0.000000,298.952455
9960.000000,contribution,optical,hardware,1,1,1,0,priority,0.000500,180,15,hybrid,0.050000,4000.000000,6.087000,58.000000,500.000000,500.000000,2.000000,120.000000,0.400000,184,114,184,84,153,21,48,0,0,0,0,0,84,84,0,0,0.000000,1.000000,43.103525,clear-ocean,30.000000,60.000000,0.151000,864,2166168,555.427692,5.576583,72,2,0,70,0,69,0,0,69,0,0,0,0,0,0,84,0,0,84,0,0,0,0,0,21,49,114,21,49,83,3.525859,218.580482,2347.194588,0.000000,0.000000,27.192982,0,0,0,2262156.465610,18.734641,114.088788,4904.797744,746.037768,201.623987,174.805994,2260595.011399,2256222.444438,1122.467750,5934.021173,438.986462,0.032979,0.008913,0.007727,99.930975,0.019406,13.939465,9.095088,2.363758,42.025904,75,0.394578,14,31,0,100.000000,1.113683,83.152174,1343.801552,1677.821687,10031.285120,-0.000000,222.040207
10020.000000,contribution,optical,hardware,1,1,1,0,priority,0.000500,180,15,hybrid,0.050000,4000.000000,6.087000,58.000000,500.000000,500.000000,2.000000,120.000000,0.400000,184,114,184,84,153,21,48,0,0,0,0,0,84,84,0,0,0.000000,1.000000,43.103525,clear-ocean,30.000000,60.000000,0.151000,864,2166168,555.427692,5.543191,72,2,0,70,0,69,0,0,69,0,0,0,0,0,0,84,0,0,84,0,0,0,0,0,21,49,114,21,49,83,3.525859,218.580482,2347.194588,0.000000,0.000000,27.192982,0,0,0,2275753.567083,18.734641,114.088788,4904.797744,750.173938,202.658029,175.035782,2274186.712871,2269814.145910,1127.867750,5939.421173,438.986462,0.032964,0.008905,0.007691,99.931150,0.019290,13.939465,9.095088,2.363758,41.959880,75,0.392216,14,31,0,100.000000,1.113683,83.152174,1343.801552,1667.774850,9945.178404,-0.000000,147.779081
10080.000000,contribution,optical,hardware,1,1,1,0,priority,0.000500,180,15,hybrid,0.050000,4000.000000,6.087000,58.000000,500.000000,500.000000,2.000000,120.000000,0.400000,184,114,184,84,153,21,48,0,0,0,0,0,84,84,0,0,0.000000,1.000000,43.103525,clear-ocean,30.000000,60.000000,0.151000,864,2166168,555.427692,5.510195,72,2,0,70,0,69,0,0,69,0,0,0,0,0,0,84,0,0,84,0,0,0,0,0,21,49,114,21,49,83,3.525859,218.580482,2347.194588,0.000000,0.000000,27.192982,0,0,0,2289350.668555,18.734641,114.088788,4904.797744,754.310109,203.692072,175.265569,2287778.414344,2283405.847383,1133.267750,5944.821173,438.986462,0.032949,0.008897,0.007656,99.931323,0.019175,13.939465,9.095088,2.363758,41.894643,75,0.389881,14,31,0,100.000000,1.113683,83.152174,1343.801552,1657.847619,9859.071688,-0.000000,83.210451
10140.000000,contribution,optical,hardware,1,1,1,0,priority,0.000500,180,15,hybrid,0.050000,4000.000000,6.087000,58.000000,500.000000,500.000000,2.000000,120.000000,0.400000,184,114,184,84,153,21,48,0,0,0,0,0,84,84,0,0,0.000000,1.000000,43.103525,clear-ocean,30.000000,60.000000,0.151000,864,2166168,555.427692,5.477591,72,2,0,70,0,69,0,0,69,0,0,0,0,0,0,84,0,0,84,0,0,0,0,0,21,49,114,21,49,83,3.525859,218.580482,2347.194588,0.000000,0.000000,27.192982,0,0,0,2302947.770028,18.734641,114.088788,4904.797744,758.446279,204.726115,175.495356,2301370.115816,2296997.548855,1138.667750,5950.221173,438.986462,0.032934,0.008890,0.007620,99.931494,0.019062,13.939465,9.095088,2.363758,41.830178,75,0.387574,14,31,0,100.000000,1.113683,83.152174,1343.801552,1648.037870,9772.964972,-0.000000,34.456658
10200.000000,contribution,optical,hardware,1,1,1,0,priority,0.000500,180,15,hybrid,0.050000,4000.000000,6.087000,58.000000,500.000000,500.000000,2.000000,120.000000,0.400000,184,114,184,84,153,21,48,0,0,0,0,0,84,84,0,0,0.000000,1.000000,43.103525,clear-ocean,30.000000,60.000000,0.151000,864,2166168,555.427692,5.445370,72,2,0,70,0,69,0,0,69,0,0,0,0,0,0,84,0,0,84,0,0,0,0,0,21,49,114,21,49,83,3.525859,218.580482,2347.194588,0.000000,0.000000,27.192982,0,0,0,2316544.871500,18.734641,114.088788,4904.797744,762.582449,205.760157,175.725143,2314961.817289,2310589.250328,1144.067750,5955.621173,438.986462,0.032919,0.008882,0.007586,99.931663,0.018950,13.939465,9.095088,2.363758,41.766471,75,0.385294,14,31,0,100.000000,1.113683,83.152174,1343.801552,1638.343529,9686.858255,-0.000000,6.140491
10260.000000,contribution,optical,hardware,1,1,1,0,priority,0.000500,180,15,hybrid,0.050000,4000.000000,6.087000,58.000000,500.000000,500.000000,2.000000,120.000000,0.400000,184,114,184,84,153,21,48,0,0,0,0,0,84,84,0,0,0.000000,1.000000,43.103525,clear-ocean,30.000000,60.000000,0.151000,864,2166168,555.427692,5.413525,72,2,0,70,0,69,0,0,69,0,0,0,0,0,0,84,0,0,84,0,0,0,0,0,21,49,114,21,49,83,3.525859,218.580482,2347.194588,0.000000,0.000000,27.192982,0,0,0,2330141.972973,18.734641,114.088788,4904.797744,766.718619,206.794200,175.954931,2328553.518761,2324180.951800,1149.467750,5961.021172,438.986462,0.032904,0.008875,0.007551,99.931830,0.018839,13.939465,9.095088,2.363758,41.703509,75,0.383041,14,31,0,100.000000,1.113683,83.152174,1343.801552,1628.762573,9600.751539,0.000000,0.946864
10320.000000,contribution,optical,hardware,1,1,1,0,priority,0.000500,180,15,hybrid,0.050000,4000.000000,6.087000,58.000000,500.000000,500.000000,2.000000,120.000000,0.400000,184,114,184,84,153,21,48,0,0,0,0,0,84,84,0,0,0.000000,1.000000,43.103525,clear-ocean,30.000000,60.000000,0.151000,864,2166168,555.427692,5.382051,72,2,0,70,0,69,0,0,69,0,0,0,0,0,0,84,0,0,84,0,0,0,0,0,21,49,114,21,49,83,3.525859,218.580482,2347.194588,0.000000,0.000000,27.192982,0,0,0,2343739.074445,18.734641,114.088788,4904.797744,770.854789,207.828242,176.184718,2342145.220234,2337772.653273,1154.867750,5966.421172,438.986462,0.032890,0.008867,0.007517,99.931995,0.018730,13.939465,9.095088,2.363758,41.641279,75,0.380814,14,31,0,100.000000,1.113683,83.152174,1343.801552,1619.293023,9514.644823,0.000000,19.368233
10380.000000,contribution,optical,hardware,1,1,1,0,priority,0.000500,180,15,hybrid,0.050000,4000.000000,6.087000,58.000000,500.000000,500.000000,2.000000,120.000000,0.400000,184,114,184,84,153,21,48,0,0,0,0,0,84,84,0,0,0.000000,1.000000,43.103525,clear-ocean,30.000000,60.000000,0.151000,864,2166168,555.427692,5.350941,72,2,0,70,0,69,0,0,69,0,0,0,0,0,0,84,0,0,84,0,0,0,0,0,21,49,114,21,49,83,3.525859,218.580482,2347.194588,0.000000,0.000000,27.192982,0,0,0,2357336.175918,18.734641,114.088788,4904.797744,774.990960,208.862285,176.414505,2355736.921706,2351364.354745,1160.267750,5971.821172,438.986462,0.032876,0.008860,0.007484,99.932158,0.018622,13.939465,9.095088,2.363758,41.579769,75,0.378613,14,31,0,100.000000,1.113683,83.152174,1343.801552,1609.932948,9428.538107,0.000000,59.657900
10440.000000,contribution,optical,hardware,1,1,1,0,priority,0.000500,180,15,hybrid,0.050000,4000.000000,6.087000,58.000000,500.000000,500.000000,2.000000,120.000000,0.400000,184,114,184,84,153,21,48,0,0,0,0,0,84,84,0,0,0.000000,1.000000,43.103525,clear-ocean,30.000000,60.000000,0.151000,864,2166168,555.427692,5.320189,72,2,0,70,0,69,0,0,69,0,0,0,0,0,0,84,0,0,84,0,0,0,0,0,21,49,114,21,49,83,3.525859,218.580482,2347.194588,0.000000,0.000000,27.192982,0,0,0,2370933.277390,18.734641,114.088788,4904.797744,779.127130,209.896327,176.644292,2369328.623179,2364956.056218,1165.667750,5977.221172,438.986462,0.032862,0.008853,0.007450,99.932320,0.018515,13.939465,9.095088,2.363758,41.518966,75,0.376437,14,31,0,100.000000,1.113683,83.152174,1343.801552,1600.680460,9342.431391,0.000000,117.995634
10500.000000,contribution,optical,hardware,1,1,1,0,priority,0.000500,180,15,hybrid,0.050000,4000.000000,6.087000,58.000000,500.000000,500.000000,2.000000,120.000000,0.400000,184,114,184,84,153,21,48,0,0,0,0,0,84,84,0,0,0.000000,1.000000,43.103525,clear-ocean,30.000000,60.000000,0.151000,864,2166168,555.427692,5.289788,72,2,0,70,0,69,0,0,69,0,0,0,0,0,0,84,0,0,84,0,0,0,0,0,21,49,114,21,49,83,3.525859,218.580482,2347.194588,0.000000,0.000000,27.192982,0,0,0,2384530.378863,18.734641,114.088788,4904.797744,783.263300,210.930370,176.874080,2382920.324651,2378547.757690,1171.067750,5982.621172,438.986462,0.032848,0.008846,0.007418,99.932479,0.018410,13.939465,9.095088,2.363758,41.458857,75,0.374286,14,31,0,100.000000,1.113683,83.152174,1343.801552,1591.533714,9256.324675,0.000000,188.849904
10560.000000,contribution,optical,hardware,1,1,1,0,priority,0.000500,180,15,hybrid,0.050000,4000.000000,6.087000,58.000000,500.000000,500.000000,2.000000,120.000000,0.400000,184,114,184,84,153,21,48,0,0,0,0,0,84,84,0,0,0.000000,1.000000,43.103525,clear-ocean,30.000000,60.000000,0.151000,864,2166168,555.427692,5.259732,72,2,0,70,0,69,0,0,69,0,0,0,0,0,0,84,0,0,84,0,0,0,0,0,21,49,114,21,49,83,3.525859,218.580482,2347.194588,0.000000,0.000000,27.192982,0,0,0,2398127.480335,18.734641,114.088788,4904.797744,787.399470,211.964412,177.103867,2396512.026124,2392139.459163,1176.467750,5988.021172,438.986462,0.032834,0.008839,0.007385,99.932637,0.018305,13.939465,9.095088,2.363758,41.399432,75,0.372159,14,31,0,100.000000,1.113683,83.152174,1343.801552,1582.490909,9170.217959,0.000000,265.502372
10620.000000,contribution,optical,hardware,1,1,1,0,priority,0.000500,180,15,hybrid,0.050000,4000.000000,6.087000,58.000000,500.000000,500.000000,2.000000,120.000000,0.400000,184,114,184,84,153,21,48,0,0,0,0,0,84,84,0,0,0.000000,1.000000,43.103525,clear-ocean,30.000000,60.000000,0.151000,864,2166168,555.427692,5.230016,72,2,0,70,0,69,0,0,69,0,0,0,0,0,0,84,0,0,84,0,0,0,0,0,21,49,114,21,49,83,3.525859,218.580482,2347.194588,0.000000,0.000000,27.192982,0,0,0,2411724.581808,18.734641,114.088788,4904.797744,791.535640,212.998455,177.333654,2410103.727596,2405731.160635,1181.867750,5993.421172,438.986462,0.032820,0.008832,0.007353,99.932793,0.018202,13.939465,9.095088,2.363758,41.340678,75,0.370056,14,31,0,100.000000,1.113683,83.152174,1343.801552,1573.550282,9084.111242,0.000000,340.684918
10680.000000,contribution,optical,hardware,1,1,1,0,priority,0.000500,180,15,hybrid,0.050000,4000.000000,6.087000,58.000000,500.000000,500.000000,2.000000,120.000000,0.400000,184,114,184,84,153,21,48,0,0,0,0,0,84,84,0,0,0.000000,1.000000,43.103525,clear-ocean,30.000000,60.000000,0.151000,864,2166168,555.427692,5.200634,72,2,0,70,0,69,0,0,69,0,0,0,0,0,0,84,0,0,84,0,0,0,0,0,21,49,114,21,49,83,3.525859,218.580482,2347.194588,0.000000,0.000000,27.192982,0,0,0,2425321.683280,18.734641,114.088788,4904.797744,795.671811,214.032498,177.563441,2423695.429069,2419322.862108,1187.267750,5998.821172,438.986462,0.032807,0.008825,0.007321,99.932947,0.018100,13.939465,9.095088,2.363758,41.282584,75,0.367978,14,31,0,100.000000,1.113683,83.152174,1343.801552,1564.710112,8998.004526,0.000000,407.268802
10740.000000,contribution,optical,hardware,1,1,1,0,priority,0.000500,180,15,hybrid,0.050000,4000.000000,6.087000,58.000000,500.000000,500.000000,2.000000,120.000000,0.400000,184,114,184,84,153,21,48,0,0,0,0,0,84,84,0,0,0.000000,1.000000,43.103525,clear-ocean,30.000000,60.000000,0.151000,864,2166168,555.427692,5.171580,72,2,0,70,0,69,0,0,69,0,0,0,0,0,0,84,0,0,84,0,0,0,0,0,21,49,114,21,49,83,3.525859,218.580482,2347.194588,0.000000,0.000000,27.192982,0,0,0,2438918.784753,18.734641,114.088788,4904.797744,799.807981,215.066540,177.793229,2437287.130541,2432914.563580,1192.667750,6004.221172,438.986462,0.032794,0.008818,0.007290,99.933099,0.017999,13.939465,9.095088,2.363758,41.225140,75,0.365922,14,31,0,100.000000,1.113683,83.152174,1343.801552,1555.968715,8911.897810,0.000000,458.940599
10800.000000,contribution,optical,hardware,1,1,1,0,priority,0.000500,180,15,hybrid,0.050000,4000.000000,6.087000,58.000000,500.000000,500.000000,2.000000,120.000000,0.400000,184,114,184,84,153,21,48,0,0,0,0,0,84,84,0,0,0.000000,1.000000,43.103525,clear-ocean,30.000000,60.000000,0.151000,864,2166168,555.427692,5.142849,72,2,0,70,0,69,0,0,69,0,0,0,0,0,0,84,0,0,84,0,0,0,0,0,21,49,114,21,49,83,3.525859,218.580482,2347.194588,0.000000,0.000000,27.192982,0,0,0,2452515.886225,18.734641,114.088788,4904.797744,803.944151,216.100583,178.023016,2450878.832014,2446506.265053,1198.067750,6009.621172,438.986462,0.032780,0.008811,0.007259,99.933250,0.017899,13.939465,9.095088,2.363758,41.168333,75,0.363889,14,31,0,100.000000,1.113683,83.152174,1343.801552,1547.324444,8825.791094,0.000000,490.800835
10860.000000,contribution,optical,hardware,1,1,1,0,priority,0.000500,180,15,hybrid,0.050000,4000.000000,6.087000,58.000000,500.000000,500.000000,2.000000,120.000000,0.400000,184,114,184,84,153,21,48,0,0,0,0,0,84,84,0,0,0.000000,1.000000,43.103525,clear-ocean,30.000000,60.000000,0.151000,864,2166168,555.427692,5.114435,72,2,0,70,0,69,0,0,69,0,0,0,0,0,0,84,0,0,84,0,0,0,0,0,21,49,114,21,49,83,3.525859,218.580482,2347.194588,0.000000,0.000000,27.192982,0,0,0,2466112.987698,18.734641,114.088788,4904.797744,808.080321,217.134625,178.252803,2464470.533486,2460097.966525,1203.467750,6015.021172,438.986462,0.032767,0.008805,0.007228,99.933399,0.017801,13.939465,9.095088,2.363758,41.112155,75,0.361878,14,31,0,100.000000,1.113683,83.152174,1343.801552,1538.775691,8739.684378,-0.000000,499.828551
10920.000000,contribution,optical,hardware,1,1,1,0,priority,0.000500,180,15,hybrid,0.050000,4000.000000,6.087000,58.000000,500.000000,500.000000,2.000000,120.000000,0.400000,184,114,184,84,153,21,48,0,0,0,0,0,84,84,0,0,0.000000,1.000000,43.103525,clear-ocean,30.000000,60.000000,0.151000,864,2166168,555.427692,5.086334,72,2,0,70,0,69,0,0,69,0,0,0,0,0,0,84,0,0,84,0,0,0,0,0,21,49,114,21,49,83,3.525859,218.580482,2347.194588,0.000000,0.000000,27.192982,0,0,0,2479710.089170,18.734641,114.088788,4904.797744,812.216492,218.168668,178.482590,2478062.234959,2473689.667998,1208.867750,6020.421172,438.986462,0.032754,0.008798,0.007198,99.933546,0.017703,13.939465,9.095088,2.363758,41.056593,75,0.359890,14,31,0,100.000000,1.113683,83.152174,1343.801552,1530.320879,8653.577662,-0.000000,485.167748
10980.000000,contribution,optical,hardware,1,1,1,0,priority,0.000500,180,15,hybrid,0.050000,4000.000000,6.087000,58.000000,500.000000,500.000000,2.000000,120.000000,0.400000,184,114,184,84,153,21,48,0,0,0,0,0,84,84,0,0,0.000000,1.000000,43.103525,clear-ocean,30.000000,60.000000,0.151000,864,2166168,555.427692,5.058540,72,2,0,70,0,69,0,0,69,0,0,0,0,0,0,84,0,0,84,0,0,0,0,0,21,49,114,21,49,83,3.525859,218.580482,2347.194588,0.000000,0.000000,27.192982,0,0,0,2493307.190643,18.734641,114.088788,4904.797744,816.352662,219.202710,178.712377,2491653.936431,2487281.369470,1214.267750,6025.821172,438.986462,0.032742,0.008792,0.007168,99.933692,0.017607,13.939465,9.095088,2.363758,41.001639,75,0.357923,14,31,0,100.000000,1.113683,83.152174,1343.801552,1521.958470,8567.470946,-0.000000,448.208549
11040.000000,contribution,optical,hardware,1,1,1,0,priority,0.000500,180,15,hybrid,0.050000,4000.000000,6.087000,58.000000,500.000000,500.000000,2.000000,120.000000,0.400000,184,114,184,84,153,21,48,0,0,0,0,0,84,84,0,0,0.000000,1.000000,43.103525,clear-ocean,30.000000,60.000000,0.151000,864,2166168,555.427692,5.031048,72,2,0,70,0,69,0,0,69,0,0,0,0,0,0,84,0,0,84,0,0,0,0,0,21,49,114,21,49,83,3.525859,218.580482,2347.194588,0.000000,0.000000,27.192982,0,0,0,2506904.292115,18.734641,114.088788,4904.797744,820.488832,220.236753,178.942165,2505245.637904,2500873.070943,1219.667750,6031.221172,438.986462,0.032729,0.008785,0.007138,99.933837,0.017511,13.939465,9.095088,2.363758,40.947283,75,0.355978,14,31,0,100.000000,1.113683,83.152174,1343.801552,1513.686957,8481.364229,-0.000000,392.455393
11100.000000,contribution,optical,hardware,1,1,1,0,priority,0.000500,180,15,hybrid,0.050000,4000.000000,6.087000,58.000000,500.000000,500.000000,2.000000,120.000000,0.400000,184,114,184,84,153,21,48,0,0,0,0,0,84,84,0,0,0.000000,1.000000,43.103525,clear-ocean,30.000000,60.000000,0.151000,864,2166168,555.427692,5.003853,72,2,0,70,0,69,0,0,69,0,0,0,0,0,0,84,0,0,84,0,0,0,0,0,21,49,114,21,49,83,3.525859,218.580482,2347.194588,0.000000,0.000000,27.192982,0,0,0,2520501.393588,18.734641,114.088788,4904.797744,824.625002,221.270795,179.171952,2518837.339376,2514464.772415,1225.067750,6036.621172,438.986462,0.032717,0.008779,0.007109,99.933979,0.017417,13.939465,9.095088,2.363758,40.893514,75,0.354054,14,31,0,100.000000,1.113683,83.152174,1343.801552,1505.504865,8395.257513,-0.000000,323.194744
11160.000000,contribution,optical,hardware,1,1,1,0,priority,0.000500,180,15,hybrid,0.050000,4000.000000,6.087000,58.000000,500.000000,500.000000,2.000000,120.000000,0.400000,184,114,184,84,153,21,48,0,0,0,0,0,84,84,0,0,0.000000,1.000000,43.103525,clear-ocean,30.000000,60.000000,0.151000,864,2166168,555.427692,4.976951,72,2,0,70,0,69,0,0,69,0,0,0,0,0,0,84,0,0,84,0,0,0,0,0,21,49,114,21,49,83,3.525859,218.580482,2347.194588,0.000000,0.000000,27.192982,0,0,0,2534098.495060,18.734641,114.088788,4904.797744,828.761172,222.304838,179.401739,2532429.040849,2528056.473888,1230.467750,6042.021172,438.986462,0.032704,0.008773,0.007080,99.934120,0.017323,13.939465,9.095088,2.363758,40.840323,75,0.352151,14,31,0,100.000000,1.113683,83.152174,1343.801552,1497.410753,8309.150797,-0.000000,246.993835
11220.000000,contribution,optical,hardware,1,1,1,0,priority,0.000500,180,15,hybrid,0.050000,4000.000000,6.087000,58.000000,500.000000,500.000000,2.000000,120.000000,0.400000,184,114,184,84,153,21,48,0,0,0,0,0,84,84,0,0,0.000000,1.000000,43.103525,clear-ocean,30.000000,60.000000,0.151000,864,2166168,555.427692,4.950336,72,2,0,70,0,69,0,0,69,0,0,0,0,0,0,84,0,0,84,0,0,0,0,0,21,49,114,21,49,83,3.525859,218.580482,2347.194588,0.000000,0.000000,27.192982,0,0,0,2547695.596533,18.734641,114.088788,4904.797744,832.897343,223.338881,179.631526,2546020.742322,2541648.175360,1235.867750,6047.421172,438.986462,0.032692,0.008766,0.007051,99.934260,0.017231,13.939465,9.095088,2.363758,40.787701,75,0.350267,14,31,0,100.000000,1.113683,83.152174,1343.801552,1489.403209,8223.044081,-0.000000,171.077968
11280.000000,contribution,optical,hardware,1,1,1,0,priority,0.000500,180,15,hybrid,0.050000,4000.000000,6.087000,58.000000,500.000000,500.000000,2.000000,120.000000,0.400000,184,114,184,84,153,21,48,0,0,0,0,0,84,84,0,0,0.000000,1.000000,43.103525,clear-ocean,30.000000,60.000000,0.151000,864,2166168,555.427692,4.924004,72,2,0,70,0,69,0,0,69,0,0,0,0,0,0,84,0,0,84,0,0,0,0,0,21,49,114,21,49,83,3.525859,218.580482,2347.194588,0.000000,0.000000,27.192982,0,0,0,2561292.698005,18.734641,114.088788,4904.797744,837.033513,224.372923,179.861314,2559612.443794,2555239.876833,1241.267750,6052.821172,438.986462,0.032680,0.008760,0.007022,99.934398,0.017139,13.939465,9.095088,2.363758,40.735638,75,0.348404,14,31,0,100.000000,1.113683,83.152174,1343.801552,1481.480851,8136.937365,-0.000000,102.645417
11340.000000,contribution,optical,hardware,1,1,1,0,priority,0.000500,180,15,hybrid,0.050000,4000.000000,6.087000,58.000000,500.000000,500.000000,2.000000,120.000000,0.400000,184,114,184,84,153,21,48,0,0,0,0,0,84,84,0,0,0.000000,1.000000,43.103525,clear-ocean,30.000000,60.000000,0.151000,864,2166168,555.427692,4.897951,72,2,0,70,0,69,0,0,69,0,0,0,0,0,0,84,0,0,84,0,0,0,0,0,21,49,114,21,49,83,3.525859,218.580482,2347.194588,0.000000,0.000000,27.192982,0,0,0,2574889.799478,18.734641,114.088788,4904.797744,841.169683,225.406966,180.091101,2573204.145267,2568831.578305,1246.667750,6058.221172,438.986462,0.032668,0.008754,0.006994,99.934535,0.017049,13.939465,9.095088,2.363758,40.684127,75,0.346561,14,31,0,100.000000,1.113683,83.152174,1343.801552,1473.642328,8050.830649,-0.000000,48.184896
11400.000000,contribution,optical,hardware,1,1,1,0,priority,0.000500,180,15,hybrid,0.050000,4000.000000,6.087000,58.000000,500.000000,500.000000,2.000000,120.000000,0.400000,184,114,184,84,153,21,48,0,0,0,0,0,84,84,0,0,0.000000,1.000000,43.103525,clear-ocean,30.000000,60.000000,0.151000,864,2166168,555.427692,4.872173,72,2,0,70,0,69,0,0,69,0,0,0,0,0,0,84,0,0,84,0,0,0,0,0,21,49,114,21,49,83,3.525859,218.580482,2347.194588,0.000000,0.000000,27.192982,0,0,0,2588486.900950,18.734641,114.088788,4904.797744,845.305853,226.441008,180.320888,2586795.846739,2582423.279778,1252.067750,6063.621172,438.986462,0.032656,0.008748,0.006966,99.934670,0.016959,13.939465,9.095088,2.363758,40.633158,75,0.344737,14,31,0,100.000000,1.113683,83.152174,1343.801552,1465.886316,7964.723933,-0.000000,12.860303
11460.000000,contribution,optical,hardware,1,1,1,0,priority,0.000500,180,15,hybrid,0.050000,4000.000000,6.087000,58.000000,500.000000,500.000000,2.000000,120.000000,0.400000,184,114,184,84,153,21,48,0,0,0,0,0,84,84,0,0,0.000000,1.000000,43.103525,clear-ocean,30.000000,60.000000,0.151000,864,2166168,555.427692,4.846664,72,2,0,70,0,69,0,0,69,0,0,0,0,0,0,84,0,0,84,0,0,0,0,0,21,49,114,21,49,83,3.525859,218.580482,2347.194588,0.000000,0.000000,27.192982,0,0,0,2602084.002423,18.734641,114.088788,4904.797744,849.442023,227.475051,180.550675,2600387.548212,2596014.981250,1257.467750,6069.021172,438.986462,0.032645,0.008742,0.006939,99.934804,0.016871,13.939465,9.095088,2.363758,40.582723,75,0.342932,14,31,0,100.000000,1.113683,83.152174,1343.801552,1458.211518,7878.617216,-0.000000,0.021083
11520.000000,contribution,optical,hardware,1,1,1,0,priority,0.000500,180,15,hybrid,0.050000,4000.000000,6.087000,58.000000,500.000000,500.000000,2.000000,120.000000,0.400000,184,114,184,84,153,21,48,0,0,0,0,0,84,84,0,0,0.000000,1.000000,43.103525,clear-ocean,30.000000,60.000000,0.151000,864,2166168,555.427692,4.821421,72,2,0,70,0,69,0,0,69,0,0,0,0,0,0,84,0,0,84,0,0,0,0,0,21,49,114,21,49,83,3.525859,218.580482,2347.194588,0.000000,0.000000,27.192982,0,0,0,2615681.103895,18.734641,114.088788,4904.797744,853.578194,228.509093,180.780463,2613979.249684,2609606.682723,1262.867750,6074.421172,438.986462,0.032633,0.008736,0.006911,99.934936,0.016783,13.939465,9.095088,2.363758,40.532812,75,0.341146,14,31,0,100.000000,1.113683,83.152174,1343.801552,1450.616667,7792.510500,0.000000,10.884641
11580.000000,contribution,optical,hardware,1,1,1,0,priority,0.000500,180,15,hybrid,0.050000,4000.000000,6.087000,58.000000,500.000000,500.000000,2.000000,120.000000,0.400000,184,114,184,84,153,21,48,0,0,0,0,0,84,84,0,0,0.000000,1.000000,43.103525,clear-ocean,30.000000,60.000000,0.151000,864,2166168,555.427692,4.796439,72,2,0,70,0,69,0,0,69,0,0,0,0,0,0,84,0,0,84,0,0,0,0,0,21,49,114,21,49,83,3.525859,218.580482,2347.194588,0.000000,0.000000,27.192982,0,0,0,2629278.205368,18.734641,114.088788,4904.797744,857.714364,229.543136,181.010250,2627570.951157,2623198.384195,1268.267750,6079.821172,438.986462,0.032622,0.008730,0.006884,99.935068,0.016696,13.939465,9.095088,2.363758,40.483420,75,0.339378,14,31,0,100.000000,1.113683,83.152174,1343.801552,1443.100518,7706.403784,0.000000,44.420903
11640.000000,contribution,optical,hardware,1,1,1,0,priority,0.000500,180,15,hybrid,0.050000,4000.000000,6.087000,58.000000,500.000000,500.000000,2.000000,120.000000,0.400000,184,114,184,84,153,21,48,0,0,0,0,0,84,84,0,0,0.000000,1.000000,43.103525,clear-ocean,30.000000,60.000000,0.151000,864,2166168,555.427692,4.771716,72,2,0,70,0,69,0,0,69,0,0,0,0,0,0,84,0,0,84,0,0,0,0,0,21,49,114,21,49,83,3.525859,218.580482,2347.194588,0.000000,0.000000,27.192982,0,0,0,2642875.306840,18.734641,114.088788,4904.797744,861.850534,230.577178,181.240037,2641162.652629,2636790.085668,1273.667750,6085.221172,438.986462,0.032610,0.008724,0.006858,99.935197,0.016610,13.939465,9.095088,2.363758,40.434536,75,0.337629,14,31,0,100.000000,1.113683,83.152174,1343.801552,1435.661856,7620.297068,0.000000,97.449991
11700.000000,contribution,optical,hardware,1,1,1,0,priority,0.000500,180,15,hybrid,0.050000,4000.000000,6.087000,58.000000,500.000000,500.000000,2.000000,120.000000,0.400000,184,114,184,84,153,21,48,0,0,0,0,0,84,84,0,0,0.000000,1.000000,43.103525,clear-ocean,30.000000,60.000000,0.151000,864,2166168,555.427692,4.747245,72,2,0,70,0,69,0,0,69,0,0,0,0,0,0,84,0,0,84,0,0,0,0,0,21,49,114,21,49,83,3.525859,218.580482,2347.194588,0.000000,0.000000,27.192982,0,0,0,2656472.408313,18.734641,114.088788,4904.797744,865.986704,231.611221,181.469824,2654754.354102,2650381.787140,1279.067750,6090.621172,438.986462,0.032599,0.008719,0.006831,99.935326,0.016525,13.939465,9.095088,2.363758,40.386154,75,0.335897,14,31,0,100.000000,1.113683,83.152174,1343.801552,1428.299487,7534.190352,0.000000,164.943734
11760.000000,contribution,optical,hardware,1,1,1,0,priority,0.000500,180,15,hybrid,0.050000,4000.000000,6.087000,58.000000,500.000000,500.000000,2.000000,120.000000,0.400000,184,114,184,84,153,21,48,0,0,0,0,0,84,84,0,0,0.000000,1.000000,43.103525,clear-ocean,30.000000,60.000000,0.151000,864,2166168,555.427692,4.723025,72,2,0,70,0,69,0,0,69,0,0,0,0,0,0,84,0,0,84,0,0,0,0,0,21,49,114,21,49,83,3.525859,218.580482,2347.194588,0.000000,0.000000,27.192982,0,0,0,2670069.509785,18.734641,114.088788,4904.797744,870.122875,232.645264,181.699612,2668346.055574,2663973.488613,1284.467750,6096.021172,438.986462,0.032588,0.008713,0.006805,99.935453,0.016441,13.939465,9.095088,2.363758,40.338265,75,0.334184,14,31,0,100.000000,1.113683,83.152174,1343.801552,1421.012245,7448.083636,0.000000,240.502437
11820.000000,contribution,optical,hardware,1,1,1,0,priority,0.000500,180,15,hybrid,0.050000,4000.000000,6.087000,58.000000,500.000000,500.000000,2.000000,120.000000,0.400000,184,114,184,84,153,21,48,0,0,0,0,0,84,84,0,0,0.000000,1.000000,43.103525,clear-ocean,30.000000,60.000000,0.151000,864,2166168,555.427692,4.699050,72,2,0,70,0,69,0,0,69,0,0,0,0,0,0,84,0,0,84,0,0,0,0,0,21,49,114,21,49,83,3.525859,218.580482,2347.194588,0.000000,0.000000,27.192982,0,0,0,2683666.611258,18.734641,114.088788,4904.797744,874.259045,233.679306,181.929399,2681937.757047,2677565.190085,1289.867750,6101.421172,438.986462,0.032577,0.008707,0.006779,99.935579,0.016358,13.939465,9.095088,2.363758,40.290863,75,0.332487,14,31,0,100.000000,1.113683,83.152174,1343.801552,1413.798985,7361.976920,0.000000,316.961690
11880.000000,contribution,optical,hardware,1,1,1,0,priority,0.000500,180,15,hybrid,0.050000,4000.000000,6.087000,58.000000,500.000000,500.000000,2.000000,120.000000,0.400000,184,114,184,84,153,21,48,0,0,0,0,0,84,84,0,0,0.000000,1.000000,43.103525,clear-ocean,30.000000,60.000000,0.151000,864,2166168,555.427692,4.675317,72,2,0,70,0,69,0,0,69,0,0,0,0,0,0,84,0,0,84,0,0,0,0,0,21,49,114,21,49,83,3.525859,218.580482,2347.194588,0.000000,0.000000,27.192982,0,0,0,2697263.712730,18.734641,114.088788,4904.797744,878.395215,234.713349,182.159186,2695529.458519,2691156.891558,1295.267750,6106.821172,438.986462,0.032566,0.008702,0.006753,99.935703,0.016275,13.939465,9.095088,2.363758,40.243939,75,0.330808,14,31,0,100.000000,1.113683,83.152174,1343.801552,1406.658586,7275.870203,0.000000,387.071695
11940.000000,contribution,optical,hardware,1,1,1,0,priority,0.000500,180,15,hybrid,0.050000,4000.000000,6.087000,58.000000,500.000000,500.000000,2.000000,120.000000,0.400000,184,114,184,84,153,21,48,0,0,0,0,0,84,84,0,0,0.000000,1.000000,43.103525,clear-ocean,30.000000,60.000000,0.151000,864,2166168,555.427692,4.651823,72,2,0,70,0,69,0,0,69,0,0,0,0,0,0,84,0,0,84,0,0,0,0,0,21,49,114,21,49,83,3.525859,218.580482,2347.194588,0.000000,0.000000,27.192982,0,0,0,2710860.814203,18.734641,114.088788,4904.797744,882.531385,235.747391,182.388973,2709121.159992,2704748.593030,1300.667750,6112.221172,438.986462,0.032555,0.008696,0.006728,99.935827,0.016194,13.939465,9.095088,2.363758,40.197487,75,0.329146,14,31,0,100.000000,1.113683,83.152174,1343.801552,1399.589950,7189.763487,0.000000,444.184685
12000.000000,contribution,optical,hardware,1,1,1,0,priority,0.000500,180,15,hybrid,0.050000,4000.000000,6.087000,58.000000,500.000000,500.000000,2.000000,120.000000,0.400000,184,114,184,84,153,21,48,0,0,0,0,0,84,84,0,0,0.000000,1.000000,43.103525,clear-ocean,30.000000,60.000000,0.151000,864,2166168,555.427692,4.628564,72,2,0,70,0,69,0,0,69,0,0,0,0,0,0,84,0,0,84,0,0,0,0,0,21,49,114,21,49,83,3.525859,218.580482,2347.194588,0.000000,0.000000,27.192982,0,0,0,2724457.915675,18.734641,114.088788,4904.797744,886.667555,236.781434,182.618760,2722712.861464,2718340.294503,1306.067750,6117.621172,438.986462,0.032545,0.008691,0.006703,99.935949,0.016113,13.939465,9.095088,2.363758,40.151500,75,0.327500,14,31,0,100.000000,1.113683,83.152174,1343.801552,1392.592000,7103.656771,0.000000,482.885257
12060.000000,contribution,optical,hardware,1,1,1,0,priority,0.000500,180,15,hybrid,0.050000,4000.000000,6.087000,58.000000,500.000000,500.000000,2.000000,120.000000,0.400000,184,114,184,84,153,21,48,0,0,0,0,0,84,84,0,0,0.000000,1.000000,43.103525,clear-ocean,30.000000,60.000000,0.151000,864,2166168,555.427692,4.605536,72,2,0,70,0,69,0,0,69,0,0,0,0,0,0,84,0,0,84,0,0,0,0,0,21,49,114,21,49,83,3.525859,218.580482,2347.194588,0.000000,0.000000,27.192982,0,0,0,2738055.017148,18.734641,114.088788,4904.797744,890.803726,237.815476,182.848548,2736304.562937,2731931.995975,1311.467750,6123.021172,438.986462,0.032534,0.008686,0.006678,99.936069,0.016033,13.939465,9.095088,2.363758,40.105970,75,0.325871,14,31,0,100.000000,1.113683,83.152174,1343.801552,1385.663682,7017.550055,0.000000,499.503857
12120.000000,contribution,optical,hardware,1,1,1,0,priority,0.000500,180,15,hybrid,0.050000,4000.000000,6.087000,58.000000,500.000000,500.000000,2.000000,120.000000,0.400000,184,114,184,84,153,21,48,0,0,0,0,0,84,84,0,0,0.000000,1.000000,43.103525,clear-ocean,30.000000,60.000000,0.151000,864,2166168,555.427692,4.582737,72,2,0,70,0,69,0,0,69,0,0,0,0,0,0,84,0,0,84,0,0,0,0,0,21,49,114,21,49,83,3.525859,218.580482,2347.194588,0.000000,0.000000,27.192982,0,0,0,2751652.118620,18.734641,114.088788,4904.797744,894.939896,238.849519,183.078335,2749896.264409,2745523.697448,1316.867750,6128.421172,438.986462,0.032524,0.008680,0.006653,99.936189,0.015954,13.939465,9.095088,2.363758,40.060891,75,0.324257,14,31,0,100.000000,1.113683,83.152174,1343.801552,1378.803960,6931.443339,-0.000000,492.464725
12180.000000,contribution,optical,hardware,1,1,1,0,priority,0.000500,180,15,hybrid,0.050000,4000.000000,6.087000,58.000000,500.000000,500.000000,2.000000,120.000000,0.400000,184,114,184,84,153,21,48,0,0,0,0,0,84,84,0,0,0.000000,1.000000,43.103525,clear-ocean,30.000000,60.000000,0.151000,864,2166168,555.427692,4.560162,72,2,0,70,0,69,0,0,69,0,0,0,0,0,0,84,0,0,84,0,0,0,0,0,21,49,114,21,49,83,3.525859,218.580482,2347.194588,0.000000,0.000000,27.192982,0,0,0,2765249.220093,18.734641,114.088788,4904.797744,899.076066,239.883561,183.308122,2763487.965882,2759115.398920,1322.267750,6133.821172,438.986462,0.032513,0.008675,0.006629,99.936308,0.015875,13.939465,9.095088,2.363758,40.016256,75,0.322660,14,31,0,100.000000,1.113683,83.152174,1343.801552,1372.011823,6845.336623,-0.000000,462.435304
12240.000000,contribution,optical,hardware,1,1,1,0,priority,0.000500,180,15,hybrid,0.050000,4000.000000,6.087000,58.000000,500.000000,500.000000,2.000000,120.000000,0.400000,184,114,184,84,153,21,48,0,0,0,0,0,84,84,0,0,0.000000,1.000000,43.103525,clear-ocean,30.000000,60.000000,0.151000,864,2166168,555.427692,4.537808,72,2,0,70,0,69,0,0,69,0,0,0,0,0,0,84,0,0,84,0,0,0,0,0,21,49,114,21,49,83,3.525859,218.580482,2347.194588,0.000000,0.000000,27.192982,0,0,0,2778846.321565,18.734641,114.088788,4904.797744,903.212236,240.917604,183.537909,2777079.667354,2772707.100393,1327.667750,6139.221172,438.986462,0.032503,0.008670,0.006605,99.936425,0.015797,13.939465,9.095088,2.363758,39.972059,75,0.321078,14,31,0,100.000000,1.113683,83.152174,1343.801552,1365.286275,6759.229907,-0.000000,412.262958
12300.000000,contribution,optical,hardware,1,1,1,0,priority,0.000500,180,15,hybrid,0.050000,4000.000000,6.087000,58.000000,500.000000,500.000000,2.000000,120.000000,0.400000,184,114,184,84,153,21,48,0,0,0,0,0,84,84,0,0,0.000000,1.000000,43.103525,clear-ocean,30.000000,60.000000,0.151000,864,2166168,555.427692,4.515672,72,2,0,70,0,69,0,0,69,0,0,0,0,0,0,84,0,0,84,0,0,0,0,0,21,49,114,21,49,83,3.525859,218.580482,2347.194588,0.000000,0.000000,27.192982,0,0,0,2792443.423038,18.734641,114.088788,4904.797744,907.348406,241.951646,183.767697,2790671.368827,2786298.801865,1333.067750,6144.621172,438.986462,0.032493,0.008665,0.006581,99.936541,0.015721,13.939465,9.095088,2.363758,39.928293,75,0.319512,14,31,0,100.000000,1.113683,83.152174,1343.801552,1358.626341,6673.123190,-0.000000,346.704984
12360.000000,contribution,optical,hardware,1,1,1,0,priority,0.000500,180,15,hybrid,0.050000,4000.000000,6.087000,58.000000,500.000000,500.000000,2.000000,120.000000,0.400000,184,114,184,84,153,21,48,0,0,0,0,0,84,84,0,0,0.000000,1.000000,43.103525,clear-ocean,30.000000,60.000000,0.151000,864,2166168,555.427692,4.493752,72,2,0,70,0,69,0,0,69,0,0,0,0,0,0,84,0,0,84,0,0,0,0,0,21,49,114,21,49,83,3.525859,218.580482,2347.194588,0.000000,0.000000,27.192982,0,0,0,2806040.524510,18.734641,114.088788,4904.797744,911.484577,242.985689,183.997484,2804263.070299,2799890.503338,1338.467750,6150.021172,438.986462,0.032483,0.008659,0.006557,99.936656,0.015644,13.939465,9.095088,2.363758,39.884951,75,0.317961,14,31,0,100.000000,1.113683,83.152174,1343.801552,1352.031068,6587.016474,-0.000000,271.977529
12420.000000,contribution,optical,hardware,1,1,1,0,priority,0.000500,180,15,hybrid,0.050000,4000.000000,6.087000,58.000000,500.000000,500.000000,2.000000,120.000000,0.400000,184,114,184,84,153,21,48,0,0,0,0,0,84,84,0,0,0.000000,1.000000,43.103525,clear-ocean,30.000000,60.000000,0.151000,864,2166168,555.427692,4.472043,72,2,0,70,0,69,0,0,69,0,0,0,0,0,0,84,0,0,84,0,0,0,0,0,21,49,114,21,49,83,3.525859,218.580482,2347.194588,0.000000,0.000000,27.192982,0,0,0,2819637.625983,18.734641,114.088788,4904.797744,915.620747,244.019732,184.227271,2817854.771772,2813482.204810,1343.867750,6155.421172,438.986462,0.032473,0.008654,0.006534,99.936770,0.015569,13.939465,9.095088,2.363758,39.842029,75,0.316425,14,31,0,100.000000,1.113683,83.152174,1343.801552,1345.499517,6500.909758,-0.000000,195.166185
12480.000000,contribution,optical,hardware,1,1,1,0,priority,0.000500,180,15,hybrid,0.050000,4000.000000,6.087000,58.000000,500.000000,500.000000,2.000000,120.000000,0.400000,184,114,184,84,153,21,48,0,0,0,0,0,84,84,0,0,0.000000,1.000000,43.103525,clear-ocean,30.000000,60.000000,0.151000,864,2166168,555.427692,4.450542,72,2,0,70,0,69,0,0,69,0,0,0,0,0,0,84,0,0,84,0,0,0,0,0,21,49,114,21,49,83,3.525859,218.580482,2347.194588,0.000000,0.000000,27.192982,0,0,0,2833234.727455,18.734641,114.088788,4904.797744,919.756917,245.053774,184.457058,2831446.473244,2827073.906283,1349.267750,6160.821172,438.986462,0.032463,0.008649,0.006510,99.936883,0.015494,13.939465,9.095088,2.363758,39.799519,75,0.314904,14,31,0,100.000000,1.113683,83.152174,1343.801552,1339.030769,6414.803042,-0.000000,123.554134
12540.000000,contribution,optical,hardware,1,1,1,0,priority,0.000500,180,15,hybrid,0.050000,4000.000000,6.087000,58.000000,500.000000,500.000000,2.000000,120.000000,0.400000,184,114,184,84,153,21,48,0,0,0,0,0,84,84,0,0,0.000000,1.000000,43.103525,clear-ocean,30.000000,60.000000,0.151000,864,2166168,555.427692,4.429248,72,2,0,70,0,69,0,0,69,0,0,0,0,0,0,84,0,0,84,0,0,0,0,0,21,49,114,21,49,83,3.525859,218.580482,2347.194588,0.000000,0.000000,27.192982,0,0,0,2846831.828928,18.734641,114.088788,4904.797744,923.893087,246.087817,184.686846,2845038.174717,2840665.607755,1354.667750,6166.221172,438.986462,0.032453,0.008644,0.006487,99.936995,0.015420,13.939465,9.095088,2.363758,39.757416,75,0.313397,14,31,0,100.000000,1.113683,83.152174,1343.801552,1332.623923,6328.696326,-0.000000,63.931567
12600.000000,contribution,optical,hardware,1,1,1,0,priority,0.000500,180,15,hybrid,0.050000,4000.000000,6.087000,58.000000,500.000000,500.000000,2.000000,120.000000,0.400000,184,114,184,84,153,21,48,0,0,0,0,0,84,84,0,0,0.000000,1.000000,43.103525,clear-ocean,30.000000,60.000000,0.151000,864,2166168,555.427692,4.408156,72,2,0,70,0,69,0,0,69,0,0,0,0,0,0,84,0,0,84,0,0,0,0,0,21,49,114,21,49,83,3.525859,218.580482,2347.194588,0.000000,0.000000,27.192982,0,0,0,2860428.930400,18.734641,114.088788,4904.797744,928.029258,247.121859,184.916633,2858629.876189,2854257.309228,1360.067750,6171.621172,438.986462,0.032444,0.008639,0.006465,99.937105,0.015347,13.939465,9.095088,2.363758,39.715714,75,0.311905,14,31,0,100.000000,1.113683,83.152174,1343.801552,1326.278095,6242.589610,-0.000000,21.951842
12660.000000,contribution,optical,hardware,1,1,1,0,priority,0.000500,180,15,hybrid,0.050000,4000.000000,6.087000,58.000000,500.000000,500.000000,2.000000,120.000000,0.400000,184,114,184,84,153,21,48,0,0,0,0,0,84,84,0,0,0.000000,1.000000,43.103525,clear-ocean,30.000000,60.000000,0.151000,864,2166168,555.427692,4.387265,72,2,0,70,0,69,0,0,69,0,0,0,0,0,0,84,0,0,84,0,0,0,0,0,21,49,114,21,49,83,3.525859,218.580482,2347.194588,0.000000,0.000000,27.192982,0,0,0,2874026.031873,18.734641,114.088788,4904.797744,932.165428,248.155902,185.146420,2872221.577662,2867849.010700,1365.467750,6177.021172,438.986462,0.032434,0.008634,0.006442,99.937215,0.015274,13.939465,9.095088,2.363758,39.674408,75,0.310427,14,31,0,100.000000,1.113683,83.152174,1343.801552,1319.992417,6156.482894,-0.000000,1.595440
12720.000000,contribution,optical,hardware,1,1,1,0,priority,0.000500,180,15,hybrid,0.050000,4000.000000,6.087000,58.000000,500.000000,500.000000,2.000000,120.000000,0.400000,184,114,184,84,153,21,48,0,0,0,0,0,84,84,0,0,0.000000,1.000000,43.103525,clear-ocean,30.000000,60.000000,0.151000,864,2166168,555.427692,4.366570,72,2,0,70,0,69,0,0,69,0,0,0,0,0,0,84,0,0,84,0,0,0,0,0,21,49,114,21,49,83,3.525859,218.580482,2347.194588,0.000000,0.000000,27.192982,0,0,0,2887623.133345,18.734641,114.088788,4904.797744,936.301598,249.189944,185.376207,2885813.279134,2881440.712173,1370.867750,6182.421172,438.986462,0.032425,0.008630,0.006420,99.937324,0.015202,13.939465,9.095088,2.363758,39.633491,75,0.308962,14,31,0,100.000000,1.113683,83.152174,1343.801552,1313.766038,6070.376177,0.000000,4.792536
12780.000000,contribution,optical,hardware,1,1,1,0,priority,0.000500,180,15,hybrid,0.050000,4000.000000,6.087000,58.000000,500.000000,500.000000,2.000000,120.000000,0.400000,184,114,184,84,153,21,48,0,0,0,0,0,84,84,0,0,0.000000,1.000000,43.103525,clear-ocean,30.000000,60.000000,0.151000,864,2166168,555.427692,4.346070,72,2,0,70,0,69,0,0,69,0,0,0,0,0,0,84,0,0,84,0,0,0,0,0,21,49,114,21,49,83,3.525859,218.580482,2347.194588,0.000000,0.000000,27.192982,0,0,0,2901220.234818,18.734641,114.088788,4904.797744,940.437768,250.223987,185.605994,2899404.980607,2895032.413645,1376.267750,6187.821172,438.986462,0.032415,0.008625,0.006398,99.937431,0.015131,13.939465,9.095088,2.363758,39.592958,75,0.307512,14,31,0,100.000000,1.113683,83.152174,1343.801552,1307.598122,5984.269461,0.000000,31.239984
12840.000000,contribution,optical,hardware,1,1,1,0,priority,0.000500,180,15,hybrid,0.050000,4000.000000,6.087000,58.000000,500.000000,500.000000,2.000000,120.000000,0.400000,184,114,184,84,153,21,48,0,0,0,0,0,84,84,0,0,0.000000,1.000000,43.103525,clear-ocean,30.000000,60.000000,0.151000,864,2166168,555.427692,4.325761,72,2,0,70,0,69,0,0,69,0,0,0,0,0,0,84,0,0,84,0,0,0,0,0,21,49,114,21,49,83,3.525859,218.580482,2347.194588,0.000000,0.000000,27.192982,0,0,0,2914817.336290,18.734641,114.088788,4904.797744,944.573938,251.258029,185.835782,2912996.682079,2908624.115118,1381.667750,6193.221172,438.986462,0.032406,0.008620,0.006376,99.937538,0.015061,13.939465,9.095088,2.363758,39.552804,75,0.306075,14,31,0,100.000000,1.113683,83.152174,1343.801552,1301.487850,5898.162745,0.000000,78.430061
12900.000000,contribution,optical,hardware,1,1,1,0,priority,0.000500,180,15,hybrid,0.050000,4000.000000,6.087000,58.000000,500.000000,500.000000,2.000000,120.000000,0.400000,184,114,184,84,153,21,48,0,0,0,0,0,84,84,0,0,0.000000,1.000000,43.103525,clear-ocean,30.000000,60.000000,0.151000,864,2166168,555.427692,4.305641,72,2,0,70,0,69,0,0,69,0,0,0,0,0,0,84,0,0,84,0,0,0,0,0,21,49,114,21,49,83,3.525859,218.580482,2347.194588,0.000000,0.000000,27.192982,0,0,0,2928414.437762,18.734641,114.088788,4904.797744,948.710109,252.292072,186.065569,2926588.383552,2922215.816590,1387.067750,6198.621172,438.986462,0.032397,0.008615,0.006354,99.937644,0.014991,13.939465,9.095088,2.363758,39.513023,75,0.304651,14,31,0,100.000000,1.113683,83.152174,1343.801552,1295.434419,5812.056029,0.000000,141.888246
12960.000000,contribution,optical,hardware,1,1,1,0,priority,0.000500,180,15,hybrid,0.050000,4000.000000,6.087000,58.000000,500.000000,500.000000,2.000000,120.000000,0.400000,184,114,184,84,153,21,48,0,0,0,0,0,84,84,0,0,0.000000,1.000000,43.103525,clear-ocean,30.000000,60.000000,0.151000,864,2166168,555.427692,4.285708,72,2,0,70,0,69,0,0,69,0,0,0,0,0,0,84,0,0,84,0,0,0,0,0,21,49,114,21,49,83,3.525859,218.580482,2347.194588,0.000000,0.000000,27.192982,0,0,0,2942011.539235,18.734641,114.088788,4904.797744,952.846279,253.326115,186.295356,2940180.085024,2935807.518063,1392.467750,6204.021172,438.986462,0.032388,0.008611,0.006332,99.937748,0.014921,13.939465,9.095088,2.363758,39.473611,75,0.303241,14,31,0,100.000000,1.113683,83.152174,1343.801552,1289.437037,5725.949313,0.000000,215.597491
13020.000000,contribution,optical,hardware,1,1,1,0,priority,0.000500,180,15,hybrid,0.050000,4000.000000,6.087000,58.000000,500.000000,500.000000,2.000000,120.000000,0.400000,184,114,184,84,153,21,48,0,0,0,0,0,84,84,0,0,0.000000,1.000000,43.103525,clear-ocean,30.000000,60.000000,0.151000,864,2166168,555.427692,4.265958,72,2,0,70,0,69,0,0,69,0,0,0,0,0,0,84,0,0,84,0,0,0,0,0,21,49,114,21,49,83,3.525859,218.580482,2347.194588,0.000000,0.000000,27.192982,0,0,0,2955608.640707,18.734641,114.088788,4904.797744,956.982449,254.360157,186.525143,2953771.786497,2949399.219535,1397.867750,6209.421172,438.986462,0.032379,0.008606,0.006311,99.937852,0.014853,13.939465,9.095088,2.363758,39.434562,75,0.301843,14,31,0,100.000000,1.113683,83.152174,1343.801552,1283.494931,5639.842597,0.000000,292.568751
13080.000000,contribution,optical,hardware,1,1,1,0,priority,0.000500,180,15,hybrid,0.050000,4000.000000,6.087000,58.000000,500.000000,500.000000,2.000000,120.000000,0.400000,184,114,184,84,153,21,48,0,0,0,0,0,84,84,0,0,0.000000,1.000000,43.103525,clear-ocean,30.000000,60.000000,0.151000,864,2166168,555.427692,4.246389,72,2,0,70,0,69,0,0,69,0,0,0,0,0,0,84,0,0,84,0,0,0,0,0,21,49,114,21,49,83,3.525859,218.580482,2347.194588,0.000000,0.000000,27.192982,0,0,0,2969205.742180,18.734641,114.088788,4904.797744,961.118619,255.394200,186.754931,2967363.487969,2962990.921008,1403.267750,6214.821172,438.986462,0.032370,0.008601,0.006290,99.937955,0.014785,13.939465,9.095088,2.363758,39.395872,75,0.300459,14,31,0,100.000000,1.113683,83.152174,1343.801552,1277.607339,5553.735880,0.000000,365.503680
13140.000000,contribution,optical,hardware,1,1,1,0,priority,0.000500,180,15,hybrid,0.050000,4000.000000,6.087000,58.000000,500.000000,500.000000,2.000000,120.000000,0.400000,184,114,184,84,153,21,48,0,0,0,0,0,84,84,0,0,0.000000,1.000000,43.103525,clear-ocean,30.000000,60.000000,0.151000,864,2166168,555.427692,4.226999,72,2,0,70,0,69,0,0,69,0,0,0,0,0,0,84,0,0,84,0,0,0,0,0,21,49,114,21,49,83,3.525859,218.580482,2347.194588,0.000000,0.000000,27.192982,0,0,0,2982802.843652,18.734641,114.088788,4904.797744,965.254789,256.428242,186.984718,2980955.189442,2976582.622480,1408.667750,6220.221172,438.986462,0.032361,0.008597,0.006269,99.938056,0.014717,13.939465,9.095088,2.363758,39.357534,75,0.299087,14,31,0,100.000000,1.113683,83.152174,1343.801552,1271.773516,5467.629164,0.000000,427.486654
13200.000000,contribution,optical,hardware,1,1,1,0,priority,0.000500,180,15,hybrid,0.050000,4000.000000,6.087000,58.000000,500.000000,500.000000,2.000000,120.000000,0.400000,184,114,184,84,153,21,48,0,0,0,0,0,84,84,0,0,0.000000,1.000000,43.103525,clear-ocean,30.000000,60.000000,0.151000,864,2166168,555.427692,4.207786,72,2,0,70,0,69,0,0,69,0,0,0,0,0,0,84,0,0,84,0,0,0,0,0,21,49,114,21,49,83,3.525859,218.580482,2347.194588,0.000000,0.000000,27.192982,0,0,0,2996399.945125,18.734641,114.088788,4904.797744,969.390960,257.462285,187.214505,2994546.890914,2990174.323953,1414.067750,6225.621172,438.986462,0.032352,0.008592,0.006248,99.938157,0.014650,13.939465,9.095088,2.363758,39.319545,75,0.297727,14,31,0,100.000000,1.113683,83.152174,1343.801552,1265.992727,5381.522448,0.000000,472.640502
13260.000000,contribution,optical,hardware,1,1,1,0,priority,0.000500,180,15,hybrid,0.050000,4000.000000,6.087000,58.000000,500.000000,500.000000,2.000000,120.000000,0.400000,184,114,184,84,153,21,48,0,0,0,0,0,84,84,0,0,0.000000,1.000000,43.103525,clear-ocean,30.000000,60.000000,0.151000,864,2166168,555.427692,4.188746,72,2,0,70,0,69,0,0,69,0,0,0,0,0,0,84,0,0,84,0,0,0,0,0,21,49,114,21,49,83,3.525859,218.580482,2347.194588,0.000000,0.000000,27.192982,0,0,0,3009997.046597,18.734641,114.088788,4904.797744,973.527130,258.496327,187.444292,3008138.592387,3003766.025425,1419.467750,6231.021172,438.986462,0.032343,0.008588,0.006227,99.938257,0.014584,13.939465,9.095088,2.363758,39.281900,75,0.296380,14,31,0,100.000000,1.113683,83.152174,1343.801552,1260.264253,5295.415732,0.000000,496.683776
13320.000000,contribution,optical,hardware,1,1,1,0,priority,0.000500,180,15,hybrid,0.050000,4000.000000,6.087000,58.000000,500.000000,500.000000,2.000000,120.000000,0.400000,184,114,184,84,153,21,48,0,0,0,0,0,84,84,0,0,0.000000,1.000000,43.103525,clear-ocean,30.000000,60.000000,0.151000,864,2166168,555.427692,4.169878,72,2,0,70,0,69,0,0,69,0,0,0,0,0,0,84,0,0,84,0,0,0,0,0,21,49,114,21,49,83,3.525859,218.580482,2347.194588,0.000000,0.000000,27.192982,0,0,0,3023594.148070,18.734641,114.088788,4904.797744,977.663300,259.530370,187.674080,3021730.293859,3017357.726898,1424.867750,6236.421172,438.986462,0.032334,0.008584,0.006207,99.938356,0.014519,13.939465,9.095088,2.363758,39.244595,75,0.295045,14,31,0,100.000000,1.113683,83.152174,1343.801552,1254.587387,5209.309016,-0.000000,497.336716
13380.000000,contribution,optical,hardware,1,1,1,0,priority,0.000500,180,15,hybrid,0.050000,4000.000000,6.087000,58.000000,500.000000,500.000000,2.000000,120.000000,0.400000,184,114,184,84,153,21,48,0,0,0,0,0,84,84,0,0,0.000000,1.000000,43.103525,clear-ocean,30.000000,60.000000,0.151000,864,2166168,555.427692,4.151179,72,2,0,70,0,69,0,0,69,0,0,0,0,0,0,84,0,0,84,0,0,0,0,0,21,49,114,21,49,83,3.525859,218.580482,2347.194588,0.000000,0.000000,27.192982,0,0,0,3037191.249542,18.734641,114.088788,4904.797744,981.799470,260.564412,187.903867,3035321.995332,3030949.428370,1430.267750,6241.821172,438.986462,0.032326,0.008579,0.006187,99.938455,0.014454,13.939465,9.095088,2.363758,39.207623,75,0.293722,14,31,0,100.000000,1.113683,83.152174,1343.801552,1248.961435,5123.202300,-0.000000,474.537410
13440.000000,contribution,optical,hardware,1,1,1,0,priority,0.000500,180,15,hybrid,0.050000,4000.000000,6.087000,58.000000,500.000000,500.000000,2.000000,120.000000,0.400000,184,114,184,84,153,21,48,0,0,0,0,0,84,84,0,0,0.000000,1.000000,43.103525,clear-ocean,30.000000,60.000000,0.151000,864,2166168,555.427692,4.132647,72,2,0,70,0,69,0,0,69,0,0,0,0,0,0,84,0,0,84,0,0,0,0,0,21,49,114,21,49,83,3.525859,218.580482,2347.194588,0.000000,0.000000,27.192982,0,0,0,3050788.351015,18.734641,114.088788,4904.797744,985.935640,261.598455,188.133654,3048913.696804,3044541.129843,1435.667750,6247.221172,438.986462,0.032317,0.008575,0.006167,99.938552,0.014389,13.939465,9.095088,2.363758,39.170982,75,0.292411,14,31,0,100.000000,1.113683,83.152174,1343.801552,1243.385714,5037.095584,-0.000000,430.447668
13500.000000,contribution,optical,hardware,1,1,1,0,priority,0.000500,180,15,hybrid,0.050000,4000.000000,6.087000,58.000000,500.000000,500.000000,2.000000,120.000000,0.400000,184,114,184,84,153,21,48,0,0,0,0,0,84,84,0,0,0.000000,1.000000,43.103525,clear-ocean,30.000000,60.000000,0.151000,864,2166168,555.427692,4.114279,72,2,0,70,0,69,0,0,69,0,0,0,0,0,0,84,0,0,84,0,0,0,0,0,21,49,114,21,49,83,3.525859,218.580482,2347.194588,0.000000,0.000000,27.192982,0,0,0,3064385.452487,18.734641,114.088788,4904.797744,990.071811,262.632498,188.363441,3062505.398277,3058132.831315,1441.067750,6252.621172,438.986462,0.032309,0.008570,0.006147,99.938648,0.014325,13.939465,9.095088,2.363758,39.134667,75,0.291111,14,31,0,100.000000,1.113683,83.152174,1343.801552,1237.859556,4950.988867,-0.000000,369.248039
13560.000000,contribution,optical,hardware,1,1,1,0,priority,0.000500,180,15,hybrid,0.050000,4000.000000,6.087000,58.000000,500.000000,500.000000,2.000000,120.000000,0.400000,184,114,184,84,153,21,48,0,0,0,0,0,84,84,0,0,0.000000,1.000000,43.103525,clear-ocean,30.000000,60.000000,0.151000,864,2166168,555.427692,4.096074,72,2,0,70,0,69,0,0,69,0,0,0,0,0,0,84,0,0,84,0,0,0,0,0,21,49,114,21,49,83,3.525859,218.580482,2347.194588,0.000000,0.000000,27.192982,0,0,0,3077982.553960,18.734641,114.088788,4904.797744,994.207981,263.666540,188.593229,3076097.099749,3071724.532788,1446.467750,6258.021172,438.986462,0.032301,0.008566,0.006127,99.938744,0.014262,13.939465,9.095088,2.363758,39.098673,75,0.289823,14,31,0,100.000000,1.113683,83.152174,1343.801552,1232.382301,4864.882151,-0.000000,296.741417
13620.000000,contribution,optical,hardware,1,1,1,0,priority,0.000500,180,15,hybrid,0.050000,4000.000000,6.087000,58.000000,500.000000,500.000000,2.000000,120.000000,0.400000,184,114,184,84,153,21,48,0,0,0,0,0,84,84,0,0,0.000000,1.000000,43.103525,clear-ocean,30.000000,60.000000,0.151000,864,2166168,555.427692,4.078030,72,2,0,70,0,69,0,0,69,0,0,0,0,0,0,84,0,0,84,0,0,0,0,0,21,49,114,21,49,83,3.525859,218.580482,2347.194588,0.000000,0.000000,27.192982,0,0,0,3091579.655432,18.734641,114.088788,4904.797744,998.344151,264.700583,188.823016,3089688.801222,3085316.234260,1451.867750,6263.421172,438.986462,0.032292,0.008562,0.006108,99.938839,0.014199,13.939465,9.095088,2.363758,39.062996,75,0.288546,14,31,0,100.000000,1.113683,83.152174,1343.801552,1226.953304,4778.775435,-0.000000,219.802817
13680.000000,contribution,optical,hardware,1,1,1,0,priority,0.000500,180,15,hybrid,0.050000,4000.000000,6.087000,58.000000,500.000000,500.000000,2.000000,120.000000,0.400000,184,114,184,84,153,21,48,0,0,0,0,0,84,84,0,0,0.000000,1.000000,43.103525,clear-ocean,30.000000,60.000000,0.151000,864,2166168,555.427692,4.060144,72,2,0,70,0,69,0,0,69,0,0,0,0,0,0,84,0,0,84,0,0,0,0,0,21,49,114,21,49,83,3.525859,218.580482,2347.194588,0.000000,0.000000,27.192982,0,0,0,3105176.756905,18.734641,114.088788,4904.797744,1002.480321,265.734625,189.052803,3103280.502694,3098907.935733,1457.267750,6268.821172,438.986462,0.032284,0.008558,0.006088,99.938932,0.014137,13.939465,9.095088,2.363758,39.027632,75,0.287281,14,31,0,100.000000,1.113683,83.152174,1343.801552,1221.571930,4692.668719,-0.000000,145.727486
13740.000000,contribution,optical,hardware,1,1,1,0,priority,0.000500,180,15,hybrid,0.050000,4000.000000,6.087000,58.000000,500.000000,500.000000,2.000000,120.000000,0.400000,184,114,184,84,153,21,48,0,0,0,0,0,84,84,0,0,0.000000,1.000000,43.103525,clear-ocean,30.000000,60.000000,0.151000,864,2166168,555.427692,4.042414,72,2,0,70,0,69,0,0,69,0,0,0,0,0,0,84,0,0,84,0,0,0,0,0,21,49,114,21,49,83,3.525859,218.580482,2347.194588,0.000000,0.000000,27.192982,0,0,0,3118773.858377,18.734641,114.088788,4904.797744,1006.616492,266.768668,189.282590,3116872.204167,3112499.637205,1462.667750,6274.221172,438.986462,0.032276,0.008554,0.006069,99.939026,0.014076,13.939465,9.095088,2.363758,38.992576,75,0.286026,14,31,0,100.000000,1.113683,83.152174,1343.801552,1216.237555,4606.562003,-0.000000,81.539182
13800.000000,contribution,optical,hardware,1,1,1,0,priority,0.000500,180,15,hybrid,0.050000,4000.000000,6.087000,58.000000,500.000000,500.000000,2.000000,120.000000,0.400000,184,114,184,84,153,21,48,0,0,0,0,0,84,84,0,0,0.000000,1.000000,43.103525,clear-ocean,30.000000,60.000000,0.151000,864,2166168,555.427692,4.024838,72,2,0,70,0,69,0,0,69,0,0,0,0,0,0,84,0,0,84,0,0,0,0,0,21,49,114,21,49,83,3.525859,218.580482,2347.194588,0.000000,0.000000,27.192982,0,0,0,3132370.959850,18.734641,114.088788,4904.797744,1010.752662,267.802710,189.512377,3130463.905639,3126091.338678,1468.067750,6279.621172,438.986462,0.032268,0.008550,0.006050,99.939118,0.014015,13.939465,9.095088,2.363758,38.957826,75,0.284783,14,31,0,100.000000,1.113683,83.152174,1343.801552,1210.949565,4520.455287,-0.000000,33.324182
13860.000000,contribution,optical,hardware,1,1,1,0,priority,0.000500,180,15,hybrid,0.050000,4000.000000,6.087000,58.000000,500.000000,500.000000,2.000000,120.000000,0.400000,184,114,184,84,153,21,48,0,0,0,0,0,84,84,0,0,0.000000,1.000000,43.103525,clear-ocean,30.000000,60.000000,0.151000,864,2166168,555.427692,4.007415,72,2,0,70,0,69,0,0,69,0,0,0,0,0,0,84,0,0,84,0,0,0,0,0,21,49,114,21,49,83,3.525859,218.580482,2347.194588,0.000000,0.000000,27.192982,0,0,0,3145968.061322,18.734641,114.088788,4904.797744,1014.888832,268.836753,189.742165,3144055.607112,3139683.040150,1473.467750,6285.021172,438.986462,0.032260,0.008545,0.006031,99.939209,0.013954,13.939465,9.095088,2.363758,38.923377,75,0.283550,14,31,0,100.000000,1.113683,83.152174,1343.801552,1205.707359,4434.348571,-0.000000,5.654189
13920.000000,contribution,optical,hardware,1,1,1,0,priority,0.000500,180,15,hybrid,0.050000,4000.000000,6.087000,58.000000,500.000000,500.000000,2.000000,120.000000,0.400000,184,114,184,84,153,21,48,0,0,0,0,0,84,84,0,0,0.000000,1.000000,43.103525,clear-ocean,30.000000,60.000000,0.151000,864,2166168,555.427692,3.990141,72,2,0,70,0,69,0,0,69,0,0,0,0,0,0,84,0,0,84,0,0,0,0,0,21,49,114,21,49,83,3.525859,218.580482,2347.194588,0.000000,0.000000,27.192982,0,0,0,3159565.162795,18.734641,114.088788,4904.797744,1019.025002,269.870795,189.971952,3157647.308584,3153274.741623,1478.867750,6290.421172,438.986462,0.032252,0.008541,0.006013,99.939300,0.013894,13.939465,9.095088,2.363758,38.889224,75,0.282328,14,31,0,100.000000,1.113683,83.152174,1343.801552,1200.510345,4348.241854,0.000000,1.152847
13980.000000,contribution,optical,hardware,1,1,1,0,priority,0.000500,180,15,hybrid,0.050000,4000.000000,6.087000,58.000000,500.000000,500.000000,2.000000,120.000000,0.400000,184,114,184,84,153,21,48,0,0,0,0,0,84,84,0,0,0.000000,1.000000,43.103525,clear-ocean,30.000000,60.000000,0.151000,864,2166168,555.427692,3.973016,72,2,0,70,0,69,0,0,69,0,0,0,0,0,0,84,0,0,84,0,0,0,0,0,21,49,114,21,49,83,3.525859,218.580482,2347.194588,0.000000,0.000000,27.192982,0,0,0,3173162.264267,18.734641,114.088788,4904.797744,1023.161172,270.904838,190.201739,3171239.010057,3166866.443095,1484.267750,6295.821172,438.986462,0.032244,0.008537,0.005994,99.939390,0.013834,13.939465,9.095088,2.363758,38.855365,75,0.281116,14,31,0,100.000000,1.113683,83.152174,1343.801552,1195.357940,4262.135138,0.000000,20.246969
14040.000000,contribution,optical,hardware,1,1,1,0,priority,0.000500,180,15,hybrid,0.050000,4000.000000,6.087000,58.000000,500.000000,500.000000,2.000000,120.000000,0.400000,184,114,184,84,153,21,48,0,0,0,0,0,84,84,0,0,0.000000,1.000000,43.103525,clear-ocean,30.000000,60.000000,0.151000,864,2166168,555.427692,3.956038,72,2,0,70,0,69,0,0,69,0,0,0,0,0,0,84,0,0,84,0,0,0,0,0,21,49,114,21,49,83,3.525859,218.580482,2347.194588,0.000000,0.000000,27.192982,0,0,0,3186759.365740,18.734641,114.088788,4904.797744,1027.297343,271.938881,190.431526,3184830.711529,3180458.144568,1489.667750,6301.221172,438.986462,0.032236,0.008533,0.005976,99.939479,0.013775,13.939465,9.095088,2.363758,38.821795,75,0.279915,14,31,0,100.000000,1.113683,83.152174,1343.801552,1190.249573,4176.028422,0.000000,61.126069
14100.000000,contribution,optical,hardware,1,1,1,0,priority,0.000500,180,15,hybrid,0.050000,4000.000000,6.087000,58.000000,500.000000,500.000000,2.000000,120.000000,0.400000,184,114,184,84,153,21,48,0,0,0,0,0,84,84,0,0,0.000000,1.000000,43.103525,clear-ocean,30.000000,60.000000,0.151000,864,2166168,555.427692,3.939203,72,2,0,70,0,69,0,0,69,0,0,0,0,0,0,84,0,0,84,0,0,0,0,0,21,49,114,21,49,83,3.525859,218.580482,2347.194588,0.000000,0.000000,27.192982,0,0,0,3200356.467212,18.734641,114.088788,4904.797744,1031.433513,272.972923,190.661314,3198422.413002,3194049.846040,1495.067750,6306.621172,438.986462,0.032229,0.008529,0.005958,99.939568,0.013717,13.939465,9.095088,2.363758,38.788511,75,0.278723,14,31,0,100.000000,1.113683,83.152174,1343.801552,1185.184681,4089.921706,0.000000,119.914025
14160.000000,contribution,optical,hardware,1,1,1,0,priority,0.000500,180,15,hybrid,0.050000,4000.000000,6.087000,58.000000,500.000000,500.000000,2.000000,120.000000,0.400000,184,114,184,84,153,21,48,0,0,0,0,0,84,84,0,0,0.000000,1.000000,43.103525,clear-ocean,30.000000,60.000000,0.151000,864,2166168,555.427692,3.922512,72,2,0,70,0,69,0,0,69,0,0,0,0,0,0,84,0,0,84,0,0,0,0,0,21,49,114,21,49,83,3.525859,218.580482,2347.194588,0.000000,0.000000,27.192982,0,0,0,3213953.568685,18.734641,114.088788,4904.797744,1035.569683,274.006966,190.891101,3212014.114474,3207641.547513,1500.467750,6312.021172,438.986462,0.032221,0.008526,0.005939,99.939655,0.013659,13.939465,9.095088,2.363758,38.755508,75,0.277542,14,31,0,100.000000,1.113683,83.152174,1343.801552,1180.162712,4003.814990,0.000000,191.036617
14220.000000,contribution,optical,hardware,1,1,1,0,priority,0.000500,180,15,hybrid,0.050000,4000.000000,6.087000,58.000000,500.000000,500.000000,2.000000,120.000000,0.400000,184,114,184,84,153,21,48,0,0,0,0,0,84,84,0,0,0.000000,1.000000,43.103525,clear-ocean,30.000000,60.000000,0.151000,864,2166168,555.427692,3.905961,72,2,0,70,0,69,0,0,69,0,0,0,0,0,0,84,0,0,84,0,0,0,0,0,21,49,114,21,49,83,3.525859,218.580482,2347.194588,0.000000,0.000000,27.192982,0,0,0,3227550.670157,18.734641,114.088788,4904.797744,1039.705853,275.041008,191.120888,3225605.815947,3221233.248985,1505.867750,6317.421172,438.986462,0.032213,0.008522,0.005922,99.939742,0.013601,13.939465,9.095088,2.363758,38.722785,75,0.276371,14,31,0,100.000000,1.113683,83.152174,1343.801552,1175.183122,3917.708274,0.000000,267.750065
14280.000000,contribution,optical,hardware,1,1,1,0,priority,0.000500,180,15,hybrid,0.050000,4000.000000,6.087000,58.000000,500.000000,500.000000,2.000000,120.000000,0.400000,184,114,184,84,153,21,48,0,0,0,0,0,84,84,0,0,0.000000,1.000000,43.103525,clear-ocean,30.000000,60.000000,0.151000,864,2166168,555.427692,3.889550,72,2,0,70,0,69,0,0,69,0,0,0,0,0,0,84,0,0,84,0,0,0,0,0,21,49,114,21,49,83,3.525859,218.580482,2347.194588,0.000000,0.000000,27.192982,0,0,0,3241147.771630,18.734641,114.088788,4904.797744,1043.842023,276.075051,191.350675,3239197.517419,3234824.950458,1511.267750,6322.821172,438.986462,0.032206,0.008518,0.005904,99.939828,0.013544,13.939465,9.095088,2.363758,38.690336,75,0.275210,14,31,0,100.000000,1.113683,83.152174,1343.801552,1170.245378,3831.601558,0.000000,342.780467
14340.000000,contribution,optical,hardware,1,1,1,0,priority,0.000500,180,15,hybrid,0.050000,4000.000000,6.087000,58.000000,500.000000,500.000000,2.000000,120.000000,0.400000,184,114,184,84,153,21,48,0,0,0,0,0,84,84,0,0,0.000000,1.000000,43.103525,clear-ocean,30.000000,60.000000,0.151000,864,2166168,555.427692,3.873275,72,2,0,70,0,69,0,0,69,0,0,0,0,0,0,84,0,0,84,0,0,0,0,0,21,49,114,21,49,83,3.525859,218.580482,2347.194588,0.000000,0.000000,27.192982,0,0,0,3254744.873102,18.734641,114.088788,4904.797744,1047.978194,277.109093,191.580463,3252789.218892,3248416.651930,1516.667750,6328.221172,438.986462,0.032198,0.008514,0.005886,99.939914,0.013488,13.939465,9.095088,2.363758,38.658159,75,0.274059,14,31,0,100.000000,1.113683,83.152174,1343.801552,1165.348954,3745.494841,0.000000,409.013508
14400.000000,contribution,optical,hardware,1,1,1,0,priority,0.000500,180,15,hybrid,0.050000,4000.000000,6.087000,58.000000,500.000000,500.000000,2.000000,120.000000,0.400000,184,114,184,84,153,21,48,0,0,0,0,0,84,84,0,0,0.000000,1.000000,43.103525,clear-ocean,30.000000,60.000000,0.151000,864,2166168,555.427692,3.857137,72,2,0,70,0,69,0,0,69,0,0,0,0,0,0,84,0,0,84,0,0,0,0,0,21,49,114,21,49,83,3.525859,218.580482,2347.194588,0.000000,0.000000,27.192982,0,0,0,3268341.974575,18.734641,114.088788,4904.797744,1052.114364,278.143136,191.810250,3266380.920364,3262008.353403,1522.067750,6333.621172,438.986462,0.032191,0.008510,0.005869,99.939998,0.013431,13.939465,9.095088,2.363758,38.626250,75,0.272917,14,31,0,100.000000,1.113683,83.152174,1343.801552,1160.493333,3659.388125,0.000000,460.169031
14460.000000,contribution,optical,hardware,1,1,1,0,priority,0.000500,180,15,hybrid,0.050000,4000.000000,6.087000,58.000000,500.000000,500.000000,2.000000,120.000000,0.400000,184,114,184,84,153,21,48,0,0,0,0,0,84,84,0,0,0.000000,1.000000,43.103525,clear-ocean,30.000000,60.000000,0.151000,864,2166168,555.427692,3.841132,72,2,0,70,0,69,0,0,69,0,0,0,0,0,0,84,0,0,84,0,0,0,0,0,21,49,114,21,49,83,3.525859,218.580482,2347.194588,0.000000,0.000000,27.192982,0,0,0,3281939.076047,18.734641,114.088788,4904.797744,1056.250534,279.177178,192.040037,3279972.621837,3275600.054876,1527.467750,6339.021172,438.986462,0.032184,0.008506,0.005851,99.940083,0.013376,13.939465,9.095088,2.363758,38.594606,75,0.271784,14,31,0,100.000000,1.113683,83.152174,1343.801552,1155.678008,3573.281409,0.000000,491.396514
14520.000000,contribution,optical,hardware,1,1,1,0,priority,0.000500,180,15,hybrid,0.050000,4000.000000,6.087000,58.000000,500.000000,500.000000,2.000000,120.000000,0.400000,184,114,184,90,156,21,48,0,0,0,0,0,90,90,0,0,0.000000,1.000000,43.107690,clear-ocean,30.000000,60.000000,0.151000,889,2258577,579.122308,3.988446,72,2,0,70,0,69,0,0,69,0,0,0,0,0,0,88,0,0,87,1,0,0,0,0,21,49,114,21,49,86,3.525859,218.580482,2635.640764,0.000000,0.000000,24.561404,0,0,0,3295755.101212,18.734641,114.088788,5123.721436,1060.386704,280.211221,199.469824,3293758.690078,3289191.756348,1540.067750,6563.344864,456.343385,0.032174,0.008502,0.006052,99.939425,0.013846,13.939465,9.095088,2.383126,38.551653,75,0.278099,14,25,2,100.000000,1.113683,84.782609,1522.112771,1192.224793,3487.174693,-0.000000,499.734996
14580.000000,contribution,optical,hardware,1,1,1,0,priority,0.000500,180,15,hybrid,0.050000,4000.000000,6.087000,58.000000,500.000000,500.000000,2.000000,120.000000,0.400000,184,114,184,90,159,21,48,0,0,0,0,0,90,90,0,0,0.000000,1.000000,43.107690,clear-ocean,30.000000,60.000000,0.151000,906,2317890,594.330769,4.076343,72,2,0,70,0,69,0,0,69,0,0,0,0,0,0,90,0,0,90,0,0,0,0,0,21,49,114,21,49,89,3.525859,218.580482,2903.740470,0.000000,0.000000,21.929825,0,0,0,3309487.842685,18.734641,114.088788,5259.361436,1064.522875,281.245264,199.699612,3307472.069089,3302783.457821,1545.467750,6704.384864,470.305846,0.032166,0.008498,0.006034,99.939091,0.014211,13.939465,9.095088,2.363758,38.495885,75,0.278189,14,25,0,100.000000,1.113683,86.413043,1693.191123,1228.470782,3401.067977,-0.000000,484.393829
14640.000000,contribution,optical,hardware,1,1,1,0,priority,0.000500,180,15,hybrid,0.050000,4000.000000,6.087000,58.000000,500.000000,500.000000,2.000000,120.000000,0.400000,184,114,184,90,159,21,48,0,0,0,0,0,90,90,0,0,0.000000,1.000000,43.107690,clear-ocean,30.000000,60.000000,0.151000,906,2317890,594.330769,4.059636,72,2,0,70,0,69,0,0,69,0,0,0,0,0,0,90,0,0,90,0,0,0,0,0,21,49,114,21,49,89,3.525859,218.580482,2903.740470,0.000000,0.000000,21.929825,0,0,0,3323084.944157,18.734641,114.088788,5259.361436,1068.659045,282.279306,199.929399,3321063.770562,3316375.159293,1550.867750,6709.784864,470.305846,0.032159,0.008494,0.006016,99.939178,0.014153,13.939465,9.095088,2.363758,38.440574,75,0.277049,14,25,0,100.000000,1.113683,86.413043,1693.191123,1223.436066,3314.961261,-0.000000,446.827649
14700.000000,contribution,optical,hardware,1,1,1,0,priority,0.000500,180,15,hybrid,0.050000,4000.000000,6.087000,58.000000,500.000000,500.000000,2.000000,120.000000,0.400000,184,114,184,90,159,21,48,0,0,0,0,0,90,90,0,0,0.000000,1.000000,43.107690,clear-ocean,30.000000,60.000000,0.151000,906,2317890,594.330769,4.043066,72,2,0,70,0,69,0,0,69,0,0,0,0,0,0,90,0,0,90,0,0,0,0,0,21,49,114,21,49,89,3.525859,218.580482,2903.740470,0.000000,0.000000,21.929825,0,0,0,3336682.045630,18.734641,114.088788,5259.361436,1072.795215,283.313349,200.159186,3334655.472034,3329966.860766,1556.267750,6715.184864,470.305846,0.032152,0.008491,0.005999,99.939264,0.014095,13.939465,9.095088,2.363758,38.385714,75,0.275918,14,25,0,100.000000,1.113683,86.413043,1693.191123,1218.442449,3228.854545,-0.000000,390.598447
14760.000000,contribution,optical,hardware,1,1,1,0,priority,0.000500,180,15,hybrid,0.050000,4000.000000,6.087000,58.000000,500.000000,500.000000,2.000000,120.000000,0.400000,184,114,184,90,159,21,48,0,0,0,0,0,90,90,0,0,0.000000,1.000000,43.107690,clear-ocean,30.000000,60.000000,0.151000,906,2317890,594.330769,4.026631,72,2,0,70,0,69,0,0,69,0,0,0,0,0,0,90,0,0,90,0,0,0,0,0,21,49,114,21,49,89,3.525859,218.580482,2903.740470,0.000000,0.000000,21.929825,0,0,0,3350279.147102,18.734641,114.088788,5259.361436,1076.931385,284.347391,200.388973,3348247.173507,3343558.562238,1561.667750,6720.584864,470.305846,0.032145,0.008487,0.005981,99.939349,0.014038,13.939465,9.095088,2.363758,38.331301,75,0.274797,14,25,0,100.000000,1.113683,86.413043,1693.191123,1213.489431,3142.747828,-0.000000,321.037826
14820.000000,contribution,optical,hardware,1,1,1,0,priority,0.000500,180,15,hybrid,0.050000,4000.000000,6.087000,58.000000,500.000000,500.000000,2.000000,120.000000,0.400000,184,114,184,90,159,21,48,0,0,0,0,0,90,90,0,0,0.000000,1.000000,43.107690,clear-ocean,30.000000,60.000000,0.151000,906,2317890,594.330769,4.010329,72,2,0,70,0,69,0,0,69,0,0,0,0,0,0,90,0,0,90,0,0,0,0,0,21,49,114,21,49,89,3.525859,218.580482,2903.740470,0.000000,0.000000,21.929825,0,0,0,3363876.248575,18.734641,114.088788,5259.361436,1081.067555,285.381434,200.618760,3361838.874979,3357150.263711,1567.067750,6725.984864,470.305846,0.032138,0.008484,0.005964,99.939434,0.013981,13.939465,9.095088,2.363758,38.277328,75,0.273684,14,25,0,100.000000,1.113683,86.413043,1693.191123,1208.576518,3056.641112,-0.000000,244.741463
14880.000000,contribution,optical,hardware,1,1,1,0,priority,0.000500,180,15,hybrid,0.050000,4000.000000,6.087000,58.000000,500.000000,500.000000,2.000000,120.000000,0.400000,184,114,184,90,159,21,48,0,0,0,0,0,90,90,0,0,0.000000,1.000000,43.107690,clear-ocean,30.000000,60.000000,0.151000,906,2317890,594.330769,3.994158,72,2,0,70,0,69,0,0,69,0,0,0,0,0,0,90,0,0,90,0,0,0,0,0,21,49,114,21,49,89,3.525859,218.580482,2903.740470,0.000000,0.000000,21.929825,0,0,0,3377473.350047,18.734641,114.088788,5259.361436,1085.203726,286.415476,200.848548,3375430.576452,3370741.965183,1572.467750,6731.384864,470.305846,0.032131,0.008480,0.005947,99.939518,0.013925,13.939465,9.095088,2.363758,38.223790,75,0.272581,14,25,0,100.000000,1.113683,86.413043,1693.191123,1203.703226,2970.534396,-0.000000,168.943709
14940.000000,contribution,optical,hardware,1,1,1,0,priority,0.000500,180,15,hybrid,0.050000,4000.000000,6.087000,58.000000,500.000000,500.000000,2.000000,120.000000,0.400000,184,114,184,90,159,21,48,0,0,0,0,0,90,90,0,0,0.000000,1.000000,43.107690,clear-ocean,30.000000,60.000000,0.151000,906,2317890,594.330769,3.978118,72,2,0,70,0,69,0,0,69,0,0,0,0,0,0,90,0,0,90,0,0,0,0,0,21,49,114,21,49,89,3.525859,218.580482,2903.740470,0.000000,0.000000,21.929825,0,0,0,3391070.451520,18.734641,114.088788,5259.361436,1089.339896,287.449519,201.078335,3389022.277924,3384333.666656,1577.867750,6736.784864,470.305846,0.032124,0.008477,0.005930,99.939601,0.013869,13.939465,9.095088,2.363758,38.170683,75,0.271486,14,25,0,100.000000,1.113683,86.413043,1693.191123,1198.869076,2884.427680,-0.000000,100.831640
15000.000000,contribution,optical,hardware,1,1,1,0,priority,0.000500,180,15,hybrid,0.050000,4000.000000,6.087000,58.000000,500.000000,500.000000,2.000000,120.000000,0.400000,184,114,184,90,159,21,48,0,0,0,0,0,90,90,0,0,0.000000,1.000000,43.107690,clear-ocean,30.000000,60.000000,0.151000,906,2317890,594.330769,3.962205,72,2,0,70,0,69,0,0,69,0,0,0,0,0,0,90,0,0,90,0,0,0,0,0,21,49,114,21,49,89,3.525859,218.580482,2903.740470,0.000000,0.000000,21.929825,0,0,0,3404667.552992,18.734641,114.088788,5259.361436,1093.476066,288.483561,201.308122,3402613.979397,3397925.368128,1583.267750,6742.184864,470.305846,0.032117,0.008473,0.005913,99.939684,0.013814,13.939465,9.095088,2.363758,38.118000,75,0.270400,14,25,0,100.000000,1.113683,86.413043,1693.191123,1194.073600,2798.320964,-0.000000,46.863581
15060.000000,contribution,optical,hardware,1,1,1,0,priority,0.000500,180,15,hybrid,0.050000,4000.000000,6.087000,58.000000,500.000000,500.000000,2.000000,120.000000,0.400000,184,114,184,90,159,21,48,0,0,0,0,0,90,90,0,0,0.000000,1.000000,43.107690,clear-ocean,30.000000,60.000000,0.151000,906,2317890,594.330769,3.946419,72,2,0,70,0,69,0,0,69,0,0,0,0,0,0,90,0,0,90,0,0,0,0,0,21,49,114,21,49,89,3.525859,218.580482,2903.740470,0.000000,0.000000,21.929825,0,0,0,3418264.654465,18.734641,114.088788,5259.361436,1097.612236,289.517604,201.537909,3416205.680869,3411517.069601,1588.667750,6747.584864,470.305846,0.032110,0.008470,0.005896,99.939766,0.013759,13.939465,9.095088,2.363758,38.065737,75,0.269323,14,25,0,100.000000,1.113683,86.413043,1693.191123,1189.316335,2712.214248,-0.000000,12.156736
15120.000000,contribution,optical,hardware,1,1,1,0,priority,0.000500,180,15,hybrid,0.050000,4000.000000,6.087000,58.000000,500.000000,500.000000,2.000000,120.000000,0.400000,184,114,184,90,159,21,48,0,0,0,0,0,90,90,0,0,0.000000,1.000000,43.107690,clear-ocean,30.000000,60.000000,0.151000,906,2317890,594.330769,3.930759,72,2,0,70,0,69,0,0,69,0,0,0,0,0,0,90,0,0,90,0,0,0,0,0,21,49,114,21,49,89,3.525859,218.580482,2903.740470,0.000000,0.000000,21.929825,0,0,0,3431861.755937,18.734641,114.088788,5259.361436,1101.748406,290.551646,201.767697,3429797.382342,3425108.771073,1594.067750,6752.984864,470.305846,0.032104,0.008466,0.005879,99.939847,0.013704,13.939465,9.095088,2.363758,38.013889,75,0.268254,14,25,0,100.000000,1.113683,86.413043,1693.191123,1184.596825,2626.107532,-0.000000,0.001977
15180.000000,contribution,optical,hardware,1,1,1,0,priority,0.000500,180,15,hybrid,0.050000,4000.000000,6.087000,58.000000,500.000000,500.000000,2.000000,120.000000,0.400000,184,114,184,90,159,21,48,0,0,0,0,0,90,90,0,0,0.000000,1.000000,43.107690,clear-ocean,30.000000,60.000000,0.151000,906,2317890,594.330769,3.915222,72,2,0,70,0,69,0,0,69,0,0,0,0,0,0,90,0,0,90,0,0,0,0,0,21,49,114,21,49,89,3.525859,218.580482,2903.740470,0.000000,0.000000,21.929825,0,0,0,3445458.857410,18.734641,114.088788,5259.361436,1105.884577,291.585689,201.997484,3443389.083814,3438700.472546,1599.467750,6758.384864,470.305846,0.032097,0.008463,0.005863,99.939927,0.013650,13.939465,9.095088,2.363758,37.962451,75,0.267194,14,25,0,100.000000,1.113683,86.413043,1693.191123,1179.914625,2540.000815,0.000000,11.551806
15240.000000,contribution,optical,hardware,1,1,1,0,priority,0.000500,180,15,hybrid,0.050000,4000.000000,6.087000,58.000000,500.000000,500.000000,2.000000,120.000000,0.400000,184,114,184,90,159,21,48,0,0,0,0,0,90,90,0,0,0.000000,1.000000,43.107690,clear-ocean,30.000000,60.000000,0.151000,906,2317890,594.330769,3.899808,72,2,0,70,0,69,0,0,69,0,0,0,0,0,0,90,0,0,90,0,0,0,0,0,21,49,114,21,49,89,3.525859,218.580482,2903.740470,0.000000,0.000000,21.929825,0,0,0,3459055.958882,18.734641,114.088788,5259.361436,1110.020747,292.619732,202.227271,3456980.785287,3452292.174018,1604.867750,6763.784864,470.305846,0.032090,0.008460,0.005846,99.940008,0.013596,13.939465,9.095088,2.363758,37.911417,75,0.266142,14,25,0,100.000000,1.113683,86.413043,1693.191123,1175.269291,2453.894099,0.000000,45.711080
15300.000000,contribution,optical,hardware,1,1,1,0,priority,0.000500,180,15,hybrid,0.050000,4000.000000,6.087000,58.000000,500.000000,500.000000,2.000000,120.000000,0.400000,184,114,184,90,159,21,48,0,0,0,0,0,90,90,0,0,0.000000,1.000000,43.107690,clear-ocean,30.000000,60.000000,0.151000,906,2317890,594.330769,3.884515,72,2,0,70,0,69,0,0,69,0,0,0,0,0,0,90,0,0,90,0,0,0,0,0,21,49,114,21,49,89,3.525859,218.580482,2903.740470,0.000000,0.000000,21.929825,0,0,0,3472653.060355,18.734641,114.088788,5259.361436,1114.156917,293.653774,202.457058,3470572.486759,3465883.875491,1610.267750,6769.184864,470.305846,0.032084,0.008456,0.005830,99.940087,0.013543,13.939465,9.095088,2.363758,37.860784,75,0.265098,14,25,0,100.000000,1.113683,86.413043,1693.191123,1170.660392,2367.787383,0.000000,99.240846
15360.000000,contribution,optical,hardware,1,1,1,0,priority,0.000500,180,15,hybrid,0.050000,4000.000000,6.087000,58.000000,500.000000,500.000000,2.000000,120.000000,0.400000,184,114,184,90,159,21,48,0,0,0,0,0,90,90,0,0,0.000000,1.000000,43.107690,clear-ocean,30.000000,60.000000,0.151000,906,2317890,594.330769,3.869341,72,2,0,70,0,69,0,0,69,0,0,0,0,0,0,90,0,0,90,0,0,0,0,0,21,49,114,21,49,89,3.525859,218.580482,2903.740470,0.000000,0.000000,21.929825,0,0,0,3486250.161827,18.734641,114.088788,5259.361436,1118.293087,294.687817,202.686846,3484164.188232,3479475.576963,1615.667750,6774.584864,470.305846,0.032077,0.008453,0.005814,99.940166,0.013490,13.939465,9.095088,2.363758,37.810547,75,0.264062,14,25,0,100.000000,1.113683,86.413043,1693.191123,1166.087500,2281.680667,0.000000,167.065460
15420.000000,contribution,optical,hardware,1,1,1,0,priority,0.000500,180,15,hybrid,0.050000,4000.000000,6.087000,58.000000,500.000000,500.000000,2.000000,120.000000,0.400000,184,114,184,90,159,21,48,0,0,0,0,0,90,90,0,0,0.000000,1.000000,43.107690,clear-ocean,30.000000,60.000000,0.151000,906,2317890,594.330769,3.854285,72,2,0,70,0,69,0,0,69,0,0,0,0,0,0,90,0,0,90,0,0,0,0,0,21,49,114,21,49,89,3.525859,218.580482,2903.740470,0.000000,0.000000,21.929825,0,0,0,3499847.263300,18.734641,114.088788,5259.361436,1122.429258,295.721859,202.916633,3497755.889704,3493067.278436,1621.067750,6779.984864,470.305846,0.032071,0.008450,0.005798,99.940244,0.013438,13.939465,9.095088,2.363758,37.760700,75,0.263035,14,25,0,100.000000,1.113683,86.413043,1693.191123,1161.550195,2195.573951,0.000000,242.753854
15480.000000,contribution,optical,hardware,1,1,1,0,priority,0.000500,180,15,hybrid,0.050000,4000.000000,6.087000,58.000000,500.000000,500.000000,2.000000,120.000000,0.400000,184,114,184,90,159,21,48,0,0,0,0,0,90,90,0,0,0.000000,1.000000,43.107690,clear-ocean,30.000000,60.000000,0.151000,906,2317890,594.330769,3.839346,72,2,0,70,0,69,0,0,69,0,0,0,0,0,0,90,0,0,90,0,0,0,0,0,21,49,114,21,49,89,3.525859,218.580482,2903.740470,0.000000,0.000000,21.929825,0,0,0,3513444.364772,18.734641,114.088788,5259.361436,1126.565428,296.755902,203.146420,3511347.591177,3506658.979908,1626.467750,6785.384864,470.305846,0.032064,0.008446,0.005782,99.940321,0.013386,13.939465,9.095088,2.363758,37.711240,75,0.262016,14,25,0,100.000000,1.113683,86.413043,1693.191123,1157.048062,2109.467235,0.000000,319.129320
15540.000000,contribution,optical,hardware,1,1,1,0,priority,0.000500,180,15,hybrid,0.050000,4000.000000,6.087000,58.000000,500.000000,500.000000,2.000000,120.000000,0.400000,184,114,184,90,159,21,48,0,0,0,0,0,90,90,0,0,0.000000,1.000000,43.107690,clear-ocean,30.000000,60.000000,0.151000,906,2317890,594.330769,3.824522,72,2,0,70,0,69,0,0,69,0,0,0,0,0,0,90,0,0,90,0,0,0,0,0,21,49,114,21,49,89,3.525859,218.580482,2903.740470,0.000000,0.000000,21.929825,0,0,0,3527041.466245,18.734641,114.088788,5259.361436,1130.701598,297.789944,203.376207,3524939.292649,3520250.681381,1631.867750,6790.784864,470.305846,0.032058,0.008443,0.005766,99.940398,0.013334,13.939465,9.095088,2.363758,37.662162,75,0.261004,14,25,0,100.000000,1.113683,86.413043,1693.191123,1152.580695,2023.360519,0.000000,388.950006
15600.000000,contribution,optical,hardware,1,1,1,0,priority,0.000500,180,15,hybrid,0.050000,4000.000000,6.087000,58.000000,500.000000,500.000000,2.000000,120.000000,0.400000,184,114,184,90,159,21,48,0,0,0,0,0,90,90,0,0,0.000000,1.000000,43.107690,clear-ocean,30.000000,60.000000,0.151000,906,2317890,594.330769,3.809813,72,2,0,70,0,69,0,0,69,0,0,0,0,0,0,90,0,0,90,0,0,0,0,0,21,49,114,21,49,89,3.525859,218.580482,2903.740470,0.000000,0.000000,21.929825,0,0,0,3540638.567717,18.734641,114.088788,5259.361436,1134.837768,298.823987,203.605994,3538530.994122,3533842.382853,1637.267750,6796.184864,470.305846,0.032052,0.008440,0.005751,99.940475,0.013283,13.939465,9.095088,2.363758,37.613462,75,0.260000,14,25,0,100.000000,1.113683,86.413043,1693.191123,1148.147692,1937.253802,0.000000,445.595577
15660.000000,contribution,optical,hardware,1,1,1,0,priority,0.000500,180,15,hybrid,0.050000,4000.000000,6.087000,58.000000,500.000000,500.000000,2.000000,120.000000,0.400000,184,114,184,90,159,21,48,0,0,0,0,0,90,90,0,0,0.000000,1.000000,43.107690,clear-ocean,30.000000,60.000000,0.151000,906,2317890,594.330769,3.795216,72,2,0,70,0,69,0,0,69,0,0,0,0,0,0,90,0,0,90,0,0,0,0,0,21,49,114,21,49,89,3.525859,218.580482,2903.740470,0.000000,0.000000,21.929825,0,0,0,3554235.669190,18.734641,114.088788,5259.361436,1138.973938,299.858029,203.835782,3552122.695594,3547434.084326,1642.667750,6801.584864,470.305846,0.032046,0.008437,0.005735,99.940551,0.013232,13.939465,9.095088,2.363758,37.565134,75,0.259004,14,25,0,100.000000,1.113683,86.413043,1693.191123,1143.748659,1851.147086,0.000000,483.694950
15720.000000,contribution,optical,hardware,1,1,1,0,priority,0.000500,180,15,hybrid,0.050000,4000.000000,6.087000,58.000000,500.000000,500.000000,2.000000,120.000000,0.400000,184,114,184,103,160,21,48,0,0,0,0,0,103,103,0,0,0.000000,1.000000,43.034851,clear-ocean,30.000000,60.000000,0.151000,914,2347314,601.875385,3.828724,72,2,0,70,0,69,0,0,69,0,0,0,0,0,0,92,0,0,91,1,0,0,0,0,21,49,114,21,49,90,3.525859,218.580482,3007.733361,0.000000,0.000000,21.052632,0,0,0,3567924.350765,18.734641,114.088788,5350.941538,1143.110109,300.892072,219.665569,3565785.157272,3561025.785798,1663.667750,6898.564967,475.525744,0.032039,0.008433,0.006157,99.940044,0.013328,13.939465,9.095088,2.378196,37.509733,75,0.264885,14,12,11,100.000000,1.113683,86.956522,1759.253057,1152.105852,1765.040370,0.000000,499.635578
15780.000000,contribution,optical,hardware,1,1,1,0,priority,0.000500,180,15,hybrid,0.050000,4000.000000,6.087000,58.000000,500.000000,500.000000,2.000000,120.000000,0.400000,184,114,184,103,167,21,48,0,0,0,0,0,103,103,0,0,0.000000,1.000000,43.034851,clear-ocean,30.000000,60.000000,0.151000,967,2540871,651.505385,4.128678,72,2,0,70,0,69,0,0,69,0,0,0,0,0,0,99,0,0,98,1,0,0,0,0,21,49,114,21,49,97,3.525859,218.580482,3667.671977,0.000000,0.000000,14.912281,0,0,0,3581957.600340,18.734641,114.088788,5787.089641,1147.246279,301.926115,219.895356,3579773.921719,3574617.487271,1669.067750,7340.113069,514.610872,0.032028,0.008429,0.006139,99.939037,0.014367,13.939465,9.095088,2.386429,37.412738,75,0.293283,14,12,4,100.000000,1.113683,90.760870,2194.902206,1236.445120,1678.933654,-0.000000,491.905983
15840.000000,contribution,optical,hardware,1,1,1,0,priority,0.000500,180,15,hybrid,0.050000,4000.000000,6.087000,58.000000,500.000000,500.000000,2.000000,120.000000,0.400000,184,114,184,103,172,21,48,0,0,0,0,0,103,103,0,0,0.000000,1.000000,43.034851,clear-ocean,30.000000,60.000000,0.151000,997,2646621,678.620769,4.284222,72,2,0,70,0,69,0,0,69,0,0,0,0,0,0,103,0,0,103,0,0,0,0,0,21,49,114,21,49,102,3.525859,218.580482,4078.091498,0.000000,0.000000,10.526316,0,0,0,3595795.194940,18.734641,114.088788,6027.582769,1151.382449,302.960157,220.125143,3593582.562679,3588209.188743,1674.467750,7586.006197,538.164513,0.032020,0.008425,0.006122,99.938466,0.014966,13.939465,9.095088,2.363758,37.316477,75,0.296212,14,12,0,100.000000,1.113683,93.478261,2481.103602,1294.892929,1592.826938,-0.000000,461.239079
15900.000000,contribution,optical,hardware,1,1,1,0,priority,0.000500,180,15,hybrid,0.050000,4000.000000,6.087000,58.000000,500.000000,500.000000,2.000000,120.000000,0.400000,184,114,184,103,172,21,48,0,0,0,0,0,103,103,0,0,0.000000,1.000000,43.034851,clear-ocean,30.000000,60.000000,0.151000,997,2646621,678.620769,4.268055,72,2,0,70,0,69,0,0,69,0,0,0,0,0,0,103,0,0,103,0,0,0,0,0,21,49,114,21,49,102,3.525859,218.580482,4078.091498,0.000000,0.000000,10.526316,0,0,0,3609392.296413,18.734641,114.088788,6027.582769,1155.518619,303.994200,220.354931,3607174.264151,3601800.890216,1679.867750,7591.406197,538.164513,0.032014,0.008422,0.006105,99.938548,0.014910,13.939465,9.095088,2.363758,37.220943,75,0.295094,14,12,0,100.000000,1.113683,93.478261,2481.103602,1290.006541,1506.720222,-0.000000,410.542675
15960.000000,contribution,optical,hardware,1,1,1,0,priority,0.000500,180,15,hybrid,0.050000,4000.000000,6.087000,58.000000,500.000000,500.000000,2.000000,120.000000,0.400000,184,114,184,103,172,21,48,0,0,0,0,0,103,103,0,0,0.000000,1.000000,43.034851,clear-ocean,30.000000,60.000000,0.151000,997,2646621,678.620769,4.252010,72,2,0,70,0,69,0,0,69,0,0,0,0,0,0,103,0,0,103,0,0,0,0,0,21,49,114,21,49,102,3.525859,218.580482,4078.091498,0.000000,0.000000,10.526316,0,0,0,3622989.397885,18.734641,114.088788,6027.582769,1159.654789,305.028242,220.584718,3620765.965624,3615392.591688,1685.267750,7596.806197,538.164513,0.032008,0.008419,0.006088,99.938630,0.014854,13.939465,9.095088,2.363758,37.126128,75,0.293985,14,12,0,100.000000,1.113683,93.478261,2481.103602,1285.156892,1420.613506,-0.000000,344.623758
16020.000000,contribution,optical,hardware,1,1,1,0,priority,0.000500,180,15,hybrid,0.050000,4000.000000,6.087000,58.000000,500.000000,500.000000,2.000000,120.000000,0.400000,184,114,184,103,172,21,48,0,0,0,0,0,103,103,0,0,0.000000,1.000000,43.034851,clear-ocean,30.000000,60.000000,0.151000,997,2646621,678.620769,4.236085,72,2,0,70,0,69,0,0,69,0,0,0,0,0,0,103,0,0,103,0,0,0,0,0,21,49,114,21,49,102,3.525859,218.580482,4078.091498,0.000000,0.000000,10.526316,0,0,0,3636586.499358,18.734641,114.088788,6027.582769,1163.790960,306.062285,220.814505,3634357.667096,3628984.293161,1690.667750,7602.206197,538.164513,0.032002,0.008416,0.006072,99.938711,0.014799,13.939465,9.095088,2.363758,37.032022,75,0.292884,14,12,0,100.000000,1.113683,93.478261,2481.103602,1280.343571,1334.506789,-0.000000,269.732701
16080.000000,contribution,optical,hardware,1,1,1,0,priority,0.000500,180,15,hybrid,0.050000,4000.000000,6.087000,58.000000,500.000000,500.000000,2.000000,120.000000,0.400000,184,114,184,103,172,21,48,0,0,0,0,0,103,103,0,0,0.000000,1.000000,43.034851,clear-ocean,30.000000,60.000000,0.151000,997,2646621,678.620769,4.220278,72,2,0,70,0,69,0,0,69,0,0,0,0,0,0,103,0,0,103,0,0,0,0,0,21,49,114,21,49,102,3.525859,218.580482,4078.091498,0.000000,0.000000,10.526316,0,0,0,3650183.600830,18.734641,114.088788,6027.582769,1167.927130,307.096327,221.044292,3647949.368569,3642575.994633,1696.067750,7607.606197,538.164513,0.031996,0.008413,0.006056,99.938791,0.014743,13.939465,9.095088,2.363758,36.938619,75,0.291791,14,12,0,100.000000,1.113683,93.478261,2481.103602,1275.566169,1248.400073,-0.000000,192.970607
16140.000000,contribution,optical,hardware,1,1,1,0,priority,0.000500,180,15,hybrid,0.050000,4000.000000,6.087000,58.000000,500.000000,500.000000,2.000000,120.000000,0.400000,184,114,184,103,172,21,48,0,0,0,0,0,103,103,0,0,0.000000,1.000000,43.034851,clear-ocean,30.000000,60.000000,0.151000,997,2646621,678.620769,4.204590,72,2,0,70,0,69,0,0,69,0,0,0,0,0,0,103,0,0,103,0,0,0,0,0,21,49,114,21,49,102,3.525859,218.580482,4078.091498,0.000000,0.000000,10.526316,0,0,0,3663780.702303,18.734641,114.088788,6027.582769,1172.063300,308.130370,221.274080,3661541.070041,3656167.696106,1701.467750,7613.006197,538.164513,0.031991,0.008410,0.006040,99.938871,0.014689,13.939465,9.095088,2.363758,36.845911,75,0.290706,14,12,0,100.000000,1.113683,93.478261,2481.103602,1270.824287,1162.293357,-0.000000,121.615989
16200.000000,contribution,optical,hardware,1,1,1,0,priority,0.000500,180,15,hybrid,0.050000,4000.000000,6.087000,58.000000,500.000000,500.000000,2.000000,120.000000,0.400000,184,114,184,103,172,21,48,0,0,0,0,0,103,103,0,0,0.000000,1.000000,43.034851,clear-ocean,30.000000,60.000000,0.151000,997,2646621,678.620769,4.189017,72,2,0,70,0,69,0,0,69,0,0,0,0,0,0,103,0,0,103,0,0,0,0,0,21,49,114,21,49,102,3.525859,218.580482,4078.091498,0.000000,0.000000,10.526316,0,0,0,3677377.803775,18.734641,114.088788,6027.582769,1176.199470,309.164412,221.503867,3675132.771514,3669759.397578,1706.867750,7618.406197,538.164513,0.031985,0.008407,0.006023,99.938950,0.014634,13.939465,9.095088,2.363758,36.753889,75,0.289630,14,12,0,100.000000,1.113683,93.478261,2481.103602,1266.117531,1076.186641,-0.000000,62.434628
16260.000000,contribution,optical,hardware,1,1,1,0,priority,0.000500,180,15,hybrid,0.050000,4000.000000,6.087000,58.000000,500.000000,500.000000,2.000000,120.000000,0.400000,184,114,184,103,172,21,48,0,0,0,0,0,103,103,0,0,0.000000,1.000000,43.034851,clear-ocean,30.000000,60.000000,0.151000,997,2646621,678.620769,4.173559,72,2,0,70,0,69,0,0,69,0,0,0,0,0,0,103,0,0,103,0,0,0,0,0,21,49,114,21,49,102,3.525859,218.580482,4078.091498,0.000000,0.000000,10.526316,0,0,0,3690974.905248,18.734641,114.088788,6027.582769,1180.335640,310.198455,221.733654,3688724.472986,3683351.099051,1712.267750,7623.806197,538.164513,0.031979,0.008404,0.006007,99.939029,0.014581,13.939465,9.095088,2.363758,36.662546,75,0.288561,14,12,0,100.000000,1.113683,93.478261,2481.103602,1261.445510,990.079925,-0.000000,21.038048
16320.000000,contribution,optical,hardware,1,1,1,0,priority,0.000500,180,15,hybrid,0.050000,4000.000000,6.087000,58.000000,500.000000,500.000000,2.000000,120.000000,0.400000,184,114,184,103,172,21,48,0,0,0,0,0,103,103,0,0,0.000000,1.000000,43.034851,clear-ocean,30.000000,60.000000,0.151000,997,2646621,678.620769,4.158215,72,2,0,70,0,69,0,0,69,0,0,0,0,0,0,103,0,0,103,0,0,0,0,0,21,49,114,21,49,102,3.525859,218.580482,4078.091498,0.000000,0.000000,10.526316,0,0,0,3704572.006720,18.734641,114.088788,6027.582769,1184.471811,311.232498,221.963441,3702316.174459,3696942.800523,1717.667750,7629.206197,538.164513,0.031973,0.008401,0.005992,99.939107,0.014527,13.939465,9.095088,2.363758,36.571875,75,0.287500,14,12,0,100.000000,1.113683,93.478261,2481.103602,1256.807843,903.973209,-0.000000,1.351435
16380.000000,contribution,optical,hardware,1,1,1,0,priority,0.000500,180,15,hybrid,0.050000,4000.000000,6.087000,58.000000,500.000000,500.000000,2.000000,120.000000,0.400000,184,114,184,103,172,21,48,0,0,0,0,0,103,103,0,0,0.000000,1.000000,43.034851,clear-ocean,30.000000,60.000000,0.151000,997,2646621,678.620769,4.142984,72,2,0,70,0,69,0,0,69,0,0,0,0,0,0,103,0,0,103,0,0,0,0,0,21,49,114,21,49,102,3.525859,218.580482,4078.091498,0.000000,0.000000,10.526316,0,0,0,3718169.108193,18.734641,114.088788,6027.582769,1188.607981,312.266540,222.193229,3715907.875931,3710534.501996,1723.067750,7634.606197,538.164513,0.031968,0.008398,0.005976,99.939184,0.014474,13.939465,9.095088,2.363758,36.481868,75,0.286447,14,12,0,100.000000,1.113683,93.478261,2481.103602,1252.204151,817.866493,0.000000,5.241457
16440.000000,contribution,optical,hardware,1,1,1,0,priority,0.000500,180,15,hybrid,0.050000,4000.000000,6.087000,58.000000,500.000000,500.000000,2.000000,120.000000,0.400000,184,114,184,103,172,21,48,0,0,0,0,0,103,103,0,0,0.000000,1.000000,43.034851,clear-ocean,30.000000,60.000000,0.151000,997,2646621,678.620769,4.127864,72,2,0,70,0,69,0,0,69,0,0,0,0,0,0,103,0,0,103,0,0,0,0,0,21,49,114,21,49,102,3.525859,218.580482,4078.091498,0.000000,0.000000,10.526316,0,0,0,3731766.209665,18.734641,114.088788,6027.582769,1192.744151,313.300583,222.423016,3729499.577404,3724126.203468,1728.467750,7640.006197,538.164513,0.031962,0.008396,0.005960,99.939261,0.014421,13.939465,9.095088,2.363758,36.392518,75,0.285401,14,12,0,100.000000,1.113683,93.478261,2481.103602,1247.634063,731.759776,0.000000,32.339264
16500.000000,contribution,optical,hardware,1,1,1,0,priority,0.000500,180,15,hybrid,0.050000,4000.000000,6.087000,58.000000,500.000000,500.000000,2.000000,120.000000,0.400000,184,114,184,103,172,21,48,0,0,0,0,0,103,103,0,0,0.000000,1.000000,43.034851,clear-ocean,30.000000,60.000000,0.151000,997,2646621,678.620769,4.112853,72,2,0,70,0,69,0,0,69,0,0,0,0,0,0,103,0,0,103,0,0,0,0,0,21,49,114,21,49,102,3.525859,218.580482,4078.091498,0.000000,0.000000,10.526316,0,0,0,3745363.311138,18.734641,114.088788,6027.582769,1196.880321,314.334625,222.652803,3743091.278876,3737717.904941,1733.867750,7645.406197,538.164513,0.031956,0.008393,0.005945,99.939337,0.014369,13.939465,9.095088,2.363758,36.303818,75,0.284364,14,12,0,100.000000,1.113683,93.478261,2481.103602,1243.097212,645.653060,0.000000,80.075468
16560.000000,contribution,optical,hardware,1,1,1,0,priority,0.000500,180,15,hybrid,0.050000,4000.000000,6.087000,58.000000,500.000000,500.000000,2.000000,120.000000,0.400000,184,114,184,103,172,21,48,0,0,0,0,0,103,103,0,0,0.000000,1.000000,43.034851,clear-ocean,30.000000,60.000000,0.151000,997,2646621,678.620769,4.097952,72,2,0,70,0,69,0,0,69,0,0,0,0,0,0,103,0,0,103,0,0,0,0,0,21,49,114,21,49,102,3.525859,218.580482,4078.091498,0.000000,0.000000,10.526316,0,0,0,3758960.412610,18.734641,114.088788,6027.582769,1201.016492,315.368668,222.882590,3756682.980349,3751309.606413,1739.267750,7650.806197,538.164513,0.031951,0.008390,0.005929,99.939413,0.014317,13.939465,9.095088,2.363758,36.215761,75,0.283333,14,12,0,100.000000,1.113683,93.478261,2481.103602,1238.593237,559.546344,0.000000,143.923764
16620.000000,contribution,optical,hardware,1,1,1,0,priority,0.000500,180,15,hybrid,0.050000,4000.000000,6.087000,58.000000,500.000000,500.000000,2.000000,120.000000,0.400000,184,114,184,103,172,21,48,0,0,0,0,0,103,103,0,0,0.000000,1.000000,43.034851,clear-ocean,30.000000,60.000000,0.151000,997,2646621,678.620769,4.083157,72,2,0,70,0,69,0,0,69,0,0,0,0,0,0,103,0,0,103,0,0,0,0,0,21,49,114,21,49,102,3.525859,218.580482,4078.091498,0.000000,0.000000,10.526316,0,0,0,3772557.514083,18.734641,114.088788,6027.582769,1205.152662,316.402710,223.112377,3770274.681821,3764901.307886,1744.667750,7656.206197,538.164513,0.031945,0.008387,0.005914,99.939488,0.014265,13.939465,9.095088,2.363758,36.128339,75,0.282310,14,12,0,100.000000,1.113683,93.478261,2481.103602,1234.121781,473.439628,0.000000,217.830114
16680.000000,contribution,optical,hardware,1,1,1,0,priority,0.000500,180,15,hybrid,0.050000,4000.000000,6.087000,58.000000,500.000000,500.000000,2.000000,120.000000,0.400000,184,114,184,103,172,21,48,0,0,0,0,0,103,103,0,0,0.000000,1.000000,43.034851,clear-ocean,30.000000,60.000000,0.151000,997,2646621,678.620769,4.068470,72,2,0,70,0,69,0,0,69,0,0,0,0,0,0,103,0,0,103,0,0,0,0,0,21,49,114,21,49,102,3.525859,218.580482,4078.091498,0.000000,0.000000,10.526316,0,0,0,3786154.615555,18.734641,114.088788,6027.582769,1209.288832,317.436753,223.342165,3783866.383294,3778493.009358,1750.067750,7661.606197,538.164513,0.031940,0.008384,0.005899,99.939563,0.014214,13.939465,9.095088,2.363758,36.041547,75,0.281295,14,12,0,100.000000,1.113683,93.478261,2481.103602,1229.682494,387.332912,0.000000,294.786783
16740.000000,contribution,optical,hardware,1,1,1,0,priority,0.000500,180,15,hybrid,0.050000,4000.000000,6.087000,58.000000,500.000000,500.000000,2.000000,120.000000,0.400000,184,114,184,103,172,21,48,0,0,0,0,0,103,103,0,0,0.000000,1.000000,43.034851,clear-ocean,30.000000,60.000000,0.151000,997,2646621,678.620769,4.053888,72,2,0,70,0,69,0,0,69,0,0,0,0,0,0,103,0,0,103,0,0,0,0,0,21,49,114,21,49,102,3.525859,218.580482,4078.091498,0.000000,0.000000,10.526316,0,0,0,3799751.717028,18.734641,114.088788,6027.582769,1213.425002,318.470795,223.571952,3797458.084766,3792084.710831,1755.467750,7667.006197,538.164513,0.031934,0.008381,0.005884,99.939637,0.014163,13.939465,9.095088,2.363758,35.955376,75,0.280287,14,12,0,100.000000,1.113683,93.478261,2481.103602,1225.275030,301.226196,0.000000,367.496810
16800.000000,contribution,optical,hardware,1,1,1,0,priority,0.000500,180,15,hybrid,0.050000,4000.000000,6.087000,58.000000,500.000000,500.000000,2.000000,120.000000,0.400000,184,114,184,103,172,21,48,0,0,0,0,0,103,103,0,0,0.000000,1.000000,43.034851,clear-ocean,30.000000,60.000000,0.151000,997,2646621,678.620769,4.039409,72,2,0,70,0,69,0,0,69,0,0,0,0,0,0,103,0,0,103,0,0,0,0,0,21,49,114,21,49,102,3.525859,218.580482,4078.091498,0.000000,0.000000,10.526316,0,0,0,3813348.818500,18.734641,114.088788,6027.582769,1217.561172,319.504838,223.801739,3811049.786239,3805676.412303,1760.867750,7672.406197,538.164513,0.031929,0.008379,0.005869,99.939711,0.014113,13.939465,9.095088,2.363758,35.869821,75,0.279286,14,12,0,100.000000,1.113683,93.478261,2481.103602,1220.899048,215.119480,0.000000,429.065895
16860.000000,contribution,optical,hardware,1,1,1,0,priority,0.000500,180,15,hybrid,0.050000,4000.000000,6.087000,58.000000,500.000000,500.000000,2.000000,120.000000,0.400000,184,114,184,103,172,21,48,0,0,0,0,0,103,103,0,0,0.000000,1.000000,43.034851,clear-ocean,30.000000,60.000000,0.151000,997,2646621,678.620769,4.025034,72,2,0,70,0,69,0,0,69,0,0,0,0,0,0,103,0,0,103,0,0,0,0,0,21,49,114,21,49,102,3.525859,218.580482,4078.091498,0.000000,0.000000,10.526316,0,0,0,3826945.919973,18.734641,114.088788,6027.582769,1221.697343,320.538881,224.031526,3824641.487711,3819268.113776,1766.267750,7677.806197,538.164513,0.031924,0.008376,0.005854,99.939784,0.014063,13.939465,9.095088,2.363758,35.784875,75,0.278292,14,12,0,100.000000,1.113683,93.478261,2481.103602,1216.554211,129.012763,0.000000,473.656111
16920.000000,contribution,optical,hardware,1,1,1,0,priority,0.000500,180,15,hybrid,0.050000,4000.000000,6.087000,58.000000,500.000000,500.000000,2.000000,120.000000,0.400000,184,114,184,103,172,21,48,0,0,0,0,0,103,103,0,0,0.000000,1.000000,43.034851,clear-ocean,30.000000,60.000000,0.151000,997,2646621,678.620769,4.010761,72,2,0,70,0,69,0,0,69,0,0,0,0,0,0,103,0,0,103,0,0,0,0,0,21,49,114,21,49,102,3.525859,218.580482,4078.091498,0.000000,0.000000,10.526316,0,0,0,3840543.021445,18.734641,114.088788,6027.582769,1225.833513,321.572923,224.261314,3838233.189184,3832859.815248,1771.667750,7683.206197,538.164513,0.031918,0.008373,0.005839,99.939857,0.014013,13.939465,9.095088,2.363758,35.700532,75,0.277305,14,12,0,100.000000,1.113683,93.478261,2481.103602,1212.240189,42.906047,0.000000,497.039455
16980.000000,contribution,optical,hardware,1,1,1,0,priority,0.000500,180,15,hybrid,0.050000,4000.000000,6.087000,58.000000,500.000000,500.000000,2.000000,120.000000,0.400000,184,114,184,115,178,21,48,0,0,0,0,0,115,115,0,0,0.000000,1.000000,43.131130,clear-ocean,30.000000,60.000000,0.151000,1040,2802480,718.584615,4.231947,72,2,0,70,0,69,0,0,69,0,0,0,0,0,0,110,0,0,109,1,0,0,0,0,21,49,114,21,49,108,3.525859,218.580482,4788.552426,0.000000,0.000000,5.263158,0,0,0,3854515.172764,18.734641,114.088788,6402.632615,1229.969683,322.606966,238.891101,3852154.221118,3846451.516721,1791.467750,8063.656043,569.483897,0.031910,0.008370,0.006198,99.938748,0.014774,13.939465,9.095088,2.371345,35.582155,75,0.301060,14,0,5,100.000000,1.113683,96.739130,2966.000835,1278.628033,43.200669,0.000000,496.998739
17040.000000,contribution,optical,hardware,1,1,1,0,priority,0.000500,180,15,hybrid,0.050000,4000.000000,6.087000,58.000000,500.000000,500.000000,2.000000,120.000000,0.400000,184,114,184,115,184,21,48,0,0,0,0,0,115,115,0,0,0.000000,1.000000,43.131130,clear-ocean,30.000000,60.000000,0.151000,1081,2950065,756.426923,4.439125,72,2,0,70,0,69,0,0,69,0,0,0,0,0,0,115,0,0,115,0,0,0,0,0,21,49,114,21,49,114,3.525859,218.580482,5259.287295,0.000000,0.000000,0.000000,0,0,0,3868446.351775,18.734641,114.088788,6736.710154,1234.105853,323.641008,239.120888,3866048.680744,3860043.218193,1796.867750,8403.133582,600.803282,0.031902,0.008366,0.006181,99.938020,0.015531,13.939465,9.095088,2.363758,35.456866,75,0.307042,14,0,0,100.000000,1.113683,100.000000,3317.082817,1344.548357,129.307385,0.000000,473.537824
17100.000000,contribution,optical,hardware,1,1,1,0,priority,0.000500,180,15,hybrid,0.050000,4000.000000,6.087000,58.000000,500.000000,500.000000,2.000000,120.000000,0.400000,184,114,184,115,184,21,48,0,0,0,0,0,115,115,0,0,0.000000,1.000000,43.131130,clear-ocean,30.000000,60.000000,0.151000,1081,2950065,756.426923,4.423549,72,2,0,70,0,69,0,0,69,0,0,0,0,0,0,115,0,0,115,0,0,0,0,0,21,49,114,21,49,114,3.525859,218.580482,5259.287295,0.000000,0.000000,0.000000,0,0,0,3882043.453247,18.734641,114.088788,6736.710154,1238.242023,324.675051,239.350675,3879640.382217,3873634.919666,1802.267750,8408.533582,600.803282,0.031897,0.008364,0.006166,99.938098,0.015476,13.939465,9.095088,2.363758,35.332456,75,0.305965,14,0,0,100.000000,1.113683,100.000000,3317.082817,1339.830643,215.414101,0.000000,428.881252
17160.000000,contribution,optical,hardware,1,1,1,0,priority,0.000500,180,15,hybrid,0.050000,4000.000000,6.087000,58.000000,500.000000,500.000000,2.000000,120.000000,0.400000,184,114,184,115,184,21,48,0,0,0,0,0,115,115,0,0,0.000000,1.000000,43.131130,clear-ocean,30.000000,60.000000,0.151000,1081,2950065,756.426923,4.408082,72,2,0,70,0,69,0,0,69,0,0,0,0,0,0,115,0,0,115,0,0,0,0,0,21,49,114,21,49,114,3.525859,218.580482,5259.287295,0.000000,0.000000,0.000000,0,0,0,3895640.554720,18.734641,114.088788,6736.710154,1242.378194,325.709093,239.580463,3893232.083689,3887226.621138,1807.667750,8413.933582,600.803282,0.031891,0.008361,0.006150,99.938175,0.015422,13.939465,9.095088,2.363758,35.208916,75,0.304895,14,0,0,100.000000,1.113683,100.000000,3317.082817,1335.145921,301.520817,0.000000,367.263320
17220.000000,contribution,optical,hardware,1,1,1,0,priority,0.000500,180,15,hybrid,0.050000,4000.000000,6.087000,58.000000,500.000000,500.000000,2.000000,120.000000,0.400000,184,114,184,115,184,21,48,0,0,0,0,0,115,115,0,0,0.000000,1.000000,43.131130,clear-ocean,30.000000,60.000000,0.151000,1081,2950065,756.426923,4.392723,72,2,0,70,0,69,0,0,69,0,0,0,0,0,0,115,0,0,115,0,0,0,0,0,21,49,114,21,49,114,3.525859,218.580482,5259.287295,0.000000,0.000000,0.000000,0,0,0,3909237.656192,18.734641,114.088788,6736.710154,1246.514364,326.743136,239.810250,3906823.785162,3900818.322611,1813.067750,8419.333582,600.803282,0.031886,0.008358,0.006134,99.938252,0.015369,13.939465,9.095088,2.363758,35.086237,75,0.303833,14,0,0,100.000000,1.113683,100.000000,3317.082817,1330.493844,387.627533,0.000000,294.526585
17280.000000,contribution,optical,hardware,1,1,1,0,priority,0.000500,180,15,hybrid,0.050000,4000.000000,6.087000,58.000000,500.000000,500.000000,2.000000,120.000000,0.400000,184,114,184,115,184,21,48,0,0,0,0,0,115,115,0,0,0.000000,1.000000,43.131130,clear-ocean,30.000000,60.000000,0.151000,1081,2950065,756.426923,4.377471,72,2,0,70,0,69,0,0,69,0,0,0,0,0,0,115,0,0,115,0,0,0,0,0,21,49,114,21,49,114,3.525859,218.580482,5259.287295,0.000000,0.000000,0.000000,0,0,0,3922834.757665,18.734641,114.088788,6736.710154,1250.650534,327.777178,240.040037,3920415.486634,3914410.024083,1818.467750,8424.733582,600.803282,0.031881,0.008356,0.006119,99.938329,0.015316,13.939465,9.095088,2.363758,34.964410,75,0.302778,14,0,0,100.000000,1.113683,100.000000,3317.082817,1325.874074,473.734250,0.000000,217.567879
17340.000000,contribution,optical,hardware,1,1,1,0,priority,0.000500,180,15,hybrid,0.050000,4000.000000,6.087000,58.000000,500.000000,500.000000,2.000000,120.000000,0.400000,184,114,184,115,184,21,48,0,0,0,0,0,115,115,0,0,0.000000,1.000000,43.131130,clear-ocean,30.000000,60.000000,0.151000,1081,2950065,756.426923,4.362324,72,2,0,70,0,69,0,0,69,0,0,0,0,0,0,115,0,0,115,0,0,0,0,0,21,49,114,21,49,114,3.525859,218.580482,5259.287295,0.000000,0.000000,0.000000,0,0,0,3936431.859137,18.734641,114.088788,6736.710154,1254.786704,328.811221,240.269824,3934007.188107,3928001.725556,1823.867750,8430.133582,600.803282,0.031876,0.008353,0.006104,99.938404,0.015263,13.939465,9.095088,2.363758,34.843426,75,0.301730,14,0,0,100.000000,1.113683,100.000000,3317.082817,1321.286275,559.840966,0.000000,143.684357
17400.000000,contribution,optical,hardware,1,1,1,0,priority,0.000500,180,15,hybrid,0.050000,4000.000000,6.087000,58.000000,500.000000,500.000000,2.000000,120.000000,0.400000,184,114,184,115,184,21,48,0,0,0,0,0,115,115,0,0,0.000000,1.000000,43.131130,clear-ocean,30.000000,60.000000,0.151000,1081,2950065,756.426923,4.347281,72,2,0,70,0,69,0,0,69,0,0,0,0,0,0,115,0,0,115,0,0,0,0,0,21,49,114,21,49,114,3.525859,218.580482,5259.287295,0.000000,0.000000,0.000000,0,0,0,3950028.960610,18.734641,114.088788,6736.710154,1258.922875,329.845264,240.499612,3947598.889579,3941593.427028,1829.267750,8435.533582,600.803282,0.031871,0.008350,0.006089,99.938480,0.015210,13.939465,9.095088,2.363758,34.723276,75,0.300690,14,0,0,100.000000,1.113683,100.000000,3317.082817,1316.730115,645.947682,0.000000,79.881590
17460.000000,contribution,optical,hardware,1,1,1,0,priority,0.000500,180,15,hybrid,0.050000,4000.000000,6.087000,58.000000,500.000000,500.000000,2.000000,120.000000,0.400000,184,114,184,115,184,21,48,0,0,0,0,0,115,115,0,0,0.000000,1.000000,43.131130,clear-ocean,30.000000,60.000000,0.151000,1081,2950065,756.426923,4.332342,72,2,0,70,0,69,0,0,69,0,0,0,0,0,0,115,0,0,115,0,0,0,0,0,21,49,114,21,49,114,3.525859,218.580482,5259.287295,0.000000,0.000000,0.000000,0,0,0,3963626.062082,18.734641,114.088788,6736.710154,1263.059045,330.879306,240.729399,3961190.591052,3955185.128501,1834.667750,8440.933582,600.803282,0.031866,0.008348,0.006073,99.938554,0.015158,13.939465,9.095088,2.363758,34.603952,75,0.299656,14,0,0,100.000000,1.113683,100.000000,3317.082817,1312.205269,732.054398,0.000000,32.209298
17520.000000,contribution,optical,hardware,1,1,1,0,priority,0.000500,180,15,hybrid,0.050000,4000.000000,6.087000,58.000000,500.000000,500.000000,2.000000,120.000000,0.400000,184,114,184,115,184,21,48,0,0,0,0,0,115,115,0,0,0.000000,1.000000,43.131130,clear-ocean,30.000000,60.000000,0.151000,1081,2950065,756.426923,4.317505,72,2,0,70,0,69,0,0,69,0,0,0,0,0,0,115,0,0,115,0,0,0,0,0,21,49,114,21,49,114,3.525859,218.580482,5259.287295,0.000000,0.000000,0.000000,0,0,0,3977223.163555,18.734641,114.088788,6736.710154,1267.195215,331.913349,240.959186,3974782.292524,3968776.829973,1840.067750,8446.333582,600.803282,0.031861,0.008345,0.006058,99.938629,0.015106,13.939465,9.095088,2.363758,34.485445,75,0.298630,14,0,0,100.000000,1.113683,100.000000,3317.082817,1307.711416,818.161114,0.000000,5.187726
17580.000000,contribution,optical,hardware,1,1,1,0,priority,0.000500,180,15,hybrid,0.050000,4000.000000,6.087000,58.000000,500.000000,500.000000,2.000000,120.000000,0.400000,184,114,184,115,184,21,48,0,0,0,0,0,115,115,0,0,0.000000,1.000000,43.131130,clear-ocean,30.000000,60.000000,0.151000,1081,2950065,756.426923,4.302770,72,2,0,70,0,69,0,0,69,0,0,0,0,0,0,115,0,0,115,0,0,0,0,0,21,49,114,21,49,114,3.525859,218.580482,5259.287295,0.000000,0.000000,0.000000,0,0,0,3990820.265027,18.734641,114.088788,6736.710154,1271.331385,332.947391,241.188973,3988373.993997,3982368.531446,1845.467750,8451.733582,600.803282,0.031856,0.008343,0.006044,99.938703,0.015055,13.939465,9.095088,2.363758,34.367747,75,0.297611,14,0,0,100.000000,1.113683,100.000000,3317.082817,1303.248237,904.267830,-0.000000,1.379034
17640.000000,contribution,optical,hardware,1,1,1,0,priority,0.000500,180,15,hybrid,0.050000,4000.000000,6.087000,58.000000,500.000000,500.000000,2.000000,120.000000,0.400000,184,114,184,115,184,21,48,0,0,0,0,0,115,115,0,0,0.000000,1.000000,43.131130,clear-ocean,30.000000,60.000000,0.151000,1081,2950065,756.426923,4.288134,72,2,0,70,0,69,0,0,69,0,0,0,0,0,0,115,0,0,115,0,0,0,0,0,21,49,114,21,49,114,3.525859,218.580482,5259.287295,0.000000,0.000000,0.000000,0,0,0,4004417.366500,18.734641,114.088788,6736.710154,1275.467555,333.981434,241.418760,4001965.695469,3995960.232918,1850.867750,8457.133582,600.803282,0.031852,0.008340,0.006029,99.938776,0.015004,13.939465,9.095088,2.363758,34.250850,75,0.296599,14,0,0,100.000000,1.113683,100.000000,3317.082817,1298.815420,990.374546,-0.000000,21.144360
17700.000000,contribution,optical,hardware,1,1,1,0,priority,0.000500,180,15,hybrid,0.050000,4000.000000,6.087000,58.000000,500.000000,500.000000,2.000000,120.000000,0.400000,184,114,184,115,184,21,48,0,0,0,0,0,115,115,0,0,0.000000,1.000000,43.131130,clear-ocean,30.000000,60.000000,0.151000,1081,2950065,756.426923,4.273598,72,2,0,70,0,69,0,0,69,0,0,0,0,0,0,115,0,0,115,0,0,0,0,0,21,49,114,21,49,114,3.525859,218.580482,5259.287295,0.000000,0.000000,0.000000,0,0,0,4018014.467972,18.734641,114.088788,6736.710154,1279.603726,335.015476,241.648548,4015557.396942,4009551.934391,1856.267750,8462.533582,600.803282,0.031847,0.008338,0.006014,99.938849,0.014953,13.939465,9.095088,2.363758,34.134746,75,0.295593,14,0,0,100.000000,1.113683,100.000000,3317.082817,1294.412655,1076.481263,-0.000000,62.609573
17760.000000,contribution,optical,hardware,1,1,1,0,priority,0.000500,180,15,hybrid,0.050000,4000.000000,6.087000,58.000000,500.000000,500.000000,2.000000,120.000000,0.400000,184,114,184,115,184,21,48,0,0,0,0,0,115,115,0,0,0.000000,1.000000,43.131130,clear-ocean,30.000000,60.000000,0.151000,1081,2950065,756.426923,4.259161,72,2,0,70,0,69,0,0,69,0,0,0,0,0,0,115,0,0,115,0,0,0,0,0,21,49,114,21,49,114,3.525859,218.580482,5259.287295,0.000000,0.000000,0.000000,0,0,0,4031611.569445,18.734641,114.088788,6736.710154,1283.739896,336.049519,241.878335,4029149.098414,4023143.635863,1861.667750,8467.933582,600.803282,0.031842,0.008335,0.006000,99.938921,0.014902,13.939465,9.095088,2.363758,34.019426,75,0.294595,14,0,0,100.000000,1.113683,100.000000,3317.082817,1290.039640,1162.587979,-0.000000,121.842978
17820.000000,contribution,optical,hardware,1,1,1,0,priority,0.000500,180,15,hybrid,0.050000,4000.000000,6.087000,58.000000,500.000000,500.000000,2.000000,120.000000,0.400000,184,114,184,115,184,21,48,0,0,0,0,0,115,115,0,0,0.000000,1.000000,43.131130,clear-ocean,30.000000,60.000000,0.151000,1081,2950065,756.426923,4.244820,72,2,0,70,0,69,0,0,69,0,0,0,0,0,0,115,0,0,115,0,0,0,0,0,21,49,114,21,49,114,3.525859,218.580482,5259.287295,0.000000,0.000000,0.000000,0,0,0,4045208.670917,18.734641,114.088788,6736.710154,1287.876066,337.083561,242.108122,4042740.799887,4036735.337336,1867.067750,8473.333582,600.803282,0.031837,0.008333,0.005985,99.938993,0.014852,13.939465,9.095088,2.363758,33.904882,75,0.293603,14,0,0,100.000000,1.113683,100.000000,3317.082817,1285.696072,1248.694695,-0.000000,193.228118
17880.000000,contribution,optical,hardware,1,1,1,0,priority,0.000500,180,15,hybrid,0.050000,4000.000000,6.087000,58.000000,500.000000,500.000000,2.000000,120.000000,0.400000,184,114,184,115,184,21,48,0,0,0,0,0,115,115,0,0,0.000000,1.000000,43.131130,clear-ocean,30.000000,60.000000,0.151000,1081,2950065,756.426923,4.230576,72,2,0,70,0,69,0,0,69,0,0,0,0,0,0,115,0,0,115,0,0,0,0,0,21,49,114,21,49,114,3.525859,218.580482,5259.287295,0.000000,0.000000,0.000000,0,0,0,4058805.772390,18.734641,114.088788,6736.710154,1292.012236,338.117604,242.337909,4056332.501359,4050327.038808,1872.467750,8478.733582,600.803282,0.031832,0.008330,0.005971,99.939064,0.014802,13.939465,9.095088,2.363758,33.791107,75,0.292617,14,0,0,100.000000,1.113683,100.000000,3317.082817,1281.381655,1334.801411,-0.000000,269.996317
17940.000000,contribution,optical,hardware,1,1,1,0,priority,0.000500,180,15,hybrid,0.050000,4000.000000,6.087000,58.000000,500.000000,500.000000,2.000000,120.000000,0.400000,184,114,184,115,184,21,48,0,0,0,0,0,115,115,0,0,0.000000,1.000000,43.131130,clear-ocean,30.000000,60.000000,0.151000,1081,2950065,756.426923,4.216427,72,2,0,70,0,69,0,0,69,0,0,0,0,0,0,115,0,0,115,0,0,0,0,0,21,49,114,21,49,114,3.525859,218.580482,5259.287295,0.000000,0.000000,0.000000,0,0,0,4072402.873862,18.734641,114.088788,6736.710154,1296.148406,339.151646,242.567697,4069924.202832,4063918.740281,1877.867750,8484.133582,600.803282,0.031828,0.008328,0.005956,99.939135,0.014753,13.939465,9.095088,2.363758,33.678094,75,0.291639,14,0,0,100.000000,1.113683,100.000000,3317.082817,1277.096098,1420.908127,-0.000000,344.868482
18000.000000,contribution,optical,hardware,1,1,1,0,priority,0.000500,180,15,hybrid,0.050000,4000.000000,6.087000,58.000000,500.000000,500.000000,2.000000,120.000000,0.400000,184,114,184,115,184,21,48,0,0,0,0,0,115,115,0,0,0.000000,1.000000,43.131130,clear-ocean,30.000000,60.000000,0.151000,1081,2950065,756.426923,4.202372,72,2,0,70,0,69,0,0,69,0,0,0,0,0,0,115,0,0,115,0,0,0,0,0,21,49,114,21,49,114,3.525859,218.580482,5259.287295,0.000000,0.000000,0.000000,0,0,0,4085999.975335,18.734641,114.088788,6736.710154,1300.284577,340.185689,242.797484,4083515.904304,4077510.441753,1883.267750,8489.533582,600.803282,0.031823,0.008326,0.005942,99.939205,0.014704,13.939465,9.095088,2.363758,33.565833,75,0.290667,14,0,0,100.000000,1.113683,100.000000,3317.082817,1272.839111,1507.014843,-0.000000,410.745304
18060.000000,contribution,optical,hardware,1,1,1,0,priority,0.000500,180,15,hybrid,0.050000,4000.000000,6.087000,58.000000,500.000000,500.000000,2.000000,120.000000,0.400000,184,114,184,115,184,21,48,0,0,0,0,0,115,115,0,0,0.000000,1.000000,43.131130,clear-ocean,30.000000,60.000000,0.151000,1081,2950065,756.426923,4.188410,72,2,0,70,0,69,0,0,69,0,0,0,0,0,0,115,0,0,115,0,0,0,0,0,21,49,114,21,49,114,3.525859,218.580482,5259.287295,0.000000,0.000000,0.000000,0,0,0,4099597.076807,18.734641,114.088788,6736.710154,1304.420747,341.219732,243.027271,4097107.605777,4091102.143226,1888.667750,8494.933582,600.803282,0.031818,0.008323,0.005928,99.939275,0.014655,13.939465,9.095088,2.363758,33.454319,75,0.289701,14,0,0,100.000000,1.113683,100.000000,3317.082817,1268.610410,1593.121559,-0.000000,461.380399
18120.000000,contribution,optical,hardware,1,1,1,0,priority,0.000500,180,15,hybrid,0.050000,4000.000000,6.087000,58.000000,500.000000,500.000000,2.000000,120.000000,0.400000,184,114,184,115,184,21,48,0,0,0,0,0,115,115,0,0,0.000000,1.000000,43.131130,clear-ocean,30.000000,60.000000,0.151000,1081,2950065,756.426923,4.174542,72,2,0,70,0,69,0,0,69,0,0,0,0,0,0,115,0,0,115,0,0,0,0,0,21,49,114,21,49,114,3.525859,218.580482,5259.287295,0.000000,0.000000,0.000000,0,0,0,4113194.178280,18.734641,114.088788,6736.710154,1308.556917,342.253774,243.257058,4110699.307249,4104693.844698,1894.067750,8500.333582,600.803282,0.031814,0.008321,0.005914,99.939345,0.014607,13.939465,9.095088,2.363758,33.343543,75,0.288742,14,0,0,100.000000,1.113683,100.000000,3317.082817,1264.409713,1679.228276,-0.000000,491.972594
18180.000000,contribution,optical,hardware,1,1,1,0,priority,0.000500,180,15,hybrid,0.050000,4000.000000,6.087000,58.000000,500.000000,500.000000,2.000000,120.000000,0.400000,184,114,184,115,184,21,48,0,0,0,0,0,115,115,0,0,0.000000,1.000000,43.131130,clear-ocean,30.000000,60.000000,0.151000,1081,2950065,756.426923,4.160764,72,2,0,70,0,69,0,0,69,0,0,0,0,0,0,115,0,0,115,0,0,0,0,0,21,49,114,21,49,114,3.525859,218.580482,5259.287295,0.000000,0.000000,0.000000,0,0,0,4126791.279752,18.734641,114.088788,6736.710154,1312.693087,343.287817,243.486846,4124291.008722,4118285.546171,1899.467750,8505.733582,600.803282,0.031809,0.008319,0.005900,99.939414,0.014559,13.939465,9.095088,2.363758,33.233498,75,0.287789,14,0,0,100.000000,1.113683,100.000000,3317.082817,1260.236744,1765.334992,0.000000,499.621164
18240.000000,contribution,optical,hardware,1,1,1,0,priority,0.000500,180,15,hybrid,0.050000,4000.000000,6.087000,58.000000,500.000000,500.000000,2.000000,120.000000,0.400000,184,114,184,115,184,21,48,0,0,0,0,0,115,115,0,0,0.000000,1.000000,43.131130,clear-ocean,30.000000,60.000000,0.151000,1081,2950065,756.426923,4.147077,72,2,0,70,0,69,0,0,69,0,0,0,0,0,0,115,0,0,115,0,0,0,0,0,21,49,114,21,49,114,3.525859,218.580482,5259.287295,0.000000,0.000000,0.000000,0,0,0,4140388.381225,18.734641,114.088788,6736.710154,1316.829258,344.321859,243.716633,4137882.710194,4131877.247643,1904.867750,8511.133582,600.803282,0.031804,0.008316,0.005886,99.939482,0.014511,13.939465,9.095088,2.363758,33.124178,75,0.286842,14,0,0,100.000000,1.113683,100.000000,3317.082817,1256.091228,1851.441708,0.000000,483.600879
18300.000000,contribution,optical,hardware,1,1,1,0,priority,0.000500,180,15,hybrid,0.050000,4000.000000,6.087000,58.000000,500.000000,500.000000,2.000000,120.000000,0.400000,184,114,184,115,184,21,48,0,0,0,0,0,115,115,0,0,0.000000,1.000000,43.131130,clear-ocean,30.000000,60.000000,0.151000,1081,2950065,756.426923,4.133480,72,2,0,70,0,69,0,0,69,0,0,0,0,0,0,115,0,0,115,0,0,0,0,0,21,49,114,21,49,114,3.525859,218.580482,5259.287295,0.000000,0.000000,0.000000,0,0,0,4153985.482697,18.734641,114.088788,6736.710154,1320.965428,345.355902,243.946420,4151474.411667,4145468.949116,1910.267750,8516.533582,600.803282,0.031800,0.008314,0.005873,99.939550,0.014463,13.939465,9.095088,2.363758,33.015574,75,0.285902,14,0,0,100.000000,1.113683,100.000000,3317.082817,1251.972896,1937.548424,0.000000,445.430767
18360.000000,contribution,optical,hardware,1,1,1,0,priority,0.000500,180,15,hybrid,0.050000,4000.000000,6.087000,58.000000,500.000000,500.000000,2.000000,120.000000,0.400000,184,114,184,115,184,21,48,0,0,0,0,0,115,115,0,0,0.000000,1.000000,43.131130,clear-ocean,30.000000,60.000000,0.151000,1081,2950065,756.426923,4.119972,72,2,0,70,0,69,0,0,69,0,0,0,0,0,0,115,0,0,115,0,0,0,0,0,21,49,114,21,49,114,3.525859,218.580482,5259.287295,0.000000,0.000000,0.000000,0,0,0,4167582.584170,18.734641,114.088788,6736.710154,1325.101598,346.389944,244.176207,4165066.113139,4159060.650588,1915.667750,8521.933582,600.803282,0.031795,0.008312,0.005859,99.939618,0.014416,13.939465,9.095088,2.363758,32.907680,75,0.284967,14,0,0,100.000000,1.113683,100.000000,3317.082817,1247.881481,2023.655140,0.000000,388.730085
18420.000000,contribution,optical,hardware,1,1,1,0,priority,0.000500,180,15,hybrid,0.050000,4000.000000,6.087000,58.000000,500.000000,500.000000,2.000000,120.000000,0.400000,184,114,184,115,184,21,48,0,0,0,0,0,115,115,0,0,0.000000,1.000000,43.131130,clear-ocean,30.000000,60.000000,0.151000,1081,2950065,756.426923,4.106552,72,2,0,70,0,69,0,0,69,0,0,0,0,0,0,115,0,0,115,0,0,0,0,0,21,49,114,21,49,114,3.525859,218.580482,5259.287295,0.000000,0.000000,0.000000,0,0,0,4181179.685642,18.734641,114.088788,6736.710154,1329.237768,347.423987,244.405994,4178657.814612,4172652.352061,1921.067750,8527.333582,600.803282,0.031791,0.008309,0.005845,99.939685,0.014369,13.939465,9.095088,2.363758,32.800489,75,0.284039,14,0,0,100.000000,1.113683,100.000000,3317.082817,1243.816721,2109.761856,0.000000,318.875141
18480.000000,contribution,optical,hardware,1,1,1,0,priority,0.000500,180,15,hybrid,0.050000,4000.000000,6.087000,58.000000,500.000000,500.000000,2.000000,120.000000,0.400000,184,114,184,115,184,21,48,0,0,0,0,0,115,115,0,0,0.000000,1.000000,43.131130,clear-ocean,30.000000,60.000000,0.151000,1081,2950065,756.426923,4.093219,72,2,0,70,0,69,0,0,69,0,0,0,0,0,0,115,0,0,115,0,0,0,0,0,21,49,114,21,49,114,3.525859,218.580482,5259.287295,0.000000,0.000000,0.000000,0,0,0,4194776.787115,18.734641,114.088788,6736.710154,1333.373938,348.458029,244.635782,4192249.516084,4186244.053533,1926.467750,8532.733582,600.803282,0.031787,0.008307,0.005832,99.939752,0.014323,13.939465,9.095088,2.363758,32.693994,75,0.283117,14,0,0,100.000000,1.113683,100.000000,3317.082817,1239.778355,2195.868573,0.000000,242.489517
18540.000000,contribution,optical,hardware,1,1,1,0,priority,0.000500,180,15,hybrid,0.050000,4000.000000,6.087000,58.000000,500.000000,500.000000,2.000000,120.000000,0.400000,184,114,184,115,184,21,48,0,0,0,0,0,115,115,0,0,0.000000,1.000000,43.131130,clear-ocean,30.000000,60.000000,0.151000,1081,2950065,756.426923,4.079973,72,2,0,70,0,69,0,0,69,0,0,0,0,0,0,115,0,0,115,0,0,0,0,0,21,49,114,21,49,114,3.525859,218.580482,5259.287295,0.000000,0.000000,0.000000,0,0,0,4208373.888587,18.734641,114.088788,6736.710154,1337.510109,349.492072,244.865569,4205841.217557,4199835.755006,1931.867750,8538.133582,600.803282,0.031782,0.008305,0.005819,99.939818,0.014276,13.939465,9.095088,2.363758,32.588188,75,0.282201,14,0,0,100.000000,1.113683,100.000000,3317.082817,1235.766127,2281.975289,0.000000,166.816031
18600.000000,contribution,optical,hardware,1,1,1,0,priority,0.000500,180,15,hybrid,0.050000,4000.000000,6.087000,58.000000,500.000000,500.000000,2.000000,120.000000,0.400000,184,114,184,115,184,21,48,0,0,0,0,0,115,115,0,0,0.000000,1.000000,43.131130,clear-ocean,30.000000,60.000000,0.151000,1081,2950065,756.426923,4.066811,72,2,0,70,0,69,0,0,69,0,0,0,0,0,0,115,0,0,115,0,0,0,0,0,21,49,114,21,49,114,3.525859,218.580482,5259.287295,0.000000,0.000000,0.000000,0,0,0,4221970.990060,18.734641,114.088788,6736.710154,1341.646279,350.526115,245.095356,4219432.919029,4213427.456478,1937.267750,8543.533582,600.803282,0.031778,0.008302,0.005805,99.939884,0.014230,13.939465,9.095088,2.363758,32.483065,75,0.281290,14,0,0,100.000000,1.113683,100.000000,3317.082817,1231.779785,2368.082005,0.000000,99.029974
18660.000000,contribution,optical,hardware,1,1,1,0,priority,0.000500,180,15,hybrid,0.050000,4000.000000,6.087000,58.000000,500.000000,500.000000,2.000000,120.000000,0.400000,184,114,184,115,184,21,48,0,0,0,0,0,115,115,0,0,0.000000,1.000000,43.131130,clear-ocean,30.000000,60.000000,0.151000,1081,2950065,756.426923,4.053735,72,2,0,70,0,69,0,0,69,0,0,0,0,0,0,115,0,0,115,0,0,0,0,0,21,49,114,21,49,114,3.525859,218.580482,5259.287295,0.000000,0.000000,0.000000,0,0,0,4235568.091532,18.734641,114.088788,6736.710154,1345.782449,351.560157,245.325143,4233024.620502,4227019.157951,1942.667750,8548.933582,600.803282,0.031773,0.008300,0.005792,99.939950,0.014185,13.939465,9.095088,2.363758,32.378617,75,0.280386,14,0,0,100.000000,1.113683,100.000000,3317.082817,1227.819078,2454.188721,0.000000,45.558759
18720.000000,contribution,optical,hardware,1,1,1,0,priority,0.000500,180,15,hybrid,0.050000,4000.000000,6.087000,58.000000,500.000000,500.000000,2.000000,120.000000,0.400000,184,114,184,115,184,21,48,0,0,0,0,0,115,115,0,0,0.000000,1.000000,43.131130,clear-ocean,30.000000,60.000000,0.151000,1081,2950065,756.426923,4.040742,72,2,0,70,0,69,0,0,69,0,0,0,0,0,0,115,0,0,115,0,0,0,0,0,21,49,114,21,49,114,3.525859,218.580482,5259.287295,0.000000,0.000000,0.000000,0,0,0,4249165.193005,18.734641,114.088788,6736.710154,1349.918619,352.594200,245.554931,4246616.321974,4240610.859423,1948.067750,8554.333582,600.803282,0.031769,0.008298,0.005779,99.940015,0.014139,13.939465,9.095088,2.363758,32.274840,75,0.279487,14,0,0,100.000000,1.113683,100.000000,3317.082817,1223.883761,2540.295437,0.000000,11.472481
18780.000000,contribution,optical,hardware,1,1,1,0,priority,0.000500,180,15,hybrid,0.050000,4000.000000,6.087000,58.000000,500.000000,500.000000,2.000000,120.000000,0.400000,184,114,184,115,184,21,48,0,0,0,0,0,115,115,0,0,0.000000,1.000000,43.131130,clear-ocean,30.000000,60.000000,0.151000,1081,2950065,756.426923,4.027832,72,2,0,70,0,69,0,0,69,0,0,0,0,0,0,115,0,0,115,0,0,0,0,0,21,49,114,21,49,114,3.525859,218.580482,5259.287295,0.000000,0.000000,0.000000,0,0,0,4262762.294477,18.734641,114.088788,6736.710154,1354.054789,353.628242,245.784718,4260208.023447,4254202.560896,1953.467750,8559.733582,600.803282,0.031765,0.008296,0.005766,99.940079,0.014094,13.939465,9.095088,2.363758,32.171725,75,0.278594,14,0,0,100.000000,1.113683,100.000000,3317.082817,1219.973589,2626.402153,-0.000000,0.003168
18840.000000,contribution,optical,hardware,1,1,1,0,priority,0.000500,180,15,hybrid,0.050000,4000.000000,6.087000,58.000000,500.000000,500.000000,2.000000,120.000000,0.400000,184,114,184,115,184,21,48,0,0,0,0,0,115,115,0,0,0.000000,1.000000,43.131130,clear-ocean,30.000000,60.000000,0.151000,1081,2950065,756.426923,4.015005,72,2,0,70,0,69,0,0,69,0,0,0,0,0,0,115,0,0,115,0,0,0,0,0,21,49,114,21,49,114,3.525859,218.580482,5259.287295,0.000000,0.000000,0.000000,0,0,0,4276359.395950,18.734641,114.088788,6736.710154,1358.190960,354.662285,246.014505,4273799.724919,4267794.262368,1958.867750,8565.133581,600.803282,0.031760,0.008294,0.005753,99.940144,0.014049,13.939465,9.095088,2.363758,32.069268,75,0.277707,14,0,0,100.000000,1.113683,100.000000,3317.082817,1216.088323,2712.508869,-0.000000,12.238331
18900.000000,contribution,optical,hardware,1,1,1,0,priority,0.000500,180,15,hybrid,0.050000,4000.000000,6.087000,58.000000,500.000000,500.000000,2.000000,120.000000,0.400000,184,114,184,115,184,21,48,0,0,0,0,0,115,115,0,0,0.000000,1.000000,43.131130,clear-ocean,30.000000,60.000000,0.151000,1081,2950065,756.426923,4.002259,72,2,0,70,0,69,0,0,69,0,0,0,0,0,0,115,0,0,115,0,0,0,0,0,21,49,114,21,49,114,3.525859,218.580482,5259.287295,0.000000,0.000000,0.000000,0,0,0,4289956.497422,18.734641,114.088788,6736.710154,1362.327130,355.696327,246.244292,4287391.426392,4281385.963841,1964.267750,8570.533581,600.803282,0.031756,0.008291,0.005740,99.940208,0.014005,13.939465,9.095088,2.363758,31.967460,75,0.276825,14,0,0,100.000000,1.113683,100.000000,3317.082817,1212.227725,2798.615586,-0.000000,47.017843
18960.000000,contribution,optical,hardware,1,1,1,0,priority,0.000500,180,15,hybrid,0.050000,4000.000000,6.087000,58.000000,500.000000,500.000000,2.000000,120.000000,0.400000,184,114,184,115,184,21,48,0,0,0,0,0,115,115,0,0,0.000000,1.000000,43.131130,clear-ocean,30.000000,60.000000,0.151000,1081,2950065,756.426923,3.989593,72,2,0,70,0,69,0,0,69,0,0,0,0,0,0,115,0,0,115,0,0,0,0,0,21,49,114,21,49,114,3.525859,218.580482,5259.287295,0.000000,0.000000,0.000000,0,0,0,4303553.598895,18.734641,114.088788,6736.710154,1366.463300,356.730370,246.474080,4300983.127864,4294977.665314,1969.667750,8575.933581,600.803282,0.031752,0.008289,0.005727,99.940271,0.013961,13.939465,9.095088,2.363758,31.866297,75,0.275949,14,0,0,100.000000,1.113683,100.000000,3317.082817,1208.391561,2884.722302,-0.000000,101.043941
19020.000000,contribution,optical,hardware,1,1,1,0,priority,0.000500,180,15,hybrid,0.050000,4000.000000,6.087000,58.000000,500.000000,500.000000,2.000000,120.000000,0.400000,184,114,184,115,184,21,48,0,0,0,0,0,115,115,0,0,0.000000,1.000000,43.131130,clear-ocean,30.000000,60.000000,0.151000,1081,2950065,756.426923,3.977008,72,2,0,70,0,69,0,0,69,0,0,0,0,0,0,115,0,0,115,0,0,0,0,0,21,49,114,21,49,114,3.525859,218.580482,5259.287295,0.000000,0.000000,0.000000,0,0,0,4317150.700368,18.734641,114.088788,6736.710154,1370.599470,357.764412,246.703867,4314574.829337,4308569.366786,1975.067750,8581.333581,600.803282,0.031748,0.008287,0.005715,99.940334,0.013917,13.939465,9.095088,2.363758,31.765773,75,0.275079,14,0,0,100.000000,1.113683,100.000000,3317.082817,1204.579600,2970.829018,-0.000000,169.193920
19080.000000,contribution,optical,hardware,1,1,1,0,priority,0.000500,180,15,hybrid,0.050000,4000.000000,6.087000,58.000000,500.000000,500.000000,2.000000,120.000000,0.400000,184,114,184,115,184,21,48,0,0,0,0,0,115,115,0,0,0.000000,1.000000,43.131130,clear-ocean,30.000000,60.000000,0.151000,1081,2950065,756.426923,3.964502,72,2,0,70,0,69,0,0,69,0,0,0,0,0,0,115,0,0,115,0,0,0,0,0,21,49,114,21,49,114,3.525859,218.580482,5259.287295,0.000000,0.000000,0.000000,0,0,0,4330747.801840,18.734641,114.088788,6736.710154,1374.735640,358.798455,246.933654,4328166.530810,4322161.068259,1980.467750,8586.733581,600.803282,0.031744,0.008285,0.005702,99.940397,0.013873,13.939465,9.095088,2.363758,31.665881,75,0.274214,14,0,0,100.000000,1.113683,100.000000,3317.082817,1200.791614,3056.935734,-0.000000,245.005859
19140.000000,contribution,optical,hardware,1,1,1,0,priority,0.000500,180,15,hybrid,0.050000,4000.000000,6.087000,58.000000,500.000000,500.000000,2.000000,120.000000,0.400000,184,114,184,115,184,21,48,0,0,0,0,0,115,115,0,0,0.000000,1.000000,43.131130,clear-ocean,30.000000,60.000000,0.151000,1081,2950065,756.426923,3.952074,72,2,0,70,0,69,0,0,69,0,0,0,0,0,0,115,0,0,115,0,0,0,0,0,21,49,114,21,49,114,3.525859,218.580482,5259.287295,0.000000,0.000000,0.000000,0,0,0,4344344.903313,18.734641,114.088788,6736.710154,1378.871811,359.832498,247.163441,4341758.232282,4335752.769731,1985.867750,8592.133581,600.803282,0.031739,0.008283,0.005689,99.940459,0.013830,13.939465,9.095088,2.363758,31.566614,75,0.273354,14,0,0,100.000000,1.113683,100.000000,3317.082817,1197.027377,3143.042450,-0.000000,321.291337
19200.000000,contribution,optical,hardware,1,1,1,0,priority,0.000500,180,15,hybrid,0.050000,4000.000000,6.087000,58.000000,500.000000,500.000000,2.000000,120.000000,0.400000,184,114,184,115,184,21,48,0,0,0,0,0,115,115,0,0,0.000000,1.000000,43.131130,clear-ocean,30.000000,60.000000,0.151000,1081,2950065,756.426923,3.939724,72,2,0,70,0,69,0,0,69,0,0,0,0,0,0,115,0,0,115,0,0,0,0,0,21,49,114,21,49,114,3.525859,218.580482,5259.287295,0.000000,0.000000,0.000000,0,0,0,4357942.004785,18.734641,114.088788,6736.710154,1383.007981,360.866540,247.393229,4355349.933755,4349344.471204,1991.267750,8597.533581,600.803282,0.031735,0.008281,0.005677,99.940521,0.013786,13.939465,9.095088,2.363758,31.467969,75,0.272500,14,0,0,100.000000,1.113683,100.000000,3317.082817,1193.286667,3229.149166,-0.000000,390.817035
19260.000000,contribution,optical,hardware,1,1,1,0,priority,0.000500,180,15,hybrid,0.050000,4000.000000,6.087000,58.000000,500.000000,500.000000,2.000000,120.000000,0.400000,184,114,184,115,184,21,48,0,0,0,0,0,115,115,0,0,0.000000,1.000000,43.131130,clear-ocean,30.000000,60.000000,0.151000,1081,2950065,756.426923,3.927450,72,2,0,70,0,69,0,0,69,0,0,0,0,0,0,115,0,0,115,0,0,0,0,0,21,49,114,21,49,114,3.525859,218.580482,5259.287295,0.000000,0.000000,0.000000,0,0,0,4371539.106258,18.734641,114.088788,6736.710154,1387.144151,361.900583,247.623016,4368941.635227,4362936.172676,1996.667750,8602.933581,600.803282,0.031731,0.008279,0.005664,99.940582,0.013744,13.939465,9.095088,2.363758,31.369938,75,0.271651,14,0,0,100.000000,1.113683,100.000000,3317.082817,1189.569263,3315.255882,-0.000000,446.990588
19320.000000,contribution,optical,hardware,1,1,1,0,priority,0.000500,180,15,hybrid,0.050000,4000.000000,6.087000,58.000000,500.000000,500.000000,2.000000,120.000000,0.400000,184,114,184,115,184,21,48,0,0,0,0,0,115,115,0,0,0.000000,1.000000,43.131130,clear-ocean,30.000000,60.000000,0.151000,1081,2950065,756.426923,3.915253,72,2,0,70,0,69,0,0,69,0,0,0,0,0,0,115,0,0,115,0,0,0,0,0,21,49,114,21,49,114,3.525859,218.580482,5259.287295,0.000000,0.000000,0.000000,0,0,0,4385136.207730,18.734641,114.088788,6736.710154,1391.280321,362.934625,247.852803,4382533.336700,4376527.874149,2002.067750,8608.333581,600.803282,0.031727,0.008276,0.005652,99.940643,0.013701,13.939465,9.095088,2.363758,31.272516,75,0.270807,14,0,0,100.000000,1.113683,100.000000,3317.082817,1185.874948,3401.362599,-0.000000,484.485669
19380.000000,contribution,optical,hardware,1,1,1,0,priority,0.000500,180,15,hybrid,0.050000,4000.000000,6.087000,58.000000,500.000000,500.000000,2.000000,120.000000,0.400000,184,114,184,115,184,21,48,0,0,0,0,0,115,115,0,0,0.000000,1.000000,43.131130,clear-ocean,30.000000,60.000000,0.151000,1081,2950065,756.426923,3.903132,72,2,0,70,0,69,0,0,69,0,0,0,0,0,0,115,0,0,115,0,0,0,0,0,21,49,114,21,49,114,3.525859,218.580482,5259.287295,0.000000,0.000000,0.000000,0,0,0,4398733.309203,18.734641,114.088788,6736.710154,1395.416492,363.968668,248.082590,4396125.038172,4390119.575621,2007.467750,8613.733581,600.803282,0.031723,0.008274,0.005640,99.940704,0.013659,13.939465,9.095088,2.363758,31.175697,75,0.269969,14,0,0,100.000000,1.113683,100.000000,3317.082817,1182.203509,3487.469315,-0.000000,499.747029
19440.000000,contribution,optical,hardware,1,1,1,0,priority,0.000500,180,15,hybrid,0.050000,4000.000000,6.087000,58.000000,500.000000,500.000000,2.000000,120.000000,0.400000,184,114,184,115,184,21,48,0,0,0,0,0,115,115,0,0,0.000000,1.000000,43.131130,clear-ocean,30.000000,60.000000,0.151000,1081,2950065,756.426923,3.891085,72,2,0,70,0,69,0,0,69,0,0,0,0,0,0,115,0,0,115,0,0,0,0,0,21,49,114,21,49,114,3.525859,218.580482,5259.287295,0.000000,0.000000,0.000000,0,0,0,4412330.410675,18.734641,114.088788,6736.710154,1399.552662,365.002710,248.312377,4409716.739645,4403711.277094,2012.867750,8619.133581,600.803282,0.031719,0.008272,0.005628,99.940764,0.013616,13.939465,9.095088,2.363758,31.079475,75,0.269136,14,0,0,100.000000,1.113683,100.000000,3317.082817,1178.554733,3573.576031,0.000000,491.327600
19500.000000,contribution,optical,hardware,1,1,1,0,priority,0.000500,180,15,hybrid,0.050000,4000.000000,6.087000,58.000000,500.000000,500.000000,2.000000,120.000000,0.400000,184,114,184,115,184,21,48,0,0,0,0,0,115,115,0,0,0.000000,1.000000,43.131130,clear-ocean,30.000000,60.000000,0.151000,1081,2950065,756.426923,3.879112,72,2,0,70,0,69,0,0,69,0,0,0,0,0,0,115,0,0,115,0,0,0,0,0,21,49,114,21,49,114,3.525859,218.580482,5259.287295,0.000000,0.000000,0.000000,0,0,0,4425927.512148,18.734641,114.088788,6736.710154,1403.688832,366.036753,248.542165,4423308.441117,4417302.978566,2018.267750,8624.533581,600.803282,0.031715,0.008270,0.005616,99.940824,0.013575,13.939465,9.095088,2.363758,30.983846,75,0.268308,14,0,0,100.000000,1.113683,100.000000,3317.082817,1174.928410,3659.682747,0.000000,460.025703
19560.000000,contribution,optical,hardware,1,1,1,0,priority,0.000500,180,15,hybrid,0.050000,4000.000000,6.087000,58.000000,500.000000,500.000000,2.000000,120.000000,0.400000,184,114,184,115,184,21,48,0,0,0,0,0,115,115,0,0,0.000000,1.000000,43.131130,clear-ocean,30.000000,60.000000,0.151000,1081,2950065,756.426923,3.867213,72,2,0,70,0,69,0,0,69,0,0,0,0,0,0,115,0,0,115,0,0,0,0,0,21,49,114,21,49,114,3.525859,218.580482,5259.287295,0.000000,0.000000,0.000000,0,0,0,4439524.613620,18.734641,114.088788,6736.710154,1407.825002,367.070795,248.771952,4436900.142590,4430894.680039,2023.667750,8629.933581,600.803282,0.031711,0.008268,0.005604,99.940884,0.013533,13.939465,9.095088,2.363758,30.888804,75,0.267485,14,0,0,100.000000,1.113683,100.000000,3317.082817,1171.324335,3745.789463,0.000000,408.809357
19620.000000,contribution,optical,hardware,1,1,1,0,priority,0.000500,180,15,hybrid,0.050000,4000.000000,6.087000,58.000000,500.000000,500.000000,2.000000,120.000000,0.400000,184,114,184,115,184,21,48,0,0,0,0,0,115,115,0,0,0.000000,1.000000,43.131130,clear-ocean,30.000000,60.000000,0.151000,1081,2950065,756.426923,3.855387,72,2,0,70,0,69,0,0,69,0,0,0,0,0,0,115,0,0,115,0,0,0,0,0,21,49,114,21,49,114,3.525859,218.580482,5259.287295,0.000000,0.000000,0.000000,0,0,0,4453121.715093,18.734641,114.088788,6736.710154,1411.961172,368.104838,249.001739,4450491.844062,4444486.381511,2029.067750,8635.333581,600.803282,0.031707,0.008266,0.005592,99.940943,0.013492,13.939465,9.095088,2.363758,30.794343,75,0.266667,14,0,0,100.000000,1.113683,100.000000,3317.082817,1167.742304,3831.896179,0.000000,342.534849
19680.000000,contribution,optical,hardware,1,1,1,0,priority,0.000500,180,15,hybrid,0.050000,4000.000000,6.087000,58.000000,500.000000,500.000000,2.000000,120.000000,0.400000,184,114,184,115,184,21,48,0,0,0,0,0,115,115,0,0,0.000000,1.000000,43.131130,clear-ocean,30.000000,60.000000,0.151000,1081,2950065,756.426923,3.843633,72,2,0,70,0,69,0,0,69,0,0,0,0,0,0,115,0,0,115,0,0,0,0,0,21,49,114,21,49,114,3.525859,218.580482,5259.287295,0.000000,0.000000,0.000000,0,0,0,4466718.816565,18.734641,114.088788,6736.710154,1416.097343,369.138881,249.231526,4464083.545535,4458078.082984,2034.467750,8640.733581,600.803282,0.031703,0.008264,0.005580,99.941002,0.013451,13.939465,9.095088,2.363758,30.700457,75,0.265854,14,0,0,100.000000,1.113683,100.000000,3317.082817,1164.182114,3918.002895,0.000000,267.486271
19740.000000,contribution,optical,hardware,1,1,1,0,priority,0.000500,180,15,hybrid,0.050000,4000.000000,6.087000,58.000000,500.000000,500.000000,2.000000,120.000000,0.400000,184,114,184,115,184,21,48,0,0,0,0,0,115,115,0,0,0.000000,1.000000,43.131130,clear-ocean,30.000000,60.000000,0.151000,1081,2950065,756.426923,3.831950,72,2,0,70,0,69,0,0,69,0,0,0,0,0,0,115,0,0,115,0,0,0,0,0,21,49,114,21,49,114,3.525859,218.580482,5259.287295,0.000000,0.000000,0.000000,0,0,0,4480315.918038,18.734641,114.088788,6736.710154,1420.233513,370.172923,249.461314,4477675.247007,4471669.784456,2039.867750,8646.133581,600.803282,0.031699,0.008262,0.005568,99.941061,0.013410,13.939465,9.095088,2.363758,30.607143,75,0.265046,14,0,0,100.000000,1.113683,100.000000,3317.082817,1160.643566,4004.109612,0.000000,190.779659
19800.000000,contribution,optical,hardware,1,1,1,0,priority,0.000500,180,15,hybrid,0.050000,4000.000000,6.087000,58.000000,500.000000,500.000000,2.000000,120.000000,0.400000,184,114,184,115,184,21,48,0,0,0,0,0,115,115,0,0,0.000000,1.000000,43.131130,clear-ocean,30.000000,60.000000,0.151000,1081,2950065,756.426923,3.820338,72,2,0,70,0,69,0,0,69,0,0,0,0,0,0,115,0,0,115,0,0,0,0,0,21,49,114,21,49,114,3.525859,218.580482,5259.287295,0.000000,0.000000,0.000000,0,0,0,4493913.019510,18.734641,114.088788,6736.710154,1424.369683,371.206966,249.691101,4491266.948480,4485261.485929,2045.267750,8651.533581,600.803282,0.031696,0.008260,0.005556,99.941119,0.013369,13.939465,9.095088,2.363758,30.514394,75,0.264242,14,0,0,100.000000,1.113683,100.000000,3317.082817,1157.126465,4090.216328,0.000000,119.688268
19860.000000,contribution,optical,hardware,1,1,1,0,priority,0.000500,180,15,hybrid,0.050000,4000.000000,6.087000,58.000000,500.000000,500.000000,2.000000,120.000000,0.400000,184,114,184,115,184,21,48,0,0,0,0,0,115,115,0,0,0.000000,1.000000,43.131130,clear-ocean,30.000000,60.000000,0.151000,1081,2950065,756.426923,3.808796,72,2,0,70,0,69,0,0,69,0,0,0,0,0,0,115,0,0,115,0,0,0,0,0,21,49,114,21,49,114,3.525859,218.580482,5259.287295,0.000000,0.000000,0.000000,0,0,0,4507510.120983,18.734641,114.088788,6736.710154,1428.505853,372.241008,249.920888,4504858.649952,4498853.187401,2050.667750,8656.933581,600.803282,0.031692,0.008258,0.005545,99.941177,0.013329,13.939465,9.095088,2.363758,30.422205,75,0.263444,14,0,0,100.000000,1.113683,100.000000,3317.082817,1153.630614,4176.323044,0.000000,60.952918
19920.000000,contribution,optical,hardware,1,1,1,0,priority,0.000500,180,15,hybrid,0.050000,4000.000000,6.087000,58.000000,500.000000,500.000000,2.000000,120.000000,0.400000,184,114,184,115,184,21,48,0,0,0,0,0,115,115,0,0,0.000000,1.000000,43.131130,clear-ocean,30.000000,60.000000,0.151000,1081,2950065,756.426923,3.797324,72,2,0,70,0,69,0,0,69,0,0,0,0,0,0,115,0,0,115,0,0,0,0,0,21,49,114,21,49,114,3.525859,218.580482,5259.287295,0.000000,0.000000,0.000000,0,0,0,4521107.222455,18.734641,114.088788,6736.710154,1432.642023,373.275051,250.150675,4518450.351425,4512444.888874,2056.067750,8662.333581,600.803282,0.031688,0.008256,0.005533,99.941234,0.013289,13.939465,9.095088,2.363758,30.330572,75,0.262651,14,0,0,100.000000,1.113683,100.000000,3317.082817,1150.155823,4262.429760,0.000000,20.142843
19980.000000,contribution,optical,hardware,1,1,1,0,priority,0.000500,180,15,hybrid,0.050000,4000.000000,6.087000,58.000000,500.000000,500.000000,2.000000,120.000000,0.400000,184,114,184,115,184,21,48,0,0,0,0,0,115,115,0,0,0.000000,1.000000,43.131130,clear-ocean,30.000000,60.000000,0.151000,1081,2950065,756.426923,3.785921,72,2,0,70,0,69,0,0,69,0,0,0,0,0,0,115,0,0,115,0,0,0,0,0,21,49,114,21,49,114,3.525859,218.580482,5259.287295,0.000000,0.000000,0.000000,0,0,0,4534704.323928,18.734641,114.088788,6736.710154,1436.778194,374.309093,250.380463,4532042.052898,4526036.590347,2061.467750,8667.733581,600.803282,0.031684,0.008254,0.005521,99.941291,0.013249,13.939465,9.095088,2.363758,30.239489,75,0.261862,14,0,0,100.000000,1.113683,100.000000,3317.082817,1146.701902,4348.536476,0.000000,1.127619
20040.000000,contribution,optical,hardware,1,1,1,0,priority,0.000500,180,15,hybrid,0.050000,4000.000000,6.087000,58.000000,500.000000,500.000000,2.000000,120.000000,0.400000,184,114,184,115,184,21,48,0,0,0,0,0,115,115,0,0,0.000000,1.000000,43.131130,clear-ocean,30.000000,60.000000,0.151000,1081,2950065,756.426923,3.774585,72,2,0,70,0,69,0,0,69,0,0,0,0,0,0,115,0,0,115,0,0,0,0,0,21,49,114,21,49,114,3.525859,218.580482,5259.287295,0.000000,0.000000,0.000000,0,0,0,4548301.425400,18.734641,114.088788,6736.710154,1440.914364,375.343136,250.610250,4545633.754370,4539628.291819,2066.867750,8673.133581,600.803282,0.031680,0.008252,0.005510,99.941348,0.013209,13.939465,9.095088,2.363758,30.148952,75,0.261078,14,0,0,100.000000,1.113683,100.000000,3317.082817,1143.268663,4434.643192,-0.000000,5.710250
20100.000000,contribution,optical,hardware,1,1,1,0,priority,0.000500,180,15,hybrid,0.050000,4000.000000,6.087000,58.000000,500.000000,500.000000,2.000000,120.000000,0.400000,184,114,184,115,184,21,48,0,0,0,0,0,115,115,0,0,0.000000,1.000000,43.131130,clear-ocean,30.000000,60.000000,0.151000,1081,2950065,756.426923,3.763318,72,2,0,70,0,69,0,0,69,0,0,0,0,0,0,115,0,0,115,0,0,0,0,0,21,49,114,21,49,114,3.525859,218.580482,5259.287295,0.000000,0.000000,0.000000,0,0,0,4561898.526873,18.734641,114.088788,6736.710154,1445.050534,376.377178,250.840037,4559225.455843,4553219.993292,2072.267750,8678.533581,600.803282,0.031677,0.008250,0.005499,99.941404,0.013170,13.939465,9.095088,2.363758,30.058955,75,0.260299,14,0,0,100.000000,1.113683,100.000000,3317.082817,1139.855920,4520.749908,-0.000000,33.456218
20160.000000,contribution,optical,hardware,1,1,1,0,priority,0.000500,180,15,hybrid,0.050000,4000.000000,6.087000,58.000000,500.000000,500.000000,2.000000,120.000000,0.400000,184,114,184,115,184,21,48,0,0,0,0,0,115,115,0,0,0.000000,1.000000,43.131130,clear-ocean,30.000000,60.000000,0.151000,1081,2950065,756.426923,3.752118,72,2,0,70,0,69,0,0,69,0,0,0,0,0,0,115,0,0,115,0,0,0,0,0,21,49,114,21,49,114,3.525859,218.580482,5259.287295,0.000000,0.000000,0.000000,0,0,0,4575495.628345,18.734641,114.088788,6736.710154,1449.186704,377.411221,251.069824,4572817.157315,4566811.694764,2077.667750,8683.933581,600.803282,0.031673,0.008249,0.005487,99.941461,0.013131,13.939465,9.095088,2.363758,29.969494,75,0.259524,14,0,0,100.000000,1.113683,100.000000,3317.082817,1136.463492,4606.856625,-0.000000,81.734673
20220.000000,contribution,optical,hardware,1,1,1,0,priority,0.000500,180,15,hybrid,0.050000,4000.000000,6.087000,58.000000,500.000000,500.000000,2.000000,120.000000,0.400000,184,114,184,115,184,21,48,0,0,0,0,0,115,115,0,0,0.000000,1.000000,43.131130,clear-ocean,30.000000,60.000000,0.151000,1081,2950065,756.426923,3.740984,72,2,0,70,0,69,0,0,69,0,0,0,0,0,0,115,0,0,115,0,0,0,0,0,21,49,114,21,49,114,3.525859,218.580482,5259.287295,0.000000,0.000000,0.000000,0,0,0,4589092.729818,18.734641,114.088788,6736.710154,1453.322875,378.445264,251.299612,4586408.858788,4580403.396237,2083.067750,8689.333581,600.803282,0.031669,0.008247,0.005476,99.941516,0.013092,13.939465,9.095088,2.363758,29.880564,75,0.258754,14,0,0,100.000000,1.113683,100.000000,3317.082817,1133.091197,4692.963341,-0.000000,145.967895
20280.000000,contribution,optical,hardware,1,1,1,0,priority,0.000500,180,15,hybrid,0.050000,4000.000000,6.087000,58.000000,500.000000,500.000000,2.000000,120.000000,0.400000,184,114,184,115,184,21,48,0,0,0,0,0,115,115,0,0,0.000000,1.000000,43.131130,clear-ocean,30.000000,60.000000,0.151000,1081,2950065,756.426923,3.729916,72,2,0,70,0,69,0,0,69,0,0,0,0,0,0,115,0,0,115,0,0,0,0,0,21,49,114,21,49,114,3.525859,218.580482,5259.287295,0.000000,0.000000,0.000000,0,0,0,4602689.831290,18.734641,114.088788,6736.710154,1457.459045,379.479306,251.529399,4600000.560260,4593995.097709,2088.467750,8694.733581,600.803282,0.031665,0.008245,0.005465,99.941572,0.013053,13.939465,9.095088,2.363758,29.792160,75,0.257988,14,0,0,100.000000,1.113683,100.000000,3317.082817,1129.738856,4779.070057,-0.000000,220.065349
20340.000000,contribution,optical,hardware,1,1,1,0,priority,0.000500,180,15,hybrid,0.050000,4000.000000,6.087000,58.000000,500.000000,500.000000,2.000000,120.000000,0.400000,184,114,184,115,184,21,48,0,0,0,0,0,115,115,0,0,0.000000,1.000000,43.131130,clear-ocean,30.000000,60.000000,0.151000,1081,2950065,756.426923,3.718913,72,2,0,70,0,69,0,0,69,0,0,0,0,0,0,115,0,0,115,0,0,0,0,0,21,49,114,21,49,114,3.525859,218.580482,5259.287295,0.000000,0.000000,0.000000,0,0,0,4616286.932763,18.734641,114.088788,6736.710154,1461.595215,380.513349,251.759186,4613592.261733,4607586.799182,2093.867750,8700.133581,600.803282,0.031662,0.008243,0.005454,99.941627,0.013015,13.939465,9.095088,2.363758,29.704277,75,0.257227,14,0,0,100.000000,1.113683,100.000000,3317.082817,1126.406293,4865.176773,-0.000000,297.001180
20400.000000,contribution,optical,hardware,1,1,1,0,priority,0.000500,180,15,hybrid,0.050000,4000.000000,6.087000,58.000000,500.000000,500.000000,2.000000,120.000000,0.400000,184,114,184,115,184,21,48,0,0,0,0,0,115,115,0,0,0.000000,1.000000,43.131130,clear-ocean,30.000000,60.000000,0.151000,1081,2950065,756.426923,3.707975,72,2,0,70,0,69,0,0,69,0,0,0,0,0,0,115,0,0,115,0,0,0,0,0,21,49,114,21,49,114,3.525859,218.580482,5259.287295,0.000000,0.000000,0.000000,0,0,0,4629884.034236,18.734641,114.088788,6736.710154,1465.731385,381.547391,251.988973,4627183.963205,4621178.500654,2099.267750,8705.533581,600.803282,0.031658,0.008241,0.005443,99.941682,0.012977,13.939465,9.095088,2.363758,29.616912,75,0.256471,14,0,0,100.000000,1.113683,100.000000,3317.082817,1123.093333,4951.283489,-0.000000,369.480401
20460.000000,contribution,optical,hardware,1,1,1,0,priority,0.000500,180,15,hybrid,0.050000,4000.000000,6.087000,58.000000,500.000000,500.000000,2.000000,120.000000,0.400000,184,114,184,115,184,21,48,0,0,0,0,0,115,115,0,0,0.000000,1.000000,43.131130,clear-ocean,30.000000,60.000000,0.151000,1081,2950065,756.426923,3.697101,72,2,0,70,0,69,0,0,69,0,0,0,0,0,0,115,0,0,115,0,0,0,0,0,21,49,114,21,49,114,3.525859,218.580482,5259.287295,0.000000,0.000000,0.000000,0,0,0,4643481.135708,18.734641,114.088788,6736.710154,1469.867555,382.581434,252.218760,4640775.664678,4634770.202127,2104.667750,8710.933581,600.803282,0.031654,0.008239,0.005432,99.941736,0.012939,13.939465,9.095088,2.363758,29.530059,75,0.255718,14,0,0,100.000000,1.113683,100.000000,3317.082817,1119.799804,5037.390205,-0.000000,430.630597
20520.000000,contribution,optical,hardware,1,1,1,0,priority,0.000500,180,15,hybrid,0.050000,4000.000000,6.087000,58.000000,500.000000,500.000000,2.000000,120.000000,0.400000,184,114,184,115,184,21,48,0,0,0,0,0,115,115,0,0,0.000000,1.000000,43.131130,clear-ocean,30.000000,60.000000,0.151000,1081,2950065,756.426923,3.686291,72,2,0,70,0,69,0,0,69,0,0,0,0,0,0,115,0,0,115,0,0,0,0,0,21,49,114,21,49,114,3.525859,218.580482,5259.287295,0.000000,0.000000,0.000000,0,0,0,4657078.237181,18.734641,114.088788,6736.710154,1474.003726,383.615476,252.448548,4654367.366150,4648361.903599,2110.067750,8716.333581,600.803282,0.031651,0.008237,0.005421,99.941790,0.012901,13.939465,9.095088,2.363758,29.443713,75,0.254971,14,0,0,100.000000,1.113683,100.000000,3317.082817,1116.525536,5123.496921,-0.000000,474.653561
20580.000000,contribution,optical,hardware,1,1,1,0,priority,0.000500,180,15,hybrid,0.050000,4000.000000,6.087000,58.000000,500.000000,500.000000,2.000000,120.000000,0.400000,184,114,184,115,184,21,48,0,0,0,0,0,115,115,0,0,0.000000,1.000000,43.131130,clear-ocean,30.000000,60.000000,0.151000,1081,2950065,756.426923,3.675544,72,2,0,70,0,69,0,0,69,0,0,0,0,0,0,115,0,0,115,0,0,0,0,0,21,49,114,21,49,114,3.525859,218.580482,5259.287295,0.000000,0.000000,0.000000,0,0,0,4670675.338653,18.734641,114.088788,6736.710154,1478.139896,384.649519,252.678335,4667959.067623,4661953.605072,2115.467750,8721.733581,600.803282,0.031647,0.008235,0.005410,99.941844,0.012863,13.939465,9.095088,2.363758,29.357872,75,0.254227,14,0,0,100.000000,1.113683,100.000000,3317.082817,1113.270360,5209.603638,-0.000000,497.375076
20640.000000,contribution,optical,hardware,1,1,1,0,priority,0.000500,180,15,hybrid,0.050000,4000.000000,6.087000,58.000000,500.000000,500.000000,2.000000,120.000000,0.400000,184,114,184,115,184,21,48,0,0,0,0,0,115,115,0,0,0.000000,1.000000,43.131130,clear-ocean,30.000000,60.000000,0.151000,1081,2950065,756.426923,3.664859,72,2,0,70,0,69,0,0,69,0,0,0,0,0,0,115,0,0,115,0,0,0,0,0,21,49,114,21,49,114,3.525859,218.580482,5259.287295,0.000000,0.000000,0.000000,0,0,0,4684272.440126,18.734641,114.088788,6736.710154,1482.276066,385.683561,252.908122,4681550.769095,4675545.306544,2120.867750,8727.133581,600.803282,0.031644,0.008234,0.005399,99.941898,0.012826,13.939465,9.095088,2.363758,29.272529,75,0.253488,14,0,0,100.000000,1.113683,100.000000,3317.082817,1110.034109,5295.710354,0.000000,496.640708
20700.000000,contribution,optical,hardware,1,1,1,0,priority,0.000500,180,15,hybrid,0.050000,4000.000000,6.087000,58.000000,500.000000,500.000000,2.000000,120.000000,0.400000,184,114,184,115,184,21,48,0,0,0,0,0,115,115,0,0,0.000000,1.000000,43.131130,clear-ocean,30.000000,60.000000,0.151000,1081,2950065,756.426923,3.654236,72,2,0,70,0,69,0,0,69,0,0,0,0,0,0,115,0,0,115,0,0,0,0,0,21,49,114,21,49,114,3.525859,218.580482,5259.287295,0.000000,0.000000,0.000000,0,0,0,4697869.541598,18.734641,114.088788,6736.710154,1486.412236,386.717604,253.137909,4695142.470568,4689137.008017,2126.267750,8732.533581,600.803282,0.031640,0.008232,0.005388,99.941951,0.012789,13.939465,9.095088,2.363758,29.187681,75,0.252754,14,0,0,100.000000,1.113683,100.000000,3317.082817,1106.816618,5381.817070,0.000000,472.520088
20760.000000,contribution,optical,hardware,1,1,1,0,priority,0.000500,180,15,hybrid,0.050000,4000.000000,6.087000,58.000000,500.000000,500.000000,2.000000,120.000000,0.400000,184,114,184,115,184,21,48,0,0,0,0,0,115,115,0,0,0.000000,1.000000,43.131130,clear-ocean,30.000000,60.000000,0.151000,1081,2950065,756.426923,3.643675,72,2,0,70,0,69,0,0,69,0,0,0,0,0,0,115,0,0,115,0,0,0,0,0,21,49,114,21,49,114,3.525859,218.580482,5259.287295,0.000000,0.000000,0.000000,0,0,0,4711466.643071,18.734641,114.088788,6736.710154,1490.548406,387.751646,253.367697,4708734.172040,4702728.709489,2131.667750,8737.933581,600.803282,0.031637,0.008230,0.005378,99.942004,0.012752,13.939465,9.095088,2.363758,29.103324,75,0.252023,14,0,0,100.000000,1.113683,100.000000,3317.082817,1103.617726,5467.923786,0.000000,427.300313
20820.000000,contribution,optical,hardware,1,1,1,0,priority,0.000500,180,15,hybrid,0.050000,4000.000000,6.087000,58.000000,500.000000,500.000000,2.000000,120.000000,0.400000,184,114,184,115,184,21,48,0,0,0,0,0,115,115,0,0,0.000000,1.000000,43.131130,clear-ocean,30.000000,60.000000,0.151000,1081,2950065,756.426923,3.633174,72,2,0,70,0,69,0,0,69,0,0,0,0,0,0,115,0,0,115,0,0,0,0,0,21,49,114,21,49,114,3.525859,218.580482,5259.287295,0.000000,0.000000,0.000000,0,0,0,4725063.744543,18.734641,114.088788,6736.710154,1494.684577,388.785689,253.597484,4722325.873513,4716320.410962,2137.067750,8743.333581,600.803282,0.031633,0.008228,0.005367,99.942056,0.012715,13.939465,9.095088,2.363758,29.019452,75,0.251297,14,0,0,100.000000,1.113683,100.000000,3317.082817,1100.437272,5554.030502,0.000000,365.269080
20880.000000,contribution,optical,hardware,1,1,1,0,priority,0.000500,180,15,hybrid,0.050000,4000.000000,6.087000,58.000000,500.000000,500.000000,2.000000,120.000000,0.400000,184,114,184,115,184,21,48,0,0,0,0,0,115,115,0,0,0.000000,1.000000,43.131130,clear-ocean,30.000000,60.000000,0.151000,1081,2950065,756.426923,3.622734,72,2,0,70,0,69,0,0,69,0,0,0,0,0,0,115,0,0,115,0,0,0,0,0,21,49,114,21,49,114,3.525859,218.580482,5259.287295,0.000000,0.000000,0.000000,0,0,0,4738660.846016,18.734641,114.088788,6736.710154,1498.820747,389.819732,253.827271,4735917.574985,4729912.112435,2142.467750,8748.733581,600.803282,0.031630,0.008226,0.005357,99.942109,0.012679,13.939465,9.095088,2.363758,28.936063,75,0.250575,14,0,0,100.000000,1.113683,100.000000,3317.082817,1097.275096,5640.137218,0.000000,292.308137
20940.000000,contribution,optical,hardware,1,1,1,0,priority,0.000500,180,15,hybrid,0.050000,4000.000000,6.087000,58.000000,500.000000,500.000000,2.000000,120.000000,0.400000,184,114,184,115,184,21,48,0,0,0,0,0,115,115,0,0,0.000000,1.000000,43.131130,clear-ocean,30.000000,60.000000,0.151000,1081,2950065,756.426923,3.612354,72,2,0,70,0,69,0,0,69,0,0,0,0,0,0,115,0,0,115,0,0,0,0,0,21,49,114,21,49,114,3.525859,218.580482,5259.287295,0.000000,0.000000,0.000000,0,0,0,4752257.947488,18.734641,114.088788,6736.710154,1502.956917,390.853774,254.057058,4749509.276458,4743503.813907,2147.867750,8754.133581,600.803282,0.031626,0.008225,0.005346,99.942161,0.012642,13.939465,9.095088,2.363758,28.853152,75,0.249857,14,0,0,100.000000,1.113683,100.000000,3317.082817,1094.131041,5726.243934,0.000000,215.335574
21000.000000,contribution,optical,hardware,1,1,1,0,priority,0.000500,180,15,hybrid,0.050000,4000.000000,6.087000,58.000000,500.000000,500.000000,2.000000,120.000000,0.400000,184,114,184,115,184,21,48,0,0,0,0,0,115,115,0,0,0.000000,1.000000,43.131130,clear-ocean,30.000000,60.000000,0.151000,1081,2950065,756.426923,3.602033,72,2,0,70,0,69,0,0,69,0,0,0,0,0,0,115,0,0,115,0,0,0,0,0,21,49,114,21,49,114,3.525859,218.580482,5259.287295,0.000000,0.000000,0.000000,0,0,0,4765855.048961,18.734641,114.088788,6736.710154,1507.093087,391.887817,254.286846,4763100.977931,4757095.515380,2153.267750,8759.533581,600.803282,0.031623,0.008223,0.005336,99.942212,0.012606,13.939465,9.095088,2.363758,28.770714,75,0.249143,14,0,0,100.000000,1.113683,100.000000,3317.082817,1091.004952,5812.350651,0.000000,141.649861
21060.000000,contribution,optical,hardware,1,1,1,0,priority,0.000500,180,15,hybrid,0.050000,4000.000000,6.087000,58.000000,500.000000,500.000000,2.000000,120.000000,0.400000,184,114,184,115,184,21,48,0,0,0,0,0,115,115,0,0,0.000000,1.000000,43.131130,clear-ocean,30.000000,60.000000,0.151000,1081,2950065,756.426923,3.591771,72,2,0,70,0,69,0,0,69,0,0,0,0,0,0,115,0,0,115,0,0,0,0,0,21,49,114,21,49,114,3.525859,218.580482,5259.287295,0.000000,0.000000,0.000000,0,0,0,4779452.150433,18.734641,114.088788,6736.710154,1511.229258,392.921859,254.516633,4776692.679403,4770687.216852,2158.667750,8764.933581,600.803282,0.031619,0.008221,0.005325,99.942264,0.012571,13.939465,9.095088,2.363758,28.688746,75,0.248433,14,0,0,100.000000,1.113683,100.000000,3317.082817,1087.896676,5898.457367,0.000000,78.237811
21120.000000,contribution,optical,hardware,1,1,1,0,priority,0.000500,180,15,hybrid,0.050000,4000.000000,6.087000,58.000000,500.000000,500.000000,2.000000,120.000000,0.400000,184,114,184,115,184,21,48,0,0,0,0,0,115,115,0,0,0.000000,1.000000,43.131130,clear-ocean,30.000000,60.000000,0.151000,1081,2950065,756.426923,3.581567,72,2,0,70,0,69,0,0,69,0,0,0,0,0,0,115,0,0,115,0,0,0,0,0,21,49,114,21,49,114,3.525859,218.580482,5259.287295,0.000000,0.000000,0.000000,0,0,0,4793049.251906,18.734641,114.088788,6736.710154,1515.365428,393.955902,254.746420,4790284.380876,4784278.918325,2164.067750,8770.333581,600.803282,0.031616,0.008219,0.005315,99.942315,0.012535,13.939465,9.095088,2.363758,28.607244,75,0.247727,14,0,0,100.000000,1.113683,100.000000,3317.082817,1084.806061,5984.564083,0.000000,31.112098
21180.000000,contribution,optical,hardware,1,1,1,0,priority,0.000500,180,15,hybrid,0.050000,4000.000000,6.087000,58.000000,500.000000,500.000000,2.000000,120.000000,0.400000,184,114,184,115,184,21,48,0,0,0,0,0,115,115,0,0,0.000000,1.000000,43.131130,clear-ocean,30.000000,60.000000,0.151000,1081,2950065,756.426923,3.571421,72,2,0,70,0,69,0,0,69,0,0,0,0,0,0,115,0,0,115,0,0,0,0,0,21,49,114,21,49,114,3.525859,218.580482,5259.287295,0.000000,0.000000,0.000000,0,0,0,4806646.353378,18.734641,114.088788,6736.710154,1519.501598,394.989944,254.976207,4803876.082348,4797870.619797,2169.467750,8775.733581,600.803282,0.031613,0.008218,0.005305,99.942366,0.012499,13.939465,9.095088,2.363758,28.526204,75,0.247025,14,0,0,100.000000,1.113683,100.000000,3317.082817,1081.732956,6070.670799,0.000000,4.741140
21240.000000,contribution,optical,hardware,1,1,1,0,priority,0.000500,180,15,hybrid,0.050000,4000.000000,6.087000,58.000000,500.000000,500.000000,2.000000,120.000000,0.400000,184,114,184,115,184,21,48,0,0,0,0,0,115,115,0,0,0.000000,1.000000,43.131130,clear-ocean,30.000000,60.000000,0.151000,1081,2950065,756.426923,3.561332,72,2,0,70,0,69,0,0,69,0,0,0,0,0,0,115,0,0,115,0,0,0,0,0,21,49,114,21,49,114,3.525859,218.580482,5259.287295,0.000000,0.000000,0.000000,0,0,0,4820243.454851,18.734641,114.088788,6736.710154,1523.637768,396.023987,255.205994,4817467.783821,4811462.321270,2174.867750,8781.133581,600.803282,0.031609,0.008216,0.005294,99.942416,0.012464,13.939465,9.095088,2.363758,28.445621,75,0.246328,14,0,0,100.000000,1.113683,100.000000,3317.082817,1078.677213,6156.777515,-0.000000,1.625408
21300.000000,contribution,optical,hardware,1,1,1,0,priority,0.000500,180,15,hybrid,0.050000,4000.000000,6.087000,58.000000,500.000000,500.000000,2.000000,120.000000,0.400000,184,114,184,115,184,21,48,0,0,0,0,0,115,115,0,0,0.000000,1.000000,43.131130,clear-ocean,30.000000,60.000000,0.151000,1081,2950065,756.426923,3.551300,72,2,0,70,0,69,0,0,69,0,0,0,0,0,0,115,0,0,115,0,0,0,0,0,21,49,114,21,49,114,3.525859,218.580482,5259.287295,0.000000,0.000000,0.000000,0,0,0,4833840.556323,18.734641,114.088788,6736.710154,1527.773938,397.058029,255.435782,4831059.485293,4825054.022742,2180.267750,8786.533581,600.803282,0.031606,0.008214,0.005284,99.942467,0.012429,13.939465,9.095088,2.363758,28.365493,75,0.245634,14,0,0,100.000000,1.113683,100.000000,3317.082817,1075.638685,6242.884231,-0.000000,22.060332
21360.000000,contribution,optical,hardware,1,1,1,0,priority,0.000500,180,15,hybrid,0.050000,4000.000000,6.087000,58.000000,500.000000,500.000000,2.000000,120.000000,0.400000,184,114,184,115,184,21,48,0,0,0,0,0,115,115,0,0,0.000000,1.000000,43.131130,clear-ocean,30.000000,60.000000,0.151000,1081,2950065,756.426923,3.541325,72,2,0,70,0,69,0,0,69,0,0,0,0,0,0,115,0,0,115,0,0,0,0,0,21,49,114,21,49,114,3.525859,218.580482,5259.287295,0.000000,0.000000,0.000000,0,0,0,4847437.657796,18.734641,114.088788,6736.710154,1531.910109,398.092072,255.665569,4844651.186766,4838645.724215,2185.667750,8791.933581,600.803282,0.031602,0.008212,0.005274,99.942517,0.012394,13.939465,9.095088,2.363758,28.285815,75,0.244944,14,0,0,100.000000,1.113683,100.000000,3317.082817,1072.617228,6328.990947,-0.000000,64.108292
21420.000000,contribution,optical,hardware,1,1,1,0,priority,0.000500,180,15,hybrid,0.050000,4000.000000,6.087000,58.000000,500.000000,500.000000,2.000000,120.000000,0.400000,184,114,184,115,184,21,48,0,0,0,0,0,115,115,0,0,0.000000,1.000000,43.131130,clear-ocean,30.000000,60.000000,0.151000,1081,2950065,756.426923,3.531405,72,2,0,70,0,69,0,0,69,0,0,0,0,0,0,115,0,0,115,0,0,0,0,0,21,49,114,21,49,114,3.525859,218.580482,5259.287295,0.000000,0.000000,0.000000,0,0,0,4861034.759268,18.734641,114.088788,6736.710154,1536.046279,399.126115,255.895356,4858242.888238,4852237.425687,2191.067750,8797.333581,600.803282,0.031599,0.008211,0.005264,99.942566,0.012360,13.939465,9.095088,2.363758,28.206583,75,0.244258,14,0,0,100.000000,1.113683,100.000000,3317.082817,1069.612698,6415.097664,-0.000000,123.782337
21480.000000,contribution,optical,hardware,1,1,1,0,priority,0.000500,180,15,hybrid,0.050000,4000.000000,6.087000,58.000000,500.000000,500.000000,2.000000,120.000000,0.400000,184,114,184,115,184,21,48,0,0,0,0,0,115,115,0,0,0.000000,1.000000,43.131130,clear-ocean,30.000000,60.000000,0.151000,1081,2950065,756.426923,3.521541,72,2,0,70,0,69,0,0,69,0,0,0,0,0,0,115,0,0,115,0,0,0,0,0,21,49,114,21,49,114,3.525859,218.580482,5259.287295,0.000000,0.000000,0.000000,0,0,0,4874631.860741,18.734641,114.088788,6736.710154,1540.182449,400.160157,256.125143,4871834.589711,4865829.127160,2196.467750,8802.733581,600.803282,0.031596,0.008209,0.005254,99.942616,0.012325,13.939465,9.095088,2.363758,28.127793,75,0.243575,14,0,0,100.000000,1.113683,100.000000,3317.082817,1066.624953,6501.204380,-0.000000,195.424228
21540.000000,contribution,optical,hardware,1,1,1,0,priority,0.000500,180,15,hybrid,0.050000,4000.000000,6.087000,58.000000,500.000000,500.000000,2.000000,120.000000,0.400000,184,114,184,115,184,21,48,0,0,0,0,0,115,115,0,0,0.000000,1.000000,43.131130,clear-ocean,30.000000,60.000000,0.151000,1081,2950065,756.426923,3.511731,72,2,0,70,0,69,0,0,69,0,0,0,0,0,0,115,0,0,115,0,0,0,0,0,21,49,114,21,49,114,3.525859,218.580482,5259.287295,0.000000,0.000000,0.000000,0,0,0,4888228.962213,18.734641,114.088788,6736.710154,1544.318619,401.194200,256.354931,4885426.291183,4879420.828632,2201.867750,8808.133581,600.803282,0.031593,0.008207,0.005244,99.942665,0.012291,13.939465,9.095088,2.363758,28.049443,75,0.242897,14,0,0,100.000000,1.113683,100.000000,3317.082817,1063.653853,6587.311096,-0.000000,272.240945
21600.000000,contribution,optical,hardware,1,1,1,0,priority,0.000500,180,15,hybrid,0.050000,4000.000000,6.087000,58.000000,500.000000,500.000000,2.000000,120.000000,0.400000,184,114,184,115,184,21,48,0,0,0,0,0,115,115,0,0,0.000000,1.000000,43.131130,clear-ocean,30.000000,60.000000,0.151000,1081,2950065,756.426923,3.501976,72,2,0,70,0,69,0,0,69,0,0,0,0,0,0,115,0,0,115,0,0,0,0,0,21,49,114,21,49,114,3.525859,218.580482,5259.287295,0.000000,0.000000,0.000000,0,0,0,4901826.063686,18.734641,114.088788,6736.710154,1548.454789,402.228242,256.584718,4899017.992656,4893012.530105,2207.267750,8813.533581,600.803282,0.031589,0.008206,0.005234,99.942714,0.012257,13.939465,9.095088,2.363758,27.971528,75,0.242222,14,0,0,100.000000,1.113683,100.000000,3317.082817,1060.699259,6673.417812,-0.000000,346.948795
21660.000000,contribution,optical,hardware,1,1,1,0,priority,0.000500,180,15,hybrid,0.050000,4000.000000,6.087000,58.000000,500.000000,500.000000,2.000000,120.000000,0.400000,184,114,184,115,184,21,48,0,0,0,0,0,115,115,0,0,0.000000,1.000000,43.131130,clear-ocean,30.000000,60.000000,0.151000,1081,2950065,756.426923,3.492276,72,2,0,70,0,69,0,0,69,0,0,0,0,0,0,115,0,0,115,0,0,0,0,0,21,49,114,21,49,114,3.525859,218.580482,5259.287295,0.000000,0.000000,0.000000,0,0,0,4915423.165159,18.734641,114.088788,6736.710154,1552.590960,403.262285,256.814505,4912609.694128,4906604.231577,2212.667750,8818.933581,600.803282,0.031586,0.008204,0.005225,99.942762,0.012223,13.939465,9.095088,2.363758,27.894044,75,0.241551,14,0,0,100.000000,1.113683,100.000000,3317.082817,1057.761034,6759.524528,-0.000000,412.464047
21720.000000,contribution,optical,hardware,1,1,1,0,priority,0.000500,180,15,hybrid,0.050000,4000.000000,6.087000,58.000000,500.000000,500.000000,2.000000,120.000000,0.400000,184,114,184,115,184,21,48,0,0,0,0,0,115,115,0,0,0.000000,1.000000,43.131130,clear-ocean,30.000000,60.000000,0.151000,1081,2950065,756.426923,3.482629,72,2,0,70,0,69,0,0,69,0,0,0,0,0,0,115,0,0,115,0,0,0,0,0,21,49,114,21,49,114,3.525859,218.580482,5259.287295,0.000000,0.000000,0.000000,0,0,0,4929020.266631,18.734641,114.088788,6736.710154,1556.727130,404.296327,257.044292,4926201.395601,4920195.933050,2218.067750,8824.333581,600.803282,0.031583,0.008202,0.005215,99.942811,0.012189,13.939465,9.095088,2.363758,27.816989,75,0.240884,14,0,0,100.000000,1.113683,100.000000,3317.082817,1054.839042,6845.631244,-0.000000,462.574604
21780.000000,contribution,optical,hardware,1,1,1,0,priority,0.000500,180,15,hybrid,0.050000,4000.000000,6.087000,58.000000,500.000000,500.000000,2.000000,120.000000,0.400000,184,114,184,115,184,21,48,0,0,0,0,0,115,115,0,0,0.000000,1.000000,43.131130,clear-ocean,30.000000,60.000000,0.151000,1081,2950065,756.426923,3.473035,72,2,0,70,0,69,0,0,69,0,0,0,0,0,0,115,0,0,115,0,0,0,0,0,21,49,114,21,49,114,3.525859,218.580482,5259.287295,0.000000,0.000000,0.000000,0,0,0,4942617.368104,18.734641,114.088788,6736.710154,1560.863300,405.330370,257.274080,4939793.097073,4933787.634523,2223.467750,8829.733581,600.803282,0.031580,0.008201,0.005205,99.942859,0.012156,13.939465,9.095088,2.363758,27.740358,75,0.240220,14,0,0,100.000000,1.113683,100.000000,3317.082817,1051.933150,6931.737960,-0.000000,492.529027
21840.000000,contribution,optical,hardware,1,1,1,0,priority,0.000500,180,15,hybrid,0.050000,4000.000000,6.087000,58.000000,500.000000,500.000000,2.000000,120.000000,0.400000,184,114,184,115,184,21,48,0,0,0,0,0,115,115,0,0,0.000000,1.000000,43.131130,clear-ocean,30.000000,60.000000,0.151000,1081,2950065,756.426923,3.463493,72,2,0,70,0,69,0,0,69,0,0,0,0,0,0,115,0,0,115,0,0,0,0,0,21,49,114,21,49,114,3.525859,218.580482,5259.287295,0.000000,0.000000,0.000000,0,0,0,4956214.469576,18.734641,114.088788,6736.710154,1564.999470,406.364412,257.503867,4953384.798546,4947379.335995,2228.867750,8835.133581,600.803282,0.031577,0.008199,0.005196,99.942907,0.012122,13.939465,9.095088,2.363758,27.664148,75,0.239560,14,0,0,100.000000,1.113683,100.000000,3317.082817,1049.043223,7017.844677,0.000000,499.487065
21900.000000,contribution,optical,hardware,1,1,1,0,priority,0.000500,180,15,hybrid,0.050000,4000.000000,6.087000,58.000000,500.000000,500.000000,2.000000,120.000000,0.400000,184,114,184,115,184,21,48,0,0,0,0,0,115,115,0,0,0.000000,1.000000,43.131130,clear-ocean,30.000000,60.000000,0.151000,1081,2950065,756.426923,3.454004,72,2,0,70,0,69,0,0,69,0,0,0,0,0,0,115,0,0,115,0,0,0,0,0,21,49,114,21,49,114,3.525859,218.580482,5259.287295,0.000000,0.000000,0.000000,0,0,0,4969811.571049,18.734641,114.088788,6736.710154,1569.135640,407.398455,257.733654,4966976.500019,4960971.037468,2234.267750,8840.533581,600.803282,0.031573,0.008197,0.005186,99.942954,0.012089,13.939465,9.095088,2.363758,27.588356,75,0.238904,14,0,0,100.000000,1.113683,100.000000,3317.082817,1046.169132,7103.951393,0.000000,482.788962
21960.000000,contribution,optical,hardware,1,1,1,0,priority,0.000500,180,15,hybrid,0.050000,4000.000000,6.087000,58.000000,500.000000,500.000000,2.000000,120.000000,0.400000,184,114,184,115,184,21,48,0,0,0,0,0,115,115,0,0,0.000000,1.000000,43.131130,clear-ocean,30.000000,60.000000,0.151000,1081,2950065,756.426923,3.444567,72,2,0,70,0,69,0,0,69,0,0,0,0,0,0,115,0,0,115,0,0,0,0,0,21,49,114,21,49,114,3.525859,218.580482,5259.287295,0.000000,0.000000,0.000000,0,0,0,4983408.672521,18.734641,114.088788,6736.710154,1573.271811,408.432498,257.963441,4980568.201491,4974562.738940,2239.667750,8845.933581,600.803282,0.031570,0.008196,0.005176,99.943001,0.012056,13.939465,9.095088,2.363758,27.512978,75,0.238251,14,0,0,100.000000,1.113683,100.000000,3317.082817,1043.310747,7190.058109,0.000000,444.018019
22020.000000,contribution,optical,hardware,1,1,1,0,priority,0.000500,180,15,hybrid,0.050000,4000.000000,6.087000,58.000000,500.000000,500.000000,2.000000,120.000000,0.400000,184,114,184,115,184,21,48,0,0,0,0,0,115,115,0,0,0.000000,1.000000,43.131130,clear-ocean,30.000000,60.000000,0.151000,1081,2950065,756.426923,3.435181,72,2,0,70,0,69,0,0,69,0,0,0,0,0,0,115,0,0,115,0,0,0,0,0,21,49,114,21,49,114,3.525859,218.580482,5259.287295,0.000000,0.000000,0.000000,0,0,0,4997005.773994,18.734641,114.088788,6736.710154,1577.407981,409.466540,258.193229,4994159.902964,4988154.440413,2245.067750,8851.333581,600.803282,0.031567,0.008194,0.005167,99.943048,0.012023,13.939465,9.095088,2.363758,27.438011,75,0.237602,14,0,0,100.000000,1.113683,100.000000,3317.082817,1040.467938,7276.164825,0.000000,386.850460
22080.000000,contribution,optical,hardware,1,1,1,0,priority,0.000500,180,15,hybrid,0.050000,4000.000000,6.087000,58.000000,500.000000,500.000000,2.000000,120.000000,0.400000,184,114,184,115,184,21,48,0,0,0,0,0,115,115,0,0,0.000000,1.000000,43.131130,clear-ocean,30.000000,60.000000,0.151000,1081,2950065,756.426923,3.425847,72,2,0,70,0,69,0,0,69,0,0,0,0,0,0,115,0,0,115,0,0,0,0,0,21,49,114,21,49,114,3.525859,218.580482,5259.287295,0.000000,0.000000,0.000000,0,0,0,5010602.875466,18.734641,114.088788,6736.710154,1581.544151,410.500583,258.423016,5007751.604436,5001746.141885,2250.467750,8856.733581,600.803282,0.031564,0.008193,0.005158,99.943095,0.011991,13.939465,9.095088,2.363758,27.363451,75,0.236957,14,0,0,100.000000,1.113683,100.000000,3317.082817,1037.640580,7362.271541,0.000000,316.706863
22140.000000,contribution,optical,hardware,1,1,1,0,priority,0.000500,180,15,hybrid,0.050000,4000.000000,6.087000,58.000000,500.000000,500.000000,2.000000,120.000000,0.400000,184,114,184,115,184,21,48,0,0,0,0,0,115,115,0,0,0.000000,1.000000,43.131130,clear-ocean,30.000000,60.000000,0.151000,1081,2950065,756.426923,3.416562,72,2,0,70,0,69,0,0,69,0,0,0,0,0,0,115,0,0,115,0,0,0,0,0,21,49,114,21,49,114,3.525859,218.580482,5259.287295,0.000000,0.000000,0.000000,0,0,0,5024199.976939,18.734641,114.088788,6736.710154,1585.680321,411.534625,258.652803,5021343.305909,5015337.843358,2255.867750,8862.133581,600.803282,0.031561,0.008191,0.005148,99.943142,0.011958,13.939465,9.095088,2.363758,27.289295,75,0.236314,14,0,0,100.000000,1.113683,100.000000,3317.082817,1034.828546,7448.378257,0.000000,240.238181
22200.000000,contribution,optical,hardware,1,1,1,0,priority,0.000500,180,15,hybrid,0.050000,4000.000000,6.087000,58.000000,500.000000,500.000000,2.000000,120.000000,0.400000,184,114,184,115,184,21,48,0,0,0,0,0,115,115,0,0,0.000000,1.000000,43.131130,clear-ocean,30.000000,60.000000,0.151000,1081,2950065,756.426923,3.407328,72,2,0,70,0,69,0,0,69,0,0,0,0,0,0,115,0,0,115,0,0,0,0,0,21,49,114,21,49,114,3.525859,218.580482,5259.287295,0.000000,0.000000,0.000000,0,0,0,5037797.078411,18.734641,114.088788,6736.710154,1589.816492,412.568668,258.882590,5034935.007381,5028929.544830,2261.267750,8867.533581,600.803282,0.031558,0.008189,0.005139,99.943188,0.011926,13.939465,9.095088,2.363758,27.215541,75,0.235676,14,0,0,100.000000,1.113683,100.000000,3317.082817,1032.031712,7534.484973,0.000000,164.695106
22260.000000,contribution,optical,hardware,1,1,1,0,priority,0.000500,180,15,hybrid,0.050000,4000.000000,6.087000,58.000000,500.000000,500.000000,2.000000,120.000000,0.400000,184,114,184,115,184,21,48,0,0,0,0,0,115,115,0,0,0.000000,1.000000,43.131130,clear-ocean,30.000000,60.000000,0.151000,1081,2950065,756.426923,3.398144,72,2,0,70,0,69,0,0,69,0,0,0,0,0,0,115,0,0,115,0,0,0,0,0,21,49,114,21,49,114,3.525859,218.580482,5259.287295,0.000000,0.000000,0.000000,0,0,0,5051394.179884,18.734641,114.088788,6736.710154,1593.952662,413.602710,259.112377,5048526.708854,5042521.246303,2266.667750,8872.933581,600.803282,0.031555,0.008188,0.005130,99.943234,0.011894,13.939465,9.095088,2.363758,27.142183,75,0.235040,14,0,0,100.000000,1.113683,100.000000,3317.082817,1029.249955,7620.591690,0.000000,97.240565
22320.000000,contribution,optical,hardware,1,1,1,0,priority,0.000500,180,15,hybrid,0.050000,4000.000000,6.087000,58.000000,500.000000,500.000000,2.000000,120.000000,0.400000,184,114,184,115,184,21,48,0,0,0,0,0,115,115,0,0,0.000000,1.000000,43.131130,clear-ocean,30.000000,60.000000,0.151000,1081,2950065,756.426923,3.389010,72,2,0,70,0,69,0,0,69,0,0,0,0,0,0,115,0,0,115,0,0,0,0,0,21,49,114,21,49,114,3.525859,218.580482,5259.287295,0.000000,0.000000,0.000000,0,0,0,5064991.281356,18.734641,114.088788,6736.710154,1598.088832,414.636753,259.342165,5062118.410326,5056112.947775,2272.067750,8878.333581,600.803282,0.031552,0.008186,0.005120,99.943280,0.011862,13.939465,9.095088,2.363758,27.069220,75,0.234409,14,0,0,100.000000,1.113683,100.000000,3317.082817,1026.483154,7706.698406,0.000000,44.270537
22380.000000,contribution,optical,hardware,1,1,1,0,priority,0.000500,180,15,hybrid,0.050000,4000.000000,6.087000,58.000000,500.000000,500.000000,2.000000,120.000000,0.400000,184,114,184,115,184,21,48,0,0,0,0,0,115,115,0,0,0.000000,1.000000,43.131130,clear-ocean,30.000000,60.000000,0.151000,1081,2950065,756.426923,3.379924,72,2,0,70,0,69,0,0,69,0,0,0,0,0,0,115,0,0,115,0,0,0,0,0,21,49,114,21,49,114,3.525859,218.580482,5259.287295,0.000000,0.000000,0.000000,0,0,0,5078588.382829,18.734641,114.088788,6736.710154,1602.225002,415.670795,259.571952,5075710.111799,5069704.649248,2277.467750,8883.733581,600.803282,0.031549,0.008185,0.005111,99.943325,0.011830,13.939465,9.095088,2.363758,26.996649,75,0.233780,14,0,0,100.000000,1.113683,100.000000,3317.082817,1023.731189,7792.805122,0.000000,10.807592
22440.000000,contribution,optical,hardware,1,1,1,0,priority,0.000500,180,15,hybrid,0.050000,4000.000000,6.087000,58.000000,500.000000,500.000000,2.000000,120.000000,0.400000,184,114,184,115,184,21,48,0,0,0,0,0,115,115,0,0,0.000000,1.000000,43.131130,clear-ocean,30.000000,60.000000,0.151000,1081,2950065,756.426923,3.370886,72,2,0,70,0,69,0,0,69,0,0,0,0,0,0,115,0,0,115,0,0,0,0,0,21,49,114,21,49,114,3.525859,218.580482,5259.287295,0.000000,0.000000,0.000000,0,0,0,5092185.484301,18.734641,114.088788,6736.710154,1606.361172,416.704838,259.801739,5089301.813271,5083296.350720,2282.867750,8889.133581,600.803282,0.031546,0.008183,0.005102,99.943371,0.011799,13.939465,9.095088,2.363758,26.924465,75,0.233155,14,0,0,100.000000,1.113683,100.000000,3317.082817,1020.993939,7878.911838,-0.000000,0.024657
22500.000000,contribution,optical,hardware,1,1,1,0,priority,0.000500,180,15,hybrid,0.050000,4000.000000,6.087000,58.000000,500.000000,500.000000,2.000000,120.000000,0.400000,184,114,184,115,184,21,48,0,0,0,0,0,115,115,0,0,0.000000,1.000000,43.131130,clear-ocean,30.000000,60.000000,0.151000,1081,2950065,756.426923,3.361897,72,2,0,70,0,69,0,0,69,0,0,0,0,0,0,115,0,0,115,0,0,0,0,0,21,49,114,21,49,114,3.525859,218.580482,5259.287295,0.000000,0.000000,0.000000,0,0,0,5105782.585774,18.734641,114.088788,6736.710154,1610.497343,417.738881,260.031526,5102893.514744,5096888.052193,2288.267750,8894.533581,600.803282,0.031543,0.008182,0.005093,99.943416,0.011767,13.939465,9.095088,2.363758,26.852667,75,0.232533,14,0,0,100.000000,1.113683,100.000000,3317.082817,1018.271289,7965.018554,-0.000000,12.944161
22560.000000,contribution,optical,hardware,1,1,1,0,priority,0.000500,180,15,hybrid,0.050000,4000.000000,6.087000,58.000000,500.000000,500.000000,2.000000,120.000000,0.400000,184,114,184,115,184,21,48,0,0,0,0,0,115,115,0,0,0.000000,1.000000,43.131130,clear-ocean,30.000000,60.000000,0.151000,1081,2950065,756.426923,3.352956,72,2,0,70,0,69,0,0,69,0,0,0,0,0,0,115,0,0,115,0,0,0,0,0,21,49,114,21,49,114,3.525859,218.580482,5259.287295,0.000000,0.000000,0.000000,0,0,0,5119379.687246,18.734641,114.088788,6736.710154,1614.633513,418.772923,260.261314,5116485.216216,5110479.753665,2293.667750,8899.933581,600.803282,0.031540,0.008180,0.005084,99.943461,0.011736,13.939465,9.095088,2.363758,26.781250,75,0.231915,14,0,0,100.000000,1.113683,100.000000,3317.082817,1015.563121,8051.125270,-0.000000,48.341087
22620.000000,contribution,optical,hardware,1,1,1,0,priority,0.000500,180,15,hybrid,0.050000,4000.000000,6.087000,58.000000,500.000000,500.000000,2.000000,120.000000,0.400000,184,114,184,115,184,21,48,0,0,0,0,0,115,115,0,0,0.000000,1.000000,43.131130,clear-ocean,30.000000,60.000000,0.151000,1081,2950065,756.426923,3.344062,72,2,0,70,0,69,0,0,69,0,0,0,0,0,0,115,0,0,115,0,0,0,0,0,21,49,114,21,49,114,3.525859,218.580482,5259.287295,0.000000,0.000000,0.000000,0,0,0,5132976.788719,18.734641,114.088788,6736.710154,1618.769683,419.806966,260.491101,5130076.917689,5124071.455138,2299.067750,8905.333581,600.803282,0.031537,0.008179,0.005075,99.943505,0.011705,13.939465,9.095088,2.363758,26.710212,75,0.231300,14,0,0,100.000000,1.113683,100.000000,3317.082817,1012.869319,8137.231986,-0.000000,102.859131
22680.000000,contribution,optical,hardware,1,1,1,0,priority,0.000500,180,15,hybrid,0.050000,4000.000000,6.087000,58.000000,500.000000,500.000000,2.000000,120.000000,0.400000,184,114,184,115,184,21,48,0,0,0,0,0,115,115,0,0,0.000000,1.000000,43.131130,clear-ocean,30.000000,60.000000,0.151000,1081,2950065,756.426923,3.335216,72,2,0,70,0,69,0,0,69,0,0,0,0,0,0,115,0,0,115,0,0,0,0,0,21,49,114,21,49,114,3.525859,218.580482,5259.287295,0.000000,0.000000,0.000000,0,0,0,5146573.890191,18.734641,114.088788,6736.710154,1622.905853,420.841008,260.720888,5143668.619161,5137663.156610,2304.467750,8910.733581,600.803282,0.031534,0.008177,0.005066,99.943549,0.011674,13.939465,9.095088,2.363758,26.639550,75,0.230688,14,0,0,100.000000,1.113683,100.000000,3317.082817,1010.189771,8223.338703,-0.000000,171.328940
22740.000000,contribution,optical,hardware,1,1,1,0,priority,0.000500,180,15,hybrid,0.050000,4000.000000,6.087000,58.000000,500.000000,500.000000,2.000000,120.000000,0.400000,184,114,184,115,184,21,48,0,0,0,0,0,115,115,0,0,0.000000,1.000000,43.131130,clear-ocean,30.000000,60.000000,0.151000,1081,2950065,756.426923,3.326416,72,2,0,70,0,69,0,0,69,0,0,0,0,0,0,115,0,0,115,0,0,0,0,0,21,49,114,21,49,114,3.525859,218.580482,5259.287295,0.000000,0.000000,0.000000,0,0,0,5160170.991664,18.734641,114.088788,6736.710154,1627.042023,421.875051,260.950675,5157260.320634,5151254.858083,2309.867750,8916.133581,600.803282,0.031531,0.008176,0.005057,99.943594,0.011643,13.939465,9.095088,2.363758,26.569261,75,0.230079,14,0,0,100.000000,1.113683,100.000000,3317.082817,1007.524362,8309.445419,-0.000000,247.258269
22800.000000,contribution,optical,hardware,1,1,1,0,priority,0.000500,180,15,hybrid,0.050000,4000.000000,6.087000,58.000000,500.000000,500.000000,2.000000,120.000000,0.400000,184,114,184,115,184,21,48,0,0,0,0,0,115,115,0,0,0.000000,1.000000,43.131130,clear-ocean,30.000000,60.000000,0.151000,1081,2950065,756.426923,3.317662,72,2,0,70,0,69,0,0,69,0,0,0,0,0,0,115,0,0,115,0,0,0,0,0,21,49,114,21,49,114,3.525859,218.580482,5259.287295,0.000000,0.000000,0.000000,0,0,0,5173768.093136,18.734641,114.088788,6736.710154,1631.178194,422.909093,261.180463,5170852.022107,5164846.559556,2315.267750,8921.533581,600.803282,0.031528,0.008174,0.005048,99.943637,0.011612,13.939465,9.095088,2.363758,26.499342,75,0.229474,14,0,0,100.000000,1.113683,100.000000,3317.082817,1004.872982,8395.552135,-0.000000,323.447567
22860.000000,contribution,optical,hardware,1,1,1,0,priority,0.000500,180,15,hybrid,0.050000,4000.000000,6.087000,58.000000,500.000000,500.000000,2.000000,120.000000,0.400000,184,114,184,115,184,21,48,0,0,0,0,0,115,115,0,0,0.000000,1.000000,43.131130,clear-ocean,30.000000,60.000000,0.151000,1081,2950065,756.426923,3.308954,72,2,0,70,0,69,0,0,69,0,0,0,0,0,0,115,0,0,115,0,0,0,0,0,21,49,114,21,49,114,3.525859,218.580482,5259.287295,0.000000,0.000000,0.000000,0,0,0,5187365.194609,18.734641,114.088788,6736.710154,1635.314364,423.943136,261.410250,5184443.723579,5178438.261028,2320.667750,8926.933581,600.803282,0.031525,0.008173,0.005039,99.943681,0.011582,13.939465,9.095088,2.363758,26.429790,75,0.228871,14,0,0,100.000000,1.113683,100.000000,3317.082817,1002.235521,8481.658851,-0.000000,392.672631
22920.000000,contribution,optical,hardware,1,1,1,0,priority,0.000500,180,15,hybrid,0.050000,4000.000000,6.087000,58.000000,500.000000,500.000000,2.000000,120.000000,0.400000,184,114,184,115,184,21,48,0,0,0,0,0,115,115,0,0,0.000000,1.000000,43.131130,clear-ocean,30.000000,60.000000,0.151000,1081,2950065,756.426923,3.300292,72,2,0,70,0,69,0,0,69,0,0,0,0,0,0,115,0,0,115,0,0,0,0,0,21,49,114,21,49,114,3.525859,218.580482,5259.287295,0.000000,0.000000,0.000000,0,0,0,5200962.296082,18.734641,114.088788,6736.710154,1639.450534,424.977178,261.640037,5198035.425052,5192029.962501,2326.067750,8932.333581,600.803282,0.031522,0.008171,0.005031,99.943724,0.011552,13.939465,9.095088,2.363758,26.360602,75,0.228272,14,0,0,100.000000,1.113683,100.000000,3317.082817,999.611867,8567.765567,-0.000000,448.369605
22980.000000,contribution,optical,hardware,1,1,1,0,priority,0.000500,180,15,hybrid,0.050000,4000.000000,6.087000,58.000000,500.000000,500.000000,2.000000,120.000000,0.400000,184,114,184,115,184,21,48,0,0,0,0,0,115,115,0,0,0.000000,1.000000,43.131130,clear-ocean,30.000000,60.000000,0.151000,1081,2950065,756.426923,3.291675,72,2,0,70,0,69,0,0,69,0,0,0,0,0,0,115,0,0,115,0,0,0,0,0,21,49,114,21,49,114,3.525859,218.580482,5259.287295,0.000000,0.000000,0.000000,0,0,0,5214559.397554,18.734641,114.088788,6736.710154,1643.586704,426.011221,261.869824,5211627.126524,5205621.663973,2331.467750,8937.733581,600.803282,0.031519,0.008170,0.005022,99.943768,0.011522,13.939465,9.095088,2.363758,26.291775,75,0.227676,14,0,0,100.000000,1.113683,100.000000,3317.082817,997.001915,8653.872283,-0.000000,485.257350
23040.000000,contribution,optical,hardware,1,1,1,0,priority,0.000500,180,15,hybrid,0.050000,4000.000000,6.087000,58.000000,500.000000,500.000000,2.000000,120.000000,0.400000,184,114,184,115,184,21,48,0,0,0,0,0,115,115,0,0,0.000000,1.000000,43.131130,clear-ocean,30.000000,60.000000,0.151000,1081,2950065,756.426923,3.283103,72,2,0,70,0,69,0,0,69,0,0,0,0,0,0,115,0,0,115,0,0,0,0,0,21,49,114,21,49,114,3.525859,218.580482,5259.287295,0.000000,0.000000,0.000000,0,0,0,5228156.499027,18.734641,114.088788,6736.710154,1647.722875,427.045264,262.099612,5225218.827997,5219213.365446,2336.867750,8943.133581,600.803282,0.031516,0.008168,0.005013,99.943811,0.011492,13.939465,9.095088,2.363758,26.223307,75,0.227083,14,0,0,100.000000,1.113683,100.000000,3317.082817,994.405556,8739.978999,-0.000000,499.838204
23100.000000,contribution,optical,hardware,1,1,1,0,priority,0.000500,180,15,hybrid,0.050000,4000.000000,6.087000,58.000000,500.000000,500.000000,2.000000,120.000000,0.400000,184,114,184,115,184,21,48,0,0,0,0,0,115,115,0,0,0.000000,1.000000,43.131130,clear-ocean,30.000000,60.000000,0.151000,1081,2950065,756.426923,3.274575,72,2,0,70,0,69,0,0,69,0,0,0,0,0,0,115,0,0,115,0,0,0,0,0,21,49,114,21,49,114,3.525859,218.580482,5259.287295,0.000000,0.000000,0.000000,0,0,0,5241753.600499,18.734641,114.088788,6736.710154,1651.859045,428.079306,262.329399,5238810.529469,5232805.066918,2342.267750,8948.533581,600.803282,0.031513,0.008167,0.005005,99.943853,0.011462,13.939465,9.095088,2.363758,26.155195,75,0.226494,14,0,0,100.000000,1.113683,100.000000,3317.082817,991.822684,8826.085716,0.000000,490.729622
23160.000000,contribution,optical,hardware,1,1,1,0,priority,0.000500,180,15,hybrid,0.050000,4000.000000,6.087000,58.000000,500.000000,500.000000,2.000000,120.000000,0.400000,184,114,184,115,184,21,48,0,0,0,0,0,115,115,0,0,0.000000,1.000000,43.131130,clear-ocean,30.000000,60.000000,0.151000,1081,2950065,756.426923,3.266092,72,2,0,70,0,69,0,0,69,0,0,0,0,0,0,115,0,0,115,0,0,0,0,0,21,49,114,21,49,114,3.525859,218.580482,5259.287295,0.000000,0.000000,0.000000,0,0,0,5255350.701972,18.734641,114.088788,6736.710154,1655.995215,429.113349,262.559186,5252402.230942,5246396.768391,2347.667750,8953.933581,600.803282,0.031511,0.008165,0.004996,99.943896,0.011432,13.939465,9.095088,2.363758,26.087435,75,0.225907,14,0,0,100.000000,1.113683,100.000000,3317.082817,989.253195,8912.192432,0.000000,458.795274
23220.000000,contribution,optical,hardware,1,1,1,0,priority,0.000500,180,15,hybrid,0.050000,4000.000000,6.087000,58.000000,500.000000,500.000000,2.000000,120.000000,0.400000,184,114,184,115,184,21,48,0,0,0,0,0,115,115,0,0,0.000000,1.000000,43.131130,clear-ocean,30.000000,60.000000,0.151000,1081,2950065,756.426923,3.257653,72,2,0,70,0,69,0,0,69,0,0,0,0,0,0,115,0,0,115,0,0,0,0,0,21,49,114,21,49,114,3.525859,218.580482,5259.287295,0.000000,0.000000,0.000000,0,0,0,5268947.803444,18.734641,114.088788,6736.710154,1660.131385,430.147391,262.788973,5265993.932414,5259988.469863,2353.067750,8959.333581,600.803282,0.031508,0.008164,0.004988,99.943938,0.011403,13.939465,9.095088,2.363758,26.020026,75,0.225323,14,0,0,100.000000,1.113683,100.000000,3317.082817,986.696985,8998.299148,0.000000,407.063144
23280.000000,contribution,optical,hardware,1,1,1,0,priority,0.000500,180,15,hybrid,0.050000,4000.000000,6.087000,58.000000,500.000000,500.000000,2.000000,120.000000,0.400000,184,114,184,115,184,21,48,0,0,0,0,0,115,115,0,0,0.000000,1.000000,43.131130,clear-ocean,30.000000,60.000000,0.151000,1081,2950065,756.426923,3.249257,72,2,0,70,0,69,0,0,69,0,0,0,0,0,0,115,0,0,115,0,0,0,0,0,21,49,114,21,49,114,3.525859,218.580482,5259.287295,0.000000,0.000000,0.000000,0,0,0,5282544.904917,18.734641,114.088788,6736.710154,1664.267555,431.181434,263.018760,5279585.633887,5273580.171336,2358.467750,8964.733581,600.803282,0.031505,0.008162,0.004979,99.943980,0.011373,13.939465,9.095088,2.363758,25.952964,75,0.224742,14,0,0,100.000000,1.113683,100.000000,3317.082817,984.153952,9084.405864,0.000000,340.438428
23340.000000,contribution,optical,hardware,1,1,1,0,priority,0.000500,180,15,hybrid,0.050000,4000.000000,6.087000,58.000000,500.000000,500.000000,2.000000,120.000000,0.400000,184,114,184,115,184,21,48,0,0,0,0,0,115,115,0,0,0.000000,1.000000,43.131130,clear-ocean,30.000000,60.000000,0.151000,1081,2950065,756.426923,3.240904,72,2,0,70,0,69,0,0,69,0,0,0,0,0,0,115,0,0,115,0,0,0,0,0,21,49,114,21,49,114,3.525859,218.580482,5259.287295,0.000000,0.000000,0.000000,0,0,0,5296142.006389,18.734641,114.088788,6736.710154,1668.403726,432.215476,263.248548,5293177.335359,5287171.872808,2363.867750,8970.133581,600.803282,0.031502,0.008161,0.004971,99.944022,0.011344,13.939465,9.095088,2.363758,25.886247,75,0.224165,14,0,0,100.000000,1.113683,100.000000,3317.082817,981.623993,9170.512580,0.000000,265.238421
23400.000000,contribution,optical,hardware,1,1,1,0,priority,0.000500,180,15,hybrid,0.050000,4000.000000,6.087000,58.000000,500.000000,500.000000,2.000000,120.000000,0.400000,184,114,184,115,184,21,48,0,0,0,0,0,115,115,0,0,0.000000,1.000000,43.131130,clear-ocean,30.000000,60.000000,0.151000,1081,2950065,756.426923,3.232594,72,2,0,70,0,69,0,0,69,0,0,0,0,0,0,115,0,0,115,0,0,0,0,0,21,49,114,21,49,114,3.525859,218.580482,5259.287295,0.000000,0.000000,0.000000,0,0,0,5309739.107862,18.734641,114.088788,6736.710154,1672.539896,433.249519,263.478335,5306769.036832,5300763.574281,2369.267750,8975.533581,600.803282,0.031499,0.008160,0.004962,99.944064,0.011315,13.939465,9.095088,2.363758,25.819872,75,0.223590,14,0,0,100.000000,1.113683,100.000000,3317.082817,979.107009,9256.619296,0.000000,188.593520
23450.000000,contribution,optical,hardware,1,1,1,0,priority,0.000500,180,15,hybrid,0.050000,4000.000000,6.087000,58.000000,500.000000,500.000000,2.000000,120.000000,0.400000,184,114,184,115,184,21,48,0,0,0,0,0,115,115,0,0,0.000000,1.000000,43.131130,clear-ocean,30.000000,60.000000,0.151000,1081,2950065,756.426923,3.225701,72,2,0,70,0,69,0,0,69,0,0,0,0,0,0,115,0,0,115,0,0,0,0,0,21,49,114,21,49,114,3.525859,218.580482,5259.287295,0.000000,0.000000,0.000000,0,0,0,5321070.025755,18.734641,114.088788,6736.710154,1675.986704,434.111221,263.669824,5318095.454726,5312089.992175,2373.767750,8980.033581,600.803282,0.031497,0.008158,0.004955,99.944098,0.011291,13.939465,9.095088,2.363758,25.764819,75,0.223113,14,0,0,100.000000,1.113683,100.000000,3317.082817,977.019360,9328.374893,0.000000,128.874011
